OTUID,D0,D1,D3,D5,D6,D7
OTU_10,FALSE,TRUE,FALSE,FALSE,FALSE,FALSE
OTU_100,TRUE,TRUE,FALSE,FALSE,FALSE,FALSE
OTU_1000,TRUE,TRUE,FALSE,FALSE,FALSE,FALSE
OTU_1001,FALSE,TRUE,FALSE,FALSE,FALSE,FALSE
OTU_1002,TRUE,TRUE,TRUE,FALSE,FALSE,FALSE
OTU_1003,TRUE,TRUE,TRUE,FALSE,FALSE,FALSE
OTU_1004,TRUE,TRUE,TRUE,TRUE,FALSE,TRUE
OTU_1005,FALSE,TRUE,TRUE,TRUE,FALSE,FALSE
OTU_1006,FALSE,TRUE,TRUE,FALSE,FALSE,FALSE
OTU_1007,FALSE,TRUE,TRUE,TRUE,FALSE,FALSE
OTU_1008,TRUE,TRUE,TRUE,TRUE,TRUE,TRUE
OTU_1009,TRUE,TRUE,TRUE,TRUE,TRUE,TRUE
OTU_101,FALSE,TRUE,FALSE,FALSE,FALSE,FALSE
OTU_1010,TRUE,TRUE,TRUE,TRUE,TRUE,TRUE
OTU_1011,TRUE,TRUE,TRUE,TRUE,TRUE,TRUE
OTU_1012,TRUE,TRUE,FALSE,FALSE,FALSE,FALSE
OTU_1013,TRUE,TRUE,TRUE,TRUE,TRUE,TRUE
OTU_1014,TRUE,TRUE,TRUE,TRUE,TRUE,TRUE
OTU_1015,TRUE,TRUE,TRUE,TRUE,TRUE,TRUE
OTU_1016,TRUE,TRUE,TRUE,FALSE,FALSE,FALSE
OTU_1017,TRUE,TRUE,FALSE,FALSE,FALSE,FALSE
OTU_1018,TRUE,TRUE,TRUE,FALSE,FALSE,FALSE
OTU_1019,TRUE,TRUE,TRUE,FALSE,FALSE,FALSE
OTU_102,TRUE,TRUE,FALSE,FALSE,FALSE,FALSE
OTU_1020,TRUE,TRUE,TRUE,TRUE,TRUE,TRUE
OTU_1021,TRUE,TRUE,TRUE,FALSE,FALSE,FALSE
OTU_1022,TRUE,TRUE,TRUE,TRUE,TRUE,TRUE
OTU_1023,TRUE,TRUE,TRUE,FALSE,FALSE,FALSE
OTU_1024,TRUE,TRUE,FALSE,FALSE,FALSE,FALSE
OTU_1025,TRUE,TRUE,TRUE,FALSE,FALSE,FALSE
OTU_1026,TRUE,TRUE,TRUE,TRUE,TRUE,TRUE
OTU_1027,TRUE,TRUE,TRUE,FALSE,FALSE,FALSE
OTU_1028,TRUE,TRUE,TRUE,TRUE,TRUE,TRUE
OTU_1029,TRUE,TRUE,TRUE,TRUE,TRUE,TRUE
OTU_103,FALSE,TRUE,FALSE,FALSE,FALSE,FALSE
OTU_1030,TRUE,TRUE,TRUE,TRUE,TRUE,TRUE
OTU_1031,TRUE,TRUE,TRUE,FALSE,FALSE,FALSE
OTU_1032,TRUE,TRUE,TRUE,FALSE,FALSE,FALSE
OTU_1033,TRUE,TRUE,TRUE,TRUE,TRUE,TRUE
OTU_1034,FALSE,TRUE,TRUE,TRUE,TRUE,TRUE
OTU_1035,TRUE,TRUE,TRUE,FALSE,FALSE,FALSE
OTU_1036,TRUE,TRUE,TRUE,FALSE,FALSE,TRUE
OTU_1037,FALSE,FALSE,TRUE,TRUE,TRUE,TRUE
OTU_1038,TRUE,TRUE,TRUE,TRUE,FALSE,FALSE
OTU_1039,FALSE,TRUE,TRUE,TRUE,TRUE,TRUE
OTU_104,FALSE,TRUE,FALSE,FALSE,FALSE,FALSE
OTU_1040,TRUE,TRUE,TRUE,FALSE,FALSE,FALSE
OTU_1041,TRUE,TRUE,TRUE,FALSE,TRUE,FALSE
OTU_1042,TRUE,TRUE,TRUE,TRUE,TRUE,TRUE
OTU_1043,TRUE,TRUE,TRUE,FALSE,FALSE,FALSE
OTU_1044,TRUE,TRUE,TRUE,TRUE,TRUE,TRUE
OTU_1045,TRUE,TRUE,TRUE,TRUE,TRUE,TRUE
OTU_1046,TRUE,TRUE,TRUE,FALSE,FALSE,FALSE
OTU_1047,FALSE,FALSE,TRUE,TRUE,TRUE,TRUE
OTU_1048,TRUE,TRUE,FALSE,FALSE,FALSE,FALSE
OTU_1049,TRUE,TRUE,TRUE,FALSE,TRUE,FALSE
OTU_105,TRUE,TRUE,TRUE,FALSE,FALSE,FALSE
OTU_1050,TRUE,TRUE,TRUE,TRUE,TRUE,TRUE
OTU_1051,FALSE,TRUE,TRUE,TRUE,TRUE,TRUE
OTU_1052,TRUE,TRUE,TRUE,FALSE,FALSE,FALSE
OTU_1053,FALSE,FALSE,TRUE,TRUE,TRUE,TRUE
OTU_1054,FALSE,TRUE,TRUE,TRUE,TRUE,TRUE
OTU_1055,FALSE,FALSE,FALSE,FALSE,FALSE,TRUE
OTU_1056,TRUE,TRUE,TRUE,FALSE,FALSE,FALSE
OTU_1057,TRUE,TRUE,TRUE,TRUE,FALSE,FALSE
OTU_1058,TRUE,TRUE,FALSE,FALSE,FALSE,FALSE
OTU_1059,TRUE,TRUE,TRUE,TRUE,TRUE,TRUE
OTU_106,TRUE,TRUE,FALSE,FALSE,FALSE,FALSE
OTU_1060,TRUE,TRUE,FALSE,FALSE,FALSE,FALSE
OTU_1061,TRUE,TRUE,FALSE,FALSE,FALSE,FALSE
OTU_1062,TRUE,TRUE,TRUE,TRUE,TRUE,TRUE
OTU_1063,TRUE,TRUE,TRUE,TRUE,TRUE,TRUE
OTU_1064,TRUE,TRUE,TRUE,TRUE,TRUE,TRUE
OTU_1065,TRUE,TRUE,TRUE,FALSE,FALSE,FALSE
OTU_1066,TRUE,TRUE,TRUE,FALSE,FALSE,FALSE
OTU_1067,TRUE,TRUE,TRUE,TRUE,TRUE,TRUE
OTU_1068,TRUE,TRUE,TRUE,FALSE,FALSE,FALSE
OTU_1069,TRUE,TRUE,FALSE,FALSE,FALSE,FALSE
OTU_107,FALSE,TRUE,FALSE,FALSE,FALSE,FALSE
OTU_1070,FALSE,TRUE,TRUE,TRUE,TRUE,FALSE
OTU_1071,FALSE,FALSE,TRUE,TRUE,TRUE,TRUE
OTU_1072,TRUE,TRUE,FALSE,FALSE,FALSE,FALSE
OTU_1073,FALSE,TRUE,TRUE,TRUE,FALSE,FALSE
OTU_1074,TRUE,TRUE,FALSE,FALSE,FALSE,TRUE
OTU_1075,TRUE,TRUE,TRUE,TRUE,TRUE,TRUE
OTU_1076,TRUE,TRUE,TRUE,TRUE,TRUE,TRUE
OTU_1077,FALSE,TRUE,TRUE,TRUE,TRUE,TRUE
OTU_1078,TRUE,TRUE,FALSE,FALSE,FALSE,FALSE
OTU_1079,FALSE,TRUE,TRUE,FALSE,TRUE,FALSE
OTU_108,FALSE,TRUE,FALSE,FALSE,FALSE,FALSE
OTU_1080,TRUE,TRUE,FALSE,FALSE,FALSE,FALSE
OTU_1081,TRUE,TRUE,FALSE,FALSE,FALSE,FALSE
OTU_1082,TRUE,TRUE,TRUE,FALSE,TRUE,FALSE
OTU_1083,FALSE,TRUE,TRUE,TRUE,TRUE,FALSE
OTU_1084,FALSE,TRUE,TRUE,TRUE,TRUE,TRUE
OTU_1085,TRUE,TRUE,FALSE,FALSE,FALSE,FALSE
OTU_1086,TRUE,TRUE,TRUE,TRUE,TRUE,TRUE
OTU_1087,FALSE,TRUE,FALSE,TRUE,TRUE,TRUE
OTU_1088,TRUE,TRUE,FALSE,FALSE,FALSE,FALSE
OTU_1089,TRUE,TRUE,FALSE,FALSE,FALSE,FALSE
OTU_109,FALSE,TRUE,FALSE,FALSE,FALSE,FALSE
OTU_1090,FALSE,TRUE,TRUE,TRUE,TRUE,TRUE
OTU_1091,TRUE,TRUE,TRUE,FALSE,FALSE,FALSE
OTU_1092,TRUE,TRUE,TRUE,TRUE,TRUE,TRUE
OTU_1093,FALSE,FALSE,TRUE,TRUE,TRUE,TRUE
OTU_1094,TRUE,TRUE,FALSE,FALSE,FALSE,FALSE
OTU_1095,FALSE,TRUE,TRUE,TRUE,TRUE,TRUE
OTU_1096,FALSE,TRUE,TRUE,TRUE,TRUE,TRUE
OTU_1097,FALSE,TRUE,TRUE,TRUE,TRUE,TRUE
OTU_1098,FALSE,TRUE,TRUE,TRUE,TRUE,TRUE
OTU_1099,TRUE,TRUE,FALSE,FALSE,FALSE,FALSE
OTU_11,TRUE,TRUE,TRUE,TRUE,TRUE,FALSE
OTU_110,FALSE,TRUE,FALSE,FALSE,FALSE,FALSE
OTU_1100,TRUE,TRUE,TRUE,TRUE,TRUE,TRUE
OTU_1101,FALSE,FALSE,TRUE,TRUE,TRUE,TRUE
OTU_1102,TRUE,TRUE,FALSE,FALSE,FALSE,FALSE
OTU_1103,FALSE,TRUE,TRUE,FALSE,FALSE,FALSE
OTU_1104,TRUE,TRUE,FALSE,FALSE,FALSE,FALSE
OTU_1105,TRUE,TRUE,FALSE,FALSE,FALSE,FALSE
OTU_1106,TRUE,TRUE,TRUE,FALSE,FALSE,FALSE
OTU_1107,FALSE,TRUE,FALSE,TRUE,TRUE,TRUE
OTU_1108,TRUE,TRUE,TRUE,FALSE,FALSE,FALSE
OTU_1109,TRUE,TRUE,TRUE,TRUE,TRUE,TRUE
OTU_111,FALSE,TRUE,FALSE,FALSE,FALSE,FALSE
OTU_1110,TRUE,TRUE,TRUE,TRUE,TRUE,FALSE
OTU_1111,TRUE,TRUE,TRUE,TRUE,TRUE,TRUE
OTU_1112,FALSE,FALSE,TRUE,TRUE,TRUE,TRUE
OTU_1113,TRUE,TRUE,FALSE,FALSE,FALSE,FALSE
OTU_1114,TRUE,TRUE,FALSE,FALSE,TRUE,FALSE
OTU_1115,FALSE,FALSE,TRUE,FALSE,TRUE,FALSE
OTU_1116,TRUE,TRUE,FALSE,TRUE,FALSE,FALSE
OTU_1117,TRUE,TRUE,TRUE,TRUE,TRUE,FALSE
OTU_1118,TRUE,TRUE,FALSE,FALSE,FALSE,FALSE
OTU_1119,TRUE,FALSE,TRUE,TRUE,TRUE,TRUE
OTU_112,TRUE,TRUE,FALSE,FALSE,FALSE,FALSE
OTU_1120,TRUE,TRUE,FALSE,FALSE,FALSE,FALSE
OTU_1121,FALSE,TRUE,TRUE,FALSE,TRUE,FALSE
OTU_1122,TRUE,TRUE,TRUE,TRUE,TRUE,TRUE
OTU_1123,FALSE,TRUE,TRUE,TRUE,TRUE,TRUE
OTU_1124,FALSE,TRUE,TRUE,TRUE,TRUE,TRUE
OTU_1125,FALSE,TRUE,TRUE,FALSE,TRUE,FALSE
OTU_1126,FALSE,FALSE,TRUE,TRUE,TRUE,TRUE
OTU_1127,TRUE,TRUE,FALSE,FALSE,FALSE,FALSE
OTU_1128,TRUE,TRUE,FALSE,FALSE,FALSE,FALSE
OTU_1129,TRUE,TRUE,FALSE,FALSE,FALSE,FALSE
OTU_113,FALSE,TRUE,FALSE,FALSE,FALSE,FALSE
OTU_1130,TRUE,TRUE,FALSE,FALSE,FALSE,FALSE
OTU_1131,FALSE,TRUE,TRUE,TRUE,TRUE,TRUE
OTU_1132,FALSE,TRUE,FALSE,FALSE,FALSE,TRUE
OTU_1133,TRUE,TRUE,FALSE,FALSE,FALSE,FALSE
OTU_1134,TRUE,TRUE,FALSE,FALSE,FALSE,FALSE
OTU_1135,TRUE,TRUE,FALSE,FALSE,FALSE,FALSE
OTU_1136,TRUE,TRUE,TRUE,FALSE,TRUE,FALSE
OTU_1137,FALSE,TRUE,TRUE,TRUE,TRUE,TRUE
OTU_1138,TRUE,TRUE,FALSE,FALSE,FALSE,FALSE
OTU_1139,TRUE,TRUE,FALSE,FALSE,FALSE,FALSE
OTU_114,FALSE,TRUE,FALSE,FALSE,FALSE,FALSE
OTU_1140,FALSE,TRUE,TRUE,FALSE,FALSE,FALSE
OTU_1141,FALSE,TRUE,TRUE,TRUE,TRUE,FALSE
OTU_1142,FALSE,FALSE,TRUE,FALSE,TRUE,TRUE
OTU_1143,FALSE,TRUE,TRUE,TRUE,TRUE,TRUE
OTU_1144,TRUE,TRUE,FALSE,TRUE,TRUE,TRUE
OTU_1145,TRUE,TRUE,FALSE,FALSE,FALSE,FALSE
OTU_1146,TRUE,TRUE,TRUE,FALSE,FALSE,FALSE
OTU_1147,TRUE,TRUE,FALSE,FALSE,FALSE,FALSE
OTU_1148,TRUE,TRUE,FALSE,FALSE,FALSE,FALSE
OTU_1149,TRUE,TRUE,TRUE,FALSE,FALSE,FALSE
OTU_115,TRUE,TRUE,FALSE,FALSE,FALSE,FALSE
OTU_1150,TRUE,TRUE,TRUE,TRUE,TRUE,TRUE
OTU_1151,TRUE,TRUE,TRUE,FALSE,FALSE,FALSE
OTU_1152,TRUE,TRUE,TRUE,TRUE,TRUE,TRUE
OTU_1153,TRUE,TRUE,FALSE,FALSE,FALSE,FALSE
OTU_1154,TRUE,TRUE,FALSE,FALSE,FALSE,FALSE
OTU_1155,TRUE,TRUE,FALSE,FALSE,FALSE,FALSE
OTU_1156,TRUE,TRUE,FALSE,FALSE,FALSE,FALSE
OTU_1157,FALSE,TRUE,TRUE,TRUE,TRUE,TRUE
OTU_1158,FALSE,TRUE,TRUE,TRUE,TRUE,TRUE
OTU_1159,FALSE,FALSE,FALSE,FALSE,TRUE,TRUE
OTU_116,FALSE,TRUE,FALSE,FALSE,FALSE,FALSE
OTU_1160,FALSE,FALSE,FALSE,FALSE,TRUE,TRUE
OTU_1161,TRUE,TRUE,FALSE,FALSE,FALSE,FALSE
OTU_1162,TRUE,TRUE,TRUE,FALSE,FALSE,FALSE
OTU_1163,TRUE,TRUE,FALSE,FALSE,FALSE,FALSE
OTU_1164,TRUE,TRUE,FALSE,FALSE,FALSE,FALSE
OTU_1165,TRUE,TRUE,TRUE,FALSE,TRUE,TRUE
OTU_1166,FALSE,TRUE,TRUE,TRUE,TRUE,TRUE
OTU_1167,FALSE,TRUE,TRUE,TRUE,TRUE,TRUE
OTU_1168,TRUE,FALSE,TRUE,TRUE,TRUE,TRUE
OTU_1169,TRUE,TRUE,FALSE,FALSE,FALSE,FALSE
OTU_1170,TRUE,TRUE,FALSE,FALSE,TRUE,FALSE
OTU_1171,TRUE,TRUE,FALSE,FALSE,FALSE,FALSE
OTU_1172,TRUE,TRUE,FALSE,FALSE,FALSE,FALSE
OTU_1173,TRUE,TRUE,TRUE,FALSE,FALSE,FALSE
OTU_1174,TRUE,TRUE,FALSE,FALSE,FALSE,FALSE
OTU_1175,FALSE,FALSE,FALSE,TRUE,TRUE,TRUE
OTU_1176,FALSE,FALSE,FALSE,FALSE,FALSE,TRUE
OTU_1177,FALSE,TRUE,TRUE,TRUE,TRUE,TRUE
OTU_1178,TRUE,TRUE,FALSE,FALSE,FALSE,FALSE
OTU_1179,TRUE,TRUE,FALSE,FALSE,FALSE,FALSE
OTU_118,TRUE,TRUE,FALSE,FALSE,FALSE,FALSE
OTU_1180,TRUE,TRUE,TRUE,FALSE,FALSE,FALSE
OTU_1181,FALSE,TRUE,TRUE,TRUE,FALSE,FALSE
OTU_1182,FALSE,TRUE,TRUE,TRUE,FALSE,FALSE
OTU_1183,TRUE,TRUE,TRUE,FALSE,TRUE,TRUE
OTU_1184,TRUE,TRUE,TRUE,TRUE,TRUE,TRUE
OTU_1185,FALSE,TRUE,TRUE,TRUE,TRUE,FALSE
OTU_1186,TRUE,TRUE,FALSE,FALSE,TRUE,FALSE
OTU_1187,TRUE,TRUE,TRUE,FALSE,TRUE,FALSE
OTU_1188,TRUE,TRUE,FALSE,FALSE,FALSE,FALSE
OTU_1189,TRUE,TRUE,TRUE,FALSE,FALSE,FALSE
OTU_119,TRUE,TRUE,FALSE,FALSE,FALSE,FALSE
OTU_1190,FALSE,TRUE,FALSE,FALSE,FALSE,FALSE
OTU_1191,FALSE,TRUE,FALSE,FALSE,FALSE,FALSE
OTU_1192,FALSE,TRUE,TRUE,FALSE,FALSE,TRUE
OTU_1193,TRUE,TRUE,TRUE,FALSE,TRUE,TRUE
OTU_1194,FALSE,TRUE,TRUE,FALSE,FALSE,FALSE
OTU_1195,FALSE,TRUE,TRUE,TRUE,TRUE,TRUE
OTU_1196,FALSE,TRUE,FALSE,FALSE,FALSE,FALSE
OTU_1197,TRUE,TRUE,TRUE,TRUE,TRUE,TRUE
OTU_1198,FALSE,TRUE,TRUE,FALSE,FALSE,FALSE
OTU_1199,TRUE,TRUE,FALSE,FALSE,FALSE,FALSE
OTU_12,TRUE,TRUE,FALSE,FALSE,FALSE,FALSE
OTU_120,TRUE,TRUE,FALSE,FALSE,FALSE,FALSE
OTU_1200,TRUE,TRUE,TRUE,TRUE,TRUE,TRUE
OTU_1201,FALSE,TRUE,TRUE,TRUE,TRUE,TRUE
OTU_1202,TRUE,TRUE,FALSE,FALSE,TRUE,TRUE
OTU_1203,TRUE,TRUE,FALSE,FALSE,FALSE,FALSE
OTU_1204,TRUE,TRUE,TRUE,FALSE,FALSE,FALSE
OTU_1205,TRUE,TRUE,TRUE,TRUE,FALSE,FALSE
OTU_1206,TRUE,TRUE,TRUE,FALSE,FALSE,TRUE
OTU_1207,TRUE,TRUE,FALSE,FALSE,FALSE,FALSE
OTU_1208,TRUE,TRUE,TRUE,TRUE,TRUE,TRUE
OTU_1209,FALSE,TRUE,TRUE,TRUE,TRUE,FALSE
OTU_121,TRUE,TRUE,FALSE,FALSE,FALSE,TRUE
OTU_1210,TRUE,TRUE,FALSE,FALSE,FALSE,FALSE
OTU_1211,TRUE,TRUE,TRUE,FALSE,FALSE,TRUE
OTU_1212,FALSE,TRUE,FALSE,FALSE,FALSE,FALSE
OTU_1213,TRUE,TRUE,TRUE,TRUE,TRUE,TRUE
OTU_1214,FALSE,FALSE,TRUE,TRUE,TRUE,TRUE
OTU_1215,FALSE,TRUE,FALSE,FALSE,TRUE,TRUE
OTU_1216,TRUE,FALSE,FALSE,FALSE,FALSE,TRUE
OTU_1217,TRUE,TRUE,FALSE,FALSE,FALSE,FALSE
OTU_1218,TRUE,TRUE,FALSE,FALSE,FALSE,FALSE
OTU_1219,TRUE,TRUE,FALSE,FALSE,FALSE,FALSE
OTU_122,TRUE,TRUE,FALSE,FALSE,FALSE,FALSE
OTU_1220,TRUE,TRUE,FALSE,FALSE,FALSE,FALSE
OTU_1221,TRUE,TRUE,FALSE,FALSE,FALSE,FALSE
OTU_1222,FALSE,TRUE,TRUE,FALSE,FALSE,FALSE
OTU_1223,FALSE,TRUE,FALSE,FALSE,FALSE,FALSE
OTU_1224,TRUE,TRUE,FALSE,FALSE,FALSE,FALSE
OTU_1225,FALSE,TRUE,FALSE,FALSE,FALSE,FALSE
OTU_1226,FALSE,TRUE,FALSE,FALSE,FALSE,FALSE
OTU_1227,TRUE,TRUE,TRUE,TRUE,TRUE,TRUE
OTU_1228,TRUE,TRUE,FALSE,FALSE,FALSE,FALSE
OTU_1229,TRUE,TRUE,TRUE,TRUE,TRUE,TRUE
OTU_123,FALSE,TRUE,FALSE,FALSE,FALSE,FALSE
OTU_1230,TRUE,TRUE,FALSE,FALSE,FALSE,FALSE
OTU_1231,TRUE,TRUE,TRUE,FALSE,FALSE,FALSE
OTU_1232,TRUE,TRUE,TRUE,TRUE,TRUE,TRUE
OTU_1233,TRUE,TRUE,TRUE,FALSE,TRUE,TRUE
OTU_1234,FALSE,TRUE,TRUE,TRUE,TRUE,TRUE
OTU_1235,FALSE,FALSE,TRUE,TRUE,TRUE,TRUE
OTU_1236,FALSE,TRUE,TRUE,TRUE,TRUE,TRUE
OTU_1237,FALSE,TRUE,TRUE,TRUE,TRUE,FALSE
OTU_1238,TRUE,TRUE,TRUE,TRUE,TRUE,TRUE
OTU_1239,TRUE,TRUE,FALSE,FALSE,FALSE,FALSE
OTU_124,FALSE,TRUE,FALSE,FALSE,FALSE,FALSE
OTU_1240,TRUE,TRUE,FALSE,FALSE,FALSE,FALSE
OTU_1241,TRUE,TRUE,FALSE,FALSE,FALSE,FALSE
OTU_1242,TRUE,TRUE,FALSE,FALSE,FALSE,FALSE
OTU_1243,TRUE,TRUE,FALSE,FALSE,FALSE,FALSE
OTU_1244,FALSE,TRUE,TRUE,FALSE,FALSE,FALSE
OTU_1245,TRUE,TRUE,TRUE,TRUE,FALSE,FALSE
OTU_1246,FALSE,TRUE,TRUE,FALSE,FALSE,FALSE
OTU_1247,TRUE,TRUE,TRUE,FALSE,TRUE,TRUE
OTU_1248,FALSE,TRUE,FALSE,FALSE,FALSE,FALSE
OTU_1249,TRUE,TRUE,FALSE,FALSE,FALSE,FALSE
OTU_125,FALSE,TRUE,FALSE,FALSE,FALSE,FALSE
OTU_1250,TRUE,TRUE,TRUE,FALSE,TRUE,TRUE
OTU_1251,FALSE,TRUE,FALSE,FALSE,FALSE,FALSE
OTU_1252,FALSE,TRUE,TRUE,FALSE,FALSE,FALSE
OTU_1253,TRUE,TRUE,TRUE,FALSE,FALSE,FALSE
OTU_1254,TRUE,TRUE,TRUE,FALSE,FALSE,FALSE
OTU_1255,TRUE,TRUE,TRUE,FALSE,FALSE,FALSE
OTU_1256,TRUE,TRUE,FALSE,FALSE,FALSE,FALSE
OTU_1257,TRUE,TRUE,TRUE,TRUE,TRUE,FALSE
OTU_1258,TRUE,TRUE,TRUE,FALSE,FALSE,FALSE
OTU_1259,FALSE,TRUE,FALSE,FALSE,FALSE,FALSE
OTU_126,TRUE,TRUE,FALSE,FALSE,FALSE,FALSE
OTU_1260,FALSE,TRUE,TRUE,FALSE,FALSE,FALSE
OTU_1261,TRUE,TRUE,TRUE,FALSE,FALSE,FALSE
OTU_1262,TRUE,TRUE,TRUE,TRUE,TRUE,TRUE
OTU_1263,TRUE,TRUE,TRUE,TRUE,TRUE,TRUE
OTU_1264,FALSE,TRUE,TRUE,TRUE,TRUE,TRUE
OTU_1265,FALSE,TRUE,TRUE,FALSE,FALSE,TRUE
OTU_1266,TRUE,TRUE,TRUE,TRUE,TRUE,TRUE
OTU_1267,TRUE,TRUE,TRUE,TRUE,TRUE,TRUE
OTU_1268,FALSE,TRUE,TRUE,TRUE,TRUE,TRUE
OTU_1269,FALSE,TRUE,TRUE,TRUE,TRUE,TRUE
OTU_127,TRUE,TRUE,TRUE,FALSE,FALSE,FALSE
OTU_1270,TRUE,TRUE,FALSE,FALSE,FALSE,FALSE
OTU_1271,TRUE,TRUE,FALSE,FALSE,FALSE,FALSE
OTU_1272,TRUE,TRUE,FALSE,FALSE,FALSE,FALSE
OTU_1273,TRUE,TRUE,FALSE,FALSE,FALSE,FALSE
OTU_1274,TRUE,TRUE,FALSE,FALSE,FALSE,FALSE
OTU_1275,TRUE,TRUE,FALSE,FALSE,FALSE,FALSE
OTU_1276,TRUE,TRUE,FALSE,FALSE,FALSE,TRUE
OTU_1277,TRUE,TRUE,TRUE,TRUE,FALSE,FALSE
OTU_1278,TRUE,TRUE,FALSE,FALSE,FALSE,FALSE
OTU_1279,TRUE,TRUE,FALSE,FALSE,FALSE,TRUE
OTU_128,TRUE,TRUE,TRUE,TRUE,TRUE,FALSE
OTU_1280,TRUE,TRUE,FALSE,FALSE,FALSE,FALSE
OTU_1281,TRUE,TRUE,TRUE,FALSE,FALSE,FALSE
OTU_1282,TRUE,TRUE,FALSE,FALSE,FALSE,FALSE
OTU_1283,TRUE,TRUE,FALSE,FALSE,FALSE,FALSE
OTU_1284,FALSE,TRUE,TRUE,FALSE,FALSE,FALSE
OTU_1285,FALSE,TRUE,TRUE,FALSE,TRUE,FALSE
OTU_1286,TRUE,TRUE,FALSE,FALSE,FALSE,FALSE
OTU_1287,FALSE,TRUE,FALSE,FALSE,FALSE,TRUE
OTU_1288,TRUE,TRUE,TRUE,FALSE,FALSE,FALSE
OTU_1289,FALSE,TRUE,FALSE,FALSE,FALSE,FALSE
OTU_129,TRUE,TRUE,TRUE,TRUE,TRUE,TRUE
OTU_1290,FALSE,TRUE,FALSE,FALSE,FALSE,FALSE
OTU_1291,TRUE,TRUE,TRUE,FALSE,FALSE,FALSE
OTU_1292,TRUE,TRUE,FALSE,FALSE,FALSE,FALSE
OTU_1293,FALSE,TRUE,FALSE,FALSE,FALSE,FALSE
OTU_1294,TRUE,TRUE,FALSE,FALSE,FALSE,FALSE
OTU_1295,FALSE,TRUE,FALSE,FALSE,FALSE,FALSE
OTU_1296,TRUE,TRUE,FALSE,FALSE,FALSE,FALSE
OTU_1297,FALSE,TRUE,FALSE,FALSE,FALSE,FALSE
OTU_1298,FALSE,TRUE,TRUE,FALSE,TRUE,FALSE
OTU_1299,FALSE,TRUE,TRUE,FALSE,TRUE,FALSE
OTU_13,TRUE,TRUE,TRUE,FALSE,FALSE,FALSE
OTU_130,TRUE,TRUE,TRUE,FALSE,FALSE,FALSE
OTU_1300,TRUE,TRUE,TRUE,FALSE,TRUE,FALSE
OTU_1301,FALSE,TRUE,TRUE,FALSE,TRUE,FALSE
OTU_1302,FALSE,TRUE,FALSE,FALSE,FALSE,FALSE
OTU_1303,TRUE,TRUE,TRUE,FALSE,FALSE,FALSE
OTU_1304,TRUE,TRUE,TRUE,FALSE,FALSE,FALSE
OTU_1305,FALSE,TRUE,FALSE,FALSE,FALSE,FALSE
OTU_1306,FALSE,TRUE,FALSE,FALSE,FALSE,FALSE
OTU_1307,FALSE,TRUE,FALSE,FALSE,FALSE,FALSE
OTU_1308,TRUE,TRUE,FALSE,FALSE,FALSE,FALSE
OTU_1309,FALSE,TRUE,FALSE,FALSE,FALSE,FALSE
OTU_131,TRUE,TRUE,FALSE,FALSE,FALSE,FALSE
OTU_1310,TRUE,TRUE,TRUE,TRUE,TRUE,TRUE
OTU_1311,FALSE,TRUE,TRUE,TRUE,TRUE,FALSE
OTU_1312,TRUE,TRUE,TRUE,FALSE,TRUE,TRUE
OTU_1313,FALSE,FALSE,TRUE,FALSE,TRUE,TRUE
OTU_1314,FALSE,FALSE,TRUE,TRUE,TRUE,TRUE
OTU_1315,FALSE,TRUE,TRUE,TRUE,TRUE,TRUE
OTU_1316,FALSE,TRUE,TRUE,FALSE,TRUE,TRUE
OTU_1317,FALSE,TRUE,TRUE,FALSE,TRUE,TRUE
OTU_1318,FALSE,FALSE,FALSE,FALSE,TRUE,TRUE
OTU_1319,FALSE,FALSE,FALSE,FALSE,FALSE,TRUE
OTU_132,TRUE,TRUE,TRUE,TRUE,TRUE,TRUE
OTU_1320,FALSE,TRUE,FALSE,FALSE,TRUE,TRUE
OTU_1321,FALSE,FALSE,FALSE,TRUE,FALSE,TRUE
OTU_1322,TRUE,TRUE,FALSE,FALSE,FALSE,FALSE
OTU_1323,TRUE,FALSE,FALSE,FALSE,FALSE,FALSE
OTU_1324,TRUE,TRUE,FALSE,FALSE,FALSE,FALSE
OTU_1325,TRUE,FALSE,FALSE,FALSE,FALSE,FALSE
OTU_1326,TRUE,TRUE,FALSE,FALSE,FALSE,FALSE
OTU_1327,TRUE,TRUE,FALSE,FALSE,FALSE,FALSE
OTU_1328,TRUE,TRUE,FALSE,FALSE,FALSE,FALSE
OTU_1329,TRUE,TRUE,FALSE,FALSE,FALSE,FALSE
OTU_133,TRUE,TRUE,TRUE,TRUE,TRUE,TRUE
OTU_1330,TRUE,TRUE,FALSE,FALSE,FALSE,FALSE
OTU_1331,TRUE,TRUE,FALSE,FALSE,FALSE,FALSE
OTU_1332,TRUE,TRUE,FALSE,FALSE,FALSE,FALSE
OTU_1333,TRUE,TRUE,FALSE,FALSE,FALSE,FALSE
OTU_1334,TRUE,TRUE,FALSE,FALSE,FALSE,FALSE
OTU_1335,TRUE,TRUE,TRUE,FALSE,TRUE,TRUE
OTU_1336,FALSE,TRUE,FALSE,FALSE,FALSE,FALSE
OTU_1337,TRUE,TRUE,TRUE,TRUE,TRUE,TRUE
OTU_1338,FALSE,TRUE,FALSE,FALSE,FALSE,FALSE
OTU_1339,FALSE,TRUE,FALSE,FALSE,FALSE,FALSE
OTU_134,TRUE,TRUE,TRUE,TRUE,TRUE,TRUE
OTU_1340,FALSE,TRUE,FALSE,FALSE,FALSE,FALSE
OTU_1341,TRUE,TRUE,FALSE,FALSE,FALSE,TRUE
OTU_1342,TRUE,TRUE,TRUE,FALSE,FALSE,FALSE
OTU_1343,TRUE,TRUE,FALSE,FALSE,FALSE,FALSE
OTU_1344,FALSE,TRUE,TRUE,FALSE,TRUE,FALSE
OTU_1345,TRUE,TRUE,FALSE,FALSE,FALSE,FALSE
OTU_1346,TRUE,TRUE,FALSE,FALSE,FALSE,FALSE
OTU_1347,FALSE,TRUE,FALSE,FALSE,FALSE,FALSE
OTU_1348,FALSE,TRUE,FALSE,FALSE,FALSE,FALSE
OTU_1349,FALSE,TRUE,FALSE,FALSE,FALSE,FALSE
OTU_135,FALSE,TRUE,TRUE,TRUE,FALSE,FALSE
OTU_1350,FALSE,TRUE,FALSE,FALSE,FALSE,FALSE
OTU_1351,TRUE,TRUE,FALSE,FALSE,FALSE,FALSE
OTU_1352,FALSE,TRUE,FALSE,FALSE,FALSE,FALSE
OTU_1353,FALSE,TRUE,TRUE,TRUE,TRUE,FALSE
OTU_1354,TRUE,TRUE,FALSE,FALSE,FALSE,FALSE
OTU_1355,FALSE,TRUE,TRUE,FALSE,FALSE,FALSE
OTU_1356,FALSE,TRUE,TRUE,FALSE,FALSE,FALSE
OTU_1357,FALSE,TRUE,FALSE,FALSE,FALSE,FALSE
OTU_1358,TRUE,TRUE,TRUE,FALSE,FALSE,FALSE
OTU_1359,TRUE,TRUE,TRUE,TRUE,TRUE,TRUE
OTU_136,TRUE,TRUE,TRUE,FALSE,FALSE,FALSE
OTU_1360,FALSE,TRUE,FALSE,FALSE,FALSE,FALSE
OTU_1361,TRUE,TRUE,FALSE,FALSE,FALSE,FALSE
OTU_1362,FALSE,TRUE,TRUE,FALSE,TRUE,FALSE
OTU_1363,TRUE,TRUE,FALSE,FALSE,FALSE,FALSE
OTU_1364,TRUE,TRUE,TRUE,FALSE,FALSE,FALSE
OTU_1365,TRUE,TRUE,FALSE,FALSE,FALSE,FALSE
OTU_1366,FALSE,TRUE,TRUE,TRUE,TRUE,TRUE
OTU_1367,TRUE,TRUE,TRUE,TRUE,TRUE,TRUE
OTU_1368,FALSE,TRUE,TRUE,TRUE,TRUE,TRUE
OTU_1369,FALSE,FALSE,TRUE,TRUE,TRUE,TRUE
OTU_137,TRUE,TRUE,TRUE,FALSE,FALSE,FALSE
OTU_1370,FALSE,TRUE,TRUE,TRUE,TRUE,FALSE
OTU_1371,FALSE,TRUE,TRUE,TRUE,TRUE,TRUE
OTU_1372,FALSE,FALSE,TRUE,TRUE,TRUE,TRUE
OTU_1373,FALSE,TRUE,TRUE,TRUE,TRUE,TRUE
OTU_1374,TRUE,FALSE,FALSE,TRUE,TRUE,TRUE
OTU_1375,FALSE,TRUE,TRUE,TRUE,TRUE,TRUE
OTU_1376,FALSE,FALSE,FALSE,FALSE,TRUE,FALSE
OTU_1377,FALSE,TRUE,TRUE,TRUE,TRUE,TRUE
OTU_1378,FALSE,FALSE,FALSE,FALSE,TRUE,TRUE
OTU_1379,FALSE,FALSE,TRUE,TRUE,TRUE,TRUE
OTU_138,TRUE,TRUE,TRUE,FALSE,FALSE,FALSE
OTU_1380,TRUE,TRUE,FALSE,FALSE,FALSE,FALSE
OTU_1381,TRUE,TRUE,FALSE,FALSE,FALSE,FALSE
OTU_1382,TRUE,TRUE,FALSE,FALSE,FALSE,FALSE
OTU_1383,TRUE,TRUE,FALSE,FALSE,FALSE,FALSE
OTU_1384,TRUE,TRUE,FALSE,FALSE,TRUE,FALSE
OTU_1385,TRUE,TRUE,TRUE,FALSE,TRUE,TRUE
OTU_1386,TRUE,TRUE,FALSE,FALSE,FALSE,FALSE
OTU_1387,TRUE,TRUE,TRUE,FALSE,FALSE,FALSE
OTU_1388,TRUE,TRUE,FALSE,FALSE,FALSE,FALSE
OTU_1389,TRUE,TRUE,FALSE,FALSE,FALSE,FALSE
OTU_139,TRUE,TRUE,TRUE,FALSE,FALSE,FALSE
OTU_1390,TRUE,TRUE,FALSE,FALSE,FALSE,FALSE
OTU_1391,TRUE,TRUE,TRUE,FALSE,FALSE,FALSE
OTU_1392,TRUE,TRUE,FALSE,FALSE,FALSE,FALSE
OTU_1393,TRUE,TRUE,FALSE,FALSE,FALSE,FALSE
OTU_1394,TRUE,TRUE,FALSE,FALSE,FALSE,FALSE
OTU_1395,TRUE,FALSE,FALSE,FALSE,FALSE,FALSE
OTU_1396,TRUE,TRUE,FALSE,FALSE,FALSE,TRUE
OTU_1397,TRUE,TRUE,FALSE,FALSE,FALSE,FALSE
OTU_1398,TRUE,TRUE,FALSE,FALSE,FALSE,FALSE
OTU_1399,TRUE,TRUE,FALSE,FALSE,FALSE,FALSE
OTU_140,TRUE,TRUE,TRUE,TRUE,TRUE,FALSE
OTU_1400,TRUE,TRUE,FALSE,FALSE,FALSE,FALSE
OTU_1401,TRUE,TRUE,FALSE,FALSE,FALSE,FALSE
OTU_1402,TRUE,TRUE,FALSE,FALSE,FALSE,FALSE
OTU_1403,TRUE,TRUE,FALSE,FALSE,FALSE,FALSE
OTU_1404,TRUE,TRUE,FALSE,FALSE,FALSE,FALSE
OTU_1405,TRUE,TRUE,FALSE,FALSE,FALSE,FALSE
OTU_1406,TRUE,TRUE,FALSE,FALSE,FALSE,FALSE
OTU_1407,TRUE,TRUE,FALSE,FALSE,FALSE,FALSE
OTU_1408,TRUE,TRUE,TRUE,FALSE,FALSE,TRUE
OTU_1409,TRUE,TRUE,FALSE,FALSE,FALSE,FALSE
OTU_141,TRUE,TRUE,TRUE,TRUE,TRUE,TRUE
OTU_1410,TRUE,TRUE,FALSE,FALSE,FALSE,FALSE
OTU_1411,TRUE,TRUE,FALSE,FALSE,FALSE,FALSE
OTU_1412,FALSE,TRUE,FALSE,FALSE,TRUE,FALSE
OTU_1413,FALSE,TRUE,TRUE,FALSE,FALSE,FALSE
OTU_1414,FALSE,TRUE,FALSE,FALSE,FALSE,FALSE
OTU_1415,TRUE,TRUE,FALSE,FALSE,FALSE,FALSE
OTU_1416,TRUE,TRUE,FALSE,FALSE,FALSE,FALSE
OTU_1417,TRUE,TRUE,FALSE,FALSE,FALSE,FALSE
OTU_1418,TRUE,TRUE,TRUE,FALSE,FALSE,FALSE
OTU_1419,FALSE,TRUE,FALSE,FALSE,FALSE,FALSE
OTU_142,TRUE,TRUE,TRUE,TRUE,TRUE,TRUE
OTU_1420,TRUE,TRUE,FALSE,FALSE,FALSE,FALSE
OTU_1421,FALSE,TRUE,TRUE,FALSE,TRUE,TRUE
OTU_1422,FALSE,TRUE,FALSE,FALSE,FALSE,FALSE
OTU_1423,TRUE,TRUE,TRUE,FALSE,TRUE,TRUE
OTU_1424,FALSE,TRUE,FALSE,FALSE,FALSE,FALSE
OTU_1425,TRUE,TRUE,TRUE,TRUE,FALSE,TRUE
OTU_1426,TRUE,TRUE,TRUE,FALSE,FALSE,FALSE
OTU_1427,TRUE,TRUE,FALSE,FALSE,FALSE,FALSE
OTU_1428,FALSE,TRUE,FALSE,FALSE,FALSE,FALSE
OTU_1429,FALSE,TRUE,FALSE,FALSE,FALSE,FALSE
OTU_143,TRUE,TRUE,TRUE,TRUE,TRUE,FALSE
OTU_1430,TRUE,TRUE,TRUE,TRUE,TRUE,TRUE
OTU_1431,TRUE,TRUE,TRUE,FALSE,FALSE,FALSE
OTU_1432,FALSE,TRUE,TRUE,FALSE,FALSE,FALSE
OTU_1433,FALSE,TRUE,TRUE,TRUE,TRUE,TRUE
OTU_1434,FALSE,TRUE,FALSE,FALSE,FALSE,FALSE
OTU_1435,FALSE,TRUE,TRUE,FALSE,FALSE,FALSE
OTU_1436,TRUE,TRUE,FALSE,FALSE,FALSE,FALSE
OTU_1437,FALSE,TRUE,FALSE,FALSE,FALSE,FALSE
OTU_1438,FALSE,TRUE,FALSE,FALSE,FALSE,FALSE
OTU_1439,FALSE,TRUE,FALSE,FALSE,FALSE,FALSE
OTU_144,TRUE,TRUE,TRUE,TRUE,TRUE,FALSE
OTU_1440,FALSE,TRUE,FALSE,FALSE,FALSE,FALSE
OTU_1441,TRUE,TRUE,FALSE,FALSE,FALSE,FALSE
OTU_1442,TRUE,TRUE,FALSE,FALSE,FALSE,FALSE
OTU_1443,TRUE,TRUE,TRUE,FALSE,FALSE,TRUE
OTU_1444,TRUE,TRUE,TRUE,FALSE,FALSE,FALSE
OTU_1445,TRUE,TRUE,TRUE,FALSE,FALSE,FALSE
OTU_1446,FALSE,TRUE,FALSE,FALSE,FALSE,FALSE
OTU_1447,TRUE,TRUE,TRUE,FALSE,TRUE,FALSE
OTU_1448,TRUE,TRUE,TRUE,FALSE,FALSE,FALSE
OTU_1449,FALSE,TRUE,TRUE,TRUE,FALSE,FALSE
OTU_145,TRUE,TRUE,FALSE,FALSE,FALSE,FALSE
OTU_1450,TRUE,TRUE,FALSE,FALSE,FALSE,FALSE
OTU_1451,TRUE,TRUE,FALSE,FALSE,FALSE,FALSE
OTU_1452,FALSE,TRUE,FALSE,FALSE,FALSE,FALSE
OTU_1453,TRUE,TRUE,FALSE,FALSE,FALSE,FALSE
OTU_1454,TRUE,TRUE,FALSE,FALSE,TRUE,TRUE
OTU_1455,FALSE,TRUE,TRUE,FALSE,FALSE,FALSE
OTU_1456,FALSE,TRUE,TRUE,FALSE,FALSE,TRUE
OTU_1457,FALSE,TRUE,FALSE,FALSE,FALSE,FALSE
OTU_1458,TRUE,TRUE,FALSE,FALSE,FALSE,FALSE
OTU_1459,TRUE,TRUE,TRUE,FALSE,FALSE,FALSE
OTU_146,TRUE,TRUE,FALSE,TRUE,TRUE,TRUE
OTU_1460,FALSE,TRUE,TRUE,TRUE,FALSE,FALSE
OTU_1461,TRUE,TRUE,FALSE,FALSE,FALSE,FALSE
OTU_1462,FALSE,TRUE,FALSE,FALSE,FALSE,FALSE
OTU_1463,FALSE,TRUE,FALSE,FALSE,TRUE,FALSE
OTU_1464,TRUE,TRUE,FALSE,FALSE,FALSE,FALSE
OTU_1465,TRUE,TRUE,FALSE,FALSE,FALSE,FALSE
OTU_1466,TRUE,TRUE,FALSE,FALSE,FALSE,FALSE
OTU_1467,FALSE,TRUE,FALSE,FALSE,FALSE,FALSE
OTU_1468,TRUE,TRUE,FALSE,FALSE,FALSE,FALSE
OTU_1469,FALSE,TRUE,TRUE,TRUE,FALSE,FALSE
OTU_147,TRUE,TRUE,FALSE,FALSE,FALSE,FALSE
OTU_1470,FALSE,TRUE,TRUE,FALSE,FALSE,FALSE
OTU_1471,FALSE,TRUE,FALSE,FALSE,FALSE,FALSE
OTU_1472,FALSE,TRUE,FALSE,FALSE,FALSE,FALSE
OTU_1473,FALSE,TRUE,TRUE,TRUE,TRUE,TRUE
OTU_1474,FALSE,TRUE,TRUE,TRUE,FALSE,FALSE
OTU_1475,TRUE,TRUE,FALSE,FALSE,FALSE,FALSE
OTU_1476,TRUE,TRUE,FALSE,FALSE,FALSE,FALSE
OTU_1477,TRUE,TRUE,FALSE,FALSE,FALSE,FALSE
OTU_1478,TRUE,TRUE,FALSE,FALSE,FALSE,FALSE
OTU_1479,FALSE,TRUE,FALSE,FALSE,FALSE,FALSE
OTU_148,TRUE,TRUE,FALSE,FALSE,FALSE,FALSE
OTU_1480,FALSE,TRUE,TRUE,TRUE,TRUE,FALSE
OTU_1481,TRUE,TRUE,TRUE,TRUE,FALSE,FALSE
OTU_1482,FALSE,TRUE,TRUE,FALSE,TRUE,TRUE
OTU_1483,FALSE,FALSE,TRUE,FALSE,TRUE,TRUE
OTU_1484,TRUE,TRUE,TRUE,TRUE,TRUE,TRUE
OTU_1485,FALSE,TRUE,TRUE,FALSE,TRUE,TRUE
OTU_1486,TRUE,FALSE,TRUE,FALSE,TRUE,TRUE
OTU_1487,TRUE,TRUE,TRUE,FALSE,TRUE,TRUE
OTU_1488,FALSE,FALSE,TRUE,TRUE,TRUE,TRUE
OTU_1489,FALSE,TRUE,FALSE,TRUE,TRUE,FALSE
OTU_149,TRUE,TRUE,TRUE,TRUE,TRUE,TRUE
OTU_1490,FALSE,TRUE,TRUE,TRUE,TRUE,FALSE
OTU_1491,FALSE,FALSE,TRUE,TRUE,TRUE,TRUE
OTU_1492,FALSE,TRUE,TRUE,TRUE,TRUE,TRUE
OTU_1493,TRUE,TRUE,TRUE,TRUE,TRUE,TRUE
OTU_1494,TRUE,TRUE,TRUE,TRUE,TRUE,TRUE
OTU_1495,FALSE,TRUE,TRUE,TRUE,TRUE,TRUE
OTU_1496,FALSE,FALSE,TRUE,FALSE,TRUE,FALSE
OTU_1497,TRUE,TRUE,TRUE,TRUE,TRUE,TRUE
OTU_1498,FALSE,FALSE,FALSE,TRUE,TRUE,FALSE
OTU_1499,TRUE,TRUE,TRUE,FALSE,TRUE,TRUE
OTU_15,TRUE,TRUE,FALSE,FALSE,FALSE,FALSE
OTU_150,TRUE,TRUE,TRUE,FALSE,FALSE,TRUE
OTU_1500,FALSE,TRUE,TRUE,TRUE,TRUE,FALSE
OTU_1501,FALSE,TRUE,TRUE,TRUE,TRUE,TRUE
OTU_1502,FALSE,FALSE,TRUE,TRUE,TRUE,TRUE
OTU_1503,FALSE,TRUE,TRUE,TRUE,TRUE,TRUE
OTU_1504,FALSE,TRUE,FALSE,FALSE,TRUE,TRUE
OTU_1505,FALSE,FALSE,FALSE,FALSE,TRUE,TRUE
OTU_1506,TRUE,FALSE,FALSE,TRUE,TRUE,TRUE
OTU_1507,FALSE,FALSE,TRUE,FALSE,TRUE,TRUE
OTU_1508,FALSE,TRUE,TRUE,TRUE,TRUE,TRUE
OTU_1509,TRUE,TRUE,TRUE,FALSE,TRUE,TRUE
OTU_151,FALSE,TRUE,TRUE,TRUE,TRUE,TRUE
OTU_1510,FALSE,FALSE,FALSE,FALSE,TRUE,TRUE
OTU_1511,FALSE,TRUE,TRUE,TRUE,TRUE,TRUE
OTU_1512,TRUE,TRUE,FALSE,FALSE,FALSE,FALSE
OTU_1513,TRUE,TRUE,FALSE,FALSE,FALSE,FALSE
OTU_1514,TRUE,TRUE,FALSE,FALSE,FALSE,FALSE
OTU_1515,TRUE,TRUE,TRUE,FALSE,FALSE,FALSE
OTU_1516,TRUE,TRUE,TRUE,TRUE,TRUE,FALSE
OTU_1517,TRUE,TRUE,TRUE,FALSE,FALSE,FALSE
OTU_1518,TRUE,TRUE,FALSE,FALSE,FALSE,FALSE
OTU_1519,TRUE,TRUE,FALSE,FALSE,FALSE,FALSE
OTU_152,TRUE,TRUE,TRUE,FALSE,FALSE,FALSE
OTU_1520,TRUE,TRUE,TRUE,FALSE,TRUE,TRUE
OTU_1521,TRUE,TRUE,FALSE,FALSE,FALSE,FALSE
OTU_1522,TRUE,TRUE,FALSE,FALSE,FALSE,FALSE
OTU_1523,TRUE,TRUE,FALSE,FALSE,FALSE,FALSE
OTU_1524,TRUE,TRUE,FALSE,FALSE,FALSE,TRUE
OTU_1525,TRUE,TRUE,FALSE,FALSE,FALSE,FALSE
OTU_1526,TRUE,TRUE,FALSE,FALSE,FALSE,FALSE
OTU_1527,TRUE,TRUE,FALSE,FALSE,FALSE,FALSE
OTU_1528,TRUE,TRUE,FALSE,FALSE,FALSE,FALSE
OTU_1529,TRUE,TRUE,FALSE,FALSE,FALSE,FALSE
OTU_153,TRUE,TRUE,TRUE,FALSE,FALSE,FALSE
OTU_1530,TRUE,TRUE,FALSE,FALSE,FALSE,FALSE
OTU_1531,TRUE,TRUE,FALSE,FALSE,FALSE,FALSE
OTU_1532,TRUE,TRUE,FALSE,FALSE,FALSE,FALSE
OTU_1533,TRUE,FALSE,FALSE,FALSE,FALSE,FALSE
OTU_1534,TRUE,TRUE,FALSE,FALSE,FALSE,FALSE
OTU_1535,TRUE,TRUE,FALSE,FALSE,FALSE,FALSE
OTU_1536,TRUE,TRUE,TRUE,FALSE,FALSE,TRUE
OTU_1537,TRUE,TRUE,FALSE,FALSE,FALSE,FALSE
OTU_1538,TRUE,TRUE,FALSE,FALSE,FALSE,FALSE
OTU_1539,TRUE,TRUE,FALSE,FALSE,FALSE,TRUE
OTU_154,TRUE,TRUE,FALSE,FALSE,FALSE,FALSE
OTU_1540,TRUE,TRUE,FALSE,FALSE,FALSE,FALSE
OTU_1541,TRUE,TRUE,FALSE,FALSE,FALSE,FALSE
OTU_1542,TRUE,TRUE,TRUE,FALSE,FALSE,TRUE
OTU_1543,TRUE,TRUE,FALSE,FALSE,FALSE,FALSE
OTU_1544,TRUE,TRUE,FALSE,FALSE,TRUE,FALSE
OTU_1545,TRUE,TRUE,FALSE,FALSE,FALSE,FALSE
OTU_1546,TRUE,TRUE,FALSE,FALSE,FALSE,FALSE
OTU_1547,TRUE,TRUE,FALSE,FALSE,FALSE,FALSE
OTU_1548,TRUE,TRUE,FALSE,FALSE,FALSE,FALSE
OTU_1549,TRUE,TRUE,FALSE,FALSE,FALSE,FALSE
OTU_155,TRUE,TRUE,TRUE,FALSE,FALSE,FALSE
OTU_1550,TRUE,TRUE,FALSE,FALSE,FALSE,FALSE
OTU_1551,TRUE,TRUE,TRUE,FALSE,TRUE,TRUE
OTU_1552,TRUE,TRUE,FALSE,FALSE,FALSE,FALSE
OTU_1553,TRUE,FALSE,FALSE,FALSE,FALSE,FALSE
OTU_1554,TRUE,TRUE,TRUE,FALSE,TRUE,TRUE
OTU_1555,TRUE,TRUE,FALSE,FALSE,FALSE,FALSE
OTU_1556,TRUE,TRUE,FALSE,FALSE,FALSE,FALSE
OTU_1557,TRUE,TRUE,FALSE,FALSE,FALSE,TRUE
OTU_1558,TRUE,TRUE,FALSE,FALSE,FALSE,FALSE
OTU_1559,TRUE,TRUE,FALSE,FALSE,FALSE,FALSE
OTU_156,TRUE,TRUE,TRUE,TRUE,TRUE,TRUE
OTU_1560,TRUE,FALSE,FALSE,FALSE,FALSE,FALSE
OTU_1561,TRUE,FALSE,FALSE,FALSE,FALSE,FALSE
OTU_1562,TRUE,TRUE,FALSE,FALSE,FALSE,FALSE
OTU_1563,TRUE,TRUE,FALSE,FALSE,FALSE,FALSE
OTU_1564,TRUE,TRUE,FALSE,FALSE,FALSE,FALSE
OTU_1565,TRUE,TRUE,FALSE,FALSE,FALSE,TRUE
OTU_1566,TRUE,TRUE,FALSE,FALSE,FALSE,FALSE
OTU_1567,TRUE,TRUE,FALSE,FALSE,FALSE,FALSE
OTU_1568,TRUE,TRUE,FALSE,FALSE,FALSE,FALSE
OTU_1569,TRUE,TRUE,TRUE,TRUE,TRUE,FALSE
OTU_157,TRUE,TRUE,TRUE,TRUE,TRUE,TRUE
OTU_1570,FALSE,TRUE,TRUE,FALSE,TRUE,FALSE
OTU_1571,TRUE,TRUE,FALSE,TRUE,FALSE,FALSE
OTU_1572,TRUE,TRUE,TRUE,FALSE,FALSE,FALSE
OTU_1573,TRUE,TRUE,FALSE,FALSE,FALSE,FALSE
OTU_1574,FALSE,TRUE,FALSE,FALSE,FALSE,TRUE
OTU_1575,TRUE,TRUE,FALSE,FALSE,FALSE,FALSE
OTU_1576,TRUE,TRUE,FALSE,FALSE,FALSE,TRUE
OTU_1577,FALSE,TRUE,FALSE,FALSE,TRUE,FALSE
OTU_1578,TRUE,TRUE,TRUE,FALSE,FALSE,FALSE
OTU_1579,FALSE,TRUE,FALSE,FALSE,FALSE,FALSE
OTU_158,TRUE,TRUE,TRUE,FALSE,FALSE,FALSE
OTU_1580,FALSE,TRUE,TRUE,FALSE,TRUE,TRUE
OTU_1581,FALSE,TRUE,FALSE,FALSE,FALSE,FALSE
OTU_1582,TRUE,TRUE,TRUE,FALSE,TRUE,TRUE
OTU_1583,TRUE,TRUE,FALSE,FALSE,TRUE,FALSE
OTU_1584,FALSE,TRUE,FALSE,FALSE,FALSE,FALSE
OTU_1585,FALSE,TRUE,TRUE,TRUE,TRUE,FALSE
OTU_1586,FALSE,TRUE,FALSE,FALSE,FALSE,FALSE
OTU_1587,FALSE,TRUE,FALSE,FALSE,FALSE,FALSE
OTU_1588,FALSE,TRUE,FALSE,FALSE,FALSE,FALSE
OTU_1589,TRUE,TRUE,FALSE,FALSE,FALSE,FALSE
OTU_159,TRUE,TRUE,TRUE,FALSE,FALSE,FALSE
OTU_1590,FALSE,TRUE,FALSE,FALSE,FALSE,FALSE
OTU_1591,FALSE,TRUE,FALSE,FALSE,FALSE,FALSE
OTU_1592,FALSE,TRUE,FALSE,FALSE,FALSE,FALSE
OTU_1593,FALSE,TRUE,FALSE,FALSE,FALSE,FALSE
OTU_1594,FALSE,TRUE,FALSE,FALSE,FALSE,FALSE
OTU_1595,TRUE,TRUE,FALSE,FALSE,FALSE,FALSE
OTU_1596,FALSE,TRUE,FALSE,FALSE,FALSE,FALSE
OTU_1597,FALSE,TRUE,TRUE,FALSE,TRUE,TRUE
OTU_1598,TRUE,TRUE,FALSE,FALSE,FALSE,FALSE
OTU_1599,FALSE,TRUE,FALSE,FALSE,FALSE,FALSE
OTU_16,TRUE,TRUE,FALSE,FALSE,FALSE,FALSE
OTU_160,TRUE,TRUE,FALSE,FALSE,FALSE,FALSE
OTU_1600,FALSE,TRUE,FALSE,FALSE,FALSE,FALSE
OTU_1601,TRUE,TRUE,TRUE,TRUE,TRUE,TRUE
OTU_1602,TRUE,TRUE,TRUE,FALSE,FALSE,FALSE
OTU_1603,FALSE,TRUE,FALSE,FALSE,FALSE,FALSE
OTU_1604,TRUE,TRUE,TRUE,FALSE,FALSE,FALSE
OTU_1605,TRUE,TRUE,FALSE,FALSE,FALSE,FALSE
OTU_1606,FALSE,TRUE,FALSE,FALSE,FALSE,FALSE
OTU_1607,TRUE,TRUE,TRUE,FALSE,FALSE,FALSE
OTU_1608,TRUE,TRUE,FALSE,FALSE,FALSE,FALSE
OTU_1609,TRUE,TRUE,FALSE,FALSE,FALSE,FALSE
OTU_161,TRUE,TRUE,TRUE,FALSE,FALSE,FALSE
OTU_1610,FALSE,TRUE,TRUE,FALSE,FALSE,FALSE
OTU_1611,FALSE,TRUE,TRUE,FALSE,FALSE,FALSE
OTU_1612,TRUE,TRUE,FALSE,FALSE,FALSE,FALSE
OTU_1613,TRUE,TRUE,FALSE,FALSE,FALSE,FALSE
OTU_1614,FALSE,TRUE,FALSE,FALSE,FALSE,FALSE
OTU_1615,FALSE,TRUE,FALSE,FALSE,FALSE,FALSE
OTU_1616,FALSE,TRUE,FALSE,FALSE,FALSE,FALSE
OTU_1617,TRUE,TRUE,FALSE,FALSE,TRUE,TRUE
OTU_1618,FALSE,TRUE,FALSE,FALSE,FALSE,FALSE
OTU_1619,FALSE,TRUE,FALSE,FALSE,FALSE,FALSE
OTU_162,TRUE,TRUE,FALSE,FALSE,FALSE,FALSE
OTU_1620,FALSE,TRUE,FALSE,FALSE,FALSE,FALSE
OTU_1621,TRUE,TRUE,TRUE,FALSE,FALSE,TRUE
OTU_1622,FALSE,TRUE,FALSE,FALSE,FALSE,FALSE
OTU_1623,TRUE,TRUE,FALSE,FALSE,FALSE,FALSE
OTU_1624,FALSE,TRUE,FALSE,FALSE,TRUE,FALSE
OTU_1625,TRUE,TRUE,TRUE,FALSE,FALSE,FALSE
OTU_1626,FALSE,TRUE,FALSE,TRUE,FALSE,TRUE
OTU_1627,TRUE,TRUE,FALSE,FALSE,FALSE,FALSE
OTU_1628,FALSE,TRUE,FALSE,FALSE,FALSE,FALSE
OTU_1629,FALSE,TRUE,FALSE,FALSE,FALSE,FALSE
OTU_163,FALSE,FALSE,TRUE,TRUE,TRUE,TRUE
OTU_1630,TRUE,TRUE,FALSE,FALSE,FALSE,FALSE
OTU_1631,FALSE,TRUE,FALSE,FALSE,FALSE,FALSE
OTU_1632,TRUE,TRUE,FALSE,FALSE,FALSE,FALSE
OTU_1633,FALSE,TRUE,TRUE,FALSE,FALSE,FALSE
OTU_1634,FALSE,TRUE,TRUE,FALSE,FALSE,FALSE
OTU_1635,TRUE,TRUE,FALSE,FALSE,FALSE,FALSE
OTU_1636,TRUE,TRUE,TRUE,FALSE,FALSE,FALSE
OTU_1637,TRUE,TRUE,FALSE,FALSE,FALSE,FALSE
OTU_1638,TRUE,TRUE,FALSE,FALSE,FALSE,FALSE
OTU_1639,FALSE,TRUE,FALSE,FALSE,FALSE,FALSE
OTU_164,TRUE,TRUE,TRUE,TRUE,TRUE,TRUE
OTU_1640,FALSE,TRUE,FALSE,FALSE,FALSE,FALSE
OTU_1641,FALSE,TRUE,FALSE,FALSE,FALSE,FALSE
OTU_1642,FALSE,TRUE,FALSE,FALSE,FALSE,FALSE
OTU_1643,TRUE,TRUE,FALSE,FALSE,FALSE,FALSE
OTU_1644,FALSE,TRUE,FALSE,FALSE,FALSE,FALSE
OTU_1645,TRUE,TRUE,TRUE,FALSE,FALSE,FALSE
OTU_1646,FALSE,TRUE,FALSE,FALSE,FALSE,FALSE
OTU_1647,TRUE,TRUE,FALSE,FALSE,FALSE,FALSE
OTU_1648,TRUE,TRUE,FALSE,FALSE,TRUE,FALSE
OTU_1649,FALSE,TRUE,TRUE,FALSE,FALSE,FALSE
OTU_165,TRUE,TRUE,FALSE,FALSE,FALSE,FALSE
OTU_1650,FALSE,TRUE,FALSE,FALSE,FALSE,FALSE
OTU_1651,FALSE,TRUE,FALSE,FALSE,FALSE,FALSE
OTU_1652,TRUE,TRUE,FALSE,FALSE,FALSE,FALSE
OTU_1653,TRUE,TRUE,FALSE,FALSE,FALSE,FALSE
OTU_1654,FALSE,TRUE,FALSE,FALSE,FALSE,FALSE
OTU_1655,FALSE,TRUE,FALSE,FALSE,FALSE,FALSE
OTU_1656,FALSE,TRUE,FALSE,FALSE,FALSE,FALSE
OTU_1657,FALSE,TRUE,FALSE,FALSE,TRUE,FALSE
OTU_1658,TRUE,TRUE,FALSE,FALSE,FALSE,FALSE
OTU_1659,FALSE,TRUE,FALSE,FALSE,FALSE,FALSE
OTU_166,TRUE,TRUE,FALSE,FALSE,TRUE,TRUE
OTU_1660,FALSE,TRUE,FALSE,FALSE,FALSE,FALSE
OTU_1661,FALSE,TRUE,FALSE,FALSE,FALSE,FALSE
OTU_1662,FALSE,TRUE,FALSE,FALSE,FALSE,FALSE
OTU_1663,TRUE,TRUE,TRUE,FALSE,FALSE,FALSE
OTU_1664,TRUE,TRUE,TRUE,FALSE,FALSE,FALSE
OTU_1665,TRUE,TRUE,FALSE,FALSE,FALSE,FALSE
OTU_1666,TRUE,TRUE,FALSE,FALSE,FALSE,FALSE
OTU_1667,FALSE,TRUE,TRUE,FALSE,FALSE,FALSE
OTU_1668,TRUE,TRUE,FALSE,FALSE,FALSE,FALSE
OTU_1669,FALSE,TRUE,TRUE,FALSE,FALSE,FALSE
OTU_167,TRUE,TRUE,FALSE,FALSE,FALSE,FALSE
OTU_1670,TRUE,TRUE,FALSE,FALSE,FALSE,FALSE
OTU_1671,FALSE,TRUE,TRUE,TRUE,FALSE,FALSE
OTU_1672,TRUE,TRUE,FALSE,FALSE,FALSE,FALSE
OTU_1673,TRUE,TRUE,FALSE,FALSE,FALSE,FALSE
OTU_1674,TRUE,TRUE,FALSE,FALSE,FALSE,FALSE
OTU_1675,FALSE,TRUE,TRUE,TRUE,TRUE,FALSE
OTU_1676,FALSE,TRUE,FALSE,FALSE,FALSE,FALSE
OTU_1677,FALSE,TRUE,TRUE,FALSE,FALSE,FALSE
OTU_1678,TRUE,TRUE,FALSE,FALSE,FALSE,FALSE
OTU_1679,FALSE,TRUE,TRUE,FALSE,FALSE,FALSE
OTU_168,TRUE,TRUE,FALSE,FALSE,FALSE,FALSE
OTU_1680,FALSE,TRUE,FALSE,FALSE,FALSE,FALSE
OTU_1681,TRUE,TRUE,FALSE,FALSE,FALSE,TRUE
OTU_1682,FALSE,TRUE,FALSE,FALSE,FALSE,FALSE
OTU_1683,TRUE,TRUE,FALSE,FALSE,FALSE,TRUE
OTU_1684,FALSE,TRUE,TRUE,FALSE,FALSE,FALSE
OTU_1685,TRUE,TRUE,FALSE,FALSE,FALSE,FALSE
OTU_1686,TRUE,TRUE,TRUE,FALSE,FALSE,FALSE
OTU_1687,TRUE,TRUE,FALSE,FALSE,FALSE,FALSE
OTU_1688,FALSE,TRUE,FALSE,FALSE,FALSE,FALSE
OTU_1689,FALSE,TRUE,FALSE,FALSE,FALSE,FALSE
OTU_169,TRUE,TRUE,FALSE,FALSE,FALSE,FALSE
OTU_1690,TRUE,TRUE,FALSE,FALSE,FALSE,FALSE
OTU_1691,TRUE,TRUE,FALSE,FALSE,FALSE,FALSE
OTU_1692,TRUE,TRUE,FALSE,FALSE,FALSE,FALSE
OTU_1693,FALSE,TRUE,FALSE,FALSE,FALSE,FALSE
OTU_1694,FALSE,TRUE,FALSE,FALSE,FALSE,FALSE
OTU_1695,TRUE,TRUE,FALSE,FALSE,FALSE,FALSE
OTU_1696,TRUE,TRUE,FALSE,FALSE,FALSE,FALSE
OTU_1697,TRUE,TRUE,FALSE,FALSE,FALSE,FALSE
OTU_1698,TRUE,TRUE,FALSE,FALSE,FALSE,FALSE
OTU_1699,FALSE,TRUE,FALSE,FALSE,FALSE,FALSE
OTU_17,TRUE,TRUE,FALSE,FALSE,FALSE,FALSE
OTU_170,TRUE,TRUE,FALSE,FALSE,FALSE,FALSE
OTU_1700,TRUE,TRUE,TRUE,FALSE,FALSE,FALSE
OTU_1701,TRUE,TRUE,FALSE,FALSE,FALSE,FALSE
OTU_1702,FALSE,TRUE,FALSE,FALSE,FALSE,FALSE
OTU_1703,FALSE,TRUE,FALSE,FALSE,FALSE,FALSE
OTU_1704,TRUE,TRUE,TRUE,FALSE,TRUE,TRUE
OTU_1705,FALSE,TRUE,FALSE,FALSE,FALSE,FALSE
OTU_1706,TRUE,TRUE,FALSE,FALSE,FALSE,FALSE
OTU_1707,FALSE,TRUE,FALSE,FALSE,FALSE,FALSE
OTU_1708,TRUE,TRUE,TRUE,FALSE,FALSE,FALSE
OTU_1709,TRUE,TRUE,TRUE,TRUE,TRUE,TRUE
OTU_171,TRUE,TRUE,FALSE,FALSE,FALSE,FALSE
OTU_1710,FALSE,TRUE,FALSE,FALSE,FALSE,FALSE
OTU_1711,FALSE,TRUE,FALSE,FALSE,FALSE,FALSE
OTU_1712,FALSE,TRUE,FALSE,FALSE,FALSE,FALSE
OTU_1713,TRUE,TRUE,TRUE,FALSE,FALSE,TRUE
OTU_1714,TRUE,TRUE,TRUE,FALSE,FALSE,FALSE
OTU_1715,FALSE,TRUE,FALSE,FALSE,FALSE,FALSE
OTU_1716,TRUE,TRUE,FALSE,FALSE,FALSE,FALSE
OTU_1717,TRUE,TRUE,FALSE,FALSE,FALSE,FALSE
OTU_1718,TRUE,TRUE,TRUE,TRUE,FALSE,FALSE
OTU_1719,FALSE,TRUE,TRUE,FALSE,FALSE,FALSE
OTU_172,TRUE,TRUE,FALSE,FALSE,FALSE,FALSE
OTU_1720,TRUE,TRUE,FALSE,FALSE,FALSE,FALSE
OTU_1721,FALSE,TRUE,FALSE,FALSE,FALSE,FALSE
OTU_1722,TRUE,TRUE,TRUE,FALSE,FALSE,FALSE
OTU_1723,FALSE,TRUE,TRUE,TRUE,TRUE,TRUE
OTU_1724,TRUE,TRUE,FALSE,FALSE,FALSE,FALSE
OTU_1725,FALSE,TRUE,FALSE,FALSE,FALSE,FALSE
OTU_1726,FALSE,TRUE,TRUE,FALSE,FALSE,FALSE
OTU_1727,FALSE,TRUE,FALSE,FALSE,FALSE,FALSE
OTU_1728,TRUE,TRUE,FALSE,FALSE,FALSE,FALSE
OTU_1729,FALSE,TRUE,FALSE,FALSE,FALSE,FALSE
OTU_173,TRUE,TRUE,FALSE,FALSE,FALSE,FALSE
OTU_1730,FALSE,TRUE,FALSE,FALSE,FALSE,FALSE
OTU_1731,FALSE,TRUE,FALSE,FALSE,FALSE,FALSE
OTU_1732,FALSE,TRUE,TRUE,TRUE,FALSE,FALSE
OTU_1733,FALSE,TRUE,TRUE,FALSE,FALSE,FALSE
OTU_1734,FALSE,TRUE,TRUE,FALSE,TRUE,FALSE
OTU_1735,TRUE,TRUE,TRUE,TRUE,FALSE,TRUE
OTU_1736,FALSE,TRUE,TRUE,FALSE,TRUE,FALSE
OTU_1737,FALSE,TRUE,TRUE,FALSE,TRUE,FALSE
OTU_1738,FALSE,TRUE,TRUE,TRUE,FALSE,FALSE
OTU_1739,FALSE,FALSE,TRUE,TRUE,TRUE,FALSE
OTU_174,TRUE,TRUE,FALSE,FALSE,FALSE,TRUE
OTU_1740,FALSE,FALSE,TRUE,FALSE,FALSE,TRUE
OTU_1741,FALSE,FALSE,TRUE,FALSE,FALSE,FALSE
OTU_1742,FALSE,TRUE,TRUE,TRUE,TRUE,FALSE
OTU_1743,FALSE,FALSE,TRUE,FALSE,TRUE,TRUE
OTU_1744,FALSE,FALSE,TRUE,FALSE,FALSE,FALSE
OTU_1745,FALSE,FALSE,TRUE,TRUE,TRUE,TRUE
OTU_1746,FALSE,FALSE,TRUE,FALSE,FALSE,FALSE
OTU_1747,FALSE,FALSE,TRUE,FALSE,TRUE,FALSE
OTU_1748,TRUE,TRUE,TRUE,FALSE,TRUE,TRUE
OTU_1749,TRUE,TRUE,TRUE,TRUE,TRUE,TRUE
OTU_175,TRUE,TRUE,TRUE,TRUE,TRUE,TRUE
OTU_1750,FALSE,TRUE,TRUE,FALSE,TRUE,FALSE
OTU_1751,FALSE,FALSE,TRUE,FALSE,TRUE,TRUE
OTU_1752,TRUE,TRUE,TRUE,TRUE,FALSE,FALSE
OTU_1753,FALSE,TRUE,TRUE,TRUE,TRUE,TRUE
OTU_1754,TRUE,TRUE,TRUE,FALSE,FALSE,TRUE
OTU_1755,FALSE,TRUE,TRUE,TRUE,TRUE,FALSE
OTU_1756,FALSE,TRUE,TRUE,TRUE,TRUE,FALSE
OTU_1757,FALSE,FALSE,TRUE,TRUE,TRUE,TRUE
OTU_1758,FALSE,TRUE,TRUE,TRUE,TRUE,FALSE
OTU_1759,FALSE,FALSE,TRUE,TRUE,TRUE,TRUE
OTU_176,TRUE,TRUE,FALSE,FALSE,FALSE,FALSE
OTU_1760,FALSE,FALSE,FALSE,TRUE,TRUE,TRUE
OTU_1761,FALSE,FALSE,FALSE,FALSE,TRUE,FALSE
OTU_1762,FALSE,FALSE,TRUE,FALSE,TRUE,FALSE
OTU_1763,FALSE,FALSE,FALSE,FALSE,TRUE,TRUE
OTU_1764,FALSE,FALSE,FALSE,FALSE,TRUE,TRUE
OTU_1765,FALSE,TRUE,TRUE,TRUE,TRUE,TRUE
OTU_1766,FALSE,FALSE,FALSE,FALSE,TRUE,FALSE
OTU_1767,FALSE,FALSE,FALSE,FALSE,TRUE,TRUE
OTU_1768,FALSE,FALSE,FALSE,FALSE,TRUE,TRUE
OTU_1769,TRUE,TRUE,TRUE,TRUE,TRUE,FALSE
OTU_177,TRUE,TRUE,FALSE,FALSE,FALSE,FALSE
OTU_1770,FALSE,FALSE,TRUE,TRUE,TRUE,TRUE
OTU_1771,TRUE,TRUE,FALSE,FALSE,TRUE,TRUE
OTU_1772,FALSE,TRUE,TRUE,TRUE,TRUE,TRUE
OTU_1773,FALSE,FALSE,TRUE,TRUE,TRUE,TRUE
OTU_1774,FALSE,TRUE,FALSE,FALSE,TRUE,TRUE
OTU_1775,FALSE,FALSE,TRUE,TRUE,TRUE,TRUE
OTU_1776,FALSE,FALSE,TRUE,FALSE,FALSE,TRUE
OTU_1777,FALSE,TRUE,TRUE,TRUE,TRUE,TRUE
OTU_1778,TRUE,TRUE,TRUE,TRUE,TRUE,TRUE
OTU_1779,FALSE,FALSE,FALSE,TRUE,TRUE,TRUE
OTU_178,FALSE,FALSE,TRUE,FALSE,TRUE,TRUE
OTU_1780,TRUE,FALSE,FALSE,FALSE,FALSE,TRUE
OTU_1781,FALSE,TRUE,TRUE,FALSE,TRUE,TRUE
OTU_1782,FALSE,FALSE,TRUE,TRUE,TRUE,TRUE
OTU_1783,FALSE,FALSE,FALSE,TRUE,TRUE,TRUE
OTU_1784,FALSE,FALSE,TRUE,FALSE,TRUE,TRUE
OTU_1785,TRUE,FALSE,TRUE,TRUE,TRUE,TRUE
OTU_1786,FALSE,FALSE,TRUE,FALSE,TRUE,TRUE
OTU_1787,FALSE,FALSE,FALSE,FALSE,FALSE,TRUE
OTU_1788,TRUE,TRUE,TRUE,FALSE,FALSE,FALSE
OTU_1789,TRUE,TRUE,FALSE,FALSE,FALSE,FALSE
OTU_179,TRUE,TRUE,FALSE,FALSE,FALSE,FALSE
OTU_1790,FALSE,TRUE,FALSE,FALSE,FALSE,FALSE
OTU_1791,FALSE,TRUE,FALSE,FALSE,FALSE,FALSE
OTU_1792,FALSE,TRUE,TRUE,TRUE,TRUE,FALSE
OTU_1793,TRUE,TRUE,FALSE,FALSE,FALSE,FALSE
OTU_1794,FALSE,TRUE,FALSE,FALSE,TRUE,FALSE
OTU_1795,TRUE,TRUE,TRUE,TRUE,TRUE,TRUE
OTU_1796,FALSE,TRUE,TRUE,FALSE,TRUE,TRUE
OTU_1797,FALSE,FALSE,TRUE,FALSE,TRUE,FALSE
OTU_1798,TRUE,TRUE,FALSE,FALSE,FALSE,TRUE
OTU_1799,FALSE,TRUE,FALSE,FALSE,FALSE,FALSE
OTU_18,TRUE,TRUE,TRUE,FALSE,FALSE,FALSE
OTU_180,TRUE,TRUE,FALSE,FALSE,FALSE,FALSE
OTU_1800,FALSE,TRUE,TRUE,FALSE,FALSE,FALSE
OTU_1801,TRUE,TRUE,TRUE,FALSE,FALSE,FALSE
OTU_1802,TRUE,FALSE,FALSE,FALSE,FALSE,FALSE
OTU_1803,TRUE,TRUE,FALSE,FALSE,FALSE,FALSE
OTU_1804,FALSE,TRUE,FALSE,FALSE,FALSE,FALSE
OTU_1805,FALSE,TRUE,FALSE,FALSE,FALSE,FALSE
OTU_1806,FALSE,TRUE,FALSE,FALSE,FALSE,FALSE
OTU_1807,FALSE,FALSE,FALSE,FALSE,TRUE,TRUE
OTU_1808,TRUE,FALSE,FALSE,FALSE,FALSE,FALSE
OTU_1809,TRUE,TRUE,FALSE,FALSE,FALSE,FALSE
OTU_181,TRUE,TRUE,TRUE,TRUE,TRUE,TRUE
OTU_1810,TRUE,TRUE,FALSE,FALSE,FALSE,TRUE
OTU_1811,TRUE,TRUE,FALSE,FALSE,FALSE,FALSE
OTU_1812,TRUE,TRUE,FALSE,FALSE,FALSE,FALSE
OTU_1813,FALSE,TRUE,TRUE,TRUE,TRUE,TRUE
OTU_1814,TRUE,TRUE,TRUE,TRUE,TRUE,TRUE
OTU_1815,TRUE,TRUE,FALSE,FALSE,FALSE,FALSE
OTU_1816,TRUE,TRUE,FALSE,FALSE,FALSE,FALSE
OTU_1817,TRUE,TRUE,TRUE,FALSE,FALSE,FALSE
OTU_1818,FALSE,TRUE,FALSE,FALSE,FALSE,FALSE
OTU_1819,TRUE,TRUE,FALSE,FALSE,FALSE,FALSE
OTU_182,TRUE,TRUE,FALSE,FALSE,FALSE,FALSE
OTU_1820,FALSE,TRUE,FALSE,FALSE,FALSE,FALSE
OTU_1821,FALSE,TRUE,FALSE,FALSE,FALSE,FALSE
OTU_1822,TRUE,TRUE,TRUE,TRUE,TRUE,TRUE
OTU_1823,TRUE,TRUE,TRUE,TRUE,TRUE,TRUE
OTU_1824,TRUE,TRUE,FALSE,FALSE,FALSE,FALSE
OTU_1825,FALSE,TRUE,TRUE,TRUE,TRUE,TRUE
OTU_1826,FALSE,FALSE,FALSE,FALSE,TRUE,FALSE
OTU_1827,TRUE,TRUE,FALSE,FALSE,FALSE,FALSE
OTU_1828,TRUE,TRUE,TRUE,FALSE,TRUE,TRUE
OTU_1829,TRUE,TRUE,FALSE,TRUE,FALSE,FALSE
OTU_183,TRUE,TRUE,FALSE,FALSE,FALSE,FALSE
OTU_1830,FALSE,TRUE,FALSE,FALSE,FALSE,TRUE
OTU_1831,FALSE,TRUE,FALSE,FALSE,FALSE,FALSE
OTU_1832,FALSE,TRUE,FALSE,FALSE,FALSE,FALSE
OTU_1833,FALSE,TRUE,FALSE,FALSE,FALSE,FALSE
OTU_1834,FALSE,TRUE,FALSE,FALSE,FALSE,FALSE
OTU_1835,FALSE,TRUE,FALSE,FALSE,FALSE,FALSE
OTU_1836,FALSE,TRUE,FALSE,FALSE,FALSE,FALSE
OTU_1837,FALSE,TRUE,FALSE,FALSE,FALSE,FALSE
OTU_1838,FALSE,TRUE,FALSE,FALSE,FALSE,FALSE
OTU_1839,FALSE,TRUE,FALSE,FALSE,TRUE,TRUE
OTU_184,TRUE,TRUE,TRUE,FALSE,FALSE,FALSE
OTU_1840,FALSE,TRUE,FALSE,FALSE,FALSE,FALSE
OTU_1841,FALSE,TRUE,FALSE,FALSE,FALSE,FALSE
OTU_1842,FALSE,FALSE,TRUE,TRUE,TRUE,TRUE
OTU_1843,FALSE,FALSE,FALSE,FALSE,TRUE,TRUE
OTU_1844,FALSE,FALSE,FALSE,FALSE,TRUE,FALSE
OTU_1845,FALSE,FALSE,TRUE,TRUE,TRUE,TRUE
OTU_1846,FALSE,TRUE,TRUE,TRUE,TRUE,TRUE
OTU_1847,TRUE,TRUE,TRUE,TRUE,TRUE,TRUE
OTU_1848,TRUE,TRUE,FALSE,FALSE,FALSE,FALSE
OTU_1849,FALSE,TRUE,TRUE,TRUE,TRUE,TRUE
OTU_185,TRUE,TRUE,FALSE,FALSE,FALSE,FALSE
OTU_1850,FALSE,FALSE,FALSE,FALSE,TRUE,FALSE
OTU_1851,TRUE,TRUE,TRUE,FALSE,TRUE,FALSE
OTU_1852,TRUE,TRUE,FALSE,FALSE,FALSE,FALSE
OTU_1853,FALSE,TRUE,TRUE,TRUE,TRUE,FALSE
OTU_1854,FALSE,TRUE,TRUE,FALSE,TRUE,TRUE
OTU_1855,TRUE,TRUE,FALSE,FALSE,FALSE,FALSE
OTU_1856,FALSE,TRUE,TRUE,FALSE,FALSE,FALSE
OTU_1857,FALSE,TRUE,TRUE,TRUE,TRUE,FALSE
OTU_1858,FALSE,TRUE,TRUE,FALSE,TRUE,TRUE
OTU_1859,FALSE,TRUE,TRUE,TRUE,TRUE,FALSE
OTU_186,TRUE,TRUE,TRUE,FALSE,FALSE,FALSE
OTU_1860,FALSE,TRUE,TRUE,TRUE,TRUE,FALSE
OTU_1861,TRUE,TRUE,TRUE,TRUE,TRUE,TRUE
OTU_1862,TRUE,TRUE,FALSE,FALSE,FALSE,FALSE
OTU_1863,FALSE,TRUE,TRUE,TRUE,FALSE,FALSE
OTU_1864,FALSE,TRUE,TRUE,TRUE,TRUE,FALSE
OTU_1865,FALSE,TRUE,TRUE,FALSE,TRUE,TRUE
OTU_1866,FALSE,TRUE,TRUE,TRUE,TRUE,TRUE
OTU_1867,TRUE,TRUE,FALSE,FALSE,FALSE,FALSE
OTU_1868,TRUE,TRUE,FALSE,FALSE,FALSE,FALSE
OTU_1869,FALSE,TRUE,TRUE,TRUE,FALSE,FALSE
OTU_187,TRUE,TRUE,FALSE,FALSE,FALSE,FALSE
OTU_1870,FALSE,TRUE,TRUE,FALSE,TRUE,FALSE
OTU_1871,FALSE,TRUE,FALSE,FALSE,FALSE,FALSE
OTU_1872,TRUE,TRUE,TRUE,TRUE,TRUE,FALSE
OTU_1873,FALSE,TRUE,TRUE,TRUE,FALSE,FALSE
OTU_1874,FALSE,TRUE,FALSE,FALSE,FALSE,FALSE
OTU_1875,FALSE,TRUE,TRUE,FALSE,FALSE,FALSE
OTU_1876,FALSE,TRUE,TRUE,TRUE,TRUE,TRUE
OTU_1877,FALSE,TRUE,TRUE,TRUE,TRUE,TRUE
OTU_1878,FALSE,TRUE,TRUE,FALSE,TRUE,TRUE
OTU_1879,TRUE,TRUE,TRUE,FALSE,FALSE,FALSE
OTU_188,TRUE,TRUE,TRUE,TRUE,TRUE,TRUE
OTU_1880,TRUE,TRUE,TRUE,FALSE,FALSE,FALSE
OTU_1881,FALSE,TRUE,FALSE,FALSE,FALSE,FALSE
OTU_1882,FALSE,TRUE,FALSE,FALSE,FALSE,FALSE
OTU_1883,FALSE,TRUE,TRUE,FALSE,TRUE,FALSE
OTU_1884,TRUE,TRUE,FALSE,FALSE,FALSE,FALSE
OTU_1885,FALSE,TRUE,FALSE,FALSE,FALSE,FALSE
OTU_1886,TRUE,TRUE,FALSE,FALSE,FALSE,FALSE
OTU_1887,FALSE,TRUE,TRUE,TRUE,TRUE,FALSE
OTU_1888,FALSE,TRUE,TRUE,FALSE,TRUE,FALSE
OTU_1889,FALSE,TRUE,FALSE,FALSE,FALSE,FALSE
OTU_189,FALSE,FALSE,TRUE,TRUE,TRUE,TRUE
OTU_1890,FALSE,TRUE,FALSE,FALSE,FALSE,FALSE
OTU_1891,FALSE,TRUE,TRUE,TRUE,FALSE,FALSE
OTU_1892,TRUE,TRUE,FALSE,FALSE,FALSE,FALSE
OTU_1893,TRUE,TRUE,TRUE,TRUE,TRUE,FALSE
OTU_1894,FALSE,TRUE,TRUE,TRUE,TRUE,FALSE
OTU_1895,FALSE,TRUE,TRUE,TRUE,TRUE,FALSE
OTU_1896,FALSE,TRUE,TRUE,FALSE,TRUE,TRUE
OTU_1897,FALSE,TRUE,TRUE,FALSE,FALSE,FALSE
OTU_1898,FALSE,TRUE,FALSE,FALSE,TRUE,FALSE
OTU_1899,FALSE,TRUE,FALSE,FALSE,FALSE,FALSE
OTU_19,TRUE,TRUE,FALSE,FALSE,FALSE,FALSE
OTU_190,FALSE,FALSE,TRUE,TRUE,TRUE,TRUE
OTU_1900,FALSE,TRUE,FALSE,FALSE,FALSE,FALSE
OTU_1901,FALSE,TRUE,TRUE,FALSE,FALSE,FALSE
OTU_1902,FALSE,TRUE,TRUE,FALSE,TRUE,TRUE
OTU_1903,FALSE,TRUE,FALSE,FALSE,FALSE,FALSE
OTU_1904,FALSE,TRUE,FALSE,FALSE,FALSE,TRUE
OTU_1905,FALSE,TRUE,TRUE,FALSE,FALSE,FALSE
OTU_1906,FALSE,TRUE,TRUE,FALSE,FALSE,FALSE
OTU_1907,FALSE,TRUE,TRUE,TRUE,TRUE,TRUE
OTU_1908,TRUE,FALSE,TRUE,TRUE,TRUE,FALSE
OTU_1909,FALSE,TRUE,FALSE,FALSE,TRUE,TRUE
OTU_191,FALSE,TRUE,TRUE,TRUE,TRUE,TRUE
OTU_1910,FALSE,TRUE,FALSE,FALSE,TRUE,FALSE
OTU_1911,TRUE,TRUE,FALSE,FALSE,FALSE,FALSE
OTU_1912,TRUE,TRUE,FALSE,FALSE,FALSE,FALSE
OTU_1913,TRUE,TRUE,FALSE,FALSE,FALSE,FALSE
OTU_1914,TRUE,TRUE,FALSE,FALSE,FALSE,FALSE
OTU_1915,TRUE,TRUE,FALSE,FALSE,FALSE,FALSE
OTU_1916,TRUE,TRUE,FALSE,FALSE,FALSE,FALSE
OTU_1917,TRUE,TRUE,FALSE,FALSE,FALSE,FALSE
OTU_1918,TRUE,TRUE,FALSE,FALSE,FALSE,FALSE
OTU_1919,FALSE,TRUE,TRUE,FALSE,FALSE,FALSE
OTU_192,FALSE,TRUE,TRUE,TRUE,TRUE,TRUE
OTU_1920,FALSE,TRUE,TRUE,FALSE,FALSE,FALSE
OTU_1921,TRUE,TRUE,TRUE,TRUE,FALSE,FALSE
OTU_1922,FALSE,TRUE,TRUE,FALSE,FALSE,FALSE
OTU_1923,TRUE,TRUE,FALSE,FALSE,FALSE,FALSE
OTU_1924,TRUE,TRUE,FALSE,TRUE,FALSE,FALSE
OTU_1925,TRUE,TRUE,FALSE,FALSE,FALSE,FALSE
OTU_1926,TRUE,TRUE,TRUE,FALSE,FALSE,FALSE
OTU_1927,TRUE,TRUE,FALSE,TRUE,FALSE,TRUE
OTU_1928,TRUE,TRUE,FALSE,FALSE,FALSE,FALSE
OTU_1929,TRUE,TRUE,FALSE,FALSE,FALSE,FALSE
OTU_193,TRUE,TRUE,FALSE,FALSE,FALSE,FALSE
OTU_1930,TRUE,TRUE,FALSE,FALSE,FALSE,FALSE
OTU_1931,TRUE,TRUE,FALSE,FALSE,FALSE,FALSE
OTU_1932,TRUE,TRUE,FALSE,FALSE,FALSE,FALSE
OTU_1933,TRUE,TRUE,FALSE,FALSE,FALSE,FALSE
OTU_1934,TRUE,TRUE,FALSE,FALSE,TRUE,TRUE
OTU_1935,TRUE,TRUE,FALSE,FALSE,FALSE,FALSE
OTU_1936,TRUE,TRUE,FALSE,FALSE,FALSE,FALSE
OTU_1937,TRUE,TRUE,FALSE,FALSE,FALSE,FALSE
OTU_1938,TRUE,TRUE,FALSE,FALSE,FALSE,TRUE
OTU_1939,TRUE,TRUE,FALSE,FALSE,FALSE,FALSE
OTU_194,TRUE,TRUE,FALSE,FALSE,FALSE,FALSE
OTU_1940,TRUE,TRUE,FALSE,FALSE,FALSE,FALSE
OTU_1941,TRUE,TRUE,TRUE,FALSE,FALSE,FALSE
OTU_1942,TRUE,TRUE,FALSE,FALSE,FALSE,FALSE
OTU_1943,TRUE,TRUE,FALSE,FALSE,FALSE,FALSE
OTU_1944,TRUE,TRUE,FALSE,FALSE,FALSE,FALSE
OTU_1945,TRUE,TRUE,FALSE,FALSE,TRUE,TRUE
OTU_1946,TRUE,TRUE,FALSE,TRUE,TRUE,FALSE
OTU_1947,TRUE,FALSE,FALSE,FALSE,FALSE,FALSE
OTU_1948,TRUE,TRUE,FALSE,FALSE,FALSE,FALSE
OTU_195,TRUE,TRUE,FALSE,FALSE,FALSE,FALSE
OTU_1950,TRUE,TRUE,FALSE,FALSE,FALSE,FALSE
OTU_1951,TRUE,TRUE,FALSE,FALSE,TRUE,TRUE
OTU_1952,TRUE,TRUE,FALSE,FALSE,FALSE,FALSE
OTU_1953,TRUE,TRUE,FALSE,FALSE,FALSE,TRUE
OTU_1954,TRUE,FALSE,TRUE,FALSE,TRUE,FALSE
OTU_1955,TRUE,TRUE,FALSE,FALSE,FALSE,FALSE
OTU_1956,TRUE,TRUE,FALSE,FALSE,FALSE,FALSE
OTU_1957,TRUE,TRUE,FALSE,FALSE,FALSE,FALSE
OTU_1958,TRUE,TRUE,FALSE,FALSE,FALSE,FALSE
OTU_1959,FALSE,FALSE,FALSE,TRUE,TRUE,TRUE
OTU_196,TRUE,TRUE,TRUE,FALSE,FALSE,FALSE
OTU_1960,TRUE,TRUE,FALSE,FALSE,FALSE,FALSE
OTU_1961,TRUE,TRUE,TRUE,TRUE,TRUE,TRUE
OTU_1962,TRUE,TRUE,FALSE,TRUE,FALSE,TRUE
OTU_1963,TRUE,TRUE,FALSE,FALSE,FALSE,TRUE
OTU_1964,TRUE,TRUE,FALSE,FALSE,TRUE,FALSE
OTU_1965,TRUE,TRUE,FALSE,FALSE,FALSE,FALSE
OTU_1966,TRUE,TRUE,TRUE,FALSE,FALSE,FALSE
OTU_1967,TRUE,TRUE,FALSE,FALSE,TRUE,TRUE
OTU_1968,TRUE,TRUE,FALSE,FALSE,FALSE,TRUE
OTU_1969,TRUE,TRUE,FALSE,FALSE,FALSE,FALSE
OTU_197,TRUE,TRUE,TRUE,TRUE,TRUE,FALSE
OTU_1970,TRUE,TRUE,FALSE,FALSE,TRUE,FALSE
OTU_1971,TRUE,TRUE,FALSE,FALSE,FALSE,FALSE
OTU_1972,TRUE,TRUE,FALSE,FALSE,FALSE,FALSE
OTU_1973,TRUE,TRUE,FALSE,FALSE,FALSE,FALSE
OTU_1974,TRUE,TRUE,FALSE,FALSE,FALSE,FALSE
OTU_1975,TRUE,TRUE,FALSE,FALSE,FALSE,FALSE
OTU_1976,TRUE,TRUE,FALSE,FALSE,FALSE,FALSE
OTU_1977,TRUE,TRUE,FALSE,FALSE,FALSE,FALSE
OTU_1978,TRUE,TRUE,FALSE,FALSE,FALSE,FALSE
OTU_1979,TRUE,TRUE,FALSE,FALSE,FALSE,TRUE
OTU_198,TRUE,TRUE,TRUE,TRUE,TRUE,TRUE
OTU_1980,TRUE,TRUE,FALSE,FALSE,FALSE,FALSE
OTU_1981,TRUE,TRUE,FALSE,FALSE,FALSE,TRUE
OTU_1982,TRUE,TRUE,FALSE,FALSE,FALSE,FALSE
OTU_1983,TRUE,TRUE,FALSE,FALSE,FALSE,FALSE
OTU_1984,TRUE,TRUE,FALSE,FALSE,FALSE,TRUE
OTU_1985,TRUE,TRUE,FALSE,FALSE,FALSE,FALSE
OTU_1986,TRUE,TRUE,FALSE,FALSE,FALSE,FALSE
OTU_1987,TRUE,TRUE,FALSE,TRUE,FALSE,TRUE
OTU_1988,TRUE,TRUE,FALSE,FALSE,FALSE,FALSE
OTU_1989,TRUE,TRUE,FALSE,FALSE,FALSE,FALSE
OTU_199,TRUE,TRUE,FALSE,FALSE,FALSE,FALSE
OTU_1990,TRUE,TRUE,FALSE,TRUE,TRUE,TRUE
OTU_1991,TRUE,TRUE,FALSE,FALSE,FALSE,FALSE
OTU_1992,TRUE,TRUE,FALSE,FALSE,FALSE,TRUE
OTU_1993,TRUE,TRUE,FALSE,FALSE,FALSE,TRUE
OTU_1994,TRUE,TRUE,FALSE,TRUE,TRUE,TRUE
OTU_1995,TRUE,FALSE,FALSE,TRUE,FALSE,FALSE
OTU_1996,TRUE,TRUE,FALSE,FALSE,TRUE,TRUE
OTU_1997,TRUE,TRUE,FALSE,FALSE,FALSE,TRUE
OTU_1998,TRUE,TRUE,FALSE,FALSE,FALSE,TRUE
OTU_1999,TRUE,FALSE,FALSE,FALSE,TRUE,FALSE
OTU_2,TRUE,TRUE,FALSE,FALSE,FALSE,FALSE
OTU_20,TRUE,TRUE,FALSE,FALSE,FALSE,FALSE
OTU_200,TRUE,TRUE,FALSE,FALSE,FALSE,FALSE
OTU_2000,TRUE,TRUE,TRUE,TRUE,TRUE,TRUE
OTU_2001,TRUE,TRUE,FALSE,FALSE,FALSE,FALSE
OTU_2002,TRUE,TRUE,FALSE,FALSE,FALSE,FALSE
OTU_2003,TRUE,TRUE,FALSE,FALSE,FALSE,FALSE
OTU_2004,TRUE,TRUE,FALSE,FALSE,FALSE,FALSE
OTU_2005,TRUE,TRUE,FALSE,FALSE,FALSE,TRUE
OTU_2006,TRUE,FALSE,FALSE,FALSE,FALSE,FALSE
OTU_2007,TRUE,TRUE,FALSE,FALSE,FALSE,FALSE
OTU_2008,TRUE,FALSE,FALSE,FALSE,FALSE,FALSE
OTU_2009,TRUE,TRUE,FALSE,FALSE,FALSE,TRUE
OTU_201,TRUE,TRUE,TRUE,TRUE,TRUE,TRUE
OTU_2010,TRUE,FALSE,FALSE,FALSE,FALSE,TRUE
OTU_2011,TRUE,TRUE,FALSE,FALSE,FALSE,TRUE
OTU_2012,TRUE,TRUE,FALSE,FALSE,FALSE,FALSE
OTU_2013,TRUE,TRUE,FALSE,FALSE,TRUE,FALSE
OTU_2014,TRUE,TRUE,TRUE,TRUE,TRUE,TRUE
OTU_2015,FALSE,FALSE,TRUE,TRUE,TRUE,FALSE
OTU_2016,TRUE,TRUE,FALSE,FALSE,FALSE,FALSE
OTU_2017,FALSE,FALSE,TRUE,TRUE,TRUE,TRUE
OTU_2018,FALSE,TRUE,TRUE,TRUE,TRUE,TRUE
OTU_2019,FALSE,TRUE,TRUE,TRUE,TRUE,FALSE
OTU_202,TRUE,TRUE,FALSE,FALSE,FALSE,FALSE
OTU_2020,TRUE,TRUE,TRUE,TRUE,TRUE,TRUE
OTU_2021,FALSE,FALSE,TRUE,TRUE,TRUE,TRUE
OTU_2022,FALSE,FALSE,TRUE,TRUE,TRUE,TRUE
OTU_2023,TRUE,TRUE,TRUE,FALSE,TRUE,TRUE
OTU_2024,TRUE,TRUE,TRUE,FALSE,FALSE,FALSE
OTU_2025,FALSE,TRUE,FALSE,FALSE,FALSE,FALSE
OTU_2026,FALSE,TRUE,FALSE,FALSE,FALSE,FALSE
OTU_2027,FALSE,FALSE,TRUE,TRUE,TRUE,TRUE
OTU_2028,FALSE,TRUE,TRUE,TRUE,FALSE,FALSE
OTU_2029,TRUE,TRUE,FALSE,FALSE,FALSE,FALSE
OTU_203,TRUE,TRUE,FALSE,FALSE,FALSE,FALSE
OTU_2030,FALSE,TRUE,TRUE,TRUE,TRUE,TRUE
OTU_2031,TRUE,TRUE,FALSE,FALSE,FALSE,FALSE
OTU_2032,FALSE,TRUE,TRUE,TRUE,TRUE,FALSE
OTU_2033,FALSE,FALSE,TRUE,TRUE,TRUE,FALSE
OTU_2034,TRUE,TRUE,FALSE,FALSE,FALSE,FALSE
OTU_2035,TRUE,TRUE,FALSE,FALSE,FALSE,FALSE
OTU_2036,FALSE,TRUE,FALSE,FALSE,FALSE,FALSE
OTU_2037,TRUE,TRUE,FALSE,FALSE,FALSE,TRUE
OTU_2038,TRUE,TRUE,TRUE,TRUE,TRUE,FALSE
OTU_2039,FALSE,TRUE,FALSE,FALSE,FALSE,FALSE
OTU_204,TRUE,TRUE,TRUE,FALSE,FALSE,FALSE
OTU_2040,TRUE,TRUE,FALSE,FALSE,FALSE,FALSE
OTU_2041,TRUE,TRUE,FALSE,FALSE,FALSE,FALSE
OTU_2042,TRUE,TRUE,TRUE,FALSE,FALSE,TRUE
OTU_2043,FALSE,TRUE,TRUE,FALSE,FALSE,FALSE
OTU_2044,FALSE,TRUE,TRUE,TRUE,TRUE,TRUE
OTU_2045,TRUE,TRUE,FALSE,FALSE,FALSE,FALSE
OTU_2046,FALSE,TRUE,FALSE,FALSE,FALSE,FALSE
OTU_2047,FALSE,FALSE,TRUE,TRUE,TRUE,TRUE
OTU_2048,TRUE,TRUE,TRUE,FALSE,FALSE,FALSE
OTU_2049,TRUE,TRUE,TRUE,FALSE,TRUE,TRUE
OTU_205,TRUE,TRUE,FALSE,FALSE,FALSE,FALSE
OTU_2050,FALSE,FALSE,TRUE,FALSE,FALSE,FALSE
OTU_2051,FALSE,FALSE,TRUE,TRUE,TRUE,TRUE
OTU_2052,FALSE,TRUE,TRUE,TRUE,TRUE,TRUE
OTU_2053,TRUE,TRUE,FALSE,FALSE,FALSE,FALSE
OTU_2054,FALSE,TRUE,FALSE,FALSE,FALSE,FALSE
OTU_2055,FALSE,TRUE,FALSE,FALSE,FALSE,FALSE
OTU_2056,TRUE,TRUE,TRUE,FALSE,FALSE,FALSE
OTU_2057,TRUE,TRUE,TRUE,TRUE,TRUE,TRUE
OTU_2058,FALSE,TRUE,FALSE,FALSE,FALSE,FALSE
OTU_2059,FALSE,TRUE,TRUE,TRUE,TRUE,TRUE
OTU_206,FALSE,TRUE,FALSE,FALSE,FALSE,FALSE
OTU_2060,TRUE,TRUE,TRUE,TRUE,TRUE,FALSE
OTU_2061,FALSE,TRUE,FALSE,TRUE,FALSE,FALSE
OTU_2062,FALSE,TRUE,TRUE,TRUE,TRUE,TRUE
OTU_2063,TRUE,TRUE,TRUE,TRUE,TRUE,FALSE
OTU_2064,FALSE,FALSE,TRUE,FALSE,TRUE,FALSE
OTU_2065,FALSE,FALSE,TRUE,TRUE,FALSE,TRUE
OTU_2066,TRUE,TRUE,TRUE,TRUE,FALSE,FALSE
OTU_2067,FALSE,FALSE,TRUE,TRUE,TRUE,FALSE
OTU_2068,TRUE,TRUE,TRUE,TRUE,TRUE,TRUE
OTU_2069,TRUE,TRUE,TRUE,FALSE,FALSE,FALSE
OTU_207,TRUE,TRUE,TRUE,TRUE,TRUE,TRUE
OTU_2070,TRUE,TRUE,FALSE,FALSE,FALSE,FALSE
OTU_2071,TRUE,TRUE,FALSE,FALSE,FALSE,FALSE
OTU_2072,TRUE,TRUE,TRUE,FALSE,FALSE,FALSE
OTU_2073,FALSE,TRUE,FALSE,FALSE,FALSE,FALSE
OTU_2074,FALSE,TRUE,FALSE,FALSE,FALSE,FALSE
OTU_2075,FALSE,TRUE,FALSE,FALSE,FALSE,FALSE
OTU_2076,TRUE,TRUE,TRUE,FALSE,FALSE,FALSE
OTU_2077,FALSE,TRUE,FALSE,FALSE,FALSE,FALSE
OTU_2078,TRUE,TRUE,FALSE,FALSE,FALSE,FALSE
OTU_2079,TRUE,TRUE,FALSE,FALSE,FALSE,FALSE
OTU_208,FALSE,TRUE,TRUE,FALSE,FALSE,FALSE
OTU_2080,TRUE,TRUE,FALSE,FALSE,FALSE,FALSE
OTU_2081,FALSE,TRUE,FALSE,FALSE,FALSE,FALSE
OTU_2082,FALSE,TRUE,TRUE,FALSE,FALSE,FALSE
OTU_2083,FALSE,TRUE,TRUE,FALSE,FALSE,FALSE
OTU_2084,FALSE,TRUE,FALSE,FALSE,FALSE,FALSE
OTU_2085,TRUE,TRUE,FALSE,FALSE,FALSE,FALSE
OTU_2086,FALSE,TRUE,FALSE,FALSE,FALSE,FALSE
OTU_2087,TRUE,TRUE,FALSE,FALSE,FALSE,FALSE
OTU_2088,TRUE,TRUE,FALSE,FALSE,FALSE,FALSE
OTU_2089,TRUE,TRUE,FALSE,FALSE,FALSE,FALSE
OTU_209,TRUE,TRUE,FALSE,FALSE,FALSE,FALSE
OTU_2090,FALSE,TRUE,TRUE,FALSE,FALSE,FALSE
OTU_2091,FALSE,TRUE,TRUE,FALSE,FALSE,FALSE
OTU_2092,FALSE,TRUE,TRUE,TRUE,FALSE,FALSE
OTU_2093,FALSE,TRUE,TRUE,FALSE,FALSE,FALSE
OTU_2094,FALSE,TRUE,TRUE,TRUE,TRUE,TRUE
OTU_2095,FALSE,TRUE,TRUE,FALSE,TRUE,TRUE
OTU_2096,FALSE,TRUE,TRUE,TRUE,TRUE,FALSE
OTU_2097,FALSE,FALSE,FALSE,TRUE,TRUE,TRUE
OTU_2098,FALSE,FALSE,TRUE,TRUE,TRUE,TRUE
OTU_2099,FALSE,FALSE,TRUE,TRUE,TRUE,TRUE
OTU_21,TRUE,TRUE,FALSE,FALSE,FALSE,FALSE
OTU_210,FALSE,TRUE,FALSE,FALSE,FALSE,FALSE
OTU_2100,FALSE,FALSE,TRUE,FALSE,TRUE,TRUE
OTU_2101,TRUE,TRUE,TRUE,TRUE,TRUE,TRUE
OTU_2102,TRUE,TRUE,TRUE,FALSE,FALSE,FALSE
OTU_2103,TRUE,TRUE,TRUE,TRUE,TRUE,TRUE
OTU_2104,TRUE,TRUE,TRUE,FALSE,FALSE,FALSE
OTU_2105,TRUE,TRUE,TRUE,TRUE,TRUE,TRUE
OTU_2106,TRUE,TRUE,FALSE,FALSE,FALSE,FALSE
OTU_2107,TRUE,TRUE,TRUE,FALSE,FALSE,FALSE
OTU_2108,TRUE,TRUE,FALSE,FALSE,FALSE,FALSE
OTU_2109,TRUE,TRUE,FALSE,FALSE,FALSE,FALSE
OTU_211,TRUE,TRUE,FALSE,FALSE,FALSE,TRUE
OTU_2110,TRUE,TRUE,TRUE,FALSE,FALSE,FALSE
OTU_2111,TRUE,TRUE,FALSE,FALSE,TRUE,FALSE
OTU_2112,TRUE,TRUE,TRUE,FALSE,FALSE,FALSE
OTU_2113,TRUE,TRUE,FALSE,FALSE,FALSE,FALSE
OTU_2114,TRUE,TRUE,FALSE,FALSE,FALSE,FALSE
OTU_2115,TRUE,TRUE,FALSE,FALSE,FALSE,FALSE
OTU_2116,TRUE,TRUE,FALSE,FALSE,FALSE,FALSE
OTU_2117,TRUE,TRUE,TRUE,TRUE,TRUE,TRUE
OTU_2118,FALSE,TRUE,TRUE,TRUE,TRUE,TRUE
OTU_2119,TRUE,TRUE,FALSE,FALSE,FALSE,FALSE
OTU_212,TRUE,TRUE,TRUE,TRUE,TRUE,TRUE
OTU_2120,TRUE,TRUE,TRUE,FALSE,TRUE,FALSE
OTU_2121,TRUE,TRUE,FALSE,FALSE,FALSE,FALSE
OTU_2122,TRUE,TRUE,FALSE,FALSE,FALSE,FALSE
OTU_2123,TRUE,TRUE,TRUE,FALSE,FALSE,FALSE
OTU_2124,TRUE,TRUE,FALSE,FALSE,FALSE,FALSE
OTU_2125,TRUE,TRUE,FALSE,FALSE,FALSE,FALSE
OTU_2126,TRUE,TRUE,FALSE,FALSE,FALSE,TRUE
OTU_2127,TRUE,TRUE,FALSE,FALSE,FALSE,FALSE
OTU_2128,FALSE,TRUE,FALSE,FALSE,TRUE,TRUE
OTU_2129,TRUE,TRUE,TRUE,FALSE,TRUE,FALSE
OTU_213,FALSE,TRUE,TRUE,TRUE,TRUE,FALSE
OTU_2130,FALSE,TRUE,TRUE,TRUE,TRUE,TRUE
OTU_2131,TRUE,TRUE,FALSE,FALSE,FALSE,FALSE
OTU_2132,FALSE,FALSE,FALSE,FALSE,FALSE,TRUE
OTU_2133,TRUE,TRUE,FALSE,FALSE,FALSE,FALSE
OTU_2134,TRUE,TRUE,TRUE,TRUE,TRUE,TRUE
OTU_2135,TRUE,TRUE,FALSE,FALSE,FALSE,FALSE
OTU_2136,FALSE,TRUE,TRUE,FALSE,FALSE,FALSE
OTU_2137,TRUE,TRUE,TRUE,TRUE,TRUE,FALSE
OTU_2138,TRUE,TRUE,FALSE,FALSE,FALSE,FALSE
OTU_2139,TRUE,TRUE,FALSE,FALSE,FALSE,FALSE
OTU_214,FALSE,FALSE,TRUE,TRUE,TRUE,FALSE
OTU_2140,TRUE,TRUE,TRUE,FALSE,FALSE,FALSE
OTU_2141,TRUE,TRUE,TRUE,FALSE,FALSE,FALSE
OTU_2142,TRUE,TRUE,FALSE,FALSE,FALSE,TRUE
OTU_2143,TRUE,TRUE,FALSE,FALSE,TRUE,FALSE
OTU_2144,TRUE,TRUE,FALSE,FALSE,FALSE,FALSE
OTU_2145,TRUE,TRUE,TRUE,FALSE,FALSE,FALSE
OTU_2146,TRUE,TRUE,FALSE,FALSE,FALSE,FALSE
OTU_2147,TRUE,TRUE,FALSE,FALSE,FALSE,FALSE
OTU_2148,TRUE,TRUE,FALSE,FALSE,FALSE,FALSE
OTU_2149,TRUE,TRUE,FALSE,FALSE,FALSE,FALSE
OTU_215,FALSE,FALSE,FALSE,TRUE,TRUE,TRUE
OTU_2150,TRUE,TRUE,TRUE,FALSE,FALSE,FALSE
OTU_2151,TRUE,TRUE,TRUE,FALSE,FALSE,FALSE
OTU_2152,TRUE,TRUE,FALSE,FALSE,FALSE,TRUE
OTU_2153,FALSE,TRUE,FALSE,FALSE,FALSE,FALSE
OTU_2154,FALSE,TRUE,TRUE,TRUE,TRUE,FALSE
OTU_2155,TRUE,TRUE,FALSE,FALSE,FALSE,FALSE
OTU_2156,TRUE,TRUE,FALSE,FALSE,FALSE,FALSE
OTU_2157,TRUE,TRUE,FALSE,FALSE,FALSE,FALSE
OTU_2158,TRUE,TRUE,FALSE,FALSE,FALSE,FALSE
OTU_2159,TRUE,TRUE,FALSE,FALSE,FALSE,FALSE
OTU_216,TRUE,TRUE,FALSE,FALSE,FALSE,FALSE
OTU_2160,FALSE,TRUE,FALSE,FALSE,FALSE,FALSE
OTU_2161,TRUE,TRUE,FALSE,FALSE,FALSE,FALSE
OTU_2162,TRUE,TRUE,FALSE,FALSE,FALSE,FALSE
OTU_2163,FALSE,TRUE,TRUE,TRUE,TRUE,TRUE
OTU_2164,TRUE,TRUE,FALSE,FALSE,FALSE,FALSE
OTU_2165,TRUE,TRUE,FALSE,FALSE,FALSE,FALSE
OTU_2166,TRUE,TRUE,FALSE,FALSE,FALSE,FALSE
OTU_2167,TRUE,TRUE,FALSE,FALSE,TRUE,FALSE
OTU_2168,TRUE,TRUE,TRUE,TRUE,FALSE,FALSE
OTU_2169,TRUE,TRUE,FALSE,FALSE,FALSE,FALSE
OTU_217,TRUE,TRUE,FALSE,FALSE,FALSE,FALSE
OTU_2170,TRUE,TRUE,FALSE,FALSE,FALSE,FALSE
OTU_2171,TRUE,TRUE,FALSE,FALSE,FALSE,TRUE
OTU_2172,TRUE,TRUE,FALSE,FALSE,FALSE,FALSE
OTU_2173,TRUE,TRUE,TRUE,FALSE,FALSE,FALSE
OTU_2174,FALSE,TRUE,FALSE,FALSE,FALSE,FALSE
OTU_2175,TRUE,TRUE,FALSE,FALSE,FALSE,FALSE
OTU_2176,TRUE,TRUE,FALSE,FALSE,TRUE,TRUE
OTU_2177,TRUE,TRUE,FALSE,FALSE,FALSE,FALSE
OTU_2178,FALSE,TRUE,TRUE,FALSE,FALSE,FALSE
OTU_2179,FALSE,TRUE,FALSE,FALSE,FALSE,FALSE
OTU_218,TRUE,TRUE,FALSE,FALSE,TRUE,TRUE
OTU_2180,FALSE,TRUE,FALSE,FALSE,FALSE,FALSE
OTU_2181,TRUE,TRUE,FALSE,FALSE,FALSE,FALSE
OTU_2182,TRUE,TRUE,TRUE,FALSE,FALSE,FALSE
OTU_2183,FALSE,TRUE,TRUE,TRUE,FALSE,FALSE
OTU_2184,TRUE,TRUE,TRUE,FALSE,TRUE,FALSE
OTU_2185,TRUE,TRUE,FALSE,FALSE,FALSE,FALSE
OTU_2186,TRUE,TRUE,FALSE,FALSE,FALSE,FALSE
OTU_2187,TRUE,TRUE,FALSE,FALSE,FALSE,FALSE
OTU_2188,TRUE,TRUE,FALSE,FALSE,FALSE,FALSE
OTU_2189,TRUE,TRUE,FALSE,FALSE,FALSE,FALSE
OTU_219,TRUE,FALSE,FALSE,FALSE,FALSE,FALSE
OTU_2190,TRUE,TRUE,FALSE,FALSE,FALSE,FALSE
OTU_2191,TRUE,TRUE,FALSE,FALSE,FALSE,FALSE
OTU_2192,TRUE,TRUE,FALSE,FALSE,FALSE,FALSE
OTU_2193,TRUE,TRUE,FALSE,FALSE,FALSE,FALSE
OTU_2194,TRUE,TRUE,TRUE,FALSE,FALSE,FALSE
OTU_2195,TRUE,TRUE,TRUE,TRUE,TRUE,TRUE
OTU_2196,FALSE,TRUE,FALSE,FALSE,FALSE,FALSE
OTU_2197,TRUE,TRUE,TRUE,TRUE,TRUE,TRUE
OTU_2198,FALSE,TRUE,FALSE,FALSE,FALSE,FALSE
OTU_2199,FALSE,TRUE,FALSE,FALSE,FALSE,FALSE
OTU_22,TRUE,TRUE,FALSE,FALSE,FALSE,FALSE
OTU_220,TRUE,TRUE,FALSE,FALSE,FALSE,FALSE
OTU_2200,FALSE,TRUE,FALSE,FALSE,FALSE,FALSE
OTU_2201,FALSE,TRUE,FALSE,FALSE,FALSE,FALSE
OTU_2202,FALSE,TRUE,FALSE,FALSE,FALSE,FALSE
OTU_2203,TRUE,TRUE,FALSE,FALSE,FALSE,FALSE
OTU_2204,FALSE,TRUE,TRUE,TRUE,TRUE,TRUE
OTU_2205,FALSE,FALSE,FALSE,TRUE,FALSE,FALSE
OTU_2206,FALSE,TRUE,FALSE,TRUE,TRUE,TRUE
OTU_2207,TRUE,TRUE,FALSE,FALSE,FALSE,TRUE
OTU_2208,TRUE,TRUE,FALSE,FALSE,FALSE,FALSE
OTU_2209,TRUE,TRUE,FALSE,FALSE,FALSE,FALSE
OTU_221,TRUE,TRUE,FALSE,FALSE,FALSE,FALSE
OTU_2210,TRUE,TRUE,TRUE,FALSE,TRUE,FALSE
OTU_2211,TRUE,TRUE,FALSE,FALSE,FALSE,FALSE
OTU_2212,TRUE,TRUE,FALSE,FALSE,FALSE,FALSE
OTU_2213,TRUE,TRUE,FALSE,FALSE,FALSE,FALSE
OTU_2214,TRUE,TRUE,TRUE,FALSE,FALSE,TRUE
OTU_2215,TRUE,TRUE,FALSE,FALSE,FALSE,FALSE
OTU_2216,TRUE,TRUE,FALSE,FALSE,FALSE,FALSE
OTU_2217,TRUE,FALSE,FALSE,FALSE,FALSE,FALSE
OTU_2218,TRUE,TRUE,FALSE,FALSE,FALSE,FALSE
OTU_2219,TRUE,TRUE,FALSE,FALSE,FALSE,FALSE
OTU_222,TRUE,TRUE,FALSE,FALSE,FALSE,FALSE
OTU_2220,TRUE,TRUE,FALSE,FALSE,FALSE,FALSE
OTU_2221,TRUE,TRUE,FALSE,FALSE,FALSE,FALSE
OTU_2222,TRUE,TRUE,FALSE,FALSE,FALSE,FALSE
OTU_2223,TRUE,TRUE,FALSE,FALSE,FALSE,FALSE
OTU_2224,FALSE,TRUE,FALSE,FALSE,TRUE,FALSE
OTU_2225,FALSE,TRUE,FALSE,FALSE,FALSE,FALSE
OTU_2226,FALSE,TRUE,TRUE,TRUE,TRUE,FALSE
OTU_2227,TRUE,TRUE,TRUE,FALSE,FALSE,FALSE
OTU_2228,FALSE,TRUE,TRUE,FALSE,FALSE,FALSE
OTU_2229,TRUE,TRUE,FALSE,FALSE,FALSE,FALSE
OTU_223,TRUE,TRUE,TRUE,TRUE,TRUE,FALSE
OTU_2230,TRUE,TRUE,FALSE,FALSE,FALSE,FALSE
OTU_2231,TRUE,TRUE,FALSE,FALSE,FALSE,FALSE
OTU_2232,TRUE,TRUE,TRUE,FALSE,FALSE,FALSE
OTU_2233,FALSE,TRUE,FALSE,FALSE,TRUE,FALSE
OTU_2234,FALSE,TRUE,FALSE,FALSE,FALSE,FALSE
OTU_2235,TRUE,TRUE,FALSE,FALSE,FALSE,FALSE
OTU_2236,TRUE,TRUE,FALSE,FALSE,FALSE,FALSE
OTU_2237,TRUE,TRUE,FALSE,FALSE,FALSE,FALSE
OTU_2238,FALSE,TRUE,FALSE,FALSE,FALSE,FALSE
OTU_2239,FALSE,TRUE,FALSE,FALSE,FALSE,FALSE
OTU_224,TRUE,TRUE,TRUE,TRUE,TRUE,FALSE
OTU_2240,FALSE,FALSE,TRUE,TRUE,TRUE,FALSE
OTU_2241,FALSE,TRUE,TRUE,TRUE,TRUE,FALSE
OTU_2242,FALSE,FALSE,TRUE,TRUE,FALSE,FALSE
OTU_2243,FALSE,TRUE,FALSE,TRUE,TRUE,TRUE
OTU_2244,TRUE,TRUE,TRUE,TRUE,FALSE,FALSE
OTU_2245,FALSE,FALSE,TRUE,TRUE,TRUE,TRUE
OTU_2246,FALSE,FALSE,FALSE,TRUE,TRUE,TRUE
OTU_2247,TRUE,TRUE,TRUE,TRUE,TRUE,TRUE
OTU_2248,TRUE,TRUE,FALSE,FALSE,FALSE,FALSE
OTU_2249,TRUE,TRUE,FALSE,FALSE,FALSE,FALSE
OTU_225,FALSE,FALSE,TRUE,TRUE,TRUE,FALSE
OTU_2250,TRUE,TRUE,FALSE,FALSE,FALSE,FALSE
OTU_2251,TRUE,TRUE,FALSE,FALSE,FALSE,FALSE
OTU_2252,TRUE,FALSE,FALSE,FALSE,FALSE,FALSE
OTU_2253,TRUE,FALSE,FALSE,FALSE,TRUE,TRUE
OTU_2254,TRUE,FALSE,FALSE,FALSE,FALSE,FALSE
OTU_2255,TRUE,TRUE,FALSE,FALSE,FALSE,FALSE
OTU_2256,TRUE,TRUE,FALSE,FALSE,FALSE,FALSE
OTU_2257,TRUE,TRUE,FALSE,FALSE,FALSE,FALSE
OTU_2258,TRUE,TRUE,FALSE,FALSE,FALSE,FALSE
OTU_2259,TRUE,TRUE,FALSE,TRUE,TRUE,FALSE
OTU_226,FALSE,FALSE,FALSE,FALSE,TRUE,TRUE
OTU_2260,TRUE,FALSE,FALSE,FALSE,FALSE,FALSE
OTU_2261,TRUE,TRUE,FALSE,FALSE,FALSE,FALSE
OTU_2262,TRUE,TRUE,FALSE,FALSE,FALSE,FALSE
OTU_2264,TRUE,TRUE,FALSE,FALSE,FALSE,FALSE
OTU_2265,TRUE,TRUE,TRUE,FALSE,FALSE,FALSE
OTU_2266,TRUE,TRUE,FALSE,FALSE,FALSE,FALSE
OTU_2267,TRUE,TRUE,FALSE,FALSE,FALSE,FALSE
OTU_2268,TRUE,TRUE,FALSE,FALSE,FALSE,FALSE
OTU_2269,TRUE,TRUE,FALSE,FALSE,FALSE,FALSE
OTU_227,FALSE,TRUE,TRUE,TRUE,TRUE,TRUE
OTU_2270,TRUE,TRUE,FALSE,FALSE,FALSE,FALSE
OTU_2271,FALSE,TRUE,FALSE,FALSE,FALSE,FALSE
OTU_2272,TRUE,TRUE,FALSE,FALSE,FALSE,FALSE
OTU_2273,FALSE,TRUE,FALSE,FALSE,FALSE,FALSE
OTU_2274,FALSE,TRUE,FALSE,FALSE,FALSE,FALSE
OTU_2275,FALSE,TRUE,FALSE,TRUE,TRUE,TRUE
OTU_2276,TRUE,TRUE,FALSE,FALSE,FALSE,FALSE
OTU_2277,FALSE,TRUE,FALSE,FALSE,FALSE,FALSE
OTU_2278,TRUE,TRUE,TRUE,FALSE,FALSE,FALSE
OTU_2279,TRUE,TRUE,FALSE,FALSE,FALSE,FALSE
OTU_228,TRUE,TRUE,FALSE,FALSE,TRUE,TRUE
OTU_2280,TRUE,TRUE,FALSE,FALSE,FALSE,FALSE
OTU_2281,FALSE,TRUE,FALSE,FALSE,FALSE,FALSE
OTU_2282,TRUE,TRUE,FALSE,FALSE,TRUE,FALSE
OTU_2283,FALSE,TRUE,FALSE,FALSE,FALSE,FALSE
OTU_2284,TRUE,TRUE,FALSE,FALSE,FALSE,FALSE
OTU_2285,TRUE,TRUE,FALSE,FALSE,FALSE,FALSE
OTU_2286,FALSE,TRUE,FALSE,FALSE,FALSE,FALSE
OTU_2287,FALSE,TRUE,FALSE,FALSE,FALSE,FALSE
OTU_2288,TRUE,TRUE,TRUE,FALSE,FALSE,TRUE
OTU_2289,FALSE,TRUE,TRUE,FALSE,FALSE,FALSE
OTU_229,TRUE,TRUE,FALSE,TRUE,FALSE,FALSE
OTU_2290,TRUE,TRUE,FALSE,FALSE,FALSE,FALSE
OTU_2291,FALSE,TRUE,FALSE,FALSE,FALSE,FALSE
OTU_2292,TRUE,TRUE,TRUE,FALSE,FALSE,FALSE
OTU_2293,FALSE,TRUE,FALSE,FALSE,FALSE,FALSE
OTU_2294,FALSE,TRUE,FALSE,FALSE,FALSE,FALSE
OTU_2295,TRUE,TRUE,FALSE,FALSE,FALSE,FALSE
OTU_2296,FALSE,TRUE,FALSE,FALSE,FALSE,FALSE
OTU_2297,TRUE,TRUE,FALSE,FALSE,FALSE,FALSE
OTU_2298,FALSE,TRUE,FALSE,FALSE,FALSE,FALSE
OTU_2299,FALSE,TRUE,FALSE,FALSE,FALSE,FALSE
OTU_23,TRUE,TRUE,FALSE,FALSE,FALSE,FALSE
OTU_230,TRUE,TRUE,FALSE,FALSE,FALSE,FALSE
OTU_2300,TRUE,TRUE,FALSE,FALSE,FALSE,FALSE
OTU_2301,TRUE,TRUE,FALSE,FALSE,FALSE,FALSE
OTU_2302,TRUE,TRUE,FALSE,FALSE,FALSE,FALSE
OTU_2303,FALSE,TRUE,FALSE,TRUE,TRUE,FALSE
OTU_2304,FALSE,TRUE,FALSE,FALSE,FALSE,FALSE
OTU_2305,TRUE,TRUE,FALSE,TRUE,FALSE,TRUE
OTU_2306,TRUE,TRUE,TRUE,FALSE,FALSE,FALSE
OTU_2307,FALSE,TRUE,FALSE,FALSE,FALSE,FALSE
OTU_2308,TRUE,TRUE,FALSE,FALSE,FALSE,FALSE
OTU_2309,TRUE,TRUE,TRUE,FALSE,FALSE,FALSE
OTU_231,TRUE,FALSE,FALSE,FALSE,FALSE,FALSE
OTU_2310,TRUE,TRUE,TRUE,FALSE,FALSE,FALSE
OTU_2311,FALSE,TRUE,TRUE,FALSE,FALSE,FALSE
OTU_2312,FALSE,TRUE,TRUE,TRUE,TRUE,FALSE
OTU_2313,FALSE,FALSE,TRUE,TRUE,TRUE,TRUE
OTU_2314,FALSE,TRUE,TRUE,TRUE,TRUE,TRUE
OTU_2315,FALSE,TRUE,TRUE,TRUE,TRUE,TRUE
OTU_2316,FALSE,FALSE,TRUE,TRUE,TRUE,TRUE
OTU_2317,FALSE,FALSE,FALSE,FALSE,TRUE,FALSE
OTU_2318,TRUE,FALSE,FALSE,FALSE,TRUE,TRUE
OTU_2319,FALSE,TRUE,TRUE,TRUE,TRUE,TRUE
OTU_232,TRUE,TRUE,TRUE,TRUE,TRUE,FALSE
OTU_2320,TRUE,TRUE,FALSE,TRUE,TRUE,TRUE
OTU_2321,TRUE,TRUE,FALSE,FALSE,FALSE,TRUE
OTU_2322,FALSE,FALSE,FALSE,FALSE,TRUE,TRUE
OTU_2323,FALSE,TRUE,TRUE,TRUE,TRUE,TRUE
OTU_2324,FALSE,TRUE,TRUE,TRUE,TRUE,TRUE
OTU_2325,TRUE,TRUE,TRUE,FALSE,TRUE,TRUE
OTU_2326,FALSE,TRUE,TRUE,TRUE,TRUE,TRUE
OTU_2327,TRUE,TRUE,FALSE,FALSE,FALSE,FALSE
OTU_2328,TRUE,TRUE,TRUE,FALSE,FALSE,FALSE
OTU_2329,TRUE,TRUE,TRUE,FALSE,TRUE,FALSE
OTU_233,TRUE,TRUE,FALSE,FALSE,FALSE,FALSE
OTU_2330,TRUE,TRUE,TRUE,TRUE,TRUE,FALSE
OTU_2331,TRUE,TRUE,FALSE,FALSE,FALSE,FALSE
OTU_2332,FALSE,TRUE,TRUE,TRUE,TRUE,FALSE
OTU_2333,TRUE,TRUE,TRUE,FALSE,FALSE,TRUE
OTU_2334,TRUE,TRUE,FALSE,FALSE,FALSE,FALSE
OTU_2335,TRUE,TRUE,TRUE,TRUE,FALSE,FALSE
OTU_2336,TRUE,TRUE,FALSE,FALSE,FALSE,FALSE
OTU_2337,TRUE,TRUE,FALSE,FALSE,FALSE,FALSE
OTU_2338,TRUE,TRUE,FALSE,FALSE,FALSE,TRUE
OTU_2339,TRUE,TRUE,TRUE,TRUE,TRUE,TRUE
OTU_234,FALSE,TRUE,FALSE,FALSE,FALSE,FALSE
OTU_2340,TRUE,TRUE,FALSE,FALSE,FALSE,FALSE
OTU_2341,TRUE,TRUE,FALSE,TRUE,FALSE,FALSE
OTU_2342,FALSE,TRUE,TRUE,TRUE,TRUE,TRUE
OTU_2343,TRUE,TRUE,FALSE,FALSE,FALSE,FALSE
OTU_2344,TRUE,TRUE,FALSE,FALSE,FALSE,FALSE
OTU_2345,TRUE,TRUE,FALSE,FALSE,FALSE,FALSE
OTU_2346,TRUE,TRUE,FALSE,FALSE,TRUE,TRUE
OTU_2347,TRUE,TRUE,TRUE,FALSE,FALSE,FALSE
OTU_2348,TRUE,TRUE,FALSE,FALSE,FALSE,FALSE
OTU_2349,TRUE,TRUE,FALSE,FALSE,FALSE,FALSE
OTU_235,TRUE,TRUE,TRUE,FALSE,FALSE,FALSE
OTU_2350,FALSE,TRUE,FALSE,FALSE,FALSE,FALSE
OTU_2351,TRUE,TRUE,FALSE,FALSE,TRUE,FALSE
OTU_2352,TRUE,TRUE,TRUE,FALSE,TRUE,FALSE
OTU_2353,TRUE,TRUE,FALSE,FALSE,FALSE,FALSE
OTU_2354,TRUE,TRUE,FALSE,FALSE,FALSE,FALSE
OTU_2355,TRUE,TRUE,TRUE,TRUE,TRUE,TRUE
OTU_2356,TRUE,TRUE,TRUE,TRUE,FALSE,FALSE
OTU_2357,TRUE,TRUE,TRUE,TRUE,TRUE,TRUE
OTU_2358,TRUE,TRUE,FALSE,FALSE,FALSE,FALSE
OTU_2359,TRUE,TRUE,TRUE,TRUE,TRUE,TRUE
OTU_236,TRUE,TRUE,FALSE,FALSE,FALSE,FALSE
OTU_2360,TRUE,TRUE,FALSE,FALSE,FALSE,FALSE
OTU_2361,TRUE,TRUE,FALSE,FALSE,FALSE,FALSE
OTU_2362,FALSE,TRUE,FALSE,FALSE,FALSE,FALSE
OTU_2363,TRUE,TRUE,FALSE,FALSE,FALSE,FALSE
OTU_2364,TRUE,TRUE,FALSE,FALSE,FALSE,FALSE
OTU_2365,TRUE,TRUE,TRUE,TRUE,TRUE,TRUE
OTU_2366,TRUE,TRUE,FALSE,FALSE,FALSE,FALSE
OTU_2367,TRUE,TRUE,TRUE,TRUE,TRUE,FALSE
OTU_2368,FALSE,FALSE,TRUE,TRUE,TRUE,TRUE
OTU_2369,TRUE,TRUE,TRUE,FALSE,FALSE,FALSE
OTU_237,TRUE,TRUE,TRUE,TRUE,TRUE,FALSE
OTU_2370,TRUE,TRUE,FALSE,FALSE,FALSE,FALSE
OTU_2371,TRUE,TRUE,FALSE,FALSE,FALSE,FALSE
OTU_2372,TRUE,TRUE,FALSE,FALSE,FALSE,TRUE
OTU_2373,TRUE,TRUE,FALSE,FALSE,FALSE,TRUE
OTU_2374,TRUE,TRUE,FALSE,FALSE,FALSE,FALSE
OTU_2375,TRUE,TRUE,FALSE,FALSE,TRUE,FALSE
OTU_2376,TRUE,TRUE,FALSE,FALSE,FALSE,FALSE
OTU_2377,TRUE,TRUE,FALSE,FALSE,FALSE,FALSE
OTU_2378,TRUE,TRUE,FALSE,FALSE,FALSE,FALSE
OTU_2379,TRUE,TRUE,FALSE,FALSE,FALSE,FALSE
OTU_238,FALSE,FALSE,TRUE,FALSE,TRUE,TRUE
OTU_2380,TRUE,TRUE,FALSE,FALSE,FALSE,FALSE
OTU_2381,TRUE,TRUE,FALSE,FALSE,FALSE,FALSE
OTU_2382,TRUE,TRUE,FALSE,FALSE,FALSE,FALSE
OTU_2383,TRUE,TRUE,FALSE,FALSE,FALSE,FALSE
OTU_2384,TRUE,TRUE,FALSE,FALSE,FALSE,FALSE
OTU_2385,TRUE,TRUE,FALSE,FALSE,FALSE,FALSE
OTU_2386,TRUE,TRUE,FALSE,FALSE,FALSE,TRUE
OTU_2387,TRUE,TRUE,FALSE,FALSE,FALSE,TRUE
OTU_2388,TRUE,TRUE,FALSE,FALSE,FALSE,FALSE
OTU_2389,TRUE,TRUE,FALSE,FALSE,TRUE,FALSE
OTU_239,FALSE,TRUE,TRUE,TRUE,TRUE,TRUE
OTU_2390,TRUE,TRUE,FALSE,FALSE,FALSE,FALSE
OTU_2391,TRUE,TRUE,TRUE,FALSE,FALSE,FALSE
OTU_2392,TRUE,TRUE,FALSE,FALSE,FALSE,FALSE
OTU_2393,TRUE,TRUE,TRUE,FALSE,FALSE,FALSE
OTU_2394,TRUE,TRUE,FALSE,FALSE,FALSE,FALSE
OTU_2395,TRUE,TRUE,FALSE,FALSE,FALSE,FALSE
OTU_2396,FALSE,FALSE,TRUE,TRUE,TRUE,FALSE
OTU_2397,TRUE,TRUE,FALSE,FALSE,FALSE,FALSE
OTU_2398,TRUE,TRUE,FALSE,FALSE,FALSE,FALSE
OTU_2399,TRUE,TRUE,FALSE,FALSE,FALSE,FALSE
OTU_24,TRUE,TRUE,FALSE,FALSE,FALSE,FALSE
OTU_240,FALSE,FALSE,FALSE,FALSE,FALSE,TRUE
OTU_2400,TRUE,TRUE,FALSE,FALSE,FALSE,FALSE
OTU_2401,TRUE,TRUE,FALSE,FALSE,FALSE,FALSE
OTU_2402,TRUE,TRUE,TRUE,FALSE,FALSE,FALSE
OTU_2403,TRUE,TRUE,FALSE,FALSE,FALSE,FALSE
OTU_2404,TRUE,TRUE,FALSE,FALSE,FALSE,FALSE
OTU_2405,TRUE,TRUE,TRUE,TRUE,TRUE,TRUE
OTU_2406,FALSE,TRUE,FALSE,FALSE,FALSE,FALSE
OTU_2407,FALSE,TRUE,FALSE,TRUE,TRUE,TRUE
OTU_2408,FALSE,FALSE,TRUE,TRUE,TRUE,FALSE
OTU_2409,FALSE,TRUE,FALSE,TRUE,TRUE,TRUE
OTU_241,TRUE,TRUE,FALSE,FALSE,FALSE,FALSE
OTU_2410,TRUE,TRUE,FALSE,FALSE,FALSE,TRUE
OTU_2411,TRUE,TRUE,FALSE,FALSE,FALSE,FALSE
OTU_2412,TRUE,TRUE,FALSE,FALSE,FALSE,FALSE
OTU_2413,TRUE,TRUE,FALSE,FALSE,FALSE,FALSE
OTU_2414,TRUE,TRUE,FALSE,FALSE,FALSE,FALSE
OTU_2415,TRUE,TRUE,FALSE,FALSE,FALSE,FALSE
OTU_2416,TRUE,TRUE,TRUE,TRUE,TRUE,TRUE
OTU_2417,TRUE,TRUE,FALSE,FALSE,FALSE,FALSE
OTU_2418,TRUE,TRUE,FALSE,FALSE,FALSE,FALSE
OTU_2419,TRUE,TRUE,FALSE,FALSE,FALSE,TRUE
OTU_242,TRUE,TRUE,FALSE,TRUE,FALSE,FALSE
OTU_2420,TRUE,TRUE,FALSE,FALSE,FALSE,FALSE
OTU_2421,TRUE,TRUE,FALSE,FALSE,FALSE,FALSE
OTU_2422,TRUE,TRUE,FALSE,FALSE,FALSE,FALSE
OTU_2423,TRUE,TRUE,FALSE,FALSE,FALSE,FALSE
OTU_2424,TRUE,TRUE,FALSE,FALSE,FALSE,FALSE
OTU_2425,TRUE,TRUE,TRUE,FALSE,FALSE,FALSE
OTU_2426,TRUE,TRUE,FALSE,FALSE,FALSE,FALSE
OTU_2427,TRUE,TRUE,FALSE,FALSE,FALSE,FALSE
OTU_2428,TRUE,TRUE,FALSE,FALSE,FALSE,FALSE
OTU_2429,TRUE,TRUE,FALSE,FALSE,FALSE,FALSE
OTU_243,TRUE,TRUE,FALSE,FALSE,FALSE,FALSE
OTU_2430,FALSE,TRUE,FALSE,FALSE,FALSE,FALSE
OTU_2431,FALSE,TRUE,FALSE,FALSE,FALSE,FALSE
OTU_2432,FALSE,TRUE,TRUE,TRUE,TRUE,TRUE
OTU_2433,FALSE,TRUE,TRUE,TRUE,TRUE,TRUE
OTU_2434,FALSE,FALSE,TRUE,TRUE,TRUE,TRUE
OTU_2435,FALSE,FALSE,TRUE,TRUE,FALSE,FALSE
OTU_2436,FALSE,FALSE,FALSE,TRUE,TRUE,FALSE
OTU_2437,FALSE,TRUE,FALSE,TRUE,TRUE,FALSE
OTU_2438,FALSE,FALSE,FALSE,FALSE,FALSE,TRUE
OTU_2439,TRUE,TRUE,FALSE,FALSE,FALSE,FALSE
OTU_244,TRUE,FALSE,FALSE,FALSE,FALSE,FALSE
OTU_2440,TRUE,TRUE,FALSE,FALSE,TRUE,TRUE
OTU_2441,TRUE,TRUE,FALSE,FALSE,FALSE,FALSE
OTU_2442,TRUE,TRUE,TRUE,TRUE,TRUE,TRUE
OTU_2443,TRUE,TRUE,TRUE,FALSE,FALSE,FALSE
OTU_2444,TRUE,TRUE,FALSE,FALSE,FALSE,FALSE
OTU_2445,TRUE,TRUE,FALSE,FALSE,TRUE,FALSE
OTU_2446,TRUE,TRUE,FALSE,FALSE,FALSE,FALSE
OTU_2447,TRUE,TRUE,FALSE,FALSE,FALSE,FALSE
OTU_2448,TRUE,TRUE,FALSE,FALSE,FALSE,FALSE
OTU_2449,TRUE,TRUE,FALSE,FALSE,FALSE,FALSE
OTU_245,TRUE,TRUE,FALSE,FALSE,FALSE,FALSE
OTU_2450,TRUE,TRUE,FALSE,FALSE,FALSE,FALSE
OTU_2451,TRUE,TRUE,FALSE,FALSE,FALSE,FALSE
OTU_2452,TRUE,TRUE,FALSE,FALSE,FALSE,FALSE
OTU_2453,TRUE,TRUE,TRUE,TRUE,FALSE,FALSE
OTU_2454,TRUE,TRUE,TRUE,FALSE,FALSE,FALSE
OTU_2455,TRUE,TRUE,TRUE,FALSE,FALSE,FALSE
OTU_2456,TRUE,TRUE,FALSE,FALSE,FALSE,FALSE
OTU_2457,TRUE,TRUE,FALSE,FALSE,FALSE,FALSE
OTU_2458,TRUE,TRUE,FALSE,FALSE,FALSE,FALSE
OTU_2459,FALSE,TRUE,FALSE,FALSE,FALSE,FALSE
OTU_246,TRUE,TRUE,FALSE,FALSE,FALSE,FALSE
OTU_2460,FALSE,TRUE,FALSE,FALSE,FALSE,FALSE
OTU_2461,TRUE,TRUE,FALSE,FALSE,FALSE,FALSE
OTU_2462,TRUE,TRUE,FALSE,FALSE,FALSE,FALSE
OTU_2463,FALSE,TRUE,TRUE,FALSE,FALSE,FALSE
OTU_2464,TRUE,TRUE,FALSE,FALSE,FALSE,FALSE
OTU_2465,FALSE,TRUE,FALSE,FALSE,FALSE,FALSE
OTU_2466,FALSE,TRUE,FALSE,FALSE,FALSE,FALSE
OTU_2467,FALSE,TRUE,FALSE,FALSE,FALSE,FALSE
OTU_2468,FALSE,TRUE,FALSE,FALSE,FALSE,FALSE
OTU_2469,TRUE,TRUE,TRUE,FALSE,FALSE,FALSE
OTU_247,TRUE,TRUE,FALSE,FALSE,FALSE,FALSE
OTU_2470,TRUE,TRUE,FALSE,FALSE,FALSE,FALSE
OTU_2471,TRUE,TRUE,FALSE,FALSE,FALSE,FALSE
OTU_2472,FALSE,TRUE,TRUE,TRUE,TRUE,FALSE
OTU_2473,TRUE,TRUE,FALSE,FALSE,FALSE,FALSE
OTU_2474,FALSE,TRUE,FALSE,FALSE,FALSE,FALSE
OTU_2475,TRUE,TRUE,TRUE,FALSE,TRUE,FALSE
OTU_2476,FALSE,TRUE,TRUE,TRUE,TRUE,FALSE
OTU_2477,TRUE,TRUE,FALSE,FALSE,FALSE,TRUE
OTU_2478,TRUE,TRUE,FALSE,FALSE,FALSE,FALSE
OTU_2479,TRUE,TRUE,TRUE,FALSE,TRUE,TRUE
OTU_248,TRUE,TRUE,FALSE,FALSE,FALSE,FALSE
OTU_2480,FALSE,FALSE,TRUE,TRUE,TRUE,TRUE
OTU_2481,FALSE,FALSE,FALSE,FALSE,TRUE,FALSE
OTU_2482,FALSE,TRUE,TRUE,TRUE,TRUE,TRUE
OTU_2483,TRUE,FALSE,FALSE,FALSE,FALSE,TRUE
OTU_2484,TRUE,TRUE,FALSE,FALSE,FALSE,FALSE
OTU_2485,TRUE,TRUE,FALSE,FALSE,FALSE,FALSE
OTU_2487,TRUE,FALSE,FALSE,FALSE,FALSE,FALSE
OTU_2488,TRUE,FALSE,FALSE,FALSE,FALSE,FALSE
OTU_2489,TRUE,FALSE,FALSE,FALSE,FALSE,FALSE
OTU_249,TRUE,TRUE,FALSE,FALSE,FALSE,FALSE
OTU_2490,TRUE,FALSE,FALSE,FALSE,FALSE,FALSE
OTU_2491,TRUE,TRUE,TRUE,TRUE,TRUE,TRUE
OTU_2492,TRUE,TRUE,FALSE,FALSE,FALSE,FALSE
OTU_2493,TRUE,FALSE,FALSE,FALSE,FALSE,FALSE
OTU_2494,TRUE,TRUE,FALSE,FALSE,FALSE,FALSE
OTU_2495,TRUE,TRUE,FALSE,FALSE,FALSE,FALSE
OTU_2496,TRUE,TRUE,TRUE,FALSE,TRUE,FALSE
OTU_2497,TRUE,TRUE,FALSE,FALSE,FALSE,FALSE
OTU_2498,TRUE,TRUE,FALSE,FALSE,FALSE,FALSE
OTU_2499,TRUE,TRUE,FALSE,FALSE,FALSE,FALSE
OTU_25,TRUE,TRUE,FALSE,FALSE,FALSE,FALSE
OTU_250,TRUE,TRUE,FALSE,FALSE,FALSE,FALSE
OTU_2500,TRUE,TRUE,FALSE,FALSE,FALSE,FALSE
OTU_2501,TRUE,TRUE,FALSE,FALSE,FALSE,FALSE
OTU_2502,TRUE,TRUE,FALSE,FALSE,FALSE,TRUE
OTU_2503,TRUE,TRUE,FALSE,FALSE,FALSE,FALSE
OTU_2504,TRUE,TRUE,FALSE,FALSE,FALSE,FALSE
OTU_2505,TRUE,FALSE,FALSE,FALSE,FALSE,FALSE
OTU_2506,TRUE,TRUE,FALSE,FALSE,FALSE,FALSE
OTU_2507,TRUE,TRUE,FALSE,FALSE,FALSE,FALSE
OTU_2508,TRUE,TRUE,FALSE,FALSE,FALSE,FALSE
OTU_2509,TRUE,TRUE,FALSE,FALSE,FALSE,FALSE
OTU_251,TRUE,TRUE,FALSE,FALSE,FALSE,FALSE
OTU_2510,TRUE,TRUE,FALSE,FALSE,FALSE,FALSE
OTU_2511,TRUE,FALSE,FALSE,FALSE,FALSE,FALSE
OTU_2512,TRUE,TRUE,FALSE,FALSE,FALSE,TRUE
OTU_2513,TRUE,TRUE,FALSE,FALSE,FALSE,FALSE
OTU_2514,TRUE,TRUE,FALSE,FALSE,FALSE,FALSE
OTU_2515,TRUE,TRUE,FALSE,FALSE,FALSE,FALSE
OTU_2516,TRUE,TRUE,FALSE,FALSE,FALSE,FALSE
OTU_2517,TRUE,FALSE,FALSE,FALSE,FALSE,FALSE
OTU_2518,TRUE,TRUE,FALSE,FALSE,FALSE,FALSE
OTU_2519,TRUE,TRUE,FALSE,FALSE,FALSE,FALSE
OTU_252,TRUE,TRUE,FALSE,FALSE,FALSE,FALSE
OTU_2520,TRUE,TRUE,FALSE,FALSE,FALSE,FALSE
OTU_2521,TRUE,TRUE,FALSE,FALSE,FALSE,FALSE
OTU_2522,TRUE,TRUE,FALSE,FALSE,FALSE,FALSE
OTU_2523,TRUE,TRUE,FALSE,FALSE,FALSE,FALSE
OTU_2524,TRUE,TRUE,FALSE,FALSE,FALSE,FALSE
OTU_2525,TRUE,TRUE,TRUE,FALSE,FALSE,FALSE
OTU_2526,TRUE,TRUE,FALSE,FALSE,FALSE,FALSE
OTU_2527,TRUE,TRUE,FALSE,FALSE,FALSE,FALSE
OTU_2528,TRUE,TRUE,FALSE,FALSE,FALSE,FALSE
OTU_2529,FALSE,TRUE,FALSE,FALSE,FALSE,FALSE
OTU_253,TRUE,TRUE,FALSE,FALSE,FALSE,FALSE
OTU_2530,FALSE,TRUE,FALSE,FALSE,FALSE,FALSE
OTU_2531,FALSE,TRUE,FALSE,TRUE,TRUE,TRUE
OTU_2532,TRUE,TRUE,FALSE,FALSE,FALSE,FALSE
OTU_2533,FALSE,TRUE,FALSE,FALSE,FALSE,FALSE
OTU_2534,FALSE,TRUE,TRUE,FALSE,TRUE,TRUE
OTU_2535,TRUE,TRUE,FALSE,FALSE,FALSE,FALSE
OTU_2536,FALSE,TRUE,FALSE,FALSE,FALSE,FALSE
OTU_2537,TRUE,TRUE,FALSE,FALSE,FALSE,FALSE
OTU_2538,TRUE,TRUE,FALSE,FALSE,FALSE,FALSE
OTU_2539,TRUE,TRUE,TRUE,FALSE,FALSE,FALSE
OTU_254,TRUE,TRUE,FALSE,FALSE,FALSE,FALSE
OTU_2540,TRUE,TRUE,FALSE,FALSE,FALSE,FALSE
OTU_2541,FALSE,TRUE,TRUE,FALSE,FALSE,FALSE
OTU_2542,FALSE,TRUE,FALSE,FALSE,FALSE,FALSE
OTU_2543,FALSE,TRUE,FALSE,FALSE,FALSE,FALSE
OTU_2544,TRUE,TRUE,FALSE,FALSE,FALSE,FALSE
OTU_2545,FALSE,TRUE,FALSE,FALSE,FALSE,FALSE
OTU_2546,TRUE,TRUE,FALSE,FALSE,FALSE,FALSE
OTU_2547,TRUE,TRUE,FALSE,FALSE,FALSE,TRUE
OTU_2548,TRUE,TRUE,TRUE,FALSE,FALSE,FALSE
OTU_2549,TRUE,TRUE,FALSE,FALSE,FALSE,FALSE
OTU_255,TRUE,TRUE,FALSE,FALSE,FALSE,FALSE
OTU_2550,TRUE,TRUE,FALSE,FALSE,FALSE,FALSE
OTU_2551,FALSE,TRUE,FALSE,FALSE,FALSE,FALSE
OTU_2552,FALSE,TRUE,FALSE,FALSE,FALSE,FALSE
OTU_2553,FALSE,TRUE,FALSE,FALSE,FALSE,TRUE
OTU_2554,FALSE,TRUE,FALSE,FALSE,FALSE,FALSE
OTU_2555,TRUE,TRUE,FALSE,FALSE,FALSE,FALSE
OTU_2556,FALSE,TRUE,FALSE,FALSE,FALSE,FALSE
OTU_2557,FALSE,TRUE,FALSE,FALSE,FALSE,FALSE
OTU_2558,TRUE,TRUE,TRUE,FALSE,FALSE,FALSE
OTU_2559,TRUE,TRUE,FALSE,FALSE,FALSE,FALSE
OTU_256,TRUE,TRUE,FALSE,FALSE,FALSE,FALSE
OTU_2560,FALSE,TRUE,TRUE,TRUE,TRUE,TRUE
OTU_2561,FALSE,TRUE,TRUE,FALSE,FALSE,FALSE
OTU_2562,TRUE,TRUE,FALSE,FALSE,FALSE,FALSE
OTU_2563,TRUE,TRUE,FALSE,FALSE,FALSE,FALSE
OTU_2564,FALSE,TRUE,FALSE,FALSE,FALSE,FALSE
OTU_2565,TRUE,TRUE,TRUE,FALSE,FALSE,FALSE
OTU_2566,TRUE,TRUE,FALSE,FALSE,FALSE,FALSE
OTU_2567,FALSE,TRUE,FALSE,FALSE,FALSE,FALSE
OTU_2568,FALSE,TRUE,FALSE,FALSE,FALSE,FALSE
OTU_2569,FALSE,TRUE,FALSE,FALSE,FALSE,FALSE
OTU_257,TRUE,TRUE,FALSE,FALSE,FALSE,FALSE
OTU_2570,TRUE,TRUE,FALSE,FALSE,FALSE,FALSE
OTU_2571,FALSE,TRUE,TRUE,FALSE,FALSE,FALSE
OTU_2572,FALSE,TRUE,TRUE,FALSE,FALSE,FALSE
OTU_2573,FALSE,TRUE,TRUE,FALSE,FALSE,FALSE
OTU_2574,TRUE,TRUE,TRUE,TRUE,TRUE,FALSE
OTU_2575,FALSE,TRUE,TRUE,TRUE,FALSE,FALSE
OTU_2576,FALSE,TRUE,FALSE,TRUE,TRUE,FALSE
OTU_2577,FALSE,TRUE,TRUE,TRUE,FALSE,FALSE
OTU_2578,FALSE,TRUE,FALSE,TRUE,TRUE,TRUE
OTU_2579,TRUE,FALSE,TRUE,TRUE,FALSE,FALSE
OTU_258,TRUE,TRUE,FALSE,FALSE,FALSE,FALSE
OTU_2580,FALSE,TRUE,FALSE,TRUE,FALSE,TRUE
OTU_2581,TRUE,TRUE,TRUE,TRUE,TRUE,TRUE
OTU_2582,FALSE,FALSE,FALSE,FALSE,TRUE,TRUE
OTU_2583,FALSE,TRUE,FALSE,TRUE,TRUE,TRUE
OTU_2584,TRUE,FALSE,TRUE,TRUE,TRUE,FALSE
OTU_2585,TRUE,TRUE,FALSE,TRUE,TRUE,TRUE
OTU_2586,TRUE,TRUE,TRUE,TRUE,TRUE,TRUE
OTU_2587,TRUE,TRUE,FALSE,TRUE,TRUE,FALSE
OTU_2588,FALSE,FALSE,FALSE,FALSE,FALSE,TRUE
OTU_2589,TRUE,FALSE,FALSE,FALSE,FALSE,TRUE
OTU_259,TRUE,TRUE,FALSE,FALSE,FALSE,FALSE
OTU_2590,FALSE,TRUE,TRUE,TRUE,TRUE,TRUE
OTU_2591,TRUE,TRUE,FALSE,FALSE,FALSE,TRUE
OTU_2592,FALSE,TRUE,TRUE,TRUE,TRUE,TRUE
OTU_2593,FALSE,FALSE,TRUE,TRUE,TRUE,TRUE
OTU_2594,TRUE,TRUE,TRUE,TRUE,TRUE,TRUE
OTU_2595,TRUE,TRUE,TRUE,TRUE,FALSE,FALSE
OTU_2596,TRUE,TRUE,TRUE,FALSE,FALSE,FALSE
OTU_2597,TRUE,TRUE,FALSE,FALSE,FALSE,FALSE
OTU_2598,FALSE,TRUE,TRUE,TRUE,TRUE,TRUE
OTU_2599,TRUE,TRUE,TRUE,TRUE,TRUE,FALSE
OTU_26,TRUE,TRUE,FALSE,FALSE,TRUE,TRUE
OTU_260,TRUE,TRUE,FALSE,FALSE,TRUE,TRUE
OTU_2600,TRUE,TRUE,FALSE,FALSE,FALSE,FALSE
OTU_2601,FALSE,TRUE,TRUE,TRUE,TRUE,TRUE
OTU_2602,TRUE,TRUE,TRUE,FALSE,FALSE,FALSE
OTU_2603,TRUE,TRUE,FALSE,FALSE,TRUE,FALSE
OTU_2604,TRUE,TRUE,FALSE,FALSE,FALSE,FALSE
OTU_2605,TRUE,TRUE,TRUE,FALSE,FALSE,FALSE
OTU_2606,TRUE,TRUE,FALSE,FALSE,FALSE,FALSE
OTU_2607,TRUE,TRUE,TRUE,TRUE,TRUE,TRUE
OTU_2608,TRUE,TRUE,TRUE,TRUE,TRUE,TRUE
OTU_2609,FALSE,TRUE,FALSE,FALSE,FALSE,FALSE
OTU_261,TRUE,FALSE,FALSE,FALSE,FALSE,FALSE
OTU_2610,TRUE,TRUE,FALSE,FALSE,FALSE,FALSE
OTU_2611,TRUE,TRUE,FALSE,FALSE,FALSE,FALSE
OTU_2612,TRUE,TRUE,FALSE,FALSE,FALSE,FALSE
OTU_2613,TRUE,TRUE,FALSE,FALSE,FALSE,FALSE
OTU_2614,TRUE,TRUE,FALSE,FALSE,FALSE,FALSE
OTU_2615,TRUE,TRUE,FALSE,FALSE,FALSE,FALSE
OTU_2616,TRUE,TRUE,FALSE,FALSE,FALSE,FALSE
OTU_2617,TRUE,TRUE,TRUE,FALSE,FALSE,FALSE
OTU_2618,TRUE,TRUE,FALSE,FALSE,FALSE,TRUE
OTU_2619,FALSE,FALSE,FALSE,TRUE,TRUE,TRUE
OTU_262,TRUE,TRUE,FALSE,FALSE,FALSE,FALSE
OTU_2620,TRUE,TRUE,TRUE,FALSE,FALSE,FALSE
OTU_2621,TRUE,TRUE,FALSE,FALSE,FALSE,FALSE
OTU_2622,TRUE,TRUE,FALSE,FALSE,FALSE,FALSE
OTU_2623,TRUE,TRUE,TRUE,TRUE,TRUE,TRUE
OTU_2624,TRUE,TRUE,TRUE,FALSE,FALSE,FALSE
OTU_2625,TRUE,TRUE,FALSE,FALSE,FALSE,FALSE
OTU_2626,TRUE,TRUE,FALSE,FALSE,FALSE,FALSE
OTU_2627,TRUE,TRUE,FALSE,FALSE,FALSE,FALSE
OTU_2628,TRUE,TRUE,TRUE,TRUE,FALSE,FALSE
OTU_2629,TRUE,TRUE,FALSE,FALSE,FALSE,TRUE
OTU_263,TRUE,TRUE,FALSE,FALSE,FALSE,FALSE
OTU_2630,FALSE,TRUE,TRUE,TRUE,TRUE,TRUE
OTU_2631,FALSE,FALSE,FALSE,TRUE,TRUE,TRUE
OTU_2632,TRUE,TRUE,FALSE,FALSE,FALSE,TRUE
OTU_2633,TRUE,TRUE,FALSE,FALSE,FALSE,FALSE
OTU_2634,TRUE,TRUE,TRUE,FALSE,FALSE,FALSE
OTU_2635,TRUE,TRUE,FALSE,FALSE,FALSE,FALSE
OTU_2636,TRUE,TRUE,TRUE,FALSE,FALSE,FALSE
OTU_2637,TRUE,TRUE,TRUE,TRUE,TRUE,TRUE
OTU_2638,TRUE,TRUE,FALSE,FALSE,FALSE,FALSE
OTU_2639,TRUE,TRUE,FALSE,FALSE,FALSE,FALSE
OTU_264,TRUE,TRUE,FALSE,FALSE,FALSE,TRUE
OTU_2640,TRUE,TRUE,FALSE,FALSE,FALSE,FALSE
OTU_2641,FALSE,TRUE,FALSE,FALSE,FALSE,FALSE
OTU_2642,FALSE,TRUE,TRUE,TRUE,TRUE,TRUE
OTU_2643,TRUE,FALSE,FALSE,TRUE,TRUE,TRUE
OTU_2644,TRUE,TRUE,FALSE,FALSE,FALSE,FALSE
OTU_2645,TRUE,TRUE,TRUE,TRUE,TRUE,TRUE
OTU_2646,TRUE,TRUE,TRUE,FALSE,FALSE,FALSE
OTU_2647,TRUE,TRUE,FALSE,FALSE,FALSE,FALSE
OTU_2648,TRUE,TRUE,FALSE,FALSE,FALSE,FALSE
OTU_2649,TRUE,TRUE,FALSE,FALSE,FALSE,FALSE
OTU_265,FALSE,TRUE,FALSE,FALSE,FALSE,FALSE
OTU_2650,FALSE,TRUE,TRUE,TRUE,TRUE,FALSE
OTU_2651,FALSE,TRUE,TRUE,TRUE,TRUE,TRUE
OTU_2652,TRUE,TRUE,FALSE,FALSE,FALSE,FALSE
OTU_2653,TRUE,TRUE,FALSE,FALSE,FALSE,FALSE
OTU_2654,TRUE,TRUE,FALSE,FALSE,FALSE,FALSE
OTU_2655,FALSE,FALSE,FALSE,TRUE,TRUE,TRUE
OTU_2656,FALSE,FALSE,FALSE,TRUE,TRUE,TRUE
OTU_2657,TRUE,TRUE,FALSE,FALSE,FALSE,FALSE
OTU_2658,TRUE,TRUE,FALSE,FALSE,FALSE,TRUE
OTU_2659,TRUE,TRUE,FALSE,FALSE,FALSE,TRUE
OTU_266,FALSE,TRUE,FALSE,FALSE,FALSE,FALSE
OTU_2660,TRUE,TRUE,FALSE,FALSE,FALSE,FALSE
OTU_2661,TRUE,TRUE,FALSE,FALSE,FALSE,FALSE
OTU_2662,TRUE,TRUE,TRUE,FALSE,TRUE,TRUE
OTU_2663,FALSE,TRUE,FALSE,FALSE,FALSE,FALSE
OTU_2664,TRUE,TRUE,TRUE,FALSE,TRUE,TRUE
OTU_2665,TRUE,TRUE,TRUE,FALSE,FALSE,FALSE
OTU_2666,TRUE,TRUE,FALSE,FALSE,FALSE,FALSE
OTU_2667,TRUE,TRUE,FALSE,FALSE,FALSE,FALSE
OTU_2668,TRUE,TRUE,FALSE,FALSE,FALSE,FALSE
OTU_2669,TRUE,TRUE,FALSE,FALSE,FALSE,TRUE
OTU_267,TRUE,TRUE,FALSE,FALSE,FALSE,FALSE
OTU_2670,FALSE,TRUE,FALSE,FALSE,FALSE,FALSE
OTU_2671,TRUE,TRUE,FALSE,FALSE,FALSE,FALSE
OTU_2672,TRUE,TRUE,FALSE,FALSE,FALSE,FALSE
OTU_2673,TRUE,TRUE,FALSE,FALSE,FALSE,FALSE
OTU_2674,TRUE,TRUE,FALSE,TRUE,FALSE,FALSE
OTU_2675,TRUE,TRUE,FALSE,FALSE,FALSE,FALSE
OTU_2676,TRUE,TRUE,FALSE,FALSE,FALSE,FALSE
OTU_2677,TRUE,TRUE,FALSE,FALSE,TRUE,FALSE
OTU_2678,TRUE,TRUE,FALSE,FALSE,FALSE,FALSE
OTU_2679,TRUE,TRUE,FALSE,FALSE,FALSE,FALSE
OTU_268,TRUE,TRUE,TRUE,TRUE,TRUE,TRUE
OTU_2680,FALSE,TRUE,TRUE,TRUE,TRUE,FALSE
OTU_2681,FALSE,TRUE,FALSE,TRUE,TRUE,TRUE
OTU_2682,TRUE,TRUE,FALSE,FALSE,FALSE,TRUE
OTU_2683,TRUE,TRUE,FALSE,FALSE,FALSE,FALSE
OTU_2684,TRUE,TRUE,FALSE,FALSE,FALSE,FALSE
OTU_2685,TRUE,TRUE,FALSE,FALSE,FALSE,FALSE
OTU_2686,TRUE,TRUE,FALSE,FALSE,FALSE,FALSE
OTU_2687,TRUE,TRUE,FALSE,FALSE,FALSE,FALSE
OTU_2688,TRUE,TRUE,FALSE,FALSE,FALSE,FALSE
OTU_2689,TRUE,TRUE,TRUE,TRUE,TRUE,TRUE
OTU_269,FALSE,TRUE,FALSE,FALSE,FALSE,FALSE
OTU_2690,TRUE,TRUE,TRUE,TRUE,TRUE,FALSE
OTU_2691,TRUE,TRUE,FALSE,FALSE,FALSE,FALSE
OTU_2692,TRUE,TRUE,FALSE,FALSE,FALSE,FALSE
OTU_2693,TRUE,TRUE,TRUE,FALSE,FALSE,TRUE
OTU_2694,TRUE,TRUE,FALSE,FALSE,FALSE,FALSE
OTU_2695,TRUE,TRUE,FALSE,FALSE,FALSE,FALSE
OTU_2696,TRUE,TRUE,FALSE,FALSE,FALSE,FALSE
OTU_2697,TRUE,TRUE,FALSE,FALSE,FALSE,FALSE
OTU_2698,TRUE,TRUE,FALSE,FALSE,FALSE,FALSE
OTU_2699,TRUE,TRUE,FALSE,FALSE,FALSE,FALSE
OTU_27,TRUE,TRUE,FALSE,FALSE,FALSE,FALSE
OTU_270,TRUE,TRUE,TRUE,TRUE,TRUE,TRUE
OTU_2700,TRUE,TRUE,FALSE,FALSE,FALSE,FALSE
OTU_2701,TRUE,TRUE,FALSE,FALSE,FALSE,FALSE
OTU_2702,TRUE,TRUE,FALSE,FALSE,FALSE,FALSE
OTU_2703,TRUE,TRUE,FALSE,FALSE,FALSE,FALSE
OTU_2704,TRUE,TRUE,FALSE,FALSE,FALSE,FALSE
OTU_2705,TRUE,TRUE,TRUE,FALSE,FALSE,FALSE
OTU_2706,TRUE,TRUE,TRUE,TRUE,TRUE,FALSE
OTU_2707,TRUE,TRUE,FALSE,FALSE,FALSE,FALSE
OTU_2708,FALSE,TRUE,FALSE,TRUE,FALSE,TRUE
OTU_2709,TRUE,TRUE,TRUE,FALSE,FALSE,FALSE
OTU_271,TRUE,TRUE,FALSE,FALSE,FALSE,FALSE
OTU_2710,TRUE,TRUE,FALSE,FALSE,FALSE,FALSE
OTU_2711,TRUE,TRUE,FALSE,FALSE,FALSE,FALSE
OTU_2712,TRUE,TRUE,FALSE,FALSE,FALSE,FALSE
OTU_2713,TRUE,TRUE,FALSE,FALSE,FALSE,FALSE
OTU_2714,TRUE,TRUE,FALSE,FALSE,FALSE,FALSE
OTU_2715,TRUE,TRUE,FALSE,FALSE,FALSE,FALSE
OTU_2716,TRUE,TRUE,FALSE,FALSE,FALSE,FALSE
OTU_2717,TRUE,FALSE,FALSE,FALSE,FALSE,FALSE
OTU_2718,TRUE,TRUE,FALSE,FALSE,FALSE,FALSE
OTU_2719,TRUE,TRUE,FALSE,FALSE,FALSE,TRUE
OTU_272,TRUE,TRUE,FALSE,FALSE,FALSE,FALSE
OTU_2720,TRUE,TRUE,FALSE,FALSE,FALSE,FALSE
OTU_2721,TRUE,TRUE,FALSE,FALSE,FALSE,FALSE
OTU_2722,TRUE,TRUE,FALSE,FALSE,FALSE,FALSE
OTU_2723,TRUE,TRUE,FALSE,FALSE,FALSE,FALSE
OTU_2724,TRUE,TRUE,FALSE,FALSE,FALSE,FALSE
OTU_2725,TRUE,TRUE,FALSE,FALSE,FALSE,FALSE
OTU_2726,TRUE,TRUE,FALSE,FALSE,FALSE,FALSE
OTU_2727,FALSE,TRUE,FALSE,FALSE,FALSE,FALSE
OTU_2728,FALSE,TRUE,FALSE,FALSE,FALSE,FALSE
OTU_2729,FALSE,FALSE,FALSE,TRUE,TRUE,TRUE
OTU_273,FALSE,TRUE,TRUE,FALSE,TRUE,TRUE
OTU_2730,FALSE,TRUE,TRUE,TRUE,TRUE,TRUE
OTU_2731,TRUE,TRUE,TRUE,TRUE,TRUE,TRUE
OTU_2732,TRUE,TRUE,FALSE,FALSE,FALSE,FALSE
OTU_2733,TRUE,TRUE,FALSE,FALSE,TRUE,FALSE
OTU_2734,TRUE,TRUE,FALSE,FALSE,FALSE,FALSE
OTU_2735,TRUE,TRUE,FALSE,FALSE,FALSE,FALSE
OTU_2736,TRUE,TRUE,FALSE,FALSE,FALSE,FALSE
OTU_2737,TRUE,TRUE,FALSE,FALSE,FALSE,FALSE
OTU_2738,TRUE,TRUE,FALSE,FALSE,FALSE,FALSE
OTU_2739,TRUE,TRUE,FALSE,FALSE,FALSE,FALSE
OTU_274,FALSE,TRUE,TRUE,TRUE,TRUE,TRUE
OTU_2740,TRUE,TRUE,FALSE,FALSE,FALSE,FALSE
OTU_2741,TRUE,FALSE,FALSE,FALSE,FALSE,FALSE
OTU_2742,TRUE,TRUE,TRUE,FALSE,FALSE,FALSE
OTU_2743,TRUE,TRUE,FALSE,FALSE,FALSE,FALSE
OTU_2744,TRUE,TRUE,FALSE,FALSE,FALSE,FALSE
OTU_2745,TRUE,TRUE,FALSE,FALSE,FALSE,FALSE
OTU_2746,TRUE,TRUE,FALSE,TRUE,TRUE,TRUE
OTU_2747,TRUE,TRUE,FALSE,FALSE,FALSE,FALSE
OTU_2748,TRUE,TRUE,FALSE,FALSE,FALSE,FALSE
OTU_2749,TRUE,TRUE,FALSE,FALSE,FALSE,FALSE
OTU_275,FALSE,FALSE,TRUE,TRUE,TRUE,TRUE
OTU_2750,FALSE,TRUE,FALSE,FALSE,FALSE,FALSE
OTU_2751,FALSE,TRUE,FALSE,FALSE,FALSE,FALSE
OTU_2752,FALSE,TRUE,FALSE,FALSE,FALSE,FALSE
OTU_2753,FALSE,TRUE,FALSE,FALSE,FALSE,FALSE
OTU_2754,TRUE,TRUE,FALSE,FALSE,FALSE,FALSE
OTU_2755,TRUE,TRUE,TRUE,FALSE,FALSE,FALSE
OTU_2756,FALSE,TRUE,FALSE,FALSE,FALSE,FALSE
OTU_2757,FALSE,TRUE,TRUE,TRUE,TRUE,TRUE
OTU_2758,FALSE,TRUE,FALSE,TRUE,TRUE,FALSE
OTU_2759,TRUE,TRUE,TRUE,TRUE,TRUE,TRUE
OTU_276,FALSE,TRUE,TRUE,TRUE,TRUE,TRUE
OTU_2760,TRUE,TRUE,FALSE,FALSE,FALSE,FALSE
OTU_2761,TRUE,TRUE,FALSE,FALSE,FALSE,FALSE
OTU_2762,TRUE,TRUE,FALSE,FALSE,FALSE,FALSE
OTU_2763,TRUE,TRUE,TRUE,TRUE,FALSE,TRUE
OTU_2764,TRUE,TRUE,FALSE,FALSE,FALSE,FALSE
OTU_2765,TRUE,TRUE,FALSE,FALSE,FALSE,FALSE
OTU_2766,TRUE,TRUE,FALSE,FALSE,FALSE,FALSE
OTU_2767,TRUE,TRUE,FALSE,FALSE,FALSE,FALSE
OTU_2768,TRUE,TRUE,FALSE,FALSE,FALSE,FALSE
OTU_2769,TRUE,TRUE,FALSE,FALSE,FALSE,FALSE
OTU_277,FALSE,FALSE,TRUE,TRUE,TRUE,TRUE
OTU_2770,TRUE,TRUE,FALSE,FALSE,FALSE,FALSE
OTU_2771,TRUE,FALSE,FALSE,FALSE,FALSE,FALSE
OTU_2772,TRUE,TRUE,FALSE,FALSE,FALSE,FALSE
OTU_2773,TRUE,TRUE,TRUE,FALSE,TRUE,FALSE
OTU_2774,TRUE,TRUE,TRUE,FALSE,FALSE,FALSE
OTU_2775,TRUE,FALSE,FALSE,FALSE,FALSE,FALSE
OTU_2776,TRUE,TRUE,FALSE,FALSE,FALSE,FALSE
OTU_2777,TRUE,TRUE,FALSE,FALSE,FALSE,FALSE
OTU_2778,TRUE,TRUE,FALSE,FALSE,FALSE,FALSE
OTU_2779,TRUE,TRUE,FALSE,FALSE,FALSE,FALSE
OTU_278,TRUE,TRUE,FALSE,FALSE,FALSE,FALSE
OTU_2780,TRUE,FALSE,FALSE,FALSE,FALSE,FALSE
OTU_2781,TRUE,TRUE,FALSE,FALSE,FALSE,FALSE
OTU_2782,TRUE,TRUE,FALSE,FALSE,FALSE,FALSE
OTU_2783,TRUE,TRUE,FALSE,FALSE,FALSE,FALSE
OTU_2784,TRUE,FALSE,FALSE,FALSE,FALSE,FALSE
OTU_2785,TRUE,TRUE,FALSE,FALSE,FALSE,FALSE
OTU_2786,TRUE,TRUE,FALSE,FALSE,FALSE,FALSE
OTU_2787,TRUE,TRUE,FALSE,FALSE,FALSE,FALSE
OTU_2788,TRUE,TRUE,FALSE,FALSE,FALSE,TRUE
OTU_2789,TRUE,TRUE,FALSE,FALSE,FALSE,FALSE
OTU_279,TRUE,TRUE,TRUE,TRUE,TRUE,TRUE
OTU_2790,TRUE,TRUE,FALSE,FALSE,FALSE,FALSE
OTU_2791,TRUE,TRUE,FALSE,FALSE,FALSE,FALSE
OTU_2792,TRUE,TRUE,TRUE,TRUE,TRUE,TRUE
OTU_2793,FALSE,TRUE,FALSE,FALSE,FALSE,FALSE
OTU_2794,TRUE,TRUE,FALSE,FALSE,FALSE,FALSE
OTU_2795,TRUE,TRUE,TRUE,FALSE,FALSE,FALSE
OTU_2796,TRUE,TRUE,FALSE,FALSE,FALSE,FALSE
OTU_2797,TRUE,TRUE,TRUE,FALSE,TRUE,TRUE
OTU_2798,TRUE,TRUE,TRUE,TRUE,TRUE,TRUE
OTU_2799,TRUE,TRUE,TRUE,TRUE,TRUE,TRUE
OTU_28,TRUE,TRUE,FALSE,FALSE,FALSE,FALSE
OTU_280,TRUE,FALSE,FALSE,FALSE,FALSE,FALSE
OTU_2800,FALSE,TRUE,FALSE,TRUE,TRUE,TRUE
OTU_2801,FALSE,FALSE,FALSE,TRUE,TRUE,FALSE
OTU_2802,TRUE,TRUE,TRUE,TRUE,TRUE,TRUE
OTU_2803,TRUE,FALSE,FALSE,FALSE,FALSE,FALSE
OTU_2804,TRUE,TRUE,FALSE,FALSE,FALSE,FALSE
OTU_2805,TRUE,TRUE,FALSE,FALSE,FALSE,FALSE
OTU_2806,TRUE,TRUE,FALSE,FALSE,FALSE,FALSE
OTU_2807,TRUE,FALSE,FALSE,FALSE,FALSE,FALSE
OTU_2808,TRUE,FALSE,FALSE,FALSE,FALSE,FALSE
OTU_2809,TRUE,TRUE,FALSE,FALSE,FALSE,FALSE
OTU_281,TRUE,TRUE,FALSE,FALSE,FALSE,FALSE
OTU_2810,TRUE,TRUE,FALSE,FALSE,FALSE,FALSE
OTU_2811,TRUE,TRUE,FALSE,FALSE,FALSE,FALSE
OTU_2812,TRUE,TRUE,FALSE,FALSE,FALSE,FALSE
OTU_2813,TRUE,TRUE,FALSE,FALSE,FALSE,FALSE
OTU_2814,TRUE,TRUE,FALSE,FALSE,FALSE,FALSE
OTU_2815,TRUE,FALSE,FALSE,FALSE,FALSE,FALSE
OTU_2816,TRUE,TRUE,FALSE,FALSE,FALSE,FALSE
OTU_2817,TRUE,TRUE,FALSE,FALSE,FALSE,FALSE
OTU_2818,TRUE,TRUE,FALSE,FALSE,FALSE,FALSE
OTU_2819,TRUE,TRUE,FALSE,FALSE,FALSE,TRUE
OTU_282,TRUE,FALSE,FALSE,FALSE,FALSE,FALSE
OTU_2820,TRUE,TRUE,FALSE,FALSE,FALSE,FALSE
OTU_2821,TRUE,TRUE,FALSE,FALSE,FALSE,FALSE
OTU_2822,TRUE,TRUE,FALSE,FALSE,FALSE,FALSE
OTU_2823,TRUE,FALSE,FALSE,FALSE,FALSE,FALSE
OTU_2824,TRUE,TRUE,FALSE,FALSE,FALSE,FALSE
OTU_2825,TRUE,TRUE,FALSE,FALSE,FALSE,FALSE
OTU_2826,TRUE,TRUE,FALSE,FALSE,FALSE,TRUE
OTU_2827,TRUE,TRUE,FALSE,FALSE,FALSE,FALSE
OTU_2828,TRUE,TRUE,FALSE,TRUE,TRUE,TRUE
OTU_2829,TRUE,TRUE,FALSE,FALSE,FALSE,FALSE
OTU_283,TRUE,TRUE,FALSE,FALSE,FALSE,FALSE
OTU_2830,TRUE,TRUE,FALSE,FALSE,FALSE,FALSE
OTU_2831,TRUE,TRUE,FALSE,FALSE,FALSE,FALSE
OTU_2832,TRUE,TRUE,FALSE,FALSE,FALSE,FALSE
OTU_2833,TRUE,TRUE,FALSE,FALSE,FALSE,FALSE
OTU_2834,TRUE,TRUE,FALSE,FALSE,FALSE,FALSE
OTU_2835,TRUE,TRUE,TRUE,FALSE,TRUE,FALSE
OTU_2836,TRUE,TRUE,FALSE,FALSE,FALSE,FALSE
OTU_2837,TRUE,TRUE,FALSE,FALSE,FALSE,FALSE
OTU_2838,TRUE,TRUE,FALSE,FALSE,FALSE,FALSE
OTU_2839,TRUE,TRUE,FALSE,FALSE,FALSE,TRUE
OTU_284,TRUE,TRUE,FALSE,FALSE,FALSE,FALSE
OTU_2840,TRUE,TRUE,FALSE,FALSE,FALSE,FALSE
OTU_2841,TRUE,TRUE,FALSE,FALSE,FALSE,FALSE
OTU_2842,TRUE,TRUE,FALSE,FALSE,FALSE,FALSE
OTU_2843,TRUE,TRUE,FALSE,FALSE,FALSE,FALSE
OTU_2844,TRUE,TRUE,FALSE,FALSE,FALSE,TRUE
OTU_2845,TRUE,TRUE,FALSE,FALSE,FALSE,FALSE
OTU_2846,TRUE,TRUE,FALSE,FALSE,FALSE,FALSE
OTU_2847,TRUE,TRUE,FALSE,FALSE,FALSE,FALSE
OTU_2848,TRUE,TRUE,TRUE,TRUE,FALSE,FALSE
OTU_2849,TRUE,TRUE,FALSE,FALSE,FALSE,FALSE
OTU_285,TRUE,FALSE,FALSE,FALSE,FALSE,FALSE
OTU_2850,FALSE,TRUE,FALSE,TRUE,FALSE,FALSE
OTU_2851,TRUE,TRUE,FALSE,FALSE,FALSE,FALSE
OTU_2852,TRUE,TRUE,FALSE,FALSE,FALSE,FALSE
OTU_2853,TRUE,TRUE,FALSE,FALSE,FALSE,FALSE
OTU_2854,TRUE,TRUE,TRUE,FALSE,FALSE,FALSE
OTU_2855,TRUE,TRUE,TRUE,FALSE,FALSE,FALSE
OTU_2856,FALSE,TRUE,FALSE,FALSE,FALSE,FALSE
OTU_2857,TRUE,TRUE,FALSE,FALSE,FALSE,FALSE
OTU_2858,TRUE,TRUE,FALSE,FALSE,FALSE,FALSE
OTU_2859,TRUE,TRUE,TRUE,TRUE,TRUE,FALSE
OTU_286,TRUE,TRUE,FALSE,FALSE,FALSE,FALSE
OTU_2860,FALSE,TRUE,TRUE,FALSE,FALSE,FALSE
OTU_2861,FALSE,TRUE,FALSE,FALSE,FALSE,FALSE
OTU_2862,TRUE,TRUE,FALSE,FALSE,FALSE,FALSE
OTU_2863,FALSE,TRUE,FALSE,FALSE,FALSE,FALSE
OTU_2864,FALSE,TRUE,FALSE,FALSE,FALSE,FALSE
OTU_2865,TRUE,TRUE,FALSE,FALSE,FALSE,FALSE
OTU_2866,FALSE,TRUE,FALSE,FALSE,FALSE,FALSE
OTU_2867,TRUE,TRUE,FALSE,FALSE,FALSE,FALSE
OTU_2868,TRUE,TRUE,FALSE,FALSE,FALSE,FALSE
OTU_2869,TRUE,TRUE,FALSE,FALSE,FALSE,FALSE
OTU_287,TRUE,TRUE,FALSE,FALSE,FALSE,FALSE
OTU_2870,TRUE,TRUE,FALSE,FALSE,FALSE,FALSE
OTU_2871,TRUE,TRUE,FALSE,FALSE,FALSE,TRUE
OTU_2872,TRUE,TRUE,FALSE,TRUE,FALSE,FALSE
OTU_2873,TRUE,TRUE,FALSE,FALSE,FALSE,FALSE
OTU_2874,TRUE,TRUE,TRUE,FALSE,FALSE,FALSE
OTU_2875,FALSE,TRUE,FALSE,FALSE,FALSE,FALSE
OTU_2876,TRUE,TRUE,TRUE,FALSE,FALSE,TRUE
OTU_2877,TRUE,TRUE,FALSE,FALSE,FALSE,FALSE
OTU_2878,FALSE,TRUE,FALSE,FALSE,FALSE,FALSE
OTU_2879,TRUE,TRUE,FALSE,FALSE,FALSE,TRUE
OTU_288,TRUE,TRUE,FALSE,FALSE,FALSE,FALSE
OTU_2880,FALSE,TRUE,FALSE,FALSE,FALSE,FALSE
OTU_2881,TRUE,TRUE,FALSE,FALSE,FALSE,FALSE
OTU_2882,TRUE,TRUE,FALSE,FALSE,FALSE,FALSE
OTU_2883,TRUE,TRUE,FALSE,FALSE,FALSE,FALSE
OTU_2884,TRUE,TRUE,FALSE,FALSE,FALSE,FALSE
OTU_2885,FALSE,FALSE,TRUE,FALSE,FALSE,FALSE
OTU_2886,FALSE,TRUE,TRUE,TRUE,TRUE,FALSE
OTU_2887,FALSE,TRUE,TRUE,TRUE,TRUE,FALSE
OTU_2888,TRUE,TRUE,TRUE,TRUE,TRUE,TRUE
OTU_2889,FALSE,TRUE,TRUE,TRUE,FALSE,FALSE
OTU_289,TRUE,TRUE,FALSE,FALSE,FALSE,FALSE
OTU_2890,TRUE,FALSE,FALSE,TRUE,FALSE,FALSE
OTU_2891,FALSE,FALSE,FALSE,TRUE,TRUE,FALSE
OTU_2892,TRUE,TRUE,FALSE,FALSE,TRUE,TRUE
OTU_2893,TRUE,TRUE,FALSE,TRUE,TRUE,TRUE
OTU_2894,FALSE,TRUE,FALSE,TRUE,TRUE,TRUE
OTU_2895,TRUE,TRUE,TRUE,TRUE,TRUE,TRUE
OTU_2896,TRUE,TRUE,TRUE,TRUE,TRUE,TRUE
OTU_2897,FALSE,TRUE,TRUE,TRUE,TRUE,TRUE
OTU_2898,FALSE,TRUE,FALSE,TRUE,TRUE,TRUE
OTU_2899,FALSE,FALSE,FALSE,TRUE,TRUE,TRUE
OTU_29,TRUE,TRUE,FALSE,FALSE,FALSE,FALSE
OTU_290,TRUE,TRUE,FALSE,FALSE,FALSE,FALSE
OTU_2900,TRUE,TRUE,TRUE,TRUE,TRUE,FALSE
OTU_2901,TRUE,TRUE,TRUE,TRUE,TRUE,TRUE
OTU_2902,TRUE,TRUE,TRUE,TRUE,TRUE,TRUE
OTU_2903,TRUE,TRUE,TRUE,TRUE,TRUE,FALSE
OTU_2904,TRUE,TRUE,TRUE,FALSE,FALSE,FALSE
OTU_2905,FALSE,TRUE,TRUE,TRUE,FALSE,FALSE
OTU_2906,TRUE,TRUE,TRUE,TRUE,TRUE,TRUE
OTU_2907,TRUE,FALSE,FALSE,FALSE,FALSE,TRUE
OTU_2908,FALSE,FALSE,TRUE,TRUE,TRUE,TRUE
OTU_2909,TRUE,TRUE,TRUE,FALSE,FALSE,FALSE
OTU_291,TRUE,TRUE,FALSE,FALSE,FALSE,FALSE
OTU_2910,TRUE,TRUE,FALSE,FALSE,FALSE,FALSE
OTU_2911,TRUE,TRUE,TRUE,FALSE,FALSE,FALSE
OTU_2912,TRUE,TRUE,TRUE,TRUE,FALSE,FALSE
OTU_2913,TRUE,TRUE,FALSE,FALSE,FALSE,FALSE
OTU_2914,FALSE,TRUE,TRUE,FALSE,FALSE,FALSE
OTU_2915,TRUE,TRUE,FALSE,FALSE,TRUE,FALSE
OTU_2916,TRUE,TRUE,TRUE,FALSE,FALSE,FALSE
OTU_2917,TRUE,TRUE,FALSE,FALSE,FALSE,FALSE
OTU_2918,TRUE,TRUE,TRUE,FALSE,FALSE,FALSE
OTU_2919,TRUE,TRUE,FALSE,FALSE,FALSE,FALSE
OTU_292,TRUE,TRUE,FALSE,FALSE,FALSE,TRUE
OTU_2920,TRUE,TRUE,FALSE,FALSE,FALSE,FALSE
OTU_2921,TRUE,TRUE,FALSE,FALSE,FALSE,TRUE
OTU_2922,TRUE,TRUE,FALSE,FALSE,FALSE,FALSE
OTU_2923,TRUE,TRUE,FALSE,FALSE,FALSE,TRUE
OTU_2924,TRUE,TRUE,FALSE,FALSE,FALSE,FALSE
OTU_2925,TRUE,TRUE,FALSE,FALSE,FALSE,FALSE
OTU_2926,TRUE,TRUE,TRUE,TRUE,TRUE,TRUE
OTU_2927,TRUE,TRUE,FALSE,FALSE,FALSE,TRUE
OTU_2928,TRUE,TRUE,TRUE,FALSE,FALSE,FALSE
OTU_2929,TRUE,TRUE,FALSE,FALSE,FALSE,FALSE
OTU_293,TRUE,FALSE,TRUE,FALSE,FALSE,FALSE
OTU_2930,TRUE,TRUE,FALSE,FALSE,FALSE,FALSE
OTU_2931,TRUE,TRUE,TRUE,TRUE,TRUE,TRUE
OTU_2932,TRUE,TRUE,FALSE,FALSE,FALSE,FALSE
OTU_2933,FALSE,TRUE,TRUE,FALSE,FALSE,FALSE
OTU_2934,FALSE,FALSE,FALSE,FALSE,FALSE,TRUE
OTU_2935,TRUE,TRUE,FALSE,FALSE,TRUE,TRUE
OTU_2936,TRUE,TRUE,FALSE,FALSE,TRUE,TRUE
OTU_2937,FALSE,TRUE,TRUE,TRUE,TRUE,TRUE
OTU_2938,TRUE,TRUE,TRUE,TRUE,TRUE,FALSE
OTU_2939,FALSE,FALSE,FALSE,FALSE,FALSE,TRUE
OTU_294,TRUE,FALSE,FALSE,FALSE,FALSE,TRUE
OTU_2940,TRUE,TRUE,FALSE,FALSE,FALSE,FALSE
OTU_2941,TRUE,FALSE,TRUE,TRUE,FALSE,TRUE
OTU_2942,TRUE,TRUE,FALSE,FALSE,FALSE,TRUE
OTU_2943,TRUE,TRUE,FALSE,FALSE,FALSE,FALSE
OTU_2944,TRUE,TRUE,TRUE,FALSE,TRUE,TRUE
OTU_2945,TRUE,TRUE,TRUE,FALSE,FALSE,TRUE
OTU_2946,TRUE,TRUE,TRUE,FALSE,FALSE,FALSE
OTU_2947,TRUE,TRUE,TRUE,FALSE,FALSE,FALSE
OTU_2948,TRUE,TRUE,FALSE,FALSE,FALSE,FALSE
OTU_2949,TRUE,TRUE,TRUE,FALSE,FALSE,FALSE
OTU_295,TRUE,TRUE,TRUE,FALSE,FALSE,FALSE
OTU_2950,TRUE,TRUE,FALSE,FALSE,FALSE,FALSE
OTU_2951,TRUE,TRUE,FALSE,TRUE,TRUE,TRUE
OTU_2952,TRUE,TRUE,FALSE,FALSE,FALSE,TRUE
OTU_2953,TRUE,TRUE,FALSE,FALSE,FALSE,FALSE
OTU_2954,TRUE,TRUE,FALSE,FALSE,FALSE,FALSE
OTU_2955,TRUE,TRUE,FALSE,FALSE,FALSE,TRUE
OTU_2956,TRUE,TRUE,FALSE,FALSE,FALSE,FALSE
OTU_2957,TRUE,TRUE,FALSE,FALSE,FALSE,FALSE
OTU_2958,TRUE,FALSE,FALSE,FALSE,TRUE,TRUE
OTU_2959,TRUE,TRUE,FALSE,FALSE,FALSE,FALSE
OTU_296,TRUE,TRUE,FALSE,TRUE,FALSE,TRUE
OTU_2960,TRUE,TRUE,TRUE,TRUE,TRUE,TRUE
OTU_2961,TRUE,TRUE,FALSE,FALSE,FALSE,FALSE
OTU_2962,TRUE,TRUE,FALSE,FALSE,FALSE,FALSE
OTU_2963,TRUE,TRUE,FALSE,FALSE,FALSE,FALSE
OTU_2964,TRUE,TRUE,FALSE,FALSE,FALSE,FALSE
OTU_2965,FALSE,TRUE,FALSE,FALSE,FALSE,FALSE
OTU_2966,TRUE,TRUE,FALSE,FALSE,FALSE,TRUE
OTU_2967,TRUE,TRUE,FALSE,FALSE,FALSE,FALSE
OTU_2968,TRUE,TRUE,TRUE,FALSE,FALSE,FALSE
OTU_2969,TRUE,TRUE,FALSE,FALSE,FALSE,TRUE
OTU_297,TRUE,TRUE,FALSE,FALSE,FALSE,FALSE
OTU_2970,TRUE,TRUE,FALSE,FALSE,FALSE,FALSE
OTU_2971,TRUE,TRUE,FALSE,FALSE,FALSE,TRUE
OTU_2972,FALSE,TRUE,TRUE,FALSE,TRUE,FALSE
OTU_2973,FALSE,FALSE,TRUE,TRUE,FALSE,FALSE
OTU_2974,TRUE,TRUE,TRUE,TRUE,TRUE,TRUE
OTU_2975,TRUE,TRUE,FALSE,FALSE,TRUE,TRUE
OTU_2976,TRUE,TRUE,TRUE,FALSE,FALSE,FALSE
OTU_2977,TRUE,TRUE,TRUE,TRUE,FALSE,TRUE
OTU_2978,TRUE,TRUE,FALSE,FALSE,FALSE,TRUE
OTU_2979,TRUE,TRUE,FALSE,TRUE,FALSE,TRUE
OTU_298,TRUE,TRUE,FALSE,FALSE,FALSE,FALSE
OTU_2980,TRUE,TRUE,FALSE,FALSE,FALSE,FALSE
OTU_2981,TRUE,TRUE,FALSE,FALSE,FALSE,FALSE
OTU_2982,TRUE,TRUE,FALSE,FALSE,TRUE,TRUE
OTU_2983,TRUE,TRUE,FALSE,FALSE,FALSE,FALSE
OTU_2984,TRUE,TRUE,TRUE,FALSE,FALSE,FALSE
OTU_2985,TRUE,TRUE,FALSE,FALSE,FALSE,TRUE
OTU_2986,TRUE,TRUE,FALSE,FALSE,FALSE,TRUE
OTU_2987,TRUE,TRUE,FALSE,FALSE,FALSE,FALSE
OTU_2988,FALSE,TRUE,TRUE,TRUE,TRUE,FALSE
OTU_2989,FALSE,FALSE,TRUE,TRUE,TRUE,FALSE
OTU_299,TRUE,TRUE,FALSE,FALSE,FALSE,FALSE
OTU_2990,FALSE,FALSE,FALSE,FALSE,TRUE,FALSE
OTU_2991,TRUE,FALSE,FALSE,FALSE,FALSE,TRUE
OTU_2992,FALSE,FALSE,TRUE,FALSE,FALSE,TRUE
OTU_2993,TRUE,TRUE,TRUE,FALSE,FALSE,FALSE
OTU_2994,TRUE,TRUE,FALSE,FALSE,FALSE,TRUE
OTU_2995,TRUE,TRUE,FALSE,FALSE,FALSE,TRUE
OTU_2996,TRUE,TRUE,FALSE,FALSE,FALSE,FALSE
OTU_2997,TRUE,TRUE,FALSE,FALSE,FALSE,FALSE
OTU_2998,TRUE,TRUE,TRUE,FALSE,FALSE,FALSE
OTU_2999,TRUE,TRUE,FALSE,FALSE,FALSE,FALSE
OTU_3,TRUE,TRUE,FALSE,FALSE,FALSE,FALSE
OTU_30,TRUE,TRUE,FALSE,FALSE,FALSE,FALSE
OTU_300,TRUE,TRUE,FALSE,FALSE,FALSE,FALSE
OTU_3000,TRUE,TRUE,FALSE,FALSE,FALSE,FALSE
OTU_3001,TRUE,TRUE,FALSE,FALSE,FALSE,FALSE
OTU_3002,FALSE,TRUE,FALSE,FALSE,FALSE,FALSE
OTU_3003,FALSE,TRUE,FALSE,FALSE,FALSE,FALSE
OTU_3004,TRUE,TRUE,TRUE,TRUE,TRUE,FALSE
OTU_3005,FALSE,TRUE,TRUE,TRUE,TRUE,TRUE
OTU_3006,FALSE,TRUE,TRUE,TRUE,TRUE,FALSE
OTU_3007,TRUE,TRUE,FALSE,FALSE,FALSE,FALSE
OTU_3008,FALSE,FALSE,TRUE,TRUE,TRUE,TRUE
OTU_3009,FALSE,TRUE,TRUE,TRUE,TRUE,FALSE
OTU_301,TRUE,FALSE,FALSE,FALSE,FALSE,FALSE
OTU_3010,FALSE,TRUE,TRUE,TRUE,TRUE,FALSE
OTU_3011,FALSE,FALSE,FALSE,TRUE,TRUE,TRUE
OTU_3012,FALSE,TRUE,FALSE,FALSE,TRUE,TRUE
OTU_3013,TRUE,FALSE,FALSE,FALSE,FALSE,TRUE
OTU_3014,TRUE,TRUE,FALSE,FALSE,FALSE,FALSE
OTU_3015,TRUE,TRUE,FALSE,FALSE,FALSE,FALSE
OTU_3016,TRUE,TRUE,FALSE,FALSE,FALSE,FALSE
OTU_3017,TRUE,TRUE,FALSE,FALSE,FALSE,FALSE
OTU_3018,TRUE,TRUE,TRUE,FALSE,FALSE,TRUE
OTU_3019,TRUE,TRUE,FALSE,FALSE,FALSE,FALSE
OTU_302,TRUE,TRUE,FALSE,FALSE,FALSE,FALSE
OTU_3020,TRUE,TRUE,FALSE,FALSE,FALSE,TRUE
OTU_3021,TRUE,TRUE,TRUE,FALSE,TRUE,TRUE
OTU_3022,TRUE,TRUE,FALSE,FALSE,FALSE,TRUE
OTU_3023,TRUE,TRUE,FALSE,FALSE,TRUE,TRUE
OTU_3024,TRUE,TRUE,FALSE,FALSE,FALSE,FALSE
OTU_3025,TRUE,TRUE,FALSE,FALSE,TRUE,TRUE
OTU_3026,TRUE,TRUE,FALSE,FALSE,TRUE,FALSE
OTU_3027,TRUE,TRUE,FALSE,FALSE,FALSE,TRUE
OTU_3028,TRUE,TRUE,FALSE,FALSE,TRUE,TRUE
OTU_3029,TRUE,TRUE,FALSE,FALSE,FALSE,FALSE
OTU_303,TRUE,TRUE,FALSE,FALSE,FALSE,FALSE
OTU_3030,FALSE,TRUE,FALSE,FALSE,FALSE,FALSE
OTU_3031,FALSE,TRUE,FALSE,FALSE,FALSE,FALSE
OTU_3032,FALSE,FALSE,TRUE,TRUE,FALSE,FALSE
OTU_3033,FALSE,FALSE,TRUE,TRUE,TRUE,FALSE
OTU_3034,FALSE,FALSE,FALSE,FALSE,TRUE,TRUE
OTU_3035,TRUE,TRUE,FALSE,FALSE,FALSE,FALSE
OTU_3036,TRUE,TRUE,FALSE,FALSE,FALSE,FALSE
OTU_3037,TRUE,TRUE,FALSE,FALSE,FALSE,FALSE
OTU_3038,TRUE,TRUE,FALSE,FALSE,FALSE,TRUE
OTU_3039,TRUE,FALSE,FALSE,FALSE,FALSE,FALSE
OTU_304,TRUE,TRUE,FALSE,FALSE,FALSE,FALSE
OTU_3040,TRUE,TRUE,FALSE,FALSE,FALSE,FALSE
OTU_3041,TRUE,TRUE,TRUE,FALSE,FALSE,FALSE
OTU_3042,TRUE,TRUE,FALSE,FALSE,FALSE,FALSE
OTU_3043,TRUE,TRUE,FALSE,FALSE,FALSE,FALSE
OTU_3044,TRUE,TRUE,FALSE,FALSE,FALSE,FALSE
OTU_3045,TRUE,TRUE,FALSE,FALSE,FALSE,FALSE
OTU_3046,TRUE,TRUE,FALSE,FALSE,FALSE,TRUE
OTU_3047,TRUE,TRUE,FALSE,FALSE,FALSE,FALSE
OTU_3048,TRUE,TRUE,TRUE,TRUE,FALSE,FALSE
OTU_3049,TRUE,TRUE,FALSE,FALSE,FALSE,FALSE
OTU_305,TRUE,TRUE,FALSE,FALSE,FALSE,FALSE
OTU_3050,TRUE,TRUE,FALSE,FALSE,FALSE,TRUE
OTU_3051,TRUE,TRUE,TRUE,TRUE,TRUE,TRUE
OTU_3052,TRUE,TRUE,FALSE,FALSE,FALSE,FALSE
OTU_3053,TRUE,TRUE,FALSE,FALSE,FALSE,FALSE
OTU_3054,FALSE,TRUE,FALSE,FALSE,FALSE,FALSE
OTU_3055,TRUE,TRUE,FALSE,FALSE,FALSE,FALSE
OTU_3056,FALSE,TRUE,FALSE,FALSE,FALSE,FALSE
OTU_3057,FALSE,TRUE,FALSE,FALSE,FALSE,FALSE
OTU_3058,FALSE,TRUE,FALSE,FALSE,FALSE,FALSE
OTU_3059,TRUE,TRUE,FALSE,FALSE,FALSE,FALSE
OTU_306,TRUE,TRUE,FALSE,FALSE,FALSE,FALSE
OTU_3060,FALSE,TRUE,TRUE,TRUE,FALSE,FALSE
OTU_3061,FALSE,FALSE,TRUE,TRUE,TRUE,TRUE
OTU_3062,TRUE,TRUE,TRUE,TRUE,TRUE,TRUE
OTU_3063,FALSE,FALSE,FALSE,TRUE,TRUE,FALSE
OTU_3064,FALSE,FALSE,FALSE,FALSE,TRUE,FALSE
OTU_3065,FALSE,FALSE,FALSE,FALSE,FALSE,TRUE
OTU_3066,TRUE,TRUE,FALSE,FALSE,FALSE,TRUE
OTU_3067,TRUE,FALSE,FALSE,FALSE,FALSE,TRUE
OTU_3068,FALSE,FALSE,FALSE,FALSE,FALSE,TRUE
OTU_3069,TRUE,TRUE,FALSE,FALSE,FALSE,FALSE
OTU_307,TRUE,TRUE,FALSE,FALSE,FALSE,FALSE
OTU_3070,TRUE,TRUE,TRUE,FALSE,FALSE,FALSE
OTU_3071,TRUE,FALSE,FALSE,FALSE,FALSE,FALSE
OTU_3072,TRUE,TRUE,TRUE,TRUE,FALSE,FALSE
OTU_3073,TRUE,TRUE,FALSE,FALSE,FALSE,FALSE
OTU_3074,TRUE,TRUE,FALSE,FALSE,FALSE,FALSE
OTU_3075,TRUE,TRUE,FALSE,FALSE,FALSE,FALSE
OTU_3076,TRUE,TRUE,FALSE,TRUE,FALSE,TRUE
OTU_3077,TRUE,TRUE,FALSE,FALSE,FALSE,FALSE
OTU_3078,TRUE,TRUE,FALSE,FALSE,FALSE,TRUE
OTU_3079,TRUE,TRUE,FALSE,FALSE,FALSE,FALSE
OTU_308,TRUE,FALSE,FALSE,FALSE,FALSE,FALSE
OTU_3080,TRUE,TRUE,FALSE,FALSE,FALSE,FALSE
OTU_3081,TRUE,TRUE,TRUE,TRUE,FALSE,TRUE
OTU_3082,TRUE,TRUE,FALSE,FALSE,FALSE,TRUE
OTU_3083,TRUE,TRUE,FALSE,FALSE,FALSE,FALSE
OTU_3084,TRUE,TRUE,TRUE,FALSE,FALSE,FALSE
OTU_3085,TRUE,TRUE,FALSE,FALSE,FALSE,TRUE
OTU_3086,TRUE,TRUE,FALSE,FALSE,FALSE,TRUE
OTU_3087,TRUE,TRUE,FALSE,FALSE,FALSE,FALSE
OTU_3088,TRUE,TRUE,FALSE,FALSE,FALSE,FALSE
OTU_3089,TRUE,TRUE,FALSE,FALSE,TRUE,TRUE
OTU_309,TRUE,TRUE,FALSE,FALSE,FALSE,TRUE
OTU_3090,TRUE,TRUE,FALSE,FALSE,FALSE,FALSE
OTU_3091,TRUE,TRUE,FALSE,FALSE,TRUE,TRUE
OTU_3092,TRUE,TRUE,FALSE,FALSE,TRUE,FALSE
OTU_3093,TRUE,TRUE,TRUE,FALSE,TRUE,FALSE
OTU_3094,TRUE,TRUE,TRUE,FALSE,FALSE,FALSE
OTU_3095,TRUE,TRUE,FALSE,FALSE,FALSE,FALSE
OTU_3096,TRUE,TRUE,FALSE,FALSE,FALSE,FALSE
OTU_3097,TRUE,TRUE,FALSE,FALSE,FALSE,FALSE
OTU_3098,TRUE,TRUE,FALSE,FALSE,FALSE,FALSE
OTU_3099,TRUE,TRUE,FALSE,FALSE,FALSE,FALSE
OTU_31,TRUE,TRUE,FALSE,FALSE,FALSE,FALSE
OTU_310,TRUE,TRUE,FALSE,FALSE,FALSE,FALSE
OTU_3100,FALSE,TRUE,FALSE,FALSE,FALSE,FALSE
OTU_3101,FALSE,TRUE,FALSE,FALSE,FALSE,FALSE
OTU_3102,TRUE,TRUE,FALSE,FALSE,FALSE,FALSE
OTU_3103,FALSE,TRUE,FALSE,FALSE,FALSE,FALSE
OTU_3104,TRUE,TRUE,TRUE,FALSE,FALSE,FALSE
OTU_3105,FALSE,TRUE,FALSE,FALSE,FALSE,FALSE
OTU_3106,FALSE,TRUE,TRUE,FALSE,FALSE,FALSE
OTU_3107,TRUE,TRUE,TRUE,TRUE,TRUE,TRUE
OTU_3108,FALSE,TRUE,FALSE,FALSE,FALSE,TRUE
OTU_3109,TRUE,TRUE,FALSE,TRUE,FALSE,FALSE
OTU_311,TRUE,TRUE,FALSE,FALSE,FALSE,TRUE
OTU_3110,FALSE,TRUE,FALSE,FALSE,FALSE,FALSE
OTU_3111,TRUE,TRUE,FALSE,FALSE,FALSE,FALSE
OTU_3112,TRUE,TRUE,TRUE,TRUE,FALSE,FALSE
OTU_3113,TRUE,TRUE,FALSE,FALSE,FALSE,FALSE
OTU_3114,TRUE,TRUE,FALSE,FALSE,FALSE,FALSE
OTU_3115,TRUE,TRUE,TRUE,FALSE,FALSE,FALSE
OTU_3116,TRUE,TRUE,TRUE,FALSE,TRUE,FALSE
OTU_3117,FALSE,TRUE,TRUE,TRUE,TRUE,TRUE
OTU_3118,FALSE,FALSE,TRUE,TRUE,FALSE,FALSE
OTU_3119,TRUE,FALSE,FALSE,TRUE,TRUE,TRUE
OTU_312,TRUE,TRUE,FALSE,FALSE,FALSE,FALSE
OTU_3120,TRUE,FALSE,TRUE,TRUE,TRUE,FALSE
OTU_3121,FALSE,FALSE,TRUE,TRUE,TRUE,FALSE
OTU_3122,FALSE,FALSE,FALSE,FALSE,TRUE,FALSE
OTU_3123,FALSE,FALSE,FALSE,FALSE,TRUE,TRUE
OTU_3124,FALSE,FALSE,FALSE,FALSE,FALSE,TRUE
OTU_3125,FALSE,FALSE,FALSE,FALSE,FALSE,TRUE
OTU_3126,FALSE,FALSE,FALSE,FALSE,FALSE,TRUE
OTU_3127,TRUE,FALSE,FALSE,FALSE,FALSE,FALSE
OTU_3128,TRUE,TRUE,FALSE,FALSE,FALSE,FALSE
OTU_3129,TRUE,TRUE,FALSE,FALSE,TRUE,TRUE
OTU_313,TRUE,TRUE,FALSE,FALSE,FALSE,FALSE
OTU_3130,TRUE,TRUE,FALSE,FALSE,FALSE,FALSE
OTU_3131,TRUE,TRUE,FALSE,FALSE,FALSE,FALSE
OTU_3132,TRUE,TRUE,FALSE,TRUE,FALSE,TRUE
OTU_3133,TRUE,FALSE,FALSE,FALSE,FALSE,FALSE
OTU_3134,TRUE,TRUE,FALSE,FALSE,FALSE,FALSE
OTU_3135,TRUE,TRUE,FALSE,FALSE,FALSE,FALSE
OTU_3136,TRUE,TRUE,FALSE,FALSE,FALSE,FALSE
OTU_3137,TRUE,TRUE,FALSE,FALSE,FALSE,FALSE
OTU_3138,TRUE,TRUE,FALSE,FALSE,FALSE,FALSE
OTU_3139,TRUE,TRUE,FALSE,FALSE,FALSE,FALSE
OTU_314,TRUE,TRUE,FALSE,FALSE,FALSE,FALSE
OTU_3140,TRUE,TRUE,FALSE,FALSE,FALSE,FALSE
OTU_3141,TRUE,TRUE,FALSE,FALSE,FALSE,FALSE
OTU_3142,TRUE,TRUE,FALSE,FALSE,FALSE,FALSE
OTU_3143,TRUE,TRUE,FALSE,FALSE,FALSE,FALSE
OTU_3144,TRUE,TRUE,FALSE,FALSE,FALSE,FALSE
OTU_3145,TRUE,TRUE,FALSE,FALSE,FALSE,FALSE
OTU_3146,TRUE,TRUE,FALSE,FALSE,FALSE,FALSE
OTU_3147,TRUE,TRUE,FALSE,FALSE,FALSE,FALSE
OTU_3148,TRUE,TRUE,FALSE,FALSE,FALSE,FALSE
OTU_3149,TRUE,TRUE,TRUE,FALSE,TRUE,FALSE
OTU_315,TRUE,TRUE,FALSE,FALSE,FALSE,FALSE
OTU_3150,TRUE,TRUE,FALSE,FALSE,FALSE,FALSE
OTU_3151,TRUE,FALSE,FALSE,FALSE,FALSE,TRUE
OTU_3152,TRUE,TRUE,TRUE,TRUE,FALSE,FALSE
OTU_3153,TRUE,TRUE,FALSE,FALSE,FALSE,FALSE
OTU_3154,TRUE,TRUE,FALSE,FALSE,FALSE,FALSE
OTU_3155,TRUE,TRUE,TRUE,FALSE,TRUE,TRUE
OTU_3156,TRUE,TRUE,FALSE,FALSE,FALSE,FALSE
OTU_3157,TRUE,TRUE,FALSE,TRUE,FALSE,TRUE
OTU_3158,TRUE,TRUE,FALSE,FALSE,FALSE,FALSE
OTU_3159,TRUE,TRUE,FALSE,FALSE,FALSE,FALSE
OTU_316,TRUE,TRUE,FALSE,FALSE,FALSE,FALSE
OTU_3160,TRUE,TRUE,TRUE,FALSE,FALSE,TRUE
OTU_3161,TRUE,TRUE,TRUE,TRUE,FALSE,FALSE
OTU_3162,TRUE,TRUE,FALSE,FALSE,FALSE,FALSE
OTU_3163,TRUE,TRUE,FALSE,FALSE,FALSE,FALSE
OTU_3164,TRUE,FALSE,FALSE,FALSE,FALSE,FALSE
OTU_3165,TRUE,TRUE,TRUE,FALSE,FALSE,FALSE
OTU_3166,TRUE,TRUE,FALSE,FALSE,FALSE,FALSE
OTU_3167,TRUE,TRUE,FALSE,FALSE,FALSE,FALSE
OTU_3168,TRUE,TRUE,FALSE,FALSE,FALSE,FALSE
OTU_3169,TRUE,TRUE,FALSE,FALSE,TRUE,FALSE
OTU_317,TRUE,TRUE,FALSE,FALSE,FALSE,FALSE
OTU_3170,TRUE,TRUE,FALSE,FALSE,FALSE,TRUE
OTU_3171,TRUE,TRUE,FALSE,FALSE,FALSE,FALSE
OTU_3172,TRUE,TRUE,FALSE,FALSE,FALSE,FALSE
OTU_3173,TRUE,TRUE,FALSE,FALSE,FALSE,FALSE
OTU_3174,TRUE,TRUE,FALSE,FALSE,FALSE,FALSE
OTU_3175,TRUE,TRUE,FALSE,FALSE,FALSE,FALSE
OTU_3176,TRUE,TRUE,FALSE,FALSE,FALSE,FALSE
OTU_3177,TRUE,TRUE,FALSE,FALSE,FALSE,FALSE
OTU_3178,TRUE,TRUE,FALSE,FALSE,TRUE,FALSE
OTU_3179,TRUE,TRUE,FALSE,TRUE,FALSE,FALSE
OTU_318,TRUE,TRUE,FALSE,FALSE,TRUE,FALSE
OTU_3180,TRUE,TRUE,FALSE,FALSE,FALSE,FALSE
OTU_3181,TRUE,TRUE,FALSE,FALSE,FALSE,FALSE
OTU_3182,TRUE,FALSE,FALSE,FALSE,TRUE,TRUE
OTU_3183,TRUE,TRUE,TRUE,TRUE,FALSE,FALSE
OTU_3184,TRUE,TRUE,TRUE,FALSE,TRUE,FALSE
OTU_3185,TRUE,TRUE,FALSE,FALSE,FALSE,FALSE
OTU_3186,TRUE,TRUE,TRUE,TRUE,FALSE,TRUE
OTU_3187,TRUE,TRUE,FALSE,FALSE,FALSE,FALSE
OTU_3188,TRUE,TRUE,FALSE,FALSE,FALSE,FALSE
OTU_3189,TRUE,TRUE,FALSE,FALSE,FALSE,FALSE
OTU_319,TRUE,TRUE,FALSE,FALSE,FALSE,FALSE
OTU_3190,TRUE,TRUE,FALSE,FALSE,FALSE,FALSE
OTU_3191,TRUE,TRUE,FALSE,TRUE,TRUE,FALSE
OTU_3192,TRUE,TRUE,TRUE,TRUE,TRUE,FALSE
OTU_3193,TRUE,FALSE,FALSE,FALSE,FALSE,FALSE
OTU_3194,TRUE,TRUE,FALSE,FALSE,FALSE,FALSE
OTU_3195,TRUE,TRUE,FALSE,FALSE,FALSE,FALSE
OTU_3196,TRUE,TRUE,FALSE,FALSE,FALSE,FALSE
OTU_3197,TRUE,TRUE,FALSE,FALSE,FALSE,TRUE
OTU_3198,TRUE,TRUE,TRUE,FALSE,FALSE,FALSE
OTU_3199,TRUE,TRUE,FALSE,FALSE,FALSE,FALSE
OTU_32,TRUE,TRUE,FALSE,FALSE,FALSE,FALSE
OTU_320,TRUE,TRUE,FALSE,FALSE,FALSE,FALSE
OTU_3200,FALSE,TRUE,TRUE,TRUE,TRUE,TRUE
OTU_3201,FALSE,TRUE,TRUE,FALSE,FALSE,FALSE
OTU_3202,TRUE,TRUE,FALSE,FALSE,FALSE,TRUE
OTU_3203,FALSE,TRUE,FALSE,FALSE,FALSE,FALSE
OTU_3204,FALSE,TRUE,FALSE,FALSE,FALSE,FALSE
OTU_3205,TRUE,TRUE,FALSE,FALSE,FALSE,FALSE
OTU_3206,FALSE,TRUE,FALSE,FALSE,FALSE,FALSE
OTU_3207,FALSE,TRUE,FALSE,FALSE,FALSE,FALSE
OTU_3208,TRUE,TRUE,FALSE,FALSE,FALSE,FALSE
OTU_3209,TRUE,TRUE,TRUE,FALSE,FALSE,FALSE
OTU_321,TRUE,TRUE,FALSE,FALSE,FALSE,FALSE
OTU_3210,FALSE,TRUE,FALSE,FALSE,FALSE,FALSE
OTU_3211,TRUE,TRUE,FALSE,FALSE,TRUE,TRUE
OTU_3212,FALSE,TRUE,FALSE,FALSE,FALSE,FALSE
OTU_3213,TRUE,TRUE,TRUE,FALSE,TRUE,FALSE
OTU_3214,TRUE,TRUE,FALSE,FALSE,FALSE,FALSE
OTU_3215,TRUE,TRUE,TRUE,FALSE,FALSE,FALSE
OTU_3216,TRUE,TRUE,TRUE,TRUE,TRUE,TRUE
OTU_3217,TRUE,TRUE,FALSE,FALSE,FALSE,FALSE
OTU_3218,TRUE,TRUE,FALSE,FALSE,FALSE,FALSE
OTU_3219,FALSE,TRUE,FALSE,FALSE,FALSE,FALSE
OTU_322,TRUE,TRUE,FALSE,FALSE,FALSE,FALSE
OTU_3220,TRUE,TRUE,FALSE,FALSE,FALSE,FALSE
OTU_3221,FALSE,TRUE,FALSE,FALSE,FALSE,FALSE
OTU_3222,FALSE,TRUE,FALSE,FALSE,FALSE,FALSE
OTU_3223,TRUE,TRUE,FALSE,FALSE,FALSE,FALSE
OTU_3224,TRUE,TRUE,TRUE,TRUE,TRUE,FALSE
OTU_3225,TRUE,TRUE,FALSE,FALSE,FALSE,FALSE
OTU_3226,TRUE,TRUE,TRUE,FALSE,FALSE,FALSE
OTU_3227,TRUE,TRUE,FALSE,FALSE,TRUE,TRUE
OTU_3228,TRUE,TRUE,FALSE,FALSE,FALSE,TRUE
OTU_3229,TRUE,TRUE,TRUE,FALSE,FALSE,FALSE
OTU_323,TRUE,TRUE,FALSE,FALSE,FALSE,FALSE
OTU_3230,TRUE,TRUE,FALSE,FALSE,FALSE,FALSE
OTU_3231,TRUE,TRUE,FALSE,FALSE,FALSE,FALSE
OTU_3232,FALSE,TRUE,TRUE,TRUE,TRUE,FALSE
OTU_3233,FALSE,TRUE,FALSE,FALSE,FALSE,FALSE
OTU_3234,TRUE,TRUE,TRUE,FALSE,FALSE,FALSE
OTU_3235,FALSE,TRUE,FALSE,FALSE,FALSE,FALSE
OTU_3236,TRUE,TRUE,FALSE,FALSE,FALSE,FALSE
OTU_3237,FALSE,TRUE,TRUE,TRUE,FALSE,FALSE
OTU_3238,TRUE,TRUE,FALSE,FALSE,FALSE,FALSE
OTU_3239,FALSE,TRUE,TRUE,TRUE,FALSE,FALSE
OTU_324,TRUE,TRUE,FALSE,FALSE,FALSE,FALSE
OTU_3240,FALSE,TRUE,FALSE,FALSE,FALSE,FALSE
OTU_3241,FALSE,TRUE,FALSE,FALSE,FALSE,FALSE
OTU_3242,FALSE,TRUE,FALSE,FALSE,TRUE,FALSE
OTU_3243,FALSE,TRUE,TRUE,TRUE,TRUE,TRUE
OTU_3244,FALSE,TRUE,TRUE,TRUE,TRUE,FALSE
OTU_3245,FALSE,FALSE,TRUE,TRUE,FALSE,FALSE
OTU_3246,TRUE,FALSE,TRUE,TRUE,TRUE,TRUE
OTU_3247,FALSE,FALSE,TRUE,TRUE,TRUE,FALSE
OTU_3248,FALSE,TRUE,TRUE,TRUE,TRUE,FALSE
OTU_3249,FALSE,FALSE,TRUE,FALSE,FALSE,FALSE
OTU_325,TRUE,TRUE,FALSE,FALSE,FALSE,FALSE
OTU_3250,FALSE,FALSE,TRUE,TRUE,TRUE,FALSE
OTU_3251,FALSE,TRUE,TRUE,FALSE,FALSE,FALSE
OTU_3252,TRUE,TRUE,TRUE,TRUE,TRUE,TRUE
OTU_3253,TRUE,FALSE,TRUE,FALSE,TRUE,FALSE
OTU_3254,TRUE,FALSE,TRUE,FALSE,FALSE,FALSE
OTU_3255,FALSE,FALSE,TRUE,FALSE,TRUE,FALSE
OTU_3256,FALSE,TRUE,TRUE,TRUE,FALSE,FALSE
OTU_3257,TRUE,TRUE,TRUE,TRUE,TRUE,TRUE
OTU_3258,FALSE,FALSE,TRUE,TRUE,TRUE,TRUE
OTU_3259,TRUE,TRUE,TRUE,TRUE,FALSE,FALSE
OTU_326,TRUE,TRUE,FALSE,FALSE,FALSE,FALSE
OTU_3260,TRUE,FALSE,TRUE,TRUE,TRUE,TRUE
OTU_3261,TRUE,TRUE,TRUE,TRUE,FALSE,TRUE
OTU_3262,FALSE,TRUE,TRUE,TRUE,TRUE,FALSE
OTU_3263,FALSE,FALSE,TRUE,TRUE,TRUE,FALSE
OTU_3264,FALSE,FALSE,TRUE,TRUE,TRUE,TRUE
OTU_3265,FALSE,FALSE,TRUE,TRUE,TRUE,TRUE
OTU_3266,TRUE,FALSE,TRUE,FALSE,TRUE,FALSE
OTU_3267,TRUE,FALSE,FALSE,FALSE,TRUE,TRUE
OTU_3268,TRUE,TRUE,TRUE,TRUE,TRUE,TRUE
OTU_3269,TRUE,TRUE,TRUE,TRUE,TRUE,TRUE
OTU_327,TRUE,TRUE,FALSE,FALSE,FALSE,TRUE
OTU_3270,TRUE,TRUE,FALSE,FALSE,TRUE,TRUE
OTU_3271,FALSE,TRUE,TRUE,TRUE,TRUE,FALSE
OTU_3272,FALSE,FALSE,TRUE,TRUE,TRUE,TRUE
OTU_3273,FALSE,FALSE,FALSE,FALSE,FALSE,TRUE
OTU_3274,TRUE,FALSE,FALSE,FALSE,FALSE,TRUE
OTU_3275,TRUE,FALSE,FALSE,FALSE,FALSE,TRUE
OTU_3276,TRUE,FALSE,FALSE,FALSE,TRUE,TRUE
OTU_3277,TRUE,TRUE,FALSE,FALSE,FALSE,TRUE
OTU_3278,FALSE,FALSE,FALSE,FALSE,FALSE,TRUE
OTU_3279,FALSE,FALSE,FALSE,FALSE,FALSE,TRUE
OTU_328,TRUE,TRUE,FALSE,FALSE,FALSE,FALSE
OTU_3280,TRUE,FALSE,FALSE,FALSE,TRUE,TRUE
OTU_3281,TRUE,TRUE,TRUE,FALSE,FALSE,FALSE
OTU_3282,TRUE,TRUE,TRUE,TRUE,TRUE,TRUE
OTU_3283,TRUE,TRUE,FALSE,FALSE,FALSE,FALSE
OTU_3284,TRUE,TRUE,FALSE,TRUE,TRUE,TRUE
OTU_3285,TRUE,TRUE,TRUE,FALSE,TRUE,TRUE
OTU_3286,TRUE,TRUE,FALSE,FALSE,FALSE,FALSE
OTU_3287,TRUE,TRUE,TRUE,TRUE,TRUE,TRUE
OTU_3288,TRUE,TRUE,TRUE,FALSE,FALSE,FALSE
OTU_3289,FALSE,TRUE,TRUE,FALSE,FALSE,FALSE
OTU_329,TRUE,TRUE,TRUE,FALSE,FALSE,FALSE
OTU_3290,TRUE,TRUE,TRUE,FALSE,FALSE,FALSE
OTU_3291,TRUE,TRUE,TRUE,TRUE,FALSE,FALSE
OTU_3292,TRUE,TRUE,TRUE,FALSE,FALSE,FALSE
OTU_3293,TRUE,TRUE,TRUE,FALSE,FALSE,FALSE
OTU_3294,TRUE,TRUE,FALSE,FALSE,FALSE,FALSE
OTU_3295,TRUE,TRUE,TRUE,TRUE,TRUE,FALSE
OTU_3296,TRUE,TRUE,TRUE,TRUE,TRUE,TRUE
OTU_3297,TRUE,TRUE,TRUE,FALSE,FALSE,FALSE
OTU_3298,FALSE,TRUE,FALSE,FALSE,FALSE,FALSE
OTU_3299,TRUE,TRUE,TRUE,TRUE,TRUE,TRUE
OTU_33,FALSE,TRUE,FALSE,FALSE,FALSE,FALSE
OTU_330,TRUE,TRUE,TRUE,FALSE,FALSE,FALSE
OTU_3300,TRUE,TRUE,TRUE,TRUE,TRUE,FALSE
OTU_3301,TRUE,TRUE,FALSE,FALSE,FALSE,TRUE
OTU_3302,TRUE,TRUE,TRUE,FALSE,FALSE,FALSE
OTU_3303,TRUE,TRUE,FALSE,FALSE,FALSE,FALSE
OTU_3304,TRUE,TRUE,TRUE,TRUE,TRUE,FALSE
OTU_3305,TRUE,TRUE,TRUE,FALSE,FALSE,FALSE
OTU_3306,TRUE,TRUE,TRUE,FALSE,TRUE,FALSE
OTU_3307,TRUE,TRUE,FALSE,FALSE,FALSE,FALSE
OTU_3308,TRUE,TRUE,TRUE,TRUE,TRUE,TRUE
OTU_3309,TRUE,TRUE,TRUE,TRUE,FALSE,FALSE
OTU_331,FALSE,TRUE,FALSE,FALSE,FALSE,FALSE
OTU_3310,TRUE,TRUE,TRUE,TRUE,TRUE,TRUE
OTU_3311,TRUE,TRUE,TRUE,TRUE,TRUE,FALSE
OTU_3312,FALSE,TRUE,TRUE,TRUE,TRUE,TRUE
OTU_3313,TRUE,TRUE,TRUE,FALSE,FALSE,FALSE
OTU_3314,TRUE,TRUE,TRUE,FALSE,FALSE,FALSE
OTU_3315,TRUE,TRUE,FALSE,FALSE,FALSE,FALSE
OTU_3316,TRUE,TRUE,FALSE,FALSE,FALSE,FALSE
OTU_3317,TRUE,TRUE,FALSE,FALSE,FALSE,FALSE
OTU_3318,TRUE,TRUE,FALSE,FALSE,FALSE,FALSE
OTU_3319,TRUE,TRUE,FALSE,FALSE,FALSE,FALSE
OTU_332,TRUE,TRUE,FALSE,FALSE,FALSE,FALSE
OTU_3320,FALSE,FALSE,TRUE,TRUE,TRUE,FALSE
OTU_3321,TRUE,TRUE,TRUE,FALSE,FALSE,FALSE
OTU_3322,TRUE,TRUE,FALSE,FALSE,FALSE,FALSE
OTU_3323,TRUE,TRUE,TRUE,TRUE,FALSE,FALSE
OTU_3324,TRUE,TRUE,TRUE,FALSE,FALSE,FALSE
OTU_3325,TRUE,TRUE,TRUE,FALSE,TRUE,FALSE
OTU_3326,FALSE,TRUE,TRUE,FALSE,FALSE,FALSE
OTU_3327,TRUE,TRUE,TRUE,TRUE,TRUE,FALSE
OTU_3328,TRUE,TRUE,TRUE,FALSE,FALSE,FALSE
OTU_3329,TRUE,TRUE,FALSE,FALSE,FALSE,FALSE
OTU_333,TRUE,TRUE,FALSE,FALSE,FALSE,FALSE
OTU_3330,TRUE,TRUE,TRUE,FALSE,FALSE,FALSE
OTU_3331,TRUE,TRUE,FALSE,FALSE,FALSE,FALSE
OTU_3332,TRUE,TRUE,FALSE,FALSE,FALSE,FALSE
OTU_3333,TRUE,TRUE,TRUE,FALSE,FALSE,FALSE
OTU_3334,TRUE,TRUE,TRUE,FALSE,FALSE,FALSE
OTU_3335,TRUE,TRUE,TRUE,TRUE,TRUE,TRUE
OTU_3336,TRUE,TRUE,FALSE,FALSE,FALSE,FALSE
OTU_3337,TRUE,TRUE,FALSE,FALSE,FALSE,FALSE
OTU_3338,TRUE,TRUE,FALSE,FALSE,FALSE,FALSE
OTU_3339,TRUE,TRUE,TRUE,TRUE,FALSE,TRUE
OTU_334,FALSE,TRUE,FALSE,FALSE,FALSE,FALSE
OTU_3340,FALSE,TRUE,FALSE,FALSE,FALSE,FALSE
OTU_3341,TRUE,TRUE,TRUE,TRUE,TRUE,FALSE
OTU_3342,FALSE,TRUE,TRUE,TRUE,TRUE,TRUE
OTU_3343,FALSE,TRUE,TRUE,TRUE,TRUE,FALSE
OTU_3344,TRUE,TRUE,TRUE,TRUE,TRUE,TRUE
OTU_3345,TRUE,TRUE,TRUE,FALSE,FALSE,FALSE
OTU_3346,FALSE,TRUE,TRUE,TRUE,TRUE,TRUE
OTU_3347,TRUE,TRUE,TRUE,TRUE,TRUE,FALSE
OTU_3348,TRUE,TRUE,FALSE,TRUE,FALSE,FALSE
OTU_3349,TRUE,TRUE,FALSE,FALSE,FALSE,FALSE
OTU_335,FALSE,TRUE,FALSE,FALSE,FALSE,FALSE
OTU_3350,TRUE,TRUE,FALSE,FALSE,FALSE,FALSE
OTU_3351,TRUE,TRUE,TRUE,TRUE,TRUE,FALSE
OTU_3352,TRUE,TRUE,TRUE,FALSE,TRUE,FALSE
OTU_3353,TRUE,TRUE,TRUE,TRUE,TRUE,TRUE
OTU_3354,FALSE,TRUE,TRUE,TRUE,TRUE,TRUE
OTU_3355,TRUE,TRUE,TRUE,TRUE,TRUE,TRUE
OTU_3356,TRUE,TRUE,FALSE,FALSE,TRUE,FALSE
OTU_3357,TRUE,TRUE,FALSE,FALSE,FALSE,FALSE
OTU_3358,TRUE,TRUE,TRUE,FALSE,TRUE,FALSE
OTU_3359,TRUE,TRUE,FALSE,FALSE,FALSE,FALSE
OTU_336,FALSE,TRUE,FALSE,FALSE,FALSE,FALSE
OTU_3360,TRUE,TRUE,TRUE,FALSE,FALSE,FALSE
OTU_3361,TRUE,FALSE,TRUE,FALSE,FALSE,FALSE
OTU_3362,TRUE,TRUE,FALSE,FALSE,FALSE,FALSE
OTU_3363,TRUE,TRUE,FALSE,FALSE,FALSE,FALSE
OTU_3364,FALSE,FALSE,TRUE,TRUE,TRUE,TRUE
OTU_3365,TRUE,TRUE,FALSE,FALSE,FALSE,FALSE
OTU_3366,TRUE,TRUE,TRUE,FALSE,FALSE,FALSE
OTU_3367,TRUE,TRUE,TRUE,TRUE,FALSE,FALSE
OTU_3368,TRUE,TRUE,FALSE,FALSE,FALSE,FALSE
OTU_3369,TRUE,TRUE,TRUE,FALSE,FALSE,FALSE
OTU_337,TRUE,TRUE,FALSE,FALSE,FALSE,FALSE
OTU_3370,TRUE,TRUE,TRUE,TRUE,TRUE,TRUE
OTU_3371,TRUE,TRUE,TRUE,FALSE,FALSE,FALSE
OTU_3372,FALSE,TRUE,FALSE,FALSE,FALSE,FALSE
OTU_3373,FALSE,TRUE,FALSE,FALSE,FALSE,FALSE
OTU_3374,TRUE,TRUE,TRUE,TRUE,TRUE,TRUE
OTU_3375,FALSE,TRUE,FALSE,FALSE,FALSE,FALSE
OTU_3376,FALSE,TRUE,TRUE,TRUE,TRUE,FALSE
OTU_3377,TRUE,TRUE,TRUE,TRUE,FALSE,TRUE
OTU_3378,TRUE,TRUE,TRUE,TRUE,TRUE,FALSE
OTU_3379,TRUE,TRUE,FALSE,FALSE,FALSE,FALSE
OTU_338,FALSE,TRUE,FALSE,FALSE,FALSE,FALSE
OTU_3380,TRUE,TRUE,TRUE,FALSE,FALSE,FALSE
OTU_3381,TRUE,TRUE,FALSE,FALSE,FALSE,FALSE
OTU_3382,TRUE,TRUE,FALSE,FALSE,FALSE,FALSE
OTU_3383,TRUE,TRUE,TRUE,FALSE,FALSE,FALSE
OTU_3384,TRUE,TRUE,TRUE,FALSE,FALSE,FALSE
OTU_3385,TRUE,TRUE,FALSE,FALSE,FALSE,FALSE
OTU_3386,TRUE,TRUE,FALSE,FALSE,FALSE,FALSE
OTU_3387,TRUE,TRUE,TRUE,FALSE,FALSE,FALSE
OTU_3388,TRUE,TRUE,FALSE,FALSE,FALSE,FALSE
OTU_3389,TRUE,TRUE,FALSE,FALSE,FALSE,FALSE
OTU_339,FALSE,TRUE,FALSE,FALSE,FALSE,FALSE
OTU_3390,TRUE,TRUE,FALSE,FALSE,FALSE,FALSE
OTU_3391,TRUE,TRUE,FALSE,FALSE,FALSE,FALSE
OTU_3392,TRUE,TRUE,FALSE,FALSE,FALSE,FALSE
OTU_3393,FALSE,TRUE,FALSE,FALSE,FALSE,FALSE
OTU_3394,TRUE,TRUE,TRUE,TRUE,FALSE,FALSE
OTU_3395,FALSE,TRUE,FALSE,TRUE,FALSE,FALSE
OTU_3396,FALSE,TRUE,TRUE,TRUE,FALSE,FALSE
OTU_3397,TRUE,TRUE,FALSE,FALSE,FALSE,FALSE
OTU_3398,TRUE,TRUE,FALSE,FALSE,TRUE,FALSE
OTU_3399,TRUE,TRUE,FALSE,FALSE,FALSE,FALSE
OTU_34,FALSE,TRUE,FALSE,FALSE,FALSE,FALSE
OTU_340,FALSE,TRUE,FALSE,FALSE,FALSE,FALSE
OTU_3400,TRUE,TRUE,TRUE,FALSE,FALSE,FALSE
OTU_3401,TRUE,TRUE,TRUE,FALSE,FALSE,FALSE
OTU_3402,TRUE,TRUE,TRUE,TRUE,TRUE,FALSE
OTU_3403,FALSE,TRUE,FALSE,FALSE,FALSE,FALSE
OTU_3404,FALSE,TRUE,TRUE,TRUE,TRUE,TRUE
OTU_3405,FALSE,TRUE,FALSE,FALSE,FALSE,FALSE
OTU_3406,FALSE,FALSE,TRUE,TRUE,TRUE,FALSE
OTU_3407,TRUE,TRUE,TRUE,TRUE,TRUE,FALSE
OTU_3408,FALSE,FALSE,TRUE,TRUE,TRUE,TRUE
OTU_3409,TRUE,TRUE,TRUE,FALSE,TRUE,FALSE
OTU_341,FALSE,TRUE,FALSE,FALSE,FALSE,FALSE
OTU_3410,TRUE,TRUE,FALSE,FALSE,FALSE,FALSE
OTU_3411,TRUE,TRUE,FALSE,FALSE,FALSE,FALSE
OTU_3412,TRUE,TRUE,FALSE,FALSE,TRUE,FALSE
OTU_3413,TRUE,TRUE,FALSE,FALSE,FALSE,FALSE
OTU_3414,TRUE,TRUE,TRUE,TRUE,FALSE,FALSE
OTU_3415,TRUE,TRUE,TRUE,TRUE,TRUE,FALSE
OTU_3416,TRUE,TRUE,FALSE,FALSE,FALSE,FALSE
OTU_3417,TRUE,TRUE,TRUE,TRUE,TRUE,FALSE
OTU_3418,TRUE,TRUE,FALSE,FALSE,TRUE,TRUE
OTU_3419,TRUE,TRUE,FALSE,FALSE,FALSE,FALSE
OTU_342,TRUE,TRUE,FALSE,FALSE,FALSE,FALSE
OTU_3420,TRUE,TRUE,FALSE,FALSE,FALSE,FALSE
OTU_3421,TRUE,TRUE,FALSE,FALSE,FALSE,FALSE
OTU_3422,FALSE,TRUE,FALSE,FALSE,FALSE,FALSE
OTU_3423,FALSE,TRUE,FALSE,FALSE,FALSE,FALSE
OTU_3424,FALSE,TRUE,TRUE,FALSE,FALSE,FALSE
OTU_3425,FALSE,TRUE,FALSE,FALSE,FALSE,FALSE
OTU_3426,FALSE,TRUE,FALSE,FALSE,FALSE,FALSE
OTU_3427,FALSE,TRUE,FALSE,FALSE,FALSE,FALSE
OTU_3428,FALSE,TRUE,TRUE,FALSE,FALSE,FALSE
OTU_3429,TRUE,TRUE,FALSE,FALSE,FALSE,FALSE
OTU_343,FALSE,TRUE,FALSE,FALSE,FALSE,FALSE
OTU_3430,TRUE,TRUE,FALSE,FALSE,TRUE,FALSE
OTU_3431,FALSE,TRUE,FALSE,FALSE,FALSE,FALSE
OTU_3432,TRUE,TRUE,FALSE,FALSE,TRUE,FALSE
OTU_3433,FALSE,TRUE,TRUE,TRUE,FALSE,FALSE
OTU_3434,TRUE,TRUE,TRUE,FALSE,FALSE,FALSE
OTU_3435,FALSE,TRUE,TRUE,FALSE,FALSE,FALSE
OTU_3436,TRUE,TRUE,FALSE,FALSE,FALSE,FALSE
OTU_3437,TRUE,TRUE,TRUE,TRUE,FALSE,FALSE
OTU_3438,TRUE,TRUE,FALSE,FALSE,FALSE,FALSE
OTU_3439,TRUE,TRUE,TRUE,FALSE,TRUE,FALSE
OTU_344,TRUE,TRUE,FALSE,FALSE,FALSE,FALSE
OTU_3440,TRUE,TRUE,FALSE,FALSE,FALSE,FALSE
OTU_3441,TRUE,TRUE,TRUE,TRUE,TRUE,FALSE
OTU_3442,TRUE,TRUE,TRUE,FALSE,FALSE,FALSE
OTU_3443,TRUE,TRUE,FALSE,TRUE,TRUE,FALSE
OTU_3444,FALSE,TRUE,TRUE,FALSE,TRUE,FALSE
OTU_3445,FALSE,TRUE,FALSE,FALSE,FALSE,FALSE
OTU_3446,TRUE,TRUE,FALSE,FALSE,FALSE,FALSE
OTU_3447,TRUE,TRUE,TRUE,FALSE,TRUE,TRUE
OTU_3448,FALSE,TRUE,TRUE,TRUE,TRUE,TRUE
OTU_3449,TRUE,TRUE,TRUE,TRUE,FALSE,FALSE
OTU_345,TRUE,TRUE,FALSE,FALSE,FALSE,FALSE
OTU_3450,FALSE,TRUE,TRUE,TRUE,TRUE,TRUE
OTU_3451,FALSE,TRUE,TRUE,FALSE,FALSE,FALSE
OTU_3452,TRUE,TRUE,TRUE,TRUE,TRUE,FALSE
OTU_3453,FALSE,FALSE,TRUE,TRUE,TRUE,TRUE
OTU_3454,FALSE,FALSE,TRUE,TRUE,FALSE,FALSE
OTU_3455,FALSE,TRUE,TRUE,TRUE,TRUE,FALSE
OTU_3456,FALSE,FALSE,TRUE,TRUE,TRUE,TRUE
OTU_3457,FALSE,TRUE,TRUE,TRUE,TRUE,FALSE
OTU_3458,FALSE,FALSE,FALSE,FALSE,TRUE,FALSE
OTU_3459,FALSE,FALSE,FALSE,TRUE,TRUE,TRUE
OTU_346,TRUE,TRUE,FALSE,FALSE,FALSE,FALSE
OTU_3460,FALSE,FALSE,TRUE,TRUE,TRUE,FALSE
OTU_3461,FALSE,FALSE,TRUE,TRUE,TRUE,TRUE
OTU_3462,FALSE,TRUE,TRUE,TRUE,TRUE,TRUE
OTU_3463,TRUE,TRUE,TRUE,TRUE,TRUE,TRUE
OTU_3464,TRUE,TRUE,TRUE,TRUE,TRUE,TRUE
OTU_3465,FALSE,TRUE,TRUE,FALSE,TRUE,TRUE
OTU_3466,TRUE,TRUE,FALSE,FALSE,FALSE,FALSE
OTU_3467,TRUE,TRUE,FALSE,FALSE,FALSE,FALSE
OTU_3468,TRUE,TRUE,FALSE,FALSE,FALSE,FALSE
OTU_347,TRUE,TRUE,FALSE,FALSE,FALSE,FALSE
OTU_3470,FALSE,TRUE,TRUE,TRUE,TRUE,TRUE
OTU_3471,TRUE,TRUE,FALSE,FALSE,FALSE,FALSE
OTU_3472,TRUE,TRUE,FALSE,FALSE,FALSE,FALSE
OTU_3473,TRUE,TRUE,FALSE,FALSE,FALSE,FALSE
OTU_3474,TRUE,TRUE,FALSE,FALSE,FALSE,FALSE
OTU_3475,TRUE,TRUE,FALSE,FALSE,FALSE,FALSE
OTU_3476,TRUE,TRUE,FALSE,FALSE,FALSE,FALSE
OTU_3477,TRUE,TRUE,FALSE,FALSE,FALSE,FALSE
OTU_3478,TRUE,TRUE,TRUE,FALSE,FALSE,FALSE
OTU_3479,TRUE,TRUE,FALSE,FALSE,FALSE,FALSE
OTU_348,FALSE,TRUE,FALSE,FALSE,FALSE,FALSE
OTU_3480,TRUE,TRUE,FALSE,FALSE,FALSE,FALSE
OTU_3481,TRUE,TRUE,FALSE,FALSE,FALSE,FALSE
OTU_3482,TRUE,TRUE,FALSE,FALSE,FALSE,FALSE
OTU_3483,TRUE,TRUE,FALSE,FALSE,FALSE,FALSE
OTU_3484,TRUE,TRUE,FALSE,FALSE,FALSE,FALSE
OTU_3485,FALSE,TRUE,TRUE,FALSE,FALSE,FALSE
OTU_3486,FALSE,TRUE,TRUE,TRUE,TRUE,FALSE
OTU_3487,FALSE,TRUE,FALSE,TRUE,FALSE,FALSE
OTU_3488,FALSE,FALSE,TRUE,TRUE,TRUE,TRUE
OTU_349,TRUE,TRUE,TRUE,FALSE,FALSE,FALSE
OTU_3490,FALSE,FALSE,TRUE,TRUE,TRUE,TRUE
OTU_3494,FALSE,TRUE,TRUE,FALSE,FALSE,TRUE
OTU_3495,FALSE,FALSE,TRUE,TRUE,TRUE,TRUE
OTU_3496,FALSE,FALSE,FALSE,FALSE,FALSE,TRUE
OTU_35,TRUE,TRUE,FALSE,FALSE,FALSE,FALSE
OTU_350,TRUE,TRUE,FALSE,TRUE,FALSE,TRUE
OTU_351,TRUE,TRUE,FALSE,FALSE,FALSE,FALSE
OTU_352,FALSE,TRUE,FALSE,FALSE,FALSE,FALSE
OTU_353,TRUE,TRUE,TRUE,TRUE,TRUE,TRUE
OTU_354,FALSE,TRUE,FALSE,FALSE,FALSE,FALSE
OTU_355,TRUE,TRUE,TRUE,TRUE,TRUE,FALSE
OTU_356,TRUE,TRUE,FALSE,TRUE,FALSE,FALSE
OTU_357,FALSE,TRUE,FALSE,FALSE,FALSE,FALSE
OTU_358,TRUE,TRUE,FALSE,FALSE,FALSE,FALSE
OTU_359,TRUE,TRUE,FALSE,FALSE,FALSE,FALSE
OTU_36,FALSE,TRUE,FALSE,FALSE,FALSE,FALSE
OTU_360,TRUE,TRUE,TRUE,TRUE,TRUE,TRUE
OTU_361,FALSE,TRUE,TRUE,TRUE,TRUE,TRUE
OTU_362,TRUE,TRUE,FALSE,FALSE,FALSE,FALSE
OTU_363,TRUE,TRUE,TRUE,FALSE,FALSE,FALSE
OTU_364,TRUE,TRUE,FALSE,FALSE,FALSE,FALSE
OTU_365,TRUE,TRUE,FALSE,FALSE,FALSE,FALSE
OTU_366,TRUE,TRUE,TRUE,TRUE,TRUE,TRUE
OTU_367,TRUE,TRUE,TRUE,TRUE,TRUE,TRUE
OTU_368,TRUE,TRUE,TRUE,TRUE,TRUE,FALSE
OTU_369,FALSE,TRUE,TRUE,FALSE,FALSE,FALSE
OTU_37,TRUE,TRUE,FALSE,FALSE,FALSE,FALSE
OTU_370,FALSE,FALSE,TRUE,TRUE,FALSE,FALSE
OTU_371,TRUE,TRUE,TRUE,TRUE,TRUE,TRUE
OTU_372,FALSE,FALSE,TRUE,FALSE,FALSE,FALSE
OTU_373,FALSE,FALSE,TRUE,TRUE,TRUE,TRUE
OTU_374,FALSE,FALSE,TRUE,TRUE,TRUE,TRUE
OTU_375,TRUE,TRUE,TRUE,TRUE,TRUE,TRUE
OTU_376,FALSE,FALSE,TRUE,TRUE,TRUE,TRUE
OTU_377,FALSE,FALSE,FALSE,TRUE,FALSE,FALSE
OTU_378,TRUE,FALSE,FALSE,TRUE,TRUE,TRUE
OTU_379,TRUE,TRUE,TRUE,TRUE,TRUE,TRUE
OTU_38,TRUE,TRUE,FALSE,FALSE,FALSE,FALSE
OTU_380,FALSE,TRUE,FALSE,TRUE,TRUE,FALSE
OTU_381,FALSE,FALSE,FALSE,FALSE,TRUE,FALSE
OTU_382,FALSE,FALSE,FALSE,FALSE,TRUE,TRUE
OTU_383,FALSE,FALSE,FALSE,TRUE,TRUE,TRUE
OTU_384,FALSE,TRUE,FALSE,TRUE,TRUE,TRUE
OTU_385,FALSE,TRUE,TRUE,TRUE,TRUE,TRUE
OTU_386,FALSE,FALSE,FALSE,TRUE,TRUE,TRUE
OTU_387,TRUE,TRUE,TRUE,TRUE,TRUE,TRUE
OTU_388,TRUE,TRUE,TRUE,TRUE,TRUE,TRUE
OTU_389,TRUE,TRUE,FALSE,TRUE,TRUE,TRUE
OTU_39,TRUE,TRUE,FALSE,FALSE,FALSE,FALSE
OTU_390,FALSE,TRUE,TRUE,TRUE,TRUE,TRUE
OTU_391,FALSE,FALSE,FALSE,TRUE,TRUE,TRUE
OTU_392,TRUE,TRUE,TRUE,TRUE,TRUE,TRUE
OTU_393,FALSE,TRUE,TRUE,FALSE,TRUE,TRUE
OTU_394,TRUE,TRUE,TRUE,TRUE,TRUE,TRUE
OTU_395,FALSE,TRUE,TRUE,TRUE,TRUE,FALSE
OTU_396,TRUE,TRUE,TRUE,TRUE,TRUE,FALSE
OTU_397,TRUE,TRUE,TRUE,TRUE,TRUE,TRUE
OTU_398,TRUE,TRUE,FALSE,FALSE,FALSE,TRUE
OTU_399,FALSE,TRUE,TRUE,TRUE,TRUE,TRUE
OTU_4,TRUE,TRUE,TRUE,FALSE,FALSE,FALSE
OTU_40,FALSE,TRUE,FALSE,FALSE,FALSE,FALSE
OTU_400,TRUE,TRUE,TRUE,FALSE,TRUE,TRUE
OTU_401,TRUE,TRUE,TRUE,TRUE,FALSE,FALSE
OTU_402,FALSE,TRUE,TRUE,TRUE,TRUE,TRUE
OTU_403,TRUE,TRUE,TRUE,TRUE,TRUE,FALSE
OTU_404,TRUE,TRUE,TRUE,FALSE,FALSE,FALSE
OTU_405,FALSE,TRUE,TRUE,FALSE,FALSE,FALSE
OTU_406,FALSE,TRUE,TRUE,TRUE,TRUE,TRUE
OTU_407,TRUE,TRUE,TRUE,FALSE,FALSE,FALSE
OTU_408,TRUE,TRUE,TRUE,FALSE,TRUE,TRUE
OTU_409,TRUE,FALSE,FALSE,TRUE,TRUE,FALSE
OTU_410,TRUE,TRUE,TRUE,TRUE,TRUE,TRUE
OTU_411,TRUE,TRUE,TRUE,TRUE,TRUE,TRUE
OTU_412,TRUE,FALSE,FALSE,FALSE,FALSE,TRUE
OTU_413,TRUE,TRUE,TRUE,FALSE,FALSE,FALSE
OTU_414,TRUE,TRUE,TRUE,TRUE,FALSE,FALSE
OTU_415,TRUE,TRUE,TRUE,TRUE,TRUE,TRUE
OTU_416,FALSE,TRUE,TRUE,FALSE,FALSE,FALSE
OTU_417,TRUE,TRUE,FALSE,FALSE,FALSE,TRUE
OTU_418,FALSE,TRUE,FALSE,FALSE,FALSE,TRUE
OTU_419,TRUE,TRUE,TRUE,FALSE,FALSE,FALSE
OTU_42,TRUE,TRUE,FALSE,FALSE,FALSE,FALSE
OTU_420,TRUE,TRUE,TRUE,FALSE,FALSE,FALSE
OTU_421,TRUE,TRUE,TRUE,TRUE,FALSE,FALSE
OTU_422,FALSE,TRUE,TRUE,TRUE,TRUE,TRUE
OTU_423,FALSE,FALSE,FALSE,FALSE,FALSE,TRUE
OTU_424,TRUE,TRUE,TRUE,FALSE,TRUE,FALSE
OTU_425,TRUE,TRUE,TRUE,TRUE,TRUE,TRUE
OTU_426,FALSE,FALSE,TRUE,TRUE,TRUE,TRUE
OTU_427,TRUE,TRUE,TRUE,FALSE,FALSE,TRUE
OTU_428,TRUE,FALSE,FALSE,FALSE,FALSE,TRUE
OTU_429,TRUE,TRUE,TRUE,TRUE,TRUE,TRUE
OTU_43,TRUE,TRUE,FALSE,FALSE,TRUE,FALSE
OTU_430,TRUE,TRUE,FALSE,FALSE,FALSE,TRUE
OTU_431,TRUE,FALSE,TRUE,TRUE,TRUE,TRUE
OTU_432,FALSE,FALSE,TRUE,TRUE,TRUE,TRUE
OTU_433,TRUE,TRUE,TRUE,TRUE,TRUE,TRUE
OTU_434,TRUE,TRUE,FALSE,TRUE,FALSE,TRUE
OTU_435,FALSE,FALSE,TRUE,TRUE,TRUE,TRUE
OTU_436,FALSE,FALSE,TRUE,TRUE,TRUE,FALSE
OTU_437,TRUE,FALSE,TRUE,TRUE,TRUE,TRUE
OTU_438,FALSE,FALSE,TRUE,TRUE,TRUE,TRUE
OTU_439,FALSE,FALSE,TRUE,FALSE,TRUE,FALSE
OTU_44,TRUE,TRUE,FALSE,FALSE,FALSE,FALSE
OTU_440,TRUE,TRUE,TRUE,TRUE,TRUE,TRUE
OTU_441,TRUE,TRUE,TRUE,TRUE,TRUE,TRUE
OTU_442,TRUE,TRUE,TRUE,TRUE,TRUE,TRUE
OTU_443,TRUE,TRUE,FALSE,FALSE,TRUE,TRUE
OTU_444,TRUE,TRUE,TRUE,TRUE,TRUE,FALSE
OTU_445,TRUE,TRUE,FALSE,FALSE,TRUE,TRUE
OTU_446,FALSE,TRUE,TRUE,FALSE,FALSE,FALSE
OTU_447,FALSE,TRUE,TRUE,FALSE,FALSE,FALSE
OTU_448,TRUE,TRUE,TRUE,TRUE,TRUE,TRUE
OTU_449,TRUE,TRUE,FALSE,FALSE,FALSE,FALSE
OTU_45,TRUE,TRUE,FALSE,FALSE,FALSE,FALSE
OTU_450,TRUE,TRUE,FALSE,FALSE,FALSE,FALSE
OTU_451,FALSE,TRUE,TRUE,TRUE,TRUE,TRUE
OTU_452,TRUE,TRUE,FALSE,FALSE,FALSE,FALSE
OTU_453,TRUE,TRUE,TRUE,TRUE,TRUE,TRUE
OTU_454,FALSE,FALSE,FALSE,FALSE,FALSE,TRUE
OTU_455,FALSE,FALSE,TRUE,FALSE,TRUE,TRUE
OTU_456,TRUE,TRUE,FALSE,FALSE,FALSE,FALSE
OTU_457,TRUE,FALSE,TRUE,TRUE,TRUE,TRUE
OTU_458,FALSE,FALSE,TRUE,TRUE,TRUE,TRUE
OTU_459,FALSE,FALSE,FALSE,TRUE,TRUE,FALSE
OTU_46,TRUE,TRUE,FALSE,FALSE,FALSE,FALSE
OTU_460,TRUE,FALSE,TRUE,FALSE,TRUE,TRUE
OTU_461,TRUE,TRUE,FALSE,FALSE,FALSE,TRUE
OTU_462,TRUE,TRUE,FALSE,FALSE,FALSE,TRUE
OTU_463,TRUE,TRUE,FALSE,FALSE,FALSE,FALSE
OTU_464,TRUE,TRUE,FALSE,FALSE,FALSE,FALSE
OTU_465,TRUE,TRUE,FALSE,FALSE,FALSE,FALSE
OTU_466,TRUE,TRUE,FALSE,FALSE,FALSE,FALSE
OTU_467,FALSE,TRUE,FALSE,FALSE,FALSE,FALSE
OTU_468,FALSE,TRUE,TRUE,TRUE,TRUE,TRUE
OTU_469,TRUE,TRUE,FALSE,FALSE,TRUE,TRUE
OTU_47,TRUE,TRUE,TRUE,FALSE,FALSE,FALSE
OTU_470,TRUE,FALSE,FALSE,FALSE,FALSE,TRUE
OTU_471,TRUE,TRUE,FALSE,FALSE,FALSE,FALSE
OTU_472,TRUE,TRUE,FALSE,FALSE,TRUE,TRUE
OTU_473,TRUE,TRUE,TRUE,FALSE,FALSE,FALSE
OTU_474,TRUE,TRUE,FALSE,TRUE,FALSE,FALSE
OTU_475,TRUE,TRUE,FALSE,FALSE,FALSE,TRUE
OTU_476,TRUE,TRUE,FALSE,FALSE,FALSE,FALSE
OTU_477,FALSE,TRUE,FALSE,FALSE,FALSE,FALSE
OTU_478,TRUE,TRUE,FALSE,FALSE,FALSE,TRUE
OTU_479,TRUE,TRUE,FALSE,FALSE,TRUE,TRUE
OTU_48,TRUE,TRUE,FALSE,FALSE,FALSE,FALSE
OTU_480,TRUE,TRUE,TRUE,FALSE,FALSE,FALSE
OTU_481,TRUE,TRUE,FALSE,FALSE,FALSE,FALSE
OTU_482,TRUE,TRUE,TRUE,FALSE,FALSE,FALSE
OTU_483,FALSE,FALSE,TRUE,TRUE,TRUE,FALSE
OTU_484,TRUE,TRUE,TRUE,TRUE,TRUE,TRUE
OTU_485,TRUE,TRUE,FALSE,FALSE,FALSE,TRUE
OTU_486,TRUE,TRUE,TRUE,FALSE,FALSE,TRUE
OTU_487,TRUE,TRUE,FALSE,FALSE,FALSE,FALSE
OTU_488,TRUE,TRUE,TRUE,TRUE,FALSE,FALSE
OTU_489,FALSE,FALSE,TRUE,TRUE,TRUE,TRUE
OTU_49,TRUE,TRUE,FALSE,FALSE,FALSE,FALSE
OTU_490,FALSE,FALSE,TRUE,TRUE,TRUE,TRUE
OTU_491,FALSE,FALSE,TRUE,TRUE,TRUE,TRUE
OTU_492,FALSE,FALSE,FALSE,FALSE,TRUE,FALSE
OTU_493,TRUE,TRUE,FALSE,FALSE,FALSE,TRUE
OTU_494,TRUE,TRUE,FALSE,FALSE,FALSE,FALSE
OTU_495,TRUE,TRUE,FALSE,FALSE,TRUE,TRUE
OTU_496,TRUE,TRUE,FALSE,FALSE,FALSE,FALSE
OTU_497,TRUE,TRUE,FALSE,FALSE,FALSE,FALSE
OTU_498,TRUE,TRUE,FALSE,FALSE,FALSE,FALSE
OTU_499,TRUE,TRUE,FALSE,FALSE,FALSE,FALSE
OTU_5,TRUE,TRUE,TRUE,TRUE,TRUE,TRUE
OTU_50,TRUE,TRUE,TRUE,FALSE,TRUE,FALSE
OTU_500,TRUE,TRUE,TRUE,FALSE,FALSE,FALSE
OTU_501,FALSE,FALSE,FALSE,TRUE,TRUE,TRUE
OTU_502,FALSE,FALSE,FALSE,FALSE,TRUE,TRUE
OTU_503,FALSE,FALSE,FALSE,FALSE,TRUE,TRUE
OTU_504,TRUE,TRUE,FALSE,FALSE,TRUE,TRUE
OTU_505,TRUE,TRUE,FALSE,FALSE,FALSE,FALSE
OTU_506,TRUE,TRUE,FALSE,FALSE,FALSE,FALSE
OTU_507,TRUE,TRUE,FALSE,FALSE,FALSE,FALSE
OTU_508,TRUE,TRUE,FALSE,TRUE,FALSE,FALSE
OTU_509,TRUE,TRUE,FALSE,FALSE,FALSE,FALSE
OTU_51,TRUE,TRUE,FALSE,FALSE,FALSE,FALSE
OTU_510,TRUE,TRUE,TRUE,TRUE,TRUE,TRUE
OTU_511,TRUE,TRUE,TRUE,FALSE,FALSE,FALSE
OTU_512,FALSE,TRUE,FALSE,FALSE,FALSE,FALSE
OTU_513,TRUE,TRUE,FALSE,FALSE,FALSE,FALSE
OTU_514,TRUE,TRUE,FALSE,FALSE,FALSE,FALSE
OTU_515,TRUE,TRUE,TRUE,TRUE,TRUE,TRUE
OTU_516,FALSE,TRUE,TRUE,TRUE,TRUE,TRUE
OTU_517,FALSE,FALSE,TRUE,TRUE,TRUE,TRUE
OTU_518,FALSE,FALSE,TRUE,TRUE,TRUE,TRUE
OTU_519,FALSE,FALSE,TRUE,TRUE,TRUE,FALSE
OTU_52,TRUE,TRUE,TRUE,TRUE,TRUE,TRUE
OTU_520,FALSE,FALSE,FALSE,FALSE,TRUE,TRUE
OTU_521,TRUE,TRUE,FALSE,FALSE,FALSE,FALSE
OTU_522,TRUE,TRUE,FALSE,FALSE,FALSE,FALSE
OTU_523,TRUE,TRUE,TRUE,FALSE,TRUE,TRUE
OTU_524,TRUE,TRUE,FALSE,FALSE,FALSE,TRUE
OTU_525,TRUE,TRUE,FALSE,FALSE,FALSE,FALSE
OTU_526,TRUE,TRUE,FALSE,FALSE,FALSE,FALSE
OTU_527,TRUE,TRUE,FALSE,FALSE,FALSE,FALSE
OTU_528,FALSE,TRUE,TRUE,TRUE,TRUE,TRUE
OTU_529,TRUE,TRUE,TRUE,TRUE,TRUE,FALSE
OTU_53,TRUE,TRUE,TRUE,TRUE,TRUE,TRUE
OTU_530,FALSE,TRUE,FALSE,FALSE,FALSE,FALSE
OTU_531,TRUE,TRUE,TRUE,TRUE,TRUE,TRUE
OTU_532,TRUE,TRUE,FALSE,FALSE,FALSE,TRUE
OTU_533,FALSE,FALSE,TRUE,TRUE,FALSE,FALSE
OTU_534,FALSE,FALSE,TRUE,TRUE,TRUE,TRUE
OTU_535,FALSE,FALSE,TRUE,TRUE,TRUE,TRUE
OTU_536,FALSE,FALSE,TRUE,TRUE,TRUE,TRUE
OTU_537,FALSE,FALSE,TRUE,TRUE,TRUE,TRUE
OTU_538,FALSE,FALSE,TRUE,TRUE,TRUE,TRUE
OTU_539,FALSE,TRUE,TRUE,TRUE,TRUE,FALSE
OTU_54,TRUE,TRUE,FALSE,FALSE,FALSE,FALSE
OTU_540,FALSE,FALSE,FALSE,FALSE,FALSE,TRUE
OTU_541,TRUE,TRUE,FALSE,FALSE,FALSE,FALSE
OTU_542,TRUE,TRUE,FALSE,FALSE,FALSE,FALSE
OTU_543,TRUE,TRUE,FALSE,FALSE,FALSE,FALSE
OTU_544,TRUE,TRUE,FALSE,FALSE,FALSE,FALSE
OTU_545,TRUE,TRUE,FALSE,FALSE,FALSE,TRUE
OTU_546,TRUE,FALSE,FALSE,FALSE,FALSE,FALSE
OTU_547,FALSE,TRUE,TRUE,TRUE,FALSE,FALSE
OTU_548,FALSE,TRUE,FALSE,FALSE,FALSE,FALSE
OTU_549,FALSE,TRUE,TRUE,FALSE,TRUE,FALSE
OTU_55,TRUE,TRUE,FALSE,FALSE,FALSE,FALSE
OTU_550,FALSE,TRUE,FALSE,FALSE,FALSE,FALSE
OTU_551,TRUE,TRUE,FALSE,TRUE,FALSE,FALSE
OTU_552,FALSE,TRUE,FALSE,FALSE,TRUE,FALSE
OTU_553,FALSE,TRUE,TRUE,TRUE,TRUE,TRUE
OTU_554,FALSE,FALSE,TRUE,TRUE,TRUE,TRUE
OTU_555,FALSE,FALSE,TRUE,TRUE,TRUE,TRUE
OTU_556,FALSE,FALSE,TRUE,TRUE,TRUE,FALSE
OTU_557,FALSE,FALSE,TRUE,TRUE,TRUE,FALSE
OTU_558,FALSE,TRUE,TRUE,TRUE,TRUE,TRUE
OTU_559,FALSE,FALSE,TRUE,TRUE,TRUE,TRUE
OTU_56,TRUE,FALSE,FALSE,FALSE,FALSE,FALSE
OTU_560,TRUE,FALSE,TRUE,TRUE,TRUE,TRUE
OTU_561,FALSE,FALSE,TRUE,TRUE,TRUE,FALSE
OTU_562,TRUE,TRUE,TRUE,TRUE,TRUE,TRUE
OTU_563,FALSE,FALSE,TRUE,TRUE,TRUE,FALSE
OTU_564,TRUE,TRUE,TRUE,TRUE,TRUE,TRUE
OTU_565,FALSE,FALSE,FALSE,TRUE,TRUE,TRUE
OTU_566,FALSE,FALSE,TRUE,TRUE,TRUE,TRUE
OTU_567,TRUE,FALSE,FALSE,FALSE,TRUE,TRUE
OTU_568,TRUE,FALSE,FALSE,FALSE,TRUE,TRUE
OTU_569,TRUE,TRUE,FALSE,FALSE,FALSE,FALSE
OTU_57,TRUE,TRUE,FALSE,FALSE,FALSE,FALSE
OTU_570,TRUE,TRUE,FALSE,FALSE,TRUE,TRUE
OTU_571,TRUE,TRUE,FALSE,FALSE,FALSE,FALSE
OTU_572,TRUE,TRUE,TRUE,TRUE,TRUE,TRUE
OTU_573,TRUE,TRUE,FALSE,FALSE,FALSE,FALSE
OTU_574,TRUE,TRUE,FALSE,FALSE,FALSE,TRUE
OTU_575,TRUE,FALSE,FALSE,FALSE,FALSE,FALSE
OTU_576,TRUE,TRUE,FALSE,FALSE,FALSE,FALSE
OTU_577,TRUE,TRUE,FALSE,FALSE,FALSE,FALSE
OTU_578,TRUE,FALSE,FALSE,FALSE,FALSE,FALSE
OTU_579,TRUE,TRUE,FALSE,FALSE,FALSE,FALSE
OTU_58,TRUE,TRUE,FALSE,FALSE,FALSE,FALSE
OTU_580,TRUE,TRUE,FALSE,TRUE,FALSE,TRUE
OTU_581,TRUE,TRUE,FALSE,FALSE,FALSE,FALSE
OTU_582,TRUE,TRUE,FALSE,FALSE,FALSE,FALSE
OTU_583,TRUE,TRUE,FALSE,FALSE,FALSE,FALSE
OTU_584,TRUE,TRUE,FALSE,FALSE,FALSE,FALSE
OTU_585,TRUE,TRUE,FALSE,FALSE,FALSE,FALSE
OTU_586,TRUE,TRUE,FALSE,FALSE,FALSE,FALSE
OTU_587,TRUE,TRUE,FALSE,FALSE,FALSE,TRUE
OTU_588,TRUE,TRUE,FALSE,FALSE,FALSE,FALSE
OTU_589,TRUE,TRUE,FALSE,FALSE,FALSE,FALSE
OTU_59,FALSE,TRUE,FALSE,FALSE,FALSE,FALSE
OTU_590,TRUE,TRUE,TRUE,FALSE,FALSE,TRUE
OTU_591,FALSE,TRUE,TRUE,FALSE,FALSE,FALSE
OTU_592,FALSE,TRUE,FALSE,FALSE,FALSE,FALSE
OTU_593,FALSE,TRUE,FALSE,FALSE,FALSE,FALSE
OTU_594,FALSE,TRUE,FALSE,FALSE,FALSE,FALSE
OTU_595,FALSE,TRUE,FALSE,FALSE,FALSE,FALSE
OTU_596,TRUE,TRUE,FALSE,FALSE,FALSE,FALSE
OTU_597,TRUE,TRUE,TRUE,FALSE,FALSE,FALSE
OTU_598,FALSE,TRUE,FALSE,FALSE,FALSE,FALSE
OTU_599,FALSE,TRUE,FALSE,FALSE,FALSE,FALSE
OTU_6,TRUE,TRUE,FALSE,FALSE,FALSE,FALSE
OTU_60,TRUE,TRUE,FALSE,FALSE,FALSE,FALSE
OTU_600,TRUE,TRUE,TRUE,TRUE,TRUE,TRUE
OTU_601,FALSE,TRUE,TRUE,TRUE,TRUE,FALSE
OTU_602,TRUE,FALSE,TRUE,TRUE,TRUE,TRUE
OTU_603,FALSE,FALSE,TRUE,TRUE,TRUE,TRUE
OTU_604,FALSE,FALSE,TRUE,TRUE,TRUE,TRUE
OTU_605,FALSE,FALSE,TRUE,TRUE,TRUE,TRUE
OTU_606,FALSE,FALSE,FALSE,TRUE,TRUE,TRUE
OTU_607,FALSE,FALSE,TRUE,TRUE,TRUE,TRUE
OTU_608,FALSE,TRUE,TRUE,TRUE,TRUE,TRUE
OTU_609,FALSE,FALSE,TRUE,TRUE,TRUE,TRUE
OTU_61,TRUE,TRUE,FALSE,FALSE,FALSE,FALSE
OTU_610,FALSE,FALSE,TRUE,TRUE,TRUE,TRUE
OTU_611,FALSE,FALSE,FALSE,FALSE,TRUE,FALSE
OTU_612,FALSE,TRUE,TRUE,TRUE,TRUE,TRUE
OTU_613,FALSE,TRUE,TRUE,TRUE,TRUE,FALSE
OTU_614,FALSE,FALSE,TRUE,TRUE,TRUE,TRUE
OTU_615,TRUE,FALSE,FALSE,FALSE,TRUE,FALSE
OTU_616,FALSE,TRUE,TRUE,TRUE,TRUE,TRUE
OTU_617,FALSE,FALSE,TRUE,FALSE,TRUE,FALSE
OTU_618,FALSE,FALSE,FALSE,FALSE,TRUE,FALSE
OTU_619,FALSE,FALSE,FALSE,FALSE,TRUE,FALSE
OTU_62,FALSE,TRUE,FALSE,FALSE,FALSE,FALSE
OTU_620,FALSE,TRUE,TRUE,TRUE,TRUE,TRUE
OTU_621,FALSE,FALSE,TRUE,TRUE,TRUE,TRUE
OTU_622,TRUE,FALSE,FALSE,FALSE,FALSE,TRUE
OTU_623,FALSE,FALSE,FALSE,FALSE,FALSE,TRUE
OTU_624,TRUE,TRUE,FALSE,FALSE,TRUE,TRUE
OTU_625,FALSE,FALSE,TRUE,TRUE,TRUE,TRUE
OTU_626,FALSE,FALSE,FALSE,FALSE,FALSE,TRUE
OTU_627,FALSE,FALSE,FALSE,FALSE,TRUE,TRUE
OTU_628,TRUE,TRUE,FALSE,FALSE,FALSE,FALSE
OTU_629,TRUE,FALSE,FALSE,FALSE,FALSE,FALSE
OTU_63,TRUE,TRUE,FALSE,FALSE,FALSE,FALSE
OTU_630,TRUE,TRUE,FALSE,FALSE,FALSE,FALSE
OTU_631,TRUE,TRUE,FALSE,FALSE,FALSE,FALSE
OTU_632,TRUE,TRUE,FALSE,FALSE,FALSE,FALSE
OTU_633,TRUE,FALSE,FALSE,FALSE,FALSE,TRUE
OTU_634,TRUE,TRUE,FALSE,FALSE,FALSE,TRUE
OTU_635,TRUE,TRUE,FALSE,FALSE,FALSE,FALSE
OTU_636,TRUE,TRUE,FALSE,FALSE,FALSE,FALSE
OTU_637,TRUE,TRUE,FALSE,FALSE,FALSE,FALSE
OTU_638,TRUE,TRUE,FALSE,FALSE,FALSE,FALSE
OTU_639,TRUE,TRUE,FALSE,FALSE,FALSE,FALSE
OTU_64,FALSE,TRUE,FALSE,FALSE,FALSE,FALSE
OTU_640,TRUE,TRUE,FALSE,FALSE,FALSE,TRUE
OTU_641,TRUE,FALSE,FALSE,FALSE,TRUE,FALSE
OTU_642,TRUE,TRUE,FALSE,FALSE,FALSE,FALSE
OTU_643,TRUE,TRUE,FALSE,FALSE,TRUE,TRUE
OTU_644,TRUE,FALSE,FALSE,FALSE,FALSE,TRUE
OTU_645,TRUE,FALSE,FALSE,FALSE,FALSE,FALSE
OTU_646,TRUE,FALSE,FALSE,FALSE,TRUE,TRUE
OTU_647,TRUE,TRUE,FALSE,FALSE,FALSE,TRUE
OTU_648,TRUE,TRUE,FALSE,FALSE,FALSE,FALSE
OTU_649,TRUE,TRUE,FALSE,FALSE,TRUE,TRUE
OTU_65,TRUE,TRUE,TRUE,TRUE,TRUE,TRUE
OTU_650,TRUE,TRUE,FALSE,FALSE,FALSE,FALSE
OTU_651,TRUE,TRUE,FALSE,FALSE,FALSE,FALSE
OTU_652,TRUE,TRUE,FALSE,FALSE,FALSE,FALSE
OTU_653,TRUE,TRUE,FALSE,FALSE,FALSE,FALSE
OTU_654,TRUE,TRUE,FALSE,FALSE,FALSE,FALSE
OTU_655,TRUE,TRUE,FALSE,FALSE,FALSE,TRUE
OTU_656,TRUE,TRUE,TRUE,FALSE,FALSE,FALSE
OTU_657,TRUE,TRUE,FALSE,FALSE,TRUE,FALSE
OTU_658,TRUE,TRUE,FALSE,FALSE,FALSE,FALSE
OTU_659,TRUE,FALSE,FALSE,FALSE,FALSE,FALSE
OTU_66,TRUE,TRUE,FALSE,FALSE,FALSE,FALSE
OTU_660,TRUE,TRUE,FALSE,FALSE,FALSE,FALSE
OTU_661,TRUE,TRUE,FALSE,FALSE,FALSE,FALSE
OTU_662,TRUE,TRUE,FALSE,FALSE,FALSE,FALSE
OTU_663,TRUE,FALSE,FALSE,FALSE,FALSE,FALSE
OTU_664,TRUE,FALSE,FALSE,TRUE,FALSE,FALSE
OTU_665,TRUE,TRUE,FALSE,FALSE,FALSE,FALSE
OTU_666,TRUE,TRUE,FALSE,FALSE,FALSE,FALSE
OTU_667,FALSE,TRUE,TRUE,FALSE,FALSE,FALSE
OTU_668,TRUE,TRUE,FALSE,FALSE,FALSE,FALSE
OTU_669,FALSE,TRUE,FALSE,FALSE,FALSE,FALSE
OTU_67,TRUE,TRUE,FALSE,FALSE,FALSE,FALSE
OTU_670,TRUE,TRUE,FALSE,FALSE,FALSE,FALSE
OTU_671,TRUE,TRUE,TRUE,TRUE,FALSE,FALSE
OTU_672,TRUE,TRUE,TRUE,FALSE,FALSE,FALSE
OTU_673,TRUE,TRUE,FALSE,FALSE,FALSE,FALSE
OTU_674,FALSE,TRUE,TRUE,FALSE,FALSE,FALSE
OTU_675,FALSE,TRUE,TRUE,FALSE,FALSE,FALSE
OTU_676,FALSE,TRUE,FALSE,TRUE,TRUE,FALSE
OTU_677,TRUE,TRUE,FALSE,FALSE,FALSE,FALSE
OTU_678,TRUE,TRUE,FALSE,FALSE,FALSE,FALSE
OTU_679,TRUE,TRUE,FALSE,FALSE,FALSE,FALSE
OTU_68,TRUE,TRUE,FALSE,FALSE,FALSE,FALSE
OTU_680,TRUE,TRUE,FALSE,FALSE,FALSE,FALSE
OTU_681,FALSE,TRUE,FALSE,FALSE,FALSE,FALSE
OTU_682,TRUE,TRUE,FALSE,FALSE,FALSE,FALSE
OTU_683,TRUE,TRUE,FALSE,FALSE,FALSE,FALSE
OTU_684,FALSE,TRUE,TRUE,FALSE,FALSE,FALSE
OTU_685,TRUE,TRUE,TRUE,TRUE,FALSE,FALSE
OTU_686,FALSE,TRUE,TRUE,FALSE,FALSE,FALSE
OTU_687,FALSE,TRUE,FALSE,FALSE,FALSE,FALSE
OTU_688,TRUE,TRUE,FALSE,FALSE,FALSE,FALSE
OTU_689,FALSE,TRUE,FALSE,FALSE,FALSE,FALSE
OTU_69,FALSE,TRUE,FALSE,FALSE,FALSE,FALSE
OTU_690,FALSE,TRUE,FALSE,FALSE,FALSE,FALSE
OTU_691,TRUE,TRUE,FALSE,FALSE,FALSE,FALSE
OTU_692,TRUE,TRUE,FALSE,FALSE,FALSE,FALSE
OTU_693,FALSE,TRUE,FALSE,FALSE,FALSE,FALSE
OTU_694,TRUE,TRUE,FALSE,FALSE,FALSE,FALSE
OTU_695,TRUE,TRUE,FALSE,FALSE,FALSE,FALSE
OTU_696,FALSE,TRUE,TRUE,FALSE,FALSE,FALSE
OTU_697,TRUE,TRUE,FALSE,FALSE,FALSE,FALSE
OTU_698,FALSE,TRUE,FALSE,FALSE,FALSE,FALSE
OTU_699,FALSE,TRUE,FALSE,TRUE,FALSE,FALSE
OTU_7,TRUE,TRUE,FALSE,FALSE,FALSE,TRUE
OTU_70,TRUE,TRUE,FALSE,FALSE,FALSE,FALSE
OTU_700,TRUE,TRUE,FALSE,FALSE,FALSE,TRUE
OTU_701,FALSE,TRUE,FALSE,TRUE,TRUE,FALSE
OTU_702,FALSE,TRUE,FALSE,FALSE,FALSE,FALSE
OTU_703,TRUE,TRUE,TRUE,FALSE,FALSE,FALSE
OTU_704,TRUE,TRUE,FALSE,FALSE,FALSE,FALSE
OTU_705,FALSE,TRUE,TRUE,FALSE,TRUE,FALSE
OTU_706,FALSE,TRUE,TRUE,TRUE,TRUE,TRUE
OTU_707,FALSE,TRUE,FALSE,FALSE,FALSE,FALSE
OTU_708,FALSE,TRUE,TRUE,FALSE,FALSE,FALSE
OTU_709,TRUE,TRUE,FALSE,TRUE,TRUE,FALSE
OTU_71,FALSE,TRUE,FALSE,FALSE,FALSE,FALSE
OTU_710,FALSE,TRUE,TRUE,FALSE,FALSE,TRUE
OTU_711,FALSE,TRUE,FALSE,FALSE,FALSE,FALSE
OTU_712,FALSE,TRUE,FALSE,FALSE,FALSE,FALSE
OTU_713,FALSE,TRUE,FALSE,FALSE,FALSE,FALSE
OTU_714,FALSE,TRUE,TRUE,FALSE,FALSE,TRUE
OTU_715,FALSE,TRUE,FALSE,FALSE,FALSE,FALSE
OTU_716,FALSE,TRUE,TRUE,FALSE,FALSE,FALSE
OTU_717,FALSE,TRUE,FALSE,FALSE,FALSE,FALSE
OTU_718,FALSE,TRUE,TRUE,FALSE,FALSE,FALSE
OTU_719,TRUE,TRUE,TRUE,FALSE,FALSE,FALSE
OTU_72,FALSE,TRUE,FALSE,FALSE,FALSE,FALSE
OTU_720,FALSE,TRUE,FALSE,FALSE,FALSE,FALSE
OTU_721,FALSE,TRUE,TRUE,FALSE,TRUE,FALSE
OTU_722,FALSE,TRUE,FALSE,FALSE,FALSE,FALSE
OTU_723,FALSE,TRUE,FALSE,FALSE,FALSE,FALSE
OTU_724,FALSE,TRUE,FALSE,FALSE,TRUE,TRUE
OTU_725,TRUE,TRUE,FALSE,FALSE,FALSE,FALSE
OTU_726,TRUE,TRUE,FALSE,FALSE,FALSE,TRUE
OTU_727,FALSE,TRUE,TRUE,FALSE,FALSE,FALSE
OTU_728,TRUE,TRUE,TRUE,FALSE,FALSE,FALSE
OTU_729,TRUE,TRUE,FALSE,FALSE,FALSE,TRUE
OTU_73,FALSE,TRUE,FALSE,FALSE,FALSE,FALSE
OTU_730,TRUE,TRUE,TRUE,TRUE,FALSE,FALSE
OTU_731,FALSE,TRUE,FALSE,FALSE,FALSE,FALSE
OTU_732,FALSE,TRUE,TRUE,TRUE,FALSE,FALSE
OTU_733,TRUE,FALSE,TRUE,TRUE,TRUE,TRUE
OTU_734,FALSE,TRUE,TRUE,FALSE,FALSE,FALSE
OTU_735,TRUE,FALSE,TRUE,FALSE,TRUE,FALSE
OTU_736,TRUE,TRUE,TRUE,FALSE,FALSE,FALSE
OTU_737,FALSE,FALSE,TRUE,TRUE,TRUE,TRUE
OTU_738,FALSE,FALSE,TRUE,TRUE,FALSE,FALSE
OTU_739,FALSE,FALSE,TRUE,TRUE,FALSE,FALSE
OTU_740,FALSE,FALSE,TRUE,TRUE,TRUE,TRUE
OTU_741,FALSE,FALSE,TRUE,TRUE,TRUE,TRUE
OTU_742,FALSE,FALSE,TRUE,TRUE,TRUE,TRUE
OTU_743,FALSE,FALSE,TRUE,TRUE,TRUE,FALSE
OTU_744,FALSE,FALSE,TRUE,TRUE,FALSE,FALSE
OTU_745,TRUE,TRUE,TRUE,TRUE,TRUE,TRUE
OTU_746,FALSE,FALSE,TRUE,TRUE,TRUE,FALSE
OTU_747,FALSE,FALSE,TRUE,TRUE,TRUE,FALSE
OTU_748,FALSE,FALSE,TRUE,TRUE,TRUE,FALSE
OTU_749,FALSE,FALSE,TRUE,TRUE,TRUE,FALSE
OTU_75,FALSE,TRUE,TRUE,FALSE,FALSE,FALSE
OTU_750,FALSE,FALSE,TRUE,TRUE,TRUE,FALSE
OTU_751,FALSE,FALSE,TRUE,TRUE,FALSE,TRUE
OTU_752,TRUE,FALSE,FALSE,TRUE,FALSE,FALSE
OTU_753,FALSE,FALSE,FALSE,TRUE,TRUE,TRUE
OTU_754,TRUE,TRUE,TRUE,TRUE,TRUE,TRUE
OTU_755,FALSE,FALSE,TRUE,TRUE,TRUE,FALSE
OTU_756,FALSE,FALSE,TRUE,TRUE,FALSE,TRUE
OTU_757,TRUE,FALSE,TRUE,TRUE,TRUE,TRUE
OTU_758,FALSE,FALSE,TRUE,TRUE,TRUE,TRUE
OTU_759,FALSE,FALSE,TRUE,TRUE,TRUE,FALSE
OTU_76,TRUE,TRUE,FALSE,FALSE,FALSE,FALSE
OTU_760,FALSE,FALSE,TRUE,TRUE,TRUE,FALSE
OTU_761,TRUE,FALSE,TRUE,TRUE,TRUE,TRUE
OTU_762,FALSE,FALSE,TRUE,TRUE,TRUE,FALSE
OTU_763,FALSE,FALSE,TRUE,TRUE,TRUE,FALSE
OTU_764,FALSE,FALSE,TRUE,TRUE,TRUE,TRUE
OTU_765,FALSE,FALSE,FALSE,TRUE,TRUE,FALSE
OTU_766,FALSE,FALSE,FALSE,FALSE,TRUE,TRUE
OTU_767,FALSE,FALSE,FALSE,FALSE,TRUE,TRUE
OTU_768,FALSE,FALSE,FALSE,TRUE,TRUE,TRUE
OTU_769,FALSE,TRUE,TRUE,TRUE,TRUE,FALSE
OTU_77,FALSE,TRUE,FALSE,FALSE,FALSE,FALSE
OTU_770,FALSE,FALSE,TRUE,TRUE,TRUE,FALSE
OTU_771,FALSE,FALSE,TRUE,TRUE,TRUE,FALSE
OTU_772,FALSE,FALSE,TRUE,TRUE,TRUE,FALSE
OTU_773,FALSE,FALSE,TRUE,TRUE,TRUE,TRUE
OTU_774,FALSE,FALSE,FALSE,FALSE,TRUE,TRUE
OTU_775,FALSE,FALSE,FALSE,FALSE,TRUE,FALSE
OTU_776,FALSE,FALSE,FALSE,FALSE,TRUE,TRUE
OTU_777,FALSE,FALSE,TRUE,TRUE,TRUE,FALSE
OTU_778,TRUE,FALSE,FALSE,TRUE,TRUE,TRUE
OTU_779,FALSE,FALSE,TRUE,TRUE,TRUE,TRUE
OTU_78,FALSE,TRUE,FALSE,FALSE,FALSE,FALSE
OTU_780,FALSE,FALSE,FALSE,FALSE,TRUE,TRUE
OTU_781,FALSE,FALSE,FALSE,TRUE,TRUE,FALSE
OTU_782,FALSE,FALSE,FALSE,FALSE,TRUE,TRUE
OTU_783,TRUE,FALSE,TRUE,TRUE,TRUE,TRUE
OTU_784,TRUE,TRUE,FALSE,TRUE,TRUE,TRUE
OTU_785,TRUE,FALSE,TRUE,TRUE,TRUE,TRUE
OTU_786,FALSE,FALSE,FALSE,FALSE,TRUE,TRUE
OTU_787,FALSE,FALSE,FALSE,TRUE,FALSE,TRUE
OTU_788,FALSE,TRUE,FALSE,FALSE,FALSE,TRUE
OTU_789,TRUE,TRUE,FALSE,FALSE,FALSE,TRUE
OTU_79,TRUE,TRUE,TRUE,FALSE,FALSE,FALSE
OTU_790,FALSE,FALSE,FALSE,FALSE,TRUE,TRUE
OTU_791,FALSE,FALSE,FALSE,FALSE,TRUE,TRUE
OTU_792,FALSE,FALSE,FALSE,FALSE,TRUE,TRUE
OTU_793,FALSE,FALSE,FALSE,TRUE,TRUE,TRUE
OTU_794,FALSE,FALSE,FALSE,FALSE,TRUE,TRUE
OTU_795,FALSE,FALSE,TRUE,TRUE,TRUE,TRUE
OTU_796,TRUE,TRUE,TRUE,FALSE,FALSE,FALSE
OTU_797,TRUE,TRUE,TRUE,FALSE,FALSE,FALSE
OTU_798,TRUE,TRUE,FALSE,FALSE,FALSE,FALSE
OTU_799,TRUE,TRUE,TRUE,FALSE,FALSE,FALSE
OTU_8,TRUE,TRUE,FALSE,FALSE,FALSE,FALSE
OTU_80,TRUE,TRUE,FALSE,FALSE,FALSE,FALSE
OTU_800,TRUE,TRUE,TRUE,FALSE,FALSE,FALSE
OTU_801,TRUE,TRUE,FALSE,FALSE,FALSE,FALSE
OTU_802,TRUE,TRUE,FALSE,FALSE,FALSE,FALSE
OTU_803,FALSE,TRUE,FALSE,FALSE,FALSE,FALSE
OTU_804,TRUE,TRUE,FALSE,FALSE,FALSE,FALSE
OTU_805,TRUE,TRUE,FALSE,FALSE,FALSE,FALSE
OTU_806,FALSE,TRUE,FALSE,FALSE,FALSE,FALSE
OTU_807,TRUE,TRUE,FALSE,FALSE,FALSE,FALSE
OTU_808,TRUE,TRUE,FALSE,FALSE,FALSE,FALSE
OTU_809,TRUE,TRUE,FALSE,FALSE,FALSE,FALSE
OTU_81,TRUE,TRUE,FALSE,FALSE,FALSE,FALSE
OTU_810,TRUE,TRUE,FALSE,FALSE,TRUE,FALSE
OTU_811,TRUE,TRUE,FALSE,FALSE,FALSE,FALSE
OTU_812,TRUE,TRUE,FALSE,FALSE,FALSE,FALSE
OTU_813,TRUE,TRUE,FALSE,FALSE,FALSE,TRUE
OTU_814,TRUE,TRUE,FALSE,FALSE,TRUE,TRUE
OTU_815,TRUE,TRUE,TRUE,FALSE,FALSE,FALSE
OTU_816,FALSE,TRUE,FALSE,FALSE,FALSE,FALSE
OTU_817,FALSE,TRUE,FALSE,FALSE,FALSE,FALSE
OTU_818,TRUE,TRUE,FALSE,FALSE,FALSE,FALSE
OTU_819,TRUE,TRUE,TRUE,FALSE,FALSE,FALSE
OTU_82,TRUE,TRUE,FALSE,FALSE,FALSE,FALSE
OTU_820,FALSE,TRUE,FALSE,FALSE,FALSE,FALSE
OTU_821,TRUE,TRUE,FALSE,FALSE,FALSE,FALSE
OTU_822,FALSE,TRUE,FALSE,FALSE,FALSE,FALSE
OTU_823,FALSE,TRUE,FALSE,FALSE,FALSE,FALSE
OTU_824,FALSE,FALSE,TRUE,TRUE,TRUE,TRUE
OTU_825,TRUE,TRUE,FALSE,FALSE,FALSE,FALSE
OTU_826,FALSE,TRUE,FALSE,FALSE,FALSE,FALSE
OTU_827,TRUE,TRUE,TRUE,FALSE,FALSE,FALSE
OTU_828,FALSE,TRUE,FALSE,FALSE,FALSE,FALSE
OTU_829,TRUE,TRUE,TRUE,TRUE,TRUE,FALSE
OTU_83,TRUE,TRUE,FALSE,FALSE,FALSE,FALSE
OTU_830,FALSE,TRUE,TRUE,TRUE,TRUE,FALSE
OTU_831,TRUE,TRUE,FALSE,FALSE,FALSE,FALSE
OTU_832,TRUE,TRUE,FALSE,FALSE,FALSE,FALSE
OTU_833,TRUE,TRUE,FALSE,FALSE,FALSE,FALSE
OTU_834,TRUE,TRUE,TRUE,TRUE,TRUE,TRUE
OTU_835,FALSE,TRUE,FALSE,FALSE,FALSE,FALSE
OTU_836,FALSE,TRUE,FALSE,FALSE,FALSE,FALSE
OTU_837,FALSE,FALSE,FALSE,FALSE,TRUE,TRUE
OTU_838,TRUE,TRUE,FALSE,FALSE,FALSE,FALSE
OTU_839,TRUE,TRUE,FALSE,FALSE,FALSE,FALSE
OTU_84,TRUE,TRUE,FALSE,FALSE,FALSE,FALSE
OTU_840,TRUE,TRUE,FALSE,FALSE,FALSE,FALSE
OTU_841,TRUE,TRUE,FALSE,FALSE,FALSE,FALSE
OTU_842,TRUE,TRUE,FALSE,TRUE,TRUE,TRUE
OTU_843,TRUE,TRUE,FALSE,FALSE,FALSE,TRUE
OTU_844,TRUE,TRUE,TRUE,FALSE,FALSE,FALSE
OTU_845,TRUE,TRUE,FALSE,FALSE,FALSE,FALSE
OTU_846,TRUE,TRUE,FALSE,FALSE,FALSE,FALSE
OTU_847,TRUE,TRUE,FALSE,FALSE,FALSE,FALSE
OTU_848,TRUE,TRUE,TRUE,FALSE,FALSE,FALSE
OTU_849,FALSE,TRUE,FALSE,FALSE,FALSE,FALSE
OTU_85,TRUE,FALSE,FALSE,FALSE,FALSE,FALSE
OTU_850,FALSE,TRUE,FALSE,FALSE,FALSE,FALSE
OTU_851,TRUE,TRUE,TRUE,TRUE,TRUE,FALSE
OTU_852,FALSE,TRUE,FALSE,FALSE,FALSE,FALSE
OTU_853,FALSE,TRUE,FALSE,FALSE,FALSE,FALSE
OTU_854,TRUE,TRUE,TRUE,TRUE,TRUE,TRUE
OTU_855,TRUE,TRUE,TRUE,TRUE,TRUE,FALSE
OTU_856,FALSE,FALSE,TRUE,TRUE,TRUE,TRUE
OTU_857,FALSE,FALSE,FALSE,FALSE,TRUE,TRUE
OTU_858,TRUE,TRUE,FALSE,FALSE,FALSE,FALSE
OTU_859,TRUE,TRUE,TRUE,FALSE,FALSE,FALSE
OTU_86,TRUE,FALSE,FALSE,FALSE,FALSE,FALSE
OTU_860,TRUE,TRUE,FALSE,FALSE,FALSE,TRUE
OTU_861,TRUE,TRUE,FALSE,FALSE,FALSE,FALSE
OTU_862,TRUE,TRUE,FALSE,FALSE,FALSE,TRUE
OTU_863,TRUE,TRUE,FALSE,FALSE,FALSE,FALSE
OTU_864,TRUE,TRUE,TRUE,FALSE,TRUE,FALSE
OTU_865,TRUE,TRUE,FALSE,FALSE,TRUE,TRUE
OTU_866,TRUE,TRUE,FALSE,FALSE,FALSE,FALSE
OTU_867,TRUE,TRUE,FALSE,FALSE,FALSE,FALSE
OTU_868,TRUE,FALSE,FALSE,FALSE,FALSE,FALSE
OTU_869,TRUE,TRUE,TRUE,TRUE,TRUE,TRUE
OTU_87,TRUE,TRUE,FALSE,FALSE,FALSE,FALSE
OTU_870,TRUE,TRUE,FALSE,FALSE,FALSE,TRUE
OTU_871,TRUE,TRUE,FALSE,FALSE,FALSE,FALSE
OTU_872,TRUE,TRUE,TRUE,FALSE,FALSE,FALSE
OTU_873,FALSE,TRUE,FALSE,FALSE,FALSE,FALSE
OTU_874,FALSE,TRUE,FALSE,FALSE,FALSE,FALSE
OTU_875,FALSE,TRUE,FALSE,FALSE,FALSE,FALSE
OTU_876,FALSE,TRUE,FALSE,FALSE,FALSE,FALSE
OTU_877,FALSE,TRUE,TRUE,FALSE,FALSE,FALSE
OTU_878,FALSE,TRUE,TRUE,FALSE,FALSE,FALSE
OTU_879,FALSE,TRUE,FALSE,FALSE,FALSE,FALSE
OTU_88,TRUE,TRUE,FALSE,FALSE,FALSE,FALSE
OTU_880,TRUE,TRUE,TRUE,FALSE,FALSE,FALSE
OTU_881,TRUE,TRUE,FALSE,FALSE,FALSE,FALSE
OTU_882,TRUE,TRUE,FALSE,FALSE,FALSE,FALSE
OTU_883,FALSE,TRUE,FALSE,TRUE,FALSE,FALSE
OTU_884,FALSE,TRUE,FALSE,FALSE,FALSE,FALSE
OTU_885,FALSE,TRUE,FALSE,FALSE,FALSE,FALSE
OTU_886,TRUE,TRUE,FALSE,FALSE,TRUE,FALSE
OTU_887,FALSE,TRUE,FALSE,FALSE,FALSE,FALSE
OTU_888,FALSE,TRUE,FALSE,FALSE,FALSE,FALSE
OTU_889,TRUE,TRUE,FALSE,FALSE,FALSE,FALSE
OTU_89,TRUE,TRUE,FALSE,FALSE,FALSE,TRUE
OTU_890,TRUE,TRUE,TRUE,FALSE,FALSE,FALSE
OTU_891,FALSE,TRUE,FALSE,FALSE,FALSE,FALSE
OTU_892,FALSE,TRUE,FALSE,FALSE,FALSE,FALSE
OTU_893,TRUE,TRUE,FALSE,FALSE,FALSE,FALSE
OTU_894,FALSE,TRUE,FALSE,FALSE,FALSE,FALSE
OTU_895,FALSE,TRUE,FALSE,FALSE,FALSE,FALSE
OTU_896,FALSE,TRUE,TRUE,FALSE,TRUE,FALSE
OTU_897,FALSE,TRUE,TRUE,TRUE,TRUE,FALSE
OTU_898,TRUE,TRUE,FALSE,FALSE,FALSE,FALSE
OTU_899,TRUE,TRUE,FALSE,FALSE,FALSE,FALSE
OTU_9,TRUE,TRUE,TRUE,TRUE,TRUE,TRUE
OTU_90,TRUE,FALSE,FALSE,FALSE,FALSE,FALSE
OTU_900,FALSE,TRUE,FALSE,FALSE,FALSE,FALSE
OTU_901,FALSE,TRUE,FALSE,FALSE,FALSE,FALSE
OTU_902,TRUE,TRUE,FALSE,FALSE,FALSE,FALSE
OTU_903,TRUE,TRUE,FALSE,FALSE,FALSE,FALSE
OTU_904,FALSE,TRUE,FALSE,FALSE,FALSE,FALSE
OTU_905,FALSE,TRUE,TRUE,FALSE,FALSE,FALSE
OTU_906,FALSE,TRUE,TRUE,FALSE,TRUE,FALSE
OTU_907,FALSE,TRUE,TRUE,TRUE,TRUE,FALSE
OTU_908,FALSE,FALSE,TRUE,TRUE,TRUE,TRUE
OTU_909,FALSE,FALSE,FALSE,TRUE,FALSE,TRUE
OTU_91,TRUE,TRUE,FALSE,FALSE,FALSE,FALSE
OTU_910,FALSE,FALSE,FALSE,TRUE,TRUE,FALSE
OTU_911,FALSE,FALSE,FALSE,FALSE,TRUE,TRUE
OTU_912,FALSE,FALSE,TRUE,TRUE,TRUE,TRUE
OTU_913,TRUE,TRUE,FALSE,FALSE,TRUE,TRUE
OTU_914,TRUE,TRUE,TRUE,FALSE,FALSE,FALSE
OTU_915,FALSE,TRUE,TRUE,TRUE,TRUE,FALSE
OTU_916,TRUE,TRUE,FALSE,FALSE,FALSE,FALSE
OTU_917,TRUE,TRUE,TRUE,FALSE,FALSE,FALSE
OTU_918,TRUE,TRUE,TRUE,FALSE,FALSE,FALSE
OTU_919,TRUE,TRUE,FALSE,FALSE,FALSE,FALSE
OTU_92,TRUE,FALSE,FALSE,FALSE,FALSE,FALSE
OTU_920,FALSE,TRUE,TRUE,TRUE,TRUE,TRUE
OTU_921,TRUE,TRUE,TRUE,FALSE,FALSE,FALSE
OTU_922,TRUE,TRUE,TRUE,FALSE,FALSE,FALSE
OTU_923,TRUE,TRUE,TRUE,FALSE,FALSE,FALSE
OTU_924,FALSE,TRUE,TRUE,TRUE,TRUE,FALSE
OTU_925,TRUE,TRUE,FALSE,FALSE,FALSE,FALSE
OTU_926,TRUE,TRUE,FALSE,FALSE,FALSE,FALSE
OTU_927,TRUE,TRUE,TRUE,FALSE,FALSE,TRUE
OTU_928,TRUE,TRUE,TRUE,TRUE,FALSE,FALSE
OTU_929,TRUE,TRUE,TRUE,FALSE,TRUE,FALSE
OTU_93,TRUE,TRUE,FALSE,FALSE,FALSE,FALSE
OTU_930,TRUE,TRUE,FALSE,FALSE,FALSE,FALSE
OTU_931,TRUE,TRUE,FALSE,FALSE,FALSE,FALSE
OTU_932,TRUE,TRUE,FALSE,FALSE,FALSE,FALSE
OTU_933,TRUE,TRUE,FALSE,FALSE,FALSE,FALSE
OTU_934,TRUE,TRUE,FALSE,FALSE,FALSE,FALSE
OTU_935,TRUE,TRUE,FALSE,FALSE,FALSE,FALSE
OTU_936,TRUE,TRUE,FALSE,FALSE,FALSE,FALSE
OTU_937,TRUE,TRUE,FALSE,FALSE,FALSE,FALSE
OTU_938,TRUE,TRUE,TRUE,TRUE,FALSE,FALSE
OTU_939,FALSE,FALSE,FALSE,FALSE,TRUE,FALSE
OTU_94,TRUE,TRUE,FALSE,FALSE,FALSE,FALSE
OTU_940,TRUE,TRUE,TRUE,TRUE,FALSE,FALSE
OTU_941,TRUE,TRUE,TRUE,TRUE,TRUE,TRUE
OTU_942,TRUE,TRUE,TRUE,TRUE,TRUE,FALSE
OTU_943,TRUE,TRUE,FALSE,FALSE,FALSE,FALSE
OTU_944,TRUE,TRUE,TRUE,TRUE,TRUE,TRUE
OTU_945,TRUE,TRUE,FALSE,FALSE,FALSE,FALSE
OTU_946,TRUE,TRUE,FALSE,FALSE,FALSE,FALSE
OTU_947,TRUE,TRUE,TRUE,TRUE,TRUE,TRUE
OTU_948,TRUE,TRUE,TRUE,TRUE,TRUE,TRUE
OTU_949,TRUE,TRUE,FALSE,FALSE,FALSE,FALSE
OTU_95,FALSE,TRUE,FALSE,FALSE,FALSE,FALSE
OTU_950,TRUE,TRUE,TRUE,TRUE,TRUE,TRUE
OTU_951,TRUE,TRUE,FALSE,FALSE,FALSE,FALSE
OTU_952,TRUE,TRUE,TRUE,TRUE,TRUE,TRUE
OTU_953,TRUE,TRUE,TRUE,TRUE,TRUE,TRUE
OTU_954,TRUE,TRUE,FALSE,FALSE,FALSE,FALSE
OTU_955,TRUE,TRUE,FALSE,FALSE,FALSE,FALSE
OTU_956,TRUE,TRUE,FALSE,FALSE,FALSE,FALSE
OTU_957,TRUE,TRUE,FALSE,FALSE,FALSE,FALSE
OTU_958,TRUE,TRUE,FALSE,FALSE,FALSE,FALSE
OTU_959,TRUE,TRUE,FALSE,FALSE,FALSE,FALSE
OTU_96,FALSE,TRUE,FALSE,FALSE,FALSE,FALSE
OTU_960,TRUE,TRUE,FALSE,FALSE,FALSE,FALSE
OTU_961,TRUE,TRUE,FALSE,FALSE,FALSE,FALSE
OTU_962,TRUE,TRUE,FALSE,FALSE,FALSE,FALSE
OTU_963,TRUE,TRUE,FALSE,FALSE,FALSE,FALSE
OTU_964,TRUE,TRUE,FALSE,FALSE,FALSE,FALSE
OTU_965,TRUE,TRUE,FALSE,FALSE,FALSE,FALSE
OTU_966,TRUE,TRUE,FALSE,FALSE,FALSE,FALSE
OTU_967,TRUE,TRUE,FALSE,FALSE,FALSE,FALSE
OTU_968,TRUE,TRUE,FALSE,FALSE,FALSE,FALSE
OTU_969,TRUE,TRUE,FALSE,FALSE,FALSE,FALSE
OTU_97,FALSE,TRUE,FALSE,FALSE,FALSE,FALSE
OTU_970,TRUE,TRUE,TRUE,FALSE,FALSE,FALSE
OTU_971,FALSE,TRUE,TRUE,FALSE,TRUE,TRUE
OTU_972,TRUE,TRUE,FALSE,FALSE,FALSE,FALSE
OTU_973,TRUE,TRUE,FALSE,FALSE,FALSE,FALSE
OTU_974,TRUE,TRUE,FALSE,FALSE,FALSE,FALSE
OTU_975,TRUE,TRUE,FALSE,FALSE,FALSE,TRUE
OTU_976,FALSE,TRUE,TRUE,FALSE,FALSE,FALSE
OTU_977,TRUE,TRUE,TRUE,FALSE,FALSE,FALSE
OTU_978,TRUE,TRUE,FALSE,FALSE,FALSE,FALSE
OTU_979,TRUE,TRUE,TRUE,FALSE,FALSE,FALSE
OTU_98,TRUE,TRUE,FALSE,FALSE,FALSE,FALSE
OTU_980,TRUE,TRUE,FALSE,FALSE,FALSE,FALSE
OTU_981,TRUE,TRUE,FALSE,FALSE,FALSE,FALSE
OTU_982,TRUE,TRUE,FALSE,FALSE,FALSE,FALSE
OTU_983,TRUE,TRUE,FALSE,FALSE,FALSE,FALSE
OTU_984,TRUE,TRUE,FALSE,FALSE,FALSE,FALSE
OTU_985,TRUE,TRUE,FALSE,FALSE,FALSE,FALSE
OTU_986,TRUE,TRUE,FALSE,FALSE,FALSE,FALSE
OTU_987,TRUE,TRUE,FALSE,FALSE,FALSE,FALSE
OTU_988,TRUE,TRUE,FALSE,FALSE,FALSE,FALSE
OTU_989,TRUE,TRUE,FALSE,FALSE,FALSE,FALSE
OTU_99,FALSE,TRUE,FALSE,FALSE,FALSE,FALSE
OTU_990,TRUE,TRUE,FALSE,FALSE,FALSE,FALSE
OTU_991,TRUE,TRUE,FALSE,FALSE,FALSE,FALSE
OTU_992,FALSE,TRUE,FALSE,FALSE,FALSE,FALSE
OTU_993,TRUE,TRUE,FALSE,FALSE,FALSE,FALSE
OTU_994,TRUE,TRUE,FALSE,FALSE,FALSE,FALSE
OTU_995,FALSE,TRUE,FALSE,FALSE,FALSE,FALSE
OTU_996,TRUE,TRUE,TRUE,FALSE,FALSE,FALSE
OTU_997,TRUE,TRUE,TRUE,FALSE,FALSE,FALSE
OTU_998,FALSE,TRUE,TRUE,FALSE,FALSE,FALSE
OTU_999,TRUE,TRUE,TRUE,TRUE,TRUE,TRUE
