"Common_n","Iteration","Group","Order","Zeta","Ratio"
14,1,"D0",1,1,NA
14,1,"D0",2,0.830800464603281,0.830800464603281
14,1,"D0",3,0.743340848974652,0.894728494560493
14,1,"D0",4,0.690672588081039,0.929146553742792
14,1,"D0",5,0.652414921964218,0.944608101179872
14,1,"D0",6,0.625722370257582,0.959086540163316
14,1,"D0",7,0.603512329230639,0.964504959255653
14,1,"D0",8,0.586239563507169,0.971379597587527
14,1,"D0",9,0.570768092035698,0.973608960509397
14,1,"D0",10,0.557633210675464,0.976987358712736
14,1,"D0",11,0.546156123620912,0.97941821463494
14,1,"D0",12,0.535692789213916,0.980841861961326
14,1,"D0",13,0.526202258596625,0.982283631946553
14,1,"D0",14,0.517531616123165,0.983522224901535
14,1,"D1",1,1,NA
14,1,"D1",2,0.686104834202844,0.686104834202844
14,1,"D1",3,0.542404709590306,0.790556606732705
14,1,"D1",4,0.459596227607057,0.847330820475736
14,1,"D1",5,0.407593881142548,0.886852103344568
14,1,"D1",6,0.370382473715085,0.908704695656487
14,1,"D1",7,0.341841072153784,0.922940734006608
14,1,"D1",8,0.319992328866026,0.936085084363623
14,1,"D1",9,0.306606380578494,0.958167908790287
14,1,"D1",10,0.289811560850142,0.945223515255411
14,1,"D1",11,0.279060928241922,0.962904748945542
14,1,"D1",12,0.269600441524091,0.966098848816165
14,1,"D1",13,0.261540544199269,0.970104287369641
14,1,"D1",14,0.254591399305086,0.973429951690821
14,1,"D3",1,1,NA
14,1,"D3",2,0.594298179174115,0.594298179174115
14,1,"D3",3,0.470013936437725,0.790872247145188
14,1,"D3",4,0.411370618353683,0.875230682459109
14,1,"D3",5,0.377875935407641,0.918577843308089
14,1,"D3",6,0.354143757384797,0.937195847104574
14,1,"D3",7,0.336226073257188,0.949405619175885
14,1,"D3",8,0.322865695155573,0.960263705987504
14,1,"D3",9,0.312116187475384,0.966705946647539
14,1,"D3",10,0.30301260338716,0.970832707646919
14,1,"D3",11,0.295111642984821,0.97392530768021
14,1,"D3",12,0.288029811858091,0.976002874521982
14,1,"D3",13,0.281606931862938,0.977700641632481
14,1,"D3",14,0.275699094131548,0.979020979020979
14,1,"D5",1,1,NA
14,1,"D5",2,0.554625121713729,0.554625121713729
14,1,"D5",3,0.408871578491832,0.737203495630462
14,1,"D5",4,0.337043600562588,0.824326312447079
14,1,"D5",5,0.291144866385373,0.863819594555121
14,1,"D5",6,0.259175246132208,0.890193426213986
14,1,"D5",7,0.233290014064698,0.900124597337872
14,1,"D5",8,0.21393417721519,0.917031009976536
14,1,"D5",9,0.195822784810127,0.915341285619616
14,1,"D5",10,0.18313417721519,0.935203619909502
14,1,"D5",11,0.170983446932814,0.933651214278271
14,1,"D5",12,0.160164448772044,0.936724879777272
14,1,"D5",13,0.150492264416315,0.939610915968657
14,1,"D5",14,0.141772151898734,0.942056074766355
14,1,"D6",1,1,NA
14,1,"D6",2,0.442838929026774,0.442838929026774
14,1,"D6",3,0.285831916702082,0.645453454894434
14,1,"D6",4,0.219639502762431,0.768421893876034
14,1,"D6",5,0.183387430939227,0.834947396223093
14,1,"D6",6,0.162604972375691,0.886674574930803
14,1,"D6",7,0.147145027624309,0.90492329646807
14,1,"D6",8,0.13546546961326,0.920625533872134
14,1,"D6",9,0.126618784530387,0.934694168867318
14,1,"D6",10,0.119067679558011,0.940363469761759
14,1,"D6",11,0.113671376965576,0.954678695238988
14,1,"D6",12,0.108956651083723,0.958523191961678
14,1,"D6",13,0.104972375690608,0.963432471964895
14,1,"D6",14,0.101519337016575,0.967105263157895
14,1,"D7",1,1,NA
14,1,"D7",2,0.397740488453231,0.397740488453231
14,1,"D7",3,0.260757600930387,0.655597326649958
14,1,"D7",4,0.196131029517639,0.752158436869491
14,1,"D7",5,0.1575781137509,0.803432858831389
14,1,"D7",6,0.134436285097192,0.853140591019573
14,1,"D7",7,0.114116630669546,0.84885290148448
14,1,"D7",8,0.100620590352772,0.881734675852323
14,1,"D7",9,0.0893016558675306,0.887508764900331
14,1,"D7",10,0.0784463642908567,0.878442437923251
14,1,"D7",11,0.0698344132469402,0.890218608322167
14,1,"D7",12,0.0625796090158941,0.896114195083267
14,1,"D7",13,0.0561555075593953,0.897345132743363
14,1,"D7",14,0.0503959683225342,0.897435897435897
14,2,"D0",1,1,NA
14,2,"D0",2,0.830800464603281,0.830800464603281
14,2,"D0",3,0.743340848974652,0.894728494560493
14,2,"D0",4,0.690637059594806,0.929098758056221
14,2,"D0",5,0.653314384807343,0.945959061609928
14,2,"D0",6,0.625776847269805,0.957849485365827
14,2,"D0",7,0.603864061244343,0.96498306685352
14,2,"D0",8,0.586021655458275,0.970452943085732
14,2,"D0",9,0.571007909317768,0.974380219569248
14,2,"D0",10,0.55764268493846,0.976593626530887
14,2,"D0",11,0.546156123620912,0.979401574470909
14,2,"D0",12,0.535692789213916,0.980841861961326
14,2,"D0",13,0.526202258596625,0.982283631946553
14,2,"D0",14,0.517531616123165,0.983522224901535
14,2,"D1",1,1,NA
14,2,"D1",2,0.686104834202844,0.686104834202844
14,2,"D1",3,0.542404709590306,0.790556606732705
14,2,"D1",4,0.45846793917242,0.845250660745026
14,2,"D1",5,0.408276792563513,0.890524195215248
14,2,"D1",6,0.367605342719191,0.900382655626956
14,2,"D1",7,0.340626235278191,0.926608500188179
14,2,"D1",8,0.322319028924688,0.946254267999785
14,2,"D1",9,0.305391543702902,0.947482203336678
14,2,"D1",10,0.289984657732052,0.949550384453873
14,2,"D1",11,0.279060928241922,0.962329974366356
14,2,"D1",12,0.269600441524091,0.966098848816165
14,2,"D1",13,0.261540544199269,0.970104287369641
14,2,"D1",14,0.254591399305086,0.973429951690821
14,2,"D3",1,1,NA
14,2,"D3",2,0.594296842398108,0.594296842398108
14,2,"D3",3,0.469418556127417,0.789872202977249
14,2,"D3",4,0.409106329113924,0.87151716474301
14,2,"D3",5,0.371486075949367,0.908042847330087
14,2,"D3",6,0.345410126582278,0.929806388300156
14,2,"D3",7,0.329050632911392,0.952637481035203
14,2,"D3",8,0.314159493670886,0.954745143296788
14,2,"D3",9,0.303478481012658,0.966001305472509
14,2,"D3",10,0.294172151898734,0.969334467857918
14,2,"D3",11,0.286284601474475,0.973187297392533
14,2,"D3",12,0.280122409236333,0.978475292745737
14,2,"D3",13,0.2750452079566,0.981875062071705
14,2,"D3",14,0.270886075949367,0.984878369493754
14,2,"D5",1,1,NA
14,2,"D5",2,0.566492829204694,0.566492829204694
14,2,"D5",3,0.420686657974794,0.742616033755274
14,2,"D5",4,0.343510169491525,0.816546384297521
14,2,"D5",5,0.29783615819209,0.867037382424389
14,2,"D5",6,0.264667231638418,0.888633647589962
14,2,"D5",7,0.240716949152542,0.909507941963152
14,2,"D5",8,0.220713559322034,0.916900783675883
14,2,"D5",9,0.204526553672316,0.926660574459317
14,2,"D5",10,0.191317514124294,0.935416505530203
14,2,"D5",11,0.179889178617992,0.940265084675536
14,2,"D5",12,0.170056497175141,0.945340339433472
14,2,"D5",13,0.161581920903955,0.950166112956811
14,2,"D5",14,0.154237288135593,0.954545454545455
14,2,"D6",1,1,NA
14,2,"D6",2,0.441656804733728,0.441656804733728
14,2,"D6",3,0.28586456278764,0.647254972013814
14,2,"D6",4,0.218390427350427,0.763964673413064
14,2,"D6",5,0.18241641025641,0.835276584553344
14,2,"D6",6,0.158001367521368,0.866157640638119
14,2,"D6",7,0.142479316239316,0.901760019387477
14,2,"D6",8,0.129604102564103,0.909634506852996
14,2,"D6",9,0.11866735042735,0.915614151709875
14,2,"D6",10,0.110707692307692,0.932924615818981
14,2,"D6",11,0.103247863247863,0.932616885924279
14,2,"D6",12,0.0969362261669954,0.938869077941926
14,2,"D6",13,0.0912820512820513,0.941671188279978
14,2,"D6",14,0.0861538461538462,0.943820224719101
14,2,"D7",1,1,NA
14,2,"D7",2,0.37173633064044,0.37173633064044
14,2,"D7",3,0.233491394450299,0.628110236220472
14,2,"D7",4,0.175010654490107,0.749537921524383
14,2,"D7",5,0.134278538812785,0.767259223182759
14,2,"D7",6,0.108547945205479,0.808378957391097
14,2,"D7",7,0.095261796042618,0.877601099332548
14,2,"D7",8,0.0831369863013699,0.872721172128397
14,2,"D7",9,0.0754124809741248,0.907087017813661
14,2,"D7",10,0.0689452054794521,0.914241311104832
14,2,"D7",11,0.0637220465987589,0.924241883908087
14,2,"D7",12,0.0597119775201967,0.937069361506661
14,2,"D7",13,0.0563165905631659,0.943137254901961
14,2,"D7",14,0.0532724505327245,0.945945945945946
14,3,"D0",1,1,NA
14,3,"D0",2,0.830800464603281,0.830800464603281
14,3,"D0",3,0.743340848974652,0.894728494560493
14,3,"D0",4,0.689170325254832,0.927125592795632
14,3,"D0",5,0.653037854756165,0.947571058743269
14,3,"D0",6,0.62521727361164,0.957398210621477
14,3,"D0",7,0.603469102905723,0.965215019443903
14,3,"D0",8,0.586585966247938,0.97202319625563
14,3,"D0",9,0.570752104216893,0.97300674932214
14,3,"D0",10,0.557663409888762,0.977067637190599
14,3,"D0",11,0.546156123620912,0.979365176083285
14,3,"D0",12,0.535692789213916,0.980841861961326
14,3,"D0",13,0.526202258596625,0.982283631946553
14,3,"D0",14,0.517531616123165,0.983522224901535
14,3,"D1",1,1,NA
14,3,"D1",2,0.686104834202844,0.686104834202844
14,3,"D1",3,0.542404709590306,0.790556606732705
14,3,"D1",4,0.460409277559677,0.848829793361192
14,3,"D1",5,0.408054419926899,0.886286267057266
14,3,"D1",6,0.369559947655792,0.905663386079722
14,3,"D1",7,0.340909254997518,0.922473490863899
14,3,"D1",8,0.320183746220838,0.939205203517192
14,3,"D1",9,0.303592346915753,0.948181631638347
14,3,"D1",10,0.292112991291007,0.962188257571817
14,3,"D1",11,0.279060928241922,0.955318443759038
14,3,"D1",12,0.269600441524091,0.966098848816165
14,3,"D1",13,0.261540544199269,0.970104287369641
14,3,"D1",14,0.254591399305086,0.973429951690821
14,3,"D3",1,1,NA
14,3,"D3",2,0.584760945022954,0.584760945022954
14,3,"D3",3,0.456233904378009,0.780205840114887
14,3,"D3",4,0.394437772925764,0.864551645856981
14,3,"D3",5,0.357287845705968,0.905815492912267
14,3,"D3",6,0.331990538573508,0.929196284070412
14,3,"D3",7,0.315178311499272,0.949359318652651
14,3,"D3",8,0.30118595342067,0.95560494625394
14,3,"D3",9,0.287053493449782,0.95307729390969
14,3,"D3",10,0.277524017467249,0.966802438569869
14,3,"D3",11,0.269174784458627,0.969915277658421
14,3,"D3",12,0.261756802149815,0.972441763727122
14,3,"D3",13,0.255276564774381,0.975243289487755
14,3,"D3",14,0.249636098981077,0.977904490377762
14,3,"D5",1,1,NA
14,3,"D5",2,0.557600190736285,0.557600190736285
14,3,"D5",3,0.41553416997204,0.745218844748503
14,3,"D5",4,0.34446942800789,0.828979787705709
14,3,"D5",5,0.302686390532544,0.87870320534109
14,3,"D5",6,0.273664694280079,0.90411958660776
14,3,"D5",7,0.251538461538462,0.919148384120852
14,3,"D5",8,0.23534516765286,0.935622990668862
14,3,"D5",9,0.221301775147929,0.940328528327187
14,3,"D5",10,0.210039447731755,0.949108734402852
14,3,"D5",11,0.200934174306955,0.956649698315582
14,3,"D5",12,0.193250536445803,0.961760422846664
14,3,"D5",13,0.186813186813187,0.966689098250336
14,3,"D5",14,0.181459566074951,0.971342383107089
14,3,"D6",1,1,NA
14,3,"D6",2,0.462218766703921,0.462218766703921
14,3,"D6",3,0.306319549054862,0.662715517241379
14,3,"D6",4,0.238030953885028,0.77706745984533
14,3,"D6",5,0.201890082122552,0.848167344739824
14,3,"D6",6,0.176140871762476,0.87245926055721
14,3,"D6",7,0.161057485786481,0.91436748424673
14,3,"D6",8,0.148737839545167,0.923507770029103
14,3,"D6",9,0.139177511054959,0.935723629444643
14,3,"D6",10,0.131257738471257,0.943095888670013
14,3,"D6",11,0.124763108022742,0.950520018673507
14,3,"D6",12,0.119344963312114,0.956572541382668
14,3,"D6",13,0.114655716993051,0.960708469055375
14,3,"D6",14,0.110549589387239,0.964187327823691
14,3,"D7",1,1,NA
14,3,"D7",2,0.334141201264489,0.334141201264489
14,3,"D7",3,0.201159114857745,0.602018290760013
14,3,"D7",4,0.142790410958904,0.709838135149293
14,3,"D7",5,0.110034246575342,0.770599691088577
14,3,"D7",6,0.0883054794520548,0.802527233115468
14,3,"D7",7,0.0730109589041096,0.826799869692692
14,3,"D7",8,0.0637095890410959,0.872603099553454
14,3,"D7",9,0.055472602739726,0.870710415412402
14,3,"D7",10,0.0501602739726027,0.904235090751945
14,3,"D7",11,0.0460221285563751,0.917501538797658
14,3,"D7",12,0.0428872497365648,0.931883228391528
14,3,"D7",13,0.0404109589041096,0.942260442260442
14,3,"D7",14,0.0383561643835616,0.949152542372881
14,4,"D0",1,1,NA
14,4,"D0",2,0.830800464603281,0.830800464603281
14,4,"D0",3,0.743340848974652,0.894728494560493
14,4,"D0",4,0.68878424903777,0.926606213001565
14,4,"D0",5,0.651858309013239,0.94638968577444
14,4,"D0",6,0.626086537241467,0.960464150850843
14,4,"D0",7,0.603506407816267,0.963934491348931
14,4,"D0",8,0.585953559192996,0.970915224103776
14,4,"D0",9,0.570829082603731,0.97418826739427
14,4,"D0",10,0.557836315188428,0.977238778101427
14,4,"D0",11,0.546156123620912,0.97906161494063
14,4,"D0",12,0.535692789213916,0.980841861961326
14,4,"D0",13,0.526202258596625,0.982283631946553
14,4,"D0",14,0.517531616123165,0.983522224901535
14,4,"D1",1,1,NA
14,4,"D1",2,0.686104834202844,0.686104834202844
14,4,"D1",3,0.542404709590306,0.790556606732705
14,4,"D1",4,0.461205270520283,0.850297319263037
14,4,"D1",5,0.408877577726637,0.886541424961133
14,4,"D1",6,0.372640945805695,0.91137535072865
14,4,"D1",7,0.340338161635305,0.913313916428194
14,4,"D1",8,0.31885140562249,0.936866450974605
14,4,"D1",9,0.3034931636659,0.951832603884538
14,4,"D1",10,0.290967645864356,0.95872883049408
14,4,"D1",11,0.279060928241922,0.959078894881718
14,4,"D1",12,0.269600441524091,0.966098848816165
14,4,"D1",13,0.261540544199269,0.970104287369641
14,4,"D1",14,0.254591399305086,0.973429951690821
14,4,"D3",1,1,NA
14,4,"D3",2,0.590060267790874,0.590060267790874
14,4,"D3",3,0.466874981444646,0.791232704402516
14,4,"D3",4,0.40612157468159,0.869872215951545
14,4,"D3",5,0.370208413739869,0.911570418365786
14,4,"D3",6,0.34460748745658,0.930847259724148
14,4,"D3",7,0.325074488614435,0.943318124088621
14,4,"D3",8,0.309007719027403,0.950575113859247
14,4,"D3",9,0.29757699729834,0.963008297122673
14,4,"D3",10,0.286429949826322,0.962540627893886
14,4,"D3",11,0.278011162901167,0.970607867891399
14,4,"D3",12,0.270730041860879,0.973809968764183
14,4,"D3",13,0.264569664222308,0.977245311985963
14,4,"D3",14,0.259359320725589,0.980306345733041
14,4,"D5",1,1,NA
14,4,"D5",2,0.552012754085293,0.552012754085293
14,4,"D5",3,0.411274965679111,0.745046129161653
14,4,"D5",4,0.340578008059873,0.82810293959298
14,4,"D5",5,0.300113413932067,0.88118847027641
14,4,"D5",6,0.266080598733448,0.886600153079722
14,4,"D5",7,0.24262233736327,0.911837760882077
14,4,"D5",8,0.22597869890616,0.931401046424715
14,4,"D5",9,0.211616004605642,0.936442264823897
14,4,"D5",10,0.198454231433506,0.937803507836453
14,4,"D5",11,0.188288826889863,0.948777083410041
14,4,"D5",12,0.179442894468801,0.953019344975598
14,4,"D5",13,0.171848013816926,0.957675222112537
14,4,"D5",14,0.165227403569372,0.961474036850921
14,4,"D6",1,1,NA
14,4,"D6",2,0.451526667540296,0.451526667540296
14,4,"D6",3,0.297143231555497,0.658085674483399
14,4,"D6",4,0.227944804088586,0.767120970231532
14,4,"D6",5,0.191420783645656,0.839768137778057
14,4,"D6",6,0.166373424190801,0.869150261649639
14,4,"D6",7,0.149444633730835,0.898248229593738
14,4,"D6",8,0.137815332197615,0.922183210979892
14,4,"D6",9,0.128623509369676,0.933303336563755
14,4,"D6",10,0.120781601362862,0.939032078620434
14,4,"D6",11,0.115633599790329,0.957377601270023
14,4,"D6",12,0.111178089372297,0.961468721668178
14,4,"D6",13,0.107666098807496,0.968411126826968
14,4,"D6",14,0.104940374787053,0.974683544303798
14,4,"D7",1,1,NA
14,4,"D7",2,0.384931074397559,0.384931074397559
14,4,"D7",3,0.248395243607282,0.645297977036632
14,4,"D7",4,0.18837756497948,0.758378309680153
14,4,"D7",5,0.153636114911081,0.815575437169581
14,4,"D7",6,0.132827633378933,0.864559960109698
14,4,"D7",7,0.115121751025992,0.866700309999279
14,4,"D7",8,0.103812585499316,0.901763433704874
14,4,"D7",9,0.0939110807113543,0.904621344894382
14,4,"D7",10,0.0861833105335157,0.917711838482716
14,4,"D7",11,0.0799221298537304,0.927350427350427
14,4,"D7",12,0.0747132484478586,0.934825543120474
14,4,"D7",13,0.0704514363885089,0.942957746478873
14,4,"D7",14,0.06703146374829,0.951456310679612
14,5,"D0",1,1,NA
14,5,"D0",2,0.830800464603281,0.830800464603281
14,5,"D0",3,0.743340848974652,0.894728494560493
14,5,"D0",4,0.690387175908303,0.928762595060675
14,5,"D0",5,0.651347883094362,0.943453044644726
14,5,"D0",6,0.62567381465973,0.960583170528379
14,5,"D0",7,0.603142832973819,0.963989252613737
14,5,"D0",8,0.586155479423085,0.971835272472729
14,5,"D0",9,0.571105612654908,0.974324445822823
14,5,"D0",10,0.557951782768684,0.976967780398662
14,5,"D0",11,0.546156123620912,0.978858999089063
14,5,"D0",12,0.535692789213916,0.980841861961326
14,5,"D0",13,0.526202258596625,0.982283631946553
14,5,"D0",14,0.517531616123165,0.983522224901535
14,5,"D1",1,1,NA
14,5,"D1",2,0.686104834202844,0.686104834202844
14,5,"D1",3,0.542404709590306,0.790556606732705
14,5,"D1",4,0.461786471729615,0.851368846112003
14,5,"D1",5,0.405791525653175,0.878742775060707
14,5,"D1",6,0.36953151933577,0.910643756645634
14,5,"D1",7,0.341654076982086,0.924560041850303
14,5,"D1",8,0.320112991291007,0.936950596693133
14,5,"D1",9,0.302723072063535,0.945675684209695
14,5,"D1",10,0.289687739722937,0.956939746112703
14,5,"D1",11,0.279060928241922,0.963316322978741
14,5,"D1",12,0.269600441524091,0.966098848816165
14,5,"D1",13,0.261540544199269,0.970104287369641
14,5,"D1",14,0.254591399305086,0.973429951690821
14,5,"D3",1,1,NA
14,5,"D3",2,0.590912143557508,0.590912143557508
14,5,"D3",3,0.462881626841815,0.783334091012411
14,5,"D3",4,0.401729352191374,0.867887876501654
14,5,"D3",5,0.364765147546709,0.907987294323824
14,5,"D3",6,0.337843198882486,0.926193747277419
14,5,"D3",7,0.319504103370002,0.945717138681061
14,5,"D3",8,0.304511611664047,0.953075745983168
14,5,"D3",9,0.292428147372097,0.960318543434457
14,5,"D3",10,0.283104592282172,0.968116765866381
14,5,"D3",11,0.274905642637439,0.971039149952888
14,5,"D3",12,0.267934614713033,0.974642106806078
14,5,"D3",13,0.261917234154007,0.977541608181271
14,5,"D3",14,0.256678889470927,0.98
14,5,"D5",1,1,NA
14,5,"D5",2,0.556649913227704,0.556649913227704
14,5,"D5",3,0.41087245599405,0.738116446675844
14,5,"D5",4,0.335429827131556,0.816384311574328
14,5,"D5",5,0.29246996777029,0.871925941325376
14,5,"D5",6,0.260076765309112,0.889242636746143
14,5,"D5",7,0.236941693524758,0.911045218680504
14,5,"D5",8,0.216399062408438,0.913300901961463
14,5,"D5",9,0.200409610313507,0.926111269074021
14,5,"D5",10,0.188390858482274,0.940029064412469
14,5,"D5",11,0.176497103833758,0.93686660412116
14,5,"D5",12,0.166963420406139,0.945983910100881
14,5,"D5",13,0.158804570758863,0.951133909287257
14,5,"D5",14,0.151772634046294,0.955719557195572
14,5,"D6",1,1,NA
14,5,"D6",2,0.439894319682959,0.439894319682959
14,5,"D6",3,0.279519357788843,0.635423885423886
14,5,"D6",4,0.207748348745046,0.743234208852131
14,5,"D6",5,0.166113606340819,0.799590501413215
14,5,"D6",6,0.141035667107001,0.849031396125584
14,5,"D6",7,0.121889696169089,0.864247311827957
14,5,"D6",8,0.107468956406869,0.881690247695634
14,5,"D6",9,0.0975885072655218,0.908062295646188
14,5,"D6",10,0.0880363276089828,0.902117780831004
14,5,"D6",11,0.0803526064424347,0.912721016707152
14,5,"D6",12,0.0741794533075907,0.92317420170724
14,5,"D6",13,0.0690224570673712,0.930479452054794
14,5,"D6",14,0.0647291941875826,0.937799043062201
14,5,"D7",1,1,NA
14,5,"D7",2,0.338638373121132,0.338638373121132
14,5,"D7",3,0.203138815207781,0.599869451697128
14,5,"D7",4,0.146803320561941,0.722674888163463
14,5,"D7",5,0.119902937420179,0.816759028073808
14,5,"D7",6,0.100771392081737,0.840441395764987
14,5,"D7",7,0.0885415070242656,0.878637331440738
14,5,"D7",8,0.0813448275862069,0.918719709208401
14,5,"D7",9,0.0748544061302682,0.920211012199143
14,5,"D7",10,0.0703397190293742,0.939687089454198
14,5,"D7",11,0.066951566951567,0.951831594942932
14,5,"D7",12,0.0646428922290991,0.96551724137931
14,5,"D7",13,0.0632183908045977,0.977963525835866
14,5,"D7",14,0.0625798212005109,0.98989898989899
14,6,"D0",1,1,NA
14,6,"D0",2,0.830800464603281,0.830800464603281
14,6,"D0",3,0.743340848974652,0.894728494560493
14,6,"D0",4,0.689858393604873,0.928051235925549
14,6,"D0",5,0.652999957704183,0.946571011902769
14,6,"D0",6,0.625371230385315,0.957689541947284
14,6,"D0",7,0.603929196802436,0.96571311160306
14,6,"D0",8,0.585876580806158,0.970108058872034
14,6,"D0",9,0.57093744448674,0.974501222938691
14,6,"D0",10,0.557634987099776,0.976700674451431
14,6,"D0",11,0.546156123620912,0.979415094561114
14,6,"D0",12,0.535692789213916,0.980841861961326
14,6,"D0",13,0.526202258596625,0.982283631946553
14,6,"D0",14,0.517531616123165,0.983522224901535
14,6,"D1",1,1,NA
14,6,"D1",2,0.686104834202844,0.686104834202844
14,6,"D1",3,0.542404709590306,0.790556606732705
14,6,"D1",4,0.46182943007987,0.851448045922579
14,6,"D1",5,0.404675872027436,0.876245309783419
14,6,"D1",6,0.366664681196697,0.90607003417253
14,6,"D1",7,0.341755155453274,0.932064561925831
14,6,"D1",8,0.321716348540228,0.94136501939095
14,6,"D1",9,0.303348495104012,0.942906683109018
14,6,"D1",10,0.290087631424575,0.956285052032679
14,6,"D1",11,0.279060928241922,0.961988371829221
14,6,"D1",12,0.269600441524091,0.966098848816165
14,6,"D1",13,0.261540544199269,0.970104287369641
14,6,"D1",14,0.254591399305086,0.973429951690821
14,6,"D3",1,1,NA
14,6,"D3",2,0.598150782361309,0.598150782361309
14,6,"D3",3,0.473567950541635,0.791720021951889
14,6,"D3",4,0.412161095305832,0.870331480064118
14,6,"D3",5,0.376837482219061,0.914296585754752
14,6,"D3",6,0.350828947368421,0.930982091543853
14,6,"D3",7,0.330682788051209,0.942575550084083
14,6,"D3",8,0.315791607396871,0.954968383017164
14,6,"D3",9,0.303997155049787,0.962651153257973
14,6,"D3",10,0.293360241820768,0.965009826400262
14,6,"D3",11,0.285315680052522,0.972577873135376
14,6,"D3",12,0.278121238647554,0.974784276126558
14,6,"D3",13,0.271870554765292,0.977525327038458
14,6,"D3",14,0.266358463726885,0.979725310660562
14,6,"D5",1,1,NA
14,6,"D5",2,0.551641766024768,0.551641766024768
14,6,"D5",3,0.403369444502651,0.731216288080225
14,6,"D5",4,0.329455734132389,0.816759272727273
14,6,"D5",5,0.283542903840915,0.8606403667176
14,6,"D5",6,0.253952601470989,0.895640829062933
14,6,"D5",7,0.232489239989104,0.91548280522601
14,6,"D5",8,0.212177608281122,0.912634099931105
14,6,"D5",9,0.19785344592754,0.932489754834999
14,6,"D5",10,0.186236992645056,0.941287586738628
14,6,"D5",11,0.176434842738302,0.947367331443999
14,6,"D5",12,0.168430316618821,0.954631828978622
14,6,"D5",13,0.16180877145192,0.960686737994526
14,6,"D5",14,0.156360664669028,0.966329966329966
14,6,"D6",1,1,NA
14,6,"D6",2,0.444696689720712,0.444696689720712
14,6,"D6",3,0.290731745947944,0.653775376944082
14,6,"D6",4,0.220925188743995,0.759893585145503
14,6,"D6",5,0.184397391901167,0.834659881697982
14,6,"D6",6,0.160490734385724,0.870352518173054
14,6,"D6",7,0.1402306108442,0.873761412962131
14,6,"D6",8,0.126293067947838,0.900609839660134
14,6,"D6",9,0.116943719972546,0.925971012287442
14,6,"D6",10,0.108295813315031,0.926050696355943
14,6,"D6",11,0.100641465603717,0.929320003451586
14,6,"D6",12,0.0949263502454992,0.943213114754098
14,6,"D6",13,0.0902539464653397,0.950778642936596
14,6,"D6",14,0.0864790665751544,0.958174904942966
14,6,"D7",1,1,NA
14,6,"D7",2,0.336069584126121,0.336069584126121
14,6,"D7",3,0.194808371840174,0.579666774506632
14,6,"D7",4,0.1350925795053,0.693463931910144
14,6,"D7",5,0.104114487632509,0.77068990771935
14,6,"D7",6,0.0846530035335689,0.813076118977478
14,6,"D7",7,0.0731660777385159,0.864305750350631
14,6,"D7",8,0.0641031802120141,0.876132521974307
14,6,"D7",9,0.0572466431095406,0.893039049235993
14,6,"D7",10,0.0534275618374558,0.933287245074317
14,6,"D7",11,0.0488176134819244,0.913715913715914
14,6,"D7",12,0.0454471323729274,0.930957683741648
14,6,"D7",13,0.0424028268551237,0.933014354066986
14,6,"D7",14,0.0395759717314488,0.933333333333333
14,7,"D0",1,1,NA
14,7,"D0",2,0.830800464603281,0.830800464603281
14,7,"D0",3,0.743340848974652,0.894728494560493
14,7,"D0",4,0.689374021909233,0.927399621398637
14,7,"D0",5,0.653085226071142,0.947359786291933
14,7,"D0",6,0.625321490504589,0.957488342320075
14,7,"D0",7,0.603797741403375,0.965579706713989
14,7,"D0",8,0.586236010658546,0.970914547139558
14,7,"D0",9,0.5707633549042,0.97360678042114
14,7,"D0",10,0.558040603984266,0.977709236567808
14,7,"D0",11,0.546156123620912,0.978703197798688
14,7,"D0",12,0.535692789213916,0.980841861961326
14,7,"D0",13,0.526202258596625,0.982283631946553
14,7,"D0",14,0.517531616123165,0.983522224901535
14,7,"D1",1,1,NA
14,7,"D1",2,0.686104834202844,0.686104834202844
14,7,"D1",3,0.542404709590306,0.790556606732705
14,7,"D1",4,0.46097784396011,0.849878026148224
14,7,"D1",5,0.409223139750011,0.8877284344829
14,7,"D1",6,0.366927485221786,0.896644030066181
14,7,"D1",7,0.33936275438834,0.924876898178437
14,7,"D1",8,0.321161680429584,0.946366907613178
14,7,"D1",9,0.302547448219846,0.942040930335028
14,7,"D1",10,0.290916474888317,0.96155653138057
14,7,"D1",11,0.279060928241922,0.959247592798081
14,7,"D1",12,0.269600441524091,0.966098848816165
14,7,"D1",13,0.261540544199269,0.970104287369641
14,7,"D1",14,0.254591399305086,0.973429951690821
14,7,"D3",1,1,NA
14,7,"D3",2,0.587950607724111,0.587950607724111
14,7,"D3",3,0.459374438252741,0.781314675446849
14,7,"D3",4,0.398792378213194,0.868120524359225
14,7,"D3",5,0.359860147402481,0.902374686835413
14,7,"D3",6,0.332152076217868,0.923003223934039
14,7,"D3",7,0.315111989933489,0.948697938370851
14,7,"D3",8,0.300289052669423,0.952959780212759
14,7,"D3",9,0.288229372640662,0.959839761318114
14,7,"D3",10,0.278273593384864,0.965458831747141
14,7,"D3",11,0.269597201288735,0.968820641618949
14,7,"D3",12,0.262614250750149,0.974098579268605
14,7,"D3",13,0.256696027323387,0.977464195450716
14,7,"D3",14,0.251662771885673,0.980392156862745
14,7,"D5",1,1,NA
14,7,"D5",2,0.564034640855833,0.564034640855833
14,7,"D5",3,0.417228731533367,0.739721820809249
14,7,"D5",4,0.341462781456954,0.818406681155527
14,7,"D5",5,0.295212715231788,0.864553126323678
14,7,"D5",6,0.263926887417219,0.894022763247155
14,7,"D5",7,0.240503311258278,0.911249754096057
14,7,"D5",8,0.223006092715232,0.927247494217425
14,7,"D5",9,0.208357086092715,0.934311182066121
14,7,"D5",10,0.196515496688742,0.943166850592717
14,7,"D5",11,0.186164034640856,0.947324957968676
14,7,"D5",12,0.177401935812532,0.952933450087566
14,7,"D5",13,0.169801324503311,0.95715598437859
14,7,"D5",14,0.16317880794702,0.960998439937597
14,7,"D6",1,1,NA
14,7,"D6",2,0.461912004055605,0.461912004055605
14,7,"D6",3,0.304170335387817,0.658502772643253
14,7,"D6",4,0.235402011793271,0.773915087719298
14,7,"D6",5,0.195679500520291,0.831256704348544
14,7,"D6",6,0.174206035379813,0.890262060750447
14,7,"D6",7,0.156918487686438,0.900763784356358
14,7,"D6",8,0.146113770378078,0.931144395617999
14,7,"D6",9,0.138543184183143,0.948187045099538
14,7,"D6",10,0.132050641692681,0.953137048720645
14,7,"D6",11,0.127177886282985,0.963099343197163
14,7,"D6",12,0.123162304223699,0.968425469422008
14,7,"D6",13,0.119667013527575,0.971620450606586
14,7,"D6",14,0.116545265348595,0.973913043478261
14,7,"D7",1,1,NA
14,7,"D7",2,0.340927365317609,0.340927365317609
14,7,"D7",3,0.205923344947735,0.604009433962264
14,7,"D7",4,0.147336585365854,0.715492385786802
14,7,"D7",5,0.11580487804878,0.785988610780029
14,7,"D7",6,0.0957365853658537,0.82670598146588
14,7,"D7",7,0.0798829268292683,0.83440334250484
14,7,"D7",8,0.0714048780487805,0.893869076697606
14,7,"D7",9,0.0634146341463415,0.88809946714032
14,7,"D7",10,0.0585951219512195,0.924
14,7,"D7",11,0.0547842401500938,0.934962473424012
14,7,"D7",12,0.0521039935674082,0.951076320939335
14,7,"D7",13,0.0501742160278746,0.962962962962963
14,7,"D7",14,0.0487804878048781,0.972222222222222
14,8,"D0",1,1,NA
14,8,"D0",2,0.830800464603281,0.830800464603281
14,8,"D0",3,0.743340848974652,0.894728494560493
14,8,"D0",4,0.689713911094193,0.927856866800162
14,8,"D0",5,0.654233980459333,0.948558481909444
14,8,"D0",6,0.625226747874635,0.955662295981123
14,8,"D0",7,0.603419955166434,0.965121785364542
14,8,"D0",8,0.585802563126507,0.970804094413702
14,8,"D0",9,0.571419447616631,0.975447161867795
14,8,"D0",10,0.557485767457598,0.975615670385128
14,8,"D0",11,0.546156123620912,0.979677250078769
14,8,"D0",12,0.535692789213916,0.980841861961326
14,8,"D0",13,0.526202258596625,0.982283631946553
14,8,"D0",14,0.517531616123165,0.983522224901535
14,8,"D1",1,1,NA
14,8,"D1",2,0.686104834202844,0.686104834202844
14,8,"D1",3,0.542404709590306,0.790556606732705
14,8,"D1",4,0.459440819457606,0.847044303513948
14,8,"D1",5,0.407737286223546,0.887464215097173
14,8,"D1",6,0.370419746401336,0.908476509058457
14,8,"D1",7,0.34225359866432,0.923961538199158
14,8,"D1",8,0.319670772979559,0.934017273235714
14,8,"D1",9,0.304013086052074,0.951019335356985
14,8,"D1",10,0.291570326248816,0.959071630879972
14,8,"D1",11,0.279060928241922,0.957096463937765
14,8,"D1",12,0.269600441524091,0.966098848816165
14,8,"D1",13,0.261540544199269,0.970104287369641
14,8,"D1",14,0.254591399305086,0.973429951690821
14,8,"D3",1,1,NA
14,8,"D3",2,0.58050636157693,0.58050636157693
14,8,"D3",3,0.452370097026515,0.779268113096407
14,8,"D3",4,0.392313761807742,0.867240704870789
14,8,"D3",5,0.354823115391739,0.904437085654987
14,8,"D3",6,0.330808668271902,0.932319947381883
14,8,"D3",7,0.311474717540285,0.941555489363036
14,8,"D3",8,0.297516206704945,0.955185734028206
14,8,"D3",9,0.28632969068346,0.962400313766505
14,8,"D3",10,0.276657529172069,0.96622019362259
14,8,"D3",11,0.267456936469717,0.966743747296934
14,8,"D3",12,0.259791699317537,0.971340294054976
14,8,"D3",13,0.25282459714762,0.97318196775255
14,8,"D3",14,0.246341915169476,0.974358974358974
14,8,"D5",1,1,NA
14,8,"D5",2,0.546390864037923,0.546390864037923
14,8,"D5",3,0.396143072613661,0.725017745879013
14,8,"D5",4,0.320180392156863,0.808244329616535
14,8,"D5",5,0.273486274509804,0.854163094334077
14,8,"D5",6,0.24578431372549,0.898708039977631
14,8,"D5",7,0.221203921568627,0.899992022337455
14,8,"D5",8,0.203207843137255,0.918644849043558
14,8,"D5",9,0.189560784313725,0.932841869620595
14,8,"D5",10,0.177462745098039,0.936178575861641
14,8,"D5",11,0.168368886015945,0.948756235698538
14,8,"D5",12,0.160698125404008,0.954440747376504
14,8,"D5",13,0.154341736694678,0.960445159560204
14,8,"D5",14,0.149019607843137,0.96551724137931
14,8,"D6",1,1,NA
14,8,"D6",2,0.454602999862392,0.454602999862392
14,8,"D6",3,0.29622953075547,0.651622472454292
14,8,"D6",4,0.226249016100179,0.763762530775305
14,8,"D6",5,0.189578533094812,0.837919812260621
14,8,"D6",6,0.167709481216458,0.884643838511942
14,8,"D6",7,0.151791055456172,0.905083328355534
14,8,"D6",8,0.140485867620751,0.925521383315734
14,8,"D6",9,0.1307885509839,0.930973009591044
14,8,"D6",10,0.12337030411449,0.943280609704722
14,8,"D6",11,0.116045135544241,0.940624539893724
14,8,"D6",12,0.110086693270951,0.948654096999881
14,8,"D6",13,0.104830053667263,0.95225
14,8,"D6",14,0.100178890876565,0.955631399317406
14,8,"D7",1,1,NA
14,8,"D7",2,0.347059096606471,0.347059096606471
14,8,"D7",3,0.218583166983891,0.629815409309791
14,8,"D7",4,0.166115872057936,0.759966443665711
14,8,"D7",5,0.133773083886542,0.805299832155028
14,8,"D7",6,0.109592033796017,0.819238299753679
14,8,"D7",7,0.0944598672299336,0.861922750751677
14,8,"D7",8,0.0808062764031382,0.855456171735241
14,8,"D7",9,0.0701436330718165,0.868046842325387
14,8,"D7",10,0.0624043452021726,0.889665140929896
14,8,"D7",11,0.0547792581588598,0.87781160080104
14,8,"D7",12,0.0493941785432431,0.901694915254237
14,8,"D7",13,0.0452625226312613,0.916353383458647
14,8,"D7",14,0.0422450211225106,0.933333333333333
14,9,"D0",1,1,NA
14,9,"D0",2,0.830800464603281,0.830800464603281
14,9,"D0",3,0.743340848974652,0.894728494560493
14,9,"D0",4,0.690232034851753,0.928553887229317
14,9,"D0",5,0.653092923909825,0.946193295780738
14,9,"D0",6,0.625526371441864,0.95779076535858
14,9,"D0",7,0.60337199171002,0.964582820575929
14,9,"D0",8,0.585975468426173,0.971167830918794
14,9,"D0",9,0.571161273950006,0.974718746305277
14,9,"D0",10,0.557664002030199,0.976368720122666
14,9,"D0",11,0.546156123620912,0.979364136169105
14,9,"D0",12,0.535692789213916,0.980841861961326
14,9,"D0",13,0.526202258596625,0.982283631946553
14,9,"D0",14,0.517531616123165,0.983522224901535
14,9,"D1",1,1,NA
14,9,"D1",2,0.686104834202844,0.686104834202844
14,9,"D1",3,0.542404709590306,0.790556606732705
14,9,"D1",4,0.464883263390641,0.857078220692038
14,9,"D1",5,0.40829448129597,0.878273135320169
14,9,"D1",6,0.370415955958666,0.907227437370513
14,9,"D1",7,0.339828978836695,0.917425325151533
14,9,"D1",8,0.319484409548306,0.940132918157736
14,9,"D1",9,0.303215197870132,0.949076664801343
14,9,"D1",10,0.290254410902035,0.957255483698913
14,9,"D1",11,0.279060928241922,0.96143561565412
14,9,"D1",12,0.269600441524091,0.966098848816165
14,9,"D1",13,0.261540544199269,0.970104287369641
14,9,"D1",14,0.254591399305086,0.973429951690821
14,9,"D3",1,1,NA
14,9,"D3",2,0.585040659751157,0.585040659751157
14,9,"D3",3,0.459742536134019,0.785830058939096
14,9,"D3",4,0.400464325737766,0.871062158192443
14,9,"D3",5,0.363916324243556,0.908735936898054
14,9,"D3",6,0.340748599178185,0.936337769091484
14,9,"D3",7,0.322546507284273,0.946582049235681
14,9,"D3",8,0.308465446395219,0.956344091251794
14,9,"D3",9,0.297621591333582,0.964845803027991
14,9,"D3",10,0.288757190885319,0.970215869055254
14,9,"D3",11,0.28124191833568,0.973973730224353
14,9,"D3",12,0.274790954282923,0.9770625798212
14,9,"D3",13,0.269144564811356,0.979452054794521
14,9,"D3",14,0.264101606275682,0.981263011797363
14,9,"D5",1,1,NA
14,9,"D5",2,0.559609574715315,0.559609574715315
14,9,"D5",3,0.416115606447933,0.743581999395953
14,9,"D5",4,0.344001647898929,0.826697298943948
14,9,"D5",5,0.300713540236199,0.874163080534287
14,9,"D5",6,0.268683878055479,0.893487795210147
14,9,"D5",7,0.247059049711618,0.919515720480272
14,9,"D5",8,0.229594616863499,0.929310693664109
14,9,"D5",9,0.215479263938478,0.938520540603909
14,9,"D5",10,0.202436693216149,0.939471805852962
14,9,"D5",11,0.191124585384404,0.944120269640707
14,9,"D5",12,0.181564658906049,0.949980655502128
14,9,"D5",13,0.173029387530898,0.95299045845939
14,9,"D5",14,0.165339192529525,0.955555555555556
14,9,"D6",1,1,NA
14,9,"D6",2,0.446609570205076,0.446609570205076
14,9,"D6",3,0.285298970692229,0.63881069669247
14,9,"D6",4,0.210910452843037,0.739261176902598
14,9,"D6",5,0.176513449097719,0.836911811237174
14,9,"D6",6,0.152169560776302,0.862084796111261
14,9,"D6",7,0.138012257405516,0.906963631237666
14,9,"D6",8,0.125675859720804,0.910613753324353
14,9,"D6",9,0.117500851208716,0.934951640432391
14,9,"D6",10,0.110813074565884,0.943083164300203
14,9,"D6",11,0.10424032895943,0.94068619039583
14,9,"D6",12,0.0991592676985936,0.951256281407035
14,9,"D6",13,0.0946544092611508,0.954569466455362
14,9,"D6",14,0.09056860742254,0.956834532374101
14,9,"D7",1,1,NA
14,9,"D7",2,0.342962926876796,0.342962926876796
14,9,"D7",3,0.20385346129488,0.594389204545455
14,9,"D7",4,0.147979734008866,0.725912295375791
14,9,"D7",5,0.117727675744142,0.795566207309766
14,9,"D7",6,0.100970234325522,0.857659286037054
14,9,"D7",7,0.0895326155794807,0.886722866174921
14,9,"D7",8,0.080923369221026,0.903842345018816
14,9,"D7",9,0.074273590880304,0.917826229867426
14,9,"D7",10,0.0704521849271691,0.9485496000955
14,9,"D7",11,0.0674477517416086,0.957355003415915
14,9,"D7",12,0.0650850099868466,0.964969302997472
14,9,"D7",13,0.0633312222925902,0.973053892215569
14,9,"D7",14,0.0620645978467384,0.98
14,10,"D0",1,1,NA
14,10,"D0",2,0.830800464603281,0.830800464603281
14,10,"D0",3,0.743340848974652,0.894728494560493
14,10,"D0",4,0.689237829378675,0.927216404600116
14,10,"D0",5,0.652530389544474,0.946741983290019
14,10,"D0",6,0.625432813094785,0.958473081278857
14,10,"D0",7,0.603316922556359,0.964639062621305
14,10,"D0",8,0.58596125703168,0.971232921080449
14,10,"D0",9,0.571002580044834,0.974471559668258
14,10,"D0",10,0.557841644461363,0.976951180181292
14,10,"D0",11,0.546156123620912,0.979052261593461
14,10,"D0",12,0.535692789213916,0.980841861961326
14,10,"D0",13,0.526202258596625,0.982283631946553
14,10,"D0",14,0.517531616123165,0.983522224901535
14,10,"D1",1,1,NA
14,10,"D1",2,0.686104834202844,0.686104834202844
14,10,"D1",3,0.542404709590306,0.790556606732705
14,10,"D1",4,0.45825756960426,0.844862814613824
14,10,"D1",5,0.410025450115067,0.894748886459541
14,10,"D1",6,0.369239655250214,0.900528626080633
14,10,"D1",7,0.338716483913181,0.917335067068163
14,10,"D1",8,0.321907134154596,0.950373393215509
14,10,"D1",9,0.302922070303687,0.941023165265447
14,10,"D1",10,0.290340327602545,0.958465414261403
14,10,"D1",11,0.279060928241922,0.961151110306441
14,10,"D1",12,0.269600441524091,0.966098848816165
14,10,"D1",13,0.261540544199269,0.970104287369641
14,10,"D1",14,0.254591399305086,0.973429951690821
14,10,"D3",1,1,NA
14,10,"D3",2,0.589811397518235,0.589811397518235
14,10,"D3",3,0.464829560315016,0.788098640126133
14,10,"D3",4,0.405481677370608,0.872323345993342
14,10,"D3",5,0.367972043823196,0.907493641166112
14,10,"D3",6,0.344356630147337,0.93582280482371
14,10,"D3",7,0.324874574990555,0.943424771149475
14,10,"D3",8,0.311102002266717,0.957606492523342
14,10,"D3",9,0.298820929353986,0.9605239669843
14,10,"D3",10,0.288819418209294,0.96653008486951
14,10,"D3",11,0.27995408444974,0.969304924805543
14,10,"D3",12,0.272267588852402,0.972543727617169
14,10,"D3",13,0.265394786550812,0.974757177927207
14,10,"D3",14,0.259161314695882,0.976512455516014
14,10,"D5",1,1,NA
14,10,"D5",2,0.546112195015016,0.546112195015016
14,10,"D5",3,0.399500186334042,0.731535003211304
14,10,"D5",4,0.325487033342833,0.814735623353819
14,10,"D5",5,0.284161299515531,0.873034162366237
14,10,"D5",6,0.251616984895982,0.885472389537088
14,10,"D5",7,0.227239669421488,0.903117369105382
14,10,"D5",8,0.207518381305215,0.913213708827867
14,10,"D5",9,0.192082074665147,0.925614750158614
14,10,"D5",10,0.177188372755771,0.922461781322699
14,10,"D5",11,0.166319573843085,0.938659638080953
14,10,"D5",12,0.156169848959818,0.938974561750362
14,10,"D5",13,0.147335423197492,0.943430656934306
14,10,"D5",14,0.139640923339983,0.947775628626693
14,10,"D6",1,1,NA
14,10,"D6",2,0.460544123739815,0.460544123739815
14,10,"D6",3,0.30600745753349,0.664447643037064
14,10,"D6",4,0.23586355475763,0.770777145951801
14,10,"D6",5,0.197699102333932,0.838192668371697
14,10,"D6",6,0.171207181328546,0.865998779495525
14,10,"D6",7,0.153502333931777,0.896588173116448
14,10,"D6",8,0.140769120287253,0.917048729368614
14,10,"D6",9,0.130438779174147,0.926615005535121
14,10,"D6",10,0.121968402154399,0.935062432557422
14,10,"D6",11,0.11560557933987,0.947832203241674
14,10,"D6",12,0.109819085761635,0.949946242981723
14,10,"D6",13,0.104847396768402,0.954728370221328
14,10,"D6",14,0.100538599640934,0.958904109589041
14,10,"D7",1,1,NA
14,10,"D7",2,0.346864634338967,0.346864634338967
14,10,"D7",3,0.210366977307429,0.606481481481482
14,10,"D7",4,0.150444900752909,0.715154548867476
14,10,"D7",5,0.112939082819986,0.750700636942675
14,10,"D7",6,0.0910431211498973,0.806125912099101
14,10,"D7",7,0.074570841889117,0.819071676665614
14,10,"D7",8,0.0640109514031485,0.858391159085068
14,10,"D7",9,0.0579069130732375,0.904640718562874
14,10,"D7",10,0.0497043121149897,0.858348502399471
14,10,"D7",11,0.0463065339862054,0.931640173976785
14,10,"D7",12,0.0429631969673037,0.927799886299034
14,10,"D7",13,0.0403832991101985,0.939950980392157
14,10,"D7",14,0.0383299110198494,0.949152542372881
14,11,"D0",1,1,NA
14,11,"D0",2,0.830800464603281,0.830800464603281
14,11,"D0",3,0.743340848974652,0.894728494560493
14,11,"D0",4,0.689720424650002,0.9278656293427
14,11,"D0",5,0.652966797783699,0.94671228290078
14,11,"D0",6,0.626047455906611,0.958773796817146
14,11,"D0",7,0.603439495833862,0.963887785407563
14,11,"D0",8,0.585960664890242,0.971034658711779
14,11,"D0",9,0.570696442921795,0.973950091050384
14,11,"D0",10,0.55751300596371,0.976899388244669
14,11,"D0",11,0.546156123620912,0.979629385823625
14,11,"D0",12,0.535692789213916,0.980841861961326
14,11,"D0",13,0.526202258596625,0.982283631946553
14,11,"D0",14,0.517531616123165,0.983522224901535
14,11,"D1",1,1,NA
14,11,"D1",2,0.686104834202844,0.686104834202844
14,11,"D1",3,0.542404709590306,0.790556606732705
14,11,"D1",4,0.459167907585398,0.846541151776172
14,11,"D1",5,0.408442940300528,0.889528500474664
14,11,"D1",6,0.368005866161274,0.900997005580509
14,11,"D1",7,0.342959252741302,0.931939635416041
14,11,"D1",8,0.320883714633816,0.935632183908046
14,11,"D1",9,0.305900726501512,0.95330710955711
14,11,"D1",10,0.29042434908172,0.949407189722006
14,11,"D1",11,0.279060928241922,0.960873043614533
14,11,"D1",12,0.269600441524091,0.966098848816165
14,11,"D1",13,0.261540544199269,0.970104287369641
14,11,"D1",14,0.254591399305086,0.973429951690821
14,11,"D3",1,1,NA
14,11,"D3",2,0.589865645156747,0.589865645156747
14,11,"D3",3,0.463059459763964,0.785025307993506
14,11,"D3",4,0.403095935554742,0.870505778588808
14,11,"D3",5,0.366401684364702,0.90896893778018
14,11,"D3",6,0.338145367997071,0.922881587139469
14,11,"D3",7,0.321351519589894,0.950335417851052
14,11,"D3",8,0.306403149029659,0.953482807303008
14,11,"D3",9,0.293728304650311,0.958633439573034
14,11,"D3",10,0.284029293299158,0.966979650249572
14,11,"D3",11,0.275737261639861,0.970805716681615
14,11,"D3",12,0.268399853533504,0.973389856478881
14,11,"D3",13,0.261991944342732,0.97612551159618
14,11,"D3",14,0.256316367630904,0.978336827393431
14,11,"D5",1,1,NA
14,11,"D5",2,0.558732501178544,0.558732501178544
14,11,"D5",3,0.411178749308246,0.735913426265591
14,11,"D5",4,0.337111644018119,0.819866407457255
14,11,"D5",5,0.291978150812683,0.866117074250304
14,11,"D5",6,0.260419397815081,0.89191399113337
14,11,"D5",7,0.236261657340794,0.907235249459254
14,11,"D5",8,0.219657873701039,0.929722902028894
14,11,"D5",9,0.20403517186251,0.928877114326472
14,11,"D5",10,0.191303490540901,0.937600555799327
14,11,"D5",11,0.180993666605177,0.946107497011305
14,11,"D5",12,0.171883006415381,0.94966309948474
14,11,"D5",13,0.163868904876099,0.953374672072502
14,11,"D5",14,0.156674660271783,0.95609756097561
14,11,"D6",1,1,NA
14,11,"D6",2,0.442217042217042,0.442217042217042
14,11,"D6",3,0.281649831649832,0.636904064659716
14,11,"D6",4,0.21,0.745606694560669
14,11,"D6",5,0.169517845117845,0.807227833894501
14,11,"D6",6,0.143601346801347,0.847116400645126
14,11,"D6",7,0.124906397306397,0.869813550420168
14,11,"D6",8,0.114861279461279,0.919578836138576
14,11,"D6",9,0.101092255892256,0.880124758895227
14,11,"D6",10,0.0918720538720539,0.908794180733004
14,11,"D6",11,0.0852887852887853,0.928343078163499
14,11,"D6",12,0.0784252784252784,0.919526267840875
14,11,"D6",13,0.0720538720538721,0.918758256274769
14,11,"D6",14,0.065993265993266,0.91588785046729
14,11,"D7",1,1,NA
14,11,"D7",2,0.330059321209764,0.330059321209764
14,11,"D7",3,0.193231547213848,0.585444902769593
14,11,"D7",4,0.134371681415929,0.695392048314041
14,11,"D7",5,0.106044247787611,0.789185985247629
14,11,"D7",6,0.0842477876106195,0.794458816656931
14,11,"D7",7,0.0706106194690266,0.83813025210084
14,11,"D7",8,0.0605840707964602,0.858002255921795
14,11,"D7",9,0.0531238938053097,0.876862401402279
14,11,"D7",10,0.0477610619469027,0.899050474762619
14,11,"D7",11,0.0440532918409025,0.92236834871632
14,11,"D7",12,0.0407468637557133,0.924944812362031
14,11,"D7",13,0.0379266750948167,0.930787589498807
14,11,"D7",14,0.0353982300884956,0.933333333333333
14,12,"D0",1,1,NA
14,12,"D0",2,0.830800464603281,0.830800464603281
14,12,"D0",3,0.743340848974652,0.894728494560493
14,12,"D0",4,0.688906822315273,0.926771108120233
14,12,"D0",5,0.65282646026308,0.947626644295764
14,12,"D0",6,0.626360698726896,0.959459729120785
14,12,"D0",7,0.603566806242863,0.963608999526371
14,12,"D0",8,0.585864145835977,0.970669923819895
14,12,"D0",9,0.570957577295605,0.97455627102918
14,12,"D0",10,0.557549718732817,0.976516891804299
14,12,"D0",11,0.546156123620912,0.979564880531552
14,12,"D0",12,0.535692789213916,0.980841861961326
14,12,"D0",13,0.526202258596625,0.982283631946553
14,12,"D0",14,0.517531616123165,0.983522224901535
14,12,"D1",1,1,NA
14,12,"D1",2,0.686104834202844,0.686104834202844
14,12,"D1",3,0.542404709590306,0.790556606732705
14,12,"D1",4,0.459855241189477,0.847808348745384
14,12,"D1",5,0.407045530436352,0.885160141664308
14,12,"D1",6,0.370961147962637,0.911350500679782
14,12,"D1",7,0.341632597806958,0.920939024701765
14,12,"D1",8,0.320801588375976,0.939025111875439
14,12,"D1",9,0.302690221560399,0.943543400432449
14,12,"D1",10,0.288918279861017,0.95450153087739
14,12,"D1",11,0.279060928241922,0.965881869351302
14,12,"D1",12,0.269600441524091,0.966098848816165
14,12,"D1",13,0.261540544199269,0.970104287369641
14,12,"D1",14,0.254591399305086,0.973429951690821
14,12,"D3",1,1,NA
14,12,"D3",2,0.580322003577817,0.580322003577817
14,12,"D3",3,0.453173524150268,0.780900123304562
14,12,"D3",4,0.393812837209302,0.869011131989073
14,12,"D3",5,0.356917953488372,0.90631365909151
14,12,"D3",6,0.331785674418605,0.929585276324335
14,12,"D3",7,0.314464744186046,0.947794821874362
14,12,"D3",8,0.298664930232558,0.949756485438823
14,12,"D3",9,0.286930976744186,0.96071198088361
14,12,"D3",10,0.276564465116279,0.963871061446428
14,12,"D3",11,0.26734168157424,0.96665231906
14,12,"D3",12,0.2591771019678,0.969460132223442
14,12,"D3",13,0.251720930232558,0.971231363887355
14,12,"D3",14,0.244837209302326,0.972653362897265
14,12,"D5",1,1,NA
14,12,"D5",2,0.561905354144643,0.561905354144643
14,12,"D5",3,0.416889496921833,0.741921204072598
14,12,"D5",4,0.343488547561304,0.823931881463803
14,12,"D5",5,0.298278092158448,0.868378565387868
14,12,"D5",6,0.26859552681218,0.900486941124391
14,12,"D5",7,0.246261924009701,0.916850429091113
14,12,"D5",8,0.228825114524387,0.929194049971659
14,12,"D5",9,0.215681487469685,0.942560382491138
14,12,"D5",10,0.204537321476691,0.948330447254727
14,12,"D5",11,0.195800427004954,0.957284595257925
14,12,"D5",12,0.188504031672989,0.962735549438916
14,12,"D5",13,0.182430611694961,0.967780954475478
14,12,"D5",14,0.177310697925088,0.971935007385524
14,12,"D6",1,1,NA
14,12,"D6",2,0.445617682459788,0.445617682459788
14,12,"D6",3,0.285247291826239,0.64011663597299
14,12,"D6",4,0.214167140825036,0.750812179333493
14,12,"D6",5,0.17423826458037,0.813562080107864
14,12,"D6",6,0.146875533428165,0.842957967825814
14,12,"D6",7,0.128379800853485,0.874072065353717
14,12,"D6",8,0.115714082503556,0.901341813387109
14,12,"D6",9,0.103615931721195,0.895447896050254
14,12,"D6",10,0.0941415362731152,0.908562367864693
14,12,"D6",11,0.0856904475325528,0.910229967821591
14,12,"D6",12,0.0780719991246307,0.911093375897845
14,12,"D6",13,0.0711237553342816,0.911002102312544
14,12,"D6",14,0.0647226173541963,0.91
14,12,"D7",1,1,NA
14,12,"D7",2,0.330666666666667,0.330666666666667
14,12,"D7",3,0.191205128205128,0.578241315136476
14,12,"D7",4,0.132076,0.690755531715167
14,12,"D7",5,0.102256,0.774220903116388
14,12,"D7",6,0.080444,0.786692223439211
14,12,"D7",7,0.0674333333333333,0.838264299802761
14,12,"D7",8,0.0568306666666667,0.842768166089965
14,12,"D7",9,0.051884,0.912957792741008
14,12,"D7",10,0.0476,0.917431192660551
14,12,"D7",11,0.0441538461538462,0.927601809954751
14,12,"D7",12,0.0415384615384615,0.940766550522648
14,12,"D7",13,0.0393333333333333,0.946913580246914
14,12,"D7",14,0.0373333333333333,0.949152542372881
14,13,"D0",1,1,NA
14,13,"D0",2,0.830800464603281,0.830800464603281
14,13,"D0",3,0.743340848974652,0.894728494560493
14,13,"D0",4,0.688751089117286,0.926561603694099
14,13,"D0",5,0.652196421773887,0.94692615674808
14,13,"D0",6,0.625480184409762,0.959036516496886
14,13,"D0",7,0.603738527259654,0.965240054454124
14,13,"D0",8,0.58550234741784,0.969794573282267
14,13,"D0",9,0.570551960411115,0.97446570953531
14,13,"D0",10,0.55773387471979,0.977533885464018
14,13,"D0",11,0.546156123620912,0.979241441799291
14,13,"D0",12,0.535692789213916,0.980841861961326
14,13,"D0",13,0.526202258596625,0.982283631946553
14,13,"D0",14,0.517531616123165,0.983522224901535
14,13,"D1",1,1,NA
14,13,"D1",2,0.686104834202844,0.686104834202844
14,13,"D1",3,0.542404709590306,0.790556606732705
14,13,"D1",4,0.45948883173142,0.847132820949297
14,13,"D1",5,0.406698704932088,0.885111186271032
14,13,"D1",6,0.369415279093904,0.908326666925556
14,13,"D1",7,0.344330761247236,0.932096696411165
14,13,"D1",8,0.32055457786201,0.93094958086491
14,13,"D1",9,0.303752808988764,0.947585309854852
14,13,"D1",10,0.290196290781102,0.955369900107941
14,13,"D1",11,0.279060928241922,0.961628170679895
14,13,"D1",12,0.269600441524091,0.966098848816165
14,13,"D1",13,0.261540544199269,0.970104287369641
14,13,"D1",14,0.254591399305086,0.973429951690821
14,13,"D3",1,1,NA
14,13,"D3",2,0.583777467438082,0.583777467438082
14,13,"D3",3,0.458118391427024,0.784748327881658
14,13,"D3",4,0.397314190440904,0.867274045041682
14,13,"D3",5,0.362443868099296,0.912234893239247
14,13,"D3",6,0.338178584660986,0.933050920227839
14,13,"D3",7,0.318037050759541,0.940441131357752
14,13,"D3",8,0.303494998147462,0.954275602237698
14,13,"D3",9,0.291961467210078,0.961997624317418
14,13,"D3",10,0.282258984809189,0.966767935188146
14,13,"D3",11,0.27364123464531,0.969468641823026
14,13,"D3",12,0.266337959928179,0.973310766827236
14,13,"D3",13,0.259911078177103,0.975869448903157
14,13,"D3",14,0.254168210448314,0.977904490377762
14,13,"D5",1,1,NA
14,13,"D5",2,0.550171955944452,0.550171955944452
14,13,"D5",3,0.401288581254625,0.729387561322994
14,13,"D5",4,0.328362195812111,0.818269472770666
14,13,"D5",5,0.28328013582343,0.862706302480455
14,13,"D5",6,0.251560271646859,0.888026514515858
14,13,"D5",7,0.23096830786644,0.918143021369742
14,13,"D5",8,0.210974533106961,0.91343498619282
14,13,"D5",9,0.19818675721562,0.939387111311402
14,13,"D5",10,0.187423316355405,0.945690413368514
14,13,"D5",11,0.17782203648078,0.94877222289452
14,13,"D5",12,0.170214618431936,0.957218924046759
14,13,"D5",13,0.16383701188455,0.962531969309463
14,13,"D5",14,0.158460667798529,0.967184801381693
14,13,"D6",1,1,NA
14,13,"D6",2,0.45865609800036,0.45865609800036
14,13,"D6",3,0.297269475255424,0.648131522836943
14,13,"D6",4,0.225587822014052,0.758866418491906
14,13,"D6",5,0.189470725995316,0.839897846894919
14,13,"D6",6,0.163166276346604,0.861168792643133
14,13,"D6",7,0.147419203747073,0.903490641864738
14,13,"D6",8,0.135896955503513,0.921840249094491
14,13,"D6",9,0.127639344262295,0.939236230785138
14,13,"D6",10,0.120299765807963,0.942497523026678
14,13,"D6",11,0.115539027717014,0.960426040242268
14,13,"D6",12,0.1108165838845,0.959126851542488
14,13,"D6",13,0.106724657075945,0.963074779377613
14,13,"D6",14,0.103044496487119,0.96551724137931
14,13,"D7",1,1,NA
14,13,"D7",2,0.372079772079772,0.372079772079772
14,13,"D7",3,0.228964862298196,0.615364982133742
14,13,"D7",4,0.171785185185185,0.750268768145998
14,13,"D7",5,0.131781481481481,0.767129489888319
14,13,"D7",6,0.112025925925926,0.850088530395436
14,13,"D7",7,0.0978444444444445,0.873408933117334
14,13,"D7",8,0.0860740740740741,0.879703232644409
14,13,"D7",9,0.0773283950617284,0.898393574297189
14,13,"D7",10,0.070941975308642,0.917411712114439
14,13,"D7",11,0.0645536562203229,0.909950081590963
14,13,"D7",12,0.0597340930674264,0.925340198602427
14,13,"D7",13,0.0555555555555556,0.930047694753577
14,13,"D7",14,0.0518518518518519,0.933333333333333
14,14,"D0",1,1,NA
14,14,"D0",2,0.830800464603281,0.830800464603281
14,14,"D0",3,0.743340848974652,0.894728494560493
14,14,"D0",4,0.688202174004991,0.925823160336583
14,14,"D0",5,0.652187539652328,0.947668525742842
14,14,"D0",6,0.624418474812841,0.957421656883708
14,14,"D0",7,0.60409618068773,0.967454047333878
14,14,"D0",8,0.586408915958212,0.970721111480324
14,14,"D0",9,0.570762762762763,0.973318698318421
14,14,"D0",10,0.557775916761832,0.977246507922016
14,14,"D0",11,0.546156123620912,0.979167632033347
14,14,"D0",12,0.535692789213916,0.980841861961326
14,14,"D0",13,0.526202258596625,0.982283631946553
14,14,"D0",14,0.517531616123165,0.983522224901535
14,14,"D1",1,1,NA
14,14,"D1",2,0.686104834202844,0.686104834202844
14,14,"D1",3,0.542404709590306,0.790556606732705
14,14,"D1",4,0.462644375253824,0.852950512917325
14,14,"D1",5,0.403760480122738,0.872723201057442
14,14,"D1",6,0.368546004241686,0.912783747754739
14,14,"D1",7,0.341820224719101,0.927483192830769
14,14,"D1",8,0.321169893055368,0.939587156726307
14,14,"D1",9,0.303606876945986,0.945315496598077
14,14,"D1",10,0.290559541536934,0.957025560355231
14,14,"D1",11,0.279060928241922,0.960425965589739
14,14,"D1",12,0.269600441524091,0.966098848816165
14,14,"D1",13,0.261540544199269,0.970104287369641
14,14,"D1",14,0.254591399305086,0.973429951690821
14,14,"D3",1,1,NA
14,14,"D3",2,0.581834894008158,0.581834894008158
14,14,"D3",3,0.45628913655426,0.784224427330174
14,14,"D3",4,0.397274831964152,0.870664673203129
14,14,"D3",5,0.361961165048544,0.911110233837327
14,14,"D3",6,0.336954070201643,0.930912215835235
14,14,"D3",7,0.318126213592233,0.944123373852873
14,14,"D3",8,0.304502613890963,0.95717548847222
14,14,"D3",9,0.292149365197909,0.959431387024224
14,14,"D3",10,0.282545929798357,0.967128337270059
14,14,"D3",11,0.274429827081059,0.9712751030493
14,14,"D3",12,0.26742115240995,0.974460958760728
14,14,"D3",13,0.261389096340553,0.977443609022557
14,14,"D3",14,0.256161314413742,0.98
14,14,"D5",1,1,NA
14,14,"D5",2,0.552884615384615,0.552884615384615
14,14,"D5",3,0.405513686763687,0.733450842146494
14,14,"D5",4,0.331148085585586,0.816613831775701
14,14,"D5",5,0.287386261261261,0.867848173583918
14,14,"D5",6,0.258885698198198,0.900828373151932
14,14,"D5",7,0.235717905405405,0.910509568685961
14,14,"D5",8,0.21913231981982,0.929637990134604
14,14,"D5",9,0.205345157657658,0.937082936129647
14,14,"D5",10,0.193095157657658,0.940344344421198
14,14,"D5",11,0.183244542619543,0.948985696184161
14,14,"D5",12,0.174939362439362,0.954677066713939
14,14,"D5",13,0.167792792792793,0.959148304035653
14,14,"D5",14,0.161599099099099,0.963087248322148
14,14,"D6",1,1,NA
14,14,"D6",2,0.45333491855903,0.45333491855903
14,14,"D6",3,0.29604089882297,0.653029110936271
14,14,"D6",4,0.225714837712519,0.762444779116466
14,14,"D6",5,0.186771251931994,0.827465548232475
14,14,"D6",6,0.161957496136012,0.867143601923188
14,14,"D6",7,0.143305255023184,0.884832492735228
14,14,"D6",8,0.129386398763524,0.902872673738251
14,14,"D6",9,0.120146831530139,0.928589346935362
14,14,"D6",10,0.112751931993818,0.938451148131472
14,14,"D6",11,0.105843538223755,0.938729264785975
14,14,"D6",12,0.10040423255261,0.948609941027801
14,14,"D6",13,0.0958268933539413,0.95441089402013
14,14,"D6",14,0.0919629057187017,0.959677419354839
14,14,"D7",1,1,NA
14,14,"D7",2,0.33190486393829,0.33190486393829
14,14,"D7",3,0.200423184058282,0.603857327307941
14,14,"D7",4,0.145898328690808,0.727951356407858
14,14,"D7",5,0.116114206128134,0.795856999665887
14,14,"D7",6,0.0971615598885794,0.836775818639798
14,14,"D7",7,0.0831323119777159,0.855609070840859
14,14,"D7",8,0.0730027855153203,0.878151753254368
14,14,"D7",9,0.0644818941504178,0.883279914529915
14,14,"D7",10,0.0580376044568245,0.900060477774418
14,14,"D7",11,0.0514784658238697,0.886984676670549
14,14,"D7",12,0.0466038140132848,0.905306971904266
14,14,"D7",13,0.0424791086350975,0.911494252873563
14,14,"D7",14,0.0389972144846797,0.918032786885246
14,15,"D0",1,1,NA
14,15,"D0",2,0.830800464603281,0.830800464603281
14,15,"D0",3,0.743340848974652,0.894728494560493
14,15,"D0",4,0.691666793554118,0.930484036371992
14,15,"D0",5,0.652782641796726,0.943781959579719
14,15,"D0",6,0.625081673222518,0.957564789869468
14,15,"D0",7,0.603839783445417,0.966017417103926
14,15,"D0",8,0.586077316753373,0.970584139735388
14,15,"D0",9,0.570842109715349,0.974004782982524
14,15,"D0",10,0.557749270397158,0.977063991784488
14,15,"D0",11,0.546156123620912,0.979214411579615
14,15,"D0",12,0.535692789213916,0.980841861961326
14,15,"D0",13,0.526202258596625,0.982283631946553
14,15,"D0",14,0.517531616123165,0.983522224901535
14,15,"D1",1,1,NA
14,15,"D1",2,0.686104834202844,0.686104834202844
14,15,"D1",3,0.542404709590306,0.790556606732705
14,15,"D1",4,0.460987320066784,0.849895496694675
14,15,"D1",5,0.404662605478092,0.877817215058037
14,15,"D1",6,0.365895221334777,0.90419825400592
14,15,"D1",7,0.340789224312982,0.931384736509515
14,15,"D1",8,0.321554622986327,0.943558657509107
14,15,"D1",9,0.304076891837011,0.945646151851284
14,15,"D1",10,0.29084887866071,0.956497801932969
14,15,"D1",11,0.279060928241922,0.959470531662116
14,15,"D1",12,0.269600441524091,0.966098848816165
14,15,"D1",13,0.261540544199269,0.970104287369641
14,15,"D1",14,0.254591399305086,0.973429951690821
14,15,"D3",1,1,NA
14,15,"D3",2,0.59005016722408,0.59005016722408
14,15,"D3",3,0.463057413600892,0.784776345000236
14,15,"D3",4,0.40291847826087,0.870126395618285
14,15,"D3",5,0.366482971014493,0.909571019419004
14,15,"D3",6,0.341884057971015,0.932878428224417
14,15,"D3",7,0.324140579710145,0.948100890207715
14,15,"D3",8,0.310242028985507,0.957121842821821
14,15,"D3",9,0.299909420289855,0.966695006703509
14,15,"D3",10,0.291098550724638,0.97062156448203
14,15,"D3",11,0.2833751393534,0.973468052822622
14,15,"D3",12,0.276839464882943,0.976936316695353
14,15,"D3",13,0.271195652173913,0.979613409845968
14,15,"D3",14,0.266304347826087,0.981963927855711
14,15,"D5",1,1,NA
14,15,"D5",2,0.550057982218786,0.550057982218786
14,15,"D5",3,0.404715887127947,0.735769501054111
14,15,"D5",4,0.331509212730318,0.819115886660299
14,15,"D5",5,0.286554438860972,0.864393591058607
14,15,"D5",6,0.259773869346734,0.906542820901019
14,15,"D5",7,0.236209938581798,0.909290604077334
14,15,"D5",8,0.217918481295366,0.922562710966973
14,15,"D5",9,0.203261864879955,0.932742664466604
14,15,"D5",10,0.191384142936907,0.941564434872899
14,15,"D5",11,0.18126959584246,0.947150547902074
14,15,"D5",12,0.173044710733153,0.954626229119773
14,15,"D5",13,0.166108319374651,0.959915611814346
14,15,"D5",14,0.160245672808487,0.964705882352941
14,15,"D6",1,1,NA
14,15,"D6",2,0.454588859416446,0.454588859416446
14,15,"D6",3,0.296140583554377,0.651447076671724
14,15,"D6",4,0.227731724137931,0.768998701240539
14,15,"D6",5,0.188266206896552,0.826701714964068
14,15,"D6",6,0.165953103448276,0.881481101594954
14,15,"D6",7,0.151190344827586,0.91104258785199
14,15,"D6",8,0.140936551724138,0.932179577239926
14,15,"D6",9,0.132806896551724,0.942316914434473
14,15,"D6",10,0.126724137931034,0.954198473282443
14,15,"D6",11,0.121750663129973,0.960753532182104
14,15,"D6",12,0.117665782493369,0.966448801742919
14,15,"D6",13,0.114137931034483,0.970018034265104
14,15,"D6",14,0.111034482758621,0.972809667673716
14,15,"D7",1,1,NA
14,15,"D7",2,0.314850287327352,0.314850287327352
14,15,"D7",3,0.172749269079544,0.548671149535703
14,15,"D7",4,0.116119266055046,0.672183834257368
14,15,"D7",5,0.0866146788990826,0.74591135340128
14,15,"D7",6,0.0707981651376147,0.817392225399852
14,15,"D7",7,0.0596697247706422,0.842814565245562
14,15,"D7",8,0.0549174311926606,0.920356703567036
14,15,"D7",9,0.0515871559633028,0.939358503174073
14,15,"D7",10,0.0498256880733945,0.965854526053708
14,15,"D7",11,0.0482155459219679,0.967684497421194
14,15,"D7",12,0.0472829922371207,0.980658651332985
14,15,"D7",13,0.0465268676277851,0.984008528784648
14,15,"D7",14,0.0458715596330275,0.985915492957746
14,16,"D0",1,1,NA
14,16,"D0",2,0.830800464603281,0.830800464603281
14,16,"D0",3,0.743340848974652,0.894728494560493
14,16,"D0",4,0.690321448208772,0.928674173040519
14,16,"D0",5,0.653756122319503,0.947031450371203
14,16,"D0",6,0.625917184790424,0.95741693793963
14,16,"D0",7,0.603395085226071,0.964017444940589
14,16,"D0",8,0.585673476293195,0.970630173551651
14,16,"D0",9,0.570928562365182,0.974824002580183
14,16,"D0",10,0.558057776085945,0.977456398002025
14,16,"D0",11,0.546156123620912,0.97867308193695
14,16,"D0",12,0.535692789213916,0.980841861961326
14,16,"D0",13,0.526202258596625,0.982283631946553
14,16,"D0",14,0.517531616123165,0.983522224901535
14,16,"D1",1,1,NA
14,16,"D1",2,0.686104834202844,0.686104834202844
14,16,"D1",3,0.542404709590306,0.790556606732705
14,16,"D1",4,0.458472361355535,0.845258813666703
14,16,"D1",5,0.408099273498488,0.890128408813758
14,16,"D1",6,0.369702720996345,0.905913695525641
14,16,"D1",7,0.341174585984387,0.922834933605371
14,16,"D1",8,0.320449708948152,0.939254335206599
14,16,"D1",9,0.304376336807906,0.949841202249783
14,16,"D1",10,0.290237985650467,0.953549768994159
14,16,"D1",11,0.279060928241922,0.96149002556128
14,16,"D1",12,0.269600441524091,0.966098848816165
14,16,"D1",13,0.261540544199269,0.970104287369641
14,16,"D1",14,0.254591399305086,0.973429951690821
14,16,"D3",1,1,NA
14,16,"D3",2,0.584685888867672,0.584685888867672
14,16,"D3",3,0.460326669702266,0.787305933778827
14,16,"D3",4,0.402992552988352,0.875449065875333
14,16,"D3",5,0.366218827573038,0.908748374771141
14,16,"D3",6,0.343356883712049,0.937572996963326
14,16,"D3",7,0.325574183692954,0.948209280597945
14,16,"D3",8,0.311197250334161,0.955841297993234
14,16,"D3",9,0.301346190567119,0.968344643930934
14,16,"D3",10,0.292567118579339,0.970867154579729
14,16,"D3",11,0.284514034752721,0.972474405648445
14,16,"D3",12,0.277963014644321,0.9769747031492
14,16,"D3",13,0.272293297689517,0.979602621010357
14,16,"D3",14,0.26732862325759,0.981767180925666
14,16,"D5",1,1,NA
14,16,"D5",2,0.550635814050448,0.550635814050448
14,16,"D5",3,0.400750469043152,0.727795865828727
14,16,"D5",4,0.32229593495935,0.804230961298377
14,16,"D5",5,0.280106233062331,0.869096388378773
14,16,"D5",6,0.247155013550136,0.882361705585957
14,16,"D5",7,0.226287804878049,0.915570360591314
14,16,"D5",8,0.20609593495935,0.910769076002213
14,16,"D5",9,0.192854742547425,0.935752287329026
14,16,"D5",10,0.181423306233062,0.940725148039582
14,16,"D5",11,0.170585782780905,0.940263885180026
14,16,"D5",12,0.161934542422347,0.949285103262862
14,16,"D5",13,0.154471544715447,0.953913491246138
14,16,"D5",14,0.147967479674797,0.957894736842105
14,16,"D6",1,1,NA
14,16,"D6",2,0.465820777160983,0.465820777160983
14,16,"D6",3,0.312397568067671,0.67063897400976
14,16,"D6",4,0.244239862542955,0.781823828058893
14,16,"D6",5,0.203567697594502,0.833474501152323
14,16,"D6",6,0.176578006872852,0.867416633186018
14,16,"D6",7,0.159648109965636,0.904122278832793
14,16,"D6",8,0.144945704467354,0.907907425265188
14,16,"D6",9,0.134780068728522,0.929865905469995
14,16,"D6",10,0.12753470790378,0.94624308406211
14,16,"D6",11,0.121675918583135,0.954061216613557
14,16,"D6",12,0.116997092254824,0.96154681729307
14,16,"D6",13,0.11340206185567,0.9692724807953
14,16,"D6",14,0.110652920962199,0.975757575757576
14,16,"D7",1,1,NA
14,16,"D7",2,0.389212758898526,0.389212758898526
14,16,"D7",3,0.246172804398313,0.632489040428641
14,16,"D7",4,0.184130622304375,0.747973045822102
14,16,"D7",5,0.141889094269871,0.770589337580811
14,16,"D7",6,0.117762168823167,0.82995926804061
14,16,"D7",7,0.0973099199014171,0.826325813067682
14,16,"D7",8,0.0845520640788663,0.868894601542416
14,16,"D7",9,0.0711300061614294,0.841256886349725
14,16,"D7",10,0.0620123228589033,0.871816638370119
14,16,"D7",11,0.0535333428124556,0.863269433306991
14,16,"D7",12,0.0463529077207451,0.865869853917663
14,16,"D7",13,0.0400492914356131,0.8640081799591
14,16,"D7",14,0.0345040049291436,0.861538461538461
14,17,"D0",1,1,NA
14,17,"D0",2,0.830800464603281,0.830800464603281
14,17,"D0",3,0.743340848974652,0.894728494560493
14,17,"D0",4,0.690337436027577,0.928695681099476
14,17,"D0",5,0.652388275599543,0.945028100103617
14,17,"D0",6,0.626021401683374,0.959584077607865
14,17,"D0",7,0.603376728841518,0.963827637871542
14,17,"D0",8,0.586256143467411,0.971625380039137
14,17,"D0",9,0.571269635833016,0.97443692863369
14,17,"D0",10,0.557946453495749,0.976677944176327
14,17,"D0",11,0.546156123620912,0.978868348743923
14,17,"D0",12,0.535692789213916,0.980841861961326
14,17,"D0",13,0.526202258596625,0.982283631946553
14,17,"D0",14,0.517531616123165,0.983522224901535
14,17,"D1",1,1,NA
14,17,"D1",2,0.686104834202844,0.686104834202844
14,17,"D1",3,0.542404709590306,0.790556606732705
14,17,"D1",4,0.459501466540319,0.847156115011231
14,17,"D1",5,0.406790939037047,0.885287575031828
14,17,"D1",6,0.370676864762421,0.911222028789246
14,17,"D1",7,0.344062271558143,0.9282000153386
14,17,"D1",8,0.321714453318894,0.93504716998454
14,17,"D1",9,0.304025720860972,0.945017290098596
14,17,"D1",10,0.291118631830694,0.957546062241949
14,17,"D1",11,0.279060928241922,0.958581477547668
14,17,"D1",12,0.269600441524091,0.966098848816165
14,17,"D1",13,0.261540544199269,0.970104287369641
14,17,"D1",14,0.254591399305086,0.973429951690821
14,17,"D3",1,1,NA
14,17,"D3",2,0.585771437520466,0.585771437520466
14,17,"D3",3,0.459630689502983,0.784658759478903
14,17,"D3",4,0.399623172311679,0.869444058976583
14,17,"D3",5,0.363919674255043,0.910657087650591
14,17,"D3",6,0.339086063298168,0.931760735366366
14,17,"D3",7,0.321670923560985,0.948640945110536
14,17,"D3",8,0.30819951878586,0.95812053938232
14,17,"D3",9,0.297091245604294,0.963957525873738
14,17,"D3",10,0.287877105311864,0.968985487022049
14,17,"D3",11,0.27994419054941,0.972443398185972
14,17,"D3",12,0.273096143168325,0.975537812134466
14,17,"D3",13,0.267073847862299,0.977948076321552
14,17,"D3",14,0.261706459374422,0.97990297990298
14,17,"D5",1,1,NA
14,17,"D5",2,0.562172143186873,0.562172143186873
14,17,"D5",3,0.417757774140753,0.743113616004778
14,17,"D5",4,0.346585924713584,0.829633692458374
14,17,"D5",5,0.304108565193672,0.877440609987218
14,17,"D5",6,0.272041462084015,0.894553765398767
14,17,"D5",7,0.249693398799782,0.917850525015442
14,17,"D5",8,0.233382978723404,0.934678208736082
14,17,"D5",9,0.219512820512821,0.940569109682064
14,17,"D5",10,0.206963993453355,0.942833284041683
14,17,"D5",11,0.196976373326619,0.951742233225765
14,17,"D5",12,0.187796382559067,0.953395472703062
14,17,"D5",13,0.17948717948718,0.955754189944134
14,17,"D5",14,0.171849427168576,0.957446808510638
14,17,"D6",1,1,NA
14,17,"D6",2,0.447115384615385,0.447115384615385
14,17,"D6",3,0.288474746407439,0.645190830674702
14,17,"D6",4,0.218711538461538,0.758165285472277
14,17,"D6",5,0.178384615384615,0.815615932471643
14,17,"D6",6,0.152427884615385,0.854490081931867
14,17,"D6",7,0.134355769230769,0.881438258949692
14,17,"D6",8,0.121961538461538,0.907750661990983
14,17,"D6",9,0.111302884615385,0.912606433301798
14,17,"D6",10,0.104600961538462,0.939786618288627
14,17,"D6",11,0.0977387996618766,0.934396761027271
14,17,"D6",12,0.091821639898563,0.939459459459459
14,17,"D6",13,0.0865384615384615,0.942462600690449
14,17,"D6",14,0.0817307692307692,0.944444444444445
14,17,"D7",1,1,NA
14,17,"D7",2,0.364146583030703,0.364146583030703
14,17,"D7",3,0.217205898536371,0.596479298881837
14,17,"D7",4,0.154881258941345,0.713061937935402
14,17,"D7",5,0.117628040057225,0.759472391051338
14,17,"D7",6,0.0968383404864092,0.823258981781032
14,17,"D7",7,0.0802346208869814,0.828541882109617
14,17,"D7",8,0.0728941344778255,0.908512231652521
14,17,"D7",9,0.065032904148784,0.892155515867564
14,17,"D7",10,0.0597753934191702,0.919156144133046
14,17,"D7",11,0.0562066688676131,0.940297765561629
14,17,"D7",12,0.0534829976890063,0.951541850220264
14,17,"D7",13,0.0515021459227468,0.962962962962963
14,17,"D7",14,0.050071530758226,0.972222222222222
14,18,"D0",1,1,NA
14,18,"D0",2,0.830800464603281,0.830800464603281
14,18,"D0",3,0.743340848974652,0.894728494560493
14,18,"D0",4,0.689820496552891,0.928000253859874
14,18,"D0",5,0.653884617011378,0.947905462767359
14,18,"D0",6,0.625530516431925,0.956637455841908
14,18,"D0",7,0.60272004398765,0.963534197221284
14,18,"D0",8,0.586089751723555,0.972407932289646
14,18,"D0",9,0.571199763143425,0.974594354300956
14,18,"D0",10,0.55780611597513,0.976551728427569
14,18,"D0",11,0.546156123620912,0.979114620617144
14,18,"D0",12,0.535692789213916,0.980841861961326
14,18,"D0",13,0.526202258596625,0.982283631946553
14,18,"D0",14,0.517531616123165,0.983522224901535
14,18,"D1",1,1,NA
14,18,"D1",2,0.686104834202844,0.686104834202844
14,18,"D1",3,0.542404709590306,0.790556606732705
14,18,"D1",4,0.460843914985786,0.849631109091724
14,18,"D1",5,0.408707639546952,0.886867822827948
14,18,"D1",6,0.371126663959208,0.908049246083576
14,18,"D1",7,0.342821533324308,0.923731886216588
14,18,"D1",8,0.320613961463833,0.935221187405789
14,18,"D1",9,0.303229096159921,0.945776331060139
14,18,"D1",10,0.289441360949416,0.95453030271464
14,18,"D1",11,0.279060928241922,0.964136318757471
14,18,"D1",12,0.269600441524091,0.966098848816165
14,18,"D1",13,0.261540544199269,0.970104287369641
14,18,"D1",14,0.254591399305086,0.973429951690821
14,18,"D3",1,1,NA
14,18,"D3",2,0.586149853113146,0.586149853113146
14,18,"D3",3,0.459734462793417,0.784329229721181
14,18,"D3",4,0.400432703003337,0.871008670027142
14,18,"D3",5,0.362601038190582,0.905523039129899
14,18,"D3",6,0.338434556915091,0.933352421173186
14,18,"D3",7,0.319778272154245,0.944874764176266
14,18,"D3",8,0.306497219132369,0.95846793175657
14,18,"D3",9,0.293649610678532,0.958082463226888
14,18,"D3",10,0.284362995921394,0.968375184507553
14,18,"D3",11,0.276104503579476,0.970957921880239
14,18,"D3",12,0.268845726020364,0.973710035638655
14,18,"D3",13,0.262513904338154,0.97644812221515
14,18,"D3",14,0.256952169076752,0.978813559322034
14,18,"D5",1,1,NA
14,18,"D5",2,0.55765995081755,0.55765995081755
14,18,"D5",3,0.414793563139048,0.743810923719635
14,18,"D5",4,0.343133482893999,0.82723917000364
14,18,"D5",5,0.298821088053842,0.870859601148728
14,18,"D5",6,0.265407178911946,0.888180886564889
14,18,"D5",7,0.242997756590017,0.915565877253968
14,18,"D5",8,0.222570947840718,0.915938282575329
14,18,"D5",9,0.205697139652271,0.924186834121216
14,18,"D5",10,0.194331463825014,0.94474558155514
14,18,"D5",11,0.180950429267872,0.931143242099019
14,18,"D5",12,0.17045601622158,0.942003933957203
14,18,"D5",13,0.161245092540662,0.94596304732979
14,18,"D5",14,0.153112731351655,0.949565217391304
14,18,"D6",1,1,NA
14,18,"D6",2,0.451090853221346,0.451090853221346
14,18,"D6",3,0.29897316398648,0.662778156221617
14,18,"D6",4,0.232356191744341,0.777180763136482
14,18,"D6",5,0.192080559254328,0.826664259782979
14,18,"D6",6,0.168032623169108,0.874802863035303
14,18,"D6",7,0.148966711051931,0.886534461239772
14,18,"D6",8,0.136252996005326,0.914653985733951
14,18,"D6",9,0.124555259653795,0.914146942126146
14,18,"D6",10,0.117243009320905,0.941293122801766
14,18,"D6",11,0.109341390965892,0.932604780440373
14,18,"D6",12,0.103195739014647,0.943793911007026
14,18,"D6",13,0.0978695073235686,0.948387096774194
14,18,"D6",14,0.0932090545938748,0.952380952380952
14,18,"D7",1,1,NA
14,18,"D7",2,0.350492414160234,0.350492414160234
14,18,"D7",3,0.211338834176204,0.602976913730255
14,18,"D7",4,0.150415224913495,0.711725440806045
14,18,"D7",5,0.117939100346021,0.784090177133655
14,18,"D7",6,0.0980484429065744,0.831348065390619
14,18,"D7",7,0.0827114186851211,0.843577075098814
14,18,"D7",8,0.0734297577854671,0.887782593416891
14,18,"D7",9,0.0653494809688581,0.889959097506267
14,18,"D7",10,0.0596332179930796,0.912527798369162
14,18,"D7",11,0.0552568538727708,0.926611974540488
14,18,"D7",12,0.0520628160766569,0.942196531791908
14,18,"D7",13,0.0498269896193772,0.957055214723926
14,18,"D7",14,0.0484429065743945,0.972222222222222
14,19,"D0",1,1,NA
14,19,"D0",2,0.830800464603281,0.830800464603281
14,19,"D0",3,0.743340848974652,0.894728494560493
14,19,"D0",4,0.688579960241932,0.926331387803784
14,19,"D0",5,0.653230892864696,0.948663816233025
14,19,"D0",6,0.624809880302838,0.956491628194099
14,19,"D0",7,0.603794188554752,0.966364661618507
14,19,"D0",8,0.586461616546124,0.971293907200207
14,19,"D0",9,0.570702956477604,0.973129255821843
14,19,"D0",10,0.557691832677748,0.977201583324255
14,19,"D0",11,0.546156123620912,0.97931526269365
14,19,"D0",12,0.535692789213916,0.980841861961326
14,19,"D0",13,0.526202258596625,0.982283631946553
14,19,"D0",14,0.517531616123165,0.983522224901535
14,19,"D1",1,1,NA
14,19,"D1",2,0.686104834202844,0.686104834202844
14,19,"D1",3,0.542404709590306,0.790556606732705
14,19,"D1",4,0.461149045620685,0.850193660687431
14,19,"D1",5,0.409187762285095,0.887322149250787
14,19,"D1",6,0.367978069581698,0.899289039160742
14,19,"D1",7,0.342360362799513,0.930382517601372
14,19,"D1",8,0.323039844772348,0.943566720547965
14,19,"D1",9,0.305136320563151,0.944577969253875
14,19,"D1",10,0.290196922521547,0.951040249767603
14,19,"D1",11,0.279060928241922,0.96162607727586
14,19,"D1",12,0.269600441524091,0.966098848816165
14,19,"D1",13,0.261540544199269,0.970104287369641
14,19,"D1",14,0.254591399305086,0.973429951690821
14,19,"D3",1,1,NA
14,19,"D3",2,0.590755999278282,0.590755999278282
14,19,"D3",3,0.46677091477717,0.7901247136676
14,19,"D3",4,0.407879984362783,0.873833333333333
14,19,"D3",5,0.372138389366693,0.912372275261488
14,19,"D3",6,0.349761923377639,0.939870578719023
14,19,"D3",7,0.331999218139171,0.949214868597091
14,19,"D3",8,0.319102032838155,0.961152964837375
14,19,"D3",9,0.307783815480844,0.964531039628159
14,19,"D3",10,0.297207193119625,0.965636197131756
14,19,"D3",11,0.289686954952788,0.974696984659418
14,19,"D3",12,0.282612618030914,0.975579373523992
14,19,"D3",13,0.276387802971071,0.977974037029155
14,19,"D3",14,0.270914777169664,0.98019801980198
14,19,"D5",1,1,NA
14,19,"D5",2,0.554316239316239,0.554316239316239
14,19,"D5",3,0.405555555555556,0.731632102382237
14,19,"D5",4,0.330913333333333,0.815950684931507
14,19,"D5",5,0.285961666666667,0.864158792835989
14,19,"D5",6,0.256530555555556,0.897080222485143
14,19,"D5",7,0.230214444444444,0.897415295990298
14,19,"D5",8,0.213383333333333,0.92688942193993
14,19,"D5",9,0.200713333333333,0.940623291416074
14,19,"D5",10,0.189023333333333,0.941757730760288
14,19,"D5",11,0.179903846153846,0.951754701291795
14,19,"D5",12,0.172008547008547,0.956113783478829
14,19,"D5",13,0.165277777777778,0.960869565217391
14,19,"D5",14,0.159444444444444,0.964705882352941
14,19,"D6",1,1,NA
14,19,"D6",2,0.437129910205443,0.437129910205443
14,19,"D6",3,0.277529120680548,0.634889341134571
14,19,"D6",4,0.207237441272136,0.746723229490133
14,19,"D6",5,0.170676544994579,0.823579677238214
14,19,"D6",6,0.142737260571016,0.836302730264133
14,19,"D6",7,0.128858691723889,0.902768423664528
14,19,"D6",8,0.112374412721359,0.872074760483744
14,19,"D6",9,0.102062883989881,0.908239531742458
14,19,"D6",10,0.0923686302855078,0.905016855046599
14,19,"D6",11,0.0851102276834116,0.9214191811694
14,19,"D6",12,0.0779516833004365,0.91589090315205
14,19,"D6",13,0.0715576436573907,0.917974322396576
14,19,"D6",14,0.0657752078062884,0.919191919191919
14,19,"D7",1,1,NA
14,19,"D7",2,0.326688102893891,0.326688102893891
14,19,"D7",3,0.188523373732377,0.577074500302847
14,19,"D7",4,0.13228424437299,0.701686171608502
14,19,"D7",5,0.101529260450161,0.767508337303478
14,19,"D7",6,0.0852244372990354,0.839407643876917
14,19,"D7",7,0.0731331189710611,0.858123811536024
14,19,"D7",8,0.0661826366559485,0.904961221223686
14,19,"D7",9,0.060735691318328,0.917698272343899
14,19,"D7",10,0.0571614147909968,0.941150311295582
14,19,"D7",11,0.0534009398961167,0.934213054231955
14,19,"D7",12,0.0503586445708632,0.943029180176007
14,19,"D7",13,0.047588424437299,0.944990176817289
14,19,"D7",14,0.045016077170418,0.945945945945946
14,20,"D0",1,1,NA
14,20,"D0",2,0.830800464603281,0.830800464603281
14,20,"D0",3,0.743340848974652,0.894728494560493
14,20,"D0",4,0.69009465803832,0.928369077241244
14,20,"D0",5,0.653505054350125,0.946978862592263
14,20,"D0",6,0.625357018990822,0.956927593486948
14,20,"D0",7,0.604103286384977,0.966013441985278
14,20,"D0",8,0.586035274711331,0.97009118791297
14,20,"D0",9,0.570649663748255,0.973746271552247
14,20,"D0",10,0.557747493972846,0.977390383986801
14,20,"D0",11,0.546156123620912,0.979217530374959
14,20,"D0",12,0.535692789213916,0.980841861961326
14,20,"D0",13,0.526202258596625,0.982283631946553
14,20,"D0",14,0.517531616123165,0.983522224901535
14,20,"D1",1,1,NA
14,20,"D1",2,0.686104834202844,0.686104834202844
14,20,"D1",3,0.542404709590306,0.790556606732705
14,20,"D1",4,0.46561418708542,0.858425782174923
14,20,"D1",5,0.406478859257254,0.872995004301023
14,20,"D1",6,0.369441180452146,0.908881660234961
14,20,"D1",7,0.343807048418393,0.930613766439409
14,20,"D1",8,0.321677812373088,0.935634722594823
14,20,"D1",9,0.304011822571184,0.945081727360745
14,20,"D1",10,0.291185596317856,0.957810107038437
14,20,"D1",11,0.279060928241922,0.95836103080216
14,20,"D1",12,0.269600441524091,0.966098848816165
14,20,"D1",13,0.261540544199269,0.970104287369641
14,20,"D1",14,0.254591399305086,0.973429951690821
14,20,"D3",1,1,NA
14,20,"D3",2,0.58476596812649,0.58476596812649
14,20,"D3",3,0.458338561927469,0.783798283261803
14,20,"D3",4,0.39731629508791,0.866862027530611
14,20,"D3",5,0.361584194308501,0.910066359670693
14,20,"D3",6,0.33757839405474,0.933609376096568
14,20,"D3",7,0.318581837955411,0.943726978876945
14,20,"D3",8,0.303660685154976,0.953163831007455
14,20,"D3",9,0.292518035164038,0.963305588982484
14,20,"D3",10,0.282722856624977,0.966514274808498
14,20,"D3",11,0.273999247082444,0.969144307444147
14,20,"D3",12,0.266588586327575,0.972953718545658
14,20,"D3",13,0.259923871669386,0.975
14,20,"D3",14,0.253761102048215,0.97629009762901
14,20,"D5",1,1,NA
14,20,"D5",2,0.569699336196798,0.569699336196798
14,20,"D5",3,0.427361273807974,0.750152311324347
14,20,"D5",4,0.355408911449521,0.831635745285653
14,20,"D5",5,0.310345177664975,0.873205954232393
14,20,"D5",6,0.28092385786802,0.905198076482711
14,20,"D5",7,0.255498025944726,0.909492087584676
14,20,"D5",8,0.238639593908629,0.934017368730105
14,20,"D5",9,0.222590524534687,0.932747667262259
14,20,"D5",10,0.208389170896785,0.936199648805406
14,20,"D5",11,0.196158184736865,0.94130699734883
14,20,"D5",12,0.185170723241789,0.943986729333702
14,20,"D5",13,0.175126903553299,0.945759137769447
14,20,"D5",14,0.165820642978003,0.946859903381643
14,20,"D6",1,1,NA
14,20,"D6",2,0.421501804227046,0.421501804227046
14,20,"D6",3,0.266323958989633,0.631845359423835
14,20,"D6",4,0.203020848845867,0.762307866014302
14,20,"D6",5,0.165237527922561,0.813894380118611
14,20,"D6",6,0.141448994787789,0.856034319601287
14,20,"D6",7,0.124822040208488,0.882452649421475
14,20,"D6",8,0.109810871183917,0.879739435443461
14,20,"D6",9,0.100298585256888,0.91337573571293
14,20,"D6",10,0.0897959791511541,0.895286597723848
14,20,"D6",11,0.0835672146171029,0.930634260097924
14,20,"D6",12,0.0774385703648548,0.926662097326936
14,20,"D6",13,0.0722263588979896,0.932692307692308
14,20,"D6",14,0.0677587490692479,0.938144329896907
14,20,"D7",1,1,NA
14,20,"D7",2,0.364411749027134,0.364411749027134
14,20,"D7",3,0.216749293672371,0.594792276184903
14,20,"D7",4,0.154155232155232,0.711214461387113
14,20,"D7",5,0.116036036036036,0.752722008937
14,20,"D7",6,0.0932751212751213,0.803846153846154
14,20,"D7",7,0.0762189882189882,0.81714166840025
14,20,"D7",8,0.0648385308385308,0.850687372708758
14,20,"D7",9,0.0557768537768538,0.860242406105043
14,20,"D7",10,0.0498974358974359,0.894590363541486
14,20,"D7",11,0.0454181992643531,0.910231126058464
14,20,"D7",12,0.0423263500186577,0.931924882629108
14,20,"D7",13,0.0401940401940402,0.949622166246851
14,20,"D7",14,0.0388080388080388,0.96551724137931
14,21,"D0",1,1,NA
14,21,"D0",2,0.830800464603281,0.830800464603281
14,21,"D0",3,0.743340848974652,0.894728494560493
14,21,"D0",4,0.691046229327919,0.929649205046559
14,21,"D0",5,0.654928562365182,0.947734803505311
14,21,"D0",6,0.625650129002242,0.95529522600571
14,21,"D0",7,0.603714841602166,0.964940009786208
14,21,"D0",8,0.585992048386415,0.970643767562982
14,21,"D0",9,0.570898363151884,0.974242508450256
14,21,"D0",10,0.557471556063105,0.976481265396085
14,21,"D0",11,0.546156123620912,0.979702224590429
14,21,"D0",12,0.535692789213916,0.980841861961326
14,21,"D0",13,0.526202258596625,0.982283631946553
14,21,"D0",14,0.517531616123165,0.983522224901535
14,21,"D1",1,1,NA
14,21,"D1",2,0.686104834202844,0.686104834202844
14,21,"D1",3,0.542404709590306,0.790556606732705
14,21,"D1",4,0.455740083931231,0.840221472773465
14,21,"D1",5,0.404837597581337,0.888308077027574
14,21,"D1",6,0.368918099363747,0.911274302505036
14,21,"D1",7,0.342014800776138,0.927075145854846
14,21,"D1",8,0.32204611705248,0.941614562649501
14,21,"D1",9,0.302626415775461,0.9396990050532
14,21,"D1",10,0.289323225486215,0.956040882104894
14,21,"D1",11,0.279060928241922,0.964529991579326
14,21,"D1",12,0.269600441524091,0.966098848816165
14,21,"D1",13,0.261540544199269,0.970104287369641
14,21,"D1",14,0.254591399305086,0.973429951690821
14,21,"D3",1,1,NA
14,21,"D3",2,0.588409452272603,0.588409452272603
14,21,"D3",3,0.459605789791107,0.781098583674991
14,21,"D3",4,0.398269066286529,0.866544928573559
14,21,"D3",5,0.362009265858874,0.90895652337315
14,21,"D3",6,0.337229864575909,0.931550367297435
14,21,"D3",7,0.3192982893799,0.946826846968139
14,21,"D3",8,0.305158588738418,0.9557163282367
14,21,"D3",9,0.293750534568781,0.962615982015124
14,21,"D3",10,0.284340698503207,0.967966573816156
14,21,"D3",11,0.276413180547179,0.972119650835215
14,21,"D3",12,0.26925818301442,0.974114846771794
14,21,"D3",13,0.262829650748396,0.976125025453065
14,21,"D3",14,0.256949394155381,0.977627118644068
14,21,"D5",1,1,NA
14,21,"D5",2,0.553260961750488,0.553260961750488
14,21,"D5",3,0.405298532779238,0.732563041312179
14,21,"D5",4,0.331153252480706,0.817060082132301
14,21,"D5",5,0.28337651598677,0.855726204903514
14,21,"D5",6,0.252721609702315,0.891822700347246
14,21,"D5",7,0.227700661521499,0.900994029714007
14,21,"D5",8,0.208448732083793,0.915450709237887
14,21,"D5",9,0.194082138919515,0.931078529379096
14,21,"D5",10,0.179769570011025,0.926255094939855
14,21,"D5",11,0.168709184971588,0.938474653753922
14,21,"D5",12,0.158807565092019,0.941309538770894
14,21,"D5",13,0.150220507166483,0.945927903871829
14,21,"D5",14,0.142778390297685,0.95045871559633
14,21,"D6",1,1,NA
14,21,"D6",2,0.450930166369117,0.450930166369117
14,21,"D6",3,0.295259903231649,0.654779664907046
14,21,"D6",4,0.226594685502859,0.767441440651974
14,21,"D6",5,0.187321224352506,0.826679689935369
14,21,"D6",6,0.162452741338715,0.867241509339098
14,21,"D6",7,0.143870837537841,0.885616557481593
14,21,"D6",8,0.132489068281197,0.920888976171773
14,21,"D6",9,0.122425832492432,0.924044784076773
14,21,"D6",10,0.115164480322906,0.94068774521117
14,21,"D6",11,0.108191673781987,0.93945349710806
14,21,"D6",12,0.102822841470672,0.950376659093627
14,21,"D6",13,0.098217288933737,0.955208857574232
14,21,"D6",14,0.0941809619912546,0.958904109589041
14,21,"D7",1,1,NA
14,21,"D7",2,0.331740403884692,0.331740403884692
14,21,"D7",3,0.202276347566929,0.609742874845105
14,21,"D7",4,0.151147628590514,0.747233329099454
14,21,"D7",5,0.124513026052104,0.823784185125603
14,21,"D7",6,0.105341349365397,0.846026738771218
14,21,"D7",7,0.0913787575150301,0.867453835227273
14,21,"D7",8,0.0802124248496994,0.877801657967455
14,21,"D7",9,0.0706639946559786,0.880960708872566
14,21,"D7",10,0.0655390781563126,0.927474854420328
14,21,"D7",11,0.0588356199578644,0.897718149430478
14,21,"D7",12,0.0540568316119418,0.918777292576419
14,21,"D7",13,0.0501002004008016,0.92680608365019
14,21,"D7",14,0.0467601870407482,0.933333333333333
14,22,"D0",1,1,NA
14,22,"D0",2,0.830800464603281,0.830800464603281
14,22,"D0",3,0.743340848974652,0.894728494560493
14,22,"D0",4,0.687981305248911,0.925526030485069
14,22,"D0",5,0.652774943958043,0.948826572724777
14,22,"D0",6,0.624424396227213,0.956569185148363
14,22,"D0",7,0.603935710358246,0.967187883765015
14,22,"D0",8,0.585986126972042,0.970278983212376
14,22,"D0",9,0.570457217781161,0.973499527589291
14,22,"D0",10,0.557716110476674,0.977665095808508
14,22,"D0",11,0.546156123620912,0.979272632368677
14,22,"D0",12,0.535692789213916,0.980841861961326
14,22,"D0",13,0.526202258596625,0.982283631946553
14,22,"D0",14,0.517531616123165,0.983522224901535
14,22,"D1",1,1,NA
14,22,"D1",2,0.686104834202844,0.686104834202844
14,22,"D1",3,0.542404709590306,0.790556606732705
14,22,"D1",4,0.457895582329317,0.844195439739414
14,22,"D1",5,0.409350119579441,0.8939813690647
14,22,"D1",6,0.369805694688868,0.903397060366806
14,22,"D1",7,0.342768467126935,0.926888017274367
14,22,"D1",8,0.319714994810703,0.932743310639208
14,22,"D1",9,0.304868462614503,0.953563228384109
14,22,"D1",10,0.289474211452552,0.949505268501922
14,22,"D1",11,0.279060928241922,0.964026905338555
14,22,"D1",12,0.269600441524091,0.966098848816165
14,22,"D1",13,0.261540544199269,0.970104287369641
14,22,"D1",14,0.254591399305086,0.973429951690821
14,22,"D3",1,1,NA
14,22,"D3",2,0.589172551149737,0.589172551149737
14,22,"D3",3,0.460166576136158,0.781038721573448
14,22,"D3",4,0.397069708491762,0.862882549675389
14,22,"D3",5,0.362334600760456,0.912521386072879
14,22,"D3",6,0.335059569074778,0.924724186902288
14,22,"D3",7,0.31723700887199,0.946807786293038
14,22,"D3",8,0.303632446134347,0.957115461446264
14,22,"D3",9,0.292291508238276,0.962649123832263
14,22,"D3",10,0.283105196451204,0.968571403793286
14,22,"D3",11,0.275324168860291,0.972515419397275
14,22,"D3",12,0.268805972228025,0.976325374342371
14,22,"D3",13,0.263262719536484,0.979378238341969
14,22,"D3",14,0.258555133079848,0.982118294360385
14,22,"D5",1,1,NA
14,22,"D5",2,0.541468232195764,0.541468232195764
14,22,"D5",3,0.395259519367936,0.729977302204929
14,22,"D5",4,0.323002567760342,0.817191116046641
14,22,"D5",5,0.276608844507846,0.856367323720723
14,22,"D5",6,0.245621112696148,0.887972736855785
14,22,"D5",7,0.223724393723252,0.910851641650269
14,22,"D5",8,0.20285820256776,0.906732606095231
14,22,"D5",9,0.185782596291013,0.915824915824916
14,22,"D5",10,0.173316405135521,0.932899036807705
14,22,"D5",11,0.160682541424339,0.927105205642229
14,22,"D5",12,0.14993964665862,0.933142115686676
14,22,"D5",13,0.14037089871612,0.936182669789227
14,22,"D5",14,0.131811697574893,0.939024390243902
14,22,"D6",1,1,NA
14,22,"D6",2,0.453446686469323,0.453446686469323
14,22,"D6",3,0.298102529960053,0.657414727806641
14,22,"D6",4,0.231629161118509,0.777011725293132
14,22,"D6",5,0.197262982689747,0.851632763928291
14,22,"D6",6,0.175051264980027,0.887400477236752
14,22,"D6",7,0.159876830892144,0.913314342003674
14,22,"D6",8,0.149679760319574,0.936219210027693
14,22,"D6",9,0.141165113182423,0.943114238565246
14,22,"D6",10,0.135027296937417,0.956520303730604
14,22,"D6",11,0.12977568370378,0.961107025373756
14,22,"D6",12,0.125985865000512,0.970797158642463
14,22,"D6",13,0.123169107856192,0.977642276422764
14,22,"D6",14,0.121171770972037,0.983783783783784
14,22,"D7",1,1,NA
14,22,"D7",2,0.32182103610675,0.32182103610675
14,22,"D7",3,0.187205651491366,0.581707317073171
14,22,"D7",4,0.133491071428571,0.71307180293501
14,22,"D7",5,0.102696428571429,0.769313089425457
14,22,"D7",6,0.0802321428571429,0.781255433837593
14,22,"D7",7,0.066125,0.824170932561763
14,22,"D7",8,0.0574910714285714,0.86943019173643
14,22,"D7",9,0.0502857142857143,0.87466997981053
14,22,"D7",10,0.0434910714285714,0.864879261363636
14,22,"D7",11,0.0379464285714286,0.872510778074317
14,22,"D7",12,0.0336538461538462,0.886877828054299
14,22,"D7",13,0.0299744897959184,0.89067055393586
14,22,"D7",14,0.0267857142857143,0.893617021276596
14,23,"D0",1,1,NA
14,23,"D0",2,0.830800464603281,0.830800464603281
14,23,"D0",3,0.743340848974652,0.894728494560493
14,23,"D0",4,0.691427568413484,0.930162212082417
14,23,"D0",5,0.653470118005329,0.945102781343749
14,23,"D0",6,0.62551038362306,0.957213446167034
14,23,"D0",7,0.603185467157298,0.964309279189816
14,23,"D0",8,0.58575933680159,0.971109830550404
14,23,"D0",9,0.571012054307829,0.97482364929207
14,23,"D0",10,0.557747493972846,0.976770087014955
14,23,"D0",11,0.546156123620912,0.979217530374959
14,23,"D0",12,0.535692789213916,0.980841861961326
14,23,"D0",13,0.526202258596625,0.982283631946553
14,23,"D0",14,0.517531616123165,0.983522224901535
14,23,"D1",1,1,NA
14,23,"D1",2,0.686104834202844,0.686104834202844
14,23,"D1",3,0.542404709590306,0.790556606732705
14,23,"D1",4,0.462087811921845,0.851924409489131
14,23,"D1",5,0.407863002572086,0.882652586909326
14,23,"D1",6,0.371549298316863,0.910965927220121
14,23,"D1",7,0.342037543432156,0.920571092400397
14,23,"D1",8,0.320831911917332,0.938002035384664
14,23,"D1",9,0.303361761653355,0.945547342346422
14,23,"D1",10,0.289795767339019,0.955281132861308
14,23,"D1",11,0.279060928241922,0.962957226064179
14,23,"D1",12,0.269600441524091,0.966098848816165
14,23,"D1",13,0.261540544199269,0.970104287369641
14,23,"D1",14,0.254591399305086,0.973429951690821
14,23,"D3",1,1,NA
14,23,"D3",2,0.58878476958662,0.58878476958662
14,23,"D3",3,0.464711464325959,0.789272223621254
14,23,"D3",4,0.406288743253662,0.874281730585157
14,23,"D3",5,0.370452197378566,0.911795375899149
14,23,"D3",6,0.344530069390902,0.930025714056775
14,23,"D3",7,0.325224749421743,0.943966226218543
14,23,"D3",8,0.311429838087895,0.957583451571951
14,23,"D3",9,0.300257902852737,0.964126959369882
14,23,"D3",10,0.289536622976099,0.96429309678521
14,23,"D3",11,0.281255560168436,0.971398910705862
14,23,"D3",12,0.273975446296186,0.974115662396542
14,23,"D3",13,0.267540478026214,0.976512609589782
14,23,"D3",14,0.261757902852737,0.978386167146974
14,23,"D5",1,1,NA
14,23,"D5",2,0.562814070351759,0.562814070351759
14,23,"D5",3,0.418885927613777,0.744270532099479
14,23,"D5",4,0.346800846336948,0.827912382525073
14,23,"D5",5,0.302853213435599,0.873277030994758
14,23,"D5",6,0.273605395398043,0.903425762910798
14,23,"D5",7,0.251570483998942,0.919464631291191
14,23,"D5",8,0.234734197302301,0.933075270083306
14,23,"D5",9,0.219138323194922,0.933559428977049
14,23,"D5",10,0.207867230891299,0.948566311271818
14,23,"D5",11,0.197047993001444,0.947951209801261
14,23,"D5",12,0.187374117551319,0.950905993495431
14,23,"D5",13,0.178524199947104,0.952768729641694
14,23,"D5",14,0.170325310764348,0.954074074074074
14,23,"D6",1,1,NA
14,23,"D6",2,0.440408278120283,0.440408278120283
14,23,"D6",3,0.279744698268144,0.635194005576208
14,23,"D6",4,0.209618224143665,0.749319738466462
14,23,"D6",5,0.17512337878284,0.835439664171646
14,23,"D6",6,0.151197206518124,0.863375338969533
14,23,"D6",7,0.137071499833721,0.90657428791378
14,23,"D6",8,0.125934818756235,0.918752759756802
14,23,"D6",9,0.117326238776189,0.931642574586861
14,23,"D6",10,0.111147988027935,0.94734126984127
14,23,"D6",11,0.105510219743675,0.949276920038869
14,23,"D6",12,0.100841625949707,0.95575221238938
14,23,"D6",13,0.0967741935483871,0.959665144596652
14,23,"D6",14,0.0931160625207848,0.962199312714777
14,23,"D7",1,1,NA
14,23,"D7",2,0.367661115862555,0.367661115862555
14,23,"D7",3,0.232907380389395,0.63348385331144
14,23,"D7",4,0.174327011118378,0.748482125499514
14,23,"D7",5,0.142646173969915,0.818267766164189
14,23,"D7",6,0.116092871157619,0.813851980229796
14,23,"D7",7,0.101928057553957,0.877987222967111
14,23,"D7",8,0.0873603662524526,0.857078692058929
14,23,"D7",9,0.0776272073250491,0.888586102085735
14,23,"D7",10,0.0689561805101374,0.88829912715263
14,23,"D7",11,0.0618051013734467,0.896295312707476
14,23,"D7",12,0.0556421995270916,0.9002849002849
14,23,"D7",13,0.0503597122302158,0.905063291139241
14,23,"D7",14,0.0457815565729235,0.909090909090909
14,24,"D0",1,1,NA
14,24,"D0",2,0.830800464603281,0.830800464603281
14,24,"D0",3,0.743340848974652,0.894728494560493
14,24,"D0",4,0.690082815209576,0.92835314534572
14,24,"D0",5,0.653341623313454,0.946758285982005
14,24,"D0",6,0.625261092077994,0.957020140408246
14,24,"D0",7,0.60365858816563,0.965450426732024
14,24,"D0",8,0.586304106923825,0.971251164843788
14,24,"D0",9,0.570647887323944,0.973296759454704
14,24,"D0",10,0.558166137968955,0.978127055874119
14,24,"D0",11,0.546156123620912,0.978483083205756
14,24,"D0",12,0.535692789213916,0.980841861961326
14,24,"D0",13,0.526202258596625,0.982283631946553
14,24,"D0",14,0.517531616123165,0.983522224901535
14,24,"D1",1,1,NA
14,24,"D1",2,0.686104834202844,0.686104834202844
14,24,"D1",3,0.542404709590306,0.790556606732705
14,24,"D1",4,0.45914895537205,0.846506210683271
14,24,"D1",5,0.406843373493976,0.886081452944414
14,24,"D1",6,0.368592121294165,0.905980397637282
14,24,"D1",7,0.343084969089843,0.930798433469591
14,24,"D1",8,0.323091015748387,0.941723027404853
14,24,"D1",9,0.303515906321917,0.93941301839939
14,24,"D1",10,0.288628310996796,0.950949538343699
14,24,"D1",11,0.279060928241922,0.966852237322691
14,24,"D1",12,0.269600441524091,0.966098848816165
14,24,"D1",13,0.261540544199269,0.970104287369641
14,24,"D1",14,0.254591399305086,0.973429951690821
14,24,"D3",1,1,NA
14,24,"D3",2,0.584421867440735,0.584421867440735
14,24,"D3",3,0.456327320478264,0.780818353831599
14,24,"D3",4,0.393431446540881,0.862169387816921
14,24,"D3",5,0.358603773584906,0.911477149927424
14,24,"D3",6,0.334483018867925,0.932737030411449
14,24,"D3",7,0.315438993710692,0.943064298983882
14,24,"D3",8,0.301325786163522,0.955258519623247
14,24,"D3",9,0.288711949685535,0.958138874742229
14,24,"D3",10,0.280118238993711,0.970234308967176
14,24,"D3",11,0.271891630382196,0.970631656685165
14,24,"D3",12,0.265007948026816,0.974682257244535
14,24,"D3",13,0.259119496855346,0.977780095973294
14,24,"D3",14,0.254088050314465,0.980582524271845
14,24,"D5",1,1,NA
14,24,"D5",2,0.564658387818684,0.564658387818684
14,24,"D5",3,0.424557900741586,0.751884519738887
14,24,"D5",4,0.354703936109527,0.835466577091031
14,24,"D5",5,0.313562464346834,0.884011798081686
14,24,"D5",6,0.280535082715345,0.894670487106017
14,24,"D5",7,0.255793496862521,0.911805733481368
14,24,"D5",8,0.238287507130633,0.931562021917637
14,24,"D5",9,0.221204791785511,0.928310486979254
14,24,"D5",10,0.206901312036509,0.935338291573399
14,24,"D5",11,0.196213085260433,0.948341425818556
14,24,"D5",12,0.185703628943789,0.946438555294644
14,24,"D5",13,0.176269252709641,0.949196597353497
14,24,"D5",14,0.167712492869367,0.951456310679612
14,24,"D6",1,1,NA
14,24,"D6",2,0.463704526520411,0.463704526520411
14,24,"D6",3,0.308442099416829,0.665169481375015
14,24,"D6",4,0.238975451263538,0.774782209417484
14,24,"D6",5,0.200053429602888,0.837129623754838
14,24,"D6",6,0.174080144404332,0.870168258299227
14,24,"D6",7,0.15601155234657,0.896205324739424
14,24,"D6",8,0.143174007220217,0.917714137618246
14,24,"D6",9,0.132676534296029,0.926680316294832
14,24,"D6",10,0.123937906137184,0.934135842444097
14,24,"D6",11,0.116578728131075,0.940622056354868
14,24,"D6",12,0.110524854207165,0.948070509766556
14,24,"D6",13,0.105415162454874,0.953768844221106
14,24,"D6",14,0.101083032490975,0.958904109589041
14,24,"D7",1,1,NA
14,24,"D7",2,0.352515169309062,0.352515169309062
14,24,"D7",3,0.211734194558622,0.600638534147696
14,24,"D7",4,0.151586513994911,0.715928356829212
14,24,"D7",5,0.122375318066158,0.807296868574114
14,24,"D7",6,0.0988282442748092,0.80758314533149
14,24,"D7",7,0.0842226463104326,0.852212309633234
14,24,"D7",8,0.071558524173028,0.84963519086391
14,24,"D7",9,0.0645139949109415,0.901555693839452
14,24,"D7",10,0.0596424936386768,0.92448923246825
14,24,"D7",11,0.0540957134468585,0.906999525784056
14,24,"D7",12,0.0502055196711685,0.9280868385346
14,24,"D7",13,0.0470737913486005,0.937621832358674
14,24,"D7",14,0.044529262086514,0.945945945945946
14,25,"D0",1,1,NA
14,25,"D0",2,0.830800464603281,0.830800464603281
14,25,"D0",3,0.743340848974652,0.894728494560493
14,25,"D0",4,0.69042388867741,0.928811983936798
14,25,"D0",5,0.65239952628685,0.944926062069782
14,25,"D0",6,0.625657826840925,0.959010240859422
14,25,"D0",7,0.603107896629023,0.963958046643864
14,25,"D0",8,0.585938163515628,0.971531241409103
14,25,"D0",9,0.571334771391109,0.975076905663733
14,25,"D0",10,0.557784206741953,0.976282618654274
14,25,"D0",11,0.546156123620912,0.979153079308285
14,25,"D0",12,0.535692789213916,0.980841861961326
14,25,"D0",13,0.526202258596625,0.982283631946553
14,25,"D0",14,0.517531616123165,0.983522224901535
14,25,"D1",1,1,NA
14,25,"D1",2,0.686104834202844,0.686104834202844
14,25,"D1",3,0.542404709590306,0.790556606732705
14,25,"D1",4,0.461555886467217,0.850943729481707
14,25,"D1",5,0.406276070574433,0.88023158730376
14,25,"D1",6,0.371043905960922,0.913280236850535
14,25,"D1",7,0.342123460132666,0.922056540038411
14,25,"D1",8,0.319612652858626,0.934202678573077
14,25,"D1",9,0.303845043093723,0.950666503269266
14,25,"D1",10,0.291028292947069,0.957818136454835
14,25,"D1",11,0.279060928241922,0.958879033430183
14,25,"D1",12,0.269600441524091,0.966098848816165
14,25,"D1",13,0.261540544199269,0.970104287369641
14,25,"D1",14,0.254591399305086,0.973429951690821
14,25,"D3",1,1,NA
14,25,"D3",2,0.588951151865059,0.588951151865059
14,25,"D3",3,0.461368653421634,0.783373378183566
14,25,"D3",4,0.401683590875644,0.870634768740032
14,25,"D3",5,0.364090139808683,0.906410289290111
14,25,"D3",6,0.340064017660044,0.93401051134957
14,25,"D3",7,0.32176821192053,0.946198936701958
14,25,"D3",8,0.309452538631347,0.961725015607741
14,25,"D3",9,0.298043414275202,0.963131262691834
14,25,"D3",10,0.28866114790287,0.968520470767157
14,25,"D3",11,0.280806022527877,0.97278772903087
14,25,"D3",12,0.274013697854757,0.975811328361218
14,25,"D3",13,0.268027961736571,0.978155339805825
14,25,"D3",14,0.262693156732892,0.98009608785175
14,25,"D5",1,1,NA
14,25,"D5",2,0.560378918206394,0.560378918206394
14,25,"D5",3,0.415838155454769,0.742066023443107
14,25,"D5",4,0.341668312518153,0.821637716588314
14,25,"D5",5,0.295232065059541,0.864089686525599
14,25,"D5",6,0.261775196049956,0.886676032283833
14,25,"D5",7,0.238605866976474,0.911491503308584
14,25,"D5",8,0.215501597444089,0.903169734151329
14,25,"D5",9,0.201713040952658,0.936016453451074
14,25,"D5",10,0.18688353180366,0.926482149696615
14,25,"D5",11,0.174568243258339,0.934101798984306
14,25,"D5",12,0.163855314015058,0.938631855122544
14,25,"D5",13,0.154516410107464,0.94300518134715
14,25,"D5",14,0.146383967470229,0.947368421052632
14,25,"D6",1,1,NA
14,25,"D6",2,0.45335186901452,0.45335186901452
14,25,"D6",3,0.296480794974771,0.653975014196479
14,25,"D6",4,0.228680722891566,0.771317153649112
14,25,"D6",5,0.195273761713521,0.853914397524945
14,25,"D6",6,0.173280455153949,0.887371931760923
14,25,"D6",7,0.157982597054886,0.911716193926939
14,25,"D6",8,0.146236278447122,0.925648021828104
14,25,"D6",9,0.137722891566265,0.941783345615328
14,25,"D6",10,0.131205488621151,0.952677417159965
14,25,"D6",11,0.126377304088147,0.963201352445362
14,25,"D6",12,0.122489959839357,0.96924017111428
14,25,"D6",13,0.119477911646586,0.975409836065574
14,25,"D6",14,0.117135207496653,0.980392156862745
14,25,"D7",1,1,NA
14,25,"D7",2,0.404044409199048,0.404044409199048
14,25,"D7",3,0.262316613798573,0.649227183513248
14,25,"D7",4,0.198994845360825,0.758605573925366
14,25,"D7",5,0.161099226804124,0.809564823209429
14,25,"D7",6,0.136274484536082,0.845904025981298
14,25,"D7",7,0.117538659793814,0.862514066326868
14,25,"D7",8,0.103899484536082,0.883960092095165
14,25,"D7",9,0.0901340206185567,0.867511720784858
14,25,"D7",10,0.0797783505154639,0.885108086469175
14,25,"D7",11,0.0699345757335448,0.876610951237817
14,25,"D7",12,0.0610626486915147,0.8731396172927
14,25,"D7",13,0.0528350515463918,0.86525974025974
14,25,"D7",14,0.0451030927835052,0.853658536585366
14,26,"D0",1,1,NA
14,26,"D0",2,0.830800464603281,0.830800464603281
14,26,"D0",3,0.743340848974652,0.894728494560493
14,26,"D0",4,0.689609102059806,0.927715869524779
14,26,"D0",5,0.651997462250983,0.945459478860589
14,26,"D0",6,0.626297339593114,0.960582480537361
14,26,"D0",7,0.60363312608383,0.963812374607869
14,26,"D0",8,0.586035274711331,0.9708467766064
14,26,"D0",9,0.570798291248996,0.973999886833022
14,26,"D0",10,0.557694793384934,0.977043558004722
14,26,"D0",11,0.546156123620912,0.979310063674814
14,26,"D0",12,0.535692789213916,0.980841861961326
14,26,"D0",13,0.526202258596625,0.982283631946553
14,26,"D0",14,0.517531616123165,0.983522224901535
14,26,"D1",1,1,NA
14,26,"D1",2,0.686104834202844,0.686104834202844
14,26,"D1",3,0.542404709590306,0.790556606732705
14,26,"D1",4,0.458150173728622,0.844664815087385
14,26,"D1",5,0.410208023103651,0.895357126605894
14,26,"D1",6,0.367564279590271,0.896043614186931
14,26,"D1",7,0.341843599115563,0.930023993345112
14,26,"D1",8,0.321303190289247,0.939912846461189
14,26,"D1",9,0.303666892288254,0.94511010617381
14,26,"D1",10,0.290009295609404,0.955024413178748
14,26,"D1",11,0.279060928241922,0.962248219166645
14,26,"D1",12,0.269600441524091,0.966098848816165
14,26,"D1",13,0.261540544199269,0.970104287369641
14,26,"D1",14,0.254591399305086,0.973429951690821
14,26,"D3",1,1,NA
14,26,"D3",2,0.592258696717295,0.592258696717295
14,26,"D3",3,0.467620914117729,0.789555166871514
14,26,"D3",4,0.408310828025478,0.873166309928303
14,26,"D3",5,0.372731210191083,0.912861439392994
14,26,"D3",6,0.348728662420382,0.935603600894072
14,26,"D3",7,0.330308280254777,0.947178468102516
14,26,"D3",8,0.315449681528662,0.955015966555081
14,26,"D3",9,0.305541401273885,0.968589981746814
14,26,"D3",10,0.297098089171974,0.97236606212216
14,26,"D3",11,0.28913697767201,0.973203760676641
14,26,"D3",12,0.282802547770701,0.978091941223462
14,26,"D3",13,0.277343039126479,0.980694980694981
14,26,"D3",14,0.272611464968153,0.982939632545932
14,26,"D5",1,1,NA
14,26,"D5",2,0.557238373955952,0.557238373955952
14,26,"D5",3,0.409234614316536,0.734397761251246
14,26,"D5",4,0.333962788114413,0.816066814563487
14,26,"D5",5,0.287075812274368,0.859604190919674
14,26,"D5",6,0.252069980560955,0.878060671722644
14,26,"D5",7,0.228327131352402,0.905808501449812
14,26,"D5",8,0.208647042488198,0.913807488634235
14,26,"D5",9,0.192065537350736,0.920528443922708
14,26,"D5",10,0.178675923354624,0.930286223229829
14,26,"D5",11,0.16731463482366,0.93641399290035
14,26,"D5",12,0.157050391985132,0.938653048196617
14,26,"D5",13,0.148014440433213,0.942464635473341
14,26,"D5",14,0.13996112191058,0.945590994371482
14,26,"D6",1,1,NA
14,26,"D6",2,0.44959456497918,0.44959456497918
14,26,"D6",3,0.293460990576375,0.652723616865708
14,26,"D6",4,0.224478632478632,0.764935169194866
14,26,"D6",5,0.189967236467236,0.846259772565743
14,26,"D6",6,0.167616096866097,0.882342134271167
14,26,"D6",7,0.151611823361823,0.904518278354502
14,26,"D6",8,0.139366809116809,0.919234437173205
14,26,"D6",9,0.131962962962963,0.946875111794798
14,26,"D6",10,0.123891025641026,0.938831796886807
14,26,"D6",11,0.118219921104536,0.954225057810715
14,26,"D6",12,0.113083497698882,0.956551963851234
14,26,"D6",13,0.108618233618234,0.960513565891473
14,26,"D6",14,0.104700854700855,0.963934426229508
14,26,"D7",1,1,NA
14,26,"D7",2,0.313957971852709,0.313957971852709
14,26,"D7",3,0.184162328899171,0.586582744857231
14,26,"D7",4,0.128,0.69503899502748
14,26,"D7",5,0.0982719298245614,0.767749451754386
14,26,"D7",6,0.0785877192982456,0.799696509863429
14,26,"D7",7,0.0624912280701754,0.795178033262641
14,26,"D7",8,0.0518157894736842,0.829169006176306
14,26,"D7",9,0.0440964912280702,0.851024208566108
14,26,"D7",10,0.038140350877193,0.86492938134076
14,26,"D7",11,0.0339309812994023,0.889634744280558
14,26,"D7",12,0.0306535569693464,0.903409090909091
14,26,"D7",13,0.0281954887218045,0.919811320754717
14,26,"D7",14,0.0263157894736842,0.933333333333333
14,27,"D0",1,1,NA
14,27,"D0",2,0.830800464603281,0.830800464603281
14,27,"D0",3,0.743340848974652,0.894728494560493
14,27,"D0",4,0.690765554286681,0.929271619122652
14,27,"D0",5,0.651789028465085,0.943574885024709
14,27,"D0",6,0.625153322336421,0.959134466882039
14,27,"D0",7,0.604041111534069,0.966228747336017
14,27,"D0",8,0.58592513640401,0.970008705063053
14,27,"D0",9,0.570538341158059,0.973739315332359
14,27,"D0",10,0.557596497906357,0.977316435516966
14,27,"D0",11,0.546156123620912,0.979482700611642
14,27,"D0",12,0.535692789213916,0.980841861961326
14,27,"D0",13,0.526202258596625,0.982283631946553
14,27,"D0",14,0.517531616123165,0.983522224901535
14,27,"D1",1,1,NA
14,27,"D1",2,0.686104834202844,0.686104834202844
14,27,"D1",3,0.542404709590306,0.790556606732705
14,27,"D1",4,0.459533053562565,0.847214350166066
14,27,"D1",5,0.408161184062091,0.888208543210963
14,27,"D1",6,0.369423491719688,0.905092169821542
14,27,"D1",7,0.341930147556518,0.925577704776742
14,27,"D1",8,0.321003745318352,0.938799189285562
14,27,"D1",9,0.303716168042958,0.946145247438627
14,27,"D1",10,0.290404765127927,0.956171569657273
14,27,"D1",11,0.279060928241922,0.960937841770577
14,27,"D1",12,0.269600441524091,0.966098848816165
14,27,"D1",13,0.261540544199269,0.970104287369641
14,27,"D1",14,0.254591399305086,0.973429951690821
14,27,"D3",1,1,NA
14,27,"D3",2,0.581866184552251,0.581866184552251
14,27,"D3",3,0.455720086665806,0.783204280923259
14,27,"D3",4,0.395486289871293,0.867827206750523
14,27,"D3",5,0.358850214512218,0.907364486968695
14,27,"D3",6,0.334158925573587,0.931193328190723
14,27,"D3",7,0.316886774855437,0.948311568549301
14,27,"D3",8,0.300920350680843,0.949614734846924
14,27,"D3",9,0.28864913262451,0.959221042948512
14,27,"D3",10,0.27825554933781,0.963992328013607
14,27,"D3",11,0.269044236867404,0.966896212879395
14,27,"D3",12,0.261174005997733,0.970747446734754
14,27,"D3",13,0.254243611266555,0.973464454455555
14,27,"D3",14,0.248088043275508,0.975788701393984
14,27,"D5",1,1,NA
14,27,"D5",2,0.561715393040694,0.561715393040694
14,27,"D5",3,0.417495155446963,0.743250337483126
14,27,"D5",4,0.344866922234392,0.826038141365219
14,27,"D5",5,0.300601314348302,0.871644379231
14,27,"D5",6,0.270841730558598,0.900999821460453
14,27,"D5",7,0.247725629791895,0.914650889584012
14,27,"D5",8,0.230478641840088,0.930378669472772
14,27,"D5",9,0.216444140197152,0.939107148797445
14,27,"D5",10,0.205361445783133,0.948796514408176
14,27,"D5",11,0.195951638722723,0.954179290934938
14,27,"D5",12,0.18826354368523,0.960765344512523
14,27,"D5",13,0.181818181818182,0.965764153054374
14,27,"D5",14,0.176341730558598,0.969879518072289
14,27,"D6",1,1,NA
14,27,"D6",2,0.440963606286187,0.440963606286187
14,27,"D6",3,0.284170802315964,0.64443141852286
14,27,"D6",4,0.218773521505376,0.76986629070402
14,27,"D6",5,0.179407930107527,0.820062358886141
14,27,"D6",6,0.15697311827957,0.87495083514697
14,27,"D6",7,0.140926747311828,0.89777631263486
14,27,"D6",8,0.129532930107527,0.919150782788664
14,27,"D6",9,0.12049126344086,0.930197929907391
14,27,"D6",10,0.113350134408602,0.940733221411002
14,27,"D6",11,0.107165012406948,0.945433483304411
14,27,"D6",12,0.102098842018197,0.952725518572118
14,27,"D6",13,0.0977822580645161,0.957721518987342
14,27,"D6",14,0.0940860215053763,0.962199312714777
14,27,"D7",1,1,NA
14,27,"D7",2,0.335108705142757,0.335108705142757
14,27,"D7",3,0.198135859600105,0.591258467952058
14,27,"D7",4,0.141438138479001,0.713844221659139
14,27,"D7",5,0.10655732122588,0.753384641312286
14,27,"D7",6,0.0870590238365494,0.817015882484528
14,27,"D7",7,0.0717956867196368,0.824678287852514
14,27,"D7",8,0.0610374574347333,0.850154935812306
14,27,"D7",9,0.0531316685584563,0.870476438427493
14,27,"D7",10,0.0467434733257662,0.879766711529834
14,27,"D7",11,0.0420413865362787,0.899406559783918
14,27,"D7",12,0.0379813149393172,0.903426791277259
14,27,"D7",13,0.0346197502837684,0.911494252873563
14,27,"D7",14,0.0317820658342792,0.918032786885246
14,28,"D0",1,1,NA
14,28,"D0",2,0.830800464603281,0.830800464603281
14,28,"D0",3,0.743340848974652,0.894728494560493
14,28,"D0",4,0.689750031721863,0.927905459081509
14,28,"D0",5,0.653583809161274,0.947566189347893
14,28,"D0",6,0.624737046906061,0.955863713496466
14,28,"D0",7,0.604169606225944,0.967078243907617
14,28,"D0",8,0.585822103793935,0.969631867867997
14,28,"D0",9,0.5708397411496,0.974425064286061
14,28,"D0",10,0.557652159201455,0.976897925989548
14,28,"D0",11,0.546156123620912,0.979384934872296
14,28,"D0",12,0.535692789213916,0.980841861961326
14,28,"D0",13,0.526202258596625,0.982283631946553
14,28,"D0",14,0.517531616123165,0.983522224901535
14,28,"D1",1,1,NA
14,28,"D1",2,0.686104834202844,0.686104834202844
14,28,"D1",3,0.542404709590306,0.790556606732705
14,28,"D1",4,0.461742881638915,0.851288481598331
14,28,"D1",5,0.407970398447723,0.883544532402251
14,28,"D1",6,0.369326203691169,0.905276963957212
14,28,"D1",7,0.34135842245386,0.924273498717964
14,28,"D1",8,0.319259509949912,0.935261850740081
14,28,"D1",9,0.305205812012093,0.955980331047857
14,28,"D1",10,0.290455936103966,0.951672362295832
14,28,"D1",11,0.279060928241922,0.960768548872192
14,28,"D1",12,0.269600441524091,0.966098848816165
14,28,"D1",13,0.261540544199269,0.970104287369641
14,28,"D1",14,0.254591399305086,0.973429951690821
14,28,"D3",1,1,NA
14,28,"D3",2,0.582146072393147,0.582146072393147
14,28,"D3",3,0.454379170894125,0.780524326181943
14,28,"D3",4,0.395178153446034,0.869710098436959
14,28,"D3",5,0.357526657997399,0.90472273044371
14,28,"D3",6,0.33205721716515,0.928762120914533
14,28,"D3",7,0.315079323797139,0.948870578652213
14,28,"D3",8,0.302390117035111,0.959726945554198
14,28,"D3",9,0.289927178153446,0.958785230800987
14,28,"D3",10,0.280397919375813,0.967132233554904
14,28,"D3",11,0.272074479486703,0.970315614653496
14,28,"D3",12,0.264765143828863,0.973134798707949
14,28,"D3",13,0.258220323239829,0.975280656303972
14,28,"D3",14,0.252275682704811,0.976978417266187
14,28,"D5",1,1,NA
14,28,"D5",2,0.563921993499458,0.563921993499458
14,28,"D5",3,0.422160180015001,0.748614497894037
14,28,"D5",4,0.352074214517876,0.83398252887178
14,28,"D5",5,0.309501625135428,0.879080638038924
14,28,"D5",6,0.28127789815818,0.908809115412889
14,28,"D5",7,0.258871072589382,0.920339188697305
14,28,"D5",8,0.242963705308776,0.938551004863186
14,28,"D5",9,0.22972210184182,0.945499664445242
14,28,"D5",10,0.219184182015168,0.954127531734372
14,28,"D5",11,0.210298774897908,0.959461458233127
14,28,"D5",12,0.203308609050754,0.96676078664487
14,28,"D5",13,0.197724810400867,0.972535355605657
14,28,"D5",14,0.193391115926327,0.978082191780822
14,28,"D6",1,1,NA
14,28,"D6",2,0.432752278906125,0.432752278906125
14,28,"D6",3,0.268764326456634,0.621058142399606
14,28,"D6",4,0.197508662508663,0.734876778896216
14,28,"D6",5,0.157914760914761,0.799533341520324
14,28,"D6",6,0.133635481635482,0.846250729579455
14,28,"D6",7,0.118340263340263,0.885545230143749
14,28,"D6",8,0.104379071379071,0.882025005124001
14,28,"D6",9,0.0952979902979903,0.912999024027513
14,28,"D6",10,0.0868426888426888,0.911275133621787
14,28,"D6",11,0.081280985127139,0.935956569405346
14,28,"D6",12,0.0761234607388453,0.93654697491392
14,28,"D6",13,0.0717255717255717,0.942226890756303
14,28,"D6",14,0.0679140679140679,0.946859903381642
14,28,"D7",1,1,NA
14,28,"D7",2,0.327293918203009,0.327293918203009
14,28,"D7",3,0.191883873702056,0.586273875040466
14,28,"D7",4,0.131640495867769,0.686042517945886
14,28,"D7",5,0.100969696969697,0.767010913352377
14,28,"D7",6,0.0822837465564738,0.814935064935065
14,28,"D7",7,0.0697878787878788,0.848136864307476
14,28,"D7",8,0.0630674931129477,0.903702680298425
14,28,"D7",9,0.0574848484848485,0.911481424858584
14,28,"D7",10,0.053637741046832,0.933076148943308
14,28,"D7",11,0.0514144945963128,0.958550706887935
14,28,"D7",12,0.0499046408137317,0.970633693972179
14,28,"D7",13,0.0488980716253444,0.979830148619958
14,28,"D7",14,0.0482093663911846,0.985915492957746
14,29,"D0",1,1,NA
14,29,"D0",2,0.830800464603281,0.830800464603281
14,29,"D0",3,0.743340848974652,0.894728494560493
14,29,"D0",4,0.68920052446813,0.927166219129217
14,29,"D0",5,0.652170959692086,0.946271711263395
14,29,"D0",6,0.625052658292095,0.958418416218969
14,29,"D0",7,0.603875904073087,0.966120047746263
14,29,"D0",8,0.586229497102737,0.970778090578996
14,29,"D0",9,0.57103100283382,0.974074156377271
14,29,"D0",10,0.557974876284735,0.977135870934693
14,29,"D0",11,0.546156123620912,0.97881848598181
14,29,"D0",12,0.535692789213916,0.980841861961326
14,29,"D0",13,0.526202258596625,0.982283631946553
14,29,"D0",14,0.517531616123165,0.983522224901535
14,29,"D1",1,1,NA
14,29,"D1",2,0.686104834202844,0.686104834202844
14,29,"D1",3,0.542404709590306,0.790556606732705
14,29,"D1",4,0.459066197373765,0.846353634577603
14,29,"D1",5,0.407041739993683,0.886673299672891
14,29,"D1",6,0.368969270339786,0.906465440977902
14,29,"D1",7,0.342849329903885,0.92920835815989
14,29,"D1",8,0.320396642750778,0.934511503465965
14,29,"D1",9,0.304328324534091,0.949848668579259
14,29,"D1",10,0.288645999729254,0.948469059431632
14,29,"D1",11,0.279060928241922,0.966792986924042
14,29,"D1",12,0.269600441524091,0.966098848816165
14,29,"D1",13,0.261540544199269,0.970104287369641
14,29,"D1",14,0.254591399305086,0.973429951690821
14,29,"D3",1,1,NA
14,29,"D3",2,0.579815026963592,0.579815026963592
14,29,"D3",3,0.450634273100673,0.777203508264662
14,29,"D3",4,0.389045405012713,0.863328486614686
14,29,"D3",5,0.352054486015256,0.904918761355764
14,29,"D3",6,0.324728296403923,0.922380794175851
14,29,"D3",7,0.307000726480203,0.945407991480765
14,29,"D3",8,0.291373410824555,0.949096812131954
14,29,"D3",9,0.279244823828551,0.958374420776138
14,29,"D3",10,0.269132582637123,0.963787184833778
14,29,"D3",11,0.260408225991226,0.967583424643682
14,29,"D3",12,0.253066584704798,0.97180718366909
14,29,"D3",13,0.246821649110062,0.975322954620735
14,29,"D3",14,0.241554667635307,0.978660779985283
14,29,"D5",1,1,NA
14,29,"D5",2,0.549726424203412,0.549726424203412
14,29,"D5",3,0.402328076386654,0.731869633099141
14,29,"D5",4,0.326444072524407,0.811387749660009
14,29,"D5",5,0.281983821478382,0.863804385534674
14,29,"D5",6,0.254635983263598,0.903016286284068
14,29,"D5",7,0.231021478382148,0.907261713058815
14,29,"D5",8,0.213452161785216,0.923949423577538
14,29,"D5",9,0.199272524407252,0.933569951883496
14,29,"D5",10,0.188892608089261,0.947910950850513
14,29,"D5",11,0.179787576440296,0.951797840365134
14,29,"D5",12,0.172170367986268,0.957632175677289
14,29,"D5",13,0.165690376569038,0.962362911266201
14,29,"D5",14,0.160111576011158,0.966329966329966
14,29,"D6",1,1,NA
14,29,"D6",2,0.462517716789074,0.462517716789074
14,29,"D6",3,0.296456642185285,0.640962781368398
14,29,"D6",4,0.222513232830821,0.750575973574409
14,29,"D6",5,0.178604355108878,0.802668465316274
14,29,"D6",6,0.154820770519263,0.86683648013445
14,29,"D6",7,0.137894137353434,0.890669494092699
14,29,"D6",8,0.125601340033501,0.910853372334274
14,29,"D6",9,0.116422780569514,0.926923076923077
14,29,"D6",10,0.10841675041876,0.931233130564396
14,29,"D6",11,0.101443113000902,0.935677490877352
14,29,"D6",12,0.095400077309625,0.940429315381684
14,29,"D6",13,0.0897822445561139,0.941112911939492
14,29,"D6",14,0.0844221105527638,0.940298507462687
14,29,"D7",1,1,NA
14,29,"D7",2,0.332151949283682,0.332151949283682
14,29,"D7",3,0.188638746068986,0.567929065223925
14,29,"D7",4,0.127789746917586,0.677431066419688
14,29,"D7",5,0.0998805970149254,0.781601023745201
14,29,"D7",6,0.0808020765736535,0.808986720029107
14,29,"D7",7,0.0676924075275795,0.837755790420508
14,29,"D7",8,0.0581622323166775,0.859213528385452
14,29,"D7",9,0.0519390006489293,0.89300218681662
14,29,"D7",10,0.0479325113562622,0.922861640720658
14,29,"D7",11,0.0435531373234164,0.908634579976506
14,29,"D7",12,0.0406329556232217,0.932951289398281
14,29,"D7",13,0.0382868267358858,0.942260442260442
14,29,"D7",14,0.036340038935756,0.949152542372881
14,30,"D0",1,1,NA
14,30,"D0",2,0.830800464603281,0.830800464603281
14,30,"D0",3,0.743340848974652,0.894728494560493
14,30,"D0",4,0.689435604618703,0.927482467255359
14,30,"D0",5,0.652060821384765,0.945789305072794
14,30,"D0",6,0.625026604068858,0.958540344045674
14,30,"D0",7,0.603508184240579,0.965571993754832
14,30,"D0",8,0.586066066066066,0.971098787671851
14,30,"D0",9,0.570827306179419,0.973998221755209
14,30,"D0",10,0.557703083365055,0.977008418006131
14,30,"D0",11,0.546156123620912,0.97929550671574
14,30,"D0",12,0.535692789213916,0.980841861961326
14,30,"D0",13,0.526202258596625,0.982283631946553
14,30,"D0",14,0.517531616123165,0.983522224901535
14,30,"D1",1,1,NA
14,30,"D1",2,0.686104834202844,0.686104834202844
14,30,"D1",3,0.542404709590306,0.790556606732705
14,30,"D1",4,0.461891972383918,0.851563351529153
14,30,"D1",5,0.404671449844321,0.876117088062237
14,30,"D1",6,0.368784170389423,0.911317491093814
14,30,"D1",7,0.340697621948468,0.923840146361769
14,30,"D1",8,0.319522945715446,0.937849063600964
14,30,"D1",9,0.303059157980236,0.948473848416907
14,30,"D1",10,0.289481160597446,0.955196874850173
14,30,"D1",11,0.279060928241922,0.964003763374382
14,30,"D1",12,0.269600441524091,0.966098848816165
14,30,"D1",13,0.261540544199269,0.970104287369641
14,30,"D1",14,0.254591399305086,0.973429951690821
14,30,"D3",1,1,NA
14,30,"D3",2,0.58464985350721,0.58464985350721
14,30,"D3",3,0.457912046877693,0.783224427630932
14,30,"D3",4,0.399146377893951,0.871666034155598
14,30,"D3",5,0.363668035847648,0.911114458225825
14,30,"D3",6,0.336998506348021,0.926665181234681
14,30,"D3",7,0.318019044062733,0.943680871197431
14,30,"D3",8,0.30438498879761,0.95712817983808
14,30,"D3",9,0.292951829723674,0.962438492387225
14,30,"D3",10,0.282504107542942,0.964336381887129
14,30,"D3",11,0.273948698799334,0.969715807610661
14,30,"D3",12,0.266444533808238,0.972607407795748
14,30,"D3",13,0.259708737864078,0.97471970677016
14,30,"D3",14,0.253547423450336,0.97627606038821
14,30,"D5",1,1,NA
14,30,"D5",2,0.564742102445119,0.564742102445119
14,30,"D5",3,0.419462787792254,0.742751046851545
14,30,"D5",4,0.34761252900232,0.828708860759494
14,30,"D5",5,0.299741299303944,0.86228566088866
14,30,"D5",6,0.265914733178654,0.887147462815963
14,30,"D5",7,0.240598607888631,0.904796078850529
14,30,"D5",8,0.22159222737819,0.921003780207911
14,30,"D5",9,0.204258700696056,0.92177737059093
14,30,"D5",10,0.189154292343387,0.926052558342941
14,30,"D5",11,0.177326878457969,0.937472135900848
14,30,"D5",12,0.16700874531501,0.941812920676857
14,30,"D5",13,0.158062645011601,0.946433342238846
14,30,"D5",14,0.150232018561485,0.95045871559633
14,30,"D6",1,1,NA
14,30,"D6",2,0.455747111027697,0.455747111027697
14,30,"D6",3,0.305024532804247,0.669284621720202
14,30,"D6",4,0.238717323109097,0.782616797784907
14,30,"D6",5,0.203705123736494,0.853331970564186
14,30,"D6",6,0.180736144998257,0.887243981315127
14,30,"D6",7,0.164837922621122,0.912036287056536
14,30,"D6",8,0.153053328685953,0.928507992895204
14,30,"D6",9,0.145709306378529,0.952016578989319
14,30,"D6",10,0.139785291042175,0.95934360348292
14,30,"D6",11,0.135118106013889,0.966611758694423
14,30,"D6",12,0.131645976888222,0.97430300625062
14,30,"D6",13,0.128964796096201,0.979633401221996
14,30,"D6",14,0.126873475078425,0.983783783783784
14,30,"D7",1,1,NA
14,30,"D7",2,0.342910101946247,0.342910101946247
14,30,"D7",3,0.208809597363814,0.608933933933934
14,30,"D7",4,0.151751004016064,0.726743434841573
14,30,"D7",5,0.123291834002677,0.812461405458812
14,30,"D7",6,0.102488621151272,0.831268526259786
14,30,"D7",7,0.0907001338688086,0.884977598975953
14,30,"D7",8,0.0810013386880857,0.893067465647278
14,30,"D7",9,0.0753694779116466,0.93047200370199
14,30,"D7",10,0.0715180722891566,0.948899664304364
14,30,"D7",11,0.069071156420554,0.965786048333218
14,30,"D7",12,0.0673463083101637,0.975027953783079
14,30,"D7",13,0.0662650602409638,0.98394495412844
14,30,"D7",14,0.0655957161981258,0.98989898989899
14,31,"D0",1,1,NA
14,31,"D0",2,0.830800464603281,0.830800464603281
14,31,"D0",3,0.743340848974652,0.894728494560493
14,31,"D0",4,0.690790424227044,0.929305076103251
14,31,"D0",5,0.653301357695724,0.945730187888362
14,31,"D0",6,0.625358795415134,0.95722867869256
14,31,"D0",7,0.604122234910967,0.966040998128013
14,31,"D0",8,0.58621824641543,0.970363632621176
14,31,"D0",9,0.570689337224549,0.973510020737437
14,31,"D0",10,0.558159032271708,0.978043562170306
14,31,"D0",11,0.546156123620912,0.978495539878762
14,31,"D0",12,0.535692789213916,0.980841861961326
14,31,"D0",13,0.526202258596625,0.982283631946553
14,31,"D0",14,0.517531616123165,0.983522224901535
14,31,"D1",1,1,NA
14,31,"D1",2,0.686104834202844,0.686104834202844
14,31,"D1",3,0.542404709590306,0.790556606732705
14,31,"D1",4,0.463586300257209,0.854687085234509
14,31,"D1",5,0.408865574658183,0.881962159863946
14,31,"D1",6,0.373159604710979,0.912670637587781
14,31,"D1",7,0.342608636794368,0.918128951979481
14,31,"D1",8,0.319830603312125,0.933515880698843
14,31,"D1",9,0.303433780064077,0.948732788300291
14,31,"D1",10,0.289118541582059,0.952822528595877
14,31,"D1",11,0.279060928241922,0.965212838702418
14,31,"D1",12,0.269600441524091,0.966098848816165
14,31,"D1",13,0.261540544199269,0.970104287369641
14,31,"D1",14,0.254591399305086,0.973429951690821
14,31,"D3",1,1,NA
14,31,"D3",2,0.585599633767757,0.585599633767757
14,31,"D3",3,0.457933362898957,0.781990521327014
14,31,"D3",4,0.396137251255347,0.865054358013121
14,31,"D3",5,0.357975079040357,0.903664267639423
14,31,"D3",6,0.334049841919286,0.933165076224834
14,31,"D3",7,0.314787799888414,0.942337820248014
14,31,"D3",8,0.302266691463641,0.960223654064069
14,31,"D3",9,0.28874576901618,0.955268235537333
14,31,"D3",10,0.279763064906081,0.968890612178649
14,31,"D3",11,0.271870216448978,0.97178738208436
14,31,"D3",12,0.265318092731148,0.975899810566197
14,31,"D3",13,0.259810303143017,0.979240806642942
14,31,"D3",14,0.255160870373814,0.982104509663565
14,31,"D5",1,1,NA
14,31,"D5",2,0.560129136400323,0.560129136400323
14,31,"D5",3,0.410566834295648,0.732986034138772
14,31,"D5",4,0.336003766478343,0.818389939009023
14,31,"D5",5,0.287231638418079,0.854846484099138
14,31,"D5",6,0.251551789077213,0.875780225544191
14,31,"D5",7,0.228086629001883,0.906718373336128
14,31,"D5",8,0.205973634651601,0.903050018990373
14,31,"D5",9,0.190952919020716,0.927074571188238
14,31,"D5",10,0.176045197740113,0.921929859166042
14,31,"D5",11,0.16495933445086,0.93702831186785
14,31,"D5",12,0.155087850003104,0.940158073014678
14,31,"D5",13,0.146623621199892,0.945423005070723
14,31,"D5",14,0.139359698681733,0.95045871559633
14,31,"D6",1,1,NA
14,31,"D6",2,0.458864598549182,0.458864598549182
14,31,"D6",3,0.301799905919636,0.657710154310996
14,31,"D6",4,0.234557450917284,0.777195242001641
14,31,"D6",5,0.196063083360154,0.835885121506099
14,31,"D6",6,0.171212745413582,0.873253355396213
14,31,"D6",7,0.154063083360155,0.89983419743664
14,31,"D6",8,0.142284518828452,0.923547132286274
14,31,"D6",9,0.131844222722884,0.926623808468189
14,31,"D6",10,0.124305761184422,0.942822966507177
14,31,"D6",11,0.117996583397291,0.94924468723722
14,31,"D6",12,0.112549825456166,0.953839697859841
14,31,"D6",13,0.107821049243643,0.957985041794985
14,31,"D6",14,0.103636948825233,0.961194029850746
14,31,"D7",1,1,NA
14,31,"D7",2,0.327745574181419,0.327745574181419
14,31,"D7",3,0.195806569533657,0.597434671765456
14,31,"D7",4,0.144315003394433,0.737028403787172
14,31,"D7",5,0.112902919212492,0.782336670179136
14,31,"D7",6,0.0954718262050238,0.845609899823218
14,31,"D7",7,0.0833727087576375,0.873270283723245
14,31,"D7",8,0.0742009504412763,0.889990880072959
14,31,"D7",9,0.0666259334691107,0.897912130139618
14,31,"D7",10,0.061408010862186,0.921683309557775
14,31,"D7",11,0.0567914773617421,0.924821966456388
14,31,"D7",12,0.053266489111703,0.937931034482759
14,31,"D7",13,0.0502376103190767,0.943137254901961
14,31,"D7",14,0.0475220638153428,0.945945945945946
14,32,"D0",1,1,NA
14,32,"D0",2,0.830800464603281,0.830800464603281
14,32,"D0",3,0.743340848974652,0.894728494560493
14,32,"D0",4,0.690187032102525,0.928493346026327
14,32,"D0",5,0.651533815505646,0.943996026005982
14,32,"D0",6,0.625763820158186,0.96044718672436
14,32,"D0",7,0.603810176373557,0.964917045253463
14,32,"D0",8,0.585902042887958,0.97034145135951
14,32,"D0",9,0.5708652032314,0.974335573942633
14,32,"D0",10,0.557977244850484,0.977423815100371
14,32,"D0",11,0.546156123620912,0.978814330980935
14,32,"D0",12,0.535692789213916,0.980841861961326
14,32,"D0",13,0.526202258596625,0.982283631946553
14,32,"D0",14,0.517531616123165,0.983522224901535
14,32,"D1",1,1,NA
14,32,"D1",2,0.686104834202844,0.686104834202844
14,32,"D1",3,0.542404709590306,0.790556606732705
14,32,"D1",4,0.461554622986327,0.850941400075514
14,32,"D1",5,0.40494057127386,0.877340516391827
14,32,"D1",6,0.370354045395063,0.914588637611702
14,32,"D1",7,0.342443120797798,0.924637181787788
14,32,"D1",8,0.320456658093046,0.935795285787814
14,32,"D1",9,0.306678398989215,0.957004297598864
14,32,"D1",10,0.289719958485628,0.944702853022968
14,32,"D1",11,0.279060928241922,0.963209195875144
14,32,"D1",12,0.269600441524091,0.966098848816165
14,32,"D1",13,0.261540544199269,0.970104287369641
14,32,"D1",14,0.254591399305086,0.973429951690821
14,32,"D3",1,1,NA
14,32,"D3",2,0.593951398332644,0.593951398332644
14,32,"D3",3,0.470606929580796,0.792332387636255
14,32,"D3",4,0.41126479631053,0.873902976050255
14,32,"D3",5,0.375218293620292,0.912352083101659
14,32,"D3",6,0.349577632590315,0.931664683023359
14,32,"D3",7,0.329642966948501,0.942974996729335
14,32,"D3",8,0.31516948501153,0.956093460537161
14,32,"D3",9,0.302775557263643,0.960675356158186
14,32,"D3",10,0.291420061491161,0.962495335240702
14,32,"D3",11,0.283738839945604,0.973642097574708
14,32,"D3",12,0.276059835629398,0.972936365293949
14,32,"D3",13,0.269408147578786,0.975904904690512
14,32,"D3",14,0.263643351268255,0.978601997146933
14,32,"D5",1,1,NA
14,32,"D5",2,0.554231840582815,0.554231840582815
14,32,"D5",3,0.408238697235912,0.736584705791386
14,32,"D5",4,0.334564902506964,0.819532554782837
14,32,"D5",5,0.290825626740947,0.869265199552406
14,32,"D5",6,0.256979944289694,0.883622076807552
14,32,"D5",7,0.232715877437326,0.90557992017846
14,32,"D5",8,0.212764902506964,0.914268956849602
14,32,"D5",9,0.197965459610028,0.93044227350208
14,32,"D5",10,0.183793871866295,0.928413836577102
14,32,"D5",11,0.171587743732591,0.933587948228305
14,32,"D5",12,0.161388472251982,0.940559440559441
14,32,"D5",13,0.152367688022284,0.944105151354222
14,32,"D5",14,0.144289693593315,0.946983546617916
14,32,"D6",1,1,NA
14,32,"D6",2,0.449795233631026,0.449795233631026
14,32,"D6",3,0.292001776286574,0.64918824045634
14,32,"D6",4,0.221817831943554,0.759645488340656
14,32,"D6",5,0.17859653624118,0.805149589085462
14,32,"D6",6,0.154440025657473,0.864742558326629
14,32,"D6",7,0.133574727389352,0.864897081055937
14,32,"D6",8,0.11939063502245,0.893811556690981
14,32,"D6",9,0.107182168056446,0.897743512598721
14,32,"D6",10,0.0973669018601668,0.90842444807507
14,32,"D6",11,0.0884072630384369,0.907980652043368
14,32,"D6",12,0.0807223565401885,0.913073810520441
14,32,"D6",13,0.0737652341244387,0.913814180929095
14,32,"D6",14,0.0673508659397049,0.91304347826087
14,32,"D7",1,1,NA
14,32,"D7",2,0.367897368553967,0.367897368553967
14,32,"D7",3,0.22874892671347,0.621773750686436
14,32,"D7",4,0.167981615233093,0.734349304482226
14,32,"D7",5,0.12917137229153,0.768961365875014
14,32,"D7",6,0.111760998030204,0.865214916026188
14,32,"D7",7,0.0947458962573867,0.847754564895542
14,32,"D7",8,0.0778594878529219,0.821771611526147
14,32,"D7",9,0.0695771503611293,0.893624557260921
14,32,"D7",10,0.0646224556795798,0.928788479323557
14,32,"D7",11,0.0569978281731401,0.882012724117987
14,32,"D7",12,0.0522248598414061,0.9162605228179
14,32,"D7",13,0.0485883125410374,0.93036750483559
14,32,"D7",14,0.0459619172685489,0.945945945945946
14,33,"D0",1,1,NA
14,33,"D0",2,0.830800464603281,0.830800464603281
14,33,"D0",3,0.743340848974652,0.894728494560493
14,33,"D0",4,0.68938112760648,0.927409180535951
14,33,"D0",5,0.653682104639851,0.948215839486968
14,33,"D0",6,0.624440976187455,0.955267050688948
14,33,"D0",7,0.603833269889608,0.966998151813053
14,33,"D0",8,0.586318318318318,0.970993728824363
14,33,"D0",9,0.570848623271158,0.97361553517289
14,33,"D0",10,0.557697161950683,0.976961560763494
14,33,"D0",11,0.546156123620912,0.97930590449949
14,33,"D0",12,0.535692789213916,0.980841861961326
14,33,"D0",13,0.526202258596625,0.982283631946553
14,33,"D0",14,0.517531616123165,0.983522224901535
14,33,"D1",1,1,NA
14,33,"D1",2,0.686104834202844,0.686104834202844
14,33,"D1",3,0.542404709590306,0.790556606732705
14,33,"D1",4,0.45965813817066,0.847444961379213
14,33,"D1",5,0.404704300347457,0.880446285489674
14,33,"D1",6,0.369491087947295,0.912990268771717
14,33,"D1",7,0.340325526826407,0.921065589746922
14,33,"D1",8,0.320864130680024,0.942815349974291
14,33,"D1",9,0.303312485898651,0.945298825567773
14,33,"D1",10,0.290943007987004,0.959218698580777
14,33,"D1",11,0.279060928241922,0.959160112396951
14,33,"D1",12,0.269600441524091,0.966098848816165
14,33,"D1",13,0.261540544199269,0.970104287369641
14,33,"D1",14,0.254591399305086,0.973429951690821
14,33,"D3",1,1,NA
14,33,"D3",2,0.586768461813089,0.586768461813089
14,33,"D3",3,0.459252190151869,0.782680426846391
14,33,"D3",4,0.399704748304177,0.870338251782751
14,33,"D3",5,0.360698679043199,0.902412794878047
14,33,"D3",6,0.335887540164227,0.931213668581247
14,33,"D3",7,0.317341663691539,0.944785458657917
14,33,"D3",8,0.300842556229918,0.948008379140351
14,33,"D3",9,0.288694394858979,0.959619538129257
14,33,"D3",10,0.278830417707961,0.96583246046105
14,33,"D3",11,0.27030181528575,0.969412941054572
14,33,"D3",12,0.262708373383132,0.971907543815087
14,33,"D3",13,0.255980007140307,0.974388459126072
14,33,"D3",14,0.249910746162085,0.97629009762901
14,33,"D5",1,1,NA
14,33,"D5",2,0.561782906472285,0.561782906472285
14,33,"D5",3,0.415027857913629,0.738769110152881
14,33,"D5",4,0.340801603206413,0.821153560437228
14,33,"D5",5,0.293955911823647,0.862542632012231
14,33,"D5",6,0.26225250501002,0.892149109650678
14,33,"D5",7,0.236813627254509,0.902998532827974
14,33,"D5",8,0.217891783567134,0.92009816366252
14,33,"D5",9,0.203002004008016,0.9316643366934
14,33,"D5",10,0.190673346693387,0.93926829749847
14,33,"D5",11,0.178389746526019,0.935577780636953
14,33,"D5",12,0.168644982272237,0.945373742361583
14,33,"D5",13,0.160034354423132,0.948942282580308
14,33,"D5",14,0.152304609218437,0.95169946332737
14,33,"D6",1,1,NA
14,33,"D6",2,0.445787273039693,0.445787273039693
14,33,"D6",3,0.291626095423564,0.654182191956829
14,33,"D6",4,0.223796723752792,0.767409800648139
14,33,"D6",5,0.18594043186895,0.830845191792626
14,33,"D6",6,0.163746835443038,0.880641363457981
14,33,"D6",7,0.147198064035741,0.898936847466259
14,33,"D6",8,0.135553983618764,0.920895152437945
14,33,"D6",9,0.126312732688012,0.931826046833545
14,33,"D6",10,0.11934921816828,0.94487084261781
14,33,"D6",11,0.1130219371098,0.946985148662151
14,33,"D6",12,0.107738129331577,0.953249714937286
14,33,"D6",13,0.103127326880119,0.957203615098352
14,33,"D6",14,0.0990320178704393,0.96028880866426
14,33,"D7",1,1,NA
14,33,"D7",2,0.324846642418978,0.324846642418978
14,33,"D7",3,0.188806253732154,0.581216577540107
14,33,"D7",4,0.130525052928723,0.691317423806785
14,33,"D7",5,0.100519407198306,0.770115812580425
14,33,"D7",6,0.0790204657727594,0.786121486141144
14,33,"D7",7,0.0667297106563162,0.84446111527882
14,33,"D7",8,0.0580254057868737,0.869558779982233
14,33,"D7",9,0.0519195483415667,0.894772688574834
14,33,"D7",10,0.0477896965419901,0.920456707897241
14,33,"D7",11,0.0446501275717931,0.934304479890587
14,33,"D7",12,0.0425601216003474,0.953191489361702
14,33,"D7",13,0.0409315455187015,0.961734693877551
14,33,"D7",14,0.0395201129146083,0.96551724137931
14,34,"D0",1,1,NA
14,34,"D0",2,0.830800464603281,0.830800464603281
14,34,"D0",3,0.743340848974652,0.894728494560493
14,34,"D0",4,0.688267309563084,0.925910785761963
14,34,"D0",5,0.653679736074102,0.949746889023484
14,34,"D0",6,0.626267140379816,0.958064180084698
14,34,"D0",7,0.604468045510299,0.96519201876647
14,34,"D0",8,0.58561070930085,0.968803419222054
14,34,"D0",9,0.57104580636975,0.975128694370209
14,34,"D0",10,0.557833354481242,0.976862710939947
14,34,"D0",11,0.546156123620912,0.979066811321835
14,34,"D0",12,0.535692789213916,0.980841861961326
14,34,"D0",13,0.526202258596625,0.982283631946553
14,34,"D0",14,0.517531616123165,0.983522224901535
14,34,"D1",1,1,NA
14,34,"D1",2,0.686104834202844,0.686104834202844
14,34,"D1",3,0.542404709590306,0.790556606732705
14,34,"D1",4,0.460684716393665,0.849337603911355
14,34,"D1",5,0.403412391137584,0.87567999714768
14,34,"D1",6,0.372604936600334,0.923632850120503
14,34,"D1",7,0.343179730156581,0.9210284042068
14,34,"D1",8,0.320188800144398,0.933006153942444
14,34,"D1",9,0.303608772167321,0.948217963996243
14,34,"D1",10,0.290919633590542,0.958205625989667
14,34,"D1",11,0.279060928241922,0.959237177627858
14,34,"D1",12,0.269600441524091,0.966098848816165
14,34,"D1",13,0.261540544199269,0.970104287369641
14,34,"D1",14,0.254591399305086,0.973429951690821
14,34,"D3",1,1,NA
14,34,"D3",2,0.587283462373977,0.587283462373977
14,34,"D3",3,0.460897900072411,0.784796320007588
14,34,"D3",4,0.400475018102824,0.868901806755695
14,34,"D3",5,0.361318609703114,0.902225091130012
14,34,"D3",6,0.336537291817524,0.931414222184813
14,34,"D3",7,0.317554670528602,0.943594300689821
14,34,"D3",8,0.302756335988414,0.953399096553816
14,34,"D3",9,0.290254163649529,0.958705497283587
14,34,"D3",10,0.281094858797972,0.968443846812078
14,34,"D3",11,0.272113295827995,0.96804792870142
14,34,"D3",12,0.264858240962513,0.97333810961568
14,34,"D3",13,0.258689355539464,0.9767087276551
14,34,"D3",14,0.253439536567705,0.979706088173548
14,34,"D5",1,1,NA
14,34,"D5",2,0.554659213618751,0.554659213618751
14,34,"D5",3,0.408329627982807,0.736181096350588
14,34,"D5",4,0.336547206165703,0.824204718693285
14,34,"D5",5,0.288986512524085,0.85868046808803
14,34,"D5",6,0.258381502890173,0.894095370172818
14,34,"D5",7,0.235583815028902,0.911767337807606
14,34,"D5",8,0.21888246628131,0.929106552818399
14,34,"D5",9,0.203055876685934,0.927693661971831
14,34,"D5",10,0.189610789980732,0.933786271421251
14,34,"D5",11,0.178820216392471,0.943090930693565
14,34,"D5",12,0.169472146350759,0.947723639808182
14,34,"D5",13,0.16129920176163,0.951774112943528
14,34,"D5",14,0.154142581888247,0.955631399317406
14,34,"D6",1,1,NA
14,34,"D6",2,0.445317357146894,0.445317357146894
14,34,"D6",3,0.290284293223309,0.65185937301688
14,34,"D6",4,0.220749448934607,0.760459501557632
14,34,"D6",5,0.185152828802351,0.838746505125816
14,34,"D6",6,0.162841293166789,0.879496652684797
14,34,"D6",7,0.14655767817781,0.900003158459935
14,34,"D6",8,0.135648787656135,0.925565888752413
14,34,"D6",9,0.12604628949302,0.929210586183362
14,34,"D6",10,0.119241734019104,0.946015424164524
14,34,"D6",11,0.112558639009778,0.943953389605564
14,34,"D6",12,0.107047985078845,0.951041928194828
14,34,"D6",13,0.102130786186627,0.954065469904963
14,34,"D6",14,0.097722263041881,0.956834532374101
14,34,"D7",1,1,NA
14,34,"D7",2,0.363626751255617,0.363626751255617
14,34,"D7",3,0.225852498017446,0.621110788019773
14,34,"D7",4,0.166383505154639,0.736691011235955
14,34,"D7",5,0.129762199312715,0.779898218829516
14,34,"D7",6,0.105534020618557,0.813287854070888
14,34,"D7",7,0.0916302405498282,0.86825309992706
14,34,"D7",8,0.078592439862543,0.857712905596976
14,34,"D7",9,0.0705676975945017,0.897894221351616
14,34,"D7",10,0.0641883161512027,0.909599127352059
14,34,"D7",11,0.0584192439862543,0.910122705955415
14,34,"D7",12,0.0542426645519429,0.928506787330317
14,34,"D7",13,0.0508591065292096,0.937621832358674
14,34,"D7",14,0.0481099656357388,0.945945945945946
14,35,"D0",1,1,NA
14,35,"D0",2,0.830800464603281,0.830800464603281
14,35,"D0",3,0.743340848974652,0.894728494560493
14,35,"D0",4,0.688983800702111,0.926874665441136
14,35,"D0",5,0.65217865753077,0.946580539144993
14,35,"D0",6,0.625896459840122,0.95970092337864
14,35,"D0",7,0.603772279321575,0.964652012052923
14,35,"D0",8,0.585967770587489,0.970511218643406
14,35,"D0",9,0.570482679862962,0.973573477071952
14,35,"D0",10,0.557598866472106,0.977415942945103
14,35,"D0",11,0.546156123620912,0.979478539969798
14,35,"D0",12,0.535692789213916,0.980841861961326
14,35,"D0",13,0.526202258596625,0.982283631946553
14,35,"D0",14,0.517531616123165,0.983522224901535
14,35,"D1",1,1,NA
14,35,"D1",2,0.686104834202844,0.686104834202844
14,35,"D1",3,0.542404709590306,0.790556606732705
14,35,"D1",4,0.461143359956681,0.85018317835956
14,35,"D1",5,0.406560353774649,0.881635493597568
14,35,"D1",6,0.369539731961554,0.908941879183785
14,35,"D1",7,0.341945309327196,0.925327589301741
14,35,"D1",8,0.322185731690808,0.942214216433421
14,35,"D1",9,0.303259419701277,0.941256517195199
14,35,"D1",10,0.290471097874645,0.957830421758277
14,35,"D1",11,0.279060928241922,0.960718399468277
14,35,"D1",12,0.269600441524091,0.966098848816165
14,35,"D1",13,0.261540544199269,0.970104287369641
14,35,"D1",14,0.254591399305086,0.973429951690821
14,35,"D3",1,1,NA
14,35,"D3",2,0.590950385767943,0.590950385767943
14,35,"D3",3,0.463457131622124,0.784257262172457
14,35,"D3",4,0.398909924202362,0.860726692900715
14,35,"D3",5,0.363864269346025,0.912146445274801
14,35,"D3",6,0.339195839943592,0.932204309461962
14,35,"D3",7,0.319050943063635,0.940609835063697
14,35,"D3",8,0.303868852459016,0.952414838649794
14,35,"D3",9,0.29189247311828,0.96058701231199
14,35,"D3",10,0.28119442975498,0.963349368865141
14,35,"D3",11,0.272207080773977,0.968038666381712
14,35,"D3",12,0.264491721921653,0.971656288916563
14,35,"D3",13,0.257711968975851,0.974366861478519
14,35,"D3",14,0.251718667371761,0.976744186046512
14,35,"D5",1,1,NA
14,35,"D5",2,0.552591973244147,0.552591973244147
14,35,"D5",3,0.407044314381271,0.736609169314571
14,35,"D5",4,0.33601902173913,0.82550968006984
14,35,"D5",5,0.292386956521739,0.870150014152279
14,35,"D5",6,0.263934239130435,0.902688144061622
14,35,"D5",7,0.241347826086957,0.914424088674921
14,35,"D5",8,0.224875,0.931746532156368
14,35,"D5",9,0.21080652173913,0.937438673659279
14,35,"D5",10,0.199199456521739,0.944939724247455
14,35,"D5",11,0.18813754180602,0.944468148112082
14,35,"D5",12,0.179055183946488,0.951724904171991
14,35,"D5",13,0.170923913043478,0.954587905673593
14,35,"D5",14,0.163586956521739,0.957074721780604
14,35,"D6",1,1,NA
14,35,"D6",2,0.465124993308709,0.465124993308709
14,35,"D6",3,0.311158396231465,0.668978018183911
14,35,"D6",4,0.242720250521921,0.780053675110748
14,35,"D6",5,0.207023660403619,0.852931141750457
14,35,"D6",6,0.184172581767571,0.88962093225723
14,35,"D6",7,0.169295755045233,0.919223444773593
14,35,"D6",8,0.157653444676409,0.931230937446049
14,35,"D6",9,0.147969380654141,0.938573723890743
14,35,"D6",10,0.141251913709116,0.954602317619173
14,35,"D6",11,0.135284513676998,0.957753492498466
14,35,"D6",12,0.130078689577646,0.961519438124443
14,35,"D6",13,0.125608907446068,0.965637860082305
14,35,"D6",14,0.12178148921364,0.969529085872576
14,35,"D7",1,1,NA
14,35,"D7",2,0.368754465348893,0.368754465348893
14,35,"D7",3,0.231983805668016,0.629101007491604
14,35,"D7",4,0.176625386996904,0.76136946925367
14,35,"D7",5,0.145721362229102,0.825030674846626
14,35,"D7",6,0.124491640866873,0.854312908982748
14,35,"D7",7,0.111393188854489,0.894784485760045
14,35,"D7",8,0.0996037151702786,0.894163424124514
14,35,"D7",9,0.0916891640866873,0.920539599651871
14,35,"D7",10,0.084225386996904,0.918596955658504
14,35,"D7",11,0.0768040009526078,0.91188659014925
14,35,"D7",12,0.070969278399619,0.924031007751938
14,35,"D7",13,0.0656346749226006,0.924832214765101
14,35,"D7",14,0.0606811145510836,0.924528301886792
14,36,"D0",1,1,NA
14,36,"D0",2,0.830800464603281,0.830800464603281
14,36,"D0",3,0.743340848974652,0.894728494560493
14,36,"D0",4,0.689314807765512,0.927319961921019
14,36,"D0",5,0.652286427272343,0.946282337074405
14,36,"D0",6,0.625940870447913,0.959610447614863
14,36,"D0",7,0.603207968531912,0.963682029742309
14,36,"D0",8,0.586543332064459,0.972373315113838
14,36,"D0",9,0.570412215031933,0.972497996054701
14,36,"D0",10,0.558005075498033,0.978248818649149
14,36,"D0",11,0.546156123620912,0.978765512362866
14,36,"D0",12,0.535692789213916,0.980841861961326
14,36,"D0",13,0.526202258596625,0.982283631946553
14,36,"D0",14,0.517531616123165,0.983522224901535
14,36,"D1",1,1,NA
14,36,"D1",2,0.686104834202844,0.686104834202844
14,36,"D1",3,0.542404709590306,0.790556606732705
14,36,"D1",4,0.461479445873381,0.850802800407006
14,36,"D1",5,0.403298046117052,0.873924179556434
14,36,"D1",6,0.371167727088128,0.920331081843131
14,36,"D1",7,0.340784802129868,0.918142330970909
14,36,"D1",8,0.320986056585894,0.941902498526244
14,36,"D1",9,0.302247371508506,0.941621498214911
14,36,"D1",10,0.290663146969902,0.961673034637862
14,36,"D1",11,0.279060928241922,0.9600836265315
14,36,"D1",12,0.269600441524091,0.966098848816165
14,36,"D1",13,0.261540544199269,0.970104287369641
14,36,"D1",14,0.254591399305086,0.973429951690821
14,36,"D3",1,1,NA
14,36,"D3",2,0.586979174101089,0.586979174101089
14,36,"D3",3,0.459147551279672,0.782221195467147
14,36,"D3",4,0.398034885878642,0.866899724869041
14,36,"D3",5,0.361989237335313,0.909440981627125
14,36,"D3",6,0.336945629987011,0.930816707334577
14,36,"D3",7,0.318931898311375,0.946538164996145
14,36,"D3",8,0.305313787344591,0.957300881351514
14,36,"D3",9,0.29348042308406,0.961241959089207
14,36,"D3",10,0.284107255520505,0.968062034717489
14,36,"D3",11,0.276096607048546,0.971804139752494
14,36,"D3",12,0.269009520818762,0.974331136099263
14,36,"D3",13,0.262757468918167,0.976758993950971
14,36,"D3",14,0.257190573390239,0.978813559322034
14,36,"D5",1,1,NA
14,36,"D5",2,0.550918127560463,0.550918127560463
14,36,"D5",3,0.401532638758916,0.728842669485128
14,36,"D5",4,0.327139767504731,0.81472771059378
14,36,"D5",5,0.282562314138956,0.863735755191762
14,36,"D5",6,0.251050013517167,0.88847663313554
14,36,"D5",7,0.226217896728846,0.901086972908595
14,36,"D5",8,0.208626115166261,0.92223523506776
14,36,"D5",9,0.192953230602866,0.924875730198469
14,36,"D5",10,0.181224114625574,0.939212647849199
14,36,"D5",11,0.170534655936116,0.941015252238676
14,36,"D5",12,0.161665314949986,0.94799097615999
14,36,"D5",13,0.154095701540957,0.953177257525084
14,36,"D5",14,0.147607461476075,0.957894736842105
14,36,"D6",1,1,NA
14,36,"D6",2,0.450235478806907,0.450235478806907
14,36,"D6",3,0.293642072213501,0.652196652719665
14,36,"D6",4,0.225480952380952,0.767876860019603
14,36,"D6",5,0.187742857142857,0.832632890540854
14,36,"D6",6,0.163209523809524,0.869324811038401
14,36,"D6",7,0.145995238095238,0.894526463208263
14,36,"D6",8,0.134147619047619,0.918849277536775
14,36,"D6",9,0.1249,0.93106385999787
14,36,"D6",10,0.115657142857143,0.925997941210111
14,36,"D6",11,0.109536891679749,0.947082808495852
14,36,"D6",12,0.104029304029304,0.949719335960826
14,36,"D6",13,0.0993197278911565,0.954728370221328
14,36,"D6",14,0.0952380952380952,0.958904109589041
14,36,"D7",1,1,NA
14,36,"D7",2,0.371911015813455,0.371911015813455
14,36,"D7",3,0.23956043956044,0.644133756125685
14,36,"D7",4,0.178575609756098,0.745430297605728
14,36,"D7",5,0.147190243902439,0.824246066433566
14,36,"D7",6,0.121609756097561,0.826207993636906
14,36,"D7",7,0.105482926829268,0.867388688327317
14,36,"D7",8,0.0909560975609756,0.86228264890862
14,36,"D7",9,0.0817853658536585,0.899174085594766
14,36,"D7",10,0.071590243902439,0.875342955982345
14,36,"D7",11,0.0652640042883945,0.911632657339934
14,36,"D7",12,0.0590726346823908,0.905133470225873
14,36,"D7",13,0.0536585365853659,0.908348457350272
14,36,"D7",14,0.0487804878048781,0.909090909090909
14,37,"D0",1,1,NA
14,37,"D0",2,0.830800464603281,0.830800464603281
14,37,"D0",3,0.743340848974652,0.894728494560493
14,37,"D0",4,0.69103971577211,0.929640442504021
14,37,"D0",5,0.652218331007063,0.943821774814099
14,37,"D0",6,0.625183521549719,0.958549448593999
14,37,"D0",7,0.604238294632661,0.966497474429367
14,37,"D0",8,0.586499513598105,0.97064273947526
14,37,"D0",9,0.570809541936303,0.973248107972765
14,37,"D0",10,0.55763617138265,0.976921600663918
14,37,"D0",11,0.546156123620912,0.97941301452294
14,37,"D0",12,0.535692789213916,0.980841861961326
14,37,"D0",13,0.526202258596625,0.982283631946553
14,37,"D0",14,0.517531616123165,0.983522224901535
14,37,"D1",1,1,NA
14,37,"D1",2,0.686104834202844,0.686104834202844
14,37,"D1",3,0.542404709590306,0.790556606732705
14,37,"D1",4,0.456829204458283,0.84222942091218
14,37,"D1",5,0.407440368214431,0.891887743248775
14,37,"D1",6,0.368149902982717,0.903567568908549
14,37,"D1",7,0.342484815667163,0.930286312429752
14,37,"D1",8,0.320631650196291,0.936192308472707
14,37,"D1",9,0.304672623076576,0.950226288920808
14,37,"D1",10,0.290462885248861,0.953360634492769
14,37,"D1",11,0.279060928241922,0.960745563078843
14,37,"D1",12,0.269600441524091,0.966098848816165
14,37,"D1",13,0.261540544199269,0.970104287369641
14,37,"D1",14,0.254591399305086,0.973429951690821
14,37,"D3",1,1,NA
14,37,"D3",2,0.588950259703324,0.588950259703324
14,37,"D3",3,0.465557501459428,0.790486961825853
14,37,"D3",4,0.406632029577739,0.873430303030303
14,37,"D3",5,0.369859894921191,0.909569015764121
14,37,"D3",6,0.34437439190504,0.931094170073288
14,37,"D3",7,0.326500486475968,0.948097460643936
14,37,"D3",8,0.310691574236233,0.951580739096697
14,37,"D3",9,0.298127262113252,0.959560177472248
14,37,"D3",10,0.287897645456314,0.965687080797558
14,37,"D3",11,0.278683371502986,0.967994618577989
14,37,"D3",12,0.271019503944197,0.97249973144269
14,37,"D3",13,0.264448336252189,0.975753893736883
14,37,"D3",14,0.258805215022378,0.978660779985283
14,37,"D5",1,1,NA
14,37,"D5",2,0.558394725780403,0.558394725780403
14,37,"D5",3,0.413840401761023,0.741125198098257
14,37,"D5",4,0.341298820822548,0.824711215652732
14,37,"D5",5,0.29480529191832,0.863774715681185
14,37,"D5",6,0.263370721886684,0.893371757925072
14,37,"D5",7,0.238583836640782,0.905885950160526
14,37,"D5",8,0.218962899050906,0.917760826273332
14,37,"D5",9,0.203795225769341,0.930729482723745
14,37,"D5",10,0.189911993097498,0.931876555893626
14,37,"D5",11,0.178237207141435,0.938525283392349
14,37,"D5",12,0.168536094334196,0.945571898467076
14,37,"D5",13,0.160195570894449,0.950511945392492
14,37,"D5",14,0.153005464480874,0.955116696588869
14,37,"D6",1,1,NA
14,37,"D6",2,0.445265204109969,0.445265204109969
14,37,"D6",3,0.283310191613441,0.636272920044905
14,37,"D6",4,0.212532129963899,0.750174671633013
14,37,"D6",5,0.168606498194946,0.793322394235571
14,37,"D6",6,0.143896750902527,0.853447242206235
14,37,"D6",7,0.124503971119134,0.86523128797724
14,37,"D6",8,0.114329963898917,0.918283672972315
14,37,"D6",9,0.105065703971119,0.918969099509305
14,37,"D6",10,0.0967718411552347,0.92106022705407
14,37,"D6",11,0.0886559289086365,0.916133534820535
14,37,"D6",12,0.0820883088031102,0.925920125293657
14,37,"D6",13,0.076173285198556,0.927943166441137
14,37,"D6",14,0.0707581227436823,0.928909952606635
14,37,"D7",1,1,NA
14,37,"D7",2,0.319458176784655,0.319458176784655
14,37,"D7",3,0.178193593039351,0.557799442896936
14,37,"D7",4,0.122832904884319,0.68932279095575
14,37,"D7",5,0.091413881748072,0.744213302080281
14,37,"D7",6,0.074318766066838,0.812992125984252
14,37,"D7",7,0.0633149100257069,0.851937046004843
14,37,"D7",8,0.0550282776349614,0.869120363791388
14,37,"D7",9,0.0495758354755784,0.900915631131459
14,37,"D7",10,0.0451580976863753,0.910889292196007
14,37,"D7",11,0.041452442159383,0.917940397916489
14,37,"D7",12,0.0390547755586316,0.942158616577221
14,37,"D7",13,0.0372750642673522,0.954430379746835
14,37,"D7",14,0.0359897172236504,0.96551724137931
14,38,"D0",1,1,NA
14,38,"D0",2,0.830800464603281,0.830800464603281
14,38,"D0",3,0.743340848974652,0.894728494560493
14,38,"D0",4,0.691662648564057,0.930478460208559
14,38,"D0",5,0.652668358499344,0.943622385644696
14,38,"D0",6,0.625049105443472,0.957682561600846
14,38,"D0",7,0.603700630207673,0.965845123127322
14,38,"D0",8,0.585643277079897,0.970088894686819
14,38,"D0",9,0.571149431121262,0.975251408961948
14,38,"D0",10,0.557669331303134,0.976398295991183
14,38,"D0",11,0.546156123620912,0.979354777040871
14,38,"D0",12,0.535692789213916,0.980841861961326
14,38,"D0",13,0.526202258596625,0.982283631946553
14,38,"D0",14,0.517531616123165,0.983522224901535
14,38,"D1",1,1,NA
14,38,"D1",2,0.686104834202844,0.686104834202844
14,38,"D1",3,0.542404709590306,0.790556606732705
14,38,"D1",4,0.460147105275033,0.848346441576061
14,38,"D1",5,0.404528676503768,0.879129026057827
14,38,"D1",6,0.369761472857723,0.914055033263579
14,38,"D1",7,0.34131988628672,0.923081260058841
14,38,"D1",8,0.320843914985786,0.940009439462506
14,38,"D1",9,0.302987771309959,0.944346322801173
14,38,"D1",10,0.290774965028654,0.959692081866858
14,38,"D1",11,0.279060928241922,0.959714424570294
14,38,"D1",12,0.269600441524091,0.966098848816165
14,38,"D1",13,0.261540544199269,0.970104287369641
14,38,"D1",14,0.254591399305086,0.973429951690821
14,38,"D3",1,1,NA
14,38,"D3",2,0.577482131483971,0.577482131483971
14,38,"D3",3,0.448000849196801,0.775783049850498
14,38,"D3",4,0.388360257589696,0.866873931792693
14,38,"D3",5,0.351043238270469,0.903911333381974
14,38,"D3",6,0.32663146274149,0.930459348400352
14,38,"D3",7,0.308023183072677,0.943029739044029
14,38,"D3",8,0.293294204231831,0.952182239356409
14,38,"D3",9,0.281689788408464,0.960434213646464
14,38,"D3",10,0.271803495860166,0.964903617542705
14,38,"D3",11,0.263406694501451,0.969107088442178
14,38,"D3",12,0.25623098152997,0.972758046316694
14,38,"D3",13,0.250045998160074,0.975861688024746
14,38,"D3",14,0.244710211591536,0.978660779985283
14,38,"D5",1,1,NA
14,38,"D5",2,0.557435897435897,0.557435897435897
14,38,"D5",3,0.412884615384615,0.740685372585097
14,38,"D5",4,0.34167,0.827519329296693
14,38,"D5",5,0.298822222222222,0.874593093400715
14,38,"D5",6,0.267450555555556,0.895015616866215
14,38,"D5",7,0.244988333333333,0.916013551829933
14,38,"D5",8,0.228161111111111,0.931314189564582
14,38,"D5",9,0.212792222222222,0.932640190898244
14,38,"D5",10,0.201596111111111,0.947384772835264
14,38,"D5",11,0.191645299145299,0.950639861498481
14,38,"D5",12,0.183461538461538,0.957297357564946
14,38,"D5",13,0.176666666666667,0.962962962962963
14,38,"D5",14,0.171111111111111,0.968553459119497
14,38,"D6",1,1,NA
14,38,"D6",2,0.453215379380742,0.453215379380742
14,38,"D6",3,0.30275865679064,0.668023793023793
14,38,"D6",4,0.236918679823069,0.782533131618759
14,38,"D6",5,0.200520585233072,0.846368827408718
14,38,"D6",6,0.17575025518884,0.876469889535574
14,38,"D6",7,0.159220823409323,0.905949315625424
14,38,"D6",8,0.147164341612793,0.924278234854151
14,38,"D6",9,0.137980265396393,0.937593060141128
14,38,"D6",10,0.131277985709425,0.951425809569841
14,38,"D6",11,0.125565995759939,0.956489354109007
14,38,"D6",12,0.121077289501924,0.964252214695154
14,38,"D6",13,0.117386866281048,0.969520103761349
14,38,"D6",14,0.114324600204151,0.973913043478261
14,38,"D7",1,1,NA
14,38,"D7",2,0.351997652696953,0.351997652696953
14,38,"D7",3,0.21981514988508,0.624479021950542
14,38,"D7",4,0.164671328671329,0.749135483870968
14,38,"D7",5,0.131785123966942,0.800291860339423
14,38,"D7",6,0.109401144310235,0.830147903018842
14,38,"D7",7,0.0959262555626192,0.876830458835015
14,38,"D7",8,0.0828963763509218,0.864167749118575
14,38,"D7",9,0.0742097902097902,0.895211509555508
14,38,"D7",10,0.0685136681500318,0.923242983929
14,38,"D7",11,0.0630348672306714,0.92003346095318
14,38,"D7",12,0.0590737933395276,0.937160589604344
14,38,"D7",13,0.0559440559440559,0.947019867549669
14,38,"D7",14,0.0534011443102352,0.954545454545454
14,39,"D0",1,1,NA
14,39,"D0",2,0.830800464603281,0.830800464603281
14,39,"D0",3,0.743340848974652,0.894728494560493
14,39,"D0",4,0.69009465803832,0.928369077241244
14,39,"D0",5,0.653487882248446,0.946953978902063
14,39,"D0",6,0.625024827644546,0.956444403366797
14,39,"D0",7,0.603950513894176,0.966282437403662
14,39,"D0",8,0.585814405955251,0.969970870921218
14,39,"D0",9,0.571177261768811,0.975014024855582
14,39,"D0",10,0.557627289261092,0.976277114978706
14,39,"D0",11,0.546156123620912,0.979428615024598
14,39,"D0",12,0.535692789213916,0.980841861961326
14,39,"D0",13,0.526202258596625,0.982283631946553
14,39,"D0",14,0.517531616123165,0.983522224901535
14,39,"D1",1,1,NA
14,39,"D1",2,0.686104834202844,0.686104834202844
14,39,"D1",3,0.542404709590306,0.790556606732705
14,39,"D1",4,0.460609539280718,0.849199004242847
14,39,"D1",5,0.405852172735887,0.881119773093846
14,39,"D1",6,0.369650918279861,0.910801871006405
14,39,"D1",7,0.341570055502911,0.924034105183284
14,39,"D1",8,0.32191913722305,0.942468849469465
14,39,"D1",9,0.304821713821578,0.946889074228524
14,39,"D1",10,0.290058571364108,0.951567943528749
14,39,"D1",11,0.279060928241922,0.962084750433453
14,39,"D1",12,0.269600441524091,0.966098848816165
14,39,"D1",13,0.261540544199269,0.970104287369641
14,39,"D1",14,0.254591399305086,0.973429951690821
14,39,"D3",1,1,NA
14,39,"D3",2,0.583541910006118,0.583541910006118
14,39,"D3",3,0.455392402247066,0.780393652004003
14,39,"D3",4,0.396071945046999,0.869737709923664
14,39,"D3",5,0.358526030368764,0.905204306571675
14,39,"D3",6,0.334823210412147,0.933888147724626
14,39,"D3",7,0.315597252349964,0.942578777503156
14,39,"D3",8,0.301379609544469,0.95495004249996
14,39,"D3",9,0.28877151120752,0.95816539029961
14,39,"D3",10,0.278653651482285,0.964962403379314
14,39,"D3",11,0.269995550364314,0.968928807959578
14,39,"D3",12,0.26258412592469,0.972549827470773
14,39,"D3",13,0.256146059291396,0.975481889430206
14,39,"D3",14,0.250542299349241,0.978122794636556
14,39,"D5",1,1,NA
14,39,"D5",2,0.557826338701722,0.557826338701722
14,39,"D5",3,0.409362870193648,0.733853606027987
14,39,"D5",4,0.333790911625314,0.815391272460579
14,39,"D5",5,0.287735712294396,0.862023806739786
14,39,"D5",6,0.255391692221912,0.887591221073764
14,39,"D5",7,0.230525787566211,0.902636203866432
14,39,"D5",8,0.211038193476443,0.915464580793715
14,39,"D5",9,0.192858098689713,0.913854006768878
14,39,"D5",10,0.17695344298857,0.917531823609172
14,39,"D5",11,0.164397074907251,0.929041402816161
14,39,"D5",12,0.152688125924814,0.928776415340464
14,39,"D5",13,0.14218009478673,0.931179775280899
14,39,"D5",14,0.132701421800948,0.933333333333333
14,39,"D6",1,1,NA
14,39,"D6",2,0.444415083370769,0.444415083370769
14,39,"D6",3,0.284094812779114,0.639255559519562
14,39,"D6",4,0.209365166609413,0.736955259975816
14,39,"D6",5,0.171765716248712,0.820412101164634
14,39,"D6",6,0.147391961525249,0.858098838023239
14,39,"D6",7,0.127803503950532,0.86709955297419
14,39,"D6",8,0.114496049467537,0.895875667946113
14,39,"D6",9,0.101962899347303,0.890536396858067
14,39,"D6",10,0.0918680865681896,0.90099523607377
14,39,"D6",11,0.0825383822635626,0.898444556176731
14,39,"D6",12,0.0749940543825807,0.908596126140547
14,39,"D6",13,0.0683613878392305,0.911557434813249
14,39,"D6",14,0.0625214702851254,0.914572864321608
14,39,"D7",1,1,NA
14,39,"D7",2,0.371883289124668,0.371883289124668
14,39,"D7",3,0.23159151193634,0.622753209700428
14,39,"D7",4,0.16772,0.724206161951666
14,39,"D7",5,0.127496551724138,0.760175004317541
14,39,"D7",6,0.104990344827586,0.823475956077243
14,39,"D7",7,0.0891075862068966,0.848721721537613
14,39,"D7",8,0.0767103448275862,0.860873334055694
14,39,"D7",9,0.0677310344827586,0.882945248584015
14,39,"D7",10,0.0614358620689655,0.907056307911618
14,39,"D7",11,0.056604774535809,0.921363721929493
14,39,"D7",12,0.0530503978779841,0.937207122774133
14,39,"D7",13,0.0503448275862069,0.949
14,39,"D7",14,0.0482758620689655,0.958904109589041
14,40,"D0",1,1,NA
14,40,"D0",2,0.830800464603281,0.830800464603281
14,40,"D0",3,0.743340848974652,0.894728494560493
14,40,"D0",4,0.691380197098507,0.930098484500323
14,40,"D0",5,0.652901070084169,0.944344476200183
14,40,"D0",6,0.625558347079474,0.958121185187872
14,40,"D0",7,0.602971704098465,0.963893627051004
14,40,"D0",8,0.585943492788563,0.971759518408312
14,40,"D0",9,0.570706509326228,0.973995814187096
14,40,"D0",10,0.557824472359684,0.977427913023539
14,40,"D0",11,0.546156123620912,0.979082400796415
14,40,"D0",12,0.535692789213916,0.980841861961326
14,40,"D0",13,0.526202258596625,0.982283631946553
14,40,"D0",14,0.517531616123165,0.983522224901535
14,40,"D1",1,1,NA
14,40,"D1",2,0.686104834202844,0.686104834202844
14,40,"D1",3,0.542404709590306,0.790556606732705
14,40,"D1",4,0.458927846216326,0.846098564599425
14,40,"D1",5,0.403883669509499,0.880059191960906
14,40,"D1",6,0.369001489102477,0.913633100220704
14,40,"D1",7,0.343798204052164,0.931698690128282
14,40,"D1",8,0.321085239835747,0.933935186546321
14,40,"D1",9,0.30582870809079,0.952484481215138
14,40,"D1",10,0.290056676142773,0.948428543394512
14,40,"D1",11,0.279060928241922,0.962091036665403
14,40,"D1",12,0.269600441524091,0.966098848816165
14,40,"D1",13,0.261540544199269,0.970104287369641
14,40,"D1",14,0.254591399305086,0.973429951690821
14,40,"D3",1,1,NA
14,40,"D3",2,0.580463672519158,0.580463672519158
14,40,"D3",3,0.450320801518784,0.775794977081742
14,40,"D3",4,0.385828499369483,0.856785869247457
14,40,"D3",5,0.351548549810845,0.911152365326413
14,40,"D3",6,0.325934426229508,0.927139157322314
14,40,"D3",7,0.306035308953342,0.938947482454172
14,40,"D3",8,0.290247162673392,0.94841070354285
14,40,"D3",9,0.277581336696091,0.956361930085243
14,40,"D3",10,0.268605296343001,0.967663386667394
14,40,"D3",11,0.259710655044829,0.966885830550362
14,40,"D3",12,0.252179094549839,0.971000186751327
14,40,"D3",13,0.245541343902,0.973678426200681
14,40,"D3",14,0.239596469104666,0.975788701393984
14,40,"D5",1,1,NA
14,40,"D5",2,0.562831108285654,0.562831108285654
14,40,"D5",3,0.416857385039203,0.740643825301205
14,40,"D5",4,0.34374435261708,0.824609002872176
14,40,"D5",5,0.301073278236915,0.875863926038955
14,40,"D5",6,0.271384022038567,0.901388604222177
14,40,"D5",7,0.248741046831956,0.91656481823608
14,40,"D5",8,0.231381818181818,0.930211644313513
14,40,"D5",9,0.215734986225895,0.932376570990432
14,40,"D5",10,0.20451955922865,0.948012943132453
14,40,"D5",11,0.193833439287985,0.947750132158663
14,40,"D5",12,0.184827293918203,0.953536678692467
14,40,"D5",13,0.176859504132231,0.956890621417106
14,40,"D5",14,0.16969696969697,0.959501557632399
14,40,"D6",1,1,NA
14,40,"D6",2,0.455445544554455,0.455445544554455
14,40,"D6",3,0.298335328038298,0.655040611562351
14,40,"D6",4,0.22709900990099,0.76122064186725
14,40,"D6",5,0.189762376237624,0.835593146444609
14,40,"D6",6,0.16659900990099,0.877934884691641
14,40,"D6",7,0.149925742574257,0.899919769411345
14,40,"D6",8,0.138029702970297,0.920653789004458
14,40,"D6",9,0.12879702970297,0.93311096764938
14,40,"D6",10,0.12030198019802,0.934043125648614
14,40,"D6",11,0.114255793711239,0.949741587986928
14,40,"D6",12,0.108638885866609,0.950839185811213
14,40,"D6",13,0.103606789250354,0.953680520781172
14,40,"D6",14,0.099009900990099,0.955631399317406
14,40,"D7",1,1,NA
14,40,"D7",2,0.346704011203361,0.346704011203361
14,40,"D7",3,0.211713514054216,0.61064627813041
14,40,"D7",4,0.154928478543563,0.731783605008268
14,40,"D7",5,0.123633289986996,0.798002350176263
14,40,"D7",6,0.104226267880364,0.843027536445295
14,40,"D7",7,0.090927178153446,0.872401746724891
14,40,"D7",8,0.0810143042912874,0.890980078085894
14,40,"D7",9,0.0742509752925878,0.916516853932584
14,40,"D7",10,0.0683159947984395,0.92006865269094
14,40,"D7",11,0.0637941382414724,0.933809694635811
14,40,"D7",12,0.0602180654196259,0.943943551548412
14,40,"D7",13,0.0572171651495449,0.950166112956811
14,40,"D7",14,0.0546163849154746,0.954545454545454
14,41,"D0",1,1,NA
14,41,"D0",2,0.830800464603281,0.830800464603281
14,41,"D0",3,0.743340848974652,0.894728494560493
14,41,"D0",4,0.689584824260881,0.927683209138956
14,41,"D0",5,0.652337351435943,0.945985654680175
14,41,"D0",6,0.624885082265364,0.957917066821101
14,41,"D0",7,0.603893076174766,0.966406613493642
14,41,"D0",8,0.586011589053843,0.970389647064361
14,41,"D0",9,0.571174301061625,0.974680896642038
14,41,"D0",10,0.558118174512541,0.97714160716822
14,41,"D0",11,0.546156123620912,0.978567171903914
14,41,"D0",12,0.535692789213916,0.980841861961326
14,41,"D0",13,0.526202258596625,0.982283631946553
14,41,"D0",14,0.517531616123165,0.983522224901535
14,41,"D1",1,1,NA
14,41,"D1",2,0.686104834202844,0.686104834202844
14,41,"D1",3,0.542404709590306,0.790556606732705
14,41,"D1",4,0.459557059699472,0.847258608883741
14,41,"D1",5,0.407802987229818,0.887382706070279
14,41,"D1",6,0.368811966969,0.904387605089207
14,41,"D1",7,0.341558684174902,0.926105210147944
14,41,"D1",8,0.31842940300528,0.932283141254349
14,41,"D1",9,0.30289174676233,0.951205334380846
14,41,"D1",10,0.290268309191824,0.958323600080091
14,41,"D1",11,0.279060928241922,0.961389581311492
14,41,"D1",12,0.269600441524091,0.966098848816165
14,41,"D1",13,0.261540544199269,0.970104287369641
14,41,"D1",14,0.254591399305086,0.973429951690821
14,41,"D3",1,1,NA
14,41,"D3",2,0.577776513427401,0.577776513427401
14,41,"D3",3,0.448786697769686,0.776747907434761
14,41,"D3",4,0.386511834319527,0.861237278734767
14,41,"D3",5,0.351597263313609,0.909667523977924
14,41,"D3",6,0.326393121301775,0.928315306625828
14,41,"D3",7,0.307197485207101,0.941188600978736
14,41,"D3",8,0.29343823964497,0.955210422530464
14,41,"D3",9,0.28214349112426,0.961508941253275
14,41,"D3",10,0.270263683431953,0.957894447095093
14,41,"D3",11,0.262502844788348,0.971284197177165
14,41,"D3",12,0.25506372325899,0.971660796532105
14,41,"D3",13,0.248705621301775,0.975072496096364
14,41,"D3",14,0.243343195266272,0.978438661710037
14,41,"D5",1,1,NA
14,41,"D5",2,0.552469752469752,0.552469752469752
14,41,"D5",3,0.408436008436008,0.739291167724825
14,41,"D5",4,0.334650505050505,0.819346233286227
14,41,"D5",5,0.290816161616162,0.869014560645208
14,41,"D5",6,0.26009696969697,0.894369034552704
14,41,"D5",7,0.235733333333333,0.906328641998322
14,41,"D5",8,0.218529292929293,0.927019059372001
14,41,"D5",9,0.200525252525253,0.917612690899678
14,41,"D5",10,0.18740202020202,0.934555712270804
14,41,"D5",11,0.176201576201576,0.940233066920144
14,41,"D5",12,0.165168165168165,0.937381882323296
14,41,"D5",13,0.154978354978355,0.938306451612903
14,41,"D5",14,0.145454545454545,0.93854748603352
14,41,"D6",1,1,NA
14,41,"D6",2,0.459077778966513,0.459077778966513
14,41,"D6",3,0.302637209799936,0.659228618037753
14,41,"D6",4,0.230780945757997,0.762566327883341
14,41,"D6",5,0.194977746870654,0.844860680461516
14,41,"D6",6,0.167961057023644,0.861437059969042
14,41,"D6",7,0.150475660639777,0.895896127985161
14,41,"D6",8,0.137668289290682,0.914887422360248
14,41,"D6",9,0.127105006954103,0.923270039956154
14,41,"D6",10,0.119374826147427,0.939182719926468
14,41,"D6",11,0.112683213865411,0.943944527519131
14,41,"D6",12,0.106932705680967,0.948967481604557
14,41,"D6",13,0.101877607788595,0.952726363181591
14,41,"D6",14,0.0973574408901252,0.955631399317406
14,41,"D7",1,1,NA
14,41,"D7",2,0.359957293202501,0.359957293202501
14,41,"D7",3,0.21938075143627,0.609463276836158
14,41,"D7",4,0.159940515532056,0.729054461181924
14,41,"D7",5,0.124667547918044,0.779461961238068
14,41,"D7",6,0.105060145406477,0.842722482001039
14,41,"D7",7,0.0928922670191672,0.884181786154659
14,41,"D7",8,0.0835836087243886,0.899790815818309
14,41,"D7",9,0.0758294778585592,0.9072290490424
14,41,"D7",10,0.0726556510244547,0.958145210494204
14,41,"D7",11,0.0687376074025116,0.946073793755913
14,41,"D7",12,0.0667039503787686,0.970414201183432
14,41,"D7",13,0.0654329147389293,0.980945121951219
14,41,"D7",14,0.0647719762062128,0.98989898989899
14,42,"D0",1,1,NA
14,42,"D0",2,0.830800464603281,0.830800464603281
14,42,"D0",3,0.743340848974652,0.894728494560493
14,42,"D0",4,0.689064924079009,0.926983798925473
14,42,"D0",5,0.652438607621706,0.946846349048667
14,42,"D0",6,0.624639343568921,0.957391754981944
14,42,"D0",7,0.604466861227425,0.967705392641073
14,42,"D0",8,0.585959480607368,0.96938230727409
14,42,"D0",9,0.570536564733748,0.973679210962448
14,42,"D0",10,0.557897897897898,0.977847753120349
14,42,"D0",11,0.546156123620912,0.978953542715921
14,42,"D0",12,0.535692789213916,0.980841861961326
14,42,"D0",13,0.526202258596625,0.982283631946553
14,42,"D0",14,0.517531616123165,0.983522224901535
14,42,"D1",1,1,NA
14,42,"D1",2,0.686104834202844,0.686104834202844
14,42,"D1",3,0.542404709590306,0.790556606732705
14,42,"D1",4,0.462190785614368,0.852114256093893
14,42,"D1",5,0.405348043860837,0.877014550002392
14,42,"D1",6,0.370361626280403,0.913687957521153
14,42,"D1",7,0.342238436893642,0.924065595917142
14,42,"D1",8,0.319712467848924,0.934180481744899
14,42,"D1",9,0.303189928252335,0.948320627882438
14,42,"D1",10,0.29025630612337,0.957341517894351
14,42,"D1",11,0.279060928241922,0.961429337984169
14,42,"D1",12,0.269600441524091,0.966098848816165
14,42,"D1",13,0.261540544199269,0.970104287369641
14,42,"D1",14,0.254591399305086,0.973429951690821
14,42,"D3",1,1,NA
14,42,"D3",2,0.596123022124803,0.596123022124803
14,42,"D3",3,0.471073361189123,0.790228432228708
14,42,"D3",4,0.408917186108638,0.868054149944745
14,42,"D3",5,0.374155298308103,0.914990396634249
14,42,"D3",6,0.348137488869101,0.930462539066925
14,42,"D3",7,0.330434906500445,0.949150600166156
14,42,"D3",8,0.314679608192342,0.95231950983943
14,42,"D3",9,0.303761353517364,0.965303583738085
14,42,"D3",10,0.294234372217275,0.968636624805056
14,42,"D3",11,0.286286731967943,0.972988742989336
14,42,"D3",12,0.279690389752723,0.976958966383539
14,42,"D3",13,0.274087266251113,0.979966692789969
14,42,"D3",14,0.269278717720392,0.982456140350877
14,42,"D5",1,1,NA
14,42,"D5",2,0.546735432898058,0.546735432898058
14,42,"D5",3,0.400757160100955,0.733000160565189
14,42,"D5",4,0.327703851640514,0.81771178226226
14,42,"D5",5,0.283630813124108,0.86550954987019
14,42,"D5",6,0.25310242510699,0.892365756453407
14,42,"D5",7,0.229659914407989,0.907379351702806
14,42,"D5",8,0.211757489300999,0.922048106857749
14,42,"D5",9,0.19873209700428,0.93848910685655
14,42,"D5",10,0.1876,0.943984403264059
14,42,"D5",11,0.178459343794579,0.951275819800529
14,42,"D5",12,0.171052342806979,0.958494742667405
14,42,"D5",13,0.16490727532097,0.964074929432897
14,42,"D5",14,0.159771754636234,0.968858131487889
14,42,"D6",1,1,NA
14,42,"D6",2,0.454791258402997,0.454791258402997
14,42,"D6",3,0.30208617567534,0.664230391622123
14,42,"D6",4,0.235968397291196,0.78112941369683
14,42,"D6",5,0.198501128668172,0.84121912487803
14,42,"D6",6,0.174261851015801,0.8778884643377
14,42,"D6",7,0.157006772009029,0.900981890722558
14,42,"D6",8,0.144297968397291,0.919055697731259
14,42,"D6",9,0.134040632054176,0.928915587259871
14,42,"D6",10,0.125106094808126,0.933344560458067
14,42,"D6",11,0.118683799270707,0.94866520654114
14,42,"D6",12,0.112916428943517,0.951405580520431
14,42,"D6",13,0.108029667849081,0.956722319859402
14,42,"D6",14,0.103837471783296,0.961194029850746
14,42,"D7",1,1,NA
14,42,"D7",2,0.336653870450459,0.336653870450459
14,42,"D7",3,0.194567277321541,0.577944572748268
14,42,"D7",4,0.136586228679722,0.702
14,42,"D7",5,0.10612760581175,0.777000777000777
14,42,"D7",6,0.0881566645609602,0.830666666666667
14,42,"D7",7,0.0755893872394188,0.857443820224719
14,42,"D7",8,0.0668073278584965,0.883818883818884
14,42,"D7",9,0.0619873657612129,0.927852793222134
14,42,"D7",10,0.0576272899557802,0.92966186331859
14,42,"D7",11,0.0552262014675154,0.958334176566221
14,42,"D7",12,0.0537441080713349,0.97316322041355
14,42,"D7",13,0.0530638029058749,0.987341772151899
14,42,"D7",14,0.0530638029058749,1
14,43,"D0",1,1,NA
14,43,"D0",2,0.830800464603281,0.830800464603281
14,43,"D0",3,0.743340848974652,0.894728494560493
14,43,"D0",4,0.687791819989003,0.925271120156693
14,43,"D0",5,0.652911136488601,0.949285986708944
14,43,"D0",6,0.624791523918285,0.956931945254379
14,43,"D0",7,0.603978936683162,0.966688749065289
14,43,"D0",8,0.586461024404686,0.970995822512159
14,43,"D0",9,0.570975933680159,0.973595703584486
14,43,"D0",10,0.557776508903269,0.976882695051936
14,43,"D0",11,0.546156123620912,0.979166592538639
14,43,"D0",12,0.535692789213916,0.980841861961326
14,43,"D0",13,0.526202258596625,0.982283631946553
14,43,"D0",14,0.517531616123165,0.983522224901535
14,43,"D1",1,1,NA
14,43,"D1",2,0.686104834202844,0.686104834202844
14,43,"D1",3,0.542404709590306,0.790556606732705
14,43,"D1",4,0.458270836153603,0.844887273378855
14,43,"D1",5,0.407683588285727,0.889612770708978
14,43,"D1",6,0.370730562700239,0.909358564712227
14,43,"D1",7,0.340705834574252,0.919011996455593
14,43,"D1",8,0.323282433103199,0.948860865582695
14,43,"D1",9,0.304478678759984,0.941834902185319
14,43,"D1",10,0.290804656829565,0.955090379444278
14,43,"D1",11,0.279060928241922,0.959616435597432
14,43,"D1",12,0.269600441524091,0.966098848816165
14,43,"D1",13,0.261540544199269,0.970104287369641
14,43,"D1",14,0.254591399305086,0.973429951690821
14,43,"D3",1,1,NA
14,43,"D3",2,0.586990474314418,0.586990474314418
14,43,"D3",3,0.459287191681558,0.782444028956326
14,43,"D3",4,0.398514724711908,0.86768090190552
14,43,"D3",5,0.360010243277849,0.903380028274001
14,43,"D3",6,0.335154929577465,0.930959426392762
14,43,"D3",7,0.315938540332907,0.9426641605159
14,43,"D3",8,0.302163892445583,0.956400862418338
14,43,"D3",9,0.290225352112676,0.960489851264884
14,43,"D3",10,0.280553137003841,0.966673431392445
14,43,"D3",11,0.271193595137257,0.966638969121718
14,43,"D3",12,0.263679981989841,0.972294282453046
14,43,"D3",13,0.256996524602158,0.974653148345784
14,43,"D3",14,0.250960307298335,0.976512455516014
14,43,"D5",1,1,NA
14,43,"D5",2,0.569784423567365,0.569784423567365
14,43,"D5",3,0.429234692765438,0.753328232593726
14,43,"D5",4,0.359033153867951,0.836449522648791
14,43,"D5",5,0.316684046472088,0.882046805595456
14,43,"D5",6,0.288961745536979,0.912460696255653
14,43,"D5",7,0.267440068007934,0.925520668872445
14,43,"D5",8,0.251218475488807,0.939344943186875
14,43,"D5",9,0.237404930575234,0.94501381760758
14,43,"D5",10,0.225979597619722,0.951874070484434
14,43,"D5",11,0.216426531813327,0.957725980986694
14,43,"D5",12,0.208165311594045,0.961828985799174
14,43,"D5",13,0.200906772456787,0.965130890052356
14,43,"D5",14,0.194389345423633,0.967559943582511
14,43,"D6",1,1,NA
14,43,"D6",2,0.443089983946015,0.443089983946015
14,43,"D6",3,0.287883322902778,0.649717514124294
14,43,"D6",4,0.224252564556067,0.778970321361059
14,43,"D6",5,0.187541563494871,0.836296181790076
14,43,"D6",6,0.164067916519278,0.874834961711117
14,43,"D6",7,0.150117438981252,0.914971325083006
14,43,"D6",8,0.138771842943049,0.924421865206347
14,43,"D6",9,0.130486735054828,0.940296909571051
14,43,"D6",10,0.12528192430138,0.960112338229155
14,43,"D6",11,0.119847078991048,0.956619078605006
14,43,"D6",12,0.115697532039944,0.965376319673062
14,43,"D6",13,0.112133003183587,0.969190968955785
14,43,"D6",14,0.108949416342412,0.971608832807571
14,43,"D7",1,1,NA
14,43,"D7",2,0.358055325797261,0.358055325797261
14,43,"D7",3,0.225369910853782,0.629427618069815
14,43,"D7",4,0.169622461170848,0.752640228361709
14,43,"D7",5,0.135408602150538,0.798294053840844
14,43,"D7",6,0.106179211469534,0.78413933666852
14,43,"D7",7,0.0910501792114695,0.857514177693762
14,43,"D7",8,0.0767240143369176,0.842656379167815
14,43,"D7",9,0.0652664277180406,0.850664922607369
14,43,"D7",10,0.0566857825567503,0.868528959507945
14,43,"D7",11,0.0487547100450326,0.86008709496464
14,43,"D7",12,0.042643139417333,0.874646559849199
14,43,"D7",13,0.0376344086021505,0.882543103448276
14,43,"D7",14,0.033452807646356,0.888888888888889
14,44,"D0",1,1,NA
14,44,"D0",2,0.830800464603281,0.830800464603281
14,44,"D0",3,0.743340848974652,0.894728494560493
14,44,"D0",4,0.691019582963245,0.929613358281631
14,44,"D0",5,0.652491900351055,0.944245165315034
14,44,"D0",6,0.625050881867783,0.957944277210938
14,44,"D0",7,0.603812544939305,0.966021427143638
14,44,"D0",8,0.585338324239733,0.969404046248443
14,44,"D0",9,0.570986000084592,0.97548029308728
14,44,"D0",10,0.557783614600516,0.976877917353281
14,44,"D0",11,0.546156123620912,0.9791541187743
14,44,"D0",12,0.535692789213916,0.980841861961326
14,44,"D0",13,0.526202258596625,0.982283631946553
14,44,"D0",14,0.517531616123165,0.983522224901535
14,44,"D1",1,1,NA
14,44,"D1",2,0.686104834202844,0.686104834202844
14,44,"D1",3,0.542404709590306,0.790556606732705
14,44,"D1",4,0.462832002165967,0.853296429737046
14,44,"D1",5,0.406603312124904,0.878511663459045
14,44,"D1",6,0.369313568882271,0.908289622512523
14,44,"D1",7,0.341414647353459,0.924457361224912
14,44,"D1",8,0.320056134650963,0.937441135381683
14,44,"D1",9,0.302634628401245,0.945567341589259
14,44,"D1",10,0.288899327647669,0.954614246141835
14,44,"D1",11,0.279060928241922,0.965945232597613
14,44,"D1",12,0.269600441524091,0.966098848816165
14,44,"D1",13,0.261540544199269,0.970104287369641
14,44,"D1",14,0.254591399305086,0.973429951690821
14,44,"D3",1,1,NA
14,44,"D3",2,0.581454443971152,0.581454443971152
14,44,"D3",3,0.455817335233031,0.78392613550245
14,44,"D3",4,0.396547259881612,0.869969676951583
14,44,"D3",5,0.359131945770479,0.905647276134747
14,44,"D3",6,0.33545999618102,0.934085647717376
14,44,"D3",7,0.31831621157151,0.948894697416445
14,44,"D3",8,0.304086308955509,0.955296330822269
14,44,"D3",9,0.292091273629941,0.960553846153846
14,44,"D3",10,0.282208134428108,0.966164209293173
14,44,"D3",11,0.27390167594483,0.970566197533213
14,44,"D3",12,0.26647669687578,0.972891808553425
14,44,"D3",13,0.2598816116097,0.975250799250358
14,44,"D3",14,0.253962192094711,0.97722263041881
14,44,"D5",1,1,NA
14,44,"D5",2,0.567244294167371,0.567244294167371
14,44,"D5",3,0.423341081994928,0.746311750242158
14,44,"D5",4,0.349911538461538,0.826547560214651
14,44,"D5",5,0.305184615384615,0.872176484166328
14,44,"D5",6,0.274615384615385,0.899833644200232
14,44,"D5",7,0.2511,0.91436974789916
14,44,"D5",8,0.231434615384615,0.921683056091658
14,44,"D5",9,0.216669230769231,0.936200621541223
14,44,"D5",10,0.203107692307692,0.937409024745269
14,44,"D5",11,0.192254860524091,0.946566121350245
14,44,"D5",12,0.182248520710059,0.947952734267656
14,44,"D5",13,0.173351648351648,0.951182745825603
14,44,"D5",14,0.165384615384615,0.954041204437401
14,44,"D6",1,1,NA
14,44,"D6",2,0.446362584976446,0.446362584976446
14,44,"D6",3,0.289018645454289,0.647497472194135
14,44,"D6",4,0.217839383938394,0.75372086667968
14,44,"D6",5,0.180783278327833,0.829892533936652
14,44,"D6",6,0.154580124679135,0.855057647526552
14,44,"D6",7,0.137946461312798,0.89239455330455
14,44,"D6",8,0.125543087642098,0.910085597320432
14,44,"D6",9,0.116522918958563,0.928150813772798
14,44,"D6",10,0.108796479647965,0.933691677314182
14,44,"D6",11,0.102959013850103,0.946345085642934
14,44,"D6",12,0.0984457420100985,0.956164383561644
14,44,"D6",13,0.094976164283095,0.964756446991404
14,44,"D6",14,0.0924092409240924,0.972972972972973
14,44,"D7",1,1,NA
14,44,"D7",2,0.40197157988569,0.40197157988569
14,44,"D7",3,0.261470295212626,0.6504696060527
14,44,"D7",4,0.196725289706885,0.7523810287777
14,44,"D7",5,0.163944103612815,0.833365673813913
14,44,"D7",6,0.141145194274029,0.860934862331917
14,44,"D7",7,0.121781867757328,0.862812711291413
14,44,"D7",8,0.11027266530334,0.905493299898127
14,44,"D7",9,0.0976468984321745,0.885504110774556
14,44,"D7",10,0.0898500340831629,0.920152462861611
14,44,"D7",11,0.0831891353363746,0.925866486142641
14,44,"D7",12,0.0769755125583346,0.925307280176489
14,44,"D7",13,0.0715746421267894,0.92983651226158
14,44,"D7",14,0.0668029993183367,0.933333333333333
14,45,"D0",1,1,NA
14,45,"D0",2,0.830800464603281,0.830800464603281
14,45,"D0",3,0.743340848974652,0.894728494560493
14,45,"D0",4,0.690285919722539,0.928626377353949
14,45,"D0",5,0.652626316457302,0.945443471771271
14,45,"D0",6,0.625434589519097,0.958334921144748
14,45,"D0",7,0.60344423296536,0.964839877866932
14,45,"D0",8,0.5858422366028,0.970830782032562
14,45,"D0",9,0.570709470033414,0.974169212078087
14,45,"D0",10,0.557747493972846,0.977287960440171
14,45,"D0",11,0.546156123620912,0.979217530374959
14,45,"D0",12,0.535692789213916,0.980841861961326
14,45,"D0",13,0.526202258596625,0.982283631946553
14,45,"D0",14,0.517531616123165,0.983522224901535
14,45,"D1",1,1,NA
14,45,"D1",2,0.686104834202844,0.686104834202844
14,45,"D1",3,0.542404709590306,0.790556606732705
14,45,"D1",4,0.457987184693832,0.844364321688436
14,45,"D1",5,0.407058165245251,0.888798156038739
14,45,"D1",6,0.367393077929696,0.902556708838757
14,45,"D1",7,0.341332521095618,0.929066282410839
14,45,"D1",8,0.3218692297279,0.942978502882631
14,45,"D1",9,0.304262623527819,0.945298883602619
14,45,"D1",10,0.290117323225486,0.953509569666089
14,45,"D1",11,0.279060928241922,0.961889917979937
14,45,"D1",12,0.269600441524091,0.966098848816165
14,45,"D1",13,0.261540544199269,0.970104287369641
14,45,"D1",14,0.254591399305086,0.973429951690821
14,45,"D3",1,1,NA
14,45,"D3",2,0.588851727982163,0.588851727982163
14,45,"D3",3,0.461594202898551,0.78388867853086
14,45,"D3",4,0.400935144927536,0.868587912087912
14,45,"D3",5,0.363779347826087,0.907327163578626
14,45,"D3",6,0.339327536231884,0.932783947905991
14,45,"D3",7,0.320858695652174,0.945572231523559
14,45,"D3",8,0.30661268115942,0.955600347798593
14,45,"D3",9,0.294935869565217,0.961916736287461
14,45,"D3",10,0.284783333333333,0.965577139712269
14,45,"D3",11,0.276721014492754,0.971689639466566
14,45,"D3",12,0.269732441471572,0.974745058542113
14,45,"D3",13,0.263768115942029,0.977887993387063
14,45,"D3",14,0.258695652173913,0.980769230769231
14,45,"D5",1,1,NA
14,45,"D5",2,0.5601105481345,0.5601105481345
14,45,"D5",3,0.418909433879494,0.747904918546366
14,45,"D5",4,0.349201596806387,0.833596879336074
14,45,"D5",5,0.304902195608782,0.873140897399257
14,45,"D5",6,0.271688622754491,0.891068108617665
14,45,"D5",7,0.251145708582834,0.924388021981251
14,45,"D5",8,0.233397205588822,0.92932985757884
14,45,"D5",9,0.216862275449102,0.929155406561078
14,45,"D5",10,0.203820359281437,0.93986083499006
14,45,"D5",11,0.192592836305411,0.94491461493048
14,45,"D5",12,0.18209734377399,0.945504242355219
14,45,"D5",13,0.172512118619903,0.947362081426162
14,45,"D5",14,0.163672654690619,0.948760330578512
14,45,"D6",1,1,NA
14,45,"D6",2,0.454898002549936,0.454898002549936
14,45,"D6",3,0.294066085847854,0.646444003269882
14,45,"D6",4,0.223521408839779,0.760106042814561
14,45,"D6",5,0.182232044198895,0.815277807816251
14,45,"D6",6,0.155841850828729,0.85518357385399
14,45,"D6",7,0.140343232044199,0.900549058535223
14,45,"D6",8,0.126705801104972,0.902828011436051
14,45,"D6",9,0.117279005524862,0.925600915681038
14,45,"D6",10,0.109089779005525,0.930173124484749
14,45,"D6",11,0.102701338716532,0.941438690707502
14,45,"D6",12,0.0970038249043774,0.94452347083926
14,45,"D6",13,0.0918508287292818,0.946878422782037
14,45,"D6",14,0.0870165745856354,0.947368421052632
14,45,"D7",1,1,NA
14,45,"D7",2,0.362785196865914,0.362785196865914
14,45,"D7",3,0.223328241265461,0.615593588698723
14,45,"D7",4,0.166627802690583,0.746111650485437
14,45,"D7",5,0.134636771300448,0.808009042467302
14,45,"D7",6,0.115533632286996,0.858113509192646
14,45,"D7",7,0.101659192825112,0.879909951870828
14,45,"D7",8,0.0941165919282511,0.925805028672254
14,45,"D7",9,0.0880448430493274,0.935486944920907
14,45,"D7",10,0.0839192825112108,0.953142507894469
14,45,"D7",11,0.0801261518750308,0.954800249445969
14,45,"D7",12,0.0770709111516286,0.961869618696187
14,45,"D7",13,0.0743113388853299,0.964194373401535
14,45,"D7",14,0.0717488789237668,0.96551724137931
14,46,"D0",1,1,NA
14,46,"D0",2,0.830800464603281,0.830800464603281
14,46,"D0",3,0.743340848974652,0.894728494560493
14,46,"D0",4,0.69024328553906,0.928569022530064
14,46,"D0",5,0.653548280675041,0.946837577948533
14,46,"D0",6,0.624887450831113,0.95614581096545
14,46,"D0",7,0.604530812502644,0.967423512343871
14,46,"D0",8,0.58562136784672,0.968720461778214
14,46,"D0",9,0.570936260203866,0.974923886918864
14,46,"D0",10,0.557931649959819,0.977222308074454
14,46,"D0",11,0.546156123620912,0.978894320944591
14,46,"D0",12,0.535692789213916,0.980841861961326
14,46,"D0",13,0.526202258596625,0.982283631946553
14,46,"D0",14,0.517531616123165,0.983522224901535
14,46,"D1",1,1,NA
14,46,"D1",2,0.686104834202844,0.686104834202844
14,46,"D1",3,0.542404709590306,0.790556606732705
14,46,"D1",4,0.461850277514553,0.85148648112477
14,46,"D1",5,0.408405035873832,0.88428015691939
14,46,"D1",6,0.370012273814359,0.905993416615621
14,46,"D1",7,0.342732457921574,0.926273213557042
14,46,"D1",8,0.319266459094806,0.931532604267853
14,46,"D1",9,0.305015026397726,0.955361948331539
14,46,"D1",10,0.29034095934299,0.95189067493481
14,46,"D1",11,0.279060928241922,0.96114901897895
14,46,"D1",12,0.269600441524091,0.966098848816165
14,46,"D1",13,0.261540544199269,0.970104287369641
14,46,"D1",14,0.254591399305086,0.973429951690821
14,46,"D3",1,1,NA
14,46,"D3",2,0.591938392831582,0.591938392831582
14,46,"D3",3,0.46751452864218,0.789802679305509
14,46,"D3",4,0.408133606252326,0.872985931448341
14,46,"D3",5,0.370645701525865,0.908147959020841
14,46,"D3",6,0.346879047264607,0.935877701634159
14,46,"D3",7,0.328815035355415,0.947924176880558
14,46,"D3",8,0.314270561965017,0.955767006290703
14,46,"D3",9,0.303047636769632,0.964288970862519
14,46,"D3",10,0.292022701898028,0.963619795920122
14,46,"D3",11,0.283687841745155,0.971458177399567
14,46,"D3",12,0.27605851535885,0.973106614864524
14,46,"D3",13,0.269259397097134,0.975370735248367
14,46,"D3",14,0.263118719761816,0.977194194885971
14,46,"D5",1,1,NA
14,46,"D5",2,0.556242860529776,0.556242860529776
14,46,"D5",3,0.405435696273466,0.728882517048977
14,46,"D5",4,0.328276267862146,0.809687629578438
14,46,"D5",5,0.279646959932754,0.851864686271464
14,46,"D5",6,0.248285233959092,0.88785243372142
14,46,"D5",7,0.222925189128607,0.897859230586934
14,46,"D5",8,0.203609974782852,0.913355622030618
14,46,"D5",9,0.18863715326422,0.926463221978191
14,46,"D5",10,0.174009526478005,0.92245627898272
14,46,"D5",11,0.164353298704658,0.944507476292869
14,46,"D5",12,0.15531176584693,0.944987213953183
14,46,"D5",13,0.147660409078173,0.950735498195948
14,46,"D5",14,0.141216026898291,0.956356736242884
14,46,"D6",1,1,NA
14,46,"D6",2,0.454743674255869,0.454743674255869
14,46,"D6",3,0.299148116221287,0.657838983050847
14,46,"D6",4,0.232019775873434,0.775601661157725
14,46,"D6",5,0.193785102175346,0.835209418877531
14,46,"D6",6,0.171303889255109,0.883988951328698
14,46,"D6",7,0.154987475280158,0.904751643141903
14,46,"D6",8,0.14444825313118,0.931999523639395
14,46,"D6",9,0.135787079762689,0.940039611551239
14,46,"D6",10,0.129663810151615,0.954905359024026
14,46,"D6",11,0.124980984737082,0.96388486957882
14,46,"D6",12,0.121139901627706,0.969266659904656
14,46,"D6",13,0.117996044825313,0.974047718710758
14,46,"D6",14,0.115359261700725,0.977653631284916
14,46,"D7",1,1,NA
14,46,"D7",2,0.351521147662627,0.351521147662627
14,46,"D7",3,0.21219391540935,0.603644807205179
14,46,"D7",4,0.15228038585209,0.717647278237557
14,46,"D7",5,0.12059807073955,0.791947499113161
14,46,"D7",6,0.101574276527331,0.842254572601717
14,46,"D7",7,0.0854405144694534,0.841162914376883
14,46,"D7",8,0.0761491961414791,0.891253951527924
14,46,"D7",9,0.0676231511254019,0.888034996453062
14,46,"D7",10,0.0618610932475884,0.91479163892957
14,46,"D7",11,0.0564927034380411,0.913218639895979
14,46,"D7",12,0.0520405639376701,0.921190893169877
14,46,"D7",13,0.0482315112540193,0.92680608365019
14,46,"D7",14,0.045016077170418,0.933333333333333
14,47,"D0",1,1,NA
14,47,"D0",2,0.830800464603281,0.830800464603281
14,47,"D0",3,0.743340848974652,0.894728494560493
14,47,"D0",4,0.690797529924291,0.929314635240565
14,47,"D0",5,0.652958507803578,0.945224149650825
14,47,"D0",6,0.625024827644546,0.957219823579609
14,47,"D0",7,0.603351858901155,0.965324627463092
14,47,"D0",8,0.585576957238929,0.970539741611805
14,47,"D0",9,0.571061794188555,0.975212202476656
14,47,"D0",10,0.557917438565326,0.976982603709453
14,47,"D0",11,0.546156123620912,0.978919255553909
14,47,"D0",12,0.535692789213916,0.980841861961326
14,47,"D0",13,0.526202258596625,0.982283631946553
14,47,"D0",14,0.517531616123165,0.983522224901535
14,47,"D1",1,1,NA
14,47,"D1",2,0.686104834202844,0.686104834202844
14,47,"D1",3,0.542404709590306,0.790556606732705
14,47,"D1",4,0.459352375795316,0.846881245080409
14,47,"D1",5,0.403303100040612,0.877981961761575
14,47,"D1",6,0.369724831911917,0.916741854636591
14,47,"D1",7,0.340879563196607,0.92198179233419
14,47,"D1",8,0.323117548847074,0.947893578063263
14,47,"D1",9,0.304856459546049,0.943484687333813
14,47,"D1",10,0.28906231668246,0.948191542711256
14,47,"D1",11,0.279060928241922,0.965400580209405
14,47,"D1",12,0.269600441524091,0.966098848816165
14,47,"D1",13,0.261540544199269,0.970104287369641
14,47,"D1",14,0.254591399305086,0.973429951690821
14,47,"D3",1,1,NA
14,47,"D3",2,0.593256658066209,0.593256658066209
14,47,"D3",3,0.467558781941954,0.78812226645044
14,47,"D3",4,0.407159370854652,0.870819641465316
14,47,"D3",5,0.370011749099867,0.908763927803479
14,47,"D3",6,0.346917187796096,0.937584248716551
14,47,"D3",7,0.328210725791169,0.946078019011494
14,47,"D3",8,0.313364411597499,0.954765907915158
14,47,"D3",9,0.30144172825469,0.961952656710353
14,47,"D3",10,0.291606973659276,0.9673742761085
14,47,"D3",11,0.283086252386991,0.970780118303204
14,47,"D3",12,0.27547703386248,0.973120494335736
14,47,"D3",13,0.268713284062915,0.975447137263202
14,47,"D3",14,0.262649232518476,0.977433004231312
14,47,"D5",1,1,NA
14,47,"D5",2,0.55959232087159,0.55959232087159
14,47,"D5",3,0.41657514387383,0.744426126550479
14,47,"D5",4,0.343983438035408,0.825741629317163
14,47,"D5",5,0.297577955454026,0.865093846243245
14,47,"D5",6,0.264848657909766,0.890014374571786
14,47,"D5",7,0.239671045117076,0.904935849056604
14,47,"D5",8,0.221505425471159,0.92420603149186
14,47,"D5",9,0.204415191319246,0.922845076523246
14,47,"D5",10,0.189419760137065,0.926642285803688
14,47,"D5",11,0.177667706365593,0.93795761454366
14,47,"D5",12,0.166630057549532,0.937874760462385
14,47,"D5",13,0.156767561393489,0.940812022146059
14,47,"D5",14,0.14791547687036,0.943533697632058
14,47,"D6",1,1,NA
14,47,"D6",2,0.442673605464303,0.442673605464303
14,47,"D6",3,0.284870168591099,0.643521920156747
14,47,"D6",4,0.215130373502467,0.755187440532826
14,47,"D6",5,0.179829457364341,0.83590919513873
14,47,"D6",6,0.153215644820296,0.852005266911724
14,47,"D6",7,0.136097956307259,0.888277149940436
14,47,"D6",8,0.122472868217054,0.899887636376817
14,47,"D6",9,0.111935870331219,0.913964635276111
14,47,"D6",10,0.103500352360817,0.924639725001102
14,47,"D6",11,0.0957201713015667,0.924829424424296
14,47,"D6",12,0.0893912289261126,0.933880787200906
14,47,"D6",13,0.083861874559549,0.938144329896907
14,47,"D6",14,0.0789288231148696,0.941176470588235
14,47,"D7",1,1,NA
14,47,"D7",2,0.338461538461538,0.338461538461538
14,47,"D7",3,0.197135122941575,0.582444681418288
14,47,"D7",4,0.13710146627566,0.695469504519968
14,47,"D7",5,0.100249853372434,0.731209199257352
14,47,"D7",6,0.0798944281524927,0.796953067409288
14,47,"D7",7,0.0640551319648094,0.80174717368962
14,47,"D7",8,0.0522639296187683,0.815921035764646
14,47,"D7",9,0.0442909090909091,0.847446975648075
14,47,"D7",10,0.0379190615835777,0.85613644790508
14,47,"D7",11,0.0335213173922851,0.884022863234643
14,47,"D7",12,0.0298669072862621,0.890982503364738
14,47,"D7",13,0.0269794721407625,0.903323262839879
14,47,"D7",14,0.024633431085044,0.91304347826087
14,48,"D0",1,1,NA
14,48,"D0",2,0.830800464603281,0.830800464603281
14,48,"D0",3,0.743340848974652,0.894728494560493
14,48,"D0",4,0.688243031764159,0.925878125376139
14,48,"D0",5,0.65281165672715,0.94851909368964
14,48,"D0",6,0.625097068899886,0.957545813495105
14,48,"D0",7,0.604697796387937,0.967366232339164
14,48,"D0",8,0.586168506534704,0.969357768518564
14,48,"D0",9,0.571288584359007,0.974614940908948
14,48,"D0",10,0.557891976483526,0.976550191545465
14,48,"D0",11,0.546156123620912,0.978963933239215
14,48,"D0",12,0.535692789213916,0.980841861961326
14,48,"D0",13,0.526202258596625,0.982283631946553
14,48,"D0",14,0.517531616123165,0.983522224901535
14,48,"D1",1,1,NA
14,48,"D1",2,0.686104834202844,0.686104834202844
14,48,"D1",3,0.542404709590306,0.790556606732705
14,48,"D1",4,0.464173187130545,0.855769094411345
14,48,"D1",5,0.407708226163079,0.878353678038742
14,48,"D1",6,0.369203646044854,0.905558490981185
14,48,"D1",7,0.343575199675105,0.930584525249691
14,48,"D1",8,0.319937999187762,0.931202250599884
14,48,"D1",9,0.305248138621903,0.954085289640016
14,48,"D1",10,0.289301114570642,0.947757178395069
14,48,"D1",11,0.279060928241922,0.964603709377622
14,48,"D1",12,0.269600441524091,0.966098848816165
14,48,"D1",13,0.261540544199269,0.970104287369641
14,48,"D1",14,0.254591399305086,0.973429951690821
14,48,"D3",1,1,NA
14,48,"D3",2,0.581668095743289,0.581668095743289
14,48,"D3",3,0.45448269848421,0.78134369378373
14,48,"D3",4,0.39399168713395,0.866901398992725
14,48,"D3",5,0.358006423578311,0.908664916720933
14,48,"D3",6,0.333582467409787,0.931777882853597
14,48,"D3",7,0.31574985830342,0.946542127214196
14,48,"D3",8,0.301525033062535,0.954949068489479
14,48,"D3",9,0.290275836009824,0.962692327935578
14,48,"D3",10,0.281169091252598,0.968627272313089
14,48,"D3",11,0.273721460855411,0.973511916391637
14,48,"D3",12,0.267145286227092,0.975974939605511
14,48,"D3",13,0.261477423011525,0.978783592644979
14,48,"D3",14,0.256565274891366,0.98121387283237
14,48,"D5",1,1,NA
14,48,"D5",2,0.559925558312655,0.559925558312655
14,48,"D5",3,0.412727460711332,0.737111308072974
14,48,"D5",4,0.338254301075269,0.819558505974599
14,48,"D5",5,0.293062903225806,0.866398157522892
14,48,"D5",6,0.261412365591398,0.892000873239075
14,48,"D5",7,0.238545698924731,0.912526453693439
14,48,"D5",8,0.221083333333333,0.926796560700481
14,48,"D5",9,0.204716129032258,0.925968167503617
14,48,"D5",10,0.193783333333333,0.946595337892492
14,48,"D5",11,0.183684863523573,0.947887831032458
14,48,"D5",12,0.175227460711332,0.953956996510188
14,48,"D5",13,0.168010752688172,0.958815199433562
14,48,"D5",14,0.161827956989247,0.9632
14,48,"D6",1,1,NA
14,48,"D6",2,0.449515055975633,0.449515055975633
14,48,"D6",3,0.295896010901221,0.658256062767475
14,48,"D6",4,0.22522056269538,0.761147681610908
14,48,"D6",5,0.185768669676971,0.824829968692648
14,48,"D6",6,0.162154914901007,0.872886236322706
14,48,"D6",7,0.141843001042028,0.874737599712109
14,48,"D6",8,0.127322681486627,0.897631046659125
14,48,"D6",9,0.114110455019104,0.89623037848986
14,48,"D6",10,0.104564779437305,0.916347055314071
14,48,"D6",11,0.094677639137521,0.905444831873702
14,48,"D6",12,0.0867288321265397,0.916043459856075
14,48,"D6",13,0.0795415074678708,0.917128773875539
14,48,"D6",14,0.0729419937478291,0.91703056768559
14,48,"D7",1,1,NA
14,48,"D7",2,0.320403243480167,0.320403243480167
14,48,"D7",3,0.18310322156476,0.571477428180575
14,48,"D7",4,0.128098005698006,0.699594494314782
14,48,"D7",5,0.0973219373219373,0.759745921036244
14,48,"D7",6,0.078168660968661,0.803196721311475
14,48,"D7",7,0.0661150997150997,0.845800591897132
14,48,"D7",8,0.0574119658119658,0.8683638996139
14,48,"D7",9,0.0520911680911681,0.907322495484229
14,48,"D7",10,0.0463396011396011,0.8895865237366
14,48,"D7",11,0.0436116589962744,0.941131514379922
14,48,"D7",12,0.0416392724085032,0.954773869346734
14,48,"D7",13,0.0404558404558405,0.971578947368421
14,48,"D7",14,0.0398860398860399,0.985915492957746
14,49,"D0",1,1,NA
14,49,"D0",2,0.830800464603281,0.830800464603281
14,49,"D0",3,0.743340848974652,0.894728494560493
14,49,"D0",4,0.690403755868545,0.928784899714408
14,49,"D0",5,0.653493211521381,0.946537741092196
14,49,"D0",6,0.624516770291418,0.955659154955102
14,49,"D0",7,0.603581609778793,0.96647782492237
14,49,"D0",8,0.586235418517109,0.971261232978849
14,49,"D0",9,0.570736708539526,0.973562310484775
14,49,"D0",10,0.557527217358203,0.976855367836556
14,49,"D0",11,0.546156123620912,0.979604415025383
14,49,"D0",12,0.535692789213916,0.980841861961326
14,49,"D0",13,0.526202258596625,0.982283631946553
14,49,"D0",14,0.517531616123165,0.983522224901535
14,49,"D1",1,1,NA
14,49,"D1",2,0.686104834202844,0.686104834202844
14,49,"D1",3,0.542404709590306,0.790556606732705
14,49,"D1",4,0.463895853075222,0.855257789751893
14,49,"D1",5,0.409525111682686,0.882795370917618
14,49,"D1",6,0.367988177428816,0.898572924910027
14,49,"D1",7,0.341722936690583,0.928624770171279
14,49,"D1",8,0.321018275348585,0.93941096976834
14,49,"D1",9,0.303465367086323,0.945321155802727
14,49,"D1",10,0.291749740535174,0.961393859656427
14,49,"D1",11,0.279060928241922,0.956507888336159
14,49,"D1",12,0.269600441524091,0.966098848816165
14,49,"D1",13,0.261540544199269,0.970104287369641
14,49,"D1",14,0.254591399305086,0.973429951690821
14,49,"D3",1,1,NA
14,49,"D3",2,0.57676251642096,0.57676251642096
14,49,"D3",3,0.449445336447234,0.779255453763223
14,49,"D3",4,0.388724478178368,0.864898234902489
14,49,"D3",5,0.353429601518027,0.909203359598707
14,49,"D3",6,0.328739658444023,0.930141835975376
14,49,"D3",7,0.31152789373814,0.947643175188085
14,49,"D3",8,0.296050853889943,0.950318927584678
14,49,"D3",9,0.285390132827324,0.963990237073994
14,49,"D3",10,0.274811764705882,0.962933658509341
14,49,"D3",11,0.266793168880455,0.970821497274657
14,49,"D3",12,0.259465771420231,0.972535288324762
14,49,"D3",13,0.252941176470588,0.974853735373537
14,49,"D3",14,0.247058823529412,0.976744186046512
14,49,"D5",1,1,NA
14,49,"D5",2,0.547402159244264,0.547402159244264
14,49,"D5",3,0.401537196356275,0.733532357473035
14,49,"D5",4,0.329825109649123,0.821406117894184
14,49,"D5",5,0.28662774122807,0.869029473022818
14,49,"D5",6,0.25609100877193,0.893462048281495
14,49,"D5",7,0.23303399122807,0.909965532743893
14,49,"D5",8,0.217287828947368,0.932429761865551
14,49,"D5",9,0.203406798245614,0.936116851233685
14,49,"D5",10,0.192381030701754,0.945794498320818
14,49,"D5",11,0.183809885290148,0.955447034562916
14,49,"D5",12,0.176408569500675,0.959733853389928
14,49,"D5",13,0.170230263157895,0.964977289027014
14,49,"D5",14,0.165021929824561,0.969404186795491
14,49,"D6",1,1,NA
14,49,"D6",2,0.446851477877731,0.446851477877731
14,49,"D6",3,0.289320464738126,0.647464491137458
14,49,"D6",4,0.222400954653938,0.768701083261569
14,49,"D6",5,0.183665871121718,0.825832206554633
14,49,"D6",6,0.158830548926014,0.864779874213837
14,49,"D6",7,0.140897374701671,0.887092411720511
14,49,"D6",8,0.130964200477327,0.929500643675046
14,49,"D6",9,0.120763723150358,0.922112475853774
14,49,"D6",10,0.111307875894988,0.921699604743083
14,49,"D6",11,0.104015316425818,0.934482987744277
14,49,"D6",12,0.0973537202654148,0.935955622793747
14,49,"D6",13,0.0913740197749744,0.938577586206896
14,49,"D6",14,0.0859188544152745,0.940298507462687
14,49,"D7",1,1,NA
14,49,"D7",2,0.419955406911929,0.419955406911929
14,49,"D7",3,0.277591973244147,0.661003451022033
14,49,"D7",4,0.214615942028986,0.77313453815261
14,49,"D7",5,0.182517391304348,0.850437248877334
14,49,"D7",6,0.153705797101449,0.842143293869157
14,49,"D7",7,0.138427536231884,0.900600620421094
14,49,"D7",8,0.125269565217391,0.904946866984243
14,49,"D7",9,0.114698550724638,0.915613864593457
14,49,"D7",10,0.105182608695652,0.91703520254732
14,49,"D7",11,0.0982720178372352,0.934299111382445
14,49,"D7",12,0.0918617614269788,0.934770277935338
14,49,"D7",13,0.086231884057971,0.93871359223301
14,49,"D7",14,0.0811594202898551,0.941176470588235
14,50,"D0",1,1,NA
14,50,"D0",2,0.830800464603281,0.830800464603281
14,50,"D0",3,0.743340848974652,0.894728494560493
14,50,"D0",4,0.691541259569429,0.930315158279443
14,50,"D0",5,0.6532468806835,0.944624592739743
14,50,"D0",6,0.625653681850865,0.957759922552153
14,50,"D0",7,0.603646153195449,0.964824743634032
14,50,"D0",8,0.586546884913082,0.971673358321178
14,50,"D0",9,0.570785264137377,0.973128114425088
14,50,"D0",10,0.557774732478958,0.977205908288327
14,50,"D0",11,0.546156123620912,0.979169711029383
14,50,"D0",12,0.535692789213916,0.980841861961326
14,50,"D0",13,0.526202258596625,0.982283631946553
14,50,"D0",14,0.517531616123165,0.983522224901535
14,50,"D1",1,1,NA
14,50,"D1",2,0.686104834202844,0.686104834202844
14,50,"D1",3,0.542404709590306,0.790556606732705
14,50,"D1",4,0.460588691846036,0.849160569040656
14,50,"D1",5,0.408027886828212,0.885883422784088
14,50,"D1",6,0.369645232615857,0.905931296728954
14,50,"D1",7,0.341391904697441,0.923566367355868
14,50,"D1",8,0.319733315283606,0.936557987709082
14,50,"D1",9,0.306709986011462,0.959268150519151
14,50,"D1",10,0.291234240332115,0.949542739443872
14,50,"D1",11,0.279060928241922,0.958200958526336
14,50,"D1",12,0.269600441524091,0.966098848816165
14,50,"D1",13,0.261540544199269,0.970104287369641
14,50,"D1",14,0.254591399305086,0.973429951690821
14,50,"D3",1,1,NA
14,50,"D3",2,0.583551433773327,0.583551433773327
14,50,"D3",3,0.456112027765134,0.781614098376639
14,50,"D3",4,0.395370562130178,0.866827748584972
14,50,"D3",5,0.361949704142012,0.915469533674685
14,50,"D3",6,0.336862056213018,0.9306874749671
14,50,"D3",7,0.319778846153846,0.949287223823247
14,50,"D3",8,0.306866124260355,0.959619837119311
14,50,"D3",9,0.294947485207101,0.961160134302924
14,50,"D3",10,0.285948964497041,0.969491108887602
14,50,"D3",11,0.27821318843878,0.972947004470298
14,50,"D3",12,0.271791078743741,0.976916587847338
14,50,"D3",13,0.266272189349112,0.979694368850743
14,50,"D3",14,0.26146449704142,0.981944444444445
14,50,"D5",1,1,NA
14,50,"D5",2,0.558240492591198,0.558240492591198
14,50,"D5",3,0.411880661808678,0.737819393747024
14,50,"D5",4,0.339934350705442,0.825322434932244
14,50,"D5",5,0.289569824359343,0.851840432596528
14,50,"D5",6,0.25978001727613,0.897123924603948
14,50,"D5",7,0.237020443420674,0.912389050958972
14,50,"D5",8,0.217707457529513,0.918517636654308
14,50,"D5",9,0.202506190613303,0.930175717962486
14,50,"D5",10,0.190267780017276,0.93956525201051
14,50,"D5",11,0.179749274624023,0.944717358912274
14,50,"D5",12,0.170989390684179,0.951266095742715
14,50,"D5",13,0.163547365390153,0.956476683937824
14,50,"D5",14,0.157212784336309,0.961267605633803
14,50,"D6",1,1,NA
14,50,"D6",2,0.445226648351648,0.445226648351648
14,50,"D6",3,0.29090831043956,0.653393752410335
14,50,"D6",4,0.22146875,0.761300870591707
14,50,"D6",5,0.187296875,0.845703400592634
14,50,"D6",6,0.162666666666667,0.868496426684464
14,50,"D6",7,0.147265625,0.905321465163935
14,50,"D6",8,0.134067708333333,0.910380194518126
14,50,"D6",9,0.126338541666667,0.942348782098598
14,50,"D6",10,0.117770833333333,0.932184524054912
14,50,"D6",11,0.112165178571429,0.952402011574133
14,50,"D6",12,0.107028388278388,0.954203342263044
14,50,"D6",13,0.102678571428571,0.959358288770053
14,50,"D6",14,0.0989583333333333,0.963768115942029
14,50,"D7",1,1,NA
14,50,"D7",2,0.332899328159992,0.332899328159992
14,50,"D7",3,0.197307431904588,0.592693992490613
14,50,"D7",4,0.14103317535545,0.714788966609476
14,50,"D7",5,0.106890995260664,0.757913838295584
14,50,"D7",6,0.0859620853080569,0.804203245544028
14,50,"D7",7,0.0733270142180095,0.853015768000882
14,50,"D7",8,0.0645592417061611,0.880429162357808
14,50,"D7",9,0.0590236966824645,0.914256350022023
14,50,"D7",10,0.0543981042654028,0.921631604303838
14,50,"D7",11,0.0522889432842039,0.961227307280627
14,50,"D7",12,0.0503098796937659,0.962151394422311
14,50,"D7",13,0.0487474610697359,0.968944099378882
14,50,"D7",14,0.0473933649289099,0.972222222222222
14,51,"D0",1,1,NA
14,51,"D0",2,0.830800464603281,0.830800464603281
14,51,"D0",3,0.743340848974652,0.894728494560493
14,51,"D0",4,0.691032610074864,0.929630883366707
14,51,"D0",5,0.65320247007571,0.945255637074702
14,51,"D0",6,0.625350505435012,0.957360901226432
14,51,"D0",7,0.604730956308421,0.967027212823235
14,51,"D0",8,0.586449181575942,0.969768746676902
14,51,"D0",9,0.571108573362095,0.973841538711635
14,51,"D0",10,0.557690056253437,0.976504437624419
14,51,"D0",11,0.546156123620912,0.979318382131449
14,51,"D0",12,0.535692789213916,0.980841861961326
14,51,"D0",13,0.526202258596625,0.982283631946553
14,51,"D0",14,0.517531616123165,0.983522224901535
14,51,"D1",1,1,NA
14,51,"D1",2,0.686104834202844,0.686104834202844
14,51,"D1",3,0.542404709590306,0.790556606732705
14,51,"D1",4,0.461244438427869,0.850369530855033
14,51,"D1",5,0.40438400794188,0.876723867544517
14,51,"D1",6,0.370485447407608,0.916172351357811
14,51,"D1",7,0.341810748612427,0.922602361318573
14,51,"D1",8,0.321906502414151,0.941768226192192
14,51,"D1",9,0.303855782681287,0.94392558212558
14,51,"D1",10,0.289268264067506,0.951991966435334
14,51,"D1",11,0.279060928241922,0.964713253773314
14,51,"D1",12,0.269600441524091,0.966098848816165
14,51,"D1",13,0.261540544199269,0.970104287369641
14,51,"D1",14,0.254591399305086,0.973429951690821
14,51,"D3",1,1,NA
14,51,"D3",2,0.588795986622074,0.588795986622074
14,51,"D3",3,0.460597826086957,0.782270661743823
14,51,"D3",4,0.398249275362319,0.864635594886922
14,51,"D3",5,0.361382608695652,0.907428163847565
14,51,"D3",6,0.336710144927536,0.931727584077256
14,51,"D3",7,0.31751847826087,0.943002410364568
14,51,"D3",8,0.303130434782609,0.95468596487024
14,51,"D3",9,0.290976811594203,0.959906291834003
14,51,"D3",10,0.28078115942029,0.964960602468447
14,51,"D3",11,0.272185061315496,0.969385060868964
14,51,"D3",12,0.264409141583055,0.971431497030514
14,51,"D3",13,0.257427536231884,0.973595446400337
14,51,"D3",14,0.251086956521739,0.975369458128079
14,51,"D5",1,1,NA
14,51,"D5",2,0.551221493149807,0.551221493149807
14,51,"D5",3,0.402344668390792,0.729914695618457
14,51,"D5",4,0.329888858016116,0.819916066827804
14,51,"D5",5,0.283310363989997,0.858805494959024
14,51,"D5",6,0.248600166712976,0.877483489173566
14,51,"D5",7,0.225536537927202,0.907226012392815
14,51,"D5",8,0.208525701583773,0.924576139636765
14,51,"D5",9,0.194335093081412,0.931947916278029
14,51,"D5",10,0.181665462628508,0.934805236398575
14,51,"D5",11,0.171105221535897,0.941869847246606
14,51,"D5",12,0.162181802637485,0.947848354256449
14,51,"D5",13,0.154487357599333,0.952556668423827
14,51,"D5",14,0.147818838566268,0.956834532374101
14,51,"D6",1,1,NA
14,51,"D6",2,0.451693136772288,0.451693136772288
14,51,"D6",3,0.293597948027049,0.649994264081679
14,51,"D6",4,0.224447962276861,0.764473879279915
14,51,"D6",5,0.188497810710677,0.839828567827055
14,51,"D6",6,0.165628157628831,0.878674171357098
14,51,"D6",7,0.150171101380936,0.90667615658363
14,51,"D6",8,0.14004715392388,0.932583916852451
14,51,"D6",9,0.131955540586056,0.942222222222222
14,51,"D6",10,0.125594476254631,0.951793882218411
14,51,"D6",11,0.121291810244319,0.965741598367842
14,51,"D6",12,0.117832992201466,0.971483498878565
14,51,"D6",13,0.11519029976423,0.977572559366755
14,51,"D6",14,0.113169417312226,0.982456140350877
14,51,"D7",1,1,NA
14,51,"D7",2,0.372627947096032,0.372627947096032
14,51,"D7",3,0.232140487459636,0.62298195631529
14,51,"D7",4,0.171638872915469,0.739375
14,51,"D7",5,0.138108108108108,0.804643527204503
14,51,"D7",6,0.118963772282921,0.861381521422326
14,51,"D7",7,0.103683726279471,0.871557149624416
14,51,"D7",8,0.0939102932719954,0.905738023138442
14,51,"D7",9,0.0838953421506613,0.893356193741963
14,51,"D7",10,0.0780828062104658,0.93071682180213
14,51,"D7",11,0.0734064670234883,0.940110513262385
14,51,"D7",12,0.069624452603176,0.948478457366677
14,51,"D7",13,0.0667050028752156,0.958068614993647
14,51,"D7",14,0.0644048303622772,0.96551724137931
14,52,"D0",1,1,NA
14,52,"D0",2,0.830800464603281,0.830800464603281
14,52,"D0",3,0.743340848974652,0.894728494560493
14,52,"D0",4,0.688913335871082,0.926779870662771
14,52,"D0",5,0.653267605633803,0.948258034238504
14,52,"D0",6,0.624752442583429,0.956349950916809
14,52,"D0",7,0.603492196421774,0.965970127185512
14,52,"D0",8,0.585978429133359,0.970979297839711
14,52,"D0",9,0.571070084168676,0.974558201763959
14,52,"D0",10,0.557560377278687,0.976343171767341
14,52,"D0",11,0.546156123620912,0.9795461547798
14,52,"D0",12,0.535692789213916,0.980841861961326
14,52,"D0",13,0.526202258596625,0.982283631946553
14,52,"D0",14,0.517531616123165,0.983522224901535
14,52,"D1",1,1,NA
14,52,"D1",2,0.686104834202844,0.686104834202844
14,52,"D1",3,0.542404709590306,0.790556606732705
14,52,"D1",4,0.459900094761067,0.84789104266525
14,52,"D1",5,0.408395559767159,0.888009296843771
14,52,"D1",6,0.369072875772754,0.903714222513036
14,52,"D1",7,0.343546139614638,0.930835512892492
14,52,"D1",8,0.323219259058707,0.940832167176343
14,52,"D1",9,0.303645413113127,0.939440966474016
14,52,"D1",10,0.289515274581472,0.953465002527832
14,52,"D1",11,0.279060928241922,0.963890173481648
14,52,"D1",12,0.269600441524091,0.966098848816165
14,52,"D1",13,0.261540544199269,0.970104287369641
14,52,"D1",14,0.254591399305086,0.973429951690821
14,52,"D3",1,1,NA
14,52,"D3",2,0.581989775855289,0.581989775855289
14,52,"D3",3,0.457636347136937,0.786330561330561
14,52,"D3",4,0.399115611482501,0.872123934166171
14,52,"D3",5,0.364121116791192,0.912319905098867
14,52,"D3",6,0.339124262681872,0.93135016631388
14,52,"D3",7,0.321413684624459,0.947775550126219
14,52,"D3",8,0.307710971293748,0.957367361795058
14,52,"D3",9,0.296119543845851,0.962330145723564
14,52,"D3",10,0.286724734565474,0.96827359262289
14,52,"D3",11,0.278789437067062,0.972324335706727
14,52,"D3",12,0.272119543845851,0.976075516736288
14,52,"D3",13,0.26641761698781,0.979046242774567
14,52,"D3",14,0.261502162799843,0.981549815498155
14,52,"D5",1,1,NA
14,52,"D5",2,0.557421307753666,0.557421307753666
14,52,"D5",3,0.408074775530239,0.732076025537536
14,52,"D5",4,0.333937782504653,0.818324979951885
14,52,"D5",5,0.287813347513959,0.86187715973693
14,52,"D5",6,0.25582291943632,0.888850088594007
14,52,"D5",7,0.2355655410795,0.92081484176064
14,52,"D5",8,0.217288487104493,0.922412022186053
14,52,"D5",9,0.20301302844988,0.93430181762116
14,52,"D5",10,0.19164105291146,0.94398401114819
14,52,"D5",11,0.181651770192052,0.947875037380311
14,52,"D5",12,0.173317243777228,0.954118110679502
14,52,"D5",13,0.166179207657538,0.958815199433561
14,52,"D5",14,0.16006381281574,0.9632
14,52,"D6",1,1,NA
14,52,"D6",2,0.438878089419606,0.438878089419606
14,52,"D6",3,0.288031102471536,0.656289546950139
14,52,"D6",4,0.223004332129964,0.774236984188199
14,52,"D6",5,0.183880144404332,0.824558620220746
14,52,"D6",6,0.158280866425993,0.860782804683635
14,52,"D6",7,0.136745126353791,0.863939713254782
14,52,"D6",8,0.123119133574007,0.900354819633353
14,52,"D6",9,0.112070758122744,0.910262725779967
14,52,"D6",10,0.101633935018051,0.906872914223866
14,52,"D6",11,0.0943765620660928,0.928593014226313
14,52,"D6",12,0.0873646209386282,0.925702515815801
14,52,"D6",13,0.0812274368231047,0.929752066115703
14,52,"D6",14,0.075812274368231,0.933333333333333
14,52,"D7",1,1,NA
14,52,"D7",2,0.327549894694614,0.327549894694614
14,52,"D7",3,0.19060274796911,0.581904470300061
14,52,"D7",4,0.133885267275098,0.702430939226519
14,52,"D7",5,0.108093872229465,0.807361963190184
14,52,"D7",6,0.0889282920469361,0.822695035460993
14,52,"D7",7,0.075612777053455,0.850266830870279
14,52,"D7",8,0.0664680573663625,0.87905853952927
14,52,"D7",9,0.0600795306388527,0.903885761362076
14,52,"D7",10,0.0550234680573664,0.91584384019444
14,52,"D7",11,0.0515244208203791,0.936408093482235
14,52,"D7",12,0.0488416407581988,0.947931873479319
14,52,"D7",13,0.0469361147327249,0.960985626283367
14,52,"D7",14,0.045632333767927,0.972222222222222
14,53,"D0",1,1,NA
14,53,"D0",2,0.830800464603281,0.830800464603281
14,53,"D0",3,0.743340848974652,0.894728494560493
14,53,"D0",4,0.690143805777609,0.928435194607666
14,53,"D0",5,0.652350378547562,0.945238330165894
14,53,"D0",6,0.625447616630715,0.958760257061942
14,53,"D0",7,0.603405151630504,0.964757296352084
14,53,"D0",8,0.586227128536988,0.971531527287929
14,53,"D0",9,0.570688152941674,0.973493250586862
14,53,"D0",10,0.557849342300047,0.977502931197277
14,53,"D0",11,0.546156123620912,0.979038751518605
14,53,"D0",12,0.535692789213916,0.980841861961326
14,53,"D0",13,0.526202258596625,0.982283631946553
14,53,"D0",14,0.517531616123165,0.983522224901535
14,53,"D1",1,1,NA
14,53,"D1",2,0.686104834202844,0.686104834202844
14,53,"D1",3,0.542404709590306,0.790556606732705
14,53,"D1",4,0.461655069717071,0.851126587867889
14,53,"D1",5,0.408055051667344,0.883895961366619
14,53,"D1",6,0.37170407472587,0.910916488368565
14,53,"D1",7,0.34204449257705,0.920206464858654
14,53,"D1",8,0.320256396372005,0.936300403374754
14,53,"D1",9,0.302566400433193,0.944763020694634
14,53,"D1",10,0.289534858535265,0.95692997676123
14,53,"D1",11,0.279060928241922,0.963824976562996
14,53,"D1",12,0.269600441524091,0.966098848816165
14,53,"D1",13,0.261540544199269,0.970104287369641
14,53,"D1",14,0.254591399305086,0.973429951690821
14,53,"D3",1,1,NA
14,53,"D3",2,0.593712834216747,0.593712834216747
14,53,"D3",3,0.469900303933516,0.791460579681472
14,53,"D3",4,0.410713876694026,0.874044713859422
14,53,"D3",5,0.375295667112044,0.913764273398614
14,53,"D3",6,0.349241076541325,0.930575828995806
14,53,"D3",7,0.329848444359611,0.944472075353314
14,53,"D3",8,0.314774193548387,0.954299463680996
14,53,"D3",9,0.302732964306165,0.961746453524403
14,53,"D3",10,0.292562321053636,0.96640391218763
14,53,"D3",11,0.283862158074794,0.970262189103815
14,53,"D3",12,0.276476720454579,0.973982310039828
14,53,"D3",13,0.270089711777057,0.976898566117897
14,53,"D3",14,0.264554304256537,0.979505300353357
14,53,"D5",1,1,NA
14,53,"D5",2,0.558329088130413,0.558329088130413
14,53,"D5",3,0.413065627145673,0.739824658838464
14,53,"D5",4,0.340184278721566,0.823559880961956
14,53,"D5",5,0.293439677512237,0.862590354307382
14,53,"D5",6,0.261271523178808,0.890375580404978
14,53,"D5",7,0.233759285919954,0.89469867621193
14,53,"D5",8,0.215824935214512,0.923278552828985
14,53,"D5",9,0.197007774258566,0.912812850205454
14,53,"D5",10,0.183322199827239,0.930532820428875
14,53,"D5",11,0.171532038361868,0.935686122703736
14,53,"D5",12,0.161332476909788,0.940538446639551
14,53,"D5",13,0.152605816297149,0.945908841295991
14,53,"D5",14,0.145119493233516,0.950943396226415
14,53,"D6",1,1,NA
14,53,"D6",2,0.433817476965561,0.433817476965561
14,53,"D6",3,0.270584955258756,0.623729954706818
14,53,"D6",4,0.198309975837073,0.732893577351455
14,53,"D6",5,0.161848118743528,0.816137050394775
14,53,"D6",6,0.136824991370383,0.845391299154997
14,53,"D6",7,0.119582326544701,0.873980150460919
14,53,"D6",8,0.107036934760097,0.895089917154981
14,53,"D6",9,0.0978018639972385,0.913720709738589
14,53,"D6",10,0.091432516396272,0.934874987647001
14,53,"D6",11,0.0837471123974403,0.915944520595683
14,53,"D6",12,0.0777993149411858,0.928979074191503
14,53,"D6",13,0.0724887814981015,0.931740614334471
14,53,"D6",14,0.0676561960648947,0.933333333333333
14,53,"D7",1,1,NA
14,53,"D7",2,0.337321937321937,0.337321937321937
14,53,"D7",3,0.200569800569801,0.594594594594595
14,53,"D7",4,0.14556228956229,0.725743801652892
14,53,"D7",5,0.1148,0.788665803108808
14,53,"D7",6,0.0949454545454545,0.827050997782705
14,53,"D7",7,0.0805023569023569,0.847880051633403
14,53,"D7",8,0.0671340067340067,0.833938400281063
14,53,"D7",9,0.0598276094276094,0.891166970931049
14,53,"D7",10,0.0518329966329966,0.866372518121651
14,53,"D7",11,0.0455322455322455,0.878441311325997
14,53,"D7",12,0.0393680393680394,0.864618885096701
14,53,"D7",13,0.0336700336700337,0.855263157894737
14,53,"D7",14,0.0282828282828283,0.84
14,54,"D0",1,1,NA
14,54,"D0",2,0.830800464603281,0.830800464603281
14,54,"D0",3,0.743340848974652,0.894728494560493
14,54,"D0",4,0.6902136784672,0.928529192791255
14,54,"D0",5,0.653621706213256,0.94698457391455
14,54,"D0",6,0.624949033540583,0.956132618607807
14,54,"D0",7,0.603419363024997,0.965549717880814
14,54,"D0",8,0.586050078247261,0.971215234641027
14,54,"D0",9,0.570890073171763,0.974131894801826
14,54,"D0",10,0.557900858605084,0.977247433127513
14,54,"D0",11,0.546156123620912,0.978948347536986
14,54,"D0",12,0.535692789213916,0.980841861961326
14,54,"D0",13,0.526202258596625,0.982283631946553
14,54,"D0",14,0.517531616123165,0.983522224901535
14,54,"D1",1,1,NA
14,54,"D1",2,0.686104834202844,0.686104834202844
14,54,"D1",3,0.542404709590306,0.790556606732705
14,54,"D1",4,0.456457109336221,0.841543410788222
14,54,"D1",5,0.407531970578945,0.892815474320417
14,54,"D1",6,0.368559270791029,0.904368975684164
14,54,"D1",7,0.34144307567348,0.926426501063587
14,54,"D1",8,0.323185145074681,0.946527161042037
14,54,"D1",9,0.304436983890619,0.941989409260349
14,54,"D1",10,0.289266368846171,0.95016829147835
14,54,"D1",11,0.279060928241922,0.964719574401418
14,54,"D1",12,0.269600441524091,0.966098848816165
14,54,"D1",13,0.261540544199269,0.970104287369641
14,54,"D1",14,0.254591399305086,0.973429951690821
14,54,"D3",1,1,NA
14,54,"D3",2,0.591317824923603,0.591317824923603
14,54,"D3",3,0.46811077157019,0.791639879333366
14,54,"D3",4,0.406987264778559,0.869425122206431
14,54,"D3",5,0.374034974339479,0.91903360795083
14,54,"D3",6,0.350098460368751,0.936004610229302
14,54,"D3",7,0.331343090667174,0.946428299965036
14,54,"D3",8,0.317220680478996,0.957378286778997
14,54,"D3",9,0.305748716973959,0.963836016341322
14,54,"D3",10,0.296504086675537,0.969763960451191
14,54,"D3",11,0.28871375725586,0.973726063923691
14,54,"D3",12,0.282075651016917,0.977008001620581
14,54,"D3",13,0.276373313058354,0.979784366576819
14,54,"D3",14,0.271431286827599,0.982118294360385
14,54,"D5",1,1,NA
14,54,"D5",2,0.554896645205015,0.554896645205015
14,54,"D5",3,0.406218231108099,0.73206106870229
14,54,"D5",4,0.33004845814978,0.812490510948905
14,54,"D5",5,0.285936123348018,0.866345884331496
14,54,"D5",6,0.2557890969163,0.894567268805608
14,54,"D5",7,0.231824889867841,0.906312632800374
14,54,"D5",8,0.211707599118943,0.913222041169233
14,54,"D5",9,0.197861784140969,0.934599348178359
14,54,"D5",10,0.182751651982379,0.9236328924042
14,54,"D5",11,0.171647322941376,0.939238146848195
14,54,"D5",12,0.161047102677059,0.938244185329138
14,54,"D5",13,0.151431718061674,0.940294581799053
14,54,"D5",14,0.142621145374449,0.941818181818182
14,54,"D6",1,1,NA
14,54,"D6",2,0.458472779296426,0.458472779296426
14,54,"D6",3,0.300871164703778,0.656246517329767
14,54,"D6",4,0.23317834606443,0.775010613908466
14,54,"D6",5,0.190736632348057,0.817986041874377
14,54,"D6",6,0.16512653603454,0.865730583589293
14,54,"D6",7,0.148299568249751,0.898096525313961
14,54,"D6",8,0.135164397210229,0.911428123530334
14,54,"D6",9,0.123331119229492,0.912452700378397
14,54,"D6",10,0.115547658585188,0.93688972667295
14,54,"D6",11,0.108244130495874,0.936792071957659
14,54,"D6",12,0.102342692179956,0.945480292659901
14,54,"D6",13,0.0973098638326137,0.95082376435347
14,54,"D6",14,0.0929923613417469,0.955631399317406
14,54,"D7",1,1,NA
14,54,"D7",2,0.344066785927251,0.344066785927251
14,54,"D7",3,0.201152852315643,0.584633160023108
14,54,"D7",4,0.138625322997416,0.689154150197629
14,54,"D7",5,0.108273901808786,0.781054279749478
14,54,"D7",6,0.086921188630491,0.802789842966923
14,54,"D7",7,0.0718720930232558,0.826865050463011
14,54,"D7",8,0.0626111111111111,0.871146344532528
14,54,"D7",9,0.0555297157622739,0.88689874331937
14,54,"D7",10,0.0500400516795866,0.90114006514658
14,54,"D7",11,0.0452941761081296,0.905158459830428
14,54,"D7",12,0.0417412045319022,0.921557871640153
14,54,"D7",13,0.0387596899224806,0.928571428571429
14,54,"D7",14,0.0361757105943152,0.933333333333333
14,55,"D0",1,1,NA
14,55,"D0",2,0.830800464603281,0.830800464603281
14,55,"D0",3,0.743340848974652,0.894728494560493
14,55,"D0",4,0.691676267817113,0.930496781888411
14,55,"D0",5,0.652424396227213,0.943251093876943
14,55,"D0",6,0.625339846889143,0.95848630202259
14,55,"D0",7,0.603194349278856,0.964586460113724
14,55,"D0",8,0.585826840925432,0.971207441889687
14,55,"D0",9,0.570657361586939,0.97410586494376
14,55,"D0",10,0.557875396523284,0.97760133150984
14,55,"D0",11,0.546156123620912,0.978993027877897
14,55,"D0",12,0.535692789213916,0.980841861961326
14,55,"D0",13,0.526202258596625,0.982283631946553
14,55,"D0",14,0.517531616123165,0.983522224901535
14,55,"D1",1,1,NA
14,55,"D1",2,0.686104834202844,0.686104834202844
14,55,"D1",3,0.542404709590306,0.790556606732705
14,55,"D1",4,0.461673390189973,0.851160364257694
14,55,"D1",5,0.406627950002256,0.880769736013881
14,55,"D1",6,0.370673074319751,0.911577953059287
14,55,"D1",7,0.340824601777898,0.919474937324137
14,55,"D1",8,0.32336203239926,0.948763765034726
14,55,"D1",9,0.303314381119986,0.93800245770808
14,55,"D1",10,0.290629032985876,0.958177557927623
14,55,"D1",11,0.279060928241922,0.960196320976245
14,55,"D1",12,0.269600441524091,0.966098848816165
14,55,"D1",13,0.261540544199269,0.970104287369641
14,55,"D1",14,0.254591399305086,0.973429951690821
14,55,"D3",1,1,NA
14,55,"D3",2,0.584025828186412,0.584025828186412
14,55,"D3",3,0.455481471083661,0.779899533721098
14,55,"D3",4,0.394179197080292,0.865412145399633
14,55,"D3",5,0.356913138686131,0.905459094061299
14,55,"D3",6,0.33380802919708,0.93526405451448
14,55,"D3",7,0.315099635036496,0.943954631032741
14,55,"D3",8,0.301010218978102,0.955285838218244
14,55,"D3",9,0.288366788321168,0.957996673003802
14,55,"D3",10,0.279049635036496,0.96768992248062
14,55,"D3",11,0.270459011791129,0.969214712485669
14,55,"D3",12,0.263026389668725,0.972518489684702
14,55,"D3",13,0.256386861313869,0.974757177927207
14,55,"D3",14,0.25036496350365,0.976512455516014
14,55,"D5",1,1,NA
14,55,"D5",2,0.569073164817846,0.569073164817846
14,55,"D5",3,0.421076559374432,0.739933958244568
14,55,"D5",4,0.344472813238771,0.818076441373354
14,55,"D5",5,0.299203572366693,0.868583995217354
14,55,"D5",6,0.264705542421854,0.884700474422949
14,55,"D5",7,0.240702915681639,0.909323293646935
14,55,"D5",8,0.2211536643026,0.918782656522138
14,55,"D5",9,0.204972944575781,0.926834946290199
14,55,"D5",10,0.191638560546362,0.93494563852309
14,55,"D5",11,0.180002424683276,0.939280822033355
14,55,"D5",12,0.170253177345376,0.945838244373351
14,55,"D5",13,0.16180719726819,0.950391644908616
14,55,"D5",14,0.154452324665091,0.954545454545455
14,55,"D6",1,1,NA
14,55,"D6",2,0.457302195887069,0.457302195887069
14,55,"D6",3,0.300426307745931,0.656953564727955
14,55,"D6",4,0.227835482746602,0.758373940205265
14,55,"D6",5,0.188387591495295,0.826857999571643
14,55,"D6",6,0.163944928546532,0.870253328498161
14,55,"D6",7,0.143454862321366,0.875018602851445
14,55,"D6",8,0.12953293830603,0.902952581808286
14,55,"D6",9,0.118812129661903,0.917234884158975
14,55,"D6",10,0.11035064482398,0.928782651552489
14,55,"D6",11,0.102957342413599,0.933001728968829
14,55,"D6",12,0.0970051210553128,0.9421875
14,55,"D6",13,0.0920181247821541,0.948590381426202
14,55,"D6",14,0.0878354827466016,0.954545454545454
14,55,"D7",1,1,NA
14,55,"D7",2,0.342657342657343,0.342657342657343
14,55,"D7",3,0.209913326110509,0.612604196608221
14,55,"D7",4,0.156554417413572,0.74580504398827
14,55,"D7",5,0.123750320102433,0.790462014083701
14,55,"D7",6,0.100437900128041,0.811617295574709
14,55,"D7",7,0.0851830985915493,0.848117080135642
14,55,"D7",8,0.0741318822023047,0.870265151515151
14,55,"D7",9,0.0669795134443022,0.903518317011244
14,55,"D7",10,0.0580345710627401,0.866452562558544
14,55,"D7",11,0.0534078597458879,0.920276634562349
14,55,"D7",12,0.0495420072884862,0.927616413093592
14,55,"D7",13,0.0467349551856594,0.943339960238569
14,55,"D7",14,0.0448143405889885,0.958904109589041
14,56,"D0",1,1,NA
14,56,"D0",2,0.830800464603281,0.830800464603281
14,56,"D0",3,0.743340848974652,0.894728494560493
14,56,"D0",4,0.690023008924417,0.928272689273326
14,56,"D0",5,0.652561773040646,0.945710164155012
14,56,"D0",6,0.624616842194307,0.957176573926284
14,56,"D0",7,0.603848665566975,0.96675053372821
14,56,"D0",8,0.585788943873451,0.970092305037111
14,56,"D0",9,0.571164234657192,0.975034166538627
14,56,"D0",10,0.557893752907837,0.976765909095622
14,56,"D0",11,0.546156123620912,0.978960816059067
14,56,"D0",12,0.535692789213916,0.980841861961326
14,56,"D0",13,0.526202258596625,0.982283631946553
14,56,"D0",14,0.517531616123165,0.983522224901535
14,56,"D1",1,1,NA
14,56,"D1",2,0.686104834202844,0.686104834202844
14,56,"D1",3,0.542404709590306,0.790556606732705
14,56,"D1",4,0.460625964532286,0.849229286523361
14,56,"D1",5,0.410160010829836,0.890440492746229
14,56,"D1",6,0.36983159604711,0.90167638551322
14,56,"D1",7,0.342415955958666,0.925869935447724
14,56,"D1",8,0.319552637516358,0.93322940112911
14,56,"D1",9,0.302204413158251,0.945710902300975
14,56,"D1",10,0.291008077252832,0.962951117131581
14,56,"D1",11,0.279060928241922,0.95894564465807
14,56,"D1",12,0.269600441524091,0.966098848816165
14,56,"D1",13,0.261540544199269,0.970104287369641
14,56,"D1",14,0.254591399305086,0.973429951690821
14,56,"D3",1,1,NA
14,56,"D3",2,0.583414417169386,0.583414417169386
14,56,"D3",3,0.453393011036668,0.777137139045078
14,56,"D3",4,0.390681966028189,0.861685020540806
14,56,"D3",5,0.352937116010119,0.903387273280624
14,56,"D3",6,0.330856884712685,0.937438624911297
14,56,"D3",7,0.312363932056379,0.944105885321487
14,56,"D3",8,0.297749186844958,0.953212443206207
14,56,"D3",9,0.287010119262739,0.963932504078304
14,56,"D3",10,0.27751572099747,0.966919639315652
14,56,"D3",11,0.270273275694309,0.97390257648421
14,56,"D3",12,0.263740235189458,0.975828018926147
14,56,"D3",13,0.258041199855439,0.978391483082112
14,56,"D3",14,0.252981568485725,0.980392156862745
14,56,"D5",1,1,NA
14,56,"D5",2,0.561061354314891,0.561061354314891
14,56,"D5",3,0.413001171842304,0.736106967029688
14,56,"D5",4,0.338429815016322,0.819440326298989
14,56,"D5",5,0.293710554951034,0.867862528414845
14,56,"D5",6,0.260919477693145,0.888355809128631
14,56,"D5",7,0.238224700761698,0.913019997080718
14,56,"D5",8,0.219536452665941,0.921552013556938
14,56,"D5",9,0.2045119695321,0.931562695163417
14,56,"D5",10,0.192606637649619,0.941786625449263
14,56,"D5",11,0.182566753159789,0.947873631914523
14,56,"D5",12,0.173934879049134,0.952719353544616
14,56,"D5",13,0.166485310119695,0.957170356111646
14,56,"D5",14,0.159956474428727,0.96078431372549
14,56,"D6",1,1,NA
14,56,"D6",2,0.424309392265193,0.424309392265193
14,56,"D6",3,0.266270009916419,0.627537393162393
14,56,"D6",4,0.196128913443831,0.736579059374335
14,56,"D6",5,0.15880073664825,0.809675299066649
14,56,"D6",6,0.133430570902394,0.840238992076893
14,56,"D6",7,0.115867403314917,0.868372236821765
14,56,"D6",8,0.100557642725599,0.867868268802848
14,56,"D6",9,0.0896257826887661,0.891287626275576
14,56,"D6",10,0.0807307550644567,0.900753696565215
14,56,"D6",11,0.0726731831704207,0.90019204096874
14,56,"D6",12,0.0664116730415073,0.913840155945419
14,56,"D6",13,0.0611418047882136,0.920648464163823
14,56,"D6",14,0.0567219152854512,0.927710843373494
14,56,"D7",1,1,NA
14,56,"D7",2,0.353324641460235,0.353324641460235
14,56,"D7",3,0.213997866540239,0.605669238510567
14,56,"D7",4,0.154852080123267,0.723615065078925
14,56,"D7",5,0.126151001540832,0.814654872187783
14,56,"D7",6,0.105075500770416,0.832934336525308
14,56,"D7",7,0.0922295839753467,0.877745842742763
14,56,"D7",8,0.0824899845916795,0.894398315986434
14,56,"D7",9,0.077,0.933446652719665
14,56,"D7",10,0.0726964560862866,0.944109819302423
14,56,"D7",11,0.069278179447671,0.95297877196987
14,56,"D7",12,0.066966931373711,0.966638152266895
14,56,"D7",13,0.0654853620955316,0.97787610619469
14,56,"D7",14,0.0647149460708783,0.988235294117647
14,57,"D0",1,1,NA
14,57,"D0",2,0.830800464603281,0.830800464603281
14,57,"D0",3,0.743340848974652,0.894728494560493
14,57,"D0",4,0.689750031721863,0.927905459081509
14,57,"D0",5,0.653100029607072,0.946864805466845
14,57,"D0",6,0.626058114452481,0.958594527746599
14,57,"D0",7,0.603501078543332,0.963969741165521
14,57,"D0",8,0.585984350547731,0.970974819070943
14,57,"D0",9,0.570936852345303,0.974320989650385
14,57,"D0",10,0.557631434251153,0.976695464586855
14,57,"D0",11,0.546156123620912,0.979421334728645
14,57,"D0",12,0.535692789213916,0.980841861961326
14,57,"D0",13,0.526202258596625,0.982283631946553
14,57,"D0",14,0.517531616123165,0.983522224901535
14,57,"D1",1,1,NA
14,57,"D1",2,0.686104834202844,0.686104834202844
14,57,"D1",3,0.542404709590306,0.790556606732705
14,57,"D1",4,0.458006136907179,0.844399262781336
14,57,"D1",5,0.407208519471143,0.889089657664716
14,57,"D1",6,0.367243987184694,0.901857327694537
14,57,"D1",7,0.343710392130319,0.935918365240547
14,57,"D1",8,0.318816028157574,0.927571686679447
14,57,"D1",9,0.303958124633365,0.953396623093034
14,57,"D1",10,0.290774965028654,0.956628369053755
14,57,"D1",11,0.279060928241922,0.959714424570294
14,57,"D1",12,0.269600441524091,0.966098848816165
14,57,"D1",13,0.261540544199269,0.970104287369641
14,57,"D1",14,0.254591399305086,0.973429951690821
14,57,"D3",1,1,NA
14,57,"D3",2,0.584471603163192,0.584471603163192
14,57,"D3",3,0.455268760714483,0.778940770176933
14,57,"D3",4,0.393612868439971,0.864572539135452
14,57,"D3",5,0.354607117181884,0.900903262099429
14,57,"D3",6,0.330685837526959,0.932541456457415
14,57,"D3",7,0.312858734723221,0.946090516191867
14,57,"D3",8,0.298093817397556,0.952806440457137
14,57,"D3",9,0.286511861969806,0.961146609718834
14,57,"D3",10,0.277579439252336,0.968823550075526
14,57,"D3",11,0.269438146325278,0.97067040358253
14,57,"D3",12,0.262539401647957,0.974395813022731
14,57,"D3",13,0.256649892163911,0.977567140600316
14,57,"D3",14,0.251617541337168,0.980392156862745
14,57,"D5",1,1,NA
14,57,"D5",2,0.549139246023099,0.549139246023099
14,57,"D5",3,0.404173022444977,0.736011904761905
14,57,"D5",4,0.332938243626062,0.823751772476075
14,57,"D5",5,0.286401133144476,0.860222995187497
14,57,"D5",6,0.255371104815864,0.891655357686875
14,57,"D5",7,0.230484419263456,0.902546979344619
14,57,"D5",8,0.213137110481586,0.924735438354986
14,57,"D5",9,0.195591501416431,0.91767923931449
14,57,"D5",10,0.182214164305949,0.931605734330961
14,57,"D5",11,0.17162780562214,0.941901560045387
14,57,"D5",12,0.162039660056657,0.94413407821229
14,57,"D5",13,0.153824362606232,0.949300699300699
14,57,"D5",14,0.146742209631728,0.953959484346225
14,57,"D6",1,1,NA
14,57,"D6",2,0.438657233177781,0.438657233177781
14,57,"D6",3,0.277924130663857,0.633579272477694
14,57,"D6",4,0.209232876712329,0.752841706161137
14,57,"D6",5,0.172214611872146,0.823076251582209
14,57,"D6",6,0.15103196347032,0.876998541694286
14,57,"D6",7,0.134593607305936,0.891159753295441
14,57,"D6",8,0.122077625570776,0.90700909214276
14,57,"D6",9,0.112730593607306,0.923433701140827
14,57,"D6",10,0.104794520547945,0.929601425793908
14,57,"D6",11,0.0984745847759546,0.939692116162704
14,57,"D6",12,0.09247829795775,0.939108280254777
14,57,"D6",13,0.0870841487279843,0.941671188279978
14,57,"D6",14,0.0821917808219178,0.943820224719101
14,57,"D7",1,1,NA
14,57,"D7",2,0.354983922829582,0.354983922829582
14,57,"D7",3,0.22099925797675,0.622561315496098
14,57,"D7",4,0.165254019292604,0.747758254057079
14,57,"D7",5,0.13356270096463,0.808226641242168
14,57,"D7",6,0.109055948553055,0.816514998314796
14,57,"D7",7,0.09348038585209,0.857178238256419
14,57,"D7",8,0.08291961414791,0.887026870846576
14,57,"D7",9,0.0718186495176849,0.866123778501629
14,57,"D7",10,0.0656514469453376,0.914128118340228
14,57,"D7",11,0.0585456344298788,0.891764571139228
14,57,"D7",12,0.0533267375711106,0.910857625686523
14,57,"D7",13,0.0488745980707396,0.916512059369202
14,57,"D7",14,0.045016077170418,0.921052631578947
14,58,"D0",1,1,NA
14,58,"D0",2,0.830800464603281,0.830800464603281
14,58,"D0",3,0.743340848974652,0.894728494560493
14,58,"D0",4,0.68943619676014,0.927483263850135
14,58,"D0",5,0.653583809161274,0.947997526431964
14,58,"D0",6,0.625213720763017,0.956593036729805
14,58,"D0",7,0.603268959099945,0.964900383765907
14,58,"D0",8,0.586006259780908,0.971384738003439
14,58,"D0",9,0.570762762762763,0.973987484325092
14,58,"D0",10,0.557883094361968,0.977434287516495
14,58,"D0",11,0.546156123620912,0.978979519437729
14,58,"D0",12,0.535692789213916,0.980841861961326
14,58,"D0",13,0.526202258596625,0.982283631946553
14,58,"D0",14,0.517531616123165,0.983522224901535
14,58,"D1",1,1,NA
14,58,"D1",2,0.686104834202844,0.686104834202844
14,58,"D1",3,0.542404709590306,0.790556606732705
14,58,"D1",4,0.457680158837598,0.843798275983438
14,58,"D1",5,0.406548982446641,0.888281859277408
14,58,"D1",6,0.368293308063716,0.905901438609686
14,58,"D1",7,0.340475881052299,0.924469366121081
14,58,"D1",8,0.319447136862055,0.938237198695981
14,58,"D1",9,0.30519380894364,0.955381262582515
14,58,"D1",10,0.289562023374396,0.948780790726558
14,58,"D1",11,0.279060928241922,0.963734556727776
14,58,"D1",12,0.269600441524091,0.966098848816165
14,58,"D1",13,0.261540544199269,0.970104287369641
14,58,"D1",14,0.254591399305086,0.973429951690821
14,58,"D3",1,1,NA
14,58,"D3",2,0.587134365252192,0.587134365252192
14,58,"D3",3,0.46138396798305,0.785823476343224
14,58,"D3",4,0.402625860749809,0.872648138403891
14,58,"D3",5,0.365684391736802,0.908248643183995
14,58,"D3",6,0.341337031369549,0.933419744136148
14,58,"D3",7,0.32240168324407,0.944525948299533
14,58,"D3",8,0.308334736036725,0.956368257554363
14,58,"D3",9,0.297028691660291,0.963331914782744
14,58,"D3",10,0.286844682478959,0.965713719020186
14,58,"D3",11,0.27894179271379,0.972448888726569
14,58,"D3",12,0.271820375492908,0.974469880789113
14,58,"D3",13,0.265493496557001,0.976724044603226
14,58,"D3",14,0.259755164498852,0.978386167146974
14,58,"D5",1,1,NA
14,58,"D5",2,0.564692674712321,0.564692674712321
14,58,"D5",3,0.42076685593385,0.745125401437529
14,58,"D5",4,0.347461689587426,0.825781985171503
14,58,"D5",5,0.302066797642436,0.869352814122064
14,58,"D5",6,0.269555992141454,0.892372131744628
14,58,"D5",7,0.244939096267191,0.908676131891199
14,58,"D5",8,0.225548133595285,0.920833533856297
14,58,"D5",9,0.21207858546169,0.94028082645204
14,58,"D5",10,0.199838899803536,0.942287027087116
14,58,"D5",11,0.189943651633239,0.950483873860267
14,58,"D5",12,0.181739674863447,0.956808365537622
14,58,"D5",13,0.174852652259332,0.962105013067237
14,58,"D5",14,0.168958742632613,0.966292134831461
14,58,"D6",1,1,NA
14,58,"D6",2,0.43381003699065,0.43381003699065
14,58,"D6",3,0.279046398508723,0.643245602255942
14,58,"D6",4,0.208759560772435,0.748117739157664
14,58,"D6",5,0.168471790988262,0.807013534445545
14,58,"D6",6,0.138738356683075,0.823510902740631
14,58,"D6",7,0.120900416508898,0.87142747974935
14,58,"D6",8,0.104864823930329,0.867365282588679
14,58,"D6",9,0.0944324119651647,0.900515620260843
14,58,"D6",10,0.0842067398712609,0.891714381946783
14,58,"D6",11,0.0757288905717531,0.89932101263546
14,58,"D6",12,0.0689715434130428,0.910769230769231
14,58,"D6",13,0.0632336236274139,0.916807432432432
14,58,"D6",14,0.0583112457402499,0.922155688622755
14,58,"D7",1,1,NA
14,58,"D7",2,0.321734228463076,0.321734228463076
14,58,"D7",3,0.177778916619689,0.552564510990761
14,58,"D7",4,0.119433710859427,0.671810319976939
14,58,"D7",5,0.0877308461025983,0.734556813744631
14,58,"D7",6,0.0717441705529647,0.817775887731235
14,58,"D7",7,0.060271818787475,0.84009360374415
14,58,"D7",8,0.0531459027315123,0.881770349736924
14,58,"D7",9,0.0478947368421053,0.901193401193401
14,58,"D7",10,0.0445742838107928,0.930671859785784
14,58,"D7",11,0.0420745144262799,0.943919023015068
14,58,"D7",12,0.040178342643366,0.954933008526187
14,58,"D7",13,0.0386409060626249,0.961734693877551
14,58,"D7",14,0.0373084610259827,0.96551724137931
14,59,"D0",1,1,NA
14,59,"D0",2,0.830800464603281,0.830800464603281
14,59,"D0",3,0.743340848974652,0.894728494560493
14,59,"D0",4,0.68790077401345,0.925417693595509
14,59,"D0",5,0.652831197394578,0.949019425557171
14,59,"D0",6,0.625834877130652,0.958647318982813
14,59,"D0",7,0.604369157890285,0.965700666382187
14,59,"D0",8,0.586288711246458,0.970083770146475
14,59,"D0",9,0.571141733282578,0.97416464333472
14,59,"D0",10,0.557805523833693,0.976649912496786
14,59,"D0",11,0.546156123620912,0.979115660001507
14,59,"D0",12,0.535692789213916,0.980841861961326
14,59,"D0",13,0.526202258596625,0.982283631946553
14,59,"D0",14,0.517531616123165,0.983522224901535
14,59,"D1",1,1,NA
14,59,"D1",2,0.686104834202844,0.686104834202844
14,59,"D1",3,0.542404709590306,0.790556606732705
14,59,"D1",4,0.460074455123866,0.84821250071994
14,59,"D1",5,0.409125851721493,0.889260090763664
14,59,"D1",6,0.369414647353459,0.9029364578138
14,59,"D1",7,0.341987004196562,0.925753774644852
14,59,"D1",8,0.319083886106223,0.933029273600189
14,59,"D1",9,0.304162176797076,0.953235779182596
14,59,"D1",10,0.290802761608231,0.956077986653291
14,59,"D1",11,0.279060928241922,0.959622689614869
14,59,"D1",12,0.269600441524091,0.966098848816165
14,59,"D1",13,0.261540544199269,0.970104287369641
14,59,"D1",14,0.254591399305086,0.973429951690821
14,59,"D3",1,1,NA
14,59,"D3",2,0.586637801101642,0.586637801101642
14,59,"D3",3,0.459791455427366,0.783773999159153
14,59,"D3",4,0.399738154613466,0.869390133059169
14,59,"D3",5,0.363299251870324,0.908843070588602
14,59,"D3",6,0.338620947630923,0.932071689902048
14,59,"D3",7,0.320980049875312,0.947903702121705
14,59,"D3",8,0.30601246882793,0.953369123553953
14,59,"D3",9,0.294937655860349,0.963809275452079
14,59,"D3",10,0.285201995012469,0.96699078379978
14,59,"D3",11,0.276814831054233,0.970592197442835
14,59,"D3",12,0.269491107396344,0.973542878356639
14,59,"D3",13,0.262914143213395,0.975594874923734
14,59,"D3",14,0.256857855361596,0.976964769647697
14,59,"D5",1,1,NA
14,59,"D5",2,0.547201388458439,0.547201388458439
14,59,"D5",3,0.398334676336288,0.727948950309621
14,59,"D5",4,0.325756647864625,0.817796358732299
14,59,"D5",5,0.279420897125974,0.8577596158286
14,59,"D5",6,0.246532366371206,0.882297526444702
14,59,"D5",7,0.221213537469782,0.897300183038438
14,59,"D5",8,0.202212194466828,0.914104067859996
14,59,"D5",9,0.185816814396992,0.918919924126901
14,59,"D5",10,0.172339511146925,0.927469947788076
14,59,"D5",11,0.159445443087667,0.925182171090964
14,59,"D5",12,0.148887373706068,0.933782557988856
14,59,"D5",13,0.139672307279076,0.938107132944768
14,59,"D5",14,0.131614289551437,0.942307692307692
14,59,"D6",1,1,NA
14,59,"D6",2,0.449401344923733,0.449401344923733
14,59,"D6",3,0.290880761030015,0.647262773722628
14,59,"D6",4,0.220169154228856,0.756905178084766
14,59,"D6",5,0.180303482587065,0.818931622000271
14,59,"D6",6,0.155089552238806,0.860158384150548
14,59,"D6",7,0.135965174129353,0.876688159625317
14,59,"D6",8,0.122179104477612,0.898605876541403
14,59,"D6",9,0.112980099502488,0.92470885251242
14,59,"D6",10,0.103373134328358,0.914967633977718
14,59,"D6",11,0.0963451970914657,0.932013890431447
14,59,"D6",12,0.0900989557705976,0.935168108951624
14,59,"D6",13,0.0845771144278607,0.93871359223301
14,59,"D6",14,0.0796019900497512,0.941176470588235
14,59,"D7",1,1,NA
14,59,"D7",2,0.324588706091596,0.324588706091596
14,59,"D7",3,0.184575860876439,0.568645357686454
14,59,"D7",4,0.126071933204881,0.683035867237687
14,59,"D7",5,0.0898086062941554,0.712360031381499
14,59,"D7",6,0.0706114322414901,0.786243492190629
14,59,"D7",7,0.0579961464354528,0.821342162230995
14,59,"D7",8,0.0475118818240206,0.81922480620155
14,59,"D7",9,0.0416763005780347,0.877176381529145
14,59,"D7",10,0.0375401412973667,0.900755124056095
14,59,"D7",11,0.0338174991354182,0.900835691254853
14,59,"D7",12,0.0311249444197421,0.920379839298758
14,59,"D7",13,0.0289017341040462,0.928571428571429
14,59,"D7",14,0.0269749518304432,0.933333333333333
14,60,"D0",1,1,NA
14,60,"D0",2,0.830800464603281,0.830800464603281
14,60,"D0",3,0.743340848974652,0.894728494560493
14,60,"D0",4,0.689671869052151,0.927800308571053
14,60,"D0",5,0.652954362813518,0.946760904879163
14,60,"D0",6,0.625541174977795,0.958016686315408
14,60,"D0",7,0.602723596836273,0.963523459279348
14,60,"D0",8,0.586057776085945,0.972349148369489
14,60,"D0",9,0.570702364336167,0.973798808963289
14,60,"D0",10,0.557875396523284,0.977524242732368
14,60,"D0",11,0.546156123620912,0.978993027877897
14,60,"D0",12,0.535692789213916,0.980841861961326
14,60,"D0",13,0.526202258596625,0.982283631946553
14,60,"D0",14,0.517531616123165,0.983522224901535
14,60,"D1",1,1,NA
14,60,"D1",2,0.686104834202844,0.686104834202844
14,60,"D1",3,0.542404709590306,0.790556606732705
14,60,"D1",4,0.460291773836921,0.848613158585206
14,60,"D1",5,0.407907856143676,0.886194104107965
14,60,"D1",6,0.372009205360769,0.911993235133323
14,60,"D1",7,0.344103966427508,0.924987773068145
14,60,"D1",8,0.322257118361085,0.936510908917333
14,60,"D1",9,0.304671359595686,0.945429417184529
14,60,"D1",10,0.289594242137088,0.950513505835906
14,60,"D1",11,0.279060928241922,0.963627336588483
14,60,"D1",12,0.269600441524091,0.966098848816165
14,60,"D1",13,0.261540544199269,0.970104287369641
14,60,"D1",14,0.254591399305086,0.973429951690821
14,60,"D3",1,1,NA
14,60,"D3",2,0.58652501344809,0.58652501344809
14,60,"D3",3,0.456004572350726,0.777468244141789
14,60,"D3",4,0.39246013986014,0.860649571641329
14,60,"D3",5,0.353646853146853,0.901102601840996
14,60,"D3",6,0.331170979020979,0.936445428749394
14,60,"D3",7,0.312474125874126,0.943543201756007
14,60,"D3",8,0.297042307692308,0.950614092803208
14,60,"D3",9,0.285737062937063,0.961940624407769
14,60,"D3",10,0.275949300699301,0.965745562941136
14,60,"D3",11,0.266863905325444,0.967075852880101
14,60,"D3",12,0.259467455621302,0.972283813747228
14,60,"D3",13,0.252972027972028,0.974966310770188
14,60,"D3",14,0.247202797202797,0.977194194885971
14,60,"D5",1,1,NA
14,60,"D5",2,0.563119193342433,0.563119193342433
14,60,"D5",3,0.421535819646867,0.748572992415357
14,60,"D5",4,0.347920435031483,0.825363869013422
14,60,"D5",5,0.304461934745278,0.875090693415946
14,60,"D5",6,0.275468231253578,0.904770678423373
14,60,"D5",7,0.249619919862622,0.906165907867751
14,60,"D5",8,0.229072696050372,0.917685961026036
14,60,"D5",9,0.214263308528907,0.935350708413504
14,60,"D5",10,0.202138523182599,0.943411751505404
14,60,"D5",11,0.191449077539518,0.947118216385581
14,60,"D5",12,0.182510677645194,0.953311867525299
14,60,"D5",13,0.174871207784774,0.958142340168878
14,60,"D5",14,0.168288494562106,0.962356792144026
14,60,"D6",1,1,NA
14,60,"D6",2,0.445169573125067,0.445169573125067
14,60,"D6",3,0.291457152027388,0.654710406152367
14,60,"D6",4,0.224267732962448,0.769470680003671
14,60,"D6",5,0.192076495132128,0.85646068025439
14,60,"D6",6,0.167917246175243,0.874220690354301
14,60,"D6",7,0.151556328233658,0.902565589215828
14,60,"D6",8,0.138763560500695,0.915590672576604
14,60,"D6",9,0.128794158553547,0.928155476040132
14,60,"D6",10,0.1207280945758,0.937372439337818
14,60,"D6",11,0.113846688777148,0.943000791797211
14,60,"D6",12,0.10768160907243,0.945847527311171
14,60,"D6",13,0.102225312934631,0.949329359165425
14,60,"D6",14,0.0973574408901252,0.952380952380952
14,60,"D7",1,1,NA
14,60,"D7",2,0.345030491066652,0.345030491066652
14,60,"D7",3,0.206831068792126,0.599457364341085
14,60,"D7",4,0.148216968011127,0.716608819345661
14,60,"D7",5,0.11229207232267,0.757619548081976
14,60,"D7",6,0.0928011126564673,0.82642621813768
14,60,"D7",7,0.0779054242002782,0.839488040285355
14,60,"D7",8,0.0670987482614743,0.861284678830292
14,60,"D7",9,0.0597969401947149,0.891178177597214
14,60,"D7",10,0.0535173852573018,0.894985346792576
14,60,"D7",11,0.0490531721407938,0.916583870922601
14,60,"D7",12,0.0450411896865304,0.918211559432933
14,60,"D7",13,0.0417246175243394,0.926365795724466
14,60,"D7",14,0.0389429763560501,0.933333333333333
14,61,"D0",1,1,NA
14,61,"D0",2,0.830800464603281,0.830800464603281
14,61,"D0",3,0.743340848974652,0.894728494560493
14,61,"D0",4,0.689814575138519,0.927992287912112
14,61,"D0",5,0.653161612316542,0.946865485098489
14,61,"D0",6,0.625132005244681,0.957086260822266
14,61,"D0",7,0.604414160639513,0.966858448405534
14,61,"D0",8,0.585602419320729,0.968876074480321
14,61,"D0",9,0.571044622086876,0.975140476279555
14,61,"D0",10,0.558123503785476,0.977372839526656
14,61,"D0",11,0.546156123620912,0.978557828001519
14,61,"D0",12,0.535692789213916,0.980841861961326
14,61,"D0",13,0.526202258596625,0.982283631946553
14,61,"D0",14,0.517531616123165,0.983522224901535
14,61,"D1",1,1,NA
14,61,"D1",2,0.686104834202844,0.686104834202844
14,61,"D1",3,0.542404709590306,0.790556606732705
14,61,"D1",4,0.46080853752087,0.849565885718308
14,61,"D1",5,0.406467487929245,0.882074559894273
14,61,"D1",6,0.368573800821263,0.90677314119013
14,61,"D1",7,0.342764676684265,0.929975695289548
14,61,"D1",8,0.321408059203105,0.937693061934637
14,61,"D1",9,0.303467262307658,0.944180625277633
14,61,"D1",10,0.289373764721809,0.953558425120793
14,61,"D1",11,0.279060928241922,0.964361536057697
14,61,"D1",12,0.269600441524091,0.966098848816165
14,61,"D1",13,0.261540544199269,0.970104287369641
14,61,"D1",14,0.254591399305086,0.973429951690821
14,61,"D3",1,1,NA
14,61,"D3",2,0.596646942800789,0.596646942800789
14,61,"D3",3,0.473858406550714,0.79420235411971
14,61,"D3",4,0.413843045843046,0.873347481277099
14,61,"D3",5,0.379389665889666,0.916747713174219
14,61,"D3",6,0.354631313131313,0.934741625868236
14,61,"D3",7,0.336097902097902,0.947738932386525
14,61,"D3",8,0.322135975135975,0.958458750040457
14,61,"D3",9,0.310708624708625,0.96452631401219
14,61,"D3",10,0.299977466977467,0.965462311381858
14,61,"D3",11,0.291756320602474,0.972594120292341
14,61,"D3",12,0.284322515091746,0.974520498834857
14,61,"D3",13,0.277777777777778,0.976981290729452
14,61,"D3",14,0.271950271950272,0.979020979020979
14,61,"D5",1,1,NA
14,61,"D5",2,0.554717143842704,0.554717143842704
14,61,"D5",3,0.40530139703346,0.730645161290323
14,61,"D5",4,0.33294730941704,0.821480784063406
14,61,"D5",5,0.28365302690583,0.851945694958399
14,61,"D5",6,0.251364349775785,0.886168402705731
14,61,"D5",7,0.229681614349776,0.91373981455465
14,61,"D5",8,0.210404147982063,0.916068744020774
14,61,"D5",9,0.194936659192825,0.926486768737296
14,61,"D5",10,0.179991031390135,0.923330850828284
14,61,"D5",11,0.169282511210762,0.94050525686382
14,61,"D5",12,0.158934115212142,0.938869077941926
14,61,"D5",13,0.149663677130045,0.941671188279978
14,61,"D5",14,0.141255605381166,0.943820224719101
14,61,"D6",1,1,NA
14,61,"D6",2,0.44926522043387,0.44926522043387
14,61,"D6",3,0.291408731226786,0.64863407620417
14,61,"D6",4,0.224240027991603,0.769503463563314
14,61,"D6",5,0.183969209237229,0.820411997291216
14,61,"D6",6,0.159745976207138,0.868329960592182
14,61,"D6",7,0.143624912526242,0.89908313145871
14,61,"D6",8,0.130883834849545,0.911289222373806
14,61,"D6",9,0.121988103568929,0.932033384482952
14,61,"D6",10,0.115130160951714,0.943781873669839
14,61,"D6",11,0.109544059858965,0.951480124351673
14,61,"D6",12,0.104914679442321,0.957739557739558
14,61,"D6",13,0.10111966410077,0.963827603899436
14,61,"D6",14,0.0979706088173548,0.968858131487889
14,61,"D7",1,1,NA
14,61,"D7",2,0.326104746317512,0.326104746317512
14,61,"D7",3,0.189238952536825,0.58030112923463
14,61,"D7",4,0.131026595744681,0.692387027027027
14,61,"D7",5,0.10073670212766,0.768826371128161
14,61,"D7",6,0.0813284574468085,0.807336906301978
14,61,"D7",7,0.0694414893617021,0.853839990843539
14,61,"D7",8,0.0617526595744681,0.889276139410188
14,61,"D7",9,0.0567260638297872,0.918601145613506
14,61,"D7",10,0.0527792553191489,0.930423367246472
14,61,"D7",11,0.0499693126022913,0.946760470569994
14,61,"D7",12,0.0482815057283142,0.966223132036848
14,61,"D7",13,0.0472074468085106,0.977754237288135
14,61,"D7",14,0.0465425531914894,0.985915492957746
14,62,"D0",1,1,NA
14,62,"D0",2,0.830800464603281,0.830800464603281
14,62,"D0",3,0.743340848974652,0.894728494560493
14,62,"D0",4,0.69122031891046,0.929883403910755
14,62,"D0",5,0.65325753922937,0.945078611489708
14,62,"D0",6,0.625785729391363,0.957946432779919
14,62,"D0",7,0.603170663621368,0.963861327115927
14,62,"D0",8,0.586195152899378,0.97185620630143
14,62,"D0",9,0.570972380831536,0.97403122152657
14,62,"D0",10,0.55760005075498,0.976579725175006
14,62,"D0",11,0.546156123620912,0.97947645966213
14,62,"D0",12,0.535692789213916,0.980841861961326
14,62,"D0",13,0.526202258596625,0.982283631946553
14,62,"D0",14,0.517531616123165,0.983522224901535
14,62,"D1",1,1,NA
14,62,"D1",2,0.686104834202844,0.686104834202844
14,62,"D1",3,0.542404709590306,0.790556606732705
14,62,"D1",4,0.461340462975498,0.850546565725732
14,62,"D1",5,0.407435314290871,0.883155385207369
14,62,"D1",6,0.371288389513109,0.911281807173059
14,62,"D1",7,0.342909345246153,0.923566033658713
14,62,"D1",8,0.319306258742837,0.931168144494944
14,62,"D1",9,0.302937232074365,0.948735653560568
14,62,"D1",10,0.289480528857001,0.955579236248978
14,62,"D1",11,0.279060928241922,0.964005867143395
14,62,"D1",12,0.269600441524091,0.966098848816165
14,62,"D1",13,0.261540544199269,0.970104287369641
14,62,"D1",14,0.254591399305086,0.973429951690821
14,62,"D3",1,1,NA
14,62,"D3",2,0.584991783823261,0.584991783823261
14,62,"D3",3,0.456749202960633,0.780778834149621
14,62,"D3",4,0.395519810115026,0.865945266135728
14,62,"D3",5,0.359281358407887,0.908377656996245
14,62,"D3",6,0.333431075406244,0.928050029881328
14,62,"D3",7,0.313324447690341,0.939697799038661
14,62,"D3",8,0.30028555778711,0.958385341458838
14,62,"D3",9,0.288767573489136,0.961643229255337
14,62,"D3",10,0.279442760635384,0.967708241125963
14,62,"D3",11,0.271288324602183,0.970818939754744
14,62,"D3",12,0.264378309293409,0.974528887968523
14,62,"D3",13,0.258353113018076,0.977209944751381
14,62,"D3",14,0.253058243563995,0.979505300353357
14,62,"D5",1,1,NA
14,62,"D5",2,0.563185346420798,0.563185346420798
14,62,"D5",3,0.414667953509384,0.736290381389922
14,62,"D5",4,0.339505605979712,0.818740881966969
14,62,"D5",5,0.296350774159103,0.872889192223861
14,62,"D5",6,0.26742391884677,0.902389810202409
14,62,"D5",7,0.243340630005339,0.909943400181678
14,62,"D5",8,0.225106246663107,0.925066425028029
14,62,"D5",9,0.210721302722904,0.936097091247178
14,62,"D5",10,0.197465029364656,0.937090967135484
14,62,"D5",11,0.186711979958109,0.945544537981513
14,62,"D5",12,0.177050392213233,0.948254055540281
14,62,"D5",13,0.168446342765617,0.951403386685224
14,62,"D5",14,0.160704751735184,0.954041204437401
14,62,"D6",1,1,NA
14,62,"D6",2,0.458624127617149,0.458624127617149
14,62,"D6",3,0.300828284377636,0.655936454849498
14,62,"D6",4,0.232905284147557,0.774213384321224
14,62,"D6",5,0.192859421734796,0.828059451036797
14,62,"D6",6,0.16791159853772,0.870642445296857
14,62,"D6",7,0.152566965769359,0.908614813378038
14,62,"D6",8,0.139195081422399,0.912353999573054
14,62,"D6",9,0.129694250581589,0.93174449309757
14,62,"D6",10,0.121821867730143,0.939300448430493
14,62,"D6",11,0.115768080374262,0.950306234269111
14,62,"D6",12,0.110437917018176,0.953958264325936
14,62,"D6",13,0.106015287470921,0.959953703703704
14,62,"D6",14,0.102359587902958,0.96551724137931
14,62,"D7",1,1,NA
14,62,"D7",2,0.385185185185185,0.385185185185185
14,62,"D7",3,0.256151256151256,0.665008068854223
14,62,"D7",4,0.198639730639731,0.775478260869565
14,62,"D7",5,0.165379124579125,0.832558139534884
14,62,"D7",6,0.143525925925926,0.867859993159275
14,62,"D7",7,0.129422222222222,0.901734104046243
14,62,"D7",8,0.117863973063973,0.910693473193473
14,62,"D7",9,0.110915824915825,0.941049432090865
14,62,"D7",10,0.102591245791246,0.924946876328092
14,62,"D7",11,0.0971768971768972,0.94722406797393
14,62,"D7",12,0.0923076923076923,0.949893390191898
14,62,"D7",13,0.0882154882154882,0.955667789001122
14,62,"D7",14,0.0848484848484849,0.961832061068702
14,63,"D0",1,1,NA
14,63,"D0",2,0.830800464603281,0.830800464603281
14,63,"D0",3,0.743340848974652,0.894728494560493
14,63,"D0",4,0.689810430148458,0.927986711748679
14,63,"D0",5,0.653524002876116,0.947396522745338
14,63,"D0",6,0.62554650425073,0.9571897918022
14,63,"D0",7,0.604446728418559,0.966269852538872
14,63,"D0",8,0.585325297128114,0.968365398650641
14,63,"D0",9,0.570753880641205,0.975105438704932
14,63,"D0",10,0.55744727826418,0.976685918697433
14,63,"D0",11,0.546156123620912,0.97974489232699
14,63,"D0",12,0.535692789213916,0.980841861961326
14,63,"D0",13,0.526202258596625,0.982283631946553
14,63,"D0",14,0.517531616123165,0.983522224901535
14,63,"D1",1,1,NA
14,63,"D1",2,0.686104834202844,0.686104834202844
14,63,"D1",3,0.542404709590306,0.790556606732705
14,63,"D1",4,0.459952529217996,0.847987713022277
14,63,"D1",5,0.406622264338252,0.884052676108956
14,63,"D1",6,0.371102026081856,0.912645613947866
14,63,"D1",7,0.340844817472136,0.918466603566735
14,63,"D1",8,0.321554622986327,0.943404759301099
14,63,"D1",9,0.303717431523848,0.944528269266284
14,63,"D1",10,0.289371237760029,0.952764667830095
14,63,"D1",11,0.279060928241922,0.964369957436277
14,63,"D1",12,0.269600441524091,0.966098848816165
14,63,"D1",13,0.261540544199269,0.970104287369641
14,63,"D1",14,0.254591399305086,0.973429951690821
14,63,"D3",1,1,NA
14,63,"D3",2,0.581282836824376,0.581282836824376
14,63,"D3",3,0.451605971970002,0.776912620433082
14,63,"D3",4,0.391661921066859,0.86726470723659
14,63,"D3",5,0.352876193908812,0.900971411638903
14,63,"D3",6,0.329382231032618,0.933421513602402
14,63,"D3",7,0.310406920165796,0.942391212764165
14,63,"D3",8,0.295642458100559,0.952435138825671
14,63,"D3",9,0.283325283834925,0.958337600273084
14,63,"D3",10,0.272680843395206,0.962430319328928
14,63,"D3",11,0.263581795749754,0.966631144556551
14,63,"D3",12,0.255596989062478,0.969706532029031
14,63,"D3",13,0.248513245629843,0.972285497342445
14,63,"D3",14,0.24220580284736,0.974619289340102
14,63,"D5",1,1,NA
14,63,"D5",2,0.553552714315657,0.553552714315657
14,63,"D5",3,0.408572626283798,0.738091631957592
14,63,"D5",4,0.33703378746594,0.824905453239624
14,63,"D5",5,0.291726430517711,0.865570282169981
14,63,"D5",6,0.263901907356948,0.904621178439731
14,63,"D5",7,0.243355858310627,0.922145128649899
14,63,"D5",8,0.226357493188011,0.930150170862464
14,63,"D5",9,0.212861035422343,0.940375476086151
14,63,"D5",10,0.201508446866485,0.946666666666667
14,63,"D5",11,0.193062251100398,0.958085152769387
14,63,"D5",12,0.185914902536156,0.962979046791879
14,63,"D5",13,0.180108991825613,0.968771138669673
14,63,"D5",14,0.175476839237057,0.97428139183056
14,63,"D6",1,1,NA
14,63,"D6",2,0.461701376632545,0.461701376632545
14,63,"D6",3,0.299845230660621,0.649435426958363
14,63,"D6",4,0.230078362160254,0.767323734492439
14,63,"D6",5,0.186971408400988,0.812642295631256
14,63,"D6",6,0.163611719025768,0.875062772565085
14,63,"D6",7,0.146883868690434,0.897758849824816
14,63,"D6",8,0.136096011295447,0.926555192948222
14,63,"D6",9,0.126780797740911,0.931554103122731
14,63,"D6",10,0.119817860924815,0.94507893198207
14,63,"D6",11,0.114977327649407,0.959600903921617
14,63,"D6",12,0.110619348882674,0.962097059865392
14,63,"D6",13,0.106953759265796,0.966863033873343
14,63,"D6",14,0.103776914931168,0.97029702970297
14,63,"D7",1,1,NA
14,63,"D7",2,0.356960574970054,0.356960574970054
14,63,"D7",3,0.218348002708192,0.611686606361249
14,63,"D7",4,0.156682464454976,0.717581395348837
14,63,"D7",5,0.123251184834123,0.786630369026013
14,63,"D7",6,0.100454976303318,0.815042682457894
14,63,"D7",7,0.0849289099526066,0.845442536327609
14,63,"D7",8,0.0730331753554502,0.859933035714286
14,63,"D7",9,0.0659810426540284,0.903439325113563
14,63,"D7",10,0.058739336492891,0.890245654360006
14,63,"D7",11,0.0541638456330399,0.922105166094193
14,63,"D7",12,0.0509348471433779,0.940384615384615
14,63,"D7",13,0.0487474610697359,0.957055214723926
14,63,"D7",14,0.0473933649289099,0.972222222222222
14,64,"D0",1,1,NA
14,64,"D0",2,0.830800464603281,0.830800464603281
14,64,"D0",3,0.743340848974652,0.894728494560493
14,64,"D0",4,0.687714249460728,0.925166766241014
14,64,"D0",5,0.652272808019287,0.948464872628082
14,64,"D0",6,0.625098845324197,0.958339574544573
14,64,"D0",7,0.603850441991287,0.966007930598736
14,64,"D0",8,0.585984942689168,0.970414032913175
14,64,"D0",9,0.571272596540202,0.974892962127237
14,64,"D0",10,0.558028169014084,0.976815923595268
14,64,"D0",11,0.546156123620912,0.978725006993558
14,64,"D0",12,0.535692789213916,0.980841861961326
14,64,"D0",13,0.526202258596625,0.982283631946553
14,64,"D0",14,0.517531616123165,0.983522224901535
14,64,"D1",1,1,NA
14,64,"D1",2,0.686104834202844,0.686104834202844
14,64,"D1",3,0.542404709590306,0.790556606732705
14,64,"D1",4,0.459965795767339,0.848012171787307
14,64,"D1",5,0.405924191146609,0.882509514581242
14,64,"D1",6,0.369378006407653,0.909967955751235
14,64,"D1",7,0.341921934930734,0.925669447014618
14,64,"D1",8,0.321783944767835,0.941103544097052
14,64,"D1",9,0.304495735751997,0.946273860778505
14,64,"D1",10,0.290522900591129,0.954111557173829
14,64,"D1",11,0.279060928241922,0.9605470951657
14,64,"D1",12,0.269600441524091,0.966098848816165
14,64,"D1",13,0.261540544199269,0.970104287369641
14,64,"D1",14,0.254591399305086,0.973429951690821
14,64,"D3",1,1,NA
14,64,"D3",2,0.592616159240867,0.592616159240867
14,64,"D3",3,0.466711853153141,0.787544932542832
14,64,"D3",4,0.405655098003956,0.869176763485477
14,64,"D3",5,0.3674011868369,0.905698433582404
14,64,"D3",6,0.341684589102679,0.930004042840404
14,64,"D3",7,0.324442006833303,0.949536552659112
14,64,"D3",8,0.308667146196727,0.951378488899925
14,64,"D3",9,0.296008991188635,0.958990922214882
14,64,"D3",10,0.285999280704909,0.966184437697208
14,64,"D3",11,0.277419667187695,0.970001275891085
14,64,"D3",12,0.270316628165936,0.97439605095859
14,64,"D3",13,0.264340945873044,0.977893767270494
14,64,"D3",14,0.259305880237367,0.980952380952381
14,64,"D5",1,1,NA
14,64,"D5",2,0.556199607757681,0.556199607757681
14,64,"D5",3,0.41235563303552,0.741380661338348
14,64,"D5",4,0.339799433427762,0.824044601807324
14,64,"D5",5,0.294999433427762,0.868157520016807
14,64,"D5",6,0.262311614730878,0.889193622112877
14,64,"D5",7,0.24016940509915,0.915588146356214
14,64,"D5",8,0.220743909348442,0.919117525637003
14,64,"D5",9,0.204772804532578,0.927648718086922
14,64,"D5",10,0.189967705382436,0.927699876045863
14,64,"D5",11,0.179123992155154,0.942918122817494
14,64,"D5",12,0.168620614512966,0.941362530413625
14,64,"D5",13,0.159206798866856,0.944171620573792
14,64,"D5",14,0.15070821529745,0.94661921708185
14,64,"D6",1,1,NA
14,64,"D6",2,0.440534011443102,0.440534011443102
14,64,"D6",3,0.28723458359822,0.652014546294158
14,64,"D6",4,0.223041983471074,0.776515072373954
14,64,"D6",5,0.185160991735537,0.830162056730231
14,64,"D6",6,0.157623801652893,0.85127974405119
14,64,"D6",7,0.14608132231405,0.926771977215339
14,64,"D6",8,0.129559008264463,0.886896464326448
14,64,"D6",9,0.120793388429752,0.932342644852468
14,64,"D6",10,0.110546776859504,0.915172413793103
14,64,"D6",11,0.104653528289892,0.946690000947725
14,64,"D6",12,0.098410680228862,0.940347466893452
14,64,"D6",13,0.0928925619834711,0.943927648578811
14,64,"D6",14,0.0879338842975207,0.94661921708185
14,64,"D7",1,1,NA
14,64,"D7",2,0.375224227076079,0.375224227076079
14,64,"D7",3,0.232589427033871,0.619867829021372
14,64,"D7",4,0.172023319615912,0.739600771237382
14,64,"D7",5,0.136427983539095,0.793078425900084
14,64,"D7",6,0.11222085048011,0.822564752252252
14,64,"D7",7,0.0978655692729767,0.872080088987764
14,64,"D7",8,0.0863717421124829,0.882554945054945
14,64,"D7",9,0.0748299039780521,0.866370205669817
14,64,"D7",10,0.0674458161865569,0.901321698960606
14,64,"D7",11,0.060673208821357,0.899584470199504
14,64,"D7",12,0.0556083148675741,0.916521739130435
14,64,"D7",13,0.051440329218107,0.925047438330171
14,64,"D7",14,0.0480109739368999,0.933333333333333
14,65,"D0",1,1,NA
14,65,"D0",2,0.830800464603281,0.830800464603281
14,65,"D0",3,0.743340848974652,0.894728494560493
14,65,"D0",4,0.690915366070296,0.929473157601024
14,65,"D0",5,0.653499132935753,0.945845417583698
14,65,"D0",6,0.625660195406674,0.957400192095105
14,65,"D0",7,0.603843336294041,0.965129859190654
14,65,"D0",8,0.586158440130271,0.970712774157107
14,65,"D0",9,0.570647295182506,0.973537624154457
14,65,"D0",10,0.557474516770291,0.976916076666933
14,65,"D0",11,0.546156123620912,0.979697021462162
14,65,"D0",12,0.535692789213916,0.980841861961326
14,65,"D0",13,0.526202258596625,0.982283631946553
14,65,"D0",14,0.517531616123165,0.983522224901535
14,65,"D1",1,1,NA
14,65,"D1",2,0.686104834202844,0.686104834202844
14,65,"D1",3,0.542404709590306,0.790556606732705
14,65,"D1",4,0.4584268760435,0.84517495504374
14,65,"D1",5,0.405634854022833,0.884840909685981
14,65,"D1",6,0.369362844636975,0.910579653039834
14,65,"D1",7,0.341053291818961,0.923355710437422
14,65,"D1",8,0.320083299490095,0.938514030411419
14,65,"D1",9,0.303723117187853,0.948887735385429
14,65,"D1",10,0.289848833536393,0.954319303120814
14,65,"D1",11,0.279060928241922,0.962780925619573
14,65,"D1",12,0.269600441524091,0.966098848816165
14,65,"D1",13,0.261540544199269,0.970104287369641
14,65,"D1",14,0.254591399305086,0.973429951690821
14,65,"D3",1,1,NA
14,65,"D3",2,0.595079438762522,0.595079438762522
14,65,"D3",3,0.471369101990087,0.79211122294917
14,65,"D3",4,0.412502627992992,0.875115968041679
14,65,"D3",5,0.376828109791707,0.913516870486724
14,65,"D3",6,0.353542923885536,0.938207407300262
14,65,"D3",7,0.337496204010123,0.954611678550781
14,65,"D3",8,0.32237609499708,0.955199173106584
14,65,"D3",9,0.3116573875803,0.966750923585456
14,65,"D3",10,0.30198248004672,0.968956591696107
14,65,"D3",11,0.295263622886749,0.977750837866716
14,65,"D3",12,0.28873481978407,0.977888223957805
14,65,"D3",13,0.283044578547791,0.980292500777928
14,65,"D3",14,0.27798325871131,0.982118294360385
14,65,"D5",1,1,NA
14,65,"D5",2,0.544215960057544,0.544215960057544
14,65,"D5",3,0.391681475839892,0.719716995801586
14,65,"D5",4,0.31559295929593,0.805738792265313
14,65,"D5",5,0.267694169416942,0.848226050461178
14,65,"D5",6,0.2345,0.875999654795466
14,65,"D5",7,0.210311881188119,0.896852371804345
14,65,"D5",8,0.189781628162816,0.902381867779792
14,65,"D5",9,0.174268426842684,0.918257623404817
14,65,"D5",10,0.161550605060506,0.927021652673442
14,65,"D5",11,0.15008039265465,0.928999260624496
14,65,"D5",12,0.140983329102141,0.939385396109388
14,65,"D5",13,0.133388338833883,0.946128451380552
14,65,"D5",14,0.127062706270627,0.952577319587629
14,65,"D6",1,1,NA
14,65,"D6",2,0.455879997864731,0.455879997864731
14,65,"D6",3,0.298604067688037,0.655005854800937
14,65,"D6",4,0.230897987508675,0.773258011173184
14,65,"D6",5,0.192011797362942,0.831587141294286
14,65,"D6",6,0.168048577376822,0.875199230905457
14,65,"D6",7,0.151337959750173,0.900560790888593
14,65,"D6",8,0.14029146426093,0.927007767862875
14,65,"D6",9,0.129691880638446,0.924445983379502
14,65,"D6",10,0.122536433032616,0.944827327889729
14,65,"D6",11,0.115558106016121,0.943051002515819
14,65,"D6",12,0.110286659904981,0.954382723178196
14,65,"D6",13,0.105829285218598,0.959583736689255
14,65,"D6",14,0.102012491325468,0.963934426229508
14,65,"D7",1,1,NA
14,65,"D7",2,0.346208712827828,0.346208712827828
14,65,"D7",3,0.201305826840777,0.581458003169572
14,65,"D7",4,0.138661911554922,0.688812210411556
14,65,"D7",5,0.105699001426534,0.762278553939219
14,65,"D7",6,0.0856276747503566,0.810108644307983
14,65,"D7",7,0.0700199714693295,0.817725947521866
14,65,"D7",8,0.0617517831669044,0.881916714204221
14,65,"D7",9,0.0552510699001427,0.894728331177231
14,65,"D7",10,0.0510071326676177,0.923188143864088
14,65,"D7",11,0.0474596729946231,0.930451693959916
14,65,"D7",12,0.0445517392735652,0.938728323699422
14,65,"D7",13,0.0420827389443652,0.944581280788177
14,65,"D7",14,0.0399429386590585,0.949152542372881
14,66,"D0",1,1,NA
14,66,"D0",2,0.830800464603281,0.830800464603281
14,66,"D0",3,0.743340848974652,0.894728494560493
14,66,"D0",4,0.69062995389756,0.929089198918907
14,66,"D0",5,0.6536590111238,0.946467797168202
14,66,"D0",6,0.625634141183437,0.957126162932901
14,66,"D0",7,0.603970054561604,0.965372595266534
14,66,"D0",8,0.585996785517912,0.970241456661725
14,66,"D0",9,0.570652032314004,0.973814270686918
14,66,"D0",10,0.557664594171636,0.977241055131788
14,66,"D0",11,0.546156123620912,0.979363096257135
14,66,"D0",12,0.535692789213916,0.980841861961326
14,66,"D0",13,0.526202258596625,0.982283631946553
14,66,"D0",14,0.517531616123165,0.983522224901535
14,66,"D1",1,1,NA
14,66,"D1",2,0.686104834202844,0.686104834202844
14,66,"D1",3,0.542404709590306,0.790556606732705
14,66,"D1",4,0.460267135959569,0.848567735164434
14,66,"D1",5,0.406020215694238,0.882140357137955
14,66,"D1",6,0.371455168990569,0.914868655875749
14,66,"D1",7,0.341130995893687,0.918363841377445
14,66,"D1",8,0.319389016741122,0.936265014278148
14,66,"D1",9,0.305308785704616,0.955915105722254
14,66,"D1",10,0.290607553810749,0.951847989372665
14,66,"D1",11,0.279060928241922,0.960267290311572
14,66,"D1",12,0.269600441524091,0.966098848816165
14,66,"D1",13,0.261540544199269,0.970104287369641
14,66,"D1",14,0.254591399305086,0.973429951690821
14,66,"D3",1,1,NA
14,66,"D3",2,0.587736474052263,0.587736474052263
14,66,"D3",3,0.464482885535517,0.790291067581784
14,66,"D3",4,0.404834449760766,0.871580982567354
14,66,"D3",5,0.368804210526316,0.911000066185717
14,66,"D3",6,0.341508899521531,0.925989697986821
14,66,"D3",7,0.323805933014354,0.948162503138338
14,66,"D3",8,0.308484976076555,0.952684755355857
14,66,"D3",9,0.296599043062201,0.961469977677602
14,66,"D3",10,0.286151961722488,0.964777090202809
14,66,"D3",11,0.277158630842841,0.968571486193869
14,66,"D3",12,0.269562016930438,0.972591097418464
14,66,"D3",13,0.262966507177034,0.975532495903878
14,66,"D3",14,0.257224880382775,0.978165938864629
14,66,"D5",1,1,NA
14,66,"D5",2,0.542921766334792,0.542921766334792
14,66,"D5",3,0.395163506457818,0.727846129886311
14,66,"D5",4,0.324666117065128,0.821599443671766
14,66,"D5",5,0.280300082440231,0.863348738002133
14,66,"D5",6,0.248502885408079,0.886560158115787
14,66,"D5",7,0.226085188238527,0.909788986422677
14,66,"D5",8,0.207626270953559,0.918354150359051
14,66,"D5",9,0.194399560318769,0.936295582567447
14,66,"D5",10,0.182046166529266,0.936453591925589
14,66,"D5",11,0.170830955249752,0.938393587223867
14,66,"D5",12,0.161498298349082,0.945369052774856
14,66,"D5",13,0.153338829348722,0.949476439790576
14,66,"D5",14,0.146194009343226,0.953405017921147
14,66,"D6",1,1,NA
14,66,"D6",2,0.451582152786972,0.451582152786972
14,66,"D6",3,0.299007017079306,0.662132051131699
14,66,"D6",4,0.231277108433735,0.773483882394616
14,66,"D6",5,0.19215421686747,0.830839758282976
14,66,"D6",6,0.168515662650602,0.876981340288924
14,66,"D6",7,0.148559036144578,0.881574055538079
14,66,"D6",8,0.135455421686747,0.911795237786284
14,66,"D6",9,0.124433734939759,0.918632369160707
14,66,"D6",10,0.116236144578313,0.934120836560806
14,66,"D6",11,0.108552892890242,0.933899634094501
14,66,"D6",12,0.102316960148285,0.942553969996341
14,66,"D6",13,0.0967297762478485,0.945393374741201
14,66,"D6",14,0.091566265060241,0.94661921708185
14,66,"D7",1,1,NA
14,66,"D7",2,0.378080069710026,0.378080069710026
14,66,"D7",3,0.246042503751755,0.650768245838668
14,66,"D7",4,0.18825550660793,0.765134087555337
14,66,"D7",5,0.156942731277533,0.833668741517293
14,66,"D7",6,0.137594713656388,0.876719249985965
14,66,"D7",7,0.124537444933921,0.905103412947429
14,66,"D7",8,0.111947136563877,0.898903431199151
14,66,"D7",9,0.104343612334802,0.932079332598772
14,66,"D7",10,0.0980881057268723,0.940048974077514
14,66,"D7",11,0.0933339787965339,0.951532075218413
14,66,"D7",12,0.0904293943941521,0.968879668049793
14,66,"D7",13,0.0887350534927628,0.981263383297645
14,66,"D7",14,0.0881057268722467,0.99290780141844
14,67,"D0",1,1,NA
14,67,"D0",2,0.830800464603281,0.830800464603281
14,67,"D0",3,0.743340848974652,0.894728494560493
14,67,"D0",4,0.688651017214397,0.926426979176925
14,67,"D0",5,0.652051939263207,0.946853954998521
14,67,"D0",6,0.625616969081758,0.959458796777263
14,67,"D0",7,0.603149938671065,0.964088201693653
14,67,"D0",8,0.586161400837457,0.971833640784181
14,67,"D0",9,0.571215158820793,0.974501490553096
14,67,"D0",10,0.557528993782515,0.976040262890552
14,67,"D0",11,0.546156123620912,0.979601293765111
14,67,"D0",12,0.535692789213916,0.980841861961326
14,67,"D0",13,0.526202258596625,0.982283631946553
14,67,"D0",14,0.517531616123165,0.983522224901535
14,67,"D1",1,1,NA
14,67,"D1",2,0.686104834202844,0.686104834202844
14,67,"D1",3,0.542404709590306,0.790556606732705
14,67,"D1",4,0.460465502459275,0.848933451936799
14,67,"D1",5,0.40736076891837,0.884671634992674
14,67,"D1",6,0.369419701277018,0.906861262703098
14,67,"D1",7,0.342749514913587,0.92780518669893
14,67,"D1",8,0.320245656784441,0.934343136459816
14,67,"D1",9,0.302704119850187,0.945224746807226
14,67,"D1",10,0.291354271016651,0.962505139212662
14,67,"D1",11,0.279060928241922,0.957806203657724
14,67,"D1",12,0.269600441524091,0.966098848816165
14,67,"D1",13,0.261540544199269,0.970104287369641
14,67,"D1",14,0.254591399305086,0.973429951690821
14,67,"D3",1,1,NA
14,67,"D3",2,0.589959060547296,0.589959060547296
14,67,"D3",3,0.468741342690923,0.794531983721173
14,67,"D3",4,0.410610644257703,0.875985552928815
14,67,"D3",5,0.37487675070028,0.912973776843943
14,67,"D3",6,0.351170868347339,0.936763530123813
14,67,"D3",7,0.332991596638655,0.948232403803203
14,67,"D3",8,0.318011204481793,0.955012702097949
14,67,"D3",9,0.305378151260504,0.960274817228926
14,67,"D3",10,0.294577030812325,0.96463034305632
14,67,"D3",11,0.285321821036107,0.968581359684779
14,67,"D3",12,0.277187798196202,0.971491760390539
14,67,"D3",13,0.269907963185274,0.973736812881732
14,67,"D3",14,0.263305322128852,0.975537435137139
14,67,"D5",1,1,NA
14,67,"D5",2,0.551025991792066,0.551025991792066
14,67,"D5",3,0.403714616436915,0.732659842639982
14,67,"D5",4,0.330181668946648,0.817859090316695
14,67,"D5",5,0.283895485636115,0.859816011415181
14,67,"D5",6,0.251938714090287,0.887434731573053
14,67,"D5",7,0.22926292749658,0.909994830784201
14,67,"D5",8,0.210448153214774,0.9179336385204
14,67,"D5",9,0.196949931600547,0.935859633795639
14,67,"D5",10,0.18429439124487,0.935742347038002
14,67,"D5",11,0.174565926549511,0.947212366965453
14,67,"D5",12,0.166263285278333,0.95243836277051
14,67,"D5",13,0.159233926128591,0.957721518987342
14,67,"D5",14,0.153214774281806,0.962199312714777
14,67,"D6",1,1,NA
14,67,"D6",2,0.465864271355505,0.465864271355505
14,67,"D6",3,0.308570192625767,0.662360716626611
14,67,"D6",4,0.239843202117102,0.777272749762916
14,67,"D6",5,0.202460469732054,0.844136785803935
14,67,"D6",6,0.17827654647701,0.880549900496374
14,67,"D6",7,0.16121071782997,0.904273282244447
14,67,"D6",8,0.148692689381409,0.92234989945418
14,67,"D6",9,0.13965729407873,0.939234434858442
14,67,"D6",10,0.132159444260668,0.946312508290224
14,67,"D6",11,0.125626606274969,0.950568511980013
14,67,"D6",12,0.120206621033614,0.956856390520559
14,67,"D6",13,0.115448230234866,0.960414902624894
14,67,"D6",14,0.111147866357923,0.962750716332378
14,67,"D7",1,1,NA
14,67,"D7",2,0.344985197112138,0.344985197112138
14,67,"D7",3,0.212720095569522,0.616606443842216
14,67,"D7",4,0.157639432815665,0.741065071419851
14,67,"D7",5,0.131123565158677,0.83179419525066
14,67,"D7",6,0.109740715732613,0.836925960637301
14,67,"D7",7,0.0957312626603646,0.872340425531915
14,67,"D7",8,0.0829318028359217,0.866298015206873
14,67,"D7",9,0.0758325455773126,0.914396443633877
14,67,"D7",10,0.0674193112761648,0.889055098479182
14,67,"D7",11,0.0616527294447618,0.914466912784355
14,67,"D7",12,0.0560951540019737,0.909856781802864
14,67,"D7",13,0.0513166779203241,0.914814814814815
14,67,"D7",14,0.0472653612424038,0.921052631578947
14,68,"D0",1,1,NA
14,68,"D0",2,0.830800464603281,0.830800464603281
14,68,"D0",3,0.743340848974652,0.894728494560493
14,68,"D0",4,0.691135050543501,0.929768694262986
14,68,"D0",5,0.652535126675972,0.944149954719884
14,68,"D0",6,0.625075159666709,0.957918024813247
14,68,"D0",7,0.603315738273485,0.965189111970429
14,68,"D0",8,0.586010996912405,0.971317271764532
14,68,"D0",9,0.570831451169479,0.974096824423254
14,68,"D0",10,0.557632618534027,0.976877881188201
14,68,"D0",11,0.546156123620912,0.979419254663966
14,68,"D0",12,0.535692789213916,0.980841861961326
14,68,"D0",13,0.526202258596625,0.982283631946553
14,68,"D0",14,0.517531616123165,0.983522224901535
14,68,"D1",1,1,NA
14,68,"D1",2,0.686104834202844,0.686104834202844
14,68,"D1",3,0.542404709590306,0.790556606732705
14,68,"D1",4,0.46285537656243,0.853339523751624
14,68,"D1",5,0.406432110464329,0.878097416698173
14,68,"D1",6,0.36966102612698,0.909527118082919
14,68,"D1",7,0.341709670141239,0.924386521677459
14,68,"D1",8,0.319676458643563,0.935520667329757
14,68,"D1",9,0.305414918099364,0.955387579665036
14,68,"D1",10,0.289500744551239,0.947893267142414
14,68,"D1",11,0.279060928241922,0.963938551089049
14,68,"D1",12,0.269600441524091,0.966098848816165
14,68,"D1",13,0.261540544199269,0.970104287369641
14,68,"D1",14,0.254591399305086,0.973429951690821
14,68,"D3",1,1,NA
14,68,"D3",2,0.576850970551758,0.576850970551758
14,68,"D3",3,0.448710738080817,0.7778625
14,68,"D3",4,0.38657217847769,0.861517556123351
14,68,"D3",5,0.353994750656168,0.91572743814671
14,68,"D3",6,0.327417322834646,0.92492140696364
14,68,"D3",7,0.308724409448819,0.942907989033716
14,68,"D3",8,0.293863517060367,0.951863565258791
14,68,"D3",9,0.283829396325459,0.965854486343581
14,68,"D3",10,0.273682414698163,0.964249715643755
14,68,"D3",11,0.265171180525511,0.968901055692459
14,68,"D3",12,0.258227336967494,0.973813732154997
14,68,"D3",13,0.252155980502437,0.97648832793477
14,68,"D3",14,0.246719160104987,0.978438661710037
14,68,"D5",1,1,NA
14,68,"D5",2,0.565373402108096,0.565373402108096
14,68,"D5",3,0.424770127831352,0.751309004363348
14,68,"D5",4,0.352812244897959,0.830595707610676
14,68,"D5",5,0.309971428571429,0.878573329168547
14,68,"D5",6,0.278232653061224,0.897607416088382
14,68,"D5",7,0.254991836734694,0.916469846113222
14,68,"D5",8,0.234428571428571,0.919357162294111
14,68,"D5",9,0.219983673469388,0.938382519369722
14,68,"D5",10,0.206942857142857,0.940719162832121
14,68,"D5",11,0.195469836286163,0.94455947397704
14,68,"D5",12,0.185108768782238,0.946994033960532
14,68,"D5",13,0.175801749271137,0.949721347225588
14,68,"D5",14,0.16734693877551,0.951907131011609
14,68,"D6",1,1,NA
14,68,"D6",2,0.460037035183424,0.460037035183424
14,68,"D6",3,0.298871427856464,0.6496681897302
14,68,"D6",4,0.226363695510735,0.757394900992171
14,68,"D6",5,0.187196486662329,0.826972214956844
14,68,"D6",6,0.163946649316851,0.875799819964479
14,68,"D6",7,0.1484619388419,0.905550308350464
14,68,"D6",8,0.138665582303188,0.934014356709001
14,68,"D6",9,0.129429407937541,0.93339245245837
14,68,"D6",10,0.122438516590761,0.945986839790281
14,68,"D6",11,0.117098743806616,0.956388129055887
14,68,"D6",12,0.112406786447125,0.959931616625708
14,68,"D6",13,0.10832791151594,0.963713268032057
14,68,"D6",14,0.104749512036435,0.966966966966967
14,68,"D7",1,1,NA
14,68,"D7",2,0.368461538461538,0.368461538461538
14,68,"D7",3,0.227857142857143,0.618401431553832
14,68,"D7",4,0.16312,0.715887147335423
14,68,"D7",5,0.1284,0.787150564001962
14,68,"D7",6,0.10543,0.821105919003115
14,68,"D7",7,0.09084,0.861614341269089
14,68,"D7",8,0.07748,0.852928225451343
14,68,"D7",9,0.06931,0.894553433144037
14,68,"D7",10,0.06302,0.909248304717934
14,68,"D7",11,0.0583516483516484,0.925922696789088
14,68,"D7",12,0.0548351648351648,0.939736346516008
14,68,"D7",13,0.0521428571428571,0.950901803607214
14,68,"D7",14,0.05,0.958904109589041
14,69,"D0",1,1,NA
14,69,"D0",2,0.830800464603281,0.830800464603281
14,69,"D0",3,0.743340848974652,0.894728494560493
14,69,"D0",4,0.689774901662226,0.927938916062108
14,69,"D0",5,0.65335524256651,0.947200660667776
14,69,"D0",6,0.624767246119359,0.956244329907185
14,69,"D0",7,0.604139407012646,0.966983161753695
14,69,"D0",8,0.585347206361291,0.968894264414435
14,69,"D0",9,0.571103836230597,0.975666800873219
14,69,"D0",10,0.55770426764793,0.976537421511459
14,69,"D0",11,0.546156123620912,0.979293427185486
14,69,"D0",12,0.535692789213916,0.980841861961326
14,69,"D0",13,0.526202258596625,0.982283631946553
14,69,"D0",14,0.517531616123165,0.983522224901535
14,69,"D1",1,1,NA
14,69,"D1",2,0.686104834202844,0.686104834202844
14,69,"D1",3,0.542404709590306,0.790556606732705
14,69,"D1",4,0.46153061684942,0.850897141357839
14,69,"D1",5,0.40919471142999,0.886603610879176
14,69,"D1",6,0.371489282974595,0.90785455578439
14,69,"D1",7,0.343235323315735,0.923944078729204
14,69,"D1",8,0.320739046071928,0.934458152422987
14,69,"D1",9,0.30310717025405,0.945027348450977
14,69,"D1",10,0.290066152249447,0.956975554244816
14,69,"D1",11,0.279060928241922,0.962059606327107
14,69,"D1",12,0.269600441524091,0.966098848816165
14,69,"D1",13,0.261540544199269,0.970104287369641
14,69,"D1",14,0.254591399305086,0.973429951690821
14,69,"D3",1,1,NA
14,69,"D3",2,0.594103976965463,0.594103976965463
14,69,"D3",3,0.469423698095558,0.790137276126747
14,69,"D3",4,0.409686870606118,0.872744329415428
14,69,"D3",5,0.37165570967129,0.907170173946355
14,69,"D3",6,0.346512635379061,0.932348478341779
14,69,"D3",7,0.327636709101273,0.945526008720752
14,69,"D3",8,0.313035531065932,0.955434853208626
14,69,"D3",9,0.301759452783584,0.963978279897008
14,69,"D3",10,0.291816074482234,0.967048660084626
14,69,"D3",11,0.28357619959368,0.971763464698871
14,69,"D3",12,0.276735994387524,0.975878775383981
14,69,"D3",13,0.270948128443853,0.979085243477342
14,69,"D3",14,0.266007980239407,0.981767180925666
14,69,"D5",1,1,NA
14,69,"D5",2,0.549096655704096,0.549096655704096
14,69,"D5",3,0.404401400931107,0.736484909769757
14,69,"D5",4,0.335448084397557,0.829492884112692
14,69,"D5",5,0.286669627984453,0.854587166593284
14,69,"D5",6,0.259155469183787,0.904021367753132
14,69,"D5",7,0.235924486396446,0.910358894371372
14,69,"D5",8,0.219740144364242,0.931400329489292
14,69,"D5",9,0.205425319267074,0.93485566718551
14,69,"D5",10,0.194868961687951,0.948612188522884
14,69,"D5",11,0.185591338145475,0.952390450166544
14,69,"D5",12,0.178191602955623,0.960128876359243
14,69,"D5",13,0.172126596335369,0.965963566634708
14,69,"D5",14,0.167129372570794,0.970967741935484
14,69,"D6",1,1,NA
14,69,"D6",2,0.441575430115171,0.441575430115171
14,69,"D6",3,0.281544149011801,0.637590159711489
14,69,"D6",4,0.210926432532347,0.749177112267057
14,69,"D6",5,0.171483179297597,0.812999950925063
14,69,"D6",6,0.142282439926063,0.829716596746446
14,69,"D6",7,0.126424399260628,0.888545342111964
14,69,"D6",8,0.111741219963031,0.883858025954886
14,69,"D6",9,0.102083548983364,0.913571097730431
14,69,"D6",10,0.0919652495378928,0.900882174001217
14,69,"D6",11,0.0844731977818854,0.918533883247711
14,69,"D6",12,0.0778046352907721,0.921057061100825
14,69,"D6",13,0.0720887245841035,0.926535087719298
14,69,"D6",14,0.0672828096118299,0.933333333333333
14,69,"D7",1,1,NA
14,69,"D7",2,0.367993815229996,0.367993815229996
14,69,"D7",3,0.228546579049092,0.621060924369748
14,69,"D7",4,0.166628140703518,0.729077378435518
14,69,"D7",5,0.138126884422111,0.828952923791429
14,69,"D7",6,0.113389447236181,0.820907875469536
14,69,"D7",7,0.0993718592964824,0.876376609275632
14,69,"D7",8,0.0879133165829146,0.884690265486726
14,69,"D7",9,0.0805615577889447,0.916374912473742
14,69,"D7",10,0.0743793969849246,0.923261652658007
14,69,"D7",11,0.0694578662543487,0.933832070034482
14,69,"D7",12,0.0660030923850019,0.950260869565217
14,69,"D7",13,0.0634422110552764,0.961200585651537
14,69,"D7",14,0.0615577889447236,0.97029702970297
14,70,"D0",1,1,NA
14,70,"D0",2,0.830800464603281,0.830800464603281
14,70,"D0",3,0.743340848974652,0.894728494560493
14,70,"D0",4,0.690852599077951,0.92938871855475
14,70,"D0",5,0.651880218246415,0.943587994192176
14,70,"D0",6,0.626547815421055,0.961139482198883
14,70,"D0",7,0.60452725965402,0.964854149635433
14,70,"D0",8,0.585701899082181,0.96885936858726
14,70,"D0",9,0.570921456667936,0.974764564640465
14,70,"D0",10,0.557779469610456,0.976981094502595
14,70,"D0",11,0.546156123620912,0.979161395098208
14,70,"D0",12,0.535692789213916,0.980841861961326
14,70,"D0",13,0.526202258596625,0.982283631946553
14,70,"D0",14,0.517531616123165,0.983522224901535
14,70,"D1",1,1,NA
14,70,"D1",2,0.686104834202844,0.686104834202844
14,70,"D1",3,0.542404709590306,0.790556606732705
14,70,"D1",4,0.461423220973783,0.8506991418314
14,70,"D1",5,0.406157935111231,0.880228641840088
14,70,"D1",6,0.371534136546185,0.914752869335017
14,70,"D1",7,0.341695771851451,0.919688766765514
14,70,"D1",8,0.321197689634944,0.940010723265789
14,70,"D1",9,0.302689589819954,0.942377855095952
14,70,"D1",10,0.289664997066919,0.956970463500968
14,70,"D1",11,0.279060928241922,0.963391956458765
14,70,"D1",12,0.269600441524091,0.966098848816165
14,70,"D1",13,0.261540544199269,0.970104287369641
14,70,"D1",14,0.254591399305086,0.973429951690821
14,70,"D3",1,1,NA
14,70,"D3",2,0.591146398252997,0.591146398252997
14,70,"D3",3,0.466701375330817,0.789485272531559
14,70,"D3",4,0.404326001128032,0.866348424281863
14,70,"D3",5,0.368537695055462,0.91148650847899
14,70,"D3",6,0.342553863508178,0.929494779242669
14,70,"D3",7,0.325337469449145,0.949741060040262
14,70,"D3",8,0.310371498401955,0.953998624651106
14,70,"D3",9,0.298416619665351,0.961482034277767
14,70,"D3",10,0.288593720624177,0.967083270857405
14,70,"D3",11,0.280634011598479,0.972418980536086
14,70,"D3",12,0.273851360145776,0.975830971399124
14,70,"D3",13,0.268095506674187,0.978981833544571
14,70,"D3",14,0.263207369806355,0.981767180925666
14,70,"D5",1,1,NA
14,70,"D5",2,0.561375235025517,0.561375235025517
14,70,"D5",3,0.409120023140974,0.728781744571218
14,70,"D5",4,0.332326081117378,0.812294833594263
14,70,"D5",5,0.28682514101531,0.863083451202263
14,70,"D5",6,0.253225893096965,0.882858079318256
14,70,"D5",7,0.230178350792372,0.908984258984259
14,70,"D5",8,0.212188557614827,0.921844112986228
14,70,"D5",9,0.19614289551437,0.924380172612402
14,70,"D5",10,0.184500671501477,0.940644171779141
14,70,"D5",11,0.173877559453708,0.942422366480739
14,70,"D5",12,0.164879439657844,0.948250252510249
14,70,"D5",13,0.157131345688961,0.953007518796993
14,70,"D5",14,0.150416330915928,0.957264957264957
14,70,"D6",1,1,NA
14,70,"D6",2,0.442842968301217,0.442842968301217
14,70,"D6",3,0.285589325813358,0.644899764150944
14,70,"D6",4,0.217708078750849,0.76231168
14,70,"D6",5,0.178849287169043,0.821509648127128
14,70,"D6",6,0.156646978954515,0.875860236481998
14,70,"D6",7,0.140213849287169,0.89509449989382
14,70,"D6",8,0.126541751527495,0.902491103202847
14,70,"D6",9,0.118581805838425,0.937096289619949
14,70,"D6",10,0.108502376103191,0.915000200376708
14,70,"D6",11,0.101819938377983,0.938412060959363
14,70,"D6",12,0.0956707922084704,0.939607642005385
14,70,"D6",13,0.0902919212491514,0.943777292576419
14,70,"D6",14,0.0855397148676171,0.947368421052632
14,70,"D7",1,1,NA
14,70,"D7",2,0.355968548963545,0.355968548963545
14,70,"D7",3,0.210699950514103,0.591906085881989
14,70,"D7",4,0.150737669764117,0.71541388308977
14,70,"D7",5,0.109828448892066,0.728606519285667
14,70,"D7",6,0.0873824160114367,0.795626423690205
14,70,"D7",7,0.0718213009292352,0.821919377004123
14,70,"D7",8,0.0616740528949249,0.85871534067159
14,70,"D7",9,0.0527676912080057,0.855589810157391
14,70,"D7",10,0.0459628305932809,0.871041153043808
14,70,"D7",11,0.0407158959696486,0.885843962264602
14,70,"D7",12,0.0363996261065596,0.893990546927751
14,70,"D7",13,0.0328806290207291,0.903323262839879
14,70,"D7",14,0.0300214438884918,0.91304347826087
14,71,"D0",1,1,NA
14,71,"D0",2,0.830800464603281,0.830800464603281
14,71,"D0",3,0.743340848974652,0.894728494560493
14,71,"D0",4,0.690064458825022,0.928328450907658
14,71,"D0",5,0.652766653977922,0.945950259616895
14,71,"D0",6,0.62486258089075,0.957252606399046
14,71,"D0",7,0.603719578733663,0.966163756954454
14,71,"D0",8,0.585481030326101,0.969789701957623
14,71,"D0",9,0.570472613458529,0.974365664999919
14,71,"D0",10,0.557926320686884,0.978007195304991
14,71,"D0",11,0.546156123620912,0.978903671274227
14,71,"D0",12,0.535692789213916,0.980841861961326
14,71,"D0",13,0.526202258596625,0.982283631946553
14,71,"D0",14,0.517531616123165,0.983522224901535
14,71,"D1",1,1,NA
14,71,"D1",2,0.686104834202844,0.686104834202844
14,71,"D1",3,0.542404709590306,0.790556606732705
14,71,"D1",4,0.460117413474121,0.848291700530516
14,71,"D1",5,0.40727485221786,0.885154180848595
14,71,"D1",6,0.37111023870764,0.911203421195092
14,71,"D1",7,0.341305356256487,0.919687253698669
14,71,"D1",8,0.321770046478047,0.942762955751099
14,71,"D1",9,0.304960064979017,0.947757780181765
14,71,"D1",10,0.290363070258562,0.952134733702069
14,71,"D1",11,0.279060928241922,0.961075828249866
14,71,"D1",12,0.269600441524091,0.966098848816165
14,71,"D1",13,0.261540544199269,0.970104287369641
14,71,"D1",14,0.254591399305086,0.973429951690821
14,71,"D3",1,1,NA
14,71,"D3",2,0.595482317573868,0.595482317573868
14,71,"D3",3,0.470550166316405,0.790200065441967
14,71,"D3",4,0.409432241722453,0.870113902897115
14,71,"D3",5,0.373058078523611,0.911159504571945
14,71,"D3",6,0.34861190519269,0.934470864623365
14,71,"D3",7,0.328973403292926,0.943666577052468
14,71,"D3",8,0.314682106024968,0.956557894574742
14,71,"D3",9,0.301619323321874,0.958488956146565
14,71,"D3",10,0.29186973041433,0.967675834558052
14,71,"D3",11,0.283531196503876,0.971430631403207
14,71,"D3",12,0.276043478865987,0.973591203612802
14,71,"D3",13,0.269404740365479,0.975950388222245
14,71,"D3",14,0.263434051022254,0.977837474815312
14,71,"D5",1,1,NA
14,71,"D5",2,0.556493951152705,0.556493951152705
14,71,"D5",3,0.411618351974435,0.739663658736669
14,71,"D5",4,0.334716320474777,0.81317151888205
14,71,"D5",5,0.292965578635015,0.87526529396433
14,71,"D5",6,0.259756083086053,0.88664369478595
14,71,"D5",7,0.236645697329377,0.911030434852144
14,71,"D5",8,0.216937685459941,0.916719331507619
14,71,"D5",9,0.201674777448071,0.92964381463041
14,71,"D5",10,0.187969732937685,0.932043834713468
14,71,"D5",11,0.17812143346268,0.947606993311681
14,71,"D5",12,0.168865555809176,0.94803613763055
14,71,"D5",13,0.160830860534125,0.952419572857529
14,71,"D5",14,0.153709198813056,0.955719557195572
14,71,"D6",1,1,NA
14,71,"D6",2,0.42497577329038,0.42497577329038
14,71,"D6",3,0.269676016867028,0.63456797732035
14,71,"D6",4,0.204904324140279,0.759816636721216
14,71,"D6",5,0.172213823629554,0.840459684548458
14,71,"D6",6,0.151254341164454,0.878293844109832
14,71,"D6",7,0.136725229826353,0.903942516781696
14,71,"D6",8,0.123173306094654,0.900882055572988
14,71,"D6",9,0.114826693905346,0.932236842105263
14,71,"D6",10,0.106870956758597,0.930715264228486
14,71,"D6",11,0.0995652287787119,0.931639725127682
14,71,"D6",12,0.0929781828658233,0.933841904511377
14,71,"D6",13,0.0868232890704801,0.933802816901409
14,71,"D6",14,0.0810350697991147,0.933333333333333
14,71,"D7",1,1,NA
14,71,"D7",2,0.371895092279939,0.371895092279939
14,71,"D7",3,0.236551181830797,0.636069651741293
14,71,"D7",4,0.182673481659651,0.772236605396949
14,71,"D7",5,0.146389657245941,0.801373335176736
14,71,"D7",6,0.120923631990379,0.826039450227155
14,71,"D7",7,0.104389657245941,0.863269284321916
14,71,"D7",8,0.0910799759470836,0.8725
14,71,"D7",9,0.0790920024052916,0.868379702375451
14,71,"D7",10,0.0691665664461816,0.874507716870676
14,71,"D7",11,0.0617512373375272,0.892790267181699
14,71,"D7",12,0.0545816180211851,0.883895131086142
14,71,"D7",13,0.0481058328322309,0.88135593220339
14,71,"D7",14,0.042092603728202,0.875
14,72,"D0",1,1,NA
14,72,"D0",2,0.830800464603281,0.830800464603281
14,72,"D0",3,0.743340848974652,0.894728494560493
14,72,"D0",4,0.689981559023813,0.928216927638994
14,72,"D0",5,0.653012392674365,0.946420066064154
14,72,"D0",6,0.625812375756038,0.958346859533659
14,72,"D0",7,0.603529501332318,0.964393682057182
14,72,"D0",8,0.585980797699108,0.970923204922922
14,72,"D0",9,0.571250687307025,0.974862469128816
14,72,"D0",10,0.557818550945312,0.976486441661829
14,72,"D0",11,0.546156123620912,0.97909279405528
14,72,"D0",12,0.535692789213916,0.980841861961326
14,72,"D0",13,0.526202258596625,0.982283631946553
14,72,"D0",14,0.517531616123165,0.983522224901535
14,72,"D1",1,1,NA
14,72,"D1",2,0.686104834202844,0.686104834202844
14,72,"D1",3,0.542404709590306,0.790556606732705
14,72,"D1",4,0.457816614773702,0.844049851852326
14,72,"D1",5,0.407256531744957,0.889562585984923
14,72,"D1",6,0.368460719281621,0.90473863661042
14,72,"D1",7,0.341226388700871,0.926086203615278
14,72,"D1",8,0.32114841388024,0.941159372529562
14,72,"D1",9,0.305258246469022,0.950520797474206
14,72,"D1",10,0.289522855466811,0.948452200115066
14,72,"D1",11,0.279060928241922,0.963864934918451
14,72,"D1",12,0.269600441524091,0.966098848816165
14,72,"D1",13,0.261540544199269,0.970104287369641
14,72,"D1",14,0.254591399305086,0.973429951690821
14,72,"D3",1,1,NA
14,72,"D3",2,0.586998422989311,0.586998422989311
14,72,"D3",3,0.460676946440044,0.784800995024876
14,72,"D3",4,0.401102126044039,0.870679831373419
14,72,"D3",5,0.364869020501139,0.909666134407569
14,72,"D3",6,0.339973044798785,0.931767362249172
14,72,"D3",7,0.321649202733485,0.946102073838986
14,72,"D3",8,0.307986712224753,0.95752363011435
14,72,"D3",9,0.296072892938497,0.9613170996885
14,72,"D3",10,0.28596886864085,0.965873186844751
14,72,"D3",11,0.278400794346125,0.973535321062411
14,72,"D3",12,0.271508673558787,0.975243889646491
14,72,"D3",13,0.265565679574791,0.97811121867269
14,72,"D3",14,0.26044039483675,0.980700500357398
14,72,"D5",1,1,NA
14,72,"D5",2,0.546976163214323,0.546976163214323
14,72,"D5",3,0.396669095451233,0.725203623353886
14,72,"D5",4,0.322416779431664,0.812810433504776
14,72,"D5",5,0.275369959404601,0.854080733298079
14,72,"D5",6,0.244119079837618,0.886513112633809
14,72,"D5",7,0.219676860622463,0.899875834238709
14,72,"D5",8,0.200088227334235,0.910829783197365
14,72,"D5",9,0.18562598105548,0.927720653676457
14,72,"D5",10,0.171497158322057,0.923885532331809
14,72,"D5",11,0.159477464348912,0.929913159548844
14,72,"D5",12,0.149349432705319,0.936492396057699
14,72,"D5",13,0.140460081190798,0.940479509339281
14,72,"D5",14,0.132611637347767,0.944123314065511
14,72,"D6",1,1,NA
14,72,"D6",2,0.453130761855594,0.453130761855594
14,72,"D6",3,0.293949897976744,0.648708767361111
14,72,"D6",4,0.223020134228188,0.758701179225558
14,72,"D6",5,0.185847874720358,0.833323302236935
14,72,"D6",6,0.160635346756152,0.864337819293642
14,72,"D6",7,0.143069351230425,0.890646760626149
14,72,"D6",8,0.13179418344519,0.921190893169877
14,72,"D6",9,0.121346756152125,0.920729223248235
14,72,"D6",10,0.114170022371365,0.940857637992699
14,72,"D6",11,0.107665265383386,0.943025701030169
14,72,"D6",12,0.102318263392089,0.95033679643795
14,72,"D6",13,0.0977948226270374,0.955790485343585
14,72,"D6",14,0.0939597315436242,0.96078431372549
14,72,"D7",1,1,NA
14,72,"D7",2,0.320693391115926,0.320693391115926
14,72,"D7",3,0.185500965660182,0.578437132784959
14,72,"D7",4,0.131006736068585,0.706232097511427
14,72,"D7",5,0.103924066135946,0.793272691577776
14,72,"D7",6,0.0862976117575015,0.830391024583402
14,72,"D7",7,0.0747323943661972,0.86598450228492
14,72,"D7",8,0.068062461726883,0.91074911093266
14,72,"D7",9,0.0635101041028781,0.933115001889407
14,72,"D7",10,0.0592063686466626,0.932235421166307
14,72,"D7",11,0.0563615808563757,0.951951321195457
14,72,"D7",12,0.0542653916811908,0.962808190555788
14,72,"D7",13,0.0526638089406001,0.970486111111111
14,72,"D7",14,0.0514390691977955,0.976744186046512
14,73,"D0",1,1,NA
14,73,"D0",2,0.830800464603281,0.830800464603281
14,73,"D0",3,0.743340848974652,0.894728494560493
14,73,"D0",4,0.690077485936641,0.928345975992734
14,73,"D0",5,0.6542493761367,0.948081033608405
14,73,"D0",6,0.62448242608806,0.95450213460743
14,73,"D0",7,0.603337647506662,0.966140314445908
14,73,"D0",8,0.586338451127184,0.971824737856607
14,73,"D0",9,0.571109757644969,0.974027469198142
14,73,"D0",10,0.557770587488897,0.976643421028075
14,73,"D0",11,0.546156123620912,0.979176987585032
14,73,"D0",12,0.535692789213916,0.980841861961326
14,73,"D0",13,0.526202258596625,0.982283631946553
14,73,"D0",14,0.517531616123165,0.983522224901535
14,73,"D1",1,1,NA
14,73,"D1",2,0.686104834202844,0.686104834202844
14,73,"D1",3,0.542404709590306,0.790556606732705
14,73,"D1",4,0.460013808041153,0.848100689222657
14,73,"D1",5,0.40749280267136,0.885827328545983
14,73,"D1",6,0.367433509318172,0.901693249327165
14,73,"D1",7,0.341585217273589,0.929651783549769
14,73,"D1",8,0.320046026803845,0.936943434959913
14,73,"D1",9,0.302270745904968,0.944460235684254
14,73,"D1",10,0.290318848427418,0.960459628860981
14,73,"D1",11,0.279060928241922,0.961222220856562
14,73,"D1",12,0.269600441524091,0.966098848816165
14,73,"D1",13,0.261540544199269,0.970104287369641
14,73,"D1",14,0.254591399305086,0.973429951690821
14,73,"D3",1,1,NA
14,73,"D3",2,0.599283790911362,0.599283790911362
14,73,"D3",3,0.475369902562252,0.793230035204743
14,73,"D3",4,0.414556116925298,0.872070601632188
14,73,"D3",5,0.377580656802598,0.910807105207032
14,73,"D3",6,0.352326596896427,0.933116118500281
14,73,"D3",7,0.333776975821003,0.94735106222799
14,73,"D3",8,0.318215806568026,0.95337854201986
14,73,"D3",9,0.305494045470949,0.960021592785469
14,73,"D3",10,0.294803320101047,0.965005126848146
14,73,"D3",11,0.286212975043722,0.970860758778496
14,73,"D3",12,0.278322183049718,0.97243034843966
14,73,"D3",13,0.271382172500902,0.975064831438261
14,73,"D3",14,0.265247203175749,0.977393617021276
14,73,"D5",1,1,NA
14,73,"D5",2,0.550238440804478,0.550238440804478
14,73,"D5",3,0.401948994401825,0.730499660863667
14,73,"D5",4,0.330090566037736,0.821225007737543
14,73,"D5",5,0.282641509433962,0.856254429887738
14,73,"D5",6,0.251328301886792,0.889212283044059
14,73,"D5",7,0.230075471698113,0.915437974835591
14,73,"D5",8,0.207996226415094,0.90403477119895
14,73,"D5",9,0.192437735849057,0.92519820751465
14,73,"D5",10,0.178237735849057,0.926209898815593
14,73,"D5",11,0.166607920381505,0.934751104124212
14,73,"D5",12,0.156375699771926,0.938585028934105
14,73,"D5",13,0.14743935309973,0.942853354547865
14,73,"D5",14,0.139622641509434,0.946983546617916
14,73,"D6",1,1,NA
14,73,"D6",2,0.442726452776704,0.442726452776704
14,73,"D6",3,0.289498775930937,0.653899883585565
14,73,"D6",4,0.22092797319933,0.763139576286274
14,73,"D6",5,0.181882747068677,0.82326716909033
14,73,"D6",6,0.155261641541039,0.853635894791129
14,73,"D6",7,0.136449581239531,0.878836394393427
14,73,"D6",8,0.12148810720268,0.890351630976523
14,73,"D6",9,0.108154103852596,0.890244373238621
14,73,"D6",10,0.0998572864321608,0.923287077189939
14,73,"D6",11,0.0908645793067904,0.909944407196767
14,73,"D6",12,0.0831851565519907,0.915484968803176
14,73,"D6",13,0.0763819095477387,0.9182156133829
14,73,"D6",14,0.0703517587939698,0.921052631578947
14,73,"D7",1,1,NA
14,73,"D7",2,0.358193572566289,0.358193572566289
14,73,"D7",3,0.226412442612199,0.632095213183364
14,73,"D7",4,0.174667478684531,0.771457066004552
14,73,"D7",5,0.145618757612667,0.83369130137655
14,73,"D7",6,0.12736419001218,0.874641372445694
14,73,"D7",7,0.115998781973203,0.91076449323872
14,73,"D7",8,0.106065773447016,0.914369717015803
14,73,"D7",9,0.098605359317905,0.929662379421222
14,73,"D7",10,0.0927393422655298,0.940510159965413
14,73,"D7",11,0.0876276585777195,0.94488117380459
14,73,"D7",12,0.0833879883818982,0.95161721464849
14,73,"D7",13,0.0797807551766139,0.956741573033708
14,73,"D7",14,0.0767356881851401,0.961832061068702
14,74,"D0",1,1,NA
14,74,"D0",2,0.830800464603281,0.830800464603281
14,74,"D0",3,0.743340848974652,0.894728494560493
14,74,"D0",4,0.690271708328046,0.92860725907932
14,74,"D0",5,0.652498413906865,0.945277643621415
14,74,"D0",6,0.624749481876242,0.957472797727623
14,74,"D0",7,0.604207503277926,0.967119654846891
14,74,"D0",8,0.586295224802267,0.970354094614049
14,74,"D0",9,0.570975933680159,0.97387102866602
14,74,"D0",10,0.557356088482849,0.976146376066107
14,74,"D0",11,0.546156123620912,0.979905189710184
14,74,"D0",12,0.535692789213916,0.980841861961326
14,74,"D0",13,0.526202258596625,0.982283631946553
14,74,"D0",14,0.517531616123165,0.983522224901535
14,74,"D1",1,1,NA
14,74,"D1",2,0.686104834202844,0.686104834202844
14,74,"D1",3,0.542404709590306,0.790556606732705
14,74,"D1",4,0.461048598889942,0.850008472895055
14,74,"D1",5,0.405270339786111,0.879018699464379
14,74,"D1",6,0.366789134064347,0.905048058187351
14,74,"D1",7,0.342411533775552,0.933537834071936
14,74,"D1",8,0.320069401200307,0.934750642512264
14,74,"D1",9,0.304346013266549,0.950875066861148
14,74,"D1",10,0.289749650286539,0.952040235969096
14,74,"D1",11,0.279060928241922,0.963110491991803
14,74,"D1",12,0.269600441524091,0.966098848816165
14,74,"D1",13,0.261540544199269,0.970104287369641
14,74,"D1",14,0.254591399305086,0.973429951690821
14,74,"D3",1,1,NA
14,74,"D3",2,0.587030913012221,0.587030913012221
14,74,"D3",3,0.460941768511862,0.785208680317429
14,74,"D3",4,0.400384299065421,0.868622299858072
14,74,"D3",5,0.363405981308411,0.907642937439544
14,74,"D3",6,0.339179439252336,0.933334773498088
14,74,"D3",7,0.321594392523364,0.948154148825368
14,74,"D3",8,0.308805981308411,0.960234346393263
14,74,"D3",9,0.295154018691589,0.955791132804556
14,74,"D3",10,0.286222803738318,0.96974049347909
14,74,"D3",11,0.278332135154565,0.972431726331048
14,74,"D3",12,0.271056793673616,0.973860936047112
14,74,"D3",13,0.264672897196262,0.97644812221515
14,74,"D3",14,0.259065420560748,0.978813559322034
14,74,"D5",1,1,NA
14,74,"D5",2,0.557283856672859,0.557283856672859
14,74,"D5",3,0.415769566482397,0.746064257028112
14,74,"D5",4,0.342973523421589,0.824912526242127
14,74,"D5",5,0.300700610997963,0.876745843230404
14,74,"D5",6,0.267356415478615,0.889111646934518
14,74,"D5",7,0.243421588594705,0.910475958315559
14,74,"D5",8,0.223360488798371,0.917587014725569
14,74,"D5",9,0.206448065173116,0.924281936719249
14,74,"D5",10,0.19122199592668,0.926247459700491
14,74,"D5",11,0.179047022224212,0.936330683907636
14,74,"D5",12,0.168259439135203,0.93975
14,74,"D5",13,0.158859470468432,0.94413407821229
14,74,"D5",14,0.15071283095723,0.948717948717949
14,74,"D6",1,1,NA
14,74,"D6",2,0.420354697859954,0.420354697859954
14,74,"D6",3,0.261710958977953,0.622595537317261
14,74,"D6",4,0.194734407848633,0.744081977342945
14,74,"D6",5,0.160784162578837,0.825658723361378
14,74,"D6",6,0.142330063069376,0.885224395155139
14,74,"D6",7,0.125901892081289,0.884576942960538
14,74,"D6",8,0.112539593552908,0.893867373178524
14,74,"D6",9,0.103940434477926,0.923589922413041
14,74,"D6",10,0.0972592852137351,0.935721364859125
14,74,"D6",11,0.0891461376745189,0.916582282900939
14,74,"D6",12,0.0832839200043124,0.934240362811791
14,74,"D6",13,0.078135949544499,0.938187702265372
14,74,"D6",14,0.0735809390329362,0.941704035874439
14,74,"D7",1,1,NA
14,74,"D7",2,0.354597845151591,0.354597845151591
14,74,"D7",3,0.214783262340266,0.605709440361786
14,74,"D7",4,0.155532247557003,0.72413579094727
14,74,"D7",5,0.122242345276873,0.785961414413886
14,74,"D7",6,0.102952442996743,0.842199507572931
14,74,"D7",7,0.0882228013029316,0.856927710843373
14,74,"D7",8,0.0782175895765472,0.886591543471519
14,74,"D7",9,0.0709394136807818,0.906949626865672
14,74,"D7",10,0.0656221498371335,0.925044998714322
14,74,"D7",11,0.0611626158857429,0.932042245454337
14,74,"D7",12,0.0581307942871461,0.950430151577222
14,74,"D7",13,0.0560260586319218,0.963793103448276
14,74,"D7",14,0.0547231270358306,0.976744186046512
14,75,"D0",1,1,NA
14,75,"D0",2,0.830800464603281,0.830800464603281
14,75,"D0",3,0.743340848974652,0.894728494560493
14,75,"D0",4,0.691094784925771,0.929714525818206
14,75,"D0",5,0.653297212705663,0.945307687100884
14,75,"D0",6,0.625761451592438,0.957851096594787
14,75,"D0",7,0.603470287188597,0.964377536604222
14,75,"D0",8,0.585967770587489,0.970996887547442
14,75,"D0",9,0.570963498709978,0.974394032179503
14,75,"D0",10,0.558170282959015,0.977593636406063
14,75,"D0",11,0.546156123620912,0.978475816959633
14,75,"D0",12,0.535692789213916,0.980841861961326
14,75,"D0",13,0.526202258596625,0.982283631946553
14,75,"D0",14,0.517531616123165,0.983522224901535
14,75,"D1",1,1,NA
14,75,"D1",2,0.686104834202844,0.686104834202844
14,75,"D1",3,0.542404709590306,0.790556606732705
14,75,"D1",4,0.461212219665178,0.850310130997101
14,75,"D1",5,0.408709534768287,0.886163716705065
14,75,"D1",6,0.36638166147737,0.896435317284893
14,75,"D1",7,0.342040070393935,0.933562201270441
14,75,"D1",8,0.322061278823158,0.941589324467839
14,75,"D1",9,0.30391769324489,0.94366418203217
14,75,"D1",10,0.29136311538288,0.958690862226657
14,75,"D1",11,0.279060928241922,0.957777129322661
14,75,"D1",12,0.269600441524091,0.966098848816165
14,75,"D1",13,0.261540544199269,0.970104287369641
14,75,"D1",14,0.254591399305086,0.973429951690821
14,75,"D3",1,1,NA
14,75,"D3",2,0.591117561683599,0.591117561683599
14,75,"D3",3,0.466574746008708,0.789309565900609
14,75,"D3",4,0.404526037735849,0.867012287305192
14,75,"D3",5,0.368458867924528,0.91084091888574
14,75,"D3",6,0.345279622641509,0.937091362697867
14,75,"D3",7,0.326215849056604,0.944787435067667
14,75,"D3",8,0.31189358490566,0.956095743991708
14,75,"D3",9,0.299465283018868,0.960152108000068
14,75,"D3",10,0.290423396226415,0.96980656087643
14,75,"D3",11,0.282293178519594,0.972005637932547
14,75,"D3",12,0.275413642960813,0.975629820051414
14,75,"D3",13,0.269433962264151,0.978288364249578
14,75,"D3",14,0.264150943396226,0.980392156862745
14,75,"D5",1,1,NA
14,75,"D5",2,0.559188523147333,0.559188523147333
14,75,"D5",3,0.415122777679986,0.74236641221374
14,75,"D5",4,0.343496567505721,0.827457769061564
14,75,"D5",5,0.298493135011442,0.868984331281477
14,75,"D5",6,0.265803775743707,0.890485390002415
14,75,"D5",7,0.242052631578947,0.91064406779661
14,75,"D5",8,0.222005720823799,0.917179538084839
14,75,"D5",9,0.204273455377574,0.920126988708106
14,75,"D5",10,0.193877574370709,0.949108018035679
14,75,"D5",11,0.180513994015138,0.931072067520202
14,75,"D5",12,0.169864460482309,0.941004388103364
14,75,"D5",13,0.160469107551487,0.944689119170985
14,75,"D5",14,0.152173913043478,0.948306595365419
14,75,"D6",1,1,NA
14,75,"D6",2,0.438456280561544,0.438456280561544
14,75,"D6",3,0.28648982596351,0.653405684134788
14,75,"D6",4,0.22044019138756,0.769452076164258
14,75,"D6",5,0.185248803827751,0.840358569196041
14,75,"D6",6,0.158516746411483,0.855696464085544
14,75,"D6",7,0.142602870813397,0.899607606399034
14,75,"D6",8,0.130397129186603,0.914407462085626
14,75,"D6",9,0.120473684210526,0.923898286427182
14,75,"D6",10,0.111531100478469,0.925771476230192
14,75,"D6",11,0.103252011146748,0.92576878291164
14,75,"D6",12,0.0969030969030969,0.938510502864418
14,75,"D6",13,0.0912508544087492,0.941671188279978
14,75,"D6",14,0.0861244019138756,0.943820224719101
14,75,"D7",1,1,NA
14,75,"D7",2,0.357703520968827,0.357703520968827
14,75,"D7",3,0.214481946624804,0.599608150470219
14,75,"D7",4,0.159755102040816,0.744841720036597
14,75,"D7",5,0.124785714285714,0.781106285130301
14,75,"D7",6,0.104285714285714,0.835718374356039
14,75,"D7",7,0.0931530612244898,0.893248532289628
14,75,"D7",8,0.0850408163265306,0.912914886625041
14,75,"D7",9,0.079734693877551,0.937604991600672
14,75,"D7",10,0.0744387755102041,0.933580752495521
14,75,"D7",11,0.0706997084548105,0.949769901106433
14,75,"D7",12,0.0672796591163938,0.951625693893735
14,75,"D7",13,0.0641399416909621,0.953333333333333
14,75,"D7",14,0.0612244897959184,0.954545454545454
14,76,"D0",1,1,NA
14,76,"D0",2,0.830800464603281,0.830800464603281
14,76,"D0",3,0.743340848974652,0.894728494560493
14,76,"D0",4,0.688436662014127,0.926138611867949
14,76,"D0",5,0.652702110561265,0.948093189359912
14,76,"D0",6,0.624251490927547,0.95641101940171
14,76,"D0",7,0.60383919130398,0.967301159996851
14,76,"D0",8,0.58613949160428,0.970688057425558
14,76,"D0",9,0.57083559615954,0.973890352614096
14,76,"D0",10,0.557761113225902,0.977095887114258
14,76,"D0",11,0.546156123620912,0.979193620118351
14,76,"D0",12,0.535692789213916,0.980841861961326
14,76,"D0",13,0.526202258596625,0.982283631946553
14,76,"D0",14,0.517531616123165,0.983522224901535
14,76,"D1",1,1,NA
14,76,"D1",2,0.686104834202844,0.686104834202844
14,76,"D1",3,0.542404709590306,0.790556606732705
14,76,"D1",4,0.460675240286991,0.849320133364904
14,76,"D1",5,0.407468164794007,0.884501985694225
14,76,"D1",6,0.371000947610667,0.910502904682687
14,76,"D1",7,0.340467668426515,0.917700266317933
14,76,"D1",8,0.320349262217409,0.940909495747176
14,76,"D1",9,0.303055999278011,0.946017472243586
14,76,"D1",10,0.291339740986418,0.961339625945351
14,76,"D1",11,0.279060928241922,0.957853972468974
14,76,"D1",12,0.269600441524091,0.966098848816165
14,76,"D1",13,0.261540544199269,0.970104287369641
14,76,"D1",14,0.254591399305086,0.973429951690821
14,76,"D3",1,1,NA
14,76,"D3",2,0.586853457480887,0.586853457480887
14,76,"D3",3,0.460064921197625,0.783951965065502
14,76,"D3",4,0.399470294280955,0.868291138652927
14,76,"D3",5,0.360191004997224,0.901671563953375
14,76,"D3",6,0.334839163427725,0.929615561694291
14,76,"D3",7,0.314428650749584,0.939043830867331
14,76,"D3",8,0.301084212474551,0.957559725415544
14,76,"D3",9,0.289426614843605,0.961281272322005
14,76,"D3",10,0.278209513233389,0.961243710719977
14,76,"D3",11,0.270391093267273,0.97189736657367
14,76,"D3",12,0.263187118267629,0.973357203032856
14,76,"D3",13,0.256894317971497,0.976090014064698
14,76,"D3",14,0.251341847121969,0.978386167146974
14,76,"D5",1,1,NA
14,76,"D5",2,0.561762974911176,0.561762974911176
14,76,"D5",3,0.416276129651023,0.741017383206581
14,76,"D5",4,0.341046188722018,0.819278753763582
14,76,"D5",5,0.296773023519411,0.870184254606365
14,76,"D5",6,0.26368319637291,0.888501229814993
14,76,"D5",7,0.238722017568716,0.905336482765884
14,76,"D5",8,0.21740663077359,0.910710427918571
14,76,"D5",9,0.201780107679229,0.928123061202146
14,76,"D5",10,0.187768206290734,0.930558559267051
14,76,"D5",11,0.175381999694836,0.934034590623296
14,76,"D5",12,0.164744861259455,0.939348744717872
14,76,"D5",13,0.15528478322471,0.942577401428949
14,76,"D5",14,0.146783791442335,0.945255474452555
14,76,"D6",1,1,NA
14,76,"D6",2,0.45050589050589,0.45050589050589
14,76,"D6",3,0.295121275121275,0.655088604479449
14,76,"D6",4,0.22844972972973,0.774087634433851
14,76,"D6",5,0.193058738738739,0.845081931010115
14,76,"D6",6,0.168968648648649,0.875218856978598
14,76,"D6",7,0.154645765765766,0.915233488594291
14,76,"D6",8,0.144994594594595,0.937591752846377
14,76,"D6",9,0.136750990990991,0.943145441892832
14,76,"D6",10,0.131100540540541,0.958680734892644
14,76,"D6",11,0.126195426195426,0.962585094425316
14,76,"D6",12,0.122245322245322,0.968698517298188
14,76,"D6",13,0.118918918918919,0.972789115646258
14,76,"D6",14,0.116036036036036,0.975757575757576
14,76,"D7",1,1,NA
14,76,"D7",2,0.34254532652702,0.34254532652702
14,76,"D7",3,0.201108959690195,0.58710174717369
14,76,"D7",4,0.142167810831426,0.706919328956966
14,76,"D7",5,0.112320366132723,0.790054833621272
14,76,"D7",6,0.0949672006102212,0.845502947328389
14,76,"D7",7,0.0823554538520214,0.867198920499269
14,76,"D7",8,0.0736842105263158,0.894709543568465
14,76,"D7",9,0.0674797864225782,0.915797101449275
14,76,"D7",10,0.0629626239511823,0.933059028327267
14,76,"D7",11,0.0595552426216042,0.945882475733222
14,76,"D7",12,0.0569148624068533,0.955665024630542
14,76,"D7",13,0.0549199084668192,0.964948453608247
14,76,"D7",14,0.053394355453852,0.972222222222222
14,77,"D0",1,1,NA
14,77,"D0",2,0.830800464603281,0.830800464603281
14,77,"D0",3,0.743340848974652,0.894728494560493
14,77,"D0",4,0.688741614854291,0.92654885817768
14,77,"D0",5,0.653002326269932,0.948109294090034
14,77,"D0",6,0.626523537622129,0.959450697826676
14,77,"D0",7,0.602224421604703,0.961215956690711
14,77,"D0",8,0.586166730110392,0.97333603401283
14,77,"D0",9,0.571276149388825,0.974596680506309
14,77,"D0",10,0.557915069999577,0.976611872553156
14,77,"D0",11,0.546156123620912,0.978923411445628
14,77,"D0",12,0.535692789213916,0.980841861961326
14,77,"D0",13,0.526202258596625,0.982283631946553
14,77,"D0",14,0.517531616123165,0.983522224901535
14,77,"D1",1,1,NA
14,77,"D1",2,0.686104834202844,0.686104834202844
14,77,"D1",3,0.542404709590306,0.790556606732705
14,77,"D1",4,0.459290465231713,0.846767104176932
14,77,"D1",5,0.407236947791165,0.886665364554678
14,77,"D1",6,0.369589639456703,0.907554291086163
14,77,"D1",7,0.341186589052841,0.923149765654646
14,77,"D1",8,0.320361897026308,0.938963919759144
14,77,"D1",9,0.303755967690989,0.948165092386267
14,77,"D1",10,0.291209602454763,0.958695905362461
14,77,"D1",11,0.279060928241922,0.95828202741107
14,77,"D1",12,0.269600441524091,0.966098848816165
14,77,"D1",13,0.261540544199269,0.970104287369641
14,77,"D1",14,0.254591399305086,0.973429951690821
14,77,"D3",1,1,NA
14,77,"D3",2,0.582618478413725,0.582618478413725
14,77,"D3",3,0.455097735902123,0.781124788800386
14,77,"D3",4,0.393115904936015,0.863805450837402
14,77,"D3",5,0.358463985374771,0.91185317325972
14,77,"D3",6,0.333031078610603,0.9290503152288
14,77,"D3",7,0.313876416819013,0.942483861051337
14,77,"D3",8,0.299702376599634,0.954841971362406
14,77,"D3",9,0.288604753199269,0.962971186527524
14,77,"D3",10,0.277783546617916,0.962505099235558
14,77,"D3",11,0.269898748417944,0.971615315968238
14,77,"D3",12,0.263225987906061,0.975276800833659
14,77,"D3",13,0.257769652650823,0.9792712896677
14,77,"D3",14,0.253382084095064,0.982978723404255
14,77,"D5",1,1,NA
14,77,"D5",2,0.551235221648259,0.551235221648259
14,77,"D5",3,0.403008623857177,0.731101003764115
14,77,"D5",4,0.330882270300646,0.821030247774322
14,77,"D5",5,0.284712559707783,0.860464839802651
14,77,"D5",6,0.253565608316943,0.890602116665285
14,77,"D5",7,0.231442540039337,0.91275209432206
14,77,"D5",8,0.213910087103119,0.92424705962336
14,77,"D5",9,0.19939084012363,0.93212453336766
14,77,"D5",10,0.187876931722394,0.942254577020202
14,77,"D5",11,0.177772494434478,0.946217786317449
14,77,"D5",12,0.169710592863164,0.954650455927052
14,77,"D5",13,0.162967125597078,0.960264900662252
14,77,"D5",14,0.157347569542006,0.96551724137931
14,77,"D6",1,1,NA
14,77,"D6",2,0.436010891763104,0.436010891763104
14,77,"D6",3,0.285852053551169,0.655607598230549
14,77,"D6",4,0.218868731563422,0.765671363365747
14,77,"D6",5,0.182681415929204,0.834662012359074
14,77,"D6",6,0.156772123893805,0.858172261783655
14,77,"D6",7,0.13866814159292,0.884520399091179
14,77,"D6",8,0.123109144542773,0.887796887796888
14,77,"D6",9,0.111839970501475,0.908461925528346
14,77,"D6",10,0.102465339233038,0.91617816755135
14,77,"D6",11,0.093856364874064,0.915981595109007
14,77,"D6",12,0.0860562741093714,0.916893321245089
14,77,"D6",13,0.0789085545722714,0.916941331575478
14,77,"D6",14,0.0722713864306785,0.91588785046729
14,77,"D7",1,1,NA
14,77,"D7",2,0.31243049847701,0.31243049847701
14,77,"D7",3,0.179857854276459,0.575673166202414
14,77,"D7",4,0.126431175361408,0.702950537634409
14,77,"D7",5,0.101722187303583,0.80456570155902
14,77,"D7",6,0.0868246385920804,0.853546712802768
14,77,"D7",7,0.0758516656191075,0.8736191344887
14,77,"D7",8,0.0680289126335638,0.896867749419954
14,77,"D7",9,0.0638315524827153,0.938300349243306
14,77,"D7",10,0.0595285983658077,0.932588916459884
14,77,"D7",11,0.0575835226998018,0.96732535756926
14,77,"D7",12,0.0556012183919161,0.965575146935349
14,77,"D7",13,0.0540540540540541,0.972173913043478
14,77,"D7",14,0.0527969830295412,0.976744186046512
14,78,"D0",1,1,NA
14,78,"D0",2,0.830800464603281,0.830800464603281
14,78,"D0",3,0.743340848974652,0.894728494560493
14,78,"D0",4,0.689695554709639,0.927832172362101
14,78,"D0",5,0.652698557712642,0.946357495355219
14,78,"D0",6,0.625467749439581,0.958279656127185
14,78,"D0",7,0.603450746521169,0.964799139622884
14,78,"D0",8,0.586622679017045,0.972113602309491
14,78,"D0",9,0.570929746648057,0.97324867767594
14,78,"D0",10,0.557890200059214,0.977160856190455
14,78,"D0",11,0.546156123620912,0.978967050439215
14,78,"D0",12,0.535692789213916,0.980841861961326
14,78,"D0",13,0.526202258596625,0.982283631946553
14,78,"D0",14,0.517531616123165,0.983522224901535
14,78,"D1",1,1,NA
14,78,"D1",2,0.686104834202844,0.686104834202844
14,78,"D1",3,0.542404709590306,0.790556606732705
14,78,"D1",4,0.458716213167276,0.84570838906203
14,78,"D1",5,0.408664049456252,0.890886429835494
14,78,"D1",6,0.368997698659808,0.902936529774953
14,78,"D1",7,0.340849871395695,0.923718149553927
14,78,"D1",8,0.321377735661748,0.942871811410069
14,78,"D1",9,0.30604160462073,0.95228004513306
14,78,"D1",10,0.292035287216281,0.954233943382283
14,78,"D1",11,0.279060928241922,0.955572632684111
14,78,"D1",12,0.269600441524091,0.966098848816165
14,78,"D1",13,0.261540544199269,0.970104287369641
14,78,"D1",14,0.254591399305086,0.973429951690821
14,78,"D3",1,1,NA
14,78,"D3",2,0.58349850262583,0.58349850262583
14,78,"D3",3,0.456865496737605,0.782976296737082
14,78,"D3",4,0.396631559149897,0.868158269736217
14,78,"D3",5,0.361361670114726,0.911076443057722
14,78,"D3",6,0.335507617077299,0.928453803555815
14,78,"D3",7,0.317373706977619,0.945950824432393
14,78,"D3",8,0.301725409065262,0.950694409876051
14,78,"D3",9,0.290029339853301,0.961236048206229
14,78,"D3",10,0.279915741959752,0.965129052465297
14,78,"D3",11,0.271784262380463,0.970950259809047
14,78,"D3",12,0.264521635971702,0.973277972958586
14,78,"D3",13,0.258228324242994,0.976208707066287
14,78,"D3",14,0.252774120744781,0.978878368536052
14,78,"D5",1,1,NA
14,78,"D5",2,0.557480980557904,0.557480980557904
14,78,"D5",3,0.410608622147084,0.736542835481425
14,78,"D5",4,0.336930769230769,0.820564282038085
14,78,"D5",5,0.290596153846154,0.862480308668752
14,78,"D5",6,0.260976923076923,0.89807425054596
14,78,"D5",7,0.238088461538462,0.912296990597459
14,78,"D5",8,0.220392307692308,0.92567403841494
14,78,"D5",9,0.205257692307692,0.93132874943283
14,78,"D5",10,0.194030769230769,0.9453032773062
14,78,"D5",11,0.184234995773457,0.949514329628507
14,78,"D5",12,0.17654268808115,0.958247304427621
14,78,"D5",13,0.17032967032967,0.964807277950682
14,78,"D5",14,0.165384615384615,0.970967741935484
14,78,"D6",1,1,NA
14,78,"D6",2,0.451803440072192,0.451803440072192
14,78,"D6",3,0.294730509447893,0.652342331436872
14,78,"D6",4,0.219824386775684,0.745848766004825
14,78,"D6",5,0.18559331674369,0.84427992483416
14,78,"D6",6,0.155945965161749,0.84025636212491
14,78,"D6",7,0.138078919303235,0.885427969617668
14,78,"D6",8,0.122292214717384,0.885668973471742
14,78,"D6",9,0.109864912904373,0.898380270226274
14,78,"D6",10,0.102419480981159,0.932231030577576
14,78,"D6",11,0.0933987803877601,0.911923976698747
14,78,"D6",12,0.0865213705597637,0.926365100278144
14,78,"D6",13,0.0803412726626378,0.928571428571428
14,78,"D6",14,0.0746533949520085,0.929203539823009
14,78,"D7",1,1,NA
14,78,"D7",2,0.379615384615385,0.379615384615385
14,78,"D7",3,0.237764423076923,0.626329787234043
14,78,"D7",4,0.17304875,0.727815994338287
14,78,"D7",5,0.139615,0.806795772867472
14,78,"D7",6,0.11242875,0.805277011782402
14,78,"D7",7,0.0967925,0.860923029029496
14,78,"D7",8,0.08267875,0.8541854999096
14,78,"D7",9,0.07427,0.89829611599111
14,78,"D7",10,0.06745375,0.908223374175306
14,78,"D7",11,0.0624759615384615,0.926204422118289
14,78,"D7",12,0.0582692307692308,0.932666410157753
14,78,"D7",13,0.055,0.943894389438944
14,78,"D7",14,0.0525,0.954545454545454
14,79,"D0",1,1,NA
14,79,"D0",2,0.830800464603281,0.830800464603281
14,79,"D0",3,0.743340848974652,0.894728494560493
14,79,"D0",4,0.690431586516094,0.928822339668888
14,79,"D0",5,0.653727107389079,0.946838354669976
14,79,"D0",6,0.626066404432602,0.957687691631831
14,79,"D0",7,0.603306264010489,0.963645804564869
14,79,"D0",8,0.586274499851965,0.971769290036364
14,79,"D0",9,0.571280294378886,0.97442459892616
14,79,"D0",10,0.557928097111196,0.976627589995543
14,79,"D0",11,0.546156123620912,0.978900554477834
14,79,"D0",12,0.535692789213916,0.980841861961326
14,79,"D0",13,0.526202258596625,0.982283631946553
14,79,"D0",14,0.517531616123165,0.983522224901535
14,79,"D1",1,1,NA
14,79,"D1",2,0.686104834202844,0.686104834202844
14,79,"D1",3,0.542404709590306,0.790556606732705
14,79,"D1",4,0.461608952664591,0.85104156454183
14,79,"D1",5,0.407037317810568,0.881779513722571
14,79,"D1",6,0.37157204097288,0.91286971664305
14,79,"D1",7,0.342103876178873,0.920693266595486
14,79,"D1",8,0.320844546726231,0.937857092734236
14,79,"D1",9,0.303815351292812,0.946923843315468
14,79,"D1",10,0.289690266684716,0.953507666587651
14,79,"D1",11,0.279060928241922,0.963307919991793
14,79,"D1",12,0.269600441524091,0.966098848816165
14,79,"D1",13,0.261540544199269,0.970104287369641
14,79,"D1",14,0.254591399305086,0.973429951690821
14,79,"D3",1,1,NA
14,79,"D3",2,0.589103740296401,0.589103740296401
14,79,"D3",3,0.463697953422724,0.787124442953663
14,79,"D3",4,0.403988623853211,0.871232277113201
14,79,"D3",5,0.368495412844037,0.912143043359382
14,79,"D3",6,0.343236330275229,0.931453468107355
14,79,"D3",7,0.325038899082569,0.946982794105541
14,79,"D3",8,0.310869357798165,0.956406629100709
14,79,"D3",9,0.300591559633028,0.966938529297537
14,79,"D3",10,0.290830091743119,0.967525808436453
14,79,"D3",11,0.282695836273818,0.972030901546165
14,79,"D3",12,0.275878616796048,0.975884966798143
14,79,"D3",13,0.269908256880734,0.978358743476926
14,79,"D3",14,0.264587155963303,0.980285520054385
14,79,"D5",1,1,NA
14,79,"D5",2,0.55984990619137,0.55984990619137
14,79,"D5",3,0.415488847196164,0.742143282692881
14,79,"D5",4,0.342119783197832,0.823415082033014
14,79,"D5",5,0.299250948509485,0.874696416887539
14,79,"D5",6,0.268511653116531,0.897279204807668
14,79,"D5",7,0.245447696476965,0.914104448086814
14,79,"D5",8,0.227319783197832,0.926143477656006
14,79,"D5",9,0.212310569105691,0.933973128598848
14,79,"D5",10,0.198727913279133,0.936024589431548
14,79,"D5",11,0.187471336251824,0.943356839803889
14,79,"D5",12,0.177319157806963,0.945846769709774
14,79,"D5",13,0.168021680216802,0.947566423700917
14,79,"D5",14,0.159349593495935,0.948387096774194
14,79,"D6",1,1,NA
14,79,"D6",2,0.465894346617238,0.465894346617238
14,79,"D6",3,0.310275718257646,0.665978714939328
14,79,"D6",4,0.243013855421687,0.783219056864429
14,79,"D6",5,0.20405421686747,0.839681410401013
14,79,"D6",6,0.181118674698795,0.887600743955363
14,79,"D6",7,0.162922891566265,0.899536681334544
14,79,"D6",8,0.150187951807229,0.921834558442903
14,79,"D6",9,0.140021084337349,0.932305705300988
14,79,"D6",10,0.131637951807229,0.940129498569493
14,79,"D6",11,0.123493975903614,0.938133526146468
14,79,"D6",12,0.116821130676552,0.945966228893058
14,79,"D6",13,0.110843373493976,0.948829829432765
14,79,"D6",14,0.105421686746988,0.951086956521739
14,79,"D7",1,1,NA
14,79,"D7",2,0.380908860116781,0.380908860116781
14,79,"D7",3,0.248235592790048,0.651692881898161
14,79,"D7",4,0.190261386138614,0.766454898752301
14,79,"D7",5,0.157123432343234,0.825829326339307
14,79,"D7",6,0.133753135313531,0.851261542080809
14,79,"D7",7,0.117553795379538,0.878886278844825
14,79,"D7",8,0.106058085808581,0.902208945837591
14,79,"D7",9,0.0961795379537954,0.906857192646162
14,79,"D7",10,0.090413201320132,0.940046118370484
14,79,"D7",11,0.0841838029956842,0.931100788010028
14,79,"D7",12,0.0799187611068799,0.949336550060314
14,79,"D7",13,0.0765676567656766,0.958068614993647
14,79,"D7",14,0.0739273927392739,0.96551724137931
14,80,"D0",1,1,NA
14,80,"D0",2,0.830800464603281,0.830800464603281
14,80,"D0",3,0.743340848974652,0.894728494560493
14,80,"D0",4,0.688037558685446,0.925601706988806
14,80,"D0",5,0.653441695216343,0.949718059672206
14,80,"D0",6,0.625033709766104,0.956525600282006
14,80,"D0",7,0.604390474982024,0.966972605698651
14,80,"D0",8,0.58628397411496,0.970041717041284
14,80,"D0",9,0.57085691325128,0.973686708924683
14,80,"D0",10,0.558005075498033,0.977486761647416
14,80,"D0",11,0.546156123620912,0.978765512362866
14,80,"D0",12,0.535692789213916,0.980841861961326
14,80,"D0",13,0.526202258596625,0.982283631946553
14,80,"D0",14,0.517531616123165,0.983522224901535
14,80,"D1",1,1,NA
14,80,"D1",2,0.686104834202844,0.686104834202844
14,80,"D1",3,0.542404709590306,0.790556606732705
14,80,"D1",4,0.461219168810072,0.850322942731165
14,80,"D1",5,0.408670998601146,0.886066812130775
14,80,"D1",6,0.370195478543387,0.905852090827442
14,80,"D1",7,0.342055232164614,0.923985440099114
14,80,"D1",8,0.319602545011507,0.93435946875883
14,80,"D1",9,0.303348495104012,0.949142927172529
14,80,"D1",10,0.290049726997879,0.956160098629886
14,80,"D1",11,0.279060928241922,0.962114086885393
14,80,"D1",12,0.269600441524091,0.966098848816165
14,80,"D1",13,0.261540544199269,0.970104287369641
14,80,"D1",14,0.254591399305086,0.973429951690821
14,80,"D3",1,1,NA
14,80,"D3",2,0.591325665255626,0.591325665255626
14,80,"D3",3,0.466113652884081,0.788252024681836
14,80,"D3",4,0.403281452658885,0.865199828761887
14,80,"D3",5,0.367001297016861,0.910037629048339
14,80,"D3",6,0.341491569390402,0.930491451028068
14,80,"D3",7,0.321763942931258,0.942231000037981
14,80,"D3",8,0.307533073929961,0.955772331505966
14,80,"D3",9,0.293463035019455,0.954248696796397
14,80,"D3",10,0.282264591439689,0.961840360647043
14,80,"D3",11,0.272929405225125,0.966927533606147
14,80,"D3",12,0.264790980744288,0.970181210507076
14,80,"D3",13,0.257735779136557,0.97335558187103
14,80,"D3",14,0.251621271076524,0.97627606038821
14,80,"D5",1,1,NA
14,80,"D5",2,0.56326023642282,0.56326023642282
14,80,"D5",3,0.419532722288847,0.744829290548247
14,80,"D5",4,0.346351893095768,0.825565861004058
14,80,"D5",5,0.305412026726058,0.881796903132877
14,80,"D5",6,0.272329621380846,0.891679428279734
14,80,"D5",7,0.247669821826281,0.909448706205633
14,80,"D5",8,0.231128619153675,0.933212683924778
14,80,"D5",9,0.217132516703786,0.939444528760055
14,80,"D5",10,0.205307349665924,0.945539400466703
14,80,"D5",11,0.195723402432757,0.953319025116428
14,80,"D5",12,0.187682028439267,0.958914601455222
14,80,"D5",13,0.180957683741648,0.964171611136467
14,80,"D5",14,0.175389755011136,0.969230769230769
14,80,"D6",1,1,NA
14,80,"D6",2,0.434022551427289,0.434022551427289
14,80,"D6",3,0.272122316406559,0.626977366755902
14,80,"D6",4,0.200854102300034,0.738102280446385
14,80,"D6",5,0.163001716443529,0.811542879019908
14,80,"D6",6,0.140072090628218,0.859328930298384
14,80,"D6",7,0.12214555441126,0.87201921427346
14,80,"D6",8,0.111255063508411,0.910840055085579
14,80,"D6",9,0.100095434260213,0.899693291286881
14,80,"D6",10,0.0933525575008582,0.932635521198444
14,80,"D6",11,0.0872217380971243,0.934326176294875
14,80,"D6",12,0.0815442710396366,0.9349076597033
14,80,"D6",13,0.0765533813937521,0.938795336787565
14,80,"D6",14,0.0720906282183316,0.94170403587444
14,80,"D7",1,1,NA
14,80,"D7",2,0.332617103566824,0.332617103566824
14,80,"D7",3,0.198861194671251,0.597868217054264
14,80,"D7",4,0.145060335195531,0.729455213398163
14,80,"D7",5,0.115527374301676,0.796409122769181
14,80,"D7",6,0.0945586592178771,0.818495701035813
14,80,"D7",7,0.0806368715083799,0.85277088502895
14,80,"D7",8,0.068654748603352,0.851406401551891
14,80,"D7",9,0.0607396648044693,0.884711779448622
14,80,"D7",10,0.0546156424581006,0.899175894926603
14,80,"D7",11,0.0496562097120756,0.909193913633266
14,80,"D7",12,0.0453803180060163,0.913890090869753
14,80,"D7",13,0.0418994413407821,0.923295454545454
14,80,"D7",14,0.0391061452513966,0.933333333333333
14,81,"D0",1,1,NA
14,81,"D0",2,0.830800464603281,0.830800464603281
14,81,"D0",3,0.743340848974652,0.894728494560493
14,81,"D0",4,0.690285327581102,0.928625580759172
14,81,"D0",5,0.653425115256101,0.946601483687671
14,81,"D0",6,0.625781584401303,0.957694416377057
14,81,"D0",7,0.603017891130567,0.963623580753796
14,81,"D0",8,0.58583157805693,0.971499497234791
14,81,"D0",9,0.571110941927843,0.974872238574247
14,81,"D0",10,0.557630249968278,0.976395668564745
14,81,"D0",11,0.546156123620912,0.979423414802159
14,81,"D0",12,0.535692789213916,0.980841861961326
14,81,"D0",13,0.526202258596625,0.982283631946553
14,81,"D0",14,0.517531616123165,0.983522224901535
14,81,"D1",1,1,NA
14,81,"D1",2,0.686104834202844,0.686104834202844
14,81,"D1",3,0.542404709590306,0.790556606732705
14,81,"D1",4,0.460032760254501,0.848135630315558
14,81,"D1",5,0.407969766707279,0.88682763914809
14,81,"D1",6,0.369162582915933,0.904877304745992
14,81,"D1",7,0.340154325165832,0.921421457394269
14,81,"D1",8,0.321521140742746,0.945221380283783
14,81,"D1",9,0.304036460448536,0.945618878267789
14,81,"D1",10,0.289598664320202,0.95251294497037
14,81,"D1",11,0.279060928241922,0.963612621960753
14,81,"D1",12,0.269600441524091,0.966098848816165
14,81,"D1",13,0.261540544199269,0.970104287369641
14,81,"D1",14,0.254591399305086,0.973429951690821
14,81,"D3",1,1,NA
14,81,"D3",2,0.593625220863419,0.593625220863419
14,81,"D3",3,0.468209580255158,0.788729258460673
14,81,"D3",4,0.406212696690179,0.86758732375533
14,81,"D3",5,0.369241454150841,0.908985507246377
14,81,"D3",6,0.344945921504793,0.934201503181918
14,81,"D3",7,0.325542412732863,0.943749128306014
14,81,"D3",8,0.310213058419244,0.952911345145684
14,81,"D3",9,0.298347621631398,0.96175068564712
14,81,"D3",10,0.288616748055706,0.96738410877056
14,81,"D3",11,0.280604365791561,0.972238678738771
14,81,"D3",12,0.273745426214227,0.97555654717636
14,81,"D3",13,0.268041237113402,0.979162431388494
14,81,"D3",14,0.263338759269307,0.982456140350877
14,81,"D5",1,1,NA
14,81,"D5",2,0.560575373041789,0.560575373041789
14,81,"D5",3,0.413611375191171,0.737833652853562
14,81,"D5",4,0.340118753358409,0.822314795383001
14,81,"D5",5,0.296057495969909,0.870453313869259
14,81,"D5",6,0.265977431488447,0.898397896047466
14,81,"D5",7,0.244857066093498,0.920593392917751
14,81,"D5",8,0.226606663084363,0.925465075195478
14,81,"D5",9,0.213024180548092,0.940061415885136
14,81,"D5",10,0.202300376141859,0.949659215312357
14,81,"D5",11,0.193041375604514,0.954231422037234
14,81,"D5",12,0.185260199231183,0.959691665328408
14,81,"D5",13,0.178667383127351,0.964413208389112
14,81,"D5",14,0.173025255239119,0.968421052631579
14,81,"D6",1,1,NA
14,81,"D6",2,0.464118690533785,0.464118690533785
14,81,"D6",3,0.304668601838413,0.656445448227936
14,81,"D6",4,0.233631726065688,0.766838869039743
14,81,"D6",5,0.19524178895877,0.835681832457444
14,81,"D6",6,0.171654088050314,0.879187232230101
14,81,"D6",7,0.153819007686932,0.896098714770169
14,81,"D6",8,0.141159329140461,0.917697567180792
14,81,"D6",9,0.132745632424878,0.940395744533389
14,81,"D6",10,0.124204751921733,0.93565980027269
14,81,"D6",11,0.117386980594528,0.945108611210773
14,81,"D6",12,0.111756168359942,0.952032054951345
14,81,"D6",13,0.106918238993711,0.956709956709957
14,81,"D6",14,0.10272536687631,0.96078431372549
14,81,"D7",1,1,NA
14,81,"D7",2,0.357800184932412,0.357800184932412
14,81,"D7",3,0.211549469420105,0.591250307654442
14,81,"D7",4,0.148246136233543,0.700763450931419
14,81,"D7",5,0.114828849456211,0.774582409859992
14,81,"D7",6,0.0926388093875215,0.806755530741852
14,81,"D7",7,0.0772925014310246,0.834342560553633
14,81,"D7",8,0.0651196336576989,0.842509072058061
14,81,"D7",9,0.0567693188322839,0.871769628353434
14,81,"D7",10,0.0491322266742988,0.865471485036702
14,81,"D7",11,0.0431729118048523,0.878708634376552
14,81,"D7",12,0.038571617277971,0.893421723610403
14,81,"D7",13,0.0349170005724098,0.905251141552511
14,81,"D7",14,0.0320549513451631,0.918032786885246
14,82,"D0",1,1,NA
14,82,"D0",2,0.830800464603281,0.830800464603281
14,82,"D0",3,0.743340848974652,0.894728494560493
14,82,"D0",4,0.690021824641543,0.928271096083774
14,82,"D0",5,0.655109165503532,0.949403543639873
14,82,"D0",6,0.62462690859874,0.953469958123143
14,82,"D0",7,0.603308632576238,0.965870384818474
14,82,"D0",8,0.586053631095885,0.971399379109376
14,82,"D0",9,0.570952840164108,0.974233090402427
14,82,"D0",10,0.55754912659138,0.976523956744177
14,82,"D0",11,0.546156123620912,0.979565920872086
14,82,"D0",12,0.535692789213916,0.980841861961326
14,82,"D0",13,0.526202258596625,0.982283631946553
14,82,"D0",14,0.517531616123165,0.983522224901535
14,82,"D1",1,1,NA
14,82,"D1",2,0.686104834202844,0.686104834202844
14,82,"D1",3,0.542404709590306,0.790556606732705
14,82,"D1",4,0.459838815937909,0.84777806646487
14,82,"D1",5,0.405415008347999,0.881645903513159
14,82,"D1",6,0.368950318126438,0.910055894649416
14,82,"D1",7,0.343137403546771,0.930036882172247
14,82,"D1",8,0.320144578313253,0.932992366918157
14,82,"D1",9,0.302934705112585,0.9462434338531
14,82,"D1",10,0.290575335048057,0.959201207864466
14,82,"D1",11,0.279060928241922,0.960373763987122
14,82,"D1",12,0.269600441524091,0.966098848816165
14,82,"D1",13,0.261540544199269,0.970104287369641
14,82,"D1",14,0.254591399305086,0.973429951690821
14,82,"D3",1,1,NA
14,82,"D3",2,0.592296827466319,0.592296827466319
14,82,"D3",3,0.465307203389831,0.785598000550307
14,82,"D3",4,0.403698799435028,0.867596281540505
14,82,"D3",5,0.366318502824859,0.907405479871422
14,82,"D3",6,0.341813559322034,0.933104816399239
14,82,"D3",7,0.32181709039548,0.941498900844614
14,82,"D3",8,0.306502118644068,0.952410943332463
14,82,"D3",9,0.294296610169492,0.960178061644167
14,82,"D3",10,0.284036370056497,0.965136397231741
14,82,"D3",11,0.276102781399392,0.972068405692104
14,82,"D3",12,0.26882333767927,0.973635022134776
14,82,"D3",13,0.262535310734463,0.976609073456603
14,82,"D3",14,0.257062146892655,0.979152656355077
14,82,"D5",1,1,NA
14,82,"D5",2,0.549419116352755,0.549419116352755
14,82,"D5",3,0.402294930469988,0.732218662394874
14,82,"D5",4,0.329528604118993,0.819121940547488
14,82,"D5",5,0.282262585812357,0.856564748201439
14,82,"D5",6,0.250886727688787,0.888841597503015
14,82,"D5",7,0.224300343249428,0.894030327214685
14,82,"D5",8,0.203772883295194,0.90848226241274
14,82,"D5",9,0.186885583524027,0.9171268546723
14,82,"D5",10,0.171211670480549,0.916130967686637
14,82,"D5",11,0.160117056856187,0.935199431246585
14,82,"D5",12,0.14940151381799,0.933076817369795
14,82,"D5",13,0.140160183066362,0.938144329896907
14,82,"D5",14,0.132151029748284,0.942857142857143
14,82,"D6",1,1,NA
14,82,"D6",2,0.449617002912936,0.449617002912936
14,82,"D6",3,0.29211619376416,0.649700059988002
14,82,"D6",4,0.220990883590463,0.756517058307557
14,82,"D6",5,0.180429172510519,0.816455274439681
14,82,"D6",6,0.156385694249649,0.866742844705626
14,82,"D6",7,0.137555399719495,0.879590683658736
14,82,"D6",8,0.125180224403927,0.91003497252159
14,82,"D6",9,0.114940392706872,0.918199286302498
14,82,"D6",10,0.106943899018233,0.930429212043562
14,82,"D6",11,0.100536735354407,0.940088553693621
14,82,"D6",12,0.0943467472219225,0.938430583501006
14,82,"D6",13,0.0887096774193548,0.940251572327044
14,82,"D6",14,0.0834502103786816,0.940711462450593
14,82,"D7",1,1,NA
14,82,"D7",2,0.328676348776851,0.328676348776851
14,82,"D7",3,0.189022033243139,0.575100806451613
14,82,"D7",4,0.12948743718593,0.685038854805726
14,82,"D7",5,0.0976482412060301,0.754113629307668
14,82,"D7",6,0.0762311557788945,0.78067105804858
14,82,"D7",7,0.0644723618090452,0.845748187211602
14,82,"D7",8,0.0552462311557789,0.856897895557288
14,82,"D7",9,0.0475577889447236,0.860833181735492
14,82,"D7",10,0.0427738693467337,0.899408284023669
14,82,"D7",11,0.0383787067204153,0.897246550442039
14,82,"D7",12,0.0350102159147385,0.912230215827338
14,82,"D7",13,0.0323043790380474,0.922712933753943
14,82,"D7",14,0.0301507537688442,0.933333333333333
14,83,"D0",1,1,NA
14,83,"D0",2,0.830800464603281,0.830800464603281
14,83,"D0",3,0.743340848974652,0.894728494560493
14,83,"D0",4,0.690121304402995,0.928404924006171
14,83,"D0",5,0.651756460686038,0.944408550392246
14,83,"D0",6,0.625850272808019,0.96025173597704
14,83,"D0",7,0.603290276191685,0.963953045006893
14,83,"D0",8,0.586648733240283,0.972415363535356
14,83,"D0",9,0.571150615404137,0.973581946132324
14,83,"D0",10,0.557946453495749,0.976881471275236
14,83,"D0",11,0.546156123620912,0.978868348743923
14,83,"D0",12,0.535692789213916,0.980841861961326
14,83,"D0",13,0.526202258596625,0.982283631946553
14,83,"D0",14,0.517531616123165,0.983522224901535
14,83,"D1",1,1,NA
14,83,"D1",2,0.686104834202844,0.686104834202844
14,83,"D1",3,0.542404709590306,0.790556606732705
14,83,"D1",4,0.460157213122152,0.848365076825608
14,83,"D1",5,0.40718767203646,0.884888165228804
14,83,"D1",6,0.368786065610758,0.905690645707309
14,83,"D1",7,0.343009160236451,0.930103364042195
14,83,"D1",8,0.320942466495194,0.935667333997595
14,83,"D1",9,0.303963810297369,0.947097508213114
14,83,"D1",10,0.289477370154776,0.952341562870854
14,83,"D1",11,0.279060928241922,0.964016386126193
14,83,"D1",12,0.269600441524091,0.966098848816165
14,83,"D1",13,0.261540544199269,0.970104287369641
14,83,"D1",14,0.254591399305086,0.973429951690821
14,83,"D3",1,1,NA
14,83,"D3",2,0.593414962798055,0.593414962798055
14,83,"D3",3,0.468722537934267,0.789873136538651
14,83,"D3",4,0.406573115003808,0.867406796344036
14,83,"D3",5,0.371439832444783,0.913586803301797
14,83,"D3",6,0.345689642041127,0.930674666111681
14,83,"D3",7,0.327277989337395,0.946739356739125
14,83,"D3",8,0.312971439451637,0.956286244868704
14,83,"D3",9,0.30062947448591,0.960565203689666
14,83,"D3",10,0.291870144706778,0.970863369953626
14,83,"D3",11,0.283511043412033,0.971360204370534
14,83,"D3",12,0.276905501201008,0.976700935062251
14,83,"D3",13,0.271325209444021,0.979847667407172
14,83,"D3",14,0.266565118050267,0.982456140350877
14,83,"D5",1,1,NA
14,83,"D5",2,0.555293815316087,0.555293815316087
14,83,"D5",3,0.408964365256125,0.736482838411107
14,83,"D5",4,0.33295991091314,0.814153846153846
14,83,"D5",5,0.290445434298441,0.872313527180784
14,83,"D5",6,0.257456570155902,0.88641975308642
14,83,"D5",7,0.236405902004454,0.918236042146058
14,83,"D5",8,0.218239420935412,0.923155551891847
14,83,"D5",9,0.20515144766147,0.940029288852377
14,83,"D5",10,0.194152561247216,0.946386503533703
14,83,"D5",11,0.185561932499572,0.955753204117118
14,83,"D5",12,0.1782593798184,0.96064627813041
14,83,"D5",13,0.172327394209354,0.966722729456992
14,83,"D5",14,0.167594654788419,0.972536348949919
14,83,"D6",1,1,NA
14,83,"D6",2,0.438874623199732,0.438874623199732
14,83,"D6",3,0.281427933459864,0.641249046044264
14,83,"D6",4,0.210426705370102,0.747710800357037
14,83,"D6",5,0.175340348330914,0.833260911548861
14,83,"D6",6,0.14722351233672,0.839644233276357
14,83,"D6",7,0.128499274310595,0.872817610930923
14,83,"D6",8,0.115225689404935,0.896703036053131
14,83,"D6",9,0.104390420899855,0.905964819468324
14,83,"D6",10,0.0961103047895501,0.920681265206813
14,83,"D6",11,0.0863709947527074,0.898665288200172
14,83,"D6",12,0.0789326783521268,0.913879463564389
14,83,"D6",13,0.0722060957910015,0.914780763790665
14,83,"D6",14,0.0660377358490566,0.914572864321608
14,83,"D7",1,1,NA
14,83,"D7",2,0.371012549094741,0.371012549094741
14,83,"D7",3,0.229835233259891,0.619481022463207
14,83,"D7",4,0.167494396014944,0.728758570386579
14,83,"D7",5,0.133601494396015,0.797647548662434
14,83,"D7",6,0.107911581569116,0.80771238418374
14,83,"D7",7,0.0920547945205479,0.853057597544228
14,83,"D7",8,0.0795454545454545,0.864109848484848
14,83,"D7",9,0.0714470734744707,0.898191780821918
14,83,"D7",10,0.064865504358655,0.907881893606637
14,83,"D7",11,0.0603745569498994,0.930765243357637
14,83,"D7",12,0.056806207491139,0.940896469654899
14,83,"D7",13,0.0541718555417186,0.95362563237774
14,83,"D7",14,0.0523038605230386,0.96551724137931
14,84,"D0",1,1,NA
14,84,"D0",2,0.830800464603281,0.830800464603281
14,84,"D0",3,0.743340848974652,0.894728494560493
14,84,"D0",4,0.688090851414795,0.925673400518662
14,84,"D0",5,0.653107135304318,0.949158289143728
14,84,"D0",6,0.626161147062556,0.95874185599089
14,84,"D0",7,0.603811360656431,0.964306654108177
14,84,"D0",8,0.585745717548534,0.970080650539174
14,84,"D0",9,0.57090132385907,0.974657273207919
14,84,"D0",10,0.557887831493465,0.977205356124174
14,84,"D0",11,0.546156123620912,0.978971206736761
14,84,"D0",12,0.535692789213916,0.980841861961326
14,84,"D0",13,0.526202258596625,0.982283631946553
14,84,"D0",14,0.517531616123165,0.983522224901535
14,84,"D1",1,1,NA
14,84,"D1",2,0.686104834202844,0.686104834202844
14,84,"D1",3,0.542404709590306,0.790556606732705
14,84,"D1",4,0.465446775867515,0.858117135854297
14,84,"D1",5,0.408461260773431,0.877568138724621
14,84,"D1",6,0.370296557014575,0.90656469187166
14,84,"D1",7,0.341632597806958,0.922591883006655
14,84,"D1",8,0.319581697576824,0.935454343725729
14,84,"D1",9,0.303728802851857,0.950394860390413
14,84,"D1",10,0.290862776950499,0.957639756978749
14,84,"D1",11,0.279060928241922,0.959424685302426
14,84,"D1",12,0.269600441524091,0.966098848816165
14,84,"D1",13,0.261540544199269,0.970104287369641
14,84,"D1",14,0.254591399305086,0.973429951690821
14,84,"D3",1,1,NA
14,84,"D3",2,0.589147286821705,0.589147286821705
14,84,"D3",3,0.464467799642218,0.788372975708502
14,84,"D3",4,0.403889147286822,0.869574053568276
14,84,"D3",5,0.36966511627907,0.915263801373084
14,84,"D3",6,0.347422480620155,0.939830309435735
14,84,"D3",7,0.329588759689923,0.948668488871535
14,84,"D3",8,0.314641860465116,0.954649851412201
14,84,"D3",9,0.304163565891473,0.966697709713024
14,84,"D3",10,0.29374496124031,0.965746704012274
14,84,"D3",11,0.285122242098986,0.970645558974305
14,84,"D3",12,0.277221228384019,0.972289030638921
14,84,"D3",13,0.269961240310078,0.973811572381157
14,84,"D3",14,0.263178294573643,0.974874371859297
14,84,"D5",1,1,NA
14,84,"D5",2,0.555282450253275,0.555282450253275
14,84,"D5",3,0.40798726141877,0.734738260200154
14,84,"D5",4,0.334393442622951,0.819617361238442
14,84,"D5",5,0.285002500694637,0.852296918441655
14,84,"D5",6,0.254275632120033,0.892187372041602
14,84,"D5",7,0.228955821061406,0.900423761225083
14,84,"D5",8,0.209537093637121,0.915185701179109
14,84,"D5",9,0.194704640177827,0.92921323283704
14,84,"D5",10,0.18150986385107,0.932231834255689
14,84,"D5",11,0.170239596469105,0.937908237366029
14,84,"D5",12,0.161326864299912,0.947645951035782
14,84,"D5",13,0.153931647679911,0.954160042395336
14,84,"D5",14,0.147818838566268,0.96028880866426
14,84,"D6",1,1,NA
14,84,"D6",2,0.45528329197684,0.45528329197684
14,84,"D6",3,0.296603598014888,0.651470421255819
14,84,"D6",4,0.225792338709677,0.761259607843137
14,84,"D6",5,0.191220430107527,0.846886263724816
14,84,"D6",6,0.164297715053763,0.859205864987207
14,84,"D6",7,0.14664247311828,0.892541159627774
14,84,"D6",8,0.13307997311828,0.907513152829462
14,84,"D6",9,0.120002016129032,0.901728587083318
14,84,"D6",10,0.109581989247312,0.913167901524952
14,84,"D6",11,0.103791873449132,0.94716179330243
14,84,"D6",12,0.0967224979321753,0.93188893039472
14,84,"D6",13,0.0903897849462365,0.93452699091395
14,84,"D6",14,0.0846774193548387,0.936802973977695
14,84,"D7",1,1,NA
14,84,"D7",2,0.355662787397105,0.355662787397105
14,84,"D7",3,0.218611032264169,0.614658153764299
14,84,"D7",4,0.161249692496925,0.737610041116641
14,84,"D7",5,0.127343173431734,0.789726612558736
14,84,"D7",6,0.106567035670357,0.8368492224476
14,84,"D7",7,0.0907244772447725,0.85133715763109
14,84,"D7",8,0.0799963099630996,0.881750023725918
14,84,"D7",9,0.072109471094711,0.901409966634377
14,84,"D7",10,0.0672361623616236,0.932417910447761
14,84,"D7",11,0.0622102374869903,0.925249676690322
14,84,"D7",12,0.0581890434288958,0.935361216730038
14,84,"D7",13,0.0547355473554736,0.940650406504065
14,84,"D7",14,0.0516605166051661,0.943820224719101
14,85,"D0",1,1,NA
14,85,"D0",2,0.830800464603281,0.830800464603281
14,85,"D0",3,0.743340848974652,0.894728494560493
14,85,"D0",4,0.689716279659942,0.927860053179267
14,85,"D0",5,0.653705198155902,0.947788558040425
14,85,"D0",6,0.626329315230724,0.958121974549987
14,85,"D0",7,0.603993148077655,0.964337982256442
14,85,"D0",8,0.586208772152434,0.970555334970564
14,85,"D0",9,0.571302203612063,0.974571229144802
14,85,"D0",10,0.558053038954447,0.976808833269245
14,85,"D0",11,0.546156123620912,0.978681389575756
14,85,"D0",12,0.535692789213916,0.980841861961326
14,85,"D0",13,0.526202258596625,0.982283631946553
14,85,"D0",14,0.517531616123165,0.983522224901535
14,85,"D1",1,1,NA
14,85,"D1",2,0.686104834202844,0.686104834202844
14,85,"D1",3,0.542404709590306,0.790556606732705
14,85,"D1",4,0.457534858535265,0.843530394271197
14,85,"D1",5,0.407687378728397,0.891052061111917
14,85,"D1",6,0.369203014304409,0.905603247900332
14,85,"D1",7,0.341856233924462,0.925930235343639
14,85,"D1",8,0.321094084201976,0.939266429387176
14,85,"D1",9,0.302476061549569,0.942016924109084
14,85,"D1",10,0.290383917693245,0.960022807112812
14,85,"D1",11,0.279060928241922,0.961006830057013
14,85,"D1",12,0.269600441524091,0.966098848816165
14,85,"D1",13,0.261540544199269,0.970104287369641
14,85,"D1",14,0.254591399305086,0.973429951690821
14,85,"D3",1,1,NA
14,85,"D3",2,0.581750824071643,0.581750824071643
14,85,"D3",3,0.454894839707126,0.781941031941032
14,85,"D3",4,0.395718998862344,0.869913141061609
14,85,"D3",5,0.359033371255214,0.907293741992178
14,85,"D3",6,0.337205157375806,0.939202827294034
14,85,"D3",7,0.317885475919606,0.942706447295914
14,85,"D3",8,0.303763367463026,0.955574854699713
14,85,"D3",9,0.292457717102768,0.962781389821029
14,85,"D3",10,0.284326886613576,0.972198269993556
14,85,"D3",11,0.275473294244625,0.968861220004904
14,85,"D3",12,0.268574428983985,0.974956319161328
14,85,"D3",13,0.26260902540766,0.977788639078961
14,85,"D3",14,0.257489571482746,0.980505415162455
14,85,"D5",1,1,NA
14,85,"D5",2,0.557803041488262,0.557803041488262
14,85,"D5",3,0.405865727362848,0.727614762156848
14,85,"D5",4,0.327351247600768,0.80655060413148
14,85,"D5",5,0.279297504798464,0.853204338903547
14,85,"D5",6,0.245723608445298,0.879791635169125
14,85,"D5",7,0.222295585412668,0.904657012076049
14,85,"D5",8,0.203166986564299,0.913949713338399
14,85,"D5",9,0.185919385796545,0.915106282475201
14,85,"D5",10,0.173892514395393,0.935311364387182
14,85,"D5",11,0.162599396764464,0.935056907594933
14,85,"D5",12,0.153129020691401,0.941756388636658
14,85,"D5",13,0.145050726624623,0.947245179063361
14,85,"D5",14,0.138195777351248,0.952741020793951
14,85,"D6",1,1,NA
14,85,"D6",2,0.460061200801942,0.460061200801942
14,85,"D6",3,0.301031444549963,0.654329128440367
14,85,"D6",4,0.230827160493827,0.766787538886211
14,85,"D6",5,0.191477366255144,0.829527018594784
14,85,"D6",6,0.168033607681756,0.877563813249085
14,85,"D6",7,0.150802469135802,0.897454212977514
14,85,"D6",8,0.139615912208505,0.925819802610634
14,85,"D6",9,0.129000685871056,0.923968363136176
14,85,"D6",10,0.121659807956104,0.94309427220961
14,85,"D6",11,0.115081249340509,0.945926606936867
14,85,"D6",12,0.109633850374591,0.952664756446991
14,85,"D6",13,0.104938271604938,0.957170356111646
14,85,"D6",14,0.10082304526749,0.96078431372549
14,85,"D7",1,1,NA
14,85,"D7",2,0.360388809394582,0.360388809394582
14,85,"D7",3,0.221838456604332,0.615553121577218
14,85,"D7",4,0.158912123155869,0.716341637010676
14,85,"D7",5,0.125452212957024,0.789443942133816
14,85,"D7",6,0.101089159717768,0.805798138869005
14,85,"D7",7,0.0855625400898012,0.846406680287821
14,85,"D7",8,0.0752174470814625,0.879093198992443
14,85,"D7",9,0.0651956382296344,0.86676217765043
14,85,"D7",10,0.0597267479153303,0.916115702479339
14,85,"D7",11,0.0541027285735432,0.905837509355777
14,85,"D7",12,0.0504268021907534,0.932056543547652
14,85,"D7",13,0.0474663245670301,0.941291585127201
14,85,"D7",14,0.0449005772931366,0.945945945945946
14,86,"D0",1,1,NA
14,86,"D0",2,0.830800464603281,0.830800464603281
14,86,"D0",3,0.743340848974652,0.894728494560493
14,86,"D0",4,0.688176119781754,0.925788110166431
14,86,"D0",5,0.651908048893964,0.947298271699269
14,86,"D0",6,0.625793427230047,0.959941249830825
14,86,"D0",7,0.603910840417883,0.965032252081932
14,86,"D0",8,0.58572321617392,0.969883593691782
14,86,"D0",9,0.570926193799433,0.974737176253411
14,86,"D0",10,0.557842828744237,0.977083964271935
14,86,"D0",11,0.546156123620912,0.979050183096137
14,86,"D0",12,0.535692789213916,0.980841861961326
14,86,"D0",13,0.526202258596625,0.982283631946553
14,86,"D0",14,0.517531616123165,0.983522224901535
14,86,"D1",1,1,NA
14,86,"D1",2,0.686104834202844,0.686104834202844
14,86,"D1",3,0.542404709590306,0.790556606732705
14,86,"D1",4,0.46204106312892,0.851838221459974
14,86,"D1",5,0.408247732503046,0.883574567460328
14,86,"D1",6,0.367547222598258,0.900304382206253
14,86,"D1",7,0.342643382518839,0.93224315530568
14,86,"D1",8,0.320403591895673,0.935093476898116
14,86,"D1",9,0.302589774829656,0.94440194330962
14,86,"D1",10,0.289811560850142,0.957770503029367
14,86,"D1",11,0.279060928241922,0.962904748945542
14,86,"D1",12,0.269600441524091,0.966098848816165
14,86,"D1",13,0.261540544199269,0.970104287369641
14,86,"D1",14,0.254591399305086,0.973429951690821
14,86,"D3",1,1,NA
14,86,"D3",2,0.585962224887643,0.585962224887643
14,86,"D3",3,0.460505209612856,0.785895728519286
14,86,"D3",4,0.402015404846891,0.872987745751808
14,86,"D3",5,0.365136201390193,0.908264203281606
14,86,"D3",6,0.341391696411798,0.934970827630916
14,86,"D3",7,0.323691151606237,0.948151800434508
14,86,"D3",8,0.309654330264888,0.956635140405616
14,86,"D3",9,0.297150854781138,0.959621183165584
14,86,"D3",10,0.287803494270148,0.968543383400749
14,86,"D3",11,0.279534386335063,0.971268215641177
14,86,"D3",12,0.272344976083469,0.974280766148835
14,86,"D3",13,0.266015404846891,0.976758993950971
14,86,"D3",14,0.260379485252677,0.978813559322034
14,86,"D5",1,1,NA
14,86,"D5",2,0.548532977956437,0.548532977956437
14,86,"D5",3,0.398673890721604,0.726800223036482
14,86,"D5",4,0.32527634194831,0.815895772255254
14,86,"D5",5,0.27803578528827,0.854767929394795
14,86,"D5",6,0.24617097415507,0.885393129880159
14,86,"D5",7,0.225212723658052,0.914863031399406
14,86,"D5",8,0.203642147117296,0.904221323776063
14,86,"D5",9,0.189681908548708,0.93144720399875
14,86,"D5",10,0.17586083499006,0.927135520385704
14,86,"D5",11,0.166233369016669,0.945255201512408
14,86,"D5",12,0.157297970419243,0.94624786437114
14,86,"D5",13,0.149673388241977,0.951527777777778
14,86,"D5",14,0.143141153081511,0.956356736242884
14,86,"D6",1,1,NA
14,86,"D6",2,0.451658918005072,0.451658918005072
14,86,"D6",3,0.299159974640744,0.662358170546263
14,86,"D6",4,0.230211538461538,0.769526534216336
14,86,"D6",5,0.193466346153846,0.84038509731852
14,86,"D6",6,0.169740384615385,0.877363882607291
14,86,"D6",7,0.153509615384615,0.90437885911743
14,86,"D6",8,0.142153846153846,0.926025681177576
14,86,"D6",9,0.133677884615385,0.94037472943723
14,86,"D6",10,0.126350961538462,0.945189714080201
14,86,"D6",11,0.120271555367709,0.951884765286082
14,86,"D6",12,0.115014792899408,0.956292554359763
14,86,"D6",13,0.110233516483516,0.958429030776298
14,86,"D6",14,0.105769230769231,0.959501557632399
14,86,"D7",1,1,NA
14,86,"D7",2,0.321570943451942,0.321570943451942
14,86,"D7",3,0.182194005610512,0.566574839302112
14,86,"D7",4,0.123456174024312,0.67760831982712
14,86,"D7",5,0.0938886756238004,0.760502067764638
14,86,"D7",6,0.0766103646833013,0.815970234688037
14,86,"D7",7,0.0645271912987844,0.842277563428037
14,86,"D7",8,0.0571375559820857,0.885480288728484
14,86,"D7",9,0.0512168905950096,0.896378742749647
14,86,"D7",10,0.0468816378758797,0.915355019237496
14,86,"D7",11,0.0439736207490526,0.937971085086102
14,86,"D7",12,0.0410453270338107,0.933407946278679
14,86,"D7",13,0.0383877159309021,0.935251798561151
14,86,"D7",14,0.035828534868842,0.933333333333333
14,87,"D0",1,1,NA
14,87,"D0",2,0.830800464603281,0.830800464603281
14,87,"D0",3,0.743340848974652,0.894728494560493
14,87,"D0",4,0.690497906357061,0.92891155828382
14,87,"D0",5,0.653845535676522,0.946918925686667
14,87,"D0",6,0.625486105824134,0.956626713336745
14,87,"D0",7,0.603579833354481,0.964977203704966
14,87,"D0",8,0.586224167829802,0.971245451611226
14,87,"D0",9,0.571235883771095,0.974432504012598
14,87,"D0",10,0.55790796430233,0.976668273392108
14,87,"D0",11,0.546156123620912,0.97893587933251
14,87,"D0",12,0.535692789213916,0.980841861961326
14,87,"D0",13,0.526202258596625,0.982283631946553
14,87,"D0",14,0.517531616123165,0.983522224901535
14,87,"D1",1,1,NA
14,87,"D1",2,0.686104834202844,0.686104834202844
14,87,"D1",3,0.542404709590306,0.790556606732705
14,87,"D1",4,0.459037769053743,0.846301222938251
14,87,"D1",5,0.408555390099725,0.890025652882371
14,87,"D1",6,0.366785975362123,0.897763153418667
14,87,"D1",7,0.341167005099048,0.930152808493341
14,87,"D1",8,0.320488876855738,0.939390011536118
14,87,"D1",9,0.305055457786201,0.951844135057194
14,87,"D1",10,0.28991263932133,0.950360440771122
14,87,"D1",11,0.279060928241922,0.962569030778335
14,87,"D1",12,0.269600441524091,0.966098848816165
14,87,"D1",13,0.261540544199269,0.970104287369641
14,87,"D1",14,0.254591399305086,0.973429951690821
14,87,"D3",1,1,NA
14,87,"D3",2,0.590853739051336,0.590853739051336
14,87,"D3",3,0.46611599348582,0.78888557806913
14,87,"D3",4,0.405727636849132,0.870443500157381
14,87,"D3",5,0.371468624833111,0.915561551877324
14,87,"D3",6,0.345663551401869,0.930532293426302
14,87,"D3",7,0.329172229639519,0.952290828189817
14,87,"D3",8,0.313228304405875,0.951563577367674
14,87,"D3",9,0.301610146862483,0.962908340721544
14,87,"D3",10,0.29150867823765,0.966508193673475
14,87,"D3",11,0.282728619844775,0.96988062775367
14,87,"D3",12,0.27494534837659,0.972470875171895
14,87,"D3",13,0.267976349418272,0.974653148345784
14,87,"D3",14,0.261682242990654,0.976512455516014
14,87,"D5",1,1,NA
14,87,"D5",2,0.560771814971143,0.560771814971143
14,87,"D5",3,0.411534154535274,0.733870967741936
14,87,"D5",4,0.337991041433371,0.821295238095238
14,87,"D5",5,0.291558230683091,0.862621179089939
14,87,"D5",6,0.257334266517357,0.882617053596634
14,87,"D5",7,0.232728443449048,0.904381863319981
14,87,"D5",8,0.21443281075028,0.921386348709139
14,87,"D5",9,0.196729003359463,0.917438906252856
14,87,"D5",10,0.184504479283315,0.937861098936128
14,87,"D5",11,0.173507623395641,0.940397892070755
14,87,"D5",12,0.164053751399776,0.945513218319474
14,87,"D5",13,0.155935050391937,0.950511945392491
14,87,"D5",14,0.148936170212766,0.955116696588869
14,87,"D6",1,1,NA
14,87,"D6",2,0.460367786937223,0.460367786937223
14,87,"D6",3,0.303448612262816,0.659143886416614
14,87,"D6",4,0.235944831959417,0.77754460697637
14,87,"D6",5,0.1984013950539,0.840880443984573
14,87,"D6",6,0.175852251109702,0.886345839765532
14,87,"D6",7,0.158793912492074,0.902996188504935
14,87,"D6",8,0.14689790741915,0.925085257449544
14,87,"D6",9,0.136630944831959,0.930108176708769
14,87,"D6",10,0.128516804058339,0.940612715636269
14,87,"D6",11,0.121896492854007,0.948486804874744
14,87,"D6",12,0.116043119847812,0.951980792316927
14,87,"D6",13,0.110970196575777,0.956284153005464
14,87,"D6",14,0.106531388712746,0.96
14,87,"D7",1,1,NA
14,87,"D7",2,0.339085239085239,0.339085239085239
14,87,"D7",3,0.198752598752599,0.586143470263642
14,87,"D7",4,0.138647297297297,0.697587343096234
14,87,"D7",5,0.101452702702703,0.731732278092379
14,87,"D7",6,0.0796013513513514,0.784615384615385
14,87,"D7",7,0.0685527027027027,0.861200237670826
14,87,"D7",8,0.0574094594594595,0.83744997930178
14,87,"D7",9,0.050872972972973,0.886142692371066
14,87,"D7",10,0.0463513513513514,0.911119375232428
14,87,"D7",11,0.0433471933471933,0.935187261717874
14,87,"D7",12,0.040956340956341,0.94484412470024
14,87,"D7",13,0.0391891891891892,0.956852791878173
14,87,"D7",14,0.0378378378378378,0.96551724137931
14,88,"D0",1,1,NA
14,88,"D0",2,0.830800464603281,0.830800464603281
14,88,"D0",3,0.743340848974652,0.894728494560493
14,88,"D0",4,0.690218415598697,0.928535565549464
14,88,"D0",5,0.652864357315062,0.945880814768996
14,88,"D0",6,0.624999957704183,0.957319772018996
14,88,"D0",7,0.603632533942393,0.965812119667529
14,88,"D0",8,0.585365562745845,0.969738259339262
14,88,"D0",9,0.570537749016622,0.974669138957086
14,88,"D0",10,0.55760005075498,0.977323677032867
14,88,"D0",11,0.546156123620912,0.97947645966213
14,88,"D0",12,0.535692789213916,0.980841861961326
14,88,"D0",13,0.526202258596625,0.982283631946553
14,88,"D0",14,0.517531616123165,0.983522224901535
14,88,"D1",1,1,NA
14,88,"D1",2,0.686104834202844,0.686104834202844
14,88,"D1",3,0.542404709590306,0.790556606732705
14,88,"D1",4,0.456537972113172,0.8416924927846
14,88,"D1",5,0.405310139434141,0.887790642162988
14,88,"D1",6,0.36723198411624,0.906051806720004
14,88,"D1",7,0.342843012499436,0.933587016731407
14,88,"D1",8,0.322285546681106,0.940038253460501
14,88,"D1",9,0.306460448535716,0.950897276317982
14,88,"D1",10,0.290865303912278,0.949112047907154
14,88,"D1",11,0.279060928241922,0.959416350071384
14,88,"D1",12,0.269600441524091,0.966098848816165
14,88,"D1",13,0.261540544199269,0.970104287369641
14,88,"D1",14,0.254591399305086,0.973429951690821
14,88,"D3",1,1,NA
14,88,"D3",2,0.583989827387129,0.583989827387129
14,88,"D3",3,0.458045279819933,0.784337771548704
14,88,"D3",4,0.397352080562417,0.867495197677016
14,88,"D3",5,0.363308379251378,0.914323586118252
14,88,"D3",6,0.338654759642789,0.932141340479433
14,88,"D3",7,0.319334600038001,0.942950278846909
14,88,"D3",8,0.303906137184116,0.951685589810658
14,88,"D3",9,0.291885236557097,0.960445350862605
14,88,"D3",10,0.281263537906137,0.963610017497813
14,88,"D3",11,0.271993159794794,0.967040242114721
14,88,"D3",12,0.263786375129715,0.969827238775894
14,88,"D3",13,0.256507695230857,0.972406914893617
14,88,"D3",14,0.250047501425043,0.974814814814815
14,88,"D5",1,1,NA
14,88,"D5",2,0.558772065826486,0.558772065826486
14,88,"D5",3,0.416376885423819,0.7451641033772
14,88,"D5",4,0.343638928879931,0.825307409968615
14,88,"D5",5,0.300744025338324,0.875174492944033
14,88,"D5",6,0.269446587964296,0.895933302951505
14,88,"D5",7,0.245348689893464,0.910565213488525
14,88,"D5",8,0.227466743449467,0.927116193480547
14,88,"D5",9,0.21030233227757,0.924541008010208
14,88,"D5",10,0.198442844802764,0.943607437224459
14,88,"D5",11,0.184633103723228,0.930409478390302
14,88,"D5",12,0.174356021174334,0.944337811900192
14,88,"D5",13,0.165274978404837,0.947916666666667
14,88,"D5",14,0.157212784336309,0.951219512195122
14,88,"D6",1,1,NA
14,88,"D6",2,0.456687006101831,0.456687006101831
14,88,"D6",3,0.296238871661498,0.648669368086737
14,88,"D6",4,0.226967490247074,0.766163768360628
14,88,"D6",5,0.187243172951886,0.824977941766263
14,88,"D6",6,0.166529908972692,0.8893777345649
14,88,"D6",7,0.150208712613784,0.901992402088059
14,88,"D6",8,0.140341352405722,0.93430900221192
14,88,"D6",9,0.132408322496749,0.943473325766175
14,88,"D6",10,0.126145643693108,0.952701773683487
14,88,"D6",11,0.122199159747924,0.96871486141222
14,88,"D6",12,0.118785635690707,0.972065895835465
14,88,"D6",13,0.116059817945384,0.977052631578947
14,88,"D6",14,0.113784135240572,0.980392156862745
14,88,"D7",1,1,NA
14,88,"D7",2,0.335429985564034,0.335429985564034
14,88,"D7",3,0.198417199422561,0.591530894558869
14,88,"D7",4,0.140459785522788,0.707901260231259
14,88,"D7",5,0.108856568364611,0.775001670118244
14,88,"D7",6,0.0871809651474531,0.800879234548746
14,88,"D7",7,0.0756018766756032,0.867183295662469
14,88,"D7",8,0.0663967828418231,0.878242522030532
14,88,"D7",9,0.0601849865951743,0.906444318824195
14,88,"D7",10,0.0549959785522788,0.913782351106953
14,88,"D7",11,0.0523819344194679,0.952468449482611
14,88,"D7",12,0.0500103114044133,0.954724409448819
14,88,"D7",13,0.0482573726541555,0.964948453608247
14,88,"D7",14,0.046916890080429,0.972222222222222
14,89,"D0",1,1,NA
14,89,"D0",2,0.830800464603281,0.830800464603281
14,89,"D0",3,0.743340848974652,0.894728494560493
14,89,"D0",4,0.687854586981348,0.925355559202968
14,89,"D0",5,0.653508015057311,0.950067103463296
14,89,"D0",6,0.625859747071015,0.957692534216476
14,89,"D0",7,0.603502262826207,0.96427716537221
14,89,"D0",8,0.586409508099649,0.971677397452477
14,89,"D0",9,0.570822569047921,0.973419702722352
14,89,"D0",10,0.558202850738062,0.97789204738189
14,89,"D0",11,0.546156123620912,0.978418728780727
14,89,"D0",12,0.535692789213916,0.980841861961326
14,89,"D0",13,0.526202258596625,0.982283631946553
14,89,"D0",14,0.517531616123165,0.983522224901535
14,89,"D1",1,1,NA
14,89,"D1",2,0.686104834202844,0.686104834202844
14,89,"D1",3,0.542404709590306,0.790556606732705
14,89,"D1",4,0.46251297324128,0.852708254673211
14,89,"D1",5,0.406695546229863,0.879317056513574
14,89,"D1",6,0.369137945038581,0.907651801109092
14,89,"D1",7,0.340864401425928,0.923406563880346
14,89,"D1",8,0.321715085059338,0.943821307574264
14,89,"D1",9,0.304132484996164,0.945347293677786
14,89,"D1",10,0.288819728351609,0.949651032362594
14,89,"D1",11,0.279060928241922,0.966211449039913
14,89,"D1",12,0.269600441524091,0.966098848816165
14,89,"D1",13,0.261540544199269,0.970104287369641
14,89,"D1",14,0.254591399305086,0.973429951690821
14,89,"D3",1,1,NA
14,89,"D3",2,0.583874948580831,0.583874948580831
14,89,"D3",3,0.452714932126697,0.77536282936452
14,89,"D3",4,0.389132620320856,0.859553314251965
14,89,"D3",5,0.353376470588235,0.908113203917117
14,89,"D3",6,0.328465953654189,0.929507143210243
14,89,"D3",7,0.309005704099822,0.940754134978461
14,89,"D3",8,0.295135472370766,0.955113347277969
14,89,"D3",9,0.283486274509804,0.960529319748023
14,89,"D3",10,0.273212121212121,0.963757845717757
14,89,"D3",11,0.265233785822021,0.970798018203937
14,89,"D3",12,0.257644316467846,0.971385736810815
14,89,"D3",13,0.250802139037433,0.973443320915381
14,89,"D3",14,0.244563279857398,0.975124378109453
14,89,"D5",1,1,NA
14,89,"D5",2,0.556800363595046,0.556800363595046
14,89,"D5",3,0.41105556186797,0.738245857481022
14,89,"D5",4,0.336483899556869,0.818584957293308
14,89,"D5",5,0.292171935007386,0.868308811780179
14,89,"D5",6,0.262438995568685,0.89823478617839
14,89,"D5",7,0.237065288035451,0.903315787814795
14,89,"D5",8,0.216571935007386,0.913553969887821
14,89,"D5",9,0.202592614475628,0.93545183714002
14,89,"D5",10,0.189883013293944,0.937265229462682
14,89,"D5",11,0.177707078741052,0.935876651935984
14,89,"D5",12,0.168253607544597,0.946803069053709
14,89,"D5",13,0.160118168389956,0.951647757968665
14,89,"D5",14,0.153028064992614,0.955719557195572
14,89,"D6",1,1,NA
14,89,"D6",2,0.45127864835894,0.45127864835894
14,89,"D6",3,0.296309529886172,0.656599932134374
14,89,"D6",4,0.228487060384871,0.771109388458226
14,89,"D6",5,0.189325149303252,0.828603374669648
14,89,"D6",6,0.166857332448573,0.881326823523639
14,89,"D6",7,0.150553417385534,0.902288291297812
14,89,"D6",8,0.137942269409423,0.916234727878563
14,89,"D6",9,0.127676841406768,0.925581708590093
14,89,"D6",10,0.120811546118115,0.946229126496162
14,89,"D6",11,0.114593435761319,0.948530495994835
14,89,"D6",12,0.109591138788219,0.956347438752784
14,89,"D6",13,0.105507631055076,0.962738705170005
14,89,"D6",14,0.102189781021898,0.968553459119497
14,89,"D7",1,1,NA
14,89,"D7",2,0.351968985921241,0.351968985921241
14,89,"D7",3,0.219470516221179,0.623550724637681
14,89,"D7",4,0.166616710875332,0.759175828006973
14,89,"D7",5,0.128933687002653,0.773834066974982
14,89,"D7",6,0.108806366047745,0.84389400921659
14,89,"D7",7,0.095474801061008,0.877474402730375
14,89,"D7",8,0.0845291777188329,0.885355892648775
14,89,"D7",9,0.0742984084880637,0.87896760021966
14,89,"D7",10,0.0666206896551724,0.89666375109334
14,89,"D7",11,0.0603193225872271,0.905414262437674
14,89,"D7",12,0.0549887778004489,0.911627906976744
14,89,"D7",13,0.0503978779840849,0.916512059369202
14,89,"D7",14,0.0464190981432361,0.921052631578947
14,90,"D0",1,1,NA
14,90,"D0",2,0.830800464603281,0.830800464603281
14,90,"D0",3,0.743340848974652,0.894728494560493
14,90,"D0",4,0.690568963329527,0.929007149656961
14,90,"D0",5,0.652614473628558,0.945038813331584
14,90,"D0",6,0.62526405278518,0.958090998669844
14,90,"D0",7,0.60337613670008,0.964994123702456
14,90,"D0",8,0.586273907710527,0.97165577498128
14,90,"D0",9,0.570970604407224,0.973897348829552
14,90,"D0",10,0.557531362348264,0.976462462418861
14,90,"D0",11,0.546156123620912,0.979597132115689
14,90,"D0",12,0.535692789213916,0.980841861961326
14,90,"D0",13,0.526202258596625,0.982283631946553
14,90,"D0",14,0.517531616123165,0.983522224901535
14,90,"D1",1,1,NA
14,90,"D1",2,0.686104834202844,0.686104834202844
14,90,"D1",3,0.542404709590306,0.790556606732705
14,90,"D1",4,0.460334732187176,0.848692358395781
14,90,"D1",5,0.405857226659447,0.881656756011237
14,90,"D1",6,0.370885339109246,0.913832044243614
14,90,"D1",7,0.339729163846397,0.91599512847373
14,90,"D1",8,0.32029935472226,0.942807944704677
14,90,"D1",9,0.302943549478814,0.945813798911661
14,90,"D1",10,0.29059870944452,0.959250361806572
14,90,"D1",11,0.279060928241922,0.960296516028401
14,90,"D1",12,0.269600441524091,0.966098848816165
14,90,"D1",13,0.261540544199269,0.970104287369641
14,90,"D1",14,0.254591399305086,0.973429951690821
14,90,"D3",1,1,NA
14,90,"D3",2,0.583895312608184,0.583895312608184
14,90,"D3",3,0.454753167624455,0.778826542712138
14,90,"D3",4,0.392854365436544,0.863884835566382
14,90,"D3",5,0.355176597659766,0.904092276701801
14,90,"D3",6,0.331831503150315,0.93427186739422
14,90,"D3",7,0.312148334833483,0.940683243965792
14,90,"D3",8,0.297661926192619,0.953591267278129
14,90,"D3",9,0.285103510351035,0.957809801198903
14,90,"D3",10,0.276035643564356,0.968194475138122
14,90,"D3",11,0.268150661219968,0.97143491238098
14,90,"D3",12,0.261663089385862,0.975806243383511
14,90,"D3",13,0.256345634563456,0.979678238780694
14,90,"D3",14,0.252025202520252,0.98314606741573
14,90,"D5",1,1,NA
14,90,"D5",2,0.561381993487546,0.561381993487546
14,90,"D5",3,0.415422675180784,0.74
14,90,"D5",4,0.342584387025838,0.824664630732427
14,90,"D5",5,0.294858163826278,0.860687687451558
14,90,"D5",6,0.263183067619571,0.892575142584931
14,90,"D5",7,0.240832325453546,0.915075303406931
14,90,"D5",8,0.222056624518966,0.922038285769071
14,90,"D5",9,0.206201759208356,0.928599899485295
14,90,"D5",10,0.193964266080264,0.940652818991098
14,90,"D5",11,0.184167124793843,0.949489968000771
14,90,"D5",12,0.175413371675054,0.952468427095293
14,90,"D5",13,0.167949422759758,0.9574493731919
14,90,"D5",14,0.161627267729522,0.962356792144026
14,90,"D6",1,1,NA
14,90,"D6",2,0.438287914244735,0.438287914244735
14,90,"D6",3,0.27808812058076,0.634487311976117
14,90,"D6",4,0.209519136408243,0.753427136587793
14,90,"D6",5,0.171952240758914,0.820699453551913
14,90,"D6",6,0.144387307818122,0.839694249873492
14,90,"D6",7,0.125294733398757,0.867768332910429
14,90,"D6",8,0.114541707556428,0.914178149786177
14,90,"D6",9,0.103280340202813,0.901683259365879
14,90,"D6",10,0.0932692181877658,0.903068463994324
14,90,"D6",11,0.0863843385923857,0.926182724277588
14,90,"D6",12,0.0797664880098639,0.923390620448587
14,90,"D6",13,0.0739286882564606,0.926813880126183
14,90,"D6",14,0.0686947988223749,0.929203539823009
14,90,"D7",1,1,NA
14,90,"D7",2,0.333994671503883,0.333994671503883
14,90,"D7",3,0.192222663114336,0.575526137135098
14,90,"D7",4,0.130271186440678,0.677709820112061
14,90,"D7",5,0.0980825350036846,0.752910430030886
14,90,"D7",6,0.0775003684598379,0.790154622909435
14,90,"D7",7,0.0623139277818718,0.804046858359957
14,90,"D7",8,0.0542461311717023,0.870529801324503
14,90,"D7",9,0.0478393515106853,0.881894256371244
14,90,"D7",10,0.0422991893883567,0.88419236575372
14,90,"D7",11,0.038801655234964,0.917314392924149
14,90,"D7",12,0.035712261209682,0.920379839298758
14,90,"D7",13,0.0331613854089904,0.928571428571429
14,90,"D7",14,0.0309506263817244,0.933333333333333
14,91,"D0",1,1,NA
14,91,"D0",2,0.830800464603281,0.830800464603281
14,91,"D0",3,0.743340848974652,0.894728494560493
14,91,"D0",4,0.690867402613881,0.929408633424154
14,91,"D0",5,0.652660068519223,0.944696574262874
14,91,"D0",6,0.625939686165038,0.959059265852116
14,91,"D0",7,0.60371188089498,0.964488902427257
14,91,"D0",8,0.586206403586685,0.971003589854248
14,91,"D0",9,0.570768092035698,0.973664034618986
14,91,"D0",10,0.557800194560758,0.977279918664184
14,91,"D0",11,0.546156123620912,0.979125014560071
14,91,"D0",12,0.535692789213916,0.980841861961326
14,91,"D0",13,0.526202258596625,0.982283631946553
14,91,"D0",14,0.517531616123165,0.983522224901535
14,91,"D1",1,1,NA
14,91,"D1",2,0.686104834202844,0.686104834202844
14,91,"D1",3,0.542404709590306,0.790556606732705
14,91,"D1",4,0.460238707639547,0.848515323525083
14,91,"D1",5,0.409159965705519,0.889016849112934
14,91,"D1",6,0.369612382112721,0.903344444941954
14,91,"D1",7,0.34284743468255,0.927586442647888
14,91,"D1",8,0.320186904923063,0.933904916685554
14,91,"D1",9,0.30557348495104,0.954359720065584
14,91,"D1",10,0.290607553810749,0.951023462841714
14,91,"D1",11,0.279060928241922,0.960267290311572
14,91,"D1",12,0.269600441524091,0.966098848816165
14,91,"D1",13,0.261540544199269,0.970104287369641
14,91,"D1",14,0.254591399305086,0.973429951690821
14,91,"D3",1,1,NA
14,91,"D3",2,0.57621187983614,0.57621187983614
14,91,"D3",3,0.446276172052799,0.774500123426314
14,91,"D3",4,0.386889792899408,0.866929083665339
14,91,"D3",5,0.349308801775148,0.902863834058213
14,91,"D3",6,0.325593195266272,0.932107045718987
14,91,"D3",7,0.30824075443787,0.946705148999777
14,91,"D3",8,0.295048446745562,0.957201286648918
14,91,"D3",9,0.283613905325444,0.961245207198196
14,91,"D3",10,0.273978550295858,0.966026506991858
14,91,"D3",11,0.265774351388257,0.970055324043645
14,91,"D3",12,0.258420573509331,0.972330746588172
14,91,"D3",13,0.251849112426035,0.974570673712021
14,91,"D3",14,0.245931952662722,0.976505139500734
14,91,"D5",1,1,NA
14,91,"D5",2,0.55889097352512,0.55889097352512
14,91,"D5",3,0.413425057327496,0.739723983588213
14,91,"D5",4,0.342115989159892,0.827516337232755
14,91,"D5",5,0.296314363143631,0.86612252140354
14,91,"D5",6,0.265958265582656,0.897554417413572
14,91,"D5",7,0.243061246612466,0.913907473715745
14,91,"D5",8,0.226849322493225,0.933301073926074
14,91,"D5",9,0.213691598915989,0.941997959559131
14,91,"D5",10,0.203739837398374,0.95342932727305
14,91,"D5",11,0.194996873045654,0.957087605132298
14,91,"D5",12,0.188159266208047,0.964934787256788
14,91,"D5",13,0.182655826558266,0.970751163306005
14,91,"D5",14,0.178319783197832,0.976261127596439
14,91,"D6",1,1,NA
14,91,"D6",2,0.455642990797939,0.455642990797939
14,91,"D6",3,0.300758721451824,0.660075382538254
14,91,"D6",4,0.231501499500167,0.769724975497507
14,91,"D6",5,0.191726757747418,0.82818797356118
14,91,"D6",6,0.167304898367211,0.87262153876101
14,91,"D6",7,0.149376874375208,0.892842205058138
14,91,"D6",8,0.1363892035988,0.913054341036852
14,91,"D6",9,0.126699766744419,0.928957449719524
14,91,"D6",10,0.119366211262912,0.942118634706727
14,91,"D6",11,0.113334016866173,0.949464808064878
14,91,"D6",12,0.108784251403378,0.959855252742282
14,91,"D6",13,0.105298233922026,0.967954759660697
14,91,"D6",14,0.102632455848051,0.974683544303797
14,91,"D7",1,1,NA
14,91,"D7",2,0.365621344622069,0.365621344622069
14,91,"D7",3,0.227065114465549,0.621039000609385
14,91,"D7",4,0.166560463432295,0.733536121673004
14,91,"D7",5,0.133714699493121,0.802799756542909
14,91,"D7",6,0.113490224475018,0.848749052312358
14,91,"D7",7,0.0987907313540912,0.870477891916034
14,91,"D7",8,0.0888660391020999,0.899538224730631
14,91,"D7",9,0.0804822592324403,0.905658224960073
14,91,"D7",10,0.0746024619840695,0.926942939916866
14,91,"D7",11,0.0695426948142372,0.932176941145551
14,91,"D7",12,0.0658385785105553,0.94673608329996
14,91,"D7",13,0.0629978276611151,0.956852791878173
14,91,"D7",14,0.0608254887762491,0.96551724137931
14,92,"D0",1,1,NA
14,92,"D0",2,0.830800464603281,0.830800464603281
14,92,"D0",3,0.743340848974652,0.894728494560493
14,92,"D0",4,0.689661802647718,0.927786766459858
14,92,"D0",5,0.651973184452058,0.945352028993098
14,92,"D0",6,0.624546377363279,0.95793261480251
14,92,"D0",7,0.603101975214651,0.965664035649103
14,92,"D0",8,0.585748678255721,0.971226595713346
14,92,"D0",9,0.570808949794865,0.974494644178552
14,92,"D0",10,0.557844605168549,0.977287769172198
14,92,"D0",11,0.546156123620912,0.979047065366698
14,92,"D0",12,0.535692789213916,0.980841861961326
14,92,"D0",13,0.526202258596625,0.982283631946553
14,92,"D0",14,0.517531616123165,0.983522224901535
14,92,"D1",1,1,NA
14,92,"D1",2,0.686104834202844,0.686104834202844
14,92,"D1",3,0.542404709590306,0.790556606732705
14,92,"D1",4,0.464057578629123,0.855555953744648
14,92,"D1",5,0.404910247732503,0.872543120465034
14,92,"D1",6,0.368158115608501,0.90923388002696
14,92,"D1",7,0.343527819141736,0.933098591549296
14,92,"D1",8,0.320134470466134,0.93190260767222
14,92,"D1",9,0.304965750643022,0.952617661568821
14,92,"D1",10,0.289481160597446,0.949225150650766
14,92,"D1",11,0.279060928241922,0.964003763374382
14,92,"D1",12,0.269600441524091,0.966098848816165
14,92,"D1",13,0.261540544199269,0.970104287369641
14,92,"D1",14,0.254591399305086,0.973429951690821
14,92,"D3",1,1,NA
14,92,"D3",2,0.580467754178423,0.580467754178423
14,92,"D3",3,0.454205634246595,0.782482112015791
14,92,"D3",4,0.393952336622603,0.867343570662799
14,92,"D3",5,0.355304412586111,0.901896954418839
14,92,"D3",6,0.333197914727239,0.937781527400778
14,92,"D3",7,0.313953453733011,0.94224315296216
14,92,"D3",8,0.298975982126233,0.952293974063066
14,92,"D3",9,0.286070750325824,0.956835222319093
14,92,"D3",10,0.276572332898901,0.966796963981449
14,92,"D3",11,0.267440528192716,0.966982219043856
14,92,"D3",12,0.259942998725348,0.971965619728492
14,92,"D3",13,0.253397877490225,0.974820936639119
14,92,"D3",14,0.247626140383541,0.97722263041881
14,92,"D5",1,1,NA
14,92,"D5",2,0.554159704602183,0.554159704602183
14,92,"D5",3,0.405233409658188,0.731257444907683
14,92,"D5",4,0.331626173236793,0.818358420932067
14,92,"D5",5,0.285361222847949,0.860490654470118
14,92,"D5",6,0.254211316706892,0.890840437848648
14,92,"D5",7,0.231137034057388,0.909231882559702
14,92,"D5",8,0.211205148833467,0.913765938439048
14,92,"D5",9,0.196097613301153,0.928469852104664
14,92,"D5",10,0.183111289890051,0.933776229131567
14,92,"D5",11,0.171679353095282,0.93756836729383
14,92,"D5",12,0.162014976174268,0.943706818864524
14,92,"D5",13,0.153660498793242,0.948433919022154
14,92,"D5",14,0.146419951729686,0.952879581151832
14,92,"D6",1,1,NA
14,92,"D6",2,0.462627813126687,0.462627813126687
14,92,"D6",3,0.304869896759179,0.658996039815905
14,92,"D6",4,0.235355004827808,0.77198505765795
14,92,"D6",5,0.19490505310589,0.828132179506816
14,92,"D6",6,0.171582233665916,0.880337533233152
14,92,"D6",7,0.155149018345671,0.90422542608787
14,92,"D6",8,0.144402317347924,0.930733039033457
14,92,"D6",9,0.135421950434503,0.937810091428215
14,92,"D6",10,0.129726424203412,0.957942370399947
14,92,"D6",11,0.125089747716075,0.964258041368149
14,92,"D6",12,0.12166076601223,0.972587827808016
14,92,"D6",13,0.119085934985517,0.978835978835979
14,92,"D6",14,0.117154811715481,0.983783783783784
14,92,"D7",1,1,NA
14,92,"D7",2,0.366679387232187,0.366679387232187
14,92,"D7",3,0.221256064983918,0.603404698186143
14,92,"D7",4,0.160102055279943,0.72360527288407
14,92,"D7",5,0.124958185683912,0.78049082796232
14,92,"D7",6,0.102841956059532,0.823010957598857
14,92,"D7",7,0.0885145287030475,0.860684997588037
14,92,"D7",8,0.0793068745570517,0.895975787467773
14,92,"D7",9,0.0747923458540043,0.943075190791943
14,92,"D7",10,0.0700297661233168,0.936322631997877
14,92,"D7",11,0.0664831270784495,0.949355263608593
14,92,"D7",12,0.063893583383307,0.961049610496105
14,92,"D7",13,0.0616583982990787,0.965017064846416
14,92,"D7",14,0.0595322466335932,0.96551724137931
14,93,"D0",1,1,NA
14,93,"D0",2,0.830800464603281,0.830800464603281
14,93,"D0",3,0.743340848974652,0.894728494560493
14,93,"D0",4,0.689482383792243,0.927545398242677
14,93,"D0",5,0.652481833946623,0.946335757496642
14,93,"D0",6,0.62519181152984,0.958175046419736
14,93,"D0",7,0.602662014126803,0.963963383736734
14,93,"D0",8,0.585782430317642,0.971991624802141
14,93,"D0",9,0.57110324408916,0.974940890220073
14,93,"D0",10,0.557620775705283,0.976392239891091
14,93,"D0",11,0.546156123620912,0.979440055708344
14,93,"D0",12,0.535692789213916,0.980841861961326
14,93,"D0",13,0.526202258596625,0.982283631946553
14,93,"D0",14,0.517531616123165,0.983522224901535
14,93,"D1",1,1,NA
14,93,"D1",2,0.686104834202844,0.686104834202844
14,93,"D1",3,0.542404709590306,0.790556606732705
14,93,"D1",4,0.461438382744461,0.85072709470572
14,93,"D1",5,0.407996299805965,0.88418370699758
14,93,"D1",6,0.369392536437886,0.905382074821663
14,93,"D1",7,0.343176571454357,0.929029521721433
14,93,"D1",8,0.32276440593836,0.940519932845382
14,93,"D1",9,0.305073778259104,0.945190277013895
14,93,"D1",10,0.289496954108569,0.948940796421693
14,93,"D1",11,0.279060928241922,0.963951172133115
14,93,"D1",12,0.269600441524091,0.966098848816165
14,93,"D1",13,0.261540544199269,0.970104287369641
14,93,"D1",14,0.254591399305086,0.973429951690821
14,93,"D3",1,1,NA
14,93,"D3",2,0.592084386202033,0.592084386202033
14,93,"D3",3,0.468311100664042,0.790953302565629
14,93,"D3",4,0.410237967914439,0.875994541518963
14,93,"D3",5,0.372090909090909,0.907012364025054
14,93,"D3",6,0.348922459893048,0.937734438999152
14,93,"D3",7,0.329374331550802,0.943975723579852
14,93,"D3",8,0.314898395721925,0.956050200509798
14,93,"D3",9,0.303494652406417,0.963785959311211
14,93,"D3",10,0.293927807486631,0.968477715030791
14,93,"D3",11,0.285457189868955,0.971181298938306
14,93,"D3",12,0.278515602045014,0.975682560922261
14,93,"D3",13,0.27253628724217,0.978531490663572
14,93,"D3",14,0.267379679144385,0.981079187105816
14,93,"D5",1,1,NA
14,93,"D5",2,0.558792947058693,0.558792947058693
14,93,"D5",3,0.412889095373996,0.738894607649062
14,93,"D5",4,0.337703192407248,0.81790290950008
14,93,"D5",5,0.29274374460742,0.866866974281933
14,93,"D5",6,0.260878343399482,0.891149164431607
14,93,"D5",7,0.239904515386828,0.919603031285209
14,93,"D5",8,0.219051481161921,0.913077775166997
14,93,"D5",9,0.203787172850158,0.93031634284874
14,93,"D5",10,0.193024446361806,0.947186437998894
14,93,"D5",11,0.182606579500454,0.946028251562368
14,93,"D5",12,0.174199685847658,0.953961715531863
14,93,"D5",13,0.167098073051481,0.959232918465837
14,93,"D5",14,0.161058383664078,0.963855421686747
14,93,"D6",1,1,NA
14,93,"D6",2,0.447374369019815,0.447374369019815
14,93,"D6",3,0.292197192295136,0.653137981362973
14,93,"D6",4,0.225462618348025,0.771611173184358
14,93,"D6",5,0.191662422461639,0.850085144339929
14,93,"D6",6,0.170171074110349,0.887868742994777
14,93,"D6",7,0.154306235716618,0.906771239021246
14,93,"D6",8,0.144237022526934,0.934745260663507
14,93,"D6",9,0.13603721841332,0.943150489590265
14,93,"D6",10,0.129990205680705,0.955548835802843
14,93,"D6",11,0.124651548255858,0.958930310196133
14,93,"D6",12,0.120595695522238,0.96746247607535
14,93,"D6",13,0.117205354227881,0.971886713869221
14,93,"D6",14,0.114267058439438,0.974930362116992
14,93,"D7",1,1,NA
14,93,"D7",2,0.333457545914293,0.333457545914293
14,93,"D7",3,0.199574128293851,0.598499361430396
14,93,"D7",4,0.143710726643599,0.720086956521739
14,93,"D7",5,0.107824221453287,0.750286523292658
14,93,"D7",6,0.0858698961937716,0.796387815616857
14,93,"D7",7,0.0707944636678201,0.824438677648652
14,93,"D7",8,0.0600595155709343,0.84836458190776
14,93,"D7",9,0.0523764705882353,0.872076141313115
14,93,"D7",10,0.0447515570934256,0.854421013688494
14,93,"D7",11,0.0394463667820069,0.881452386107073
14,93,"D7",12,0.0352408836837903,0.893387314439946
14,93,"D7",13,0.0318339100346021,0.903323262839879
14,93,"D7",14,0.0290657439446367,0.91304347826087
14,94,"D0",1,1,NA
14,94,"D0",2,0.830800464603281,0.830800464603281
14,94,"D0",3,0.743340848974652,0.894728494560493
14,94,"D0",4,0.688609567313793,0.926371217542593
14,94,"D0",5,0.653717040984647,0.949329013151446
14,94,"D0",6,0.625048513302034,0.956145356652427
14,94,"D0",7,0.603510552806327,0.965541937885869
14,94,"D0",8,0.585928097111196,0.97086636577708
14,94,"D0",9,0.570776974157256,0.974141668527863
14,94,"D0",10,0.557936387091317,0.977503319777575
14,94,"D0",11,0.546156123620912,0.978886009690427
14,94,"D0",12,0.535692789213916,0.980841861961326
14,94,"D0",13,0.526202258596625,0.982283631946553
14,94,"D0",14,0.517531616123165,0.983522224901535
14,94,"D1",1,1,NA
14,94,"D1",2,0.686104834202844,0.686104834202844
14,94,"D1",3,0.542404709590306,0.790556606732705
14,94,"D1",4,0.461405532241325,0.850666530144692
14,94,"D1",5,0.405917242001715,0.879740734858401
14,94,"D1",6,0.371182888858806,0.9144299636753
14,94,"D1",7,0.340335634673526,0.916894730034244
14,94,"D1",8,0.318772438066874,0.936641378657465
14,94,"D1",9,0.304797075944226,0.956158812827739
14,94,"D1",10,0.288929651189026,0.947941020411547
14,94,"D1",11,0.279060928241922,0.965843855393549
14,94,"D1",12,0.269600441524091,0.966098848816165
14,94,"D1",13,0.261540544199269,0.970104287369641
14,94,"D1",14,0.254591399305086,0.973429951690821
14,94,"D3",1,1,NA
14,94,"D3",2,0.594991189809064,0.594991189809064
14,94,"D3",3,0.472284005892718,0.793766385085931
14,94,"D3",4,0.412400675929403,0.873204831804281
14,94,"D3",5,0.378481036425084,0.917750766465463
14,94,"D3",6,0.352815245963199,0.932187380629927
14,94,"D3",7,0.334643634998122,0.948495391928238
14,94,"D3",8,0.319710476905745,0.955375938668426
14,94,"D3",9,0.308026286143447,0.963453838374703
14,94,"D3",10,0.297506571535862,0.965847997132665
14,94,"D3",11,0.289017591495999,0.971466243599129
14,94,"D3",12,0.281232849013547,0.973064814352106
14,94,"D3",13,0.274314682688697,0.975400575184881
14,94,"D3",14,0.268118663161848,0.97741273100616
14,94,"D5",1,1,NA
14,94,"D5",2,0.5510900515139,0.5510900515139
14,94,"D5",3,0.40240615558502,0.730200362861876
14,94,"D5",4,0.330805877366488,0.822069624868339
14,94,"D5",5,0.282745408307432,0.854717003695156
14,94,"D5",6,0.252961288499576,0.894660995606794
14,94,"D5",7,0.229368183102571,0.906732348111658
14,94,"D5",8,0.211586323820288,0.922474603749504
14,94,"D5",9,0.196379768296129,0.928130725797405
14,94,"D5",10,0.182747668833004,0.930582974094517
14,94,"D5",11,0.171973830069337,0.941045273887944
14,94,"D5",12,0.162453539678745,0.94464105156724
14,94,"D5",13,0.153998304605821,0.947952903398448
14,94,"D5",14,0.146369030799661,0.95045871559633
14,94,"D6",1,1,NA
14,94,"D6",2,0.446169855118867,0.446169855118867
14,94,"D6",3,0.289015181835161,0.647769405573496
14,94,"D6",4,0.218857440166493,0.757252400295421
14,94,"D6",5,0.17709053069719,0.809159289090062
14,94,"D6",6,0.15168851890392,0.85655917516727
14,94,"D6",7,0.13373083593479,0.881614751736722
14,94,"D6",8,0.121464446756851,0.908275536511856
14,94,"D6",9,0.107784946236559,0.887378563147163
14,94,"D6",10,0.0970287894554284,0.900207244548567
14,94,"D6",11,0.0894500920515489,0.921892281183608
14,94,"D6",12,0.081699084820833,0.913348247576436
14,94,"D6",13,0.0745750953867499,0.912802090137165
14,94,"D6",14,0.0679847381200139,0.911627906976744
14,94,"D7",1,1,NA
14,94,"D7",2,0.341999804515688,0.341999804515688
14,94,"D7",3,0.200860130974489,0.587310660188625
14,94,"D7",4,0.143958068614994,0.71670802919708
14,94,"D7",5,0.114108005082592,0.792647513129441
14,94,"D7",6,0.0941753494282084,0.825317639722504
14,94,"D7",7,0.0819097839898348,0.869758216849263
14,94,"D7",8,0.0736378653113088,0.89901183624715
14,94,"D7",9,0.0670203303684879,0.910134074163546
14,94,"D7",10,0.0620393900889454,0.925680159256802
14,94,"D7",11,0.0588163424885153,0.948048367403206
14,94,"D7",12,0.0563972241227641,0.958869962609057
14,94,"D7",13,0.0546378653113088,0.968804159445407
14,94,"D7",14,0.0533672172808132,0.976744186046512
14,95,"D0",1,1,NA
14,95,"D0",2,0.830800464603281,0.830800464603281
14,95,"D0",3,0.743340848974652,0.894728494560493
14,95,"D0",4,0.690672588081039,0.929146553742792
14,95,"D0",5,0.652310705071268,0.944457209288768
14,95,"D0",6,0.6256080869602,0.959064571678076
14,95,"D0",7,0.604009728037897,0.965476215265618
14,95,"D0",8,0.585648606352832,0.969601281514603
14,95,"D0",9,0.570903692424819,0.974822933465449
14,95,"D0",10,0.557877172947596,0.977182632289703
14,95,"D0",11,0.546156123620912,0.978989910512463
14,95,"D0",12,0.535692789213916,0.980841861961326
14,95,"D0",13,0.526202258596625,0.982283631946553
14,95,"D0",14,0.517531616123165,0.983522224901535
14,95,"D1",1,1,NA
14,95,"D1",2,0.686104834202844,0.686104834202844
14,95,"D1",3,0.542404709590306,0.790556606732705
14,95,"D1",4,0.461629168358829,0.851078835040925
14,95,"D1",5,0.405044176706827,0.877423274934791
14,95,"D1",6,0.36953404629755,0.912330228524727
14,95,"D1",7,0.342665493434412,0.927290724271984
14,95,"D1",8,0.320806642299535,0.936209359991888
14,95,"D1",9,0.304056676142773,0.94778796961092
14,95,"D1",10,0.291975903614458,0.960268024101392
14,95,"D1",11,0.279060928241922,0.955766982094558
14,95,"D1",12,0.269600441524091,0.966098848816165
14,95,"D1",13,0.261540544199269,0.970104287369641
14,95,"D1",14,0.254591399305086,0.973429951690821
14,95,"D3",1,1,NA
14,95,"D3",2,0.587091724187006,0.587091724187006
14,95,"D3",3,0.461574041130008,0.786204305245806
14,95,"D3",4,0.401050138760407,0.868874986510445
14,95,"D3",5,0.365543755781684,0.91146647377191
14,95,"D3",6,0.340198704902868,0.930664795997903
14,95,"D3",7,0.323929694727105,0.952177918547902
14,95,"D3",8,0.309815726179463,0.956428914121222
14,95,"D3",9,0.298952451433858,0.964936335286888
14,95,"D3",10,0.290397039777983,0.971382032109655
14,95,"D3",11,0.282978723404255,0.974454573023886
14,95,"D3",12,0.276752294883655,0.977996831543742
14,95,"D3",13,0.271415356151711,0.98071582844801
14,95,"D3",14,0.266790009250694,0.98295841854124
14,95,"D5",1,1,NA
14,95,"D5",2,0.552836735613537,0.552836735613537
14,95,"D5",3,0.4130390698932,0.74712667101402
14,95,"D5",4,0.339551259519625,0.822080244388075
14,95,"D5",5,0.303222612770943,0.893009830680418
14,95,"D5",6,0.269620972466315,0.889184912703028
14,95,"D5",7,0.246960164030463,0.91595309434364
14,95,"D5",8,0.228437024018746,0.924995433638311
14,95,"D5",9,0.213292911540715,0.933705525437116
14,95,"D5",10,0.200834797891037,0.941591525195624
14,95,"D5",11,0.191045919516921,0.951259052331028
14,95,"D5",12,0.18214591501059,0.953414317726147
14,95,"D5",13,0.174575278265964,0.958436417615042
14,95,"D5",14,0.16813122437024,0.963087248322148
14,95,"D6",1,1,NA
14,95,"D6",2,0.465743698970536,0.465743698970536
14,95,"D6",3,0.309084951257475,0.663637429643527
14,95,"D6",4,0.240151934682286,0.776977118119975
14,95,"D6",5,0.201451899183529,0.838851868714043
14,95,"D6",6,0.178247781327654,0.884815591464167
14,95,"D6",7,0.161767838125666,0.907544749902414
14,95,"D6",8,0.148647497337593,0.91889400921659
14,95,"D6",9,0.140238551650692,0.943430290872618
14,95,"D6",10,0.132679446219382,0.946098235169041
14,95,"D6",11,0.126812484639961,0.955780931059052
14,95,"D6",12,0.12195188553016,0.96167097329888
14,95,"D6",13,0.117855875044373,0.96641289744738
14,95,"D6",14,0.114305999290025,0.969879518072289
14,95,"D7",1,1,NA
14,95,"D7",2,0.354149133142569,0.354149133142569
14,95,"D7",3,0.210851147393817,0.595373891001267
14,95,"D7",4,0.150129832239241,0.71201809473124
14,95,"D7",5,0.11435886214442,0.76173309753775
14,95,"D7",6,0.0948446389496718,0.829359764264666
14,95,"D7",7,0.0825499635302699,0.87037037037037
14,95,"D7",8,0.072981765134938,0.88409203364671
14,95,"D7",9,0.0681006564551422,0.933118791101161
14,95,"D7",10,0.0646287381473377,0.949017843754686
14,95,"D7",11,0.0628401503675027,0.972325194161187
14,95,"D7",12,0.0617180048252258,0.982142857142857
14,95,"D7",13,0.0612691466083151,0.992727272727273
14,95,"D7",14,0.0612691466083151,1
14,96,"D0",1,1,NA
14,96,"D0",2,0.830800464603281,0.830800464603281
14,96,"D0",3,0.743340848974652,0.894728494560493
14,96,"D0",4,0.690203612062767,0.92851565068006
14,96,"D0",5,0.653712895994586,0.947130505505291
14,96,"D0",6,0.625386626062682,0.956668638318957
14,96,"D0",7,0.603574504081546,0.965122180308746
14,96,"D0",8,0.585536099479761,0.970114038151373
14,96,"D0",9,0.571004356469145,0.975182156960899
14,96,"D0",10,0.557992048386415,0.977211543247772
14,96,"D0",11,0.546156123620912,0.978788363024654
14,96,"D0",12,0.535692789213916,0.980841861961326
14,96,"D0",13,0.526202258596625,0.982283631946553
14,96,"D0",14,0.517531616123165,0.983522224901535
14,96,"D1",1,1,NA
14,96,"D1",2,0.686104834202844,0.686104834202844
14,96,"D1",3,0.542404709590306,0.790556606732705
14,96,"D1",4,0.460859076756464,0.849659061966044
14,96,"D1",5,0.405437119263571,0.879742072385872
14,96,"D1",6,0.371226478949506,0.915620354702093
14,96,"D1",7,0.340946527683769,0.91843267389917
14,96,"D1",8,0.321823744415866,0.943912661619362
14,96,"D1",9,0.303400297820495,0.942752991614058
14,96,"D1",10,0.290563963720049,0.95769175510816
14,96,"D1",11,0.279060928241922,0.960411348568986
14,96,"D1",12,0.269600441524091,0.966098848816165
14,96,"D1",13,0.261540544199269,0.970104287369641
14,96,"D1",14,0.254591399305086,0.973429951690821
14,96,"D3",1,1,NA
14,96,"D3",2,0.588567395906845,0.588567395906845
14,96,"D3",3,0.464428895328759,0.789083626715649
14,96,"D3",4,0.405658403279329,0.873456426504583
14,96,"D3",5,0.370189732578567,0.912565176971477
14,96,"D3",6,0.347638883466719,0.939082996833084
14,96,"D3",7,0.330958032402889,0.952016728113135
14,96,"D3",8,0.316293968377904,0.955692073951134
14,96,"D3",9,0.305496779230919,0.965863436465902
14,96,"D3",10,0.294789771618192,0.964952142409876
14,96,"D3",11,0.286340635745281,0.9713384361115
14,96,"D3",12,0.2785627411823,0.972836916622968
14,96,"D3",13,0.271520593402303,0.97471970677016
14,96,"D3",14,0.26507905524107,0.97627606038821
14,96,"D5",1,1,NA
14,96,"D5",2,0.558277936055714,0.558277936055714
14,96,"D5",3,0.414150047483381,0.741834883193468
14,96,"D5",4,0.341822770919067,0.825359728910291
14,96,"D5",5,0.298682030178327,0.873792080542946
14,96,"D5",6,0.267924279835391,0.897021758140013
14,96,"D5",7,0.245835390946502,0.917555479098572
14,96,"D5",8,0.228417009602195,0.929146160456214
14,96,"D5",9,0.212688614540466,0.931141752143938
14,96,"D5",10,0.200939368998628,0.944758465011287
14,96,"D5",11,0.191474095177799,0.952894876359973
14,96,"D5",12,0.182758256832331,0.954480326242698
14,96,"D5",13,0.175308641975309,0.959237875288684
14,96,"D5",14,0.168998628257888,0.964006259780908
14,96,"D6",1,1,NA
14,96,"D6",2,0.471153846153846,0.471153846153846
14,96,"D6",3,0.312940495368506,0.664200235067849
14,96,"D6",4,0.237770942408377,0.759796018499899
14,96,"D6",5,0.200622382198953,0.843763246117683
14,96,"D6",6,0.173103403141361,0.862831959445573
14,96,"D6",7,0.154361910994764,0.891732387656804
14,96,"D6",8,0.140398560209424,0.90954147499629
14,96,"D6",9,0.130938481675393,0.932619832283747
14,96,"D6",10,0.121565445026178,0.928416485900217
14,96,"D6",11,0.114906363270238,0.945222248357612
14,96,"D6",12,0.109343536045107,0.951588170865279
14,96,"D6",13,0.104712041884817,0.957642725598527
14,96,"D6",14,0.100785340314136,0.9625
14,96,"D7",1,1,NA
14,96,"D7",2,0.336604941256104,0.336604941256104
14,96,"D7",3,0.200527002852584,0.595733984487216
14,96,"D7",4,0.141918290383407,0.707726582278481
14,96,"D7",5,0.110398491514771,0.777901785714286
14,96,"D7",6,0.0911187932118165,0.82536266539136
14,96,"D7",7,0.0773739786297926,0.849154997585707
14,96,"D7",8,0.0689352608422376,0.890935971795746
14,96,"D7",9,0.0617724701445632,0.896093949451111
14,96,"D7",10,0.0560879949717159,0.907977207977208
14,96,"D7",11,0.0514915631194701,0.918049631573322
14,96,"D7",12,0.0483488855581879,0.938967136150235
14,96,"D7",13,0.0458830923947203,0.949
14,96,"D7",14,0.043997485857951,0.958904109589041
14,97,"D0",1,1,NA
14,97,"D0",2,0.830800464603281,0.830800464603281
14,97,"D0",3,0.743340848974652,0.894728494560493
14,97,"D0",4,0.690789832085607,0.929304279508475
14,97,"D0",5,0.653411496003045,0.945890436792171
14,97,"D0",6,0.625165757306602,0.95677189815419
14,97,"D0",7,0.603555555555556,0.965432844811991
14,97,"D0",8,0.586069026773252,0.9710274744034
14,97,"D0",9,0.570498075540329,0.973431540447287
14,97,"D0",10,0.557333587108235,0.976924569956479
14,97,"D0",11,0.546156123620912,0.979944751678581
14,97,"D0",12,0.535692789213916,0.980841861961326
14,97,"D0",13,0.526202258596625,0.982283631946553
14,97,"D0",14,0.517531616123165,0.983522224901535
14,97,"D1",1,1,NA
14,97,"D1",2,0.686104834202844,0.686104834202844
14,97,"D1",3,0.542404709590306,0.790556606732705
14,97,"D1",4,0.461126934705113,0.850152896079046
14,97,"D1",5,0.406579305987997,0.881707997057256
14,97,"D1",6,0.369442443933036,0.908660225673026
14,97,"D1",7,0.34178800595641,0.92514547683742
14,97,"D1",8,0.320216596723975,0.936886582160562
14,97,"D1",9,0.302448896710437,0.944513494318182
14,97,"D1",10,0.291809124136997,0.964821255130495
14,97,"D1",11,0.279060928241922,0.956313237522037
14,97,"D1",12,0.269600441524091,0.966098848816165
14,97,"D1",13,0.261540544199269,0.970104287369641
14,97,"D1",14,0.254591399305086,0.973429951690821
14,97,"D3",1,1,NA
14,97,"D3",2,0.584738204202184,0.584738204202184
14,97,"D3",3,0.457649174623134,0.782656531306261
14,97,"D3",4,0.40039042007223,0.874885047923323
14,97,"D3",5,0.364015966546284,0.909152537866955
14,97,"D3",6,0.340281695495153,0.934798818644365
14,97,"D3",7,0.324591902680099,0.95389175197266
14,97,"D3",8,0.311730849648356,0.960377776138124
14,97,"D3",9,0.301038585820186,0.965700334630882
14,97,"D3",10,0.291985554077172,0.969927337658894
14,97,"D3",11,0.284444314476628,0.974172559240548
14,97,"D3",12,0.277689237202638,0.976251670607587
14,97,"D3",13,0.271621364759551,0.978148694187026
14,97,"D3",14,0.266109104732941,0.979706088173548
14,97,"D5",1,1,NA
14,97,"D5",2,0.552073268075453,0.552073268075453
14,97,"D5",3,0.406051758181742,0.735503386348071
14,97,"D5",4,0.333817039868924,0.822104653268151
14,97,"D5",5,0.291262697979246,0.872521960213933
14,97,"D5",6,0.257872200983069,0.885359514871499
14,97,"D5",7,0.234490442381212,0.909328114807567
14,97,"D5",8,0.214748225013654,0.915808008347463
14,97,"D5",9,0.200985253959585,0.935911130100406
14,97,"D5",10,0.188548880393228,0.93812295518527
14,97,"D5",11,0.176857959080788,0.937995275877228
14,97,"D5",12,0.166743687770449,0.942811330839124
14,97,"D5",13,0.157564172583288,0.944948349710254
14,97,"D5",14,0.149098853085745,0.946273830155979
14,97,"D6",1,1,NA
14,97,"D6",2,0.425678772681927,0.425678772681927
14,97,"D6",3,0.268489309498773,0.630732201672156
14,97,"D6",4,0.200740273396425,0.747665796344647
14,97,"D6",5,0.161331230283912,0.80368143150484
14,97,"D6",6,0.137482649842271,0.852176293457432
14,97,"D6",7,0.117019978969506,0.851161794624692
14,97,"D6",8,0.104281107606029,0.891139346668344
14,97,"D6",9,0.0919200841219769,0.881464401675215
14,97,"D6",10,0.08222362425517,0.894512064915652
14,97,"D6",11,0.0744021138342905,0.904875143953683
14,97,"D6",12,0.0670279597724393,0.900887842000362
14,97,"D6",13,0.0602874167542937,0.899436846339501
14,97,"D6",14,0.0539782684893095,0.895348837209302
14,97,"D7",1,1,NA
14,97,"D7",2,0.351191428114505,0.351191428114505
14,97,"D7",3,0.20939282477744,0.596235579842137
14,97,"D7",4,0.146102564102564,0.697743890020367
14,97,"D7",5,0.110534996534997,0.756557540341324
14,97,"D7",6,0.0870852390852391,0.787852189941192
14,97,"D7",7,0.0722411642411642,0.829545454545454
14,97,"D7",8,0.0602009702009702,0.833333333333333
14,97,"D7",9,0.0516729036729037,0.858340048348106
14,97,"D7",10,0.0465502425502426,0.900863687570409
14,97,"D7",11,0.0428594274748121,0.9207133008717
14,97,"D7",12,0.0407271176501946,0.950248756218905
14,97,"D7",13,0.0395010395010395,0.969895287958115
14,97,"D7",14,0.0388080388080388,0.982456140350877
14,98,"D0",1,1,NA
14,98,"D0",2,0.830800464603281,0.830800464603281
14,98,"D0",3,0.743340848974652,0.894728494560493
14,98,"D0",4,0.691138603392125,0.929773473831643
14,98,"D0",5,0.653017721947299,0.944843362448969
14,98,"D0",6,0.625833692847777,0.958371682443075
14,98,"D0",7,0.603550818424058,0.964394894876426
14,98,"D0",8,0.585787167449139,0.970568093965473
14,98,"D0",9,0.571322336420928,0.975307019627624
14,98,"D0",10,0.557646237787083,0.976062377117059
14,98,"D0",11,0.546156123620912,0.979395334555171
14,98,"D0",12,0.535692789213916,0.980841861961326
14,98,"D0",13,0.526202258596625,0.982283631946553
14,98,"D0",14,0.517531616123165,0.983522224901535
14,98,"D1",1,1,NA
14,98,"D1",2,0.686104834202844,0.686104834202844
14,98,"D1",3,0.542404709590306,0.790556606732705
14,98,"D1",4,0.458836243851812,0.845929682650403
14,98,"D1",5,0.408777130995894,0.89089982858441
14,98,"D1",6,0.365591354180768,0.894353735714341
14,98,"D1",7,0.342225170344299,0.936086607166
14,98,"D1",8,0.320006227155814,0.935075075962032
14,98,"D1",9,0.304013717792518,0.95002438075835
14,98,"D1",10,0.290620820360092,0.955946404229145
14,98,"D1",11,0.279060928241922,0.96022345507164
14,98,"D1",12,0.269600441524091,0.966098848816165
14,98,"D1",13,0.261540544199269,0.970104287369641
14,98,"D1",14,0.254591399305086,0.973429951690821
14,98,"D3",1,1,NA
14,98,"D3",2,0.580541808507595,0.580541808507595
14,98,"D3",3,0.45266327201991,0.779725534640781
14,98,"D3",4,0.391294533283749,0.864427395528873
14,98,"D3",5,0.355461509854965,0.908424421041427
14,98,"D3",6,0.329119747117888,0.925894191053695
14,98,"D3",7,0.309439568612867,0.940203592530195
14,98,"D3",8,0.294770546671625,0.952594873347971
14,98,"D3",9,0.283009297136482,0.960100323224473
14,98,"D3",10,0.272492376348085,0.962838956547334
14,98,"D3",11,0.265047057813886,0.972676965741278
14,98,"D3",12,0.25817432846068,0.974069776854375
14,98,"D3",13,0.252324284120491,0.977340720221607
14,98,"D3",14,0.247303830420231,0.980103168754606
14,98,"D5",1,1,NA
14,98,"D5",2,0.554139194139194,0.554139194139194
14,98,"D5",3,0.403066457352172,0.727374027347586
14,98,"D5",4,0.327500952380952,0.812523459611041
14,98,"D5",5,0.278678095238095,0.850923007130477
14,98,"D5",6,0.245169523809524,0.879758861564119
14,98,"D5",7,0.219847619047619,0.896716751868484
14,98,"D5",8,0.198693333333333,0.903777508230809
14,98,"D5",9,0.182034285714286,0.9161569875568
14,98,"D5",10,0.17063619047619,0.937384898710866
14,98,"D5",11,0.157927786499215,0.925523396053848
14,98,"D5",12,0.148278388278388,0.938899933730948
14,98,"D5",13,0.140136054421769,0.945087521174478
14,98,"D5",14,0.133333333333333,0.951456310679612
14,98,"D6",1,1,NA
14,98,"D6",2,0.448938758956334,0.448938758956334
14,98,"D6",3,0.29487630120319,0.656829679595278
14,98,"D6",4,0.226716344463972,0.768852374839538
14,98,"D6",5,0.190867486818981,0.841877930196215
14,98,"D6",6,0.168920210896309,0.88501301982623
14,98,"D6",7,0.149113532513181,0.88274536079471
14,98,"D6",8,0.137652724077329,0.92314038677315
14,98,"D6",9,0.12619683655536,0.916776892003003
14,98,"D6",10,0.118328295254833,0.937648664457009
14,98,"D6",11,0.111085575233203,0.938791309331108
14,98,"D6",12,0.104582939029336,0.941462820980893
14,98,"D6",13,0.0987697715289982,0.944415718717684
14,98,"D6",14,0.0934973637961336,0.94661921708185
14,98,"D7",1,1,NA
14,98,"D7",2,0.325960897008262,0.325960897008262
14,98,"D7",3,0.185303022527839,0.568482367758186
14,98,"D7",4,0.125971981320881,0.679816117418998
14,98,"D7",5,0.0971967978652435,0.771574733096085
14,98,"D7",6,0.0760520346897932,0.782454117420967
14,98,"D7",7,0.0653115410273516,0.858774407466536
14,98,"D7",8,0.0562801867911941,0.861718861718862
14,98,"D7",9,0.0511527685123416,0.908894789246598
14,98,"D7",10,0.0456517678452302,0.892459375570568
14,98,"D7",11,0.0430030276594653,0.941979460801065
14,98,"D7",12,0.0405398470775389,0.94272076372315
14,98,"D7",13,0.0386924616410941,0.954430379746835
14,98,"D7",14,0.0373582388258839,0.96551724137931
14,99,"D0",1,1,NA
14,99,"D0",2,0.830800464603281,0.830800464603281
14,99,"D0",3,0.743340848974652,0.894728494560493
14,99,"D0",4,0.688904453749524,0.926767921741129
14,99,"D0",5,0.65122294125111,0.945302266093181
14,99,"D0",6,0.625880472021317,0.961084802723464
14,99,"D0",7,0.603235799179461,0.963819492931736
14,99,"D0",8,0.586049486105824,0.97150979252721
14,99,"D0",9,0.570955800871294,0.974245032898459
14,99,"D0",10,0.55782743306687,0.977006332566567
14,99,"D0",11,0.546156123620912,0.979077204249727
14,99,"D0",12,0.535692789213916,0.980841861961326
14,99,"D0",13,0.526202258596625,0.982283631946553
14,99,"D0",14,0.517531616123165,0.983522224901535
14,99,"D1",1,1,NA
14,99,"D1",2,0.686104834202844,0.686104834202844
14,99,"D1",3,0.542404709590306,0.790556606732705
14,99,"D1",4,0.460864130680023,0.849668379590818
14,99,"D1",5,0.40829574477686,0.885935176110155
14,99,"D1",6,0.369712197103019,0.905500980190406
14,99,"D1",7,0.34288976129236,0.927450497925595
14,99,"D1",8,0.32157420694012,0.937835547285222
14,99,"D1",9,0.304165335499301,0.945863595197916
14,99,"D1",10,0.290630296466766,0.955501046789845
14,99,"D1",11,0.279060928241922,0.96019214663614
14,99,"D1",12,0.269600441524091,0.966098848816165
14,99,"D1",13,0.261540544199269,0.970104287369641
14,99,"D1",14,0.254591399305086,0.973429951690821
14,99,"D3",1,1,NA
14,99,"D3",2,0.583549665254816,0.583549665254816
14,99,"D3",3,0.452698456073234,0.775766799344416
14,99,"D3",4,0.390294138543517,0.862150363685751
14,99,"D3",5,0.352215630550622,0.902436382634403
14,99,"D3",6,0.329004973357016,0.934101001828566
14,99,"D3",7,0.312391474245115,0.949503805543169
14,99,"D3",8,0.296635879218472,0.949564580580453
14,99,"D3",9,0.285376198934281,0.962042082320396
14,99,"D3",10,0.276536056838366,0.969022847283944
14,99,"D3",11,0.267891788495696,0.968740899680499
14,99,"D3",12,0.260718677414947,0.973223848625491
14,99,"D3",13,0.254351687388988,0.975579079761031
14,99,"D3",14,0.248667850799289,0.977653631284916
14,99,"D5",1,1,NA
14,99,"D5",2,0.558782069354384,0.558782069354384
14,99,"D5",3,0.411550389278046,0.736513234495071
14,99,"D5",4,0.336824922469693,0.818429361859093
14,99,"D5",5,0.290648999154215,0.862908234411803
14,99,"D5",6,0.260040033831407,0.894687525462397
14,99,"D5",7,0.23779080913448,0.914439233186103
14,99,"D5",8,0.216228361996053,0.909321780699134
14,99,"D5",9,0.201956019171131,0.933994122264206
14,99,"D5",10,0.188840146602763,0.9350557976821
14,99,"D5",11,0.178406453991455,0.944748546328682
14,99,"D5",12,0.169070286916354,0.947669118093964
14,99,"D5",13,0.160981110797857,0.952154951257055
14,99,"D5",14,0.153932901043135,0.956217162872154
14,99,"D6",1,1,NA
14,99,"D6",2,0.439477303988996,0.439477303988996
14,99,"D6",3,0.286636334779388,0.652221018418202
14,99,"D6",4,0.221843191196699,0.773953488372093
14,99,"D6",5,0.184402338376891,0.831228298611111
14,99,"D6",6,0.159382393397524,0.864318721771141
14,99,"D6",7,0.141396148555708,0.88715036549266
14,99,"D6",8,0.128513067400275,0.908886618998978
14,99,"D6",9,0.117411279229711,0.913613546115232
14,99,"D6",10,0.110141678129298,0.938084303755946
14,99,"D6",11,0.10287271188234,0.93400349104519
14,99,"D6",12,0.0968151518357846,0.941115968115197
14,99,"D6",13,0.0914718019257221,0.944808743169399
14,99,"D6",14,0.0866574965612105,0.947368421052632
14,99,"D7",1,1,NA
14,99,"D7",2,0.322137481690994,0.322137481690994
14,99,"D7",3,0.19064094146169,0.591799937284415
14,99,"D7",4,0.135137229152988,0.708857332096966
14,99,"D7",5,0.106852265265923,0.790694510577512
14,99,"D7",6,0.0899290873276428,0.84162078458362
14,99,"D7",7,0.0754602757715036,0.839108657875907
14,99,"D7",8,0.0671043992120814,0.889267876720673
14,99,"D7",9,0.0601089954038083,0.895753424657534
14,99,"D7",10,0.0553105712409718,0.920171280012234
14,99,"D7",11,0.051618768624678,0.933253218445175
14,99,"D7",12,0.0490933885549775,0.951076320939335
14,99,"D7",13,0.0472751149047932,0.962962962962963
14,99,"D7",14,0.0459619172685489,0.972222222222222
14,100,"D0",1,1,NA
14,100,"D0",2,0.830800464603281,0.830800464603281
14,100,"D0",3,0.743340848974652,0.894728494560493
14,100,"D0",4,0.690115382988622,0.92839695805841
14,100,"D0",5,0.652425580510088,0.945386230465817
14,100,"D0",6,0.624053123546081,0.95651234744379
14,100,"D0",7,0.604089074990483,0.968009055956398
14,100,"D0",8,0.586045341115764,0.970130673402753
14,100,"D0",9,0.570339381635156,0.973200094977796
14,100,"D0",10,0.557667554878822,0.977781953755317
14,100,"D0",11,0.546156123620912,0.979357896730407
14,100,"D0",12,0.535692789213916,0.980841861961326
14,100,"D0",13,0.526202258596625,0.982283631946553
14,100,"D0",14,0.517531616123165,0.983522224901535
14,100,"D1",1,1,NA
14,100,"D1",2,0.686104834202844,0.686104834202844
14,100,"D1",3,0.542404709590306,0.790556606732705
14,100,"D1",4,0.458625242543207,0.845540671816105
14,100,"D1",5,0.409477731149316,0.892837317193111
14,100,"D1",6,0.366797346690131,0.895768728767275
14,100,"D1",7,0.341976264608998,0.932330257279363
14,100,"D1",8,0.321215378367402,0.939291440985436
14,100,"D1",9,0.304104056676143,0.946729444342831
14,100,"D1",10,0.290874148278507,0.956495455725786
14,100,"D1",11,0.279060928241922,0.959387177903227
14,100,"D1",12,0.269600441524091,0.966098848816165
14,100,"D1",13,0.261540544199269,0.970104287369641
14,100,"D1",14,0.254591399305086,0.973429951690821
14,100,"D3",1,1,NA
14,100,"D3",2,0.587644186540231,0.587644186540231
14,100,"D3",3,0.461672917698677,0.785633429672447
14,100,"D3",4,0.401582336706532,0.869841659130275
14,100,"D3",5,0.365280220791168,0.909602309172547
14,100,"D3",6,0.339577920883165,0.929636759821448
14,100,"D3",7,0.321026310947562,0.945368621471755
14,100,"D3",8,0.308607911683533,0.961316568640824
14,100,"D3",9,0.294654277828887,0.954785236131746
14,100,"D3",10,0.285303771849126,0.968266179440331
14,100,"D3",11,0.276682471162692,0.96978203046333
14,100,"D3",12,0.269421838511075,0.97375824850376
14,100,"D3",13,0.263109475620975,0.97657070813196
14,100,"D3",14,0.257589696412144,0.979020979020979
14,100,"D5",1,1,NA
14,100,"D5",2,0.573019910534164,0.573019910534164
14,100,"D5",3,0.433218577317779,0.756027093219042
14,100,"D5",4,0.364462941847206,0.841291119378432
14,100,"D5",5,0.319166476624857,0.875717226577899
14,100,"D5",6,0.290128848346636,0.909020431640283
14,100,"D5",7,0.266917901938426,0.919997799114143
14,100,"D5",8,0.248444127708096,0.930788552973894
14,100,"D5",9,0.233354618015963,0.939263971214239
14,100,"D5",10,0.219490307867731,0.940586947598851
14,100,"D5",11,0.207920357863345,0.947287194059804
14,100,"D5",12,0.197526532760284,0.950010546298249
14,100,"D5",13,0.188141391106043,0.952486678507993
14,100,"D5",14,0.179589509692132,0.954545454545455
14,100,"D6",1,1,NA
14,100,"D6",2,0.437837265897789,0.437837265897789
14,100,"D6",3,0.281954290551264,0.643970517158047
14,100,"D6",4,0.214135488308116,0.7594688057041
14,100,"D6",5,0.176112104539202,0.822433058297174
14,100,"D6",6,0.149898211829436,0.851152237500342
14,100,"D6",7,0.131074277854195,0.874421891058582
14,100,"D6",8,0.116891334250344,0.891794608095203
14,100,"D6",9,0.106039889958735,0.907166392092257
14,100,"D6",10,0.0959924346629986,0.90524834286752
14,100,"D6",11,0.0875436461750079,0.911984850497313
14,100,"D6",12,0.0802560575600466,0.916754796797099
14,100,"D6",13,0.0735900962861073,0.916941331575478
14,100,"D6",14,0.0674002751031637,0.91588785046729
14,100,"D7",1,1,NA
14,100,"D7",2,0.346479397265371,0.346479397265371
14,100,"D7",3,0.21979350758069,0.634362416107383
14,100,"D7",4,0.167652962515115,0.762774862462971
14,100,"D7",5,0.135632406287787,0.809006916746605
14,100,"D7",6,0.115792019347037,0.853719420868697
14,100,"D7",7,0.101233373639661,0.874269005847953
14,100,"D7",8,0.0907376058041112,0.896321070234114
14,100,"D7",9,0.0821632406287787,0.905503731343284
14,100,"D7",10,0.0756626360338573,0.920881837848975
14,100,"D7",11,0.0704120546925867,0.930605360631091
14,100,"D7",12,0.0659473537345363,0.936591809775429
14,100,"D7",13,0.062273276904474,0.944287729196051
14,100,"D7",14,0.0592503022974607,0.951456310679612
