"Common_n","Iteration","Group","Order","Zeta","Ratio"
10,1,"D0",1,1,NA
10,1,"D0",2,0.827527937846954,0.827527937846954
10,1,"D0",3,0.739762173508386,0.893942234062919
10,1,"D0",4,0.686930151374992,0.928582422803759
10,1,"D0",5,0.651080785192352,0.947812210439617
10,1,"D0",6,0.625010962027537,0.959959157515126
10,1,"D0",7,0.605096140517634,0.968136844439818
10,1,"D0",8,0.589120576645082,0.97359830479354
10,1,"D0",9,0.575654963464623,0.977142857142857
10,1,"D0",10,0.5637735400701,0.979360165118679
10,1,"D1",1,1,NA
10,1,"D1",2,0.676817505570148,0.676817505570148
10,1,"D1",3,0.52826894740214,0.780519036600757
10,1,"D1",4,0.443221096498052,0.839006530059497
10,1,"D1",5,0.388438395837973,0.876398706891607
10,1,"D1",6,0.350481559783885,0.902283511463372
10,1,"D1",7,0.322837252012728,0.921124786741409
10,1,"D1",8,0.301948306176636,0.935295738933907
10,1,"D1",9,0.285732590172336,0.946296383610731
10,1,"D1",10,0.272919469536806,0.955156950672646
10,1,"D3",1,1,NA
10,1,"D3",2,0.594627278224065,0.594627278224065
10,1,"D3",3,0.469659670035415,0.789838756536897
10,1,"D3",4,0.409272078875603,0.871422659826724
10,1,"D3",5,0.372958287573473,0.911272248520115
10,1,"D3",6,0.348350794062118,0.934020789103642
10,1,"D3",7,0.330482853934525,0.948707049238399
10,1,"D3",8,0.316892689528087,0.958877853284544
10,1,"D3",9,0.306296968126458,0.966563692531347
10,1,"D3",10,0.298004664420834,0.972927241962775
10,1,"D5",1,1,NA
10,1,"D5",2,0.547130068457083,0.547130068457083
10,1,"D5",3,0.400770142180095,0.732495187680462
10,1,"D5",4,0.326149101030618,0.813805886976619
10,1,"D5",5,0.279062915318839,0.855629877369008
10,1,"D5",6,0.245580380651471,0.880017971470291
10,1,"D5",7,0.220050026329647,0.89604074130801
10,1,"D5",8,0.199754256626295,0.907767474324459
10,1,"D5",9,0.183254344391785,0.917398945518454
10,1,"D5",10,0.169826224328594,0.926724137931034
10,1,"D6",1,1,NA
10,1,"D6",2,0.430058479532164,0.430058479532164
10,1,"D6",3,0.267456140350877,0.621906445471852
10,1,"D6",4,0.197719298245614,0.739258773368318
10,1,"D6",5,0.160902255639098,0.813791355051337
10,1,"D6",6,0.138471177944862,0.860591900311527
10,1,"D6",7,0.123201754385965,0.88972850678733
10,1,"D6",8,0.111812865497076,0.907559036430521
10,1,"D6",9,0.102631578947368,0.917887029288703
10,1,"D6",10,0.0947368421052632,0.923076923076923
10,1,"D7",1,1,NA
10,1,"D7",2,0.3996399639964,0.3996399639964
10,1,"D7",3,0.276402640264026,0.691629129129129
10,1,"D7",4,0.223008015087223,0.80682302771855
10,1,"D7",5,0.192840712642693,0.864725478890384
10,1,"D7",6,0.173974540311174,0.902167067975551
10,1,"D7",7,0.161566156615662,0.928677014042868
10,1,"D7",8,0.153215321532153,0.948313215722687
10,1,"D7",9,0.147614761476148,0.963446475195822
10,1,"D7",10,0.144014401440144,0.975609756097561
10,2,"D0",1,1,NA
10,2,"D0",2,0.830880230880231,0.830880230880231
10,2,"D0",3,0.742945690672963,0.894167008746724
10,2,"D0",4,0.688997582504076,0.927386202186568
10,2,"D0",5,0.651597140233504,0.945717600147964
10,2,"D0",6,0.623407544836116,0.956737693189866
10,2,"D0",7,0.600885478158205,0.963872643402429
10,2,"D0",8,0.582172373081464,0.968857451616072
10,2,"D0",9,0.566233766233766,0.972622186169134
10,2,"D0",10,0.552538370720189,0.97581317764804
10,2,"D1",1,1,NA
10,2,"D1",2,0.683781220360417,0.683781220360417
10,2,"D1",3,0.538318052481821,0.787266506380618
10,2,"D1",4,0.454249281122503,0.843830666700227
10,2,"D1",5,0.399457517225459,0.879379525353025
10,2,"D1",6,0.361058669436791,0.903872511762009
10,2,"D1",7,0.332811676678259,0.921766197159607
10,2,"D1",8,0.311293778761373,0.935345123309215
10,2,"D1",9,0.294404046791021,0.945743432337275
10,2,"D1",10,0.280746127094531,0.95360824742268
10,2,"D3",1,1,NA
10,2,"D3",2,0.595883053160294,0.595883053160294
10,2,"D3",3,0.473369044508318,0.794399239914247
10,2,"D3",4,0.413167095947342,0.872822379791422
10,2,"D3",5,0.376221998249696,0.910580735832957
10,2,"D3",6,0.350653875346846,0.932039798252625
10,2,"D3",7,0.331634875010888,0.9457613285547
10,2,"D3",8,0.316813285718433,0.955307507113154
10,2,"D3",9,0.304938594199112,0.962518328445748
10,2,"D3",10,0.295270446825189,0.968294772922022
10,2,"D5",1,1,NA
10,2,"D5",2,0.586168257810049,0.586168257810049
10,2,"D5",3,0.446685491461611,0.762043125860223
10,2,"D5",4,0.374363702721912,0.838092371204954
10,2,"D5",5,0.329513948916934,0.880197376297741
10,2,"D5",6,0.29839220883997,0.905552586835074
10,2,"D5",7,0.27511093182735,0.921977597528003
10,2,"D5",8,0.256823988167272,0.933528836754643
10,2,"D5",9,0.242033077853973,0.942408376963351
10,2,"D5",10,0.229931423961275,0.95
10,2,"D6",1,1,NA
10,2,"D6",2,0.451557960124236,0.451557960124236
10,2,"D6",3,0.292906522392546,0.648657643665409
10,2,"D6",4,0.224118682639873,0.765154291578099
10,2,"D6",5,0.187338085219059,0.835887856435802
10,2,"D6",6,0.164927648245953,0.880374367300162
10,2,"D6",7,0.150135256988278,0.910309815152304
10,2,"D6",8,0.139765554553652,0.930930930930931
10,2,"D6",9,0.132100991884581,0.94516129032258
10,2,"D6",10,0.126239855725879,0.955631399317406
10,2,"D7",1,1,NA
10,2,"D7",2,0.333802949187565,0.333802949187565
10,2,"D7",3,0.182727528881375,0.547411367473269
10,2,"D7",4,0.122569737954353,0.670778720123362
10,2,"D7",5,0.0921117954084987,0.751505199781062
10,2,"D7",6,0.0747494263977781,0.811507647487254
10,2,"D7",7,0.0641730064806988,0.858508346795907
10,2,"D7",8,0.0574809805579036,0.895718990120747
10,2,"D7",9,0.0532544378698225,0.926470588235294
10,2,"D7",10,0.0507185122569738,0.952380952380952
10,3,"D0",1,1,NA
10,3,"D0",2,0.830597431602457,0.830597431602457
10,3,"D0",3,0.742516504089073,0.89395473166411
10,3,"D0",4,0.688281744858747,0.926958176779032
10,3,"D0",5,0.650648198978084,0.945322469814469
10,3,"D0",6,0.622411778781864,0.956602630668051
10,3,"D0",7,0.6,0.963992039440952
10,3,"D0",8,0.581469438696752,0.969115731161253
10,3,"D0",9,0.565710907478569,0.972898779936738
10,3,"D0",10,0.552172627845108,0.976068554707911
10,3,"D1",1,1,NA
10,3,"D1",2,0.708061002178649,0.708061002178649
10,3,"D1",3,0.574234068627451,0.810995192307692
10,3,"D1",4,0.497257236227824,0.865948684334215
10,3,"D1",5,0.44698052832244,0.898891953213629
10,3,"D1",6,0.411449579831933,0.920508956790896
10,3,"D1",7,0.384926470588235,0.935537401072249
10,3,"D1",8,0.364283769063181,0.946372351338923
10,3,"D1",9,0.347671568627451,0.954397637648114
10,3,"D1",10,0.333946078431373,0.960521677828692
10,3,"D3",1,1,NA
10,3,"D3",2,0.594187675070028,0.594187675070028
10,3,"D3",3,0.472623424369748,0.795411019446081
10,3,"D3",4,0.413165266106443,0.874195490114368
10,3,"D3",5,0.376442243564092,0.911117836965295
10,3,"D3",6,0.350402661064426,0.930827150924593
10,3,"D3",7,0.330444677871148,0.943042717961529
10,3,"D3",8,0.314542483660131,0.951876379690949
10,3,"D3",9,0.301733193277311,0.959276437847866
10,3,"D3",10,0.291491596638655,0.966057441253264
10,3,"D5",1,1,NA
10,3,"D5",2,0.563465715808025,0.563465715808025
10,3,"D5",3,0.416605188737243,0.739362089031132
10,3,"D5",4,0.34208076443414,0.821114987720167
10,3,"D5",5,0.296016230173368,0.865340179717587
10,3,"D5",6,0.263880838207655,0.89144043910399
10,3,"D5",7,0.239640968892168,0.9081408506956
10,3,"D5",8,0.220418869625804,0.919787925431845
10,3,"D5",9,0.204721504979712,0.928783934548159
10,3,"D5",10,0.191811139800811,0.936936936936937
10,3,"D6",1,1,NA
10,3,"D6",2,0.445164942617467,0.445164942617467
10,3,"D6",3,0.289717461787865,0.650809248554913
10,3,"D6",4,0.222832440062639,0.769137071295345
10,3,"D6",5,0.185454759331554,0.832261044574219
10,3,"D6",6,0.1608990052714,0.867591674925669
10,3,"D6",7,0.142851628840513,0.887834132967786
10,3,"D6",8,0.128557459729299,0.899936953976403
10,3,"D6",9,0.116720704029643,0.907926341072858
10,3,"D6",10,0.106530801296897,0.912698412698413
10,3,"D7",1,1,NA
10,3,"D7",2,0.323950617283951,0.323950617283951
10,3,"D7",3,0.183611111111111,0.566787347560976
10,3,"D7",4,0.126507936507937,0.688999351631727
10,3,"D7",5,0.0974867724867725,0.770598076118779
10,3,"D7",6,0.0806349206349206,0.827137042062415
10,3,"D7",7,0.0701851851851852,0.870406824146982
10,3,"D7",8,0.0634567901234568,0.904133685136324
10,3,"D7",9,0.0588888888888889,0.928015564202335
10,3,"D7",10,0.0555555555555556,0.943396226415094
10,4,"D0",1,1,NA
10,4,"D0",2,0.82909373170459,0.82909373170459
10,4,"D0",3,0.741385945177905,0.894212459734366
10,4,"D0",4,0.68834064914818,0.928451171249279
10,4,"D0",5,0.652242247914499,0.947557359458065
10,4,"D0",6,0.625779860224239,0.959428589952779
10,4,"D0",7,0.605292759457699,0.967261489113443
10,4,"D0",8,0.588610634197041,0.972439575725961
10,4,"D0",9,0.574388727724824,0.975838176128744
10,4,"D0",10,0.561837665028714,0.978148835291693
10,4,"D1",1,1,NA
10,4,"D1",2,0.708973393829647,0.708973393829647
10,4,"D1",3,0.575240594925634,0.811371202265248
10,4,"D1",4,0.498158660400008,0.866000530550889
10,4,"D1",5,0.447722619943825,0.898755066476844
10,4,"D1",6,0.412024078385551,0.920266388232175
10,4,"D1",7,0.385328287452441,0.935208177547018
10,4,"D1",8,0.364510637720673,0.945974249984599
10,4,"D1",9,0.347738509430507,0.953987273471514
10,4,"D1",10,0.333882683269243,0.960154467263472
10,4,"D3",1,1,NA
10,4,"D3",2,0.592920353982301,0.592920353982301
10,4,"D3",3,0.468022779416585,0.789351851851852
10,4,"D3",4,0.406798707683663,0.869185701154887
10,4,"D3",5,0.3695509668961,0.908436924493554
10,4,"D3",6,0.343763168984408,0.930218561925879
10,4,"D3",7,0.324319895116355,0.943439915551469
10,4,"D3",8,0.308805856003496,0.952164392790972
10,4,"D3",9,0.295968534906588,0.958429152662303
10,4,"D3",10,0.285152409046214,0.963455149501661
10,4,"D5",1,1,NA
10,4,"D5",2,0.540873807939676,0.540873807939676
10,4,"D5",3,0.388922155688623,0.719062653764146
10,4,"D5",4,0.312612869499097,0.803792905409534
10,4,"D5",5,0.266166080537338,0.85142393838046
10,4,"D5",6,0.234882615720939,0.882466373050827
10,4,"D5",7,0.212641383898869,0.905309161540952
10,4,"D5",8,0.196407185628743,0.923654568210263
10,4,"D5",9,0.184431137724551,0.939024390243902
10,4,"D5",10,0.17564870259481,0.952380952380952
10,4,"D6",1,1,NA
10,4,"D6",2,0.469359963685883,0.469359963685883
10,4,"D6",3,0.311885307913451,0.664490651192779
10,4,"D6",4,0.238635626742753,0.765139045308845
10,4,"D6",5,0.195800819949708,0.820501207729469
10,4,"D6",6,0.167023323174027,0.853026678932843
10,4,"D6",7,0.146202148585263,0.875339717872396
10,4,"D6",8,0.130529076511827,0.892798620094868
10,4,"D6",9,0.118474807081253,0.907650695517774
10,4,"D6",10,0.108942351339083,0.919540229885057
10,4,"D7",1,1,NA
10,4,"D7",2,0.395729684908789,0.395729684908789
10,4,"D7",3,0.254975124378109,0.644316396018858
10,4,"D7",4,0.194296375266525,0.762020905923345
10,4,"D7",5,0.159174366263918,0.819234872732815
10,4,"D7",6,0.135838663823738,0.853395348837209
10,4,"D7",7,0.119325248756219,0.878433616742969
10,4,"D7",8,0.107379767827529,0.899891422366992
10,4,"D7",9,0.0988805970149254,0.920849420849421
10,4,"D7",10,0.0932835820895522,0.943396226415094
10,5,"D0",1,1,NA
10,5,"D0",2,0.828387079766165,0.828387079766165
10,5,"D0",3,0.739768076398363,0.893022228940585
10,5,"D0",4,0.685274786111135,0.92633733189389
10,5,"D0",5,0.647336875315996,0.944638396794909
10,5,"D0",6,0.618914865311449,0.956093942600329
10,5,"D0",7,0.596545860766752,0.963857703541439
10,5,"D0",8,0.578167941949898,0.96919278126709
10,5,"D0",9,0.562488878343911,0.97288147185555
10,5,"D0",10,0.548668367044309,0.975429716334493
10,5,"D1",1,1,NA
10,5,"D1",2,0.677884821237422,0.677884821237422
10,5,"D1",3,0.531283451081139,0.783737051541182
10,5,"D1",4,0.447921827690614,0.843093882896432
10,5,"D1",5,0.394113629181067,0.879871452599284
10,5,"D1",6,0.356491421231306,0.904539693215034
10,5,"D1",7,0.328676942838793,0.921977145210274
10,5,"D1",8,0.307243274102619,0.934788036693264
10,5,"D1",9,0.290173410404624,0.944441863706044
10,5,"D1",10,0.276172125883109,0.951748561310314
10,5,"D3",1,1,NA
10,5,"D3",2,0.573940049358068,0.573940049358068
10,5,"D3",3,0.440895100241245,0.768190163300802
10,5,"D3",4,0.378492400204404,0.858463611859838
10,5,"D3",5,0.341832348944902,0.903141909217453
10,5,"D3",6,0.317206792874375,0.927960135585364
10,5,"D3",7,0.299205556942018,0.943250786752585
10,5,"D3",8,0.285278540332196,0.953453349088297
10,5,"D3",9,0.274020464187672,0.960536547433903
10,5,"D3",10,0.264537060144747,0.965391621129326
10,5,"D5",1,1,NA
10,5,"D5",2,0.56034188034188,0.56034188034188
10,5,"D5",3,0.417884615384615,0.745767236119585
10,5,"D5",4,0.345604395604396,0.827033068174347
10,5,"D5",5,0.300610500610501,0.869810987458046
10,5,"D5",6,0.269304029304029,0.895857026807474
10,5,"D5",7,0.24625,0.914394042437432
10,5,"D5",8,0.228717948717949,0.928803852661721
10,5,"D5",9,0.215,0.940022421524664
10,5,"D5",10,0.203846153846154,0.948121645796064
10,5,"D6",1,1,NA
10,5,"D6",2,0.467986140775547,0.467986140775547
10,5,"D6",3,0.311120603730599,0.664807302231237
10,5,"D6",4,0.243648420495922,0.783131742399477
10,5,"D6",5,0.207295078076795,0.850795903601046
10,5,"D6",6,0.184373792233681,0.8894267724262
10,5,"D6",7,0.168446532820732,0.913614298323036
10,5,"D6",8,0.156723147752622,0.93040293040293
10,5,"D6",9,0.147800085433575,0.943064809206542
10,5,"D6",10,0.140965399401965,0.953757225433526
10,5,"D7",1,1,NA
10,5,"D7",2,0.359259259259259,0.359259259259259
10,5,"D7",3,0.22662037037037,0.630798969072165
10,5,"D7",4,0.169003527336861,0.745756116542633
10,5,"D7",5,0.135765726043504,0.803330724410818
10,5,"D7",6,0.11358024691358,0.8365899864682
10,5,"D7",7,0.0977623456790123,0.860733695652174
10,5,"D7",8,0.0864197530864197,0.883977900552486
10,5,"D7",9,0.0787037037037037,0.910714285714286
10,5,"D7",10,0.0740740740740741,0.941176470588235
10,6,"D0",1,1,NA
10,6,"D0",2,0.827092991005983,0.827092991005983
10,6,"D0",3,0.739386465390863,0.893958083832335
10,6,"D0",4,0.686831038132595,0.928920220049625
10,6,"D0",5,0.65128325588328,0.948243774268028
10,6,"D0",6,0.625401164863901,0.960259855008437
10,6,"D0",7,0.605516264511272,0.968204567772182
10,6,"D0",8,0.589458113765733,0.973480232180881
10,6,"D0",9,0.57589444906692,0.976989603871661
10,6,"D0",10,0.56400808272911,0.979360165118679
10,6,"D1",1,1,NA
10,6,"D1",2,0.676289625513615,0.676289625513615
10,6,"D1",3,0.528235507014967,0.781078826418183
10,6,"D1",4,0.44449614807921,0.841473437844109
10,6,"D1",5,0.390846530432658,0.879302401430504
10,6,"D1",6,0.353579868429456,0.904651419159463
10,6,"D1",7,0.326142726363075,0.922401854527938
10,6,"D1",8,0.304996700091546,0.935163274964505
10,6,"D1",9,0.288050073449575,0.944436688538322
10,6,"D1",10,0.273998850354474,0.951219512195122
10,6,"D3",1,1,NA
10,6,"D3",2,0.587357675696898,0.587357675696898
10,6,"D3",3,0.464347195795959,0.790569724393254
10,6,"D3",4,0.405441437243557,0.873142857142857
10,6,"D3",5,0.369859822156642,0.912239816115439
10,6,"D3",6,0.345111896348645,0.933088363954506
10,6,"D3",7,0.326334148772311,0.945589393541612
10,6,"D3",8,0.31125607804053,0.953795608616182
10,6,"D3",9,0.298722478934493,0.959732194837959
10,6,"D3",10,0.288121772220712,0.964513193812557
10,6,"D5",1,1,NA
10,6,"D5",2,0.571896692967706,0.571896692967706
10,6,"D5",3,0.432156254042168,0.755654402895054
10,6,"D5",4,0.360330395254726,0.833796553640912
10,6,"D5",5,0.314565355310408,0.872991452991453
10,6,"D5",6,0.281501191862077,0.894889367534756
10,6,"D5",7,0.256047083171647,0.909577261388998
10,6,"D5",8,0.235760789893502,0.920771238528248
10,6,"D5",9,0.219247186651145,0.929956108266277
10,6,"D5",10,0.205665502522313,0.938053097345133
10,6,"D6",1,1,NA
10,6,"D6",2,0.438153124333547,0.438153124333547
10,6,"D6",3,0.278071017274472,0.634643465563397
10,6,"D6",4,0.20617402431222,0.741443773367846
10,6,"D6",5,0.166042104621759,0.805349292548672
10,6,"D6",6,0.140480760442373,0.84605504587156
10,6,"D6",7,0.122680742162508,0.873292127521145
10,6,"D6",8,0.109511622947324,0.892655367231638
10,6,"D6",9,0.0993282149712092,0.907010710808179
10,6,"D6",10,0.0911708253358925,0.917874396135266
10,6,"D7",1,1,NA
10,6,"D7",2,0.337224383916991,0.337224383916991
10,6,"D7",3,0.199578469520104,0.591826923076923
10,6,"D7",4,0.138502871965907,0.693977022165487
10,6,"D7",5,0.103143721820765,0.744704570791527
10,6,"D7",6,0.0812025199184732,0.787275449101796
10,6,"D7",7,0.0672827496757458,0.828579577866514
10,6,"D7",8,0.0583657587548638,0.867469879518072
10,6,"D7",9,0.0525291828793774,0.9
10,6,"D7",10,0.0486381322957198,0.925925925925926
10,7,"D0",1,1,NA
10,7,"D0",2,0.831437977937801,0.831437977937801
10,7,"D0",3,0.744550033447448,0.895496781725248
10,7,"D0",4,0.691861870471244,0.929234892741532
10,7,"D0",5,0.65593537615731,0.948072735545517
10,7,"D0",6,0.629421949395978,0.959579208981446
10,7,"D0",7,0.608694369023728,0.967068863117752
10,7,"D0",8,0.591783732735214,0.972218181818182
10,7,"D0",9,0.577558729783969,0.975962497506483
10,7,"D0",10,0.565458623539133,0.979049565661727
10,7,"D1",1,1,NA
10,7,"D1",2,0.681637250169643,0.681637250169643
10,7,"D1",3,0.534754139646163,0.784514255218703
10,7,"D1",4,0.450544607441919,0.842526638017307
10,7,"D1",5,0.395950946854429,0.878827402024719
10,7,"D1",6,0.357687014867648,0.903361938414942
10,7,"D1",7,0.329414048563454,0.920956128880842
10,7,"D1",8,0.30773643378315,0.934193411377452
10,7,"D1",9,0.290688157149153,0.944601045692203
10,7,"D1",10,0.277025750802745,0.95299978340914
10,7,"D3",1,1,NA
10,7,"D3",2,0.595095623606711,0.595095623606711
10,7,"D3",3,0.473336853220697,0.795396293375394
10,7,"D3",4,0.414341026801428,0.875361856956949
10,7,"D3",5,0.378146946916746,0.912646642394822
10,7,"D3",6,0.35293156333283,0.933318558328947
10,7,"D3",7,0.334103308694122,0.946651825467498
10,7,"D3",8,0.319488443036489,0.956256447400189
10,7,"D3",9,0.307814149947202,0.96345941975762
10,7,"D3",10,0.29831045406547,0.969125214408233
10,7,"D5",1,1,NA
10,7,"D5",2,0.550931133608299,0.550931133608299
10,7,"D5",3,0.400543682039745,0.727030399274047
10,7,"D5",4,0.324602281857625,0.810404199124068
10,7,"D5",5,0.2777182614078,0.85556472313898
10,7,"D5",6,0.2448265395397,0.881564425395125
10,7,"D5",7,0.219753780777403,0.897589702450408
10,7,"D5",8,0.199641711452735,0.90847907483767
10,7,"D5",9,0.182977127859018,0.91652754590985
10,7,"D5",10,0.168728908886389,0.922131147540984
10,7,"D6",1,1,NA
10,7,"D6",2,0.479005321110584,0.479005321110584
10,7,"D6",3,0.325114588272483,0.678728552573691
10,7,"D6",4,0.253719885298833,0.780401416765053
10,7,"D6",5,0.212976134028766,0.839414434457595
10,7,"D6",6,0.187066766014134,0.878346143652266
10,7,"D6",7,0.169709182867078,0.907211828605914
10,7,"D6",8,0.157631315526052,0.92883197516492
10,7,"D6",9,0.148885727833096,0.94451871657754
10,7,"D6",10,0.142247510668563,0.955414012738854
10,7,"D7",1,1,NA
10,7,"D7",2,0.336201313720048,0.336201313720048
10,7,"D7",3,0.19601720788232,0.583035222894882
10,7,"D7",4,0.137504460568574,0.701491782553729
10,7,"D7",5,0.105368542087943,0.766291810841984
10,7,"D7",6,0.0854446691249356,0.810912511759172
10,7,"D7",7,0.0722314737718568,0.845359628770302
10,7,"D7",8,0.0629105375150338,0.870957412744156
10,7,"D7",9,0.0557868442964197,0.886764705882353
10,7,"D7",10,0.0499583680266445,0.895522388059702
10,8,"D0",1,1,NA
10,8,"D0",2,0.831894342598068,0.831894342598068
10,8,"D0",3,0.744643209146462,0.895117529974883
10,8,"D0",4,0.691076004618287,0.92806326053846
10,8,"D0",5,0.654158805252832,0.946580116920937
10,8,"D0",6,0.626645264847512,0.957940579283823
10,8,"D0",7,0.604962546816479,0.965398736338798
10,8,"D0",8,0.587187068795584,0.970617225620932
10,8,"D0",9,0.572205795387345,0.974486370350477
10,8,"D0",10,0.559432288586635,0.977676725919802
10,8,"D1",1,1,NA
10,8,"D1",2,0.680111275593029,0.680111275593029
10,8,"D1",3,0.534299843384609,0.785606506698072
10,8,"D1",4,0.450834720191739,0.843785986040822
10,8,"D1",5,0.396713017875404,0.879952231067482
10,8,"D1",6,0.358768776223883,0.904353424410595
10,8,"D1",7,0.330651562935788,0.921628594372021
10,8,"D1",8,0.308882738695444,0.934163855004758
10,8,"D1",9,0.291368990152539,0.943299685126875
10,8,"D1",10,0.27675870502671,0.949856417053236
10,8,"D3",1,1,NA
10,8,"D3",2,0.579022222222222,0.579022222222222
10,8,"D3",3,0.454866666666667,0.785577218299048
10,8,"D3",4,0.396609523809524,0.871924792194468
10,8,"D3",5,0.362306878306878,0.913510282927246
10,8,"D3",6,0.33951746031746,0.937099129622057
10,8,"D3",7,0.323377777777778,0.952462879156225
10,8,"D3",8,0.311525925925926,0.963349825911673
10,8,"D3",9,0.302666666666667,0.971561727220848
10,8,"D3",10,0.296,0.977973568281938
10,8,"D5",1,1,NA
10,8,"D5",2,0.556686046511628,0.556686046511628
10,8,"D5",3,0.411640019379845,0.739447345517842
10,8,"D5",4,0.339337624584718,0.824355282792829
10,8,"D5",5,0.295513796603913,0.870854792378427
10,8,"D5",6,0.265867248062016,0.899677954523275
10,8,"D5",7,0.244549418604651,0.919817767653759
10,8,"D5",8,0.228682170542636,0.935116394254581
10,8,"D5",9,0.21656976744186,0.947033898305085
10,8,"D5",10,0.207122093023256,0.956375838926175
10,8,"D6",1,1,NA
10,8,"D6",2,0.447561790247161,0.447561790247161
10,8,"D6",3,0.300058450233801,0.670429104477612
10,8,"D6",4,0.237331806470083,0.790951917152001
10,8,"D6",5,0.204098673537551,0.859971853638922
10,8,"D6",6,0.184082450615517,0.901928696668615
10,8,"D6",7,0.170966933867735,0.928751944012442
10,8,"D6",8,0.161879314183923,0.946845746845747
10,8,"D6",9,0.155310621242485,0.959422283356259
10,8,"D6",10,0.150300601202405,0.967741935483871
10,8,"D7",1,1,NA
10,8,"D7",2,0.375466375466375,0.375466375466375
10,8,"D7",3,0.246996996996997,0.657840523509452
10,8,"D7",4,0.193869193869194,0.784905064540323
10,8,"D7",5,0.164450164450164,0.848253201904379
10,8,"D7",6,0.145821145821146,0.886719367588933
10,8,"D7",7,0.133292383292383,0.914081305161808
10,8,"D7",8,0.124670124670125,0.935313193377709
10,8,"D7",9,0.118755118755119,0.952554744525548
10,8,"D7",10,0.114660114660115,0.96551724137931
10,9,"D0",1,1,NA
10,9,"D0",2,0.831894342598068,0.831894342598068
10,9,"D0",3,0.744643209146462,0.895117529974883
10,9,"D0",4,0.691076004618287,0.92806326053846
10,9,"D0",5,0.654158805252832,0.946580116920937
10,9,"D0",6,0.626645264847512,0.957940579283823
10,9,"D0",7,0.604962546816479,0.965398736338798
10,9,"D0",8,0.587187068795584,0.970617225620932
10,9,"D0",9,0.572205795387345,0.974486370350477
10,9,"D0",10,0.559432288586635,0.977676725919802
10,9,"D1",1,1,NA
10,9,"D1",2,0.67865381621591,0.67865381621591
10,9,"D1",3,0.531370738334819,0.782977603069672
10,9,"D1",4,0.447331550121004,0.841844531226591
10,9,"D1",5,0.393206405816264,0.87900441117981
10,9,"D1",6,0.355599226061588,0.904357662544669
10,9,"D1",7,0.328089839935465,0.92263935321007
10,9,"D1",8,0.307236162413847,0.93643912433948
10,9,"D1",9,0.291045726659024,0.947302961905201
10,9,"D1",10,0.278308495733028,0.956236323851203
10,9,"D3",1,1,NA
10,9,"D3",2,0.595093795093795,0.595093795093795
10,9,"D3",3,0.466214088941362,0.78342959174676
10,9,"D3",4,0.403013436779671,0.864438562324014
10,9,"D3",5,0.364151721294578,0.903572159291706
10,9,"D3",6,0.336672850958565,0.924540050948203
10,9,"D3",7,0.315564738292011,0.937303787322156
10,9,"D3",8,0.298465171192444,0.945812807881773
10,9,"D3",9,0.284061393152302,0.951740506329114
10,9,"D3",10,0.271546635182999,0.955943474646717
10,9,"D5",1,1,NA
10,9,"D5",2,0.576527607917742,0.576527607917742
10,9,"D5",3,0.439631743443403,0.762551068510371
10,9,"D5",4,0.370605478228797,0.842990716107168
10,9,"D5",5,0.328476954037492,0.886325144483439
10,9,"D5",6,0.29976899035195,0.912602807190347
10,9,"D5",7,0.278808261992119,0.930077062556664
10,9,"D5",8,0.262807446663949,0.942609967101255
10,9,"D5",9,0.250305748063596,0.952430196483971
10,9,"D5",10,0.240521810028536,0.960912052117264
10,9,"D6",1,1,NA
10,9,"D6",2,0.47433659999105,0.47433659999105
10,9,"D6",3,0.317760773258155,0.669905660377359
10,9,"D6",4,0.249717124062674,0.785865169895588
10,9,"D6",5,0.212924074180619,0.8526610859381
10,9,"D6",6,0.189900849586713,0.89187120018014
10,9,"D6",7,0.173915961874077,0.915825085841244
10,9,"D6",8,0.161990423770528,0.931429306574038
10,9,"D6",9,0.152637937978252,0.942265193370166
10,9,"D6",10,0.144985904148208,0.949868073878628
10,9,"D7",1,1,NA
10,9,"D7",2,0.345988621850691,0.345988621850691
10,9,"D7",3,0.213340299547196,0.616610738255034
10,9,"D7",4,0.159974125491367,0.749854227405248
10,9,"D7",5,0.131031165513924,0.819077242094349
10,9,"D7",6,0.112852664576802,0.86126582278481
10,9,"D7",7,0.100574712643678,0.891203703703704
10,9,"D7",8,0.0921862301172646,0.916594516594517
10,9,"D7",9,0.0867293625914316,0.940806045340051
10,9,"D7",10,0.083594566353187,0.963855421686747
10,10,"D0",1,1,NA
10,10,"D0",2,0.830751804436015,0.830751804436015
10,10,"D0",3,0.743208669195511,0.894621793448965
10,10,"D0",4,0.689623834360676,0.927900686501897
10,10,"D0",5,0.652682757945916,0.946433005104867
10,10,"D0",6,0.625070559281086,0.957694303505535
10,10,"D0",7,0.603193654180496,0.965000903056847
10,10,"D0",8,0.585124598282493,0.970044353462982
10,10,"D0",9,0.569760550023708,0.97374226223973
10,10,"D0",10,0.556543385490754,0.976802246957245
10,10,"D1",1,1,NA
10,10,"D1",2,0.677884821237422,0.677884821237422
10,10,"D1",3,0.531283451081139,0.783737051541182
10,10,"D1",4,0.447921827690614,0.843093882896432
10,10,"D1",5,0.394113629181067,0.879871452599284
10,10,"D1",6,0.356491421231306,0.904539693215034
10,10,"D1",7,0.328676942838793,0.921977145210274
10,10,"D1",8,0.307243274102619,0.934788036693264
10,10,"D1",9,0.290173410404624,0.944441863706044
10,10,"D1",10,0.276172125883109,0.951748561310314
10,10,"D3",1,1,NA
10,10,"D3",2,0.585465399610136,0.585465399610136
10,10,"D3",3,0.46016081871345,0.785974404328374
10,10,"D3",4,0.400858918128655,0.871127879269261
10,10,"D3",5,0.365823412698413,0.912598912370966
10,10,"D3",6,0.342144423558897,0.935272078501338
10,10,"D3",7,0.324698464912281,0.949009957651368
10,10,"D3",8,0.311038011695906,0.957928802588997
10,10,"D3",9,0.299890350877193,0.964159811985899
10,10,"D3",10,0.290570175438596,0.968921389396709
10,10,"D5",1,1,NA
10,10,"D5",2,0.554077358955408,0.554077358955408
10,10,"D5",3,0.403824833702882,0.728823921742997
10,10,"D5",4,0.32933868299722,0.815548365308146
10,10,"D5",5,0.284743485962998,0.864591682251314
10,10,"D5",6,0.254267412803998,0.892970077766905
10,10,"D5",7,0.231306972160631,0.909699633192608
10,10,"D5",8,0.212942432454628,0.920605334398438
10,10,"D5",9,0.197708795269771,0.928461241804859
10,10,"D5",10,0.184774575018477,0.934579439252336
10,10,"D6",1,1,NA
10,10,"D6",2,0.460972537163013,0.460972537163013
10,10,"D6",3,0.308163265306122,0.668506777437691
10,10,"D6",4,0.241831335708887,0.78475069203546
10,10,"D6",5,0.204639527768779,0.846207656129071
10,10,"D6",6,0.180304502753482,0.881083457919268
10,10,"D6",7,0.162925170068027,0.903611210923464
10,10,"D6",8,0.149861426051902,0.919817521070131
10,10,"D6",9,0.13968253968254,0.932078009414929
10,10,"D6",10,0.131519274376417,0.941558441558441
10,10,"D7",1,1,NA
10,10,"D7",2,0.368698659749243,0.368698659749243
10,10,"D7",3,0.215239948119326,0.583782833020638
10,10,"D7",4,0.149268111914026,0.693496319889812
10,10,"D7",5,0.112716941510716,0.755130751406819
10,10,"D7",6,0.0898647396701871,0.797260273972603
10,10,"D7",7,0.0744487678339818,0.828453608247423
10,10,"D7",8,0.0632944228274968,0.850174216027875
10,10,"D7",9,0.0544747081712062,0.860655737704918
10,10,"D7",10,0.0466926070038911,0.857142857142857
10,11,"D0",1,1,NA
10,11,"D0",2,0.83056705433997,0.83056705433997
10,11,"D0",3,0.742726197516263,0.894239897471599
10,11,"D0",4,0.688994959308383,0.927656734894284
10,11,"D0",5,0.652086677367576,0.946431709779335
10,11,"D0",6,0.62464306834502,0.957914170040486
10,11,"D0",7,0.603011038833038,0.965368975326508
10,11,"D0",8,0.585202707142388,0.970467652258716
10,11,"D0",9,0.570076877587226,0.974152837349262
10,11,"D0",10,0.557066824364281,0.977178423236514
10,11,"D1",1,1,NA
10,11,"D1",2,0.69897832045851,0.69897832045851
10,11,"D1",3,0.56047013871584,0.801841948900772
10,11,"D1",4,0.480637333428263,0.857561001429101
10,11,"D1",5,0.428708384259094,0.891958144826636
10,11,"D1",6,0.392382494986532,0.915266669357675
10,11,"D1",7,0.36568132735277,0.931951175256485
10,11,"D1",8,0.345308303568956,0.944287492250978
10,11,"D1",9,0.329304759531523,0.953654331876679
10,11,"D1",10,0.316471467729878,0.961029133560348
10,11,"D3",1,1,NA
10,11,"D3",2,0.57939525620134,0.57939525620134
10,11,"D3",3,0.454576317218903,0.7845703125
10,11,"D3",4,0.396394299164533,0.872008250649027
10,11,"D3",5,0.36166938258193,0.912398042414356
10,11,"D3",6,0.337652931895192,0.933595565885929
10,11,"D3",7,0.31948216548977,0.946185077370921
10,11,"D3",8,0.304906753575955,0.954378010767923
10,11,"D3",9,0.29277566539924,0.96021377672209
10,11,"D3",10,0.282455187398153,0.964749536178108
10,11,"D5",1,1,NA
10,11,"D5",2,0.551340173387417,0.551340173387417
10,11,"D5",3,0.401843235504653,0.728848095787652
10,11,"D5",4,0.328032859528923,0.816320471631093
10,11,"D5",5,0.283331060890116,0.863727680504321
10,11,"D5",6,0.252360500391996,0.890691262719936
10,11,"D5",7,0.228942973037461,0.907206051192004
10,11,"D5",8,0.210291895331265,0.918533958659024
10,11,"D5",9,0.195060844667144,0.927571860816944
10,11,"D5",10,0.182534001431639,0.935779816513762
10,11,"D6",1,1,NA
10,11,"D6",2,0.457319545823196,0.457319545823196
10,11,"D6",3,0.305200729927007,0.667368654400355
10,11,"D6",4,0.23785627389642,0.779343725532066
10,11,"D6",5,0.199462692619627,0.83858495448595
10,11,"D6",6,0.174096280848106,0.872826284262117
10,11,"D6",7,0.155831812652068,0.895089842775144
10,11,"D6",8,0.142031630170316,0.911441815076848
10,11,"D6",9,0.131386861313869,0.925053533190578
10,11,"D6",10,0.123175182481752,0.9375
10,11,"D7",1,1,NA
10,11,"D7",2,0.325389052127544,0.325389052127544
10,11,"D7",3,0.196784198498204,0.604765886287625
10,11,"D7",4,0.146821510190756,0.746104165432245
10,11,"D7",5,0.120641139250346,0.821685726387124
10,11,"D7",6,0.10437945991325,0.86520618556701
10,11,"D7",7,0.0927195559908586,0.888293118856122
10,11,"D7",8,0.0833605397758189,0.89906103286385
10,11,"D7",9,0.0754162585700294,0.904699738903394
10,11,"D7",10,0.0685602350636631,0.909090909090909
10,12,"D0",1,1,NA
10,12,"D0",2,0.83372715816005,0.83372715816005
10,12,"D0",3,0.747917651228733,0.897077231931979
10,12,"D0",4,0.695739377981817,0.930235269670137
10,12,"D0",5,0.659954297566538,0.948565394531666
10,12,"D0",6,0.633225312809434,0.959498733691618
10,12,"D0",7,0.612067777252678,0.966587666145426
10,12,"D0",8,0.594675488342785,0.971584374220842
10,12,"D0",9,0.580044896030246,0.975397350993377
10,12,"D0",10,0.567698487712665,0.978714736734902
10,12,"D1",1,1,NA
10,12,"D1",2,0.680397447789302,0.680397447789302
10,12,"D1",3,0.533745467577367,0.784461301716481
10,12,"D1",4,0.449953621721899,0.843011602073562
10,12,"D1",5,0.395585631166203,0.879169790104948
10,12,"D1",6,0.35727235493236,0.903147957824217
10,12,"D1",7,0.328695505523231,0.920013824146738
10,12,"D1",8,0.306518256176743,0.932529502308876
10,12,"D1",9,0.288831267391854,0.942297111416781
10,12,"D1",10,0.274475082216038,0.950295598861397
10,12,"D3",1,1,NA
10,12,"D3",2,0.585887234433677,0.585887234433677
10,12,"D3",3,0.453261640274167,0.773632900044823
10,12,"D3",4,0.389517281741342,0.859365203518508
10,12,"D3",5,0.351684280424531,0.902872085295732
10,12,"D3",6,0.326310339782332,0.927850228018241
10,12,"D3",7,0.307925628299062,0.94365881419653
10,12,"D3",8,0.293915281388692,0.954500874163149
10,12,"D3",9,0.2829118411723,0.962562544674768
10,12,"D3",10,0.27416686362562,0.969089390142022
10,12,"D5",1,1,NA
10,12,"D5",2,0.563241436925647,0.563241436925647
10,12,"D5",3,0.416885964912281,0.740154998516761
10,12,"D5",4,0.343161475116362,0.823154301173389
10,12,"D5",5,0.297484783387039,0.86689446502165
10,12,"D5",6,0.265180809165772,0.891409658492553
10,12,"D5",7,0.240194235588972,0.905775332478229
10,12,"D5",8,0.219799498746867,0.915090648232685
10,12,"D5",9,0.202631578947368,0.921892816419612
10,12,"D5",10,0.18796992481203,0.927643784786642
10,12,"D6",1,1,NA
10,12,"D6",2,0.436966935389648,0.436966935389648
10,12,"D6",3,0.287723449001052,0.658455882352941
10,12,"D6",4,0.217890941865705,0.757292958297983
10,12,"D6",5,0.176693705873517,0.810927266459841
10,12,"D6",6,0.149616944569626,0.846758767268863
10,12,"D6",7,0.130739572379951,0.873828647925033
10,12,"D6",8,0.117186587218133,0.896336014298481
10,12,"D6",9,0.107255520504732,0.915254237288136
10,12,"D6",10,0.0998948475289169,0.931372549019608
10,12,"D7",1,1,NA
10,12,"D7",2,0.37023702370237,0.37023702370237
10,12,"D7",3,0.235598559855986,0.636345218800648
10,12,"D7",4,0.173203034589173,0.735161686451085
10,12,"D7",5,0.135406397782635,0.781778437680442
10,12,"D7",6,0.10955381252411,0.809074122922712
10,12,"D7",7,0.0905340534053405,0.826388888888889
10,12,"D7",8,0.0758075807580758,0.837337752002209
10,12,"D7",9,0.0639063906390639,0.843007915567282
10,12,"D7",10,0.054005400540054,0.845070422535211
10,13,"D0",1,1,NA
10,13,"D0",2,0.833415278515284,0.833415278515284
10,13,"D0",3,0.746779554349322,0.896047353103123
10,13,"D0",4,0.693599004295801,0.928786815675667
10,13,"D0",5,0.656678251374104,0.946769310951964
10,13,"D0",6,0.628771468467026,0.957503110772006
10,13,"D0",7,0.606446791354455,0.964494767602928
10,13,"D0",8,0.587920624618955,0.969451290699183
10,13,"D0",9,0.572187149684347,0.973238777012109
10,13,"D0",10,0.558735028615257,0.976489997937719
10,13,"D1",1,1,NA
10,13,"D1",2,0.698199226559852,0.698199226559852
10,13,"D1",3,0.560913600232447,0.803371844159962
10,13,"D1",4,0.482662824173315,0.86049406534856
10,13,"D1",5,0.432105079542973,0.895252457620004
10,13,"D1",6,0.396784876705181,0.91826015358313
10,13,"D1",7,0.370737604549322,0.934354171025495
10,13,"D1",8,0.350732277635957,0.946039121287186
10,13,"D1",9,0.334848390511176,0.954712217444475
10,13,"D1",10,0.321897764771807,0.961323912235032
10,13,"D3",1,1,NA
10,13,"D3",2,0.588491743557586,0.588491743557586
10,13,"D3",3,0.465309504613455,0.790681449157702
10,13,"D3",4,0.406521544387709,0.873658372238533
10,13,"D3",5,0.371177316218972,0.91305693718651
10,13,"D3",6,0.346680999731255,0.934003735095532
10,13,"D3",7,0.328159992833468,0.946576227390181
10,13,"D3",8,0.313356624563289,0.954889783662049
10,13,"D3",9,0.300994356355818,0.960548885077187
10,13,"D3",10,0.290244557914539,0.964285714285714
10,13,"D5",1,1,NA
10,13,"D5",2,0.562553925798102,0.562553925798102
10,13,"D5",3,0.418895599654875,0.744631901840491
10,13,"D5",4,0.345679773203501,0.82521700750331
10,13,"D5",5,0.300135584863799,0.868247459440185
10,13,"D5",6,0.268416943999343,0.894318959616701
10,13,"D5",7,0.244679321253955,0.911564365528853
10,13,"D5",8,0.226056945642795,0.923890684689979
10,13,"D5",9,0.210957722174288,0.933206106870229
10,13,"D5",10,0.198446937014668,0.940695296523517
10,13,"D6",1,1,NA
10,13,"D6",2,0.458728701152944,0.458728701152944
10,13,"D6",3,0.304292929292929,0.663339635231317
10,13,"D6",4,0.237701692247147,0.781160747965727
10,13,"D6",5,0.200890579678458,0.845137355898945
10,13,"D6",6,0.177292404565132,0.882532196626156
10,13,"D6",7,0.160889194980104,0.907479343938833
10,13,"D6",8,0.148964391388634,0.925881886642886
10,13,"D6",9,0.140036730945822,0.940068493150685
10,13,"D6",10,0.133149678604224,0.950819672131147
10,13,"D7",1,1,NA
10,13,"D7",2,0.369622147399925,0.369622147399925
10,13,"D7",3,0.229587542087542,0.621141194331984
10,13,"D7",4,0.169833253166587,0.739732006459779
10,13,"D7",5,0.136417080861525,0.803241287074188
10,13,"D7",6,0.115319865319865,0.845347698334966
10,13,"D7",7,0.100939955106622,0.875304136253041
10,13,"D7",8,0.0905349794238683,0.896919156821867
10,13,"D7",9,0.0824915824915825,0.911157024793388
10,13,"D7",10,0.0757575757575758,0.918367346938776
10,14,"D0",1,1,NA
10,14,"D0",2,0.828647925033467,0.828647925033467
10,14,"D0",3,0.741043381446578,0.894280138837793
10,14,"D0",4,0.687621774225615,0.927910283583291
10,14,"D0",5,0.650650693296524,0.946233405754599
10,14,"D0",6,0.622927352976262,0.957391361285113
10,14,"D0",7,0.601003021988946,0.964804353376739
10,14,"D0",8,0.583045051493101,0.970119999669194
10,14,"D0",9,0.567994751282357,0.974186728500307
10,14,"D0",10,0.555290468805917,0.977633098813399
10,14,"D1",1,1,NA
10,14,"D1",2,0.677872952491359,0.677872952491359
10,14,"D1",3,0.532427384555935,0.785438307575374
10,14,"D1",4,0.450247955174857,0.845651385024797
10,14,"D1",5,0.397415766289341,0.882659791614162
10,14,"D1",6,0.360603802286033,0.907371656773911
10,14,"D1",7,0.333494343187136,0.924822037574098
10,14,"D1",8,0.312688292079031,0.937611981932687
10,14,"D1",9,0.296193727056096,0.947249176125961
10,14,"D1",10,0.282733303278161,0.954555338116982
10,14,"D3",1,1,NA
10,14,"D3",2,0.583502241877035,0.583502241877035
10,14,"D3",3,0.458724894048277,0.786157894736842
10,14,"D3",4,0.398931269578036,0.869652540670817
10,14,"D3",5,0.363043688085147,0.910040690641153
10,14,"D3",6,0.338834925899603,0.933317220543807
10,14,"D3",7,0.321217984153308,0.948007302672467
10,14,"D3",8,0.307597813402125,0.957598355561929
10,14,"D3",9,0.29657269209508,0.964157348242812
10,14,"D3",10,0.287451630735213,0.969245107176142
10,14,"D5",1,1,NA
10,14,"D5",2,0.548412698412698,0.548412698412698
10,14,"D5",3,0.403141534391534,0.735106126386879
10,14,"D5",4,0.331481481481481,0.822245919120663
10,14,"D5",5,0.288296800201562,0.869722190552199
10,14,"D5",6,0.259089191232048,0.898689097662224
10,14,"D5",7,0.237929894179894,0.918331996207425
10,14,"D5",8,0.221869488536155,0.932499420894139
10,14,"D5",9,0.209126984126984,0.942567567567568
10,14,"D5",10,0.198412698412698,0.94876660341556
10,14,"D6",1,1,NA
10,14,"D6",2,0.439148395297108,0.439148395297108
10,14,"D6",3,0.276731808071179,0.630155571635311
10,14,"D6",4,0.205615325253075,0.743012979556686
10,14,"D6",5,0.166995778292251,0.812175736836295
10,14,"D6",6,0.143129511099006,0.857084607543323
10,14,"D6",7,0.126787416587226,0.885823025689819
10,14,"D6",8,0.114500582565406,0.903091060985798
10,14,"D6",9,0.104385128693994,0.911655874190564
10,14,"D6",10,0.0953288846520496,0.91324200913242
10,14,"D7",1,1,NA
10,14,"D7",2,0.342739564961787,0.342739564961787
10,14,"D7",3,0.202601410934744,0.591123499142367
10,14,"D7",4,0.142941127068111,0.705528783874812
10,14,"D7",5,0.110684191372022,0.774334116725421
10,14,"D7",6,0.0906189636348367,0.818716408472969
10,14,"D7",7,0.0768665490887713,0.848239110287303
10,14,"D7",8,0.0668234371938076,0.869343530911409
10,14,"D7",9,0.0590828924162257,0.8841642228739
10,14,"D7",10,0.0529100529100529,0.895522388059702
10,15,"D0",1,1,NA
10,15,"D0",2,0.829102682579943,0.829102682579943
10,15,"D0",3,0.740596551249533,0.893250699593682
10,15,"D0",4,0.686750202942027,0.927293276998581
10,15,"D0",5,0.649882635371929,0.946315898543374
10,15,"D0",6,0.622746922162955,0.958245209623973
10,15,"D0",7,0.601732240114827,0.966254860039873
10,15,"D0",8,0.584662170576168,0.971631785035481
10,15,"D0",9,0.57016457264201,0.975203461650562
10,15,"D0",10,0.557423464873474,0.977653631284916
10,15,"D1",1,1,NA
10,15,"D1",2,0.682892236121749,0.682892236121749
10,15,"D1",3,0.538299931920688,0.788264829276398
10,15,"D1",4,0.455058536051643,0.845362425419535
10,15,"D1",5,0.40077642834855,0.880714010610422
10,15,"D1",6,0.362589202134773,0.904716885743175
10,15,"D1",7,0.334338566930474,0.922086385810799
10,15,"D1",8,0.312725158142569,0.935354724444939
10,15,"D1",9,0.295762062803166,0.945757177196245
10,15,"D1",10,0.282103650753127,0.953819594302978
10,15,"D3",1,1,NA
10,15,"D3",2,0.590080568575192,0.590080568575192
10,15,"D3",3,0.468477162025549,0.793920672827328
10,15,"D3",4,0.411004765843476,0.877320815525818
10,15,"D3",5,0.377000538290861,0.917265612521961
10,15,"D3",6,0.354050966954193,0.939125892390737
10,15,"D3",7,0.337308151824281,0.952710720510253
10,15,"D3",8,0.324479980393959,0.961968984855709
10,15,"D3",9,0.314309346567411,0.968655589123867
10,15,"D3",10,0.306038047973532,0.973684210526316
10,15,"D5",1,1,NA
10,15,"D5",2,0.560431499460626,0.560431499460626
10,15,"D5",3,0.41210355987055,0.735332614721281
10,15,"D5",4,0.33619972260749,0.815813682155759
10,15,"D5",5,0.288935120973956,0.859415108177484
10,15,"D5",6,0.255811373092927,0.885359219158355
10,15,"D5",7,0.23084142394822,0.902389214197932
10,15,"D5",8,0.211175836030205,0.914809103229123
10,15,"D5",9,0.195339805825243,0.925010216591745
10,15,"D5",10,0.18252427184466,0.934393638170974
10,15,"D6",1,1,NA
10,15,"D6",2,0.439055932751374,0.439055932751374
10,15,"D6",3,0.275137407048173,0.626656848306333
10,15,"D6",4,0.203847397348852,0.740893066980024
10,15,"D6",5,0.166235585731221,0.815490351572826
10,15,"D6",6,0.143803981340354,0.865061356795555
10,15,"D6",7,0.129081797607501,0.897623253573149
10,15,"D6",8,0.118331716779825,0.916718847839699
10,15,"D6",9,0.109602327837051,0.926229508196721
10,15,"D6",10,0.10184287099903,0.929203539823009
10,15,"D7",1,1,NA
10,15,"D7",2,0.316391639163916,0.316391639163916
10,15,"D7",3,0.182260726072607,0.57606050069541
10,15,"D7",4,0.128099952852428,0.702839035116083
10,15,"D7",5,0.0994813767090995,0.776591829223408
10,15,"D7",6,0.0824611032531825,0.828909952606635
10,15,"D7",7,0.0719471947194719,0.872498570611778
10,15,"D7",8,0.0653465346534653,0.908256880733945
10,15,"D7",9,0.0613861386138614,0.939393939393939
10,15,"D7",10,0.0594059405940594,0.967741935483871
10,16,"D0",1,1,NA
10,16,"D0",2,0.827104657621201,0.827104657621201
10,16,"D0",3,0.7388171467111,0.893257146968534
10,16,"D0",4,0.685406535858809,0.927707943582451
10,16,"D0",5,0.649028198123652,0.946924437057526
10,16,"D0",6,0.622451003729271,0.959050786281373
10,16,"D0",7,0.602029278743156,0.967191433761433
10,16,"D0",8,0.585561638763257,0.972646446674025
10,16,"D0",9,0.571649607236372,0.976241559204137
10,16,"D0",10,0.559390621280647,0.978555069748074
10,16,"D1",1,1,NA
10,16,"D1",2,0.683916985468253,0.683916985468253
10,16,"D1",3,0.538892041871611,0.787949492879828
10,16,"D1",4,0.455557957828105,0.8453603364524
10,16,"D1",5,0.401242075002953,0.880770642040573
10,16,"D1",6,0.362938339669327,0.9045370918956
10,16,"D1",7,0.334457897170723,0.921528151243122
10,16,"D1",8,0.312453581087709,0.934209010254638
10,16,"D1",9,0.294930003783579,0.943916221913262
10,16,"D1",10,0.280615462227267,0.951464614068848
10,16,"D3",1,1,NA
10,16,"D3",2,0.581946633969755,0.581946633969755
10,16,"D3",3,0.453757225433526,0.779723086184409
10,16,"D3",4,0.393026049095413,0.866159318388618
10,16,"D3",5,0.35669452576967,0.907559502965863
10,16,"D3",6,0.331781898255887,0.930156967057379
10,16,"D3",7,0.313342967244701,0.94442454182065
10,16,"D3",8,0.299059963799848,0.954417347960776
10,16,"D3",9,0.287703625853915,0.962026552128075
10,16,"D3",10,0.278507619548082,0.968036529680365
10,16,"D5",1,1,NA
10,16,"D5",2,0.537016206307545,0.537016206307545
10,16,"D5",3,0.385264341957255,0.717416602017067
10,16,"D5",4,0.311318228078633,0.808063955509211
10,16,"D5",5,0.267020193904333,0.857708189951824
10,16,"D5",6,0.236434731372864,0.885456369107322
10,16,"D5",7,0.213160854893138,0.901563207974626
10,16,"D5",8,0.194309044702745,0.911560637154305
10,16,"D5",9,0.178477690288714,0.91852487135506
10,16,"D5",10,0.164979377577803,0.92436974789916
10,16,"D6",1,1,NA
10,16,"D6",2,0.417905347684948,0.417905347684948
10,16,"D6",3,0.257090381001196,0.615188062142273
10,16,"D6",4,0.189548705181714,0.73728431395818
10,16,"D6",5,0.152343527535737,0.803717057258134
10,16,"D6",6,0.127675673037026,0.83807743658211
10,16,"D6",7,0.109345634717239,0.856432804435098
10,16,"D6",8,0.0947662167549405,0.866666666666667
10,16,"D6",9,0.0825217837006663,0.870793269230769
10,16,"D6",10,0.0717580727831881,0.869565217391304
10,16,"D7",1,1,NA
10,16,"D7",2,0.355253212396069,0.355253212396069
10,16,"D7",3,0.218739876903142,0.615729483282675
10,16,"D7",4,0.160488685270026,0.733696514518432
10,16,"D7",5,0.128380150246039,0.799932718185313
10,16,"D7",6,0.108565875329724,0.845659357164314
10,16,"D7",7,0.0957240038872692,0.881713554987212
10,16,"D7",8,0.0872475974516791,0.911449520586576
10,16,"D7",9,0.0816326530612245,0.935643564356436
10,16,"D7",10,0.0777453838678328,0.952380952380952
10,17,"D0",1,1,NA
10,17,"D0",2,0.828586518782597,0.828586518782597
10,17,"D0",3,0.741567637155872,0.894979124504008
10,17,"D0",4,0.689265201029907,0.929470444089819
10,17,"D0",5,0.653670222297673,0.948358079475001
10,17,"D0",6,0.627538692244575,0.960023373925088
10,17,"D0",7,0.607313329372153,0.96777033333183
10,17,"D0",8,0.590876081072159,0.97293448454855
10,17,"D0",9,0.57688651218063,0.976324022346369
10,17,"D0",10,0.564468211527035,0.978473581213307
10,17,"D1",1,1,NA
10,17,"D1",2,0.682633462507676,0.682633462507676
10,17,"D1",3,0.536592338479131,0.786062166521901
10,17,"D1",4,0.4521011250571,0.842541148348287
10,17,"D1",5,0.396845564560449,0.877780528660105
10,17,"D1",6,0.357921835909257,0.901917188631541
10,17,"D1",7,0.329108697033225,0.919498795588049
10,17,"D1",8,0.307011413929653,0.932857188817038
10,17,"D1",9,0.289625817927705,0.943371499517175
10,17,"D1",10,0.275713105901785,0.951963149813556
10,17,"D3",1,1,NA
10,17,"D3",2,0.598760536904867,0.598760536904867
10,17,"D3",3,0.476649925103533,0.796061022270185
10,17,"D3",4,0.417280314187531,0.875443994031664
10,17,"D3",5,0.381216721422907,0.913574660633484
10,17,"D3",6,0.356217665496016,0.934422981674096
10,17,"D3",7,0.337518724116662,0.947506979045196
10,17,"D3",8,0.322906570329251,0.95670713135796
10,17,"D3",9,0.311128733809146,0.963525559396034
10,17,"D3",10,0.301348136399683,0.96856414613424
10,17,"D5",1,1,NA
10,17,"D5",2,0.553762063370057,0.553762063370057
10,17,"D5",3,0.407859338970023,0.736524521900062
10,17,"D5",4,0.334211778485414,0.819429020135734
10,17,"D5",5,0.288804094530459,0.864134997992188
10,17,"D5",6,0.257219721093664,0.890637376564398
10,17,"D5",7,0.233378170637971,0.907310565635005
10,17,"D5",8,0.214279613972158,0.91816476830886
10,17,"D5",9,0.198308993082244,0.92546831406935
10,17,"D5",10,0.184473481936972,0.930232558139535
10,17,"D6",1,1,NA
10,17,"D6",2,0.432724814063557,0.432724814063557
10,17,"D6",3,0.277003042596349,0.64013671875
10,17,"D6",4,0.207041437264561,0.747433801896044
10,17,"D6",5,0.167201938246563,0.807577171293057
10,17,"D6",6,0.141215106732348,0.844578168251294
10,17,"D6",7,0.122591277890467,0.868117305061559
10,17,"D6",8,0.108181203515889,0.88245432609445
10,17,"D6",9,0.0963488843813387,0.890625
10,17,"D6",10,0.0862068965517241,0.894736842105263
10,17,"D7",1,1,NA
10,17,"D7",2,0.300912810827825,0.300912810827825
10,17,"D7",3,0.169420837267863,0.563023012552301
10,17,"D7",4,0.117361392148928,0.692721120031849
10,17,"D7",5,0.0901569315167049,0.768199233716475
10,17,"D7",6,0.0737892890867395,0.818453865336658
10,17,"D7",7,0.063188542650299,0.856337599024985
10,17,"D7",8,0.0560276990871892,0.88667496886675
10,17,"D7",9,0.0509915014164306,0.910112359550562
10,17,"D7",10,0.0472143531633617,0.925925925925926
10,18,"D0",1,1,NA
10,18,"D0",2,0.8273502244902,0.8273502244902
10,18,"D0",3,0.738389802013489,0.892475496055463
10,18,"D0",4,0.684125759720609,0.926510303710981
10,18,"D0",5,0.646731447182405,0.945340002175221
10,18,"D0",6,0.618976980218302,0.957085020242915
10,18,"D0",7,0.597223046341898,0.964855019537669
10,18,"D0",8,0.579283609248601,0.969961914224209
10,18,"D0",9,0.563816531181392,0.973299644905763
10,18,"D0",10,0.550050436124132,0.975584087560514
10,18,"D1",1,1,NA
10,18,"D1",2,0.688820871593062,0.688820871593062
10,18,"D1",3,0.544959085514398,0.791147754065655
10,18,"D1",4,0.461255424775944,0.846403770551978
10,18,"D1",5,0.405994346434099,0.880194193122631
10,18,"D1",6,0.366674697863404,0.903152226339986
10,18,"D1",7,0.337357111624711,0.920044697903823
10,18,"D1",8,0.31486455535428,0.933327161351047
10,18,"D1",9,0.29733275032794,0.944319534453115
10,18,"D1",10,0.2835904803548,0.953781512605042
10,18,"D3",1,1,NA
10,18,"D3",2,0.587687923463898,0.587687923463898
10,18,"D3",3,0.463992846549769,0.789522513607125
10,18,"D3",4,0.405079697411548,0.873030048682223
10,18,"D3",5,0.36987533388999,0.913092747559275
10,18,"D3",6,0.345733477897833,0.93472974870139
10,18,"D3",7,0.327619296868185,0.947606517194146
10,18,"D3",8,0.313123382476955,0.95575378333999
10,18,"D3",9,0.300968332897147,0.961181277860327
10,18,"D3",10,0.290499869144203,0.965217391304348
10,18,"D5",1,1,NA
10,18,"D5",2,0.563388676032354,0.563388676032354
10,18,"D5",3,0.418869731800766,0.74348269608584
10,18,"D5",4,0.345265462506842,0.82427885400673
10,18,"D5",5,0.298865778750836,0.865611569083351
10,18,"D5",6,0.265462506841817,0.888233199369181
10,18,"D5",7,0.239431673052363,0.901941580756014
10,18,"D5",8,0.218135376756066,0.911054807307641
10,18,"D5",9,0.2,0.916861826697892
10,18,"D5",10,0.183908045977011,0.919540229885057
10,18,"D6",1,1,NA
10,18,"D6",2,0.474681785337113,0.474681785337113
10,18,"D6",3,0.319326329831582,0.67271662763466
10,18,"D6",4,0.249148383715667,0.780231256993659
10,18,"D6",5,0.209251451122387,0.839866781400389
10,18,"D6",6,0.182948617165726,0.874300351010341
10,18,"D6",7,0.164165416041354,0.897330729166667
10,18,"D6",8,0.150075037518759,0.914169629253428
10,18,"D6",9,0.139069534767384,0.926666666666667
10,18,"D6",10,0.130065032516258,0.935251798561151
10,18,"D7",1,1,NA
10,18,"D7",2,0.366988586479368,0.366988586479368
10,18,"D7",3,0.235001463271876,0.640350877192982
10,18,"D7",4,0.178644592165224,0.760185020458993
10,18,"D7",5,0.146675585657148,0.821046883532257
10,18,"D7",6,0.125130649274635,0.853111638954869
10,18,"D7",7,0.109160081943225,0.872368860674908
10,18,"D7",8,0.0967710467271486,0.886505808757819
10,18,"D7",9,0.086918349429324,0.898185483870968
10,18,"D7",10,0.0790166812993854,0.909090909090909
10,19,"D0",1,1,NA
10,19,"D0",2,0.833818821183016,0.833818821183016
10,19,"D0",3,0.747569280428279,0.89656081325633
10,19,"D0",4,0.694814652360708,0.929431787195231
10,19,"D0",5,0.658323398639884,0.9474805927065
10,19,"D0",6,0.630831477607576,0.958239489756695
10,19,"D0",7,0.608890332231145,0.965218689689293
10,19,"D0",8,0.590707500131213,0.970137755294447
10,19,"D0",9,0.575283419933869,0.973888802505609
10,19,"D0",10,0.562116202172886,0.977111772554655
10,19,"D1",1,1,NA
10,19,"D1",2,0.700420540061974,0.700420540061974
10,19,"D1",3,0.562842380478088,0.803577776899984
10,19,"D1",4,0.483405663062038,0.858865074537253
10,19,"D1",5,0.431569851546196,0.89276954020874
10,19,"D1",6,0.395077428381711,0.915442603245471
10,19,"D1",7,0.367986387782204,0.931428528553314
10,19,"D1",8,0.34707005312085,0.94316003157776
10,19,"D1",9,0.33042828685259,0.952050699509745
10,19,"D1",10,0.316857569721116,0.958929917106255
10,19,"D3",1,1,NA
10,19,"D3",2,0.586657356492392,0.586657356492392
10,19,"D3",3,0.46249018067557,0.788348046022615
10,19,"D3",4,0.402598536141348,0.870501802985879
10,19,"D3",5,0.365829582247493,0.908670920052858
10,19,"D3",6,0.339966832504146,0.929303831624393
10,19,"D3",7,0.320262721480318,0.94204107830552
10,19,"D3",8,0.304500887375986,0.950784674433921
10,19,"D3",9,0.291437549096622,0.957099178291611
10,19,"D3",10,0.280178057083006,0.96136567834681
10,19,"D5",1,1,NA
10,19,"D5",2,0.567937084089534,0.567937084089534
10,19,"D5",3,0.420780399274047,0.740892628887942
10,19,"D5",4,0.345968369198859,0.822206475861856
10,19,"D5",5,0.300867110304497,0.869637623234746
10,19,"D5",6,0.270814968455622,0.900114898506319
10,19,"D5",7,0.249546279491833,0.92146413071228
10,19,"D5",8,0.233998790078645,0.93769696969697
10,19,"D5",9,0.222504537205082,0.950879007238883
10,19,"D5",10,0.214156079854809,0.962479608482871
10,19,"D6",1,1,NA
10,19,"D6",2,0.463907700025082,0.463907700025082
10,19,"D6",3,0.317795334838224,0.685040008650519
10,19,"D6",4,0.253015156401161,0.796157553822997
10,19,"D6",5,0.214661937009567,0.848415328405132
10,19,"D6",6,0.188132860367623,0.876414621932899
10,19,"D6",7,0.168322046651618,0.894697748828705
10,19,"D6",8,0.152997241033358,0.908955446282223
10,19,"D6",9,0.140857787810384,0.920655737704918
10,19,"D6",10,0.130925507900677,0.92948717948718
10,19,"D7",1,1,NA
10,19,"D7",2,0.368406045052752,0.368406045052752
10,19,"D7",3,0.229968634160251,0.62422600619195
10,19,"D7",4,0.169497739215447,0.737047205739084
10,19,"D7",5,0.134628701780113,0.794280221100697
10,19,"D7",6,0.112143060817141,0.832980332829047
10,19,"D7",7,0.097020245223838,0.865147112241191
10,19,"D7",8,0.086873871305009,0.895420034288513
10,19,"D7",9,0.0804106073567151,0.925601750547046
10,19,"D7",10,0.076988879384089,0.957446808510638
10,20,"D0",1,1,NA
10,20,"D0",2,0.82958152958153,0.82958152958153
10,20,"D0",3,0.741174734356553,0.893432059330477
10,20,"D0",4,0.687032664305392,0.926951004207983
10,20,"D0",5,0.649627068458237,0.945554850896395
10,20,"D0",6,0.621788384775398,0.957146669166805
10,20,"D0",7,0.599960645415191,0.964895228192319
10,20,"D0",8,0.5820411911321,0.970132283808899
10,20,"D0",9,0.566706021251476,0.973652775586558
10,20,"D0",10,0.553128689492326,0.976041666666667
10,20,"D1",1,1,NA
10,20,"D1",2,0.675856093854304,0.675856093854304
10,20,"D1",3,0.527978397034386,0.781199432594305
10,20,"D1",4,0.44396863948187,0.84088410051549
10,20,"D1",5,0.390051009538418,0.878555318667608
10,20,"D1",6,0.352614086667519,0.904020443594795
10,20,"D1",7,0.325141676253782,0.922089299740197
10,20,"D1",8,0.304188503983979,0.935556793237886
10,20,"D1",9,0.287805189824875,0.946140916094691
10,20,"D1",10,0.274830627636457,0.954918942926937
10,20,"D3",1,1,NA
10,20,"D3",2,0.592857142857143,0.592857142857143
10,20,"D3",3,0.467219387755102,0.788080895008606
10,20,"D3",4,0.407300777453839,0.871754871754872
10,20,"D3",5,0.371993440233236,0.913313847713919
10,20,"D3",6,0.348408649173955,0.936598906033146
10,20,"D3",7,0.331292517006803,0.950873400509048
10,20,"D3",8,0.318083900226757,0.960130047912389
10,20,"D3",9,0.307397959183673,0.966405275351987
10,20,"D3",10,0.298469387755102,0.970954356846473
10,20,"D5",1,1,NA
10,20,"D5",2,0.56768473866238,0.56768473866238
10,20,"D5",3,0.426092357153295,0.750579200274584
10,20,"D5",4,0.35358343249619,0.829828150071655
10,20,"D5",5,0.308239911484103,0.871760051957253
10,20,"D5",6,0.276570426504666,0.897257026752455
10,20,"D5",7,0.252922694724536,0.914496527777778
10,20,"D5",8,0.234400116907789,0.926765852953922
10,20,"D5",9,0.219202104340202,0.935162094763092
10,20,"D5",10,0.20604997807979,0.94
10,20,"D6",1,1,NA
10,20,"D6",2,0.457463321816634,0.457463321816634
10,20,"D6",3,0.295966651644885,0.646973511383538
10,20,"D6",4,0.224618554046224,0.758931970199576
10,20,"D6",5,0.186001845533166,0.828078723607528
10,20,"D6",6,0.161827507028048,0.870031727718488
10,20,"D6",7,0.145147964548595,0.896930115369315
10,20,"D6",8,0.132992839617445,0.916257007330746
10,20,"D6",9,0.12392969806219,0.931852409638554
10,20,"D6",10,0.117169896349707,0.945454545454545
10,20,"D7",1,1,NA
10,20,"D7",2,0.362507759155804,0.362507759155804
10,20,"D7",3,0.223075729360646,0.615368150684931
10,20,"D7",4,0.16276491974816,0.729639751552795
10,20,"D7",5,0.126326446158848,0.776128212112957
10,20,"D7",6,0.101002039549526,0.799532026908453
10,20,"D7",7,0.0820918684047176,0.812774363476734
10,20,"D7",8,0.0674529277881233,0.821676118462508
10,20,"D7",9,0.0558659217877095,0.828220858895706
10,20,"D7",10,0.0465549348230912,0.833333333333333
10,21,"D0",1,1,NA
10,21,"D0",2,0.829010623775892,0.829010623775892
10,21,"D0",3,0.741582091914456,0.894538707521955
10,21,"D0",4,0.688411633868337,0.928301318726758
10,21,"D0",5,0.651821454242963,0.9468484002518
10,21,"D0",6,0.624683109637706,0.958365370718312
10,21,"D0",7,0.603477951213722,0.966054535336672
10,21,"D0",8,0.586094789667702,0.971195034530991
10,21,"D0",9,0.571191168615348,0.974571312840362
10,21,"D0",10,0.557896611074841,0.976724854530341
10,21,"D1",1,1,NA
10,21,"D1",2,0.680862890984115,0.680862890984115
10,21,"D1",3,0.535517285613495,0.786527350373673
10,21,"D1",4,0.452351936862231,0.84470090698195
10,21,"D1",5,0.398362710273428,0.880647738653883
10,21,"D1",6,0.360528510037842,0.905025748495342
10,21,"D1",7,0.332574348448891,0.922463381367491
10,21,"D1",8,0.311091156578938,0.935403340726217
10,21,"D1",9,0.294079917901353,0.945317511225144
10,21,"D1",10,0.280289910846001,0.953107960741549
10,21,"D3",1,1,NA
10,21,"D3",2,0.593900822063113,0.593900822063113
10,21,"D3",3,0.464936356404137,0.782851848544383
10,21,"D3",4,0.401375156267758,0.8632905358747
10,21,"D3",5,0.362276016213964,0.902587044954743
10,21,"D3",6,0.335003977724741,0.924720276063997
10,21,"D3",7,0.314498806682578,0.938791260983139
10,21,"D3",8,0.298329355608592,0.948586605957124
10,21,"D3",9,0.285202863961814,0.956
10,21,"D3",10,0.274463007159905,0.96234309623431
10,21,"D5",1,1,NA
10,21,"D5",2,0.568513719198651,0.568513719198651
10,21,"D5",3,0.422189312600271,0.742619392185239
10,21,"D5",4,0.349112321715061,0.826909424980165
10,21,"D5",5,0.305515887707669,0.875122041544625
10,21,"D5",6,0.276282152994482,0.90431353690791
10,21,"D5",7,0.254998148833765,0.922962797524089
10,21,"D5",8,0.238594759142704,0.935672514619883
10,21,"D5",9,0.225472047389856,0.945
10,21,"D5",10,0.214735283228434,0.952380952380952
10,21,"D6",1,1,NA
10,21,"D6",2,0.458764253513657,0.458764253513657
10,21,"D6",3,0.30346062052506,0.661473988439306
10,21,"D6",4,0.233731105807478,0.770218901559838
10,21,"D6",5,0.193696253362124,0.828714058802554
10,21,"D6",6,0.166837140584157,0.861333854879718
10,21,"D6",7,0.147136038186158,0.88191416893733
10,21,"D6",8,0.131954388756298,0.896818960079301
10,21,"D6",9,0.11980906921241,0.907958199356913
10,21,"D6",10,0.109785202863962,0.916334661354582
10,21,"D7",1,1,NA
10,21,"D7",2,0.321959755030621,0.321959755030621
10,21,"D7",3,0.185367454068241,0.575747282608696
10,21,"D7",4,0.128280839895013,0.692035398230088
10,21,"D7",5,0.0972534683164605,0.758129338691999
10,21,"D7",6,0.078458942632171,0.806746987951807
10,21,"D7",7,0.0665190288713911,0.847819593787336
10,21,"D7",8,0.0586176727909011,0.881216605014385
10,21,"D7",9,0.0531496062992126,0.906716417910448
10,21,"D7",10,0.0492125984251969,0.925925925925926
10,22,"D0",1,1,NA
10,22,"D0",2,0.828918518518518,0.828918518518518
10,22,"D0",3,0.741669135802469,0.8947431131446
10,22,"D0",4,0.68911746031746,0.929144044226474
10,22,"D0",5,0.653218106995885,0.947905320371599
10,22,"D0",6,0.626697707231041,0.959400390955465
10,22,"D0",7,0.60598024691358,0.966941860360401
10,22,"D0",8,0.588944855967078,0.971887877479063
10,22,"D0",9,0.574281481481482,0.975102296357579
10,22,"D0",10,0.561185185185185,0.97719533587865
10,22,"D1",1,1,NA
10,22,"D1",2,0.704707541100297,0.704707541100297
10,22,"D1",3,0.569263069278469,0.807800450651697
10,22,"D1",4,0.490953730266284,0.862437345335891
10,22,"D1",5,0.439710112618823,0.895624344030001
10,22,"D1",6,0.403568055286671,0.917804807542639
10,22,"D1",7,0.376663176050265,0.933332485354189
10,22,"D1",8,0.355728033071879,0.944419459321949
10,22,"D1",9,0.338795121350253,0.952399276561358
10,22,"D1",10,0.324627325366515,0.958181818181818
10,22,"D3",1,1,NA
10,22,"D3",2,0.584528973417862,0.584528973417862
10,22,"D3",3,0.458103937270604,0.783714679859195
10,22,"D3",4,0.397337814004481,0.867352977518225
10,22,"D3",5,0.360876749765639,0.908236611382699
10,22,"D3",6,0.336014586014586,0.931106219042377
10,22,"D3",7,0.317525859192526,0.944976415930773
10,22,"D3",8,0.302914025136247,0.953982223389816
10,22,"D3",9,0.290790790790791,0.959977969524509
10,22,"D3",10,0.28028028028028,0.963855421686747
10,22,"D5",1,1,NA
10,22,"D5",2,0.569359756097561,0.569359756097561
10,22,"D5",3,0.424510924796748,0.745593485051316
10,22,"D5",4,0.352025261324042,0.829249003409249
10,22,"D5",5,0.307479190863337,0.873457744784686
10,22,"D5",6,0.276150551684088,0.898111351564037
10,22,"D5",7,0.252032520325203,0.91266346848919
10,22,"D5",8,0.232469512195122,0.922379032258064
10,22,"D5",9,0.216082317073171,0.929508196721312
10,22,"D5",10,0.201981707317073,0.934744268077601
10,22,"D6",1,1,NA
10,22,"D6",2,0.443019240256537,0.443019240256537
10,22,"D6",3,0.284369347146851,0.641889383815887
10,22,"D6",4,0.215800972584396,0.758875647989426
10,22,"D6",5,0.179560066091887,0.832063284708615
10,22,"D6",6,0.157586863062936,0.877627562145661
10,22,"D6",7,0.142575234336458,0.90474060822898
10,22,"D6",8,0.131228416378885,0.920415224913495
10,22,"D6",9,0.121854958066108,0.928571428571429
10,22,"D6",10,0.113468179575728,0.931174089068826
10,22,"D7",1,1,NA
10,22,"D7",2,0.344785575048733,0.344785575048733
10,22,"D7",3,0.194170321637427,0.563162544169611
10,22,"D7",4,0.128863826232247,0.663663865546219
10,22,"D7",5,0.0945071010860485,0.733387358184765
10,22,"D7",6,0.0746658312447786,0.790055248618785
10,22,"D7",7,0.0623172514619883,0.834615384615385
10,22,"D7",8,0.054093567251462,0.868035190615836
10,22,"D7",9,0.0482456140350877,0.891891891891892
10,22,"D7",10,0.043859649122807,0.909090909090909
10,23,"D0",1,1,NA
10,23,"D0",2,0.829987720715219,0.829987720715219
10,23,"D0",3,0.741824754250143,0.893777986993465
10,23,"D0",4,0.687953261796415,0.927379758972613
10,23,"D0",5,0.650834925700477,0.94604526476259
10,23,"D0",6,0.623043780481284,0.957299241141243
10,23,"D0",7,0.600959360163899,0.964553983188267
10,23,"D0",8,0.582668479010303,0.969563863438939
10,23,"D0",9,0.567105963004551,0.973290959496923
10,23,"D0",10,0.553749778381892,0.976448520216757
10,23,"D1",1,1,NA
10,23,"D1",2,0.678413040872588,0.678413040872588
10,23,"D1",3,0.531146223322123,0.782924547911037
10,23,"D1",4,0.447466149350787,0.842453790882766
10,23,"D1",5,0.393685341810223,0.879810332874135
10,23,"D1",6,0.356216704589063,0.904825927607888
10,23,"D1",7,0.328590012056603,0.922444140949731
10,23,"D1",8,0.307394011182323,0.935494080475493
10,23,"D1",9,0.290691033695031,0.945662645075462
10,23,"D1",10,0.277301859255029,0.953940187731936
10,23,"D3",1,1,NA
10,23,"D3",2,0.583069556042529,0.583069556042529
10,23,"D3",3,0.453027351676,0.776969654788419
10,23,"D3",4,0.390286038934688,0.861506567960637
10,23,"D3",5,0.352736906790961,0.903790737054752
10,23,"D3",6,0.327222975871625,0.927668666283178
10,23,"D3",7,0.308517977436896,0.942837148324003
10,23,"D3",8,0.294077861645429,0.953195220870328
10,23,"D3",9,0.282444606768931,0.960441582336707
10,23,"D3",10,0.272705137570002,0.96551724137931
10,23,"D5",1,1,NA
10,23,"D5",2,0.557296310448775,0.557296310448775
10,23,"D5",3,0.405043943446695,0.726801767484382
10,23,"D5",4,0.329384791746274,0.813207547169811
10,23,"D5",5,0.283994759539276,0.86219754723235
10,23,"D5",6,0.253252542897174,0.891750760852154
10,23,"D5",7,0.230703095147115,0.9109606265268
10,23,"D5",8,0.213221245701185,0.924223602484472
10,23,"D5",9,0.199082919373328,0.933691756272402
10,23,"D5",10,0.187237294612151,0.940499040307102
10,23,"D6",1,1,NA
10,23,"D6",2,0.445452712240371,0.445452712240371
10,23,"D6",3,0.297791893526921,0.668515165233137
10,23,"D6",4,0.231613516549996,0.777769716317202
10,23,"D6",5,0.192147034252297,0.829601990049751
10,23,"D6",6,0.164743755941578,0.857383808095952
10,23,"D6",7,0.14409407138536,0.874655737704918
10,23,"D6",8,0.127848356523493,0.887256188227062
10,23,"D6",9,0.114791288566243,0.897870662460568
10,23,"D6",10,0.104355716878403,0.909090909090909
10,23,"D7",1,1,NA
10,23,"D7",2,0.353721588137743,0.353721588137743
10,23,"D7",3,0.213418203102136,0.603350799779371
10,23,"D7",4,0.151678581880513,0.710710612664675
10,23,"D7",5,0.114832002452722,0.75707460492466
10,23,"D7",6,0.0899285087169196,0.783131067961165
10,23,"D7",7,0.0717734855136084,0.798117154811716
10,23,"D7",8,0.0575553604526388,0.801902820251444
10,23,"D7",9,0.0456540825285338,0.793220338983051
10,23,"D7",10,0.0351185250219491,0.769230769230769
10,24,"D0",1,1,NA
10,24,"D0",2,0.831998101002908,0.831998101002908
10,24,"D0",3,0.744960734278876,0.895387541607228
10,24,"D0",4,0.691051258792046,0.927634473863895
10,24,"D0",5,0.653430204792142,0.945559676621289
10,24,"D0",6,0.625176971269191,0.956761665873805
10,24,"D0",7,0.602926631456096,0.964409533882983
10,24,"D0",8,0.584851541946076,0.970021079569222
10,24,"D0",9,0.569877158625601,0.974396265981194
10,24,"D0",10,0.557236959230906,0.977819431427679
10,24,"D1",1,1,NA
10,24,"D1",2,0.702355695620232,0.702355695620232
10,24,"D1",3,0.566232054213269,0.806189880347228
10,24,"D1",4,0.487863513445915,0.861596424673908
10,24,"D1",5,0.436716366086693,0.895160949836246
10,24,"D1",6,0.400602631215002,0.917306202203281
10,24,"D1",7,0.37368946837216,0.932818307355555
10,24,"D1",8,0.352825667538638,0.944168079115508
10,24,"D1",9,0.336155224618427,0.952751615163073
10,24,"D1",10,0.322560711858123,0.959558823529412
10,24,"D3",1,1,NA
10,24,"D3",2,0.589345047023709,0.589345047023709
10,24,"D3",3,0.461923466801825,0.783791208791209
10,24,"D3",4,0.401600173774528,0.869408468366087
10,24,"D3",5,0.366284121352545,0.912061660506626
10,24,"D3",6,0.343096082832525,0.936693847294292
10,24,"D3",7,0.326681027200541,0.952156097217826
10,24,"D3",8,0.314354902292054,0.962268623268042
10,24,"D3",9,0.304612265585403,0.96900752418488
10,24,"D3",10,0.296502787633046,0.973377703826955
10,24,"D5",1,1,NA
10,24,"D5",2,0.566059027777778,0.566059027777778
10,24,"D5",3,0.42060546875,0.743041711393958
10,24,"D5",4,0.348549107142857,0.828684201797738
10,24,"D5",5,0.305090525793651,0.875315757640446
10,24,"D5",6,0.275483630952381,0.902957016563357
10,24,"D5",7,0.25361328125,0.92061107359892
10,24,"D5",8,0.236545138888889,0.932700124074787
10,24,"D5",9,0.22265625,0.941284403669725
10,24,"D5",10,0.2109375,0.947368421052632
10,24,"D6",1,1,NA
10,24,"D6",2,0.461155873868497,0.461155873868497
10,24,"D6",3,0.308751119068935,0.669515746333046
10,24,"D6",4,0.244639126913075,0.792350575605378
10,24,"D6",5,0.209976410737378,0.858310824547646
10,24,"D6",6,0.188110159014367,0.895863294137552
10,24,"D6",7,0.17326917338108,0.921104815864023
10,24,"D6",8,0.163035909678703,0.940940078937926
10,24,"D6",9,0.156222023276634,0.958206223306894
10,24,"D6",10,0.152193375111907,0.974212034383954
10,24,"D7",1,1,NA
10,24,"D7",2,0.360682208093652,0.360682208093652
10,24,"D7",3,0.234635180139267,0.65053161723559
10,24,"D7",4,0.178192984732494,0.759447004608295
10,24,"D7",5,0.143592405172787,0.805825242718447
10,24,"D7",6,0.119242247307642,0.830421686746988
10,24,"D7",7,0.100666061156524,0.844214726151614
10,24,"D7",8,0.0857806034917752,0.852130325814536
10,24,"D7",9,0.0735694822888283,0.857647058823529
10,24,"D7",10,0.0635785649409628,0.864197530864198
10,25,"D0",1,1,NA
10,25,"D0",2,0.829533457919412,0.829533457919412
10,25,"D0",3,0.741816661748795,0.894257675403927
10,25,"D0",4,0.688853292866276,0.928603155451294
10,25,"D0",5,0.652711620696277,0.947533571307156
10,25,"D0",6,0.626047857915666,0.959149244574246
10,25,"D0",7,0.605232615324088,0.96675135562179
10,25,"D0",8,0.588111865184748,0.971712115795062
10,25,"D0",9,0.573325464738861,0.9748578436838
10,25,"D0",10,0.560047211566834,0.976839938239835
10,25,"D1",1,1,NA
10,25,"D1",2,0.678010095795331,0.678010095795331
10,25,"D1",3,0.532954741008432,0.786057234713086
10,25,"D1",4,0.451108734665782,0.846429724618294
10,25,"D1",5,0.398484811236489,0.883345368011372
10,25,"D1",6,0.361712392752661,0.907719397460285
10,25,"D1",7,0.334462657029771,0.924664633369298
10,25,"D1",8,0.313385533184191,0.936982131180929
10,25,"D1",9,0.296528136293237,0.946208758522857
10,25,"D1",10,0.282653588022716,0.953210010881393
10,25,"D3",1,1,NA
10,25,"D3",2,0.572508368426736,0.572508368426736
10,25,"D3",3,0.437196307094266,0.763650509241795
10,25,"D3",4,0.373571197186358,0.854470157054208
10,25,"D3",5,0.336597791043855,0.901027149788376
10,25,"D3",6,0.311953352769679,0.926783719531407
10,25,"D3",7,0.293833009394234,0.941913291796469
10,25,"D3",8,0.279559442824749,0.951422862261421
10,25,"D3",9,0.267735665694849,0.957705677867903
10,25,"D3",10,0.257531584062196,0.961887477313975
10,25,"D5",1,1,NA
10,25,"D5",2,0.54814253222138,0.54814253222138
10,25,"D5",3,0.396133434420015,0.72268326417704
10,25,"D5",4,0.319325607422651,0.806106174527227
10,25,"D5",5,0.271926182654007,0.851563972112304
10,25,"D5",6,0.238528466731651,0.877180948166178
10,25,"D5",7,0.212850644427597,0.892349023762676
10,25,"D5",8,0.191980456574846,0.901949144157515
10,25,"D5",9,0.174374526156179,0.908293111013602
10,25,"D5",10,0.159211523881729,0.91304347826087
10,25,"D6",1,1,NA
10,25,"D6",2,0.453217732363111,0.453217732363111
10,25,"D6",3,0.297801517262734,0.657082669095878
10,25,"D6",4,0.230442571826687,0.773812618366817
10,25,"D6",5,0.194431542550446,0.843731004255047
10,25,"D6",6,0.172538871563488,0.887401649445445
10,25,"D6",7,0.158035299581979,0.915940264068709
10,25,"D6",8,0.147804097641534,0.935260021226223
10,25,"D6",9,0.140269391546679,0.949022346368715
10,25,"D6",10,0.134695773339526,0.960264900662252
10,25,"D7",1,1,NA
10,25,"D7",2,0.348950562021287,0.348950562021287
10,25,"D7",3,0.199492688749627,0.571693272519954
10,25,"D7",4,0.135311420897813,0.678277593760017
10,25,"D7",5,0.100680678120248,0.744066372610796
10,25,"D7",6,0.0796350769493115,0.790966831333804
10,25,"D7",7,0.0660996717397792,0.830032119914347
10,25,"D7",8,0.0568984382771312,0.860797592174567
10,25,"D7",9,0.0501342882721576,0.881118881118881
10,25,"D7",10,0.044762757385855,0.892857142857143
10,26,"D0",1,1,NA
10,26,"D0",2,0.83164625100109,0.83164625100109
10,26,"D0",3,0.743668517862066,0.89421255367517
10,26,"D0",4,0.689362097196199,0.926974963493156
10,26,"D0",5,0.651791458243071,0.945499412999444
10,26,"D0",6,0.623712181315868,0.956919845186539
10,26,"D0",7,0.601564653984009,0.964490789188799
10,26,"D0",8,0.583441647957777,0.969873552400049
10,26,"D0",9,0.568238213399504,0.973941807871464
10,26,"D0",10,0.555358619874749,0.977334165107091
10,26,"D1",1,1,NA
10,26,"D1",2,0.6781320861678,0.6781320861678
10,26,"D1",3,0.531855867346939,0.784295387573408
10,26,"D1",4,0.449243804664723,0.844672085513863
10,26,"D1",5,0.396273688046647,0.882090490579813
10,26,"D1",6,0.359414480077745,0.906985477257922
10,26,"D1",7,0.332201318027211,0.924284736539696
10,26,"D1",8,0.311153628117914,0.936641762789234
10,26,"D1",9,0.294196428571429,0.945502163516283
10,26,"D1",10,0.279974489795918,0.951658356817689
10,26,"D3",1,1,NA
10,26,"D3",2,0.580761064837498,0.580761064837498
10,26,"D3",3,0.44802384452066,0.771442632170979
10,26,"D3",4,0.385210331070204,0.859798726744867
10,26,"D3",5,0.348520022086901,0.904752531217508
10,26,"D3",6,0.324082499241735,0.929882011659368
10,26,"D3",7,0.306487832761718,0.945709297721464
10,26,"D3",8,0.293156949207905,0.956504362885499
10,26,"D3",9,0.282704556589907,0.964345403899721
10,26,"D3",10,0.27437530622244,0.97053726169844
10,26,"D5",1,1,NA
10,26,"D5",2,0.548070525615436,0.548070525615436
10,26,"D5",3,0.402133233532934,0.733725341426404
10,26,"D5",4,0.330927430852581,0.822929823395156
10,26,"D5",5,0.287861776447106,0.869863751413646
10,26,"D5",6,0.258073139435415,0.896517566940102
10,26,"D5",7,0.23562250499002,0.913006698432429
10,26,"D5",8,0.217814371257485,0.924420913302449
10,26,"D5",9,0.203218562874251,0.932989690721649
10,26,"D5",10,0.190868263473054,0.939226519337017
10,26,"D6",1,1,NA
10,26,"D6",2,0.464740866610026,0.464740866610026
10,26,"D6",3,0.306959784763523,0.660496648385131
10,26,"D6",4,0.238681878868795,0.777567260325881
10,26,"D6",5,0.201025609904115,0.842232392575642
10,26,"D6",6,0.176983452684387,0.88040251572327
10,26,"D6",7,0.16029453412631,0.905703508972454
10,26,"D6",8,0.148116680826961,0.924028268551237
10,26,"D6",9,0.138912489379779,0.937858508604206
10,26,"D6",10,0.131690739167375,0.948012232415902
10,26,"D7",1,1,NA
10,26,"D7",2,0.332990044627532,0.332990044627532
10,26,"D7",3,0.200995537246825,0.60360824742268
10,26,"D7",4,0.142415771663969,0.708551909235086
10,26,"D7",5,0.108503751655142,0.761880165289256
10,26,"D7",6,0.0867539600804276,0.79954802259887
10,26,"D7",7,0.072176450394782,0.831967213114754
10,26,"D7",8,0.0622496853186864,0.862465319064606
10,26,"D7",9,0.0556127703398558,0.893382352941176
10,26,"D7",10,0.0514933058702369,0.925925925925926
10,27,"D0",1,1,NA
10,27,"D0",2,0.830852823056934,0.830852823056934
10,27,"D0",3,0.743414835813844,0.894761160079613
10,27,"D0",4,0.690245576142103,0.928479689790514
10,27,"D0",5,0.653901788292292,0.947346583439269
10,27,"D0",6,0.626981314614199,0.958831013830996
10,27,"D0",7,0.605874478305378,0.96633578096054
10,27,"D0",8,0.588668399086542,0.9716012477255
10,27,"D0",9,0.57429718875502,0.975586917263059
10,27,"D0",10,0.562248995983936,0.979020979020979
10,27,"D1",1,1,NA
10,27,"D1",2,0.676587809946765,0.676587809946765
10,27,"D1",3,0.528589119480741,0.781257231817895
10,27,"D1",4,0.444157729707307,0.840270284306315
10,27,"D1",5,0.38968802996474,0.877364062135176
10,27,"D1",6,0.351744079645694,0.902629931120852
10,27,"D1",7,0.323885472713297,0.920798647242456
10,27,"D1",8,0.302658923335326,0.934462792665106
10,27,"D1",9,0.286062003586984,0.945162959130885
10,27,"D1",10,0.272867025365104,0.953873712494402
10,27,"D3",1,1,NA
10,27,"D3",2,0.598578941479244,0.598578941479244
10,27,"D3",3,0.476292379993286,0.795705206094027
10,27,"D3",4,0.415503764446363,0.872371219653397
10,27,"D3",5,0.377983183874423,0.909698578490776
10,27,"D3",6,0.351699995204527,0.930464661415658
10,27,"D3",7,0.331759818731118,0.943303449686392
10,27,"D3",8,0.315877811346089,0.952127995952697
10,27,"D3",9,0.302870090634441,0.958820403825717
10,27,"D3",10,0.292044310171198,0.964256026600166
10,27,"D5",1,1,NA
10,27,"D5",2,0.557358656889851,0.557358656889851
10,27,"D5",3,0.406839764394759,0.729942487419123
10,27,"D5",4,0.332800989129875,0.818014899858599
10,27,"D5",5,0.288181386270099,0.865927072583419
10,27,"D5",6,0.257225284632425,0.892581189790446
10,27,"D5",7,0.233561726169011,0.908004539688898
10,27,"D5",8,0.214288576351324,0.917481557728598
10,27,"D5",9,0.19798052650559,0.923896783844428
10,27,"D5",10,0.183916336098089,0.92896174863388
10,27,"D6",1,1,NA
10,27,"D6",2,0.471932439145554,0.471932439145554
10,27,"D6",3,0.319754926312303,0.677543859649123
10,27,"D6",4,0.252359662195728,0.789228379078198
10,27,"D6",5,0.214636608079231,0.850518685164354
10,27,"D6",6,0.190286944385305,0.886554004408523
10,27,"D6",7,0.172917701606226,0.908720785678767
10,27,"D6",8,0.159518684108848,0.922512169818849
10,27,"D6",9,0.148534525583706,0.931141868512111
10,27,"D6",10,0.139095876800795,0.936454849498328
10,27,"D7",1,1,NA
10,27,"D7",2,0.317073170731707,0.317073170731707
10,27,"D7",3,0.179956222639149,0.567554240631164
10,27,"D7",4,0.124006075225587,0.689090232096314
10,27,"D7",5,0.0932874713362518,0.752281460134486
10,27,"D7",6,0.0742428303403913,0.79584996009577
10,27,"D7",7,0.0620700437773609,0.83604091456077
10,27,"D7",8,0.0544090056285178,0.876574307304786
10,27,"D7",9,0.049718574108818,0.913793103448276
10,27,"D7",10,0.0469043151969981,0.943396226415094
10,28,"D0",1,1,NA
10,28,"D0",2,0.829724799746213,0.829724799746213
10,28,"D0",3,0.743224085970339,0.895747705983559
10,28,"D0",4,0.691008689938026,0.929744747219621
10,28,"D0",5,0.655342555770821,0.948385404284274
10,28,"D0",6,0.628893194203687,0.959640402817997
10,28,"D0",7,0.608087477198826,0.966916930892844
10,28,"D0",8,0.591032860126365,0.971953678192776
10,28,"D0",9,0.576671425172496,0.97570112269088
10,28,"D0",10,0.564477753985249,0.978855079938112
10,28,"D1",1,1,NA
10,28,"D1",2,0.708973393829647,0.708973393829647
10,28,"D1",3,0.575240594925634,0.811371202265248
10,28,"D1",4,0.498158660400008,0.866000530550889
10,28,"D1",5,0.447722619943825,0.898755066476844
10,28,"D1",6,0.412024078385551,0.920266388232175
10,28,"D1",7,0.385328287452441,0.935208177547018
10,28,"D1",8,0.364510637720673,0.945974249984599
10,28,"D1",9,0.347738509430507,0.953987273471514
10,28,"D1",10,0.333882683269243,0.960154467263472
10,28,"D3",1,1,NA
10,28,"D3",2,0.578731571141935,0.578731571141935
10,28,"D3",3,0.449162522899764,0.776115465782333
10,28,"D3",4,0.388467242432173,0.864870114105365
10,28,"D3",5,0.352687528819431,0.907895158961856
10,28,"D3",6,0.327962014431525,0.929893992932862
10,28,"D3",7,0.309081392305679,0.942430460556316
10,28,"D3",8,0.293756724534008,0.950418665914009
10,28,"D3",9,0.28081654017273,0.955949316966937
10,28,"D3",10,0.269562941638315,0.959925442684063
10,28,"D5",1,1,NA
10,28,"D5",2,0.52900534480511,0.52900534480511
10,28,"D5",3,0.38381566940425,0.725542138984722
10,28,"D5",4,0.313592938152969,0.817040478414343
10,28,"D5",5,0.271570106337412,0.865995605439753
10,28,"D5",6,0.243123451961935,0.895251157208983
10,28,"D5",7,0.222428627297614,0.914879356568364
10,28,"D5",8,0.2065788901925,0.928742368742369
10,28,"D5",9,0.193977317168557,0.938998737904922
10,28,"D5",10,0.183809151349237,0.94758064516129
10,28,"D6",1,1,NA
10,28,"D6",2,0.44818450989559,0.44818450989559
10,28,"D6",3,0.289582359357955,0.646123087621697
10,28,"D6",4,0.221042320621563,0.763314178086141
10,28,"D6",5,0.184090622379542,0.832829757948098
10,28,"D6",6,0.161268060286293,0.876025395545702
10,28,"D6",7,0.145706716534206,0.903506350082827
10,28,"D6",8,0.134122902706353,0.920499108734403
10,28,"D6",9,0.124824684431978,0.930673896204493
10,28,"D6",10,0.116877045348294,0.936329588014981
10,28,"D7",1,1,NA
10,28,"D7",2,0.320852359208524,0.320852359208524
10,28,"D7",3,0.191628614916286,0.597248576850095
10,28,"D7",4,0.139030223961731,0.725519119482583
10,28,"D7",5,0.108356889178807,0.779376498800959
10,28,"D7",6,0.0877147205914329,0.809498327759197
10,28,"D7",7,0.0725266362252664,0.826846802181458
10,28,"D7",8,0.060882800608828,0.839454354669465
10,28,"D7",9,0.0520547945205479,0.855
10,28,"D7",10,0.045662100456621,0.87719298245614
10,29,"D0",1,1,NA
10,29,"D0",2,0.829575366114623,0.829575366114623
10,29,"D0",3,0.74120734132845,0.893478002848552
10,29,"D0",4,0.687042679067255,0.926923737473895
10,29,"D0",5,0.649729792076339,0.945690583528853
10,29,"D0",6,0.622139326576025,0.957535477306431
10,29,"D0",7,0.60068726492192,0.965518878589193
10,29,"D0",8,0.583223384074096,0.970926833532764
10,29,"D0",9,0.56838187511077,0.974552616769837
10,29,"D0",10,0.555325810834761,0.977029414821744
10,29,"D1",1,1,NA
10,29,"D1",2,0.681715893108298,0.681715893108298
10,29,"D1",3,0.533670886075949,0.782834743140087
10,29,"D1",4,0.44790837854129,0.839297009126231
10,29,"D1",5,0.392131303998393,0.875472134000825
10,29,"D1",6,0.353185654008439,0.900682119502213
10,29,"D1",7,0.324588607594937,0.91903112119945
10,29,"D1",8,0.302742616033755,0.932696369958728
10,29,"D1",9,0.285506329113924,0.943066202090592
10,29,"D1",10,0.271518987341772,0.951008645533141
10,29,"D3",1,1,NA
10,29,"D3",2,0.58763097218574,0.58763097218574
10,29,"D3",3,0.460927239296034,0.78438213966425
10,29,"D3",4,0.401616070646804,0.87132205781586
10,29,"D3",5,0.367368381552779,0.914725302105394
10,29,"D3",6,0.344590791399302,0.937997957099081
10,29,"D3",7,0.327839068382804,0.951386620204
10,29,"D3",8,0.314625105799259,0.959693752642941
10,29,"D3",9,0.303651168899396,0.965120593692022
10,29,"D3",10,0.294194904123982,0.968858131487889
10,29,"D5",1,1,NA
10,29,"D5",2,0.555007760430932,0.555007760430932
10,29,"D5",3,0.40533415502602,0.730321598947195
10,29,"D5",4,0.330555229487029,0.815512893222159
10,29,"D5",5,0.284233934603696,0.859868213383838
10,29,"D5",6,0.251418398090543,0.884547436044511
10,29,"D5",7,0.226068200493016,0.899171270718232
10,29,"D5",8,0.205331872546334,0.908274016861023
10,29,"D5",9,0.187756778964667,0.914406402845709
10,29,"D5",10,0.172555464256368,0.919037199124726
10,29,"D6",1,1,NA
10,29,"D6",2,0.461684011352886,0.461684011352886
10,29,"D6",3,0.309129612109745,0.669569672131147
10,29,"D6",4,0.241091138442132,0.779903085947462
10,29,"D6",5,0.202467300385938,0.839795695910804
10,29,"D6",6,0.177456413028788,0.876469497496755
10,29,"D6",7,0.159847051403343,0.900767961411526
10,29,"D6",8,0.146641438032167,0.917385943279901
10,29,"D6",9,0.136234626300851,0.929032258064516
10,29,"D6",10,0.127719962157048,0.9375
10,29,"D7",1,1,NA
10,29,"D7",2,0.342990749212158,0.342990749212158
10,29,"D7",3,0.20806648368405,0.606624184943687
10,29,"D7",4,0.150089312943842,0.721352667120348
10,29,"D7",5,0.117341233535195,0.78180938558297
10,29,"D7",6,0.0959787391626367,0.817945544554455
10,29,"D7",7,0.0808935651113144,0.842827961870177
10,29,"D7",8,0.0697367083460405,0.862079798931825
10,29,"D7",9,0.0612991765782251,0.879008746355685
10,29,"D7",10,0.0548947849954254,0.895522388059701
10,30,"D0",1,1,NA
10,30,"D0",2,0.831894342598068,0.831894342598068
10,30,"D0",3,0.744643209146462,0.895117529974883
10,30,"D0",4,0.691076004618287,0.92806326053846
10,30,"D0",5,0.654158805252832,0.946580116920937
10,30,"D0",6,0.626645264847512,0.957940579283823
10,30,"D0",7,0.604962546816479,0.965398736338798
10,30,"D0",8,0.587187068795584,0.970617225620932
10,30,"D0",9,0.572205795387345,0.974486370350477
10,30,"D0",10,0.559432288586635,0.977676725919802
10,30,"D1",1,1,NA
10,30,"D1",2,0.675870125799604,0.675870125799604
10,30,"D1",3,0.528016412360559,0.781239460370995
10,30,"D1",4,0.444180877890328,0.841225514003562
10,30,"D1",5,0.390371069143989,0.878856088983585
10,30,"D1",6,0.352929862802923,0.904088163031223
10,30,"D1",7,0.325319485404112,0.921768089615501
10,30,"D1",8,0.30408456924677,0.934725962907005
10,30,"D1",9,0.287280420566739,0.944738568215892
10,30,"D1",10,0.273753045262213,0.952912296362419
10,30,"D3",1,1,NA
10,30,"D3",2,0.567842862563115,0.567842862563115
10,30,"D3",3,0.437439803870064,0.770353618421053
10,30,"D3",4,0.376837154614932,0.861460597049068
10,30,"D3",5,0.341455380856484,0.906108584768923
10,30,"D3",6,0.317472825747057,0.92976372183894
10,30,"D3",7,0.299535942561947,0.943501044088097
10,30,"D3",8,0.28520561538686,0.952158238331872
10,30,"D3",9,0.273180982400841,0.957838722881703
10,30,"D3",10,0.26267402153927,0.961538461538462
10,30,"D5",1,1,NA
10,30,"D5",2,0.552882779686903,0.552882779686903
10,30,"D5",3,0.402570955835561,0.728130755064457
10,30,"D5",4,0.328642338951617,0.816358791382503
10,30,"D5",5,0.284156681636636,0.864638082065468
10,30,"D5",6,0.253677339587993,0.892737549322811
10,30,"D5",7,0.230717831233295,0.909493262614679
10,30,"D5",8,0.212209918968224,0.91978117960741
10,30,"D5",9,0.19663993890798,0.926629348260696
10,30,"D5",10,0.183276059564719,0.932038834951456
10,30,"D6",1,1,NA
10,30,"D6",2,0.446580218662599,0.446580218662599
10,30,"D6",3,0.284210526315789,0.636415395126395
10,30,"D6",4,0.212618502778686,0.748102139406487
10,30,"D6",5,0.172296683738331,0.810356020226869
10,30,"D6",6,0.145755693581781,0.845957626225361
10,30,"D6",7,0.126620900076278,0.86872009569378
10,30,"D6",8,0.11207729468599,0.885140562248996
10,30,"D6",9,0.100686498855835,0.898366606170599
10,30,"D6",10,0.091533180778032,0.909090909090909
10,30,"D7",1,1,NA
10,30,"D7",2,0.344359626802375,0.344359626802375
10,30,"D7",3,0.214535623409669,0.622998768472906
10,30,"D7",4,0.160078153398764,0.746161177591867
10,30,"D7",5,0.128589603780443,0.803292648311099
10,30,"D7",6,0.10709741912032,0.832862190812721
10,30,"D7",7,0.0908874045801527,0.848642341960119
10,30,"D7",8,0.0778201865988126,0.856226305045203
10,30,"D7",9,0.066793893129771,0.858310626702997
10,30,"D7",10,0.0572519083969466,0.857142857142857
10,31,"D0",1,1,NA
10,31,"D0",2,0.829140151440524,0.829140151440524
10,31,"D0",3,0.74060720688772,0.893223185008
10,31,"D0",4,0.686472520327949,0.926904996256703
10,31,"D0",5,0.649143397532782,0.945621825069802
10,31,"D0",6,0.621347090760177,0.957180020811655
10,31,"D0",7,0.599449337037256,0.964757614466127
10,31,"D0",8,0.581305698392997,0.969732823904797
10,31,"D0",9,0.56557716177079,0.972942744814497
10,31,"D0",10,0.551451031384834,0.97502351342878
10,31,"D1",1,1,NA
10,31,"D1",2,0.673581522128972,0.673581522128972
10,31,"D1",3,0.525026899074672,0.779455614244335
10,31,"D1",4,0.440984967259983,0.839928331362055
10,31,"D1",5,0.387131482676996,0.877879092075177
10,31,"D1",6,0.349863198991669,0.903732232192488
10,31,"D1",7,0.322670540133419,0.922276309893065
10,31,"D1",8,0.302044329675059,0.936076561405849
10,31,"D1",9,0.285926404131698,0.946637218580792
10,31,"D1",10,0.273079406068431,0.955068864303454
10,31,"D3",1,1,NA
10,31,"D3",2,0.578591484728669,0.578591484728669
10,31,"D3",3,0.450511432009627,0.778634742992968
10,31,"D3",4,0.390051327390162,0.865796736056693
10,31,"D3",5,0.354492579221821,0.908835720656907
10,31,"D3",6,0.330582774626096,0.932552030713275
10,31,"D3",7,0.313026474127557,0.946892875715029
10,31,"D3",8,0.29929516933127,0.956133726917004
10,31,"D3",9,0.288035069623517,0.962377943710511
10,31,"D3",10,0.278494069107788,0.966875559534467
10,31,"D5",1,1,NA
10,31,"D5",2,0.559139784946237,0.559139784946237
10,31,"D5",3,0.41410352588147,0.740608228980322
10,31,"D5",4,0.342317722287715,0.826647688060732
10,31,"D5",5,0.298780052155896,0.872815027393686
10,31,"D5",6,0.268995820383667,0.900313854431326
10,31,"D5",7,0.246999249812453,0.918227091633466
10,31,"D5",8,0.229724097691089,0.930059900447144
10,31,"D5",9,0.215303825956489,0.937227866473149
10,31,"D5",10,0.202550637659415,0.940766550522648
10,31,"D6",1,1,NA
10,31,"D6",2,0.42016711833785,0.42016711833785
10,31,"D6",3,0.260670731707317,0.620397742542327
10,31,"D6",4,0.191468253968254,0.734521488907454
10,31,"D6",5,0.153790005161956,0.803214120224104
10,31,"D6",6,0.130274874177313,0.847095843713125
10,31,"D6",7,0.114244579945799,0.876950222882615
10,31,"D6",8,0.10252935862692,0.897454904867803
10,31,"D6",9,0.0934959349593496,0.911894273127753
10,31,"D6",10,0.0863821138211382,0.923913043478261
10,31,"D7",1,1,NA
10,31,"D7",2,0.304135525660189,0.304135525660189
10,31,"D7",3,0.17473841554559,0.57454128440367
10,31,"D7",4,0.120990817851804,0.692411096174997
10,31,"D7",5,0.0920706100078297,0.760971879044594
10,31,"D7",6,0.0749092462096946,0.813606494008504
10,31,"D7",7,0.0643497757847534,0.859036488027366
10,31,"D7",8,0.0579970104633782,0.901277584204413
10,31,"D7",9,0.0547085201793722,0.943298969072165
10,31,"D7",10,0.0538116591928251,0.983606557377049
10,32,"D0",1,1,NA
10,32,"D0",2,0.82646513805633,0.82646513805633
10,32,"D0",3,0.737531406413833,0.892392639994893
10,32,"D0",4,0.683810541250152,0.927161250766401
10,32,"D0",5,0.646953283459901,0.946100190671428
10,32,"D0",6,0.619578949153405,0.957687309105074
10,32,"D0",7,0.59805230775318,0.96525601550918
10,32,"D0",8,0.580212475517835,0.970170113877885
10,32,"D0",9,0.564721941955012,0.973301963993453
10,32,"D0",10,0.550774526678141,0.975302154492906
10,32,"D1",1,1,NA
10,32,"D1",2,0.698585583541336,0.698585583541336
10,32,"D1",3,0.559713884935124,0.801210185440372
10,32,"D1",4,0.479950727738338,0.857492981068299
10,32,"D1",5,0.427986467809477,0.891730011174831
10,32,"D1",6,0.39134022319863,0.914375225930835
10,32,"D1",7,0.364059244590218,0.930288334826841
10,32,"D1",8,0.342966767745529,0.942063064849704
10,32,"D1",9,0.326195927965839,0.951100685673042
10,32,"D1",10,0.312519339068012,0.958072472016695
10,32,"D3",1,1,NA
10,32,"D3",2,0.586279790345467,0.586279790345467
10,32,"D3",3,0.461862566240987,0.787785241529191
10,32,"D3",4,0.403402956178562,0.873426394916097
10,32,"D3",5,0.369222400105903,0.915269445726298
10,32,"D3",6,0.346165779316678,0.937553569928013
10,32,"D3",7,0.32901138041873,0.950444555981787
10,32,"D3",8,0.315408449888512,0.958655136752701
10,32,"D3",9,0.304143862392494,0.964285714285714
10,32,"D3",10,0.294500912170967,0.968294772922022
10,32,"D5",1,1,NA
10,32,"D5",2,0.565672022443254,0.565672022443254
10,32,"D5",3,0.420874776842642,0.7440261496844
10,32,"D5",4,0.347906875068314,0.826628000086567
10,32,"D5",5,0.302871594952697,0.870553635633749
10,32,"D5",6,0.271541516377018,0.896556563580773
10,32,"D5",7,0.248119102269829,0.913742788139004
10,32,"D5",8,0.229788319306299,0.926121033020686
10,32,"D5",9,0.214996174445295,0.935627081021088
10,32,"D5",10,0.202754399387911,0.943060498220641
10,32,"D6",1,1,NA
10,32,"D6",2,0.459835547122075,0.459835547122075
10,32,"D6",3,0.298940543959519,0.650103163686382
10,32,"D6",4,0.224835095328454,0.752106396644878
10,32,"D6",5,0.182336375410379,0.810978264509863
10,32,"D6",6,0.154739315080871,0.848647532521165
10,32,"D6",7,0.135634092346616,0.876532846715328
10,32,"D6",8,0.121969217794645,0.899251918779753
10,32,"D6",9,0.111954459203036,0.917891097666379
10,32,"D6",10,0.104364326375712,0.932203389830508
10,32,"D7",1,1,NA
10,32,"D7",2,0.370502527505204,0.370502527505204
10,32,"D7",3,0.232827832292596,0.628410914927769
10,32,"D7",4,0.172422581878425,0.74055829228243
10,32,"D7",5,0.137349022273197,0.796583723412992
10,32,"D7",6,0.113249224756807,0.824536082474227
10,32,"D7",7,0.0952274754683319,0.840866466616654
10,32,"D7",8,0.0812766379224898,0.853499869893313
10,32,"D7",9,0.0704727921498662,0.867073170731707
10,32,"D7",10,0.0624442462087422,0.886075949367089
10,33,"D0",1,1,NA
10,33,"D0",2,0.831153334251228,0.831153334251228
10,33,"D0",3,0.743184634448575,0.894160684704583
10,33,"D0",4,0.689005217948394,0.927098309102716
10,33,"D0",5,0.651414634420476,0.945442236794884
10,33,"D0",6,0.623186573266233,0.956666522883147
10,33,"D0",7,0.600765130504907,0.964021300003607
10,33,"D0",8,0.582233499209955,0.969153284113914
10,33,"D0",9,0.566471941936626,0.972929147335706
10,33,"D0",10,0.552900218327728,0.976041666666667
10,33,"D1",1,1,NA
10,33,"D1",2,0.68457790621379,0.68457790621379
10,33,"D1",3,0.539373665033296,0.787892305809899
10,33,"D1",4,0.455892999240153,0.845226656017792
10,33,"D1",5,0.401539536952277,0.880775834727736
10,33,"D1",6,0.363302400995579,0.90477367123815
10,33,"D1",7,0.334935293378565,0.921918744441883
10,33,"D1",8,0.313048819645126,0.934654620859254
10,33,"D1",9,0.295640155798467,0.944389939350696
10,33,"D1",10,0.281442392260334,0.951976200594985
10,33,"D3",1,1,NA
10,33,"D3",2,0.595560434199293,0.595560434199293
10,33,"D3",3,0.473998353457739,0.795886237968462
10,33,"D3",4,0.416222361612043,0.878109298430618
10,33,"D3",5,0.382145906295193,0.918129205781085
10,33,"D3",6,0.359521195964665,0.940795622934002
10,33,"D3",7,0.343166849615807,0.954510758941553
10,33,"D3",8,0.330406147091109,0.96281487405038
10,33,"D3",9,0.319703622392975,0.967607973421927
10,33,"D3",10,0.310098792535675,0.969957081545064
10,33,"D5",1,1,NA
10,33,"D5",2,0.561590074692999,0.561590074692999
10,33,"D5",3,0.414103051019116,0.737376014427412
10,33,"D5",4,0.338596205667987,0.817661702406429
10,33,"D5",5,0.291100742107199,0.859728305380479
10,33,"D5",6,0.257537120431158,0.884701009578048
10,33,"D5",7,0.232212938346626,0.901667837078652
10,33,"D5",8,0.212263155673714,0.914088410340284
10,33,"D5",9,0.195974173946069,0.923260437375746
10,33,"D5",10,0.182301557159134,0.930232558139535
10,33,"D6",1,1,NA
10,33,"D6",2,0.45283414608568,0.45283414608568
10,33,"D6",3,0.294714487966022,0.650822139879574
10,33,"D6",4,0.224139868311647,0.760532235312059
10,33,"D6",5,0.184835614283467,0.824644074593944
10,33,"D6",6,0.160340681813074,0.867477203647416
10,33,"D6",7,0.144132452414661,0.898913805185704
10,33,"D6",8,0.132871899743065,0.9218735788995
10,33,"D6",9,0.124587069372345,0.937647987371744
10,33,"D6",10,0.117980179329873,0.946969696969697
10,33,"D7",1,1,NA
10,33,"D7",2,0.372263442337639,0.372263442337639
10,33,"D7",3,0.227947238252267,0.612327755905512
10,33,"D7",4,0.163584972323637,0.71764401963317
10,33,"D7",5,0.125001635718866,0.764138868890489
10,33,"D7",6,0.0982609037019589,0.786076943208584
10,33,"D7",7,0.0784556196757351,0.798441869756292
10,33,"D7",8,0.0632041769716955,0.805604203152364
10,33,"D7",9,0.0511129431162407,0.808695652173913
10,33,"D7",10,0.0412201154163232,0.806451612903226
10,34,"D0",1,1,NA
10,34,"D0",2,0.83080524159878,0.83080524159878
10,34,"D0",3,0.742435449829378,0.893633564950379
10,34,"D0",4,0.687983791658565,0.926658057366028
10,34,"D0",5,0.650416526947683,0.945395131155173
10,34,"D0",6,0.622437506868538,0.956982919529357
10,34,"D0",7,0.600454662011559,0.964682647471592
10,34,"D0",8,0.582545975764509,0.970174790238027
10,34,"D0",9,0.567607550742647,0.974356659142212
10,34,"D0",10,0.55506242972957,0.97789824854045
10,34,"D1",1,1,NA
10,34,"D1",2,0.680773548537417,0.680773548537417
10,34,"D1",3,0.53304314672428,0.782996266334785
10,34,"D1",4,0.447425993336904,0.839380444315773
10,34,"D1",5,0.391575409685596,0.875173582932064
10,34,"D1",6,0.352526802167776,0.900278192777291
10,34,"D1",7,0.323923450043422,0.918861907950078
10,34,"D1",8,0.30224594550705,0.933078310528409
10,34,"D1",9,0.285378407574506,0.944192674266492
10,34,"D1",10,0.271970515346,0.953017145401915
10,34,"D3",1,1,NA
10,34,"D3",2,0.603414075377867,0.603414075377867
10,34,"D3",3,0.480659626183891,0.796566811741828
10,34,"D3",4,0.42034555838931,0.87451813193999
10,34,"D3",5,0.383534689544245,0.912427125467631
10,34,"D3",6,0.358190548032137,0.933919558769967
10,34,"D3",7,0.339472801944514,0.947743606886177
10,34,"D3",8,0.325035621490236,0.957471761002407
10,34,"D3",9,0.313552929343726,0.96467251160392
10,34,"D3",10,0.30424943424692,0.970328789093825
10,34,"D5",1,1,NA
10,34,"D5",2,0.55949091518044,0.55949091518044
10,34,"D5",3,0.408063300678222,0.729347500748279
10,34,"D5",4,0.332382387770481,0.81453634085213
10,34,"D5",5,0.287077905766677,0.863697705802969
10,34,"D5",6,0.25664764775541,0.894
10,34,"D5",7,0.234708615925647,0.914516918344519
10,34,"D5",8,0.218286862597337,0.930033444816054
10,34,"D5",9,0.205727204220045,0.942462600690449
10,34,"D5",10,0.195930670685757,0.952380952380952
10,34,"D6",1,1,NA
10,34,"D6",2,0.467732753713192,0.467732753713192
10,34,"D6",3,0.306241266884024,0.654735560964815
10,34,"D6",4,0.234768336771131,0.766612348361398
10,34,"D6",5,0.196083867485824,0.835222799559125
10,34,"D6",6,0.172400026615211,0.879215760203601
10,34,"D6",7,0.156575065983543,0.908207899138042
10,34,"D6",8,0.145319049836982,0.928111056023798
10,34,"D6",9,0.136935258500233,0.942307692307692
10,34,"D6",10,0.130414531904984,0.952380952380952
10,34,"D7",1,1,NA
10,34,"D7",2,0.387827317763624,0.387827317763624
10,34,"D7",3,0.238550197148923,0.615093847758081
10,34,"D7",4,0.168031543827722,0.704386522568341
10,34,"D7",5,0.127930152952901,0.761346054667354
10,34,"D7",6,0.103297369903375,0.807451312447079
10,34,"D7",7,0.0873521383075523,0.845637583892617
10,34,"D7",8,0.0766353250429684,0.877314814814815
10,34,"D7",9,0.0691537761601456,0.902374670184697
10,34,"D7",10,0.0636942675159236,0.921052631578947
10,35,"D0",1,1,NA
10,35,"D0",2,0.829967324121098,0.829967324121098
10,35,"D0",3,0.741762135349002,0.893724504316479
10,35,"D0",4,0.687655716591585,0.927056914637521
10,35,"D0",5,0.650342318731359,0.945738256863226
10,35,"D0",6,0.622739824641324,0.957556976848932
10,35,"D0",7,0.601270619266958,0.965524598676932
10,35,"D0",8,0.583769667860845,0.970893386695913
10,35,"D0",9,0.56885555686784,0.974452062492975
10,35,"D0",10,0.555686783984882,0.976850410048791
10,35,"D1",1,1,NA
10,35,"D1",2,0.681966565842446,0.681966565842446
10,35,"D1",3,0.53697886921759,0.787397646912866
10,35,"D1",4,0.454122965259459,0.845699879999268
10,35,"D1",5,0.400373382002927,0.881640904846505
10,35,"D1",6,0.362625740695415,0.905718903892477
10,35,"D1",7,0.334644753262686,0.922837834459657
10,35,"D1",8,0.313076830876184,0.935549796683733
10,35,"D1",9,0.295894409543753,0.945117556976849
10,35,"D1",10,0.281743765467352,0.952176710272357
10,35,"D3",1,1,NA
10,35,"D3",2,0.587409625797864,0.587409625797864
10,35,"D3",3,0.463018422724385,0.788237717581625
10,35,"D3",4,0.404664670115255,0.873970991767934
10,35,"D3",5,0.370431592184927,0.915403838144363
10,35,"D3",6,0.34752959174413,0.938174818444308
10,35,"D3",7,0.330701515564026,0.951578004924271
10,35,"D3",8,0.3173911728227,0.959751189169411
10,35,"D3",9,0.306289136945276,0.965020968356843
10,35,"D3",10,0.296760141573645,0.968888888888889
10,35,"D5",1,1,NA
10,35,"D5",2,0.567687416331995,0.567687416331995
10,35,"D5",3,0.420776857429719,0.741212232866618
10,35,"D5",4,0.346224182444062,0.822821351342715
10,35,"D5",5,0.301115174985657,0.869711563357672
10,35,"D5",6,0.270761617900172,0.899196189342066
10,35,"D5",7,0.248650853413655,0.918338630644948
10,35,"D5",8,0.231593038821954,0.931398527865405
10,35,"D5",9,0.217996987951807,0.941293352601156
10,35,"D5",10,0.207078313253012,0.949913644214162
10,35,"D6",1,1,NA
10,35,"D6",2,0.460263286201853,0.460263286201853
10,35,"D6",3,0.303632374451487,0.65969279661017
10,35,"D6",4,0.233521394906085,0.769092542677448
10,35,"D6",5,0.195200947273107,0.835901769735534
10,35,"D6",6,0.171484293376054,0.87850133809099
10,35,"D6",7,0.155290102389079,0.905564581640942
10,35,"D6",8,0.143344709897611,0.923076923076923
10,35,"D6",9,0.134080936128718,0.935374149659864
10,35,"D6",10,0.126767430521697,0.945454545454546
10,35,"D7",1,1,NA
10,35,"D7",2,0.338410674223639,0.338410674223639
10,35,"D7",3,0.204215373715905,0.603454291695743
10,35,"D7",4,0.146854916249178,0.719117829265271
10,35,"D7",5,0.114619705480492,0.780496209510682
10,35,"D7",6,0.0941247912555033,0.821192052980132
10,35,"D7",7,0.0798795607509741,0.848655913978495
10,35,"D7",8,0.0691935293423072,0.866223207686622
10,35,"D7",9,0.0605738575982997,0.87542662116041
10,35,"D7",10,0.053134962805526,0.87719298245614
10,36,"D0",1,1,NA
10,36,"D0",2,0.831631915704282,0.831631915704282
10,36,"D0",3,0.743752709786764,0.894329204714209
10,36,"D0",4,0.689490813470948,0.927043094294913
10,36,"D0",5,0.651632159702397,0.94509186630353
10,36,"D0",6,0.622918742996785,0.955936157726276
10,36,"D0",7,0.599897520791455,0.963042977171344
10,36,"D0",8,0.580807483609896,0.968177836180464
10,36,"D0",9,0.564680146624098,0.972232904291176
10,36,"D0",10,0.551022821331441,0.975814050884724
10,36,"D1",1,1,NA
10,36,"D1",2,0.697916884456432,0.697916884456432
10,36,"D1",3,0.560407911518117,0.802972279363304
10,36,"D1",4,0.481617548229855,0.859405333741947
10,36,"D1",5,0.430516851203046,0.893897767607046
10,36,"D1",6,0.394602198905028,0.916577824543552
10,36,"D1",7,0.367841686006398,0.932183568736092
10,36,"D1",8,0.346972199572087,0.943265031593107
10,36,"D1",9,0.330113529448661,0.951412043546378
10,36,"D1",10,0.316126199586025,0.957628728861866
10,36,"D3",1,1,NA
10,36,"D3",2,0.581526529173277,0.581526529173277
10,36,"D3",3,0.454521417239556,0.781600484995453
10,36,"D3",4,0.394399536652313,0.867724867724868
10,36,"D3",5,0.358947562807954,0.910111522581194
10,36,"D3",6,0.33524716073632,0.933972522654195
10,36,"D3",7,0.318041600564075,0.948677983925486
10,36,"D3",8,0.304835771784476,0.958477668467969
10,36,"D3",9,0.294288736118456,0.965400925212028
10,36,"D3",10,0.285563194077208,0.970350404312668
10,36,"D5",1,1,NA
10,36,"D5",2,0.552300442112423,0.552300442112423
10,36,"D5",3,0.411164553272118,0.744458128078818
10,36,"D5",4,0.339933787244675,0.82675849496126
10,36,"D5",5,0.295597615230322,0.869574094491404
10,36,"D5",6,0.264163907801861,0.893660483681615
10,36,"D5",7,0.239833843463052,0.907897848191062
10,36,"D5",8,0.219890200651023,0.916843917755495
10,36,"D5",9,0.202885876694359,0.922669023420239
10,36,"D5",10,0.188019239177962,0.926724137931034
10,36,"D6",1,1,NA
10,36,"D6",2,0.454457215836526,0.454457215836526
10,36,"D6",3,0.297509578544061,0.65464815647482
10,36,"D6",4,0.229644225506294,0.771888510716585
10,36,"D6",5,0.19341361065499,0.842231544157371
10,36,"D6",6,0.171778872468528,0.888142628053957
10,36,"D6",7,0.15823754789272,0.921170022941626
10,36,"D6",8,0.14978288633461,0.946569814366425
10,36,"D6",9,0.144827586206897,0.966916780354707
10,36,"D6",10,0.142528735632184,0.984126984126984
10,36,"D7",1,1,NA
10,36,"D7",2,0.366730892742453,0.366730892742453
10,36,"D7",3,0.244299935773924,0.666155866900175
10,36,"D7",4,0.191760711991926,0.7849396741937
10,36,"D7",5,0.162323760589657,0.846491228070176
10,36,"D7",6,0.143637030920268,0.884879886952426
10,36,"D7",7,0.130619781631342,0.909374001916321
10,36,"D7",8,0.120745022479127,0.92440073755378
10,36,"D7",9,0.11271676300578,0.933510638297872
10,36,"D7",10,0.10597302504817,0.94017094017094
10,37,"D0",1,1,NA
10,37,"D0",2,0.831425550498782,0.831425550498782
10,37,"D0",3,0.743577240577654,0.894340136806686
10,37,"D0",4,0.689664198323102,0.927495034392568
10,37,"D0",5,0.652394180675994,0.945959181674604
10,37,"D0",6,0.624392413150614,0.957078452943334
10,37,"D0",7,0.602109068699884,0.964311955140052
10,37,"D0",8,0.583709307747371,0.969441149603937
10,37,"D0",9,0.56817778828536,0.973391687855809
10,37,"D0",10,0.554997340268337,0.976802246957245
10,37,"D1",1,1,NA
10,37,"D1",2,0.673579860431749,0.673579860431749
10,37,"D1",3,0.526283180069132,0.781322618125484
10,37,"D1",4,0.443382309553313,0.842478586328887
10,37,"D1",5,0.390466562937704,0.880654357480072
10,37,"D1",6,0.353892786489147,0.906333141118689
10,37,"D1",7,0.327181025674471,0.924520188502076
10,37,"D1",8,0.306832757233853,0.9378073089701
10,37,"D1",9,0.29081066979717,0.947782343772141
10,37,"D1",10,0.277832126785365,0.955371159452792
10,37,"D3",1,1,NA
10,37,"D3",2,0.59249033683048,0.59249033683048
10,37,"D3",3,0.471171544266519,0.795239204721963
10,37,"D3",4,0.413110357340065,0.876772721882346
10,37,"D3",5,0.37862752316093,0.916528759043558
10,37,"D3",6,0.355302253424838,0.938395208194682
10,37,"D3",7,0.338095895453709,0.951572617946346
10,37,"D3",8,0.324559788944107,0.959963706476126
10,37,"D3",9,0.313362782992822,0.965500945179584
10,37,"D3",10,0.303699613473219,0.969162995594714
10,37,"D5",1,1,NA
10,37,"D5",2,0.555256295156257,0.555256295156257
10,37,"D5",3,0.408682826728229,0.736025562057284
10,37,"D5",4,0.333296689202807,0.815538768465177
10,37,"D5",5,0.285549387126917,0.856742345115717
10,37,"D5",6,0.251488667802635,0.880718639717677
10,37,"D5",7,0.225407207900475,0.896291709165088
10,37,"D5",8,0.204523107177974,0.907349454717876
10,37,"D5",9,0.18737976144671,0.916178929765886
10,37,"D5",10,0.173143516737207,0.924024640657084
10,37,"D6",1,1,NA
10,37,"D6",2,0.462944825334639,0.462944825334639
10,37,"D6",3,0.304929807378387,0.65867418899859
10,37,"D6",4,0.233944312298867,0.767207096971551
10,37,"D6",5,0.194001368095394,0.829263024986709
10,37,"D6",6,0.16848561167856,0.868476409896825
10,37,"D6",7,0.150954946131244,0.895951557093426
10,37,"D6",8,0.138426379366634,0.917004595836713
10,37,"D6",9,0.129285014691479,0.933962264150944
10,37,"D6",10,0.122428991185113,0.946969696969697
10,37,"D7",1,1,NA
10,37,"D7",2,0.352574985851726,0.352574985851726
10,37,"D7",3,0.215690435766836,0.611757624398074
10,37,"D7",4,0.157530924084405,0.730356557185026
10,37,"D7",5,0.124437437680222,0.789923873064751
10,37,"D7",6,0.10243350311262,0.823172712506768
10,37,"D7",7,0.0867289190718732,0.846685082872928
10,37,"D7",8,0.07508017355216,0.865687873844481
10,37,"D7",9,0.066213921901528,0.881909547738693
10,37,"D7",10,0.0594227504244482,0.897435897435897
10,38,"D0",1,1,NA
10,38,"D0",2,0.826679874525343,0.826679874525343
10,38,"D0",3,0.737959385834572,0.892678542898227
10,38,"D0",4,0.684245383145829,0.927212792844966
10,38,"D0",5,0.64736668317649,0.946103107338791
10,38,"D0",6,0.619998584872285,0.957723962299209
10,38,"D0",7,0.598509162951956,0.965339562952785
10,38,"D0",8,0.580736338121182,0.970304840876428
10,38,"D0",9,0.565349182763744,0.97350405967841
10,38,"D0",10,0.551560178306092,0.975609756097561
10,38,"D1",1,1,NA
10,38,"D1",2,0.682264404784428,0.682264404784428
10,38,"D1",3,0.535641462235396,0.785093665269904
10,38,"D1",4,0.451373435796719,0.842678298115683
10,38,"D1",5,0.396407475142419,0.878225087488191
10,38,"D1",6,0.357564782865912,0.902013219446601
10,38,"D1",7,0.328608816295642,0.919018963953371
10,38,"D1",8,0.306194950705262,0.931791648675015
10,38,"D1",9,0.288326921864161,0.94164492654126
10,38,"D1",10,0.27369615942486,0.94925634295713
10,38,"D3",1,1,NA
10,38,"D3",2,0.588374251244411,0.588374251244411
10,38,"D3",3,0.463152788323631,0.787173788356754
10,38,"D3",4,0.403598847790192,0.871416210730387
10,38,"D3",5,0.367869496571091,0.911473108967659
10,38,"D3",6,0.34351761458823,0.933802932263085
10,38,"D3",7,0.325529401839197,0.947635253666409
10,38,"D3",8,0.311482325149751,0.956848516262796
10,38,"D3",9,0.300177170336624,0.963705308775731
10,38,"D3",10,0.291065553024551,0.96964586846543
10,38,"D5",1,1,NA
10,38,"D5",2,0.533950617283951,0.533950617283951
10,38,"D5",3,0.382903439153439,0.717113955408753
10,38,"D5",4,0.307747543461829,0.803721022047302
10,38,"D5",5,0.262629125724364,0.853391460968521
10,38,"D5",6,0.23202947845805,0.883487228684495
10,38,"D5",7,0.209556878306878,0.903147650460135
10,38,"D5",8,0.192151675485009,0.916942822576403
10,38,"D5",9,0.178174603174603,0.927260211106012
10,38,"D5",10,0.166666666666667,0.935412026726058
10,38,"D6",1,1,NA
10,38,"D6",2,0.441733145628031,0.441733145628031
10,38,"D6",3,0.288831534490849,0.653859773371105
10,38,"D6",4,0.224106723872092,0.775908088661947
10,38,"D6",5,0.188841217700908,0.842639678266361
10,38,"D6",6,0.166543764385153,0.881924859481313
10,38,"D6",7,0.150985452839043,0.906581242452704
10,38,"D6",8,0.139319046874185,0.922731589398256
10,38,"D6",9,0.129985922102299,0.933008982035928
10,38,"D6",10,0.12200844673862,0.938628158844765
10,38,"D7",1,1,NA
10,38,"D7",2,0.396246534442312,0.396246534442312
10,38,"D7",3,0.260716570697377,0.657965554359526
10,38,"D7",4,0.198839228589708,0.762664329535495
10,38,"D7",5,0.161624470645584,0.812839960162415
10,38,"D7",6,0.136687688511105,0.845711592836946
10,38,"D7",7,0.118921944977607,0.870026746907389
10,38,"D7",8,0.105566218809981,0.887693342299933
10,38,"D7",9,0.0950095969289827,0.9
10,38,"D7",10,0.0863723608445297,0.909090909090909
10,39,"D0",1,1,NA
10,39,"D0",2,0.828749802434013,0.828749802434013
10,39,"D0",3,0.740862573099415,0.893952035853914
10,39,"D0",4,0.687461897988214,0.927920943707821
10,39,"D0",5,0.650674170411012,0.946487612353707
10,39,"D0",6,0.623340445708867,0.957991686246159
10,39,"D0",7,0.601953927611822,0.965690469398751
10,39,"D0",8,0.584400189663348,0.970838735087057
10,39,"D0",9,0.569345661450925,0.974239350912779
10,39,"D0",10,0.555950687529635,0.97647303768478
10,39,"D1",1,1,NA
10,39,"D1",2,0.682580926829612,0.682580926829612
10,39,"D1",3,0.537328094302554,0.787200569459632
10,39,"D1",4,0.454344079985756,0.845561743008225
10,39,"D1",5,0.400565046772031,0.881633687809004
10,39,"D1",6,0.362787792092564,0.905690087080997
10,39,"D1",7,0.334701185119463,0.922581168426044
10,39,"D1",8,0.312891254902789,0.934837606837607
10,39,"D1",9,0.295329235059256,0.943871809875321
10,39,"D1",10,0.280752899423284,0.950643776824034
10,39,"D3",1,1,NA
10,39,"D3",2,0.601486071664228,0.601486071664228
10,39,"D3",3,0.477171012995955,0.793320137365258
10,39,"D3",4,0.415944327640687,0.871688171142561
10,39,"D3",5,0.378167533473498,0.909178244161986
10,39,"D3",6,0.351726851339555,0.930082093798261
10,39,"D3",7,0.331762630174714,0.943239416925927
10,39,"D3",8,0.315919327538228,0.952245065611691
10,39,"D3",9,0.30286599535244,0.958681438430803
10,39,"D3",10,0.291763490833979,0.963341858482524
10,39,"D5",1,1,NA
10,39,"D5",2,0.580070546737213,0.580070546737213
10,39,"D5",3,0.437169312169312,0.753648525387656
10,39,"D5",4,0.363189720332577,0.830775880700238
10,39,"D5",5,0.316893424036281,0.872528616024974
10,39,"D5",6,0.284372637944067,0.897376267143709
10,39,"D5",7,0.25952380952381,0.912618778656389
10,39,"D5",8,0.239241622574956,0.921848453958546
10,39,"D5",9,0.221825396825397,0.927202359012164
10,39,"D5",10,0.206349206349206,0.930232558139535
10,39,"D6",1,1,NA
10,39,"D6",2,0.466230936819172,0.466230936819172
10,39,"D6",3,0.315891472868217,0.677542925450989
10,39,"D6",4,0.25233969556815,0.798817686583836
10,39,"D6",5,0.217702067907266,0.862734130740326
10,39,"D6",6,0.195448722124509,0.897780733106142
10,39,"D6",7,0.179662562699498,0.919231196533718
10,39,"D6",8,0.167705325024066,0.933446136491822
10,39,"D6",9,0.158230734154127,0.943504531722054
10,39,"D6",10,0.150478796169631,0.951008645533141
10,39,"D7",1,1,NA
10,39,"D7",2,0.368989205103042,0.368989205103042
10,39,"D7",3,0.225547922800131,0.611258865248227
10,39,"D7",4,0.161035562409458,0.713974930073552
10,39,"D7",5,0.122786111500537,0.762478235635519
10,39,"D7",6,0.0968269545305855,0.788582302568982
10,39,"D7",7,0.0776905462872097,0.802364864864865
10,39,"D7",8,0.0625885944826082,0.805614035087719
10,39,"D7",9,0.0500490677134445,0.799651567944251
10,39,"D7",10,0.0392541707556428,0.784313725490196
10,40,"D0",1,1,NA
10,40,"D0",2,0.82717585187818,0.82717585187818
10,40,"D0",3,0.738571964536066,0.892883856388058
10,40,"D0",4,0.684881001746116,0.92730435845385
10,40,"D0",5,0.647960090380563,0.946091494330515
10,40,"D0",6,0.620551140899462,0.957699633221232
10,40,"D0",7,0.599070947613688,0.965385297246188
10,40,"D0",8,0.581389991377551,0.970486039580844
10,40,"D0",9,0.566198684912031,0.973870712102343
10,40,"D0",10,0.552692376044073,0.976145637162586
10,40,"D1",1,1,NA
10,40,"D1",2,0.672694394213382,0.672694394213382
10,40,"D1",3,0.52373417721519,0.778561827956989
10,40,"D1",4,0.439753478244824,0.839650145772595
10,40,"D1",5,0.386258933953328,0.878353334452277
10,40,"D1",6,0.349319112816917,0.904365134656343
10,40,"D1",7,0.322257383966245,0.922530065324952
10,40,"D1",8,0.301529894658285,0.935680327777592
10,40,"D1",9,0.285133040557995,0.945621132793908
10,40,"D1",10,0.271893567553604,0.95356738391846
10,40,"D3",1,1,NA
10,40,"D3",2,0.597831545983633,0.597831545983633
10,40,"D3",3,0.474962332712931,0.794475192725835
10,40,"D3",4,0.415315075777719,0.874416868818809
10,40,"D3",5,0.379500554985798,0.913765420807674
10,40,"D3",6,0.35507273901318,0.935631672597865
10,40,"D3",7,0.336767703624922,0.948447083155042
10,40,"D3",8,0.321959289786995,0.956027808847073
10,40,"D3",9,0.309226269609146,0.9604514589833
10,40,"D3",10,0.297793140122308,0.963026655202064
10,40,"D5",1,1,NA
10,40,"D5",2,0.544330071588935,0.544330071588935
10,40,"D5",3,0.395126445545813,0.725894941634241
10,40,"D5",4,0.321024635549988,0.812460515282739
10,40,"D5",5,0.275841306150113,0.859252766310392
10,40,"D5",6,0.244776065210682,0.88738002522898
10,40,"D5",7,0.221851569449739,0.906345027071127
10,40,"D5",8,0.20417672724192,0.920330326029882
10,40,"D5",9,0.190240182996569,0.931742738589212
10,40,"D5",10,0.179184140297369,0.94188376753507
10,40,"D6",1,1,NA
10,40,"D6",2,0.450110487846337,0.450110487846337
10,40,"D6",3,0.29032806391297,0.645015105740181
10,40,"D6",4,0.219470143998446,0.755938440950151
10,40,"D6",5,0.180139708441595,0.820793685918714
10,40,"D6",6,0.154925815303174,0.860031453605931
10,40,"D6",7,0.137387387387387,0.886794670846395
10,40,"D6",8,0.124539633973596,0.906485204660274
10,40,"D6",9,0.114737378888322,0.921292083712466
10,40,"D6",10,0.107088220295767,0.933333333333333
10,40,"D7",1,1,NA
10,40,"D7",2,0.324681933842239,0.324681933842239
10,40,"D7",3,0.185178117048346,0.570336990595611
10,40,"D7",4,0.126281352235551,0.681945330519704
10,40,"D7",5,0.0936932024718284,0.741940126655153
10,40,"D7",6,0.0734278444202108,0.783705140640155
10,40,"D7",7,0.0602417302798982,0.820420792079208
10,40,"D7",8,0.0519083969465649,0.861668426610348
10,40,"D7",9,0.0473282442748092,0.911764705882353
10,40,"D7",10,0.0458015267175573,0.967741935483871
10,41,"D0",1,1,NA
10,41,"D0",2,0.837081828281014,0.837081828281014
10,41,"D0",3,0.751970703865573,0.898324009027623
10,41,"D0",4,0.699224262536242,0.929855723024604
10,41,"D0",5,0.662244402440774,0.947113019274626
10,41,"D0",6,0.633698537188928,0.956895271373171
10,41,"D0",7,0.610279590492726,0.963044025949487
10,41,"D0",8,0.59037963905353,0.967392074470114
10,41,"D0",9,0.573130575345746,0.970783098591549
10,41,"D0",10,0.55798359576124,0.973571503186044
10,41,"D1",1,1,NA
10,41,"D1",2,0.676653862569356,0.676653862569356
10,41,"D1",3,0.52836641058472,0.780851835498928
10,41,"D1",4,0.443759526858118,0.839870813072748
10,41,"D1",5,0.389302989655102,0.877283677516568
10,41,"D1",6,0.351469422596183,0.902817167953328
10,41,"D1",7,0.323708920187793,0.921015881827408
10,41,"D1",8,0.302518139137857,0.9345375436746
10,41,"D1",9,0.285915492957746,0.945118510158014
10,41,"D1",10,0.272727272727273,0.953873712494402
10,41,"D3",1,1,NA
10,41,"D3",2,0.577688013689023,0.577688013689023
10,41,"D3",3,0.448308507952537,0.776039137612897
10,41,"D3",4,0.386338226277635,0.861768669173991
10,41,"D3",5,0.349038041539935,0.903451995685005
10,41,"D3",6,0.323391159038723,0.926521239954076
10,41,"D3",7,0.304321299335185,0.941031598513011
10,41,"D3",8,0.289433083676961,0.951077313054499
10,41,"D3",9,0.277455188083817,0.958616010854817
10,41,"D3",10,0.267609189598586,0.964513193812557
10,41,"D5",1,1,NA
10,41,"D5",2,0.5481057508858,0.5481057508858
10,41,"D5",3,0.401914690651404,0.733279462953754
10,41,"D5",4,0.329361834676634,0.819481950616985
10,41,"D5",5,0.285094550221288,0.865596800252197
10,41,"D5",6,0.254020168983374,0.89100324361236
10,41,"D5",7,0.230137639683838,0.905981759656652
10,41,"D5",8,0.210684110111747,0.915470022205774
10,41,"D5",9,0.194194603434178,0.921733505821475
10,41,"D5",10,0.17988552739166,0.926315789473684
10,41,"D6",1,1,NA
10,41,"D6",2,0.459460973833137,0.459460973833137
10,41,"D6",3,0.303916624642797,0.661463414634146
10,41,"D6",4,0.233892851139447,0.769595448798989
10,41,"D6",5,0.195230891146171,0.834702258726899
10,41,"D6",6,0.170736978603847,0.874538745387454
10,41,"D6",7,0.153429147755925,0.898628691983122
10,41,"D6",8,0.140191628845184,0.913722267871816
10,41,"D6",9,0.129601613716591,0.924460431654676
10,41,"D6",10,0.121028744326778,0.933852140077821
10,41,"D7",1,1,NA
10,41,"D7",2,0.374180251077384,0.374180251077384
10,41,"D7",3,0.234822934232715,0.627566349524286
10,41,"D7",4,0.172528707941861,0.734718303838591
10,41,"D7",5,0.136312535132097,0.79008610658599
10,41,"D7",6,0.112061350678551,0.822091310751105
10,41,"D7",7,0.0943648116919618,0.842081691150125
10,41,"D7",8,0.080569608394229,0.853809878381732
10,41,"D7",9,0.0691399662731872,0.858139534883721
10,41,"D7",10,0.0590219224283305,0.853658536585366
10,42,"D0",1,1,NA
10,42,"D0",2,0.827969553535474,0.827969553535474
10,42,"D0",3,0.740622462519557,0.894504464997608
10,42,"D0",4,0.688101038050536,0.929084753532392
10,42,"D0",5,0.652379443449493,0.948086701478832
10,42,"D0",6,0.626256539095943,0.959957499250093
10,42,"D0",7,0.606143425821401,0.967883587605206
10,42,"D0",8,0.589877144686722,0.97316430329565
10,42,"D0",9,0.576079852652843,0.976609888757079
10,42,"D0",10,0.563840532351019,0.978754125412541
10,42,"D1",1,1,NA
10,42,"D1",2,0.680054400952017,0.680054400952017
10,42,"D1",3,0.534202473543287,0.78552902943566
10,42,"D1",4,0.451260754206056,0.844737298224976
10,42,"D1",5,0.397784193366241,0.881495210160917
10,42,"D1",6,0.360409342877786,0.906042394062542
10,42,"D1",7,0.332775511071444,0.923326538691554
10,42,"D1",8,0.311459617209968,0.935945124709313
10,42,"D1",9,0.294466403162055,0.945440072776893
10,42,"D1",10,0.280504908835905,0.952587140073609
10,42,"D3",1,1,NA
10,42,"D3",2,0.591115655532833,0.591115655532833
10,42,"D3",3,0.463978357191547,0.78491975783202
10,42,"D3",4,0.403142954523323,0.868883102573016
10,42,"D3",5,0.367104067257441,0.910605191380577
10,42,"D3",6,0.342815756159314,0.9338380768168
10,42,"D3",7,0.324940354464894,0.947857117494585
10,42,"D3",8,0.310838445807771,0.956601547135178
10,42,"D3",9,0.299079754601227,0.962171052631579
10,42,"D3",10,0.288854805725971,0.965811965811966
10,42,"D5",1,1,NA
10,42,"D5",2,0.564304129157686,0.564304129157686
10,42,"D5",3,0.421040953467732,0.746124176153385
10,42,"D5",4,0.348548243945734,0.827825039524204
10,42,"D5",5,0.303452939436203,0.870619619255487
10,42,"D5",6,0.271749171330761,0.895523278949463
10,42,"D5",7,0.247907949790795,0.912267546490702
10,42,"D5",8,0.229237986560162,0.924689937348165
10,42,"D5",9,0.214149866869532,0.934181415929204
10,42,"D5",10,0.201597565614302,0.941385435168739
10,42,"D6",1,1,NA
10,42,"D6",2,0.421467764060357,0.421467764060357
10,42,"D6",3,0.262431412894376,0.622660699755899
10,42,"D6",4,0.194713893787968,0.741961077145657
10,42,"D6",5,0.158444379123391,0.813729190254539
10,42,"D6",6,0.135312561238487,0.854006699304303
10,42,"D6",7,0.118655692729767,0.876900796524258
10,42,"D6",8,0.105852766346594,0.892100192678227
10,42,"D6",9,0.095679012345679,0.903887688984881
10,42,"D6",10,0.0874485596707819,0.913978494623656
10,42,"D7",1,1,NA
10,42,"D7",2,0.302746566791511,0.302746566791511
10,42,"D7",3,0.170568039950062,0.56340206185567
10,42,"D7",4,0.117219546994828,0.687230427395112
10,42,"D7",5,0.0891370905415849,0.760428553315583
10,42,"D7",6,0.0725878366327805,0.814339308045019
10,42,"D7",7,0.0621878901373283,0.856726044226044
10,42,"D7",8,0.0553474823137745,0.890004182350481
10,42,"D7",9,0.050561797752809,0.913533834586466
10,42,"D7",10,0.0468164794007491,0.925925925925926
10,43,"D0",1,1,NA
10,43,"D0",2,0.829892303651169,0.829892303651169
10,43,"D0",3,0.741907998423956,0.893981056529721
10,43,"D0",4,0.688027693346842,0.927376028845123
10,43,"D0",5,0.650964857968404,0.946131768042432
10,43,"D0",6,0.623640661938534,0.958025082774597
10,43,"D0",7,0.602482269503546,0.966072782410917
10,43,"D0",8,0.585316522195955,0.971508294639548
10,43,"D0",9,0.570744680851064,0.975104339631109
10,43,"D0",10,0.557919621749409,0.977529253391322
10,43,"D1",1,1,NA
10,43,"D1",2,0.679606404459233,0.679606404459233
10,43,"D1",3,0.533646873133692,0.785229317487551
10,43,"D1",4,0.450324204419418,0.843861787805512
10,43,"D1",5,0.396353106552748,0.880150572993845
10,43,"D1",6,0.358565822028837,0.904662575114995
10,43,"D1",7,0.330597858544493,0.922000475878889
10,43,"D1",8,0.309003782384893,0.934681742178637
10,43,"D1",9,0.291783977476325,0.944273158161152
10,43,"D1",10,0.277706680317379,0.951754385964912
10,43,"D3",1,1,NA
10,43,"D3",2,0.584786411602054,0.584786411602054
10,43,"D3",3,0.458460301337396,0.783979060117727
10,43,"D3",4,0.397482405862294,0.866994164386271
10,43,"D3",5,0.360508516933098,0.906979809964204
10,43,"D3",6,0.334881133763815,0.928913237924866
10,43,"D3",7,0.315727103436601,0.942803495341951
10,43,"D3",8,0.300829524293211,0.952815013404826
10,43,"D3",9,0.288979177247334,0.96060776589758
10,43,"D3",10,0.279329608938547,0.966608084358524
10,43,"D5",1,1,NA
10,43,"D5",2,0.546696472925981,0.546696472925981
10,43,"D5",3,0.393722056631893,0.720184007269423
10,43,"D5",4,0.315786672344049,0.802054817668728
10,43,"D5",5,0.267576230690985,0.847332247129988
10,43,"D5",6,0.233925910155418,0.874240247541165
10,43,"D5",7,0.208705911574764,0.892188092529389
10,43,"D5",8,0.189021361152509,0.90568283249033
10,43,"D5",9,0.173248882265276,0.916557161629435
10,43,"D5",10,0.160208643815201,0.924731182795699
10,43,"D6",1,1,NA
10,43,"D6",2,0.462521427458314,0.462521427458314
10,43,"D6",3,0.311788997974131,0.674107142857143
10,43,"D6",4,0.246733008303836,0.791346102354474
10,43,"D6",5,0.211343381048851,0.856567114800445
10,43,"D6",6,0.188761993811082,0.89315308988764
10,43,"D6",7,0.172471559918965,0.913698549357235
10,43,"D6",8,0.159680016622513,0.925833898049846
10,43,"D6",9,0.149135109864423,0.933962264150944
10,43,"D6",10,0.140252454417952,0.940438871473354
10,43,"D7",1,1,NA
10,43,"D7",2,0.347014925373134,0.347014925373134
10,43,"D7",3,0.198072139303483,0.57078853046595
10,43,"D7",4,0.135127931769723,0.682215743440233
10,43,"D7",5,0.102204750059228,0.756355467893929
10,43,"D7",6,0.0829335465529495,0.811445128576603
10,43,"D7",7,0.0709732587064677,0.85578468130691
10,43,"D7",8,0.0634328358208955,0.893756845564075
10,43,"D7",9,0.0587686567164179,0.926470588235294
10,43,"D7",10,0.0559701492537313,0.952380952380952
10,44,"D0",1,1,NA
10,44,"D0",2,0.84146421235789,0.84146421235789
10,44,"D0",3,0.757825071627615,0.900602854521992
10,44,"D0",4,0.706032418854743,0.931656189915129
10,44,"D0",5,0.670106007001097,0.949115067673631
10,44,"D0",6,0.642716971399416,0.959127309238348
10,44,"D0",7,0.620388359040779,0.965259027920144
10,44,"D0",8,0.601423394429399,0.969430495696756
10,44,"D0",9,0.584952313670081,0.972613169171869
10,44,"D0",10,0.570469798657718,0.97524154589372
10,44,"D1",1,1,NA
10,44,"D1",2,0.685284759562614,0.685284759562614
10,44,"D1",3,0.539889958734525,0.787833015692794
10,44,"D1",4,0.455897151908156,0.844426062260457
10,44,"D1",5,0.401058134895824,0.879711867506073
10,44,"D1",6,0.362415667780179,0.903648713856204
10,44,"D1",7,0.333744946021425,0.920889949558845
10,44,"D1",8,0.311686326817001,0.93390575807249
10,44,"D1",9,0.294235338251844,0.944011055141978
10,44,"D1",10,0.280105039389771,0.951976200594985
10,44,"D3",1,1,NA
10,44,"D3",2,0.582352110687562,0.582352110687562
10,44,"D3",3,0.454066073697586,0.779710531419705
10,44,"D3",4,0.393271616143281,0.866110988959737
10,44,"D3",5,0.357142857142857,0.908132808172811
10,44,"D3",6,0.332462031826708,0.930893689114782
10,44,"D3",7,0.313955950868276,0.944336257416373
10,44,"D3",8,0.299251729493153,0.953164699269252
10,44,"D3",9,0.287166454891995,0.959615021702208
10,44,"D3",10,0.27700127064803,0.964601769911504
10,44,"D5",1,1,NA
10,44,"D5",2,0.571510815034131,0.571510815034131
10,44,"D5",3,0.422742413027387,0.739692761548424
10,44,"D5",4,0.347837580628106,0.822812118938186
10,44,"D5",5,0.302406800371271,0.869390822651197
10,44,"D5",6,0.271650629163583,0.898295371764363
10,44,"D5",7,0.249352331606218,0.91791553133515
10,44,"D5",8,0.232338185706061,0.93176664605236
10,44,"D5",9,0.218726868985936,0.94141592920354
10,44,"D5",10,0.207253886010363,0.947546531302876
10,44,"D6",1,1,NA
10,44,"D6",2,0.475797336478451,0.475797336478451
10,44,"D6",3,0.318516880436385,0.669438132617228
10,44,"D6",4,0.248014995471873,0.778655734453004
10,44,"D6",5,0.208925675533371,0.842391304347826
10,44,"D6",6,0.184389545291801,0.882560483870968
10,44,"D6",7,0.167846085802742,0.910279840091376
10,44,"D6",8,0.156174750601995,0.930464060898843
10,44,"D6",9,0.147722246793454,0.94587791063562
10,44,"D6",10,0.141530296329058,0.958083832335329
10,44,"D7",1,1,NA
10,44,"D7",2,0.33079311318092,0.33079311318092
10,44,"D7",3,0.197219870166526,0.596203071672355
10,44,"D7",4,0.139913713156728,0.709430104778942
10,44,"D7",5,0.106917731811889,0.76416906820365
10,44,"D7",6,0.0847143260352405,0.792331866750471
10,44,"D7",7,0.068656505786057,0.810447405997144
10,44,"D7",8,0.0568256656317622,0.827680712572799
10,44,"D7",9,0.048264182895851,0.849337748344371
10,44,"D7",10,0.0423370025402202,0.87719298245614
10,45,"D0",1,1,NA
10,45,"D0",2,0.831711129500466,0.831711129500466
10,45,"D0",3,0.744473342002601,0.895110472370063
10,45,"D0",4,0.691300896762535,0.928577099756139
10,45,"D0",5,0.655019918674015,0.947517820013789
10,45,"D0",6,0.628240420178002,0.959116512746323
10,45,"D0",7,0.607316664696379,0.966694668458781
10,45,"D0",8,0.590285166357988,0.971956148532652
10,45,"D0",9,0.576013713204871,0.975822781993369
10,45,"D0",10,0.563896441659771,0.978963571062083
10,45,"D1",1,1,NA
10,45,"D1",2,0.699966315384245,0.699966315384245
10,45,"D1",3,0.561591288745901,0.802311877590305
10,45,"D1",4,0.481920789103862,0.858134374163899
10,45,"D1",5,0.42995760452297,0.892174843344032
10,45,"D1",6,0.393352837020473,0.914864239828694
10,45,"D1",7,0.366144898843037,0.930830705624171
10,45,"D1",8,0.345081702379234,0.942473057714693
10,45,"D1",9,0.32821877126771,0.951133511295271
10,45,"D1",10,0.314298088226196,0.957587181903864
10,45,"D3",1,1,NA
10,45,"D3",2,0.596291504959034,0.596291504959034
10,45,"D3",3,0.471194480379474,0.790208273069135
10,45,"D3",4,0.410792829421549,0.871811633045275
10,45,"D3",5,0.374463541345818,0.911562993621658
10,45,"D3",6,0.349916836074663,0.934448343935074
10,45,"D3",7,0.332061233290211,0.948971867187775
10,45,"D3",8,0.318298117004456,0.958552474947514
10,45,"D3",9,0.307115135834411,0.964866329479769
10,45,"D3",10,0.297542043984476,0.96882898062342
10,45,"D5",1,1,NA
10,45,"D5",2,0.556713445417072,0.556713445417072
10,45,"D5",3,0.411143532027234,0.738519134775374
10,45,"D5",4,0.336807002917882,0.819195674214262
10,45,"D5",5,0.289389758960413,0.859215385824297
10,45,"D5",6,0.25486809980349,0.88070877393541
10,45,"D5",7,0.22773377796304,0.893535825545171
10,45,"D5",8,0.205455977027465,0.902176123652634
10,45,"D5",9,0.186744476865361,0.90892696122633
10,45,"D5",10,0.170904543559817,0.915178571428571
10,45,"D6",1,1,NA
10,45,"D6",2,0.425652346182147,0.425652346182147
10,45,"D6",3,0.264518593988793,0.621442819148936
10,45,"D6",4,0.195303592654586,0.738335969919985
10,45,"D6",5,0.157961979154032,0.808802219186022
10,45,"D6",6,0.134779128156612,0.853237778346557
10,45,"D6",7,0.119077941925624,0.883504319654428
10,45,"D6",8,0.107658346068942,0.904099821746881
10,45,"D6",9,0.0988283239938869,0.917981072555205
10,45,"D6",10,0.0916963830871116,0.927835051546392
10,45,"D7",1,1,NA
10,45,"D7",2,0.353756185335133,0.353756185335133
10,45,"D7",3,0.215452091767881,0.609041200406918
10,45,"D7",4,0.155658376711008,0.722473267415328
10,45,"D7",5,0.120461409935094,0.77388324663529
10,45,"D7",6,0.0961634856371699,0.798292878100827
10,45,"D7",7,0.0782051282051282,0.813251804330393
10,45,"D7",8,0.0647773279352227,0.828300258843831
10,45,"D7",9,0.0550607287449393,0.85
10,45,"D7",10,0.048582995951417,0.882352941176471
10,46,"D0",1,1,NA
10,46,"D0",2,0.830307917215699,0.830307917215699
10,46,"D0",3,0.743067437606938,0.894929967786761
10,46,"D0",4,0.690252831323101,0.928923535589276
10,46,"D0",5,0.654079418460798,0.947593966702079
10,46,"D0",6,0.62734983662472,0.959134042317095
10,46,"D0",7,0.606510708596377,0.966782285079627
10,46,"D0",8,0.589441527195967,0.97185675181249
10,46,"D0",9,0.574783173048557,0.975131792601819
10,46,"D0",10,0.561685055165496,0.977212071443236
10,46,"D1",1,1,NA
10,46,"D1",2,0.708352021746517,0.708352021746517
10,46,"D1",3,0.574622833843017,0.811210833317344
10,46,"D1",4,0.497198194262414,0.865260071440609
10,46,"D1",5,0.446281733896413,0.897593231525035
10,46,"D1",6,0.410053880879569,0.918822908792291
10,46,"D1",7,0.382818552497452,0.933581098357861
10,46,"D1",8,0.361413523615359,0.944085706550924
10,46,"D1",9,0.343914373088685,0.951581362115001
10,46,"D1",10,0.329051987767584,0.956784634536724
10,46,"D3",1,1,NA
10,46,"D3",2,0.571308016877637,0.571308016877637
10,46,"D3",3,0.440379746835443,0.77082717872969
10,46,"D3",4,0.378444846292948,0.8593602430912
10,46,"D3",5,0.341942937512558,0.903547612979952
10,46,"D3",6,0.317130801687764,0.927437788289215
10,46,"D3",7,0.298544303797468,0.941391697711549
10,46,"D3",8,0.283713080168776,0.950321532047205
10,46,"D3",9,0.271392405063291,0.956573468173706
10,46,"D3",10,0.260759493670886,0.960820895522388
10,46,"D5",1,1,NA
10,46,"D5",2,0.55450643776824,0.55450643776824
10,46,"D5",3,0.411802575107296,0.742647058823529
10,46,"D5",4,0.33979153893317,0.825132137273878
10,46,"D5",5,0.294774848422917,0.867516740847668
10,46,"D5",6,0.262579194768036,0.890778830598567
10,46,"D5",7,0.237517882689557,0.904557129514321
10,46,"D5",8,0.216976633285646,0.913517040606334
10,46,"D5",9,0.199570815450644,0.91978021978022
10,46,"D5",10,0.184549356223176,0.924731182795699
10,46,"D6",1,1,NA
10,46,"D6",2,0.450625459896983,0.450625459896983
10,46,"D6",3,0.28719646799117,0.637328543435663
10,46,"D6",4,0.217197519184274,0.75626807217891
10,46,"D6",5,0.17989417989418,0.828251540670474
10,46,"D6",6,0.156522653211395,0.87008180755746
10,46,"D6",7,0.140176600441501,0.895567494963062
10,46,"D6",8,0.127937208731911,0.912685914260717
10,46,"D6",9,0.11832229580574,0.924846625766871
10,46,"D6",10,0.11037527593819,0.932835820895522
10,46,"D7",1,1,NA
10,46,"D7",2,0.347445835817929,0.347445835817929
10,46,"D7",3,0.208929636255218,0.601330091533181
10,46,"D7",4,0.151077604565977,0.723102798022527
10,46,"D7",5,0.119863986143056,0.793393478056574
10,46,"D7",6,0.100988159127694,0.84252294936334
10,46,"D7",7,0.0888491353607633,0.879797553774779
10,46,"D7",8,0.0806996620950109,0.9082774049217
10,46,"D7",9,0.075134168157424,0.931034482758621
10,46,"D7",10,0.0715563506261181,0.952380952380952
10,47,"D0",1,1,NA
10,47,"D0",2,0.831400195611219,0.831400195611219
10,47,"D0",3,0.744495972903251,0.895472453378389
10,47,"D0",4,0.691560679331696,0.928897810736131
10,47,"D0",5,0.655208500367123,0.947434577975568
10,47,"D0",6,0.628142696790419,0.958691311908289
10,47,"D0",7,0.606772217955534,0.965978305655578
10,47,"D0",8,0.589157362005475,0.970969574036511
10,47,"D0",9,0.574171442074792,0.974563807741159
10,47,"D0",10,0.56123353222662,0.977466817573824
10,47,"D1",1,1,NA
10,47,"D1",2,0.684448890000278,0.684448890000278
10,47,"D1",3,0.538744061015254,0.787120950718519
10,47,"D1",4,0.454994701056216,0.84454703815906
10,47,"D1",5,0.400509353528858,0.880250588851086
10,47,"D1",6,0.362135176651306,0.904186565084084
10,47,"D1",7,0.333619863299158,0.921257819757166
10,47,"D1",8,0.311661248645495,0.934180733615453
10,47,"D1",9,0.294386096524131,0.944570740839797
10,47,"D1",10,0.280695173793448,0.953493310681673
10,47,"D3",1,1,NA
10,47,"D3",2,0.607879818594104,0.607879818594104
10,47,"D3",3,0.485140306122449,0.798085890142684
10,47,"D3",4,0.424392614188533,0.874783251015669
10,47,"D3",5,0.387532393909945,0.913145943057782
10,47,"D3",6,0.36268221574344,0.935875868554412
10,47,"D3",7,0.344834183673469,0.950788786173633
10,47,"D3",8,0.331519274376417,0.961387501798081
10,47,"D3",9,0.321428571428571,0.969562243502052
10,47,"D3",10,0.313775510204082,0.976190476190476
10,47,"D5",1,1,NA
10,47,"D5",2,0.558912511915123,0.558912511915123
10,47,"D5",3,0.414459778689544,0.741546789262939
10,47,"D5",4,0.343048968934832,0.827701472069254
10,47,"D5",5,0.300364706369928,0.875573849711781
10,47,"D5",6,0.271416138256869,0.903621938599517
10,47,"D5",7,0.250279746363297,0.922125515345854
10,47,"D5",8,0.234240954867587,0.93591654247392
10,47,"D5",9,0.221932114882506,0.947452229299363
10,47,"D5",10,0.212607236105931,0.957983193277311
10,47,"D6",1,1,NA
10,47,"D6",2,0.451550054438141,0.451550054438141
10,47,"D6",3,0.293880006876397,0.650824873096447
10,47,"D6",4,0.223654804882242,0.761041240128693
10,47,"D6",5,0.185212472473947,0.828117565242853
10,47,"D6",6,0.161226945651907,0.870497237569061
10,47,"D6",7,0.144748151968369,0.897791317593298
10,47,"D6",8,0.132829064237006,0.917656373713381
10,47,"D6",9,0.12429087158329,0.93572044866264
10,47,"D6",10,0.118617844249613,0.954356846473029
10,47,"D7",1,1,NA
10,47,"D7",2,0.403055555555556,0.403055555555556
10,47,"D7",3,0.252708333333333,0.626981392143349
10,47,"D7",4,0.18125,0.717230008244023
10,47,"D7",5,0.142162698412698,0.784345922276957
10,47,"D7",6,0.119404761904762,0.839916259595255
10,47,"D7",7,0.105625,0.884596211365902
10,47,"D7",8,0.0969444444444444,0.917817225509533
10,47,"D7",9,0.09125,0.941260744985673
10,47,"D7",10,0.0875,0.958904109589041
10,48,"D0",1,1,NA
10,48,"D0",2,0.829734792467712,0.829734792467712
10,48,"D0",3,0.741570541259982,0.893744058935361
10,48,"D0",4,0.687567780735483,0.927177850899059
10,48,"D0",5,0.650328868607484,0.945839649309681
10,48,"D0",6,0.622740524781341,0.957577857668818
10,48,"D0",7,0.60123730651681,0.965470019359858
10,48,"D0",8,0.583680042065135,0.970798112057633
10,48,"D0",9,0.568707482993197,0.974348002342237
10,48,"D0",10,0.555456965394854,0.976700644892864
10,48,"D1",1,1,NA
10,48,"D1",2,0.681976809636384,0.681976809636384
10,48,"D1",3,0.53489636102668,0.784332184714427
10,48,"D1",4,0.449721377912867,0.840763577171608
10,48,"D1",5,0.394114058152812,0.876351620156182
10,48,"D1",6,0.355092391566556,0.900988899586205
10,48,"D1",7,0.326362504221547,0.919091796875
10,48,"D1",8,0.304457953394124,0.932882759066729
10,48,"D1",9,0.287297365754813,0.943635607321131
10,48,"D1",10,0.273556231003039,0.952171038130923
10,48,"D3",1,1,NA
10,48,"D3",2,0.596557628187799,0.596557628187799
10,48,"D3",3,0.474407497521853,0.7952416918429
10,48,"D3",4,0.415376099074396,0.875568158690962
10,48,"D3",5,0.380025489514541,0.914894935845782
10,48,"D3",6,0.356273896419882,0.9375
10,48,"D3",7,0.339190772280797,0.952050587172538
10,48,"D3",8,0.326334444744826,0.962097059865391
10,48,"D3",9,0.316301703163017,0.969256259204713
10,48,"D3",10,0.308191403081914,0.974358974358974
10,48,"D5",1,1,NA
10,48,"D5",2,0.571543086172345,0.571543086172345
10,48,"D5",3,0.424916499665999,0.743454885460495
10,48,"D5",4,0.350281515411776,0.82435376288544
10,48,"D5",5,0.304656932913446,0.869748814907644
10,48,"D5",6,0.273384864968031,0.897353171495693
10,48,"D5",7,0.250233800935204,0.915316950572466
10,48,"D5",8,0.23210866176798,0.927567182772735
10,48,"D5",9,0.217234468937876,0.935917114351496
10,48,"D5",10,0.204408817635271,0.940959409594096
10,48,"D6",1,1,NA
10,48,"D6",2,0.415384615384615,0.415384615384615
10,48,"D6",3,0.255168269230769,0.614293981481482
10,48,"D6",4,0.186538461538462,0.731040979745643
10,48,"D6",5,0.147702991452991,0.791809851088202
10,48,"D6",6,0.121565934065934,0.823043141307156
10,48,"D6",7,0.102083333333333,0.839736346516007
10,48,"D6",8,0.0865384615384615,0.847723704866562
10,48,"D6",9,0.0735576923076923,0.85
10,48,"D6",10,0.0625,0.849673202614379
10,48,"D7",1,1,NA
10,48,"D7",2,0.349082220049962,0.349082220049962
10,48,"D7",3,0.216845878136201,0.621188550093342
10,48,"D7",4,0.159800772703999,0.736932488998605
10,48,"D7",5,0.126068674455771,0.788911544810176
10,48,"D7",6,0.103384071126007,0.820061538461538
10,48,"D7",7,0.0869990224828935,0.841512832057632
10,48,"D7",8,0.074725752145107,0.858926342072409
10,48,"D7",9,0.0654936461388074,0.876453488372093
10,48,"D7",10,0.0586510263929619,0.895522388059702
10,49,"D0",1,1,NA
10,49,"D0",2,0.827019601627305,0.827019601627305
10,49,"D0",3,0.73804782849897,0.892418785536319
10,49,"D0",4,0.683753934288884,0.926435805223481
10,49,"D0",5,0.646485274249183,0.945494046658084
10,49,"D0",6,0.619129701333696,0.95768569833666
10,49,"D0",7,0.598079132984625,0.965999743989467
10,49,"D0",8,0.581140698473081,0.971678606429528
10,49,"D0",9,0.566928197812649,0.975543787076392
10,49,"D0",10,0.554564907275321,0.978192493185154
10,49,"D1",1,1,NA
10,49,"D1",2,0.676458884056735,0.676458884056735
10,49,"D1",3,0.528976933572099,0.781979431476774
10,49,"D1",4,0.445394632654802,0.841992541427319
10,49,"D1",5,0.391899340959203,0.879892374596576
10,49,"D1",6,0.354840478017761,0.905437802342976
10,49,"D1",7,0.327657329240215,0.923393326123899
10,49,"D1",8,0.306841761177909,0.936471532284737
10,49,"D1",9,0.290355589664876,0.946271421954609
10,49,"D1",10,0.276925044768483,0.95374449339207
10,49,"D3",1,1,NA
10,49,"D3",2,0.594235164900407,0.594235164900407
10,49,"D3",3,0.469298245614035,0.789751723448896
10,49,"D3",4,0.410289683599863,0.874262129539894
10,49,"D3",5,0.375908044222231,0.916201550387597
10,49,"D3",6,0.352861850056614,0.938691936712074
10,49,"D3",7,0.335804613055481,0.951660297086819
10,49,"D3",8,0.322320182859857,0.959844416451192
10,49,"D3",9,0.311247662302966,0.965647448885614
10,49,"D3",10,0.301896874165108,0.969957081545064
10,49,"D5",1,1,NA
10,49,"D5",2,0.548953613807983,0.548953613807983
10,49,"D5",3,0.402362459546926,0.732962584499293
10,49,"D5",4,0.328525196486362,0.816490675736232
10,49,"D5",5,0.282740021574973,0.860634205835444
10,49,"D5",6,0.250282015718909,0.885201940371723
10,49,"D5",7,0.225016181229773,0.899050539382297
10,49,"D5",8,0.204185544768069,0.907426051105039
10,49,"D5",9,0.186407766990291,0.912933220625528
10,49,"D5",10,0.170873786407767,0.916666666666667
10,49,"D6",1,1,NA
10,49,"D6",2,0.47993698452414,0.47993698452414
10,49,"D6",3,0.326939115929942,0.681212589302954
10,49,"D6",4,0.256304857222288,0.78395286686103
10,49,"D6",5,0.214216211922634,0.835786782366158
10,49,"D6",6,0.184935859247786,0.863314020857474
10,49,"D6",7,0.162809285515708,0.88035541715881
10,49,"D6",8,0.145491613381522,0.893632159373888
10,49,"D6",9,0.131776480400334,0.905732484076433
10,49,"D6",10,0.1209341117598,0.917721518987342
10,49,"D7",1,1,NA
10,49,"D7",2,0.309641873278237,0.309641873278237
10,49,"D7",3,0.173760330578512,0.561165480427046
10,49,"D7",4,0.118417945690673,0.681501613725157
10,49,"D7",5,0.0873999737636101,0.738063587016728
10,49,"D7",6,0.0669421487603306,0.765928705440901
10,49,"D7",7,0.0522727272727273,0.780864197530864
10,49,"D7",8,0.0411386593204775,0.787000439174352
10,49,"D7",9,0.0322314049586777,0.783482142857143
10,49,"D7",10,0.0247933884297521,0.769230769230769
10,50,"D0",1,1,NA
10,50,"D0",2,0.829631397190903,0.829631397190903
10,50,"D0",3,0.742811549245362,0.895351299095587
10,50,"D0",4,0.690213423554711,0.929190484795119
10,50,"D0",5,0.654230452745038,0.947866892207986
10,50,"D0",6,0.627512975004474,0.959161977819188
10,50,"D0",7,0.606499433275667,0.966512976518681
10,50,"D0",8,0.589300509720482,0.971642308942823
10,50,"D0",9,0.574837439599117,0.975457224484287
10,50,"D0",10,0.5625484698443,0.978621834786218
10,50,"D1",1,1,NA
10,50,"D1",2,0.68082788671024,0.68082788671024
10,50,"D1",3,0.535544520838638,0.786607792207792
10,50,"D1",4,0.45282355366389,0.845538579976112
10,50,"D1",5,0.399275871964948,0.881747136902052
10,50,"D1",6,0.361626468769326,0.905705789307181
10,50,"D1",7,0.333550844580256,0.922362916949593
10,50,"D1",8,0.311674164615341,0.934412757993627
10,50,"D1",9,0.294053985230456,0.943466025146385
10,50,"D1",10,0.27947542653425,0.950422169300714
10,50,"D3",1,1,NA
10,50,"D3",2,0.592753623188406,0.592753623188406
10,50,"D3",3,0.462600644122383,0.780426514534094
10,50,"D3",4,0.398389694041868,0.861195718388304
10,50,"D3",5,0.359510390307492,0.902408861685337
10,50,"D3",6,0.333068783068783,0.926451062468339
10,50,"D3",7,0.313747987117552,0.941991573712746
10,50,"D3",8,0.298926462694579,0.952759778447852
10,50,"D3",9,0.28719806763285,0.960764948823846
10,50,"D3",10,0.277777777777778,0.967199327165686
10,50,"D5",1,1,NA
10,50,"D5",2,0.566313730492835,0.566313730492835
10,50,"D5",3,0.425245567036612,0.75090103619162
10,50,"D5",4,0.355584713793669,0.836186762090467
10,50,"D5",5,0.31352699263147,0.881722358890256
10,50,"D5",6,0.285094673154375,0.909314604020344
10,50,"D5",7,0.264446995790279,0.927576067501918
10,50,"D5",8,0.248671174044308,0.940344106769577
10,50,"D5",9,0.236127057022579,0.949555403556771
10,50,"D5",10,0.225794106391121,0.956239870340357
10,50,"D6",1,1,NA
10,50,"D6",2,0.43743842364532,0.43743842364532
10,50,"D6",3,0.278694581280788,0.637105855855856
10,50,"D6",4,0.210509031198686,0.75533951981146
10,50,"D6",5,0.174075377277348,0.826925934180224
10,50,"D6",6,0.151630307295332,0.87106120157215
10,50,"D6",7,0.136247947454844,0.898553527227723
10,50,"D6",8,0.124794745484401,0.915938535703525
10,50,"D6",9,0.11576354679803,0.927631578947368
10,50,"D6",10,0.108374384236453,0.936170212765958
10,50,"D7",1,1,NA
10,50,"D7",2,0.326947637292465,0.326947637292465
10,50,"D7",3,0.188888888888889,0.577734375
10,50,"D7",4,0.130979748221128,0.693422196464793
10,50,"D7",5,0.101258894362343,0.773088173840368
10,50,"D7",6,0.084072249589491,0.83027027027027
10,50,"D7",7,0.0731800766283525,0.870442708333333
10,50,"D7",8,0.0659003831417625,0.900523560209424
10,50,"D7",9,0.0609195402298851,0.924418604651163
10,50,"D7",10,0.0574712643678161,0.943396226415094
10,51,"D0",1,1,NA
10,51,"D0",2,0.830078991451973,0.830078991451973
10,51,"D0",3,0.742640486264227,0.894662428409617
10,51,"D0",4,0.688638795009095,0.92728420783146
10,51,"D0",5,0.650944047642695,0.945261946263277
10,51,"D0",6,0.622671331806663,0.956566595948734
10,51,"D0",7,0.600470770514272,0.964346260766532
10,51,"D0",8,0.582537128630925,0.970134030224339
10,51,"D0",9,0.567784994934748,0.974676062741532
10,51,"D0",10,0.555390024432394,0.978169605373636
10,51,"D1",1,1,NA
10,51,"D1",2,0.678220976169237,0.678220976169237
10,51,"D1",3,0.530887600356824,0.782764937993236
10,51,"D1",4,0.446512771031695,0.841068374419711
10,51,"D1",5,0.392066728564753,0.878063862896595
10,51,"D1",6,0.354263382427012,0.903579305808149
10,51,"D1",7,0.326669427806805,0.92210892802083
10,51,"D1",8,0.30582104979964,0.936178974117239
10,51,"D1",9,0.289728558684848,0.947379386980276
10,51,"D1",10,0.277175990824519,0.956674730591599
10,51,"D3",1,1,NA
10,51,"D3",2,0.589922549106223,0.589922549106223
10,51,"D3",3,0.467687074829932,0.792794029552716
10,51,"D3",4,0.409021493569598,0.874562320796087
10,51,"D3",5,0.373444987147611,0.913020447626101
10,51,"D3",6,0.348642611033282,0.93358492691582
10,51,"D3",7,0.329799452248432,0.9459527946713
10,51,"D3",8,0.314692110610478,0.954192338601661
10,51,"D3",9,0.302146832759078,0.960134755755194
10,51,"D3",10,0.291545189504373,0.964912280701754
10,51,"D5",1,1,NA
10,51,"D5",2,0.54777990227321,0.54777990227321
10,51,"D5",3,0.398597833014659,0.727660564691281
10,51,"D5",4,0.32655922789766,0.819269952944401
10,51,"D5",5,0.284196788976904,0.870276399189576
10,51,"D5",6,0.256068469452791,0.901025202904742
10,51,"D5",7,0.235818992989165,0.920921632769165
10,51,"D5",8,0.220437646059061,0.934774774774775
10,51,"D5",9,0.208413001912046,0.945451040863531
10,51,"D5",10,0.198852772466539,0.954128440366973
10,51,"D6",1,1,NA
10,51,"D6",2,0.467477074002986,0.467477074002986
10,51,"D6",3,0.317538387715931,0.679259808394161
10,51,"D6",4,0.25073119458916,0.789609081260007
10,51,"D6",5,0.212960424092862,0.849357513897749
10,51,"D6",6,0.188351156201444,0.884442060085837
10,51,"D6",7,0.170585412667946,0.905677544583283
10,51,"D6",8,0.156643207506931,0.918268479449914
10,51,"D6",9,0.144913627639155,0.925119128658952
10,51,"D6",10,0.134357005758157,0.927152317880795
10,51,"D7",1,1,NA
10,51,"D7",2,0.338521781693588,0.338521781693588
10,51,"D7",3,0.197136563876652,0.582345286292655
10,51,"D7",4,0.134927627438641,0.684437350359138
10,51,"D7",5,0.0996084189916789,0.738235903814262
10,51,"D7",6,0.0768617579190266,0.771639171639172
10,51,"D7",7,0.061086637298091,0.794759825327511
10,51,"D7",8,0.0497307880567792,0.814102564102564
10,51,"D7",9,0.0414096916299559,0.832677165354331
10,51,"D7",10,0.0352422907488987,0.851063829787234
10,52,"D0",1,1,NA
10,52,"D0",2,0.833467755155569,0.833467755155569
10,52,"D0",3,0.747201731090784,0.896497466721213
10,52,"D0",4,0.694597366831064,0.929598176675894
10,52,"D0",5,0.658306285039835,0.947752347584042
10,52,"D0",6,0.630951678399303,0.958446991526328
10,52,"D0",7,0.609019376413888,0.965239331732889
10,52,"D0",8,0.59068227271237,0.969890771276453
10,52,"D0",9,0.574918855119504,0.973313203525677
10,52,"D0",10,0.561227500737681,0.976185588174913
10,52,"D1",1,1,NA
10,52,"D1",2,0.673111411198994,0.673111411198994
10,52,"D1",3,0.524382140483999,0.779042119565217
10,52,"D1",4,0.440850534799477,0.840704708960105
10,52,"D1",5,0.387756414378497,0.879564350658822
10,52,"D1",6,0.351078325999553,0.905409460633341
10,52,"D1",7,0.324127065783551,0.923232913512193
10,52,"D1",8,0.303388849591666,0.936018252157524
10,52,"D1",9,0.28686258118449,0.945527766002543
10,52,"D1",10,0.273294321908559,0.952701188074423
10,52,"D3",1,1,NA
10,52,"D3",2,0.58374524430065,0.58374524430065
10,52,"D3",3,0.459647703783589,0.78741147490506
10,52,"D3",4,0.399940941596374,0.870103207966147
10,52,"D3",5,0.363433861007331,0.908718821225643
10,52,"D3",6,0.337775552388656,0.929400335600106
10,52,"D3",7,0.318122584703874,0.941816488654073
10,52,"D3",8,0.302267757107336,0.950161263742731
10,52,"D3",9,0.289026691830682,0.956194251734391
10,52,"D3",10,0.277702884874629,0.960820895522388
10,52,"D5",1,1,NA
10,52,"D5",2,0.567478831864524,0.567478831864524
10,52,"D5",3,0.424669517884914,0.748344244823386
10,52,"D5",4,0.354513811745538,0.834799289365552
10,52,"D5",5,0.312029425559752,0.880161548638674
10,52,"D5",6,0.282622380211805,0.905755537974684
10,52,"D5",7,0.260303265940902,0.92102849656076
10,52,"D5",8,0.242267150509763,0.930711144303377
10,52,"D5",9,0.22706065318818,0.937232524964337
10,52,"D5",10,0.213841368584759,0.941780821917808
10,52,"D6",1,1,NA
10,52,"D6",2,0.442523866011411,0.442523866011411
10,52,"D6",3,0.287917302152178,0.650625478682665
10,52,"D6",4,0.221584719296971,0.769612377028504
10,52,"D6",5,0.18632838663342,0.840890054262719
10,52,"D6",6,0.164742053404992,0.884148982243395
10,52,"D6",7,0.149932214878834,0.910102865540044
10,52,"D6",8,0.138733547986217,0.925308467552039
10,52,"D6",9,0.129639044229792,0.934446254071661
10,52,"D6",10,0.122013218098627,0.941176470588235
10,52,"D7",1,1,NA
10,52,"D7",2,0.33117350611951,0.33117350611951
10,52,"D7",3,0.186915046796256,0.564402173913043
10,52,"D7",4,0.12557852514656,0.671848132608845
10,52,"D7",5,0.0928639994514725,0.73948948948949
10,52,"D7",6,0.0735369741849224,0.791878172588833
10,52,"D7",7,0.0613750899928006,0.834615384615385
10,52,"D7",8,0.0532757379409647,0.868035190615836
10,52,"D7",9,0.0475161987041037,0.891891891891892
10,52,"D7",10,0.0431965442764579,0.909090909090909
10,53,"D0",1,1,NA
10,53,"D0",2,0.827509465020576,0.827509465020576
10,53,"D0",3,0.738656790123457,0.892626394436576
10,53,"D0",4,0.684396472663139,0.926541909333496
10,53,"D0",5,0.647033509700176,0.945407429092124
10,53,"D0",6,0.619428571428571,0.957336153602931
10,53,"D0",7,0.598034567901235,0.965461710172657
10,53,"D0",8,0.580727572016461,0.971060208199149
10,53,"D0",9,0.566162962962963,0.974920066214654
10,53,"D0",10,0.553481481481481,0.977601004814737
10,53,"D1",1,1,NA
10,53,"D1",2,0.687244085729977,0.687244085729977
10,53,"D1",3,0.542002961479906,0.788661514495539
10,53,"D1",4,0.457411595057844,0.843928220998848
10,53,"D1",5,0.401632091239799,0.87805402307086
10,53,"D1",6,0.362051346222028,0.901450242943511
10,53,"D1",7,0.33257732173768,0.918591589861751
10,53,"D1",8,0.309843097179642,0.931642288658609
10,53,"D1",9,0.291810048176187,0.94179941664797
10,53,"D1",10,0.277169492585872,0.949828473413379
10,53,"D3",1,1,NA
10,53,"D3",2,0.586377158278897,0.586377158278897
10,53,"D3",3,0.461703008556445,0.787382322175732
10,53,"D3",4,0.402179199032635,0.871077709218495
10,53,"D3",5,0.366606206379875,0.911549397039119
10,53,"D3",6,0.34202121367454,0.932938962086582
10,53,"D3",7,0.323511822614776,0.94588233033587
10,53,"D3",8,0.308890728984574,0.954805071690959
10,53,"D3",9,0.296991443555065,0.961477362986497
10,53,"D3",10,0.287054926856196,0.966542750929368
10,53,"D5",1,1,NA
10,53,"D5",2,0.556968529222864,0.556968529222864
10,53,"D5",3,0.410500963391137,0.73702721402214
10,53,"D5",4,0.338544820625745,0.824711391245069
10,53,"D5",5,0.295501116310365,0.872856704067068
10,53,"D5",6,0.266519864207725,0.901925067273856
10,53,"D5",7,0.245311496467566,0.920424814100799
10,53,"D5",8,0.228816099336331,0.932757341711393
10,53,"D5",9,0.215414258188825,0.941429640718563
10,53,"D5",10,0.204238921001927,0.948121645796064
10,53,"D6",1,1,NA
10,53,"D6",2,0.461021723820359,0.461021723820359
10,53,"D6",3,0.306029579067122,0.663807285546416
10,53,"D6",4,0.238513152701354,0.779379409756468
10,53,"D6",5,0.201740536942877,0.845825627048249
10,53,"D6",6,0.178612059158134,0.885355327515105
10,53,"D6",7,0.162359824475865,0.909008189262966
10,53,"D6",8,0.149953952001734,0.92359025692359
10,53,"D6",9,0.139931740614334,0.933164739884393
10,53,"D6",10,0.131643100926377,0.940766550522648
10,53,"D7",1,1,NA
10,53,"D7",2,0.383819573763708,0.383819573763708
10,53,"D7",3,0.225481067659839,0.587466307277628
10,53,"D7",4,0.153276580650882,0.679775833251401
10,53,"D7",5,0.112507759155804,0.734017934625398
10,53,"D7",6,0.0862818125387958,0.766896551724138
10,53,"D7",7,0.0679702048417132,0.787769784172662
10,53,"D7",8,0.0546244568590937,0.80365296803653
10,53,"D7",9,0.0446927374301676,0.818181818181818
10,53,"D7",10,0.037243947858473,0.833333333333333
10,54,"D0",1,1,NA
10,54,"D0",2,0.837133316342868,0.837133316342868
10,54,"D0",3,0.75126448273834,0.897425138949604
10,54,"D0",4,0.697277511251516,0.928138528138528
10,54,"D0",5,0.659218401234516,0.945417556994361
10,54,"D0",6,0.630398557117371,0.956281796650133
10,54,"D0",7,0.60749573604658,0.963669299664137
10,54,"D0",8,0.588693498532939,0.969049597556023
10,54,"D0",9,0.572898900194083,0.973170081921719
10,54,"D0",10,0.559313062400753,0.976285802279027
10,54,"D1",1,1,NA
10,54,"D1",2,0.674392124645076,0.674392124645076
10,54,"D1",3,0.527462489730618,0.782130262876683
10,54,"D1",4,0.44452371686773,0.842758917500948
10,54,"D1",5,0.391492524713435,0.880701096157543
10,54,"D1",6,0.354863517595389,0.906437531227812
10,54,"D1",7,0.328166212651879,0.924767400367286
10,54,"D1",8,0.30792291837823,0.938313898587961
10,54,"D1",9,0.292126086392528,0.948698745553267
10,54,"D1",10,0.279543390841873,0.956927175843694
10,54,"D3",1,1,NA
10,54,"D3",2,0.589707073245651,0.589707073245651
10,54,"D3",3,0.462218312808914,0.783810019888247
10,54,"D3",4,0.399897078710851,0.865169266619199
10,54,"D3",5,0.362408597517921,0.906254676043693
10,54,"D3",6,0.337055254371163,0.930042103525138
10,54,"D3",7,0.318547373711988,0.945089475926715
10,54,"D3",8,0.30431990170618,0.955336401490248
10,54,"D3",9,0.29303845187233,0.962928977794091
10,54,"D3",10,0.283990952500628,0.969125214408233
10,54,"D5",1,1,NA
10,54,"D5",2,0.55160744500846,0.55160744500846
10,54,"D5",3,0.400299362228296,0.725696083058046
10,54,"D5",4,0.324296684702776,0.810135401909097
10,54,"D5",5,0.277529858748133,0.855789996750951
10,54,"D5",6,0.244937803313438,0.882563787616548
10,54,"D5",7,0.220389170896785,0.899776057086465
10,54,"D5",8,0.20096316543017,0.911855898420198
10,54,"D5",9,0.185083951581413,0.920984455958549
10,54,"D5",10,0.171807887543928,0.928270042194093
10,54,"D6",1,1,NA
10,54,"D6",2,0.458452722063037,0.458452722063037
10,54,"D6",3,0.299068767908309,0.65234375
10,54,"D6",4,0.227407104197935,0.760383993916928
10,54,"D6",5,0.186777034914571,0.821333333333333
10,54,"D6",6,0.160094601355346,0.857142857142857
10,54,"D6",7,0.140918497293855,0.880220170454546
10,54,"D6",8,0.12628674519792,0.89616869057705
10,54,"D6",9,0.114613180515759,0.907563025210084
10,54,"D6",10,0.105062082139446,0.916666666666667
10,54,"D7",1,1,NA
10,54,"D7",2,0.41650913673598,0.41650913673598
10,54,"D7",3,0.266855702583491,0.640695915279879
10,54,"D7",4,0.197092447565037,0.738573115196492
10,54,"D7",5,0.157754973444955,0.80041105275177
10,54,"D7",6,0.133225312809434,0.84450784593438
10,54,"D7",7,0.117202268431002,0.87972972972973
10,54,"D7",8,0.106490233144297,0.908602150537634
10,54,"D7",9,0.0992438563327032,0.931952662721893
10,54,"D7",10,0.0945179584120983,0.952380952380952
10,55,"D0",1,1,NA
10,55,"D0",2,0.82849124471323,0.82849124471323
10,55,"D0",3,0.740118186489585,0.893332538167939
10,55,"D0",4,0.686142309408051,0.927071273119846
10,55,"D0",5,0.648966926981868,0.945819720025347
10,55,"D0",6,0.621520895800512,0.957708120336734
10,55,"D0",7,0.600305348037472,0.965865109433345
10,55,"D0",8,0.583185106130677,0.971480777303143
10,55,"D0",9,0.568777422032491,0.975294835298902
10,55,"D0",10,0.55614846436618,0.977796309809236
10,55,"D1",1,1,NA
10,55,"D1",2,0.675447354817695,0.675447354817695
10,55,"D1",3,0.527202430267882,0.780523347241734
10,55,"D1",4,0.443575480029498,0.841376015289059
10,55,"D1",5,0.390201945711473,0.879674290575134
10,55,"D1",6,0.353259830476069,0.905325650880479
10,55,"D1",7,0.326152996409832,0.923266582476396
10,55,"D1",8,0.305355511652115,0.936233960789422
10,55,"D1",9,0.288827990567841,0.945874495617086
10,55,"D1",10,0.275317060735453,0.953221535745808
10,55,"D3",1,1,NA
10,55,"D3",2,0.578542094455852,0.578542094455852
10,55,"D3",3,0.450526180698152,0.778726708074534
10,55,"D3",4,0.388505915713308,0.862338155601224
10,55,"D3",5,0.350155633779864,0.901287778686634
10,55,"D3",6,0.323188618363156,0.922985630344988
10,55,"D3",7,0.302853353867214,0.93707926783148
10,55,"D3",8,0.286732831394022,0.946771193822539
10,55,"D3",9,0.273357289527721,0.953351899741396
10,55,"D3",10,0.261806981519507,0.957746478873239
10,55,"D5",1,1,NA
10,55,"D5",2,0.536016567621106,0.536016567621106
10,55,"D5",3,0.385838735818476,0.71982613808164
10,55,"D5",4,0.31100949293818,0.806060833364588
10,55,"D5",5,0.264625299066142,0.850859234443824
10,55,"D5",6,0.232422628694914,0.878308421436383
10,55,"D5",7,0.208637223122636,0.897663124688693
10,55,"D5",8,0.190527642715649,0.913200625775476
10,55,"D5",9,0.176661264181524,0.927221172022684
10,55,"D5",10,0.16612641815235,0.940366972477064
10,55,"D6",1,1,NA
10,55,"D6",2,0.460485509571169,0.460485509571169
10,55,"D6",3,0.304379210779596,0.660996284254528
10,55,"D6",4,0.234703698611302,0.771089779785432
10,55,"D6",5,0.196254793223032,0.836181084423615
10,55,"D6",6,0.172189376231725,0.877376666342318
10,55,"D6",7,0.155598331729227,0.903646526483897
10,55,"D6",8,0.14319324136456,0.920274914089347
10,55,"D6",9,0.13330125120308,0.93091859596714
10,55,"D6",10,0.12512030798845,0.938628158844765
10,55,"D7",1,1,NA
10,55,"D7",2,0.324731182795699,0.324731182795699
10,55,"D7",3,0.18366935483871,0.565604304635762
10,55,"D7",4,0.12741935483871,0.693743139407245
10,55,"D7",5,0.0973822324628776,0.764265621860559
10,55,"D7",6,0.0784562211981567,0.805652316792639
10,55,"D7",7,0.0650537634408602,0.829172785119922
10,55,"D7",8,0.0548387096774194,0.84297520661157
10,55,"D7",9,0.0467741935483871,0.852941176470588
10,55,"D7",10,0.0403225806451613,0.862068965517241
10,56,"D0",1,1,NA
10,56,"D0",2,0.828040600700421,0.828040600700421
10,56,"D0",3,0.739622286856216,0.893219832735962
10,56,"D0",4,0.685545257457171,0.926885613968042
10,56,"D0",5,0.648243151953011,0.945587683528699
10,56,"D0",6,0.620658757953232,0.957447457922735
10,56,"D0",7,0.599216477711165,0.965452384313761
10,56,"D0",8,0.58170594171069,0.970777612679544
10,56,"D0",9,0.56668843117469,0.974183673469388
10,56,"D0",10,0.553214222116697,0.976222897245208
10,56,"D1",1,1,NA
10,56,"D1",2,0.684716169463217,0.684716169463217
10,56,"D1",3,0.540090317690899,0.788779850363841
10,56,"D1",4,0.457101352509677,0.846342431139975
10,56,"D1",5,0.403096205534152,0.88185301426256
10,56,"D1",6,0.365105430791024,0.90575258654994
10,56,"D1",7,0.336949198930504,0.922881914411631
10,56,"D1",8,0.315276812845183,0.935680553169111
10,56,"D1",9,0.298111539190299,0.945554912522815
10,56,"D1",10,0.284216509821259,0.953389830508475
10,56,"D3",1,1,NA
10,56,"D3",2,0.584065262499645,0.584065262499645
10,56,"D3",3,0.457128847957704,0.782667412886899
10,56,"D3",4,0.39565593441265,0.865523880587071
10,56,"D3",5,0.358442259823687,0.905944353787576
10,56,"D3",6,0.332906966828686,0.928760372709508
10,56,"D3",7,0.314061567323271,0.943391393442623
10,56,"D3",8,0.299536681731617,0.953751470721332
10,56,"D3",9,0.28805321053978,0.961662554564433
10,56,"D3",10,0.278843694039396,0.968028419182949
10,56,"D5",1,1,NA
10,56,"D5",2,0.542877192982456,0.542877192982456
10,56,"D5",3,0.398456140350877,0.733971044467425
10,56,"D5",4,0.327077694235589,0.820862476727218
10,56,"D5",5,0.282940685045948,0.865056498906802
10,56,"D5",6,0.251328320802005,0.888272115271052
10,56,"D5",7,0.226526315789474,0.901316314319904
10,56,"D5",8,0.205941520467836,0.909128459314333
10,56,"D5",9,0.188210526315789,0.913902771467515
10,56,"D5",10,0.172631578947368,0.917225950782998
10,56,"D6",1,1,NA
10,56,"D6",2,0.455410417674569,0.455410417674569
10,56,"D6",3,0.299064666989195,0.656692634560907
10,56,"D6",4,0.22904139885272,0.765859107191003
10,56,"D6",5,0.189792736962548,0.828639442097499
10,56,"D6",6,0.164558711728523,0.867044305077888
10,56,"D6",7,0.146669891952911,0.891292174156517
10,56,"D6",8,0.132881793259152,0.905992303463441
10,56,"D6",9,0.121432027092404,0.913834951456311
10,56,"D6",10,0.111272375423319,0.916334661354582
10,56,"D7",1,1,NA
10,56,"D7",2,0.384203480589023,0.384203480589023
10,56,"D7",3,0.256526104417671,0.667682926829268
10,56,"D7",4,0.202114580772068,0.787890890211271
10,56,"D7",5,0.170751031336229,0.844822925114896
10,56,"D7",6,0.149577903450537,0.876
10,56,"D7",7,0.133964429145152,0.895616438356164
10,56,"D7",8,0.121820615796519,0.909350463954318
10,56,"D7",9,0.111876075731497,0.918367346938775
10,56,"D7",10,0.103270223752151,0.923076923076923
10,57,"D0",1,1,NA
10,57,"D0",2,0.831473251028807,0.831473251028807
10,57,"D0",3,0.744335802469136,0.895201140323091
10,57,"D0",4,0.690443738977072,0.927597109646895
10,57,"D0",5,0.652801881246326,0.945481643752009
10,57,"D0",6,0.624468430335097,0.956597167187793
10,57,"D0",7,0.602079012345679,0.964146437350878
10,57,"D0",8,0.583822222222222,0.969677085981906
10,57,"D0",9,0.568651851851852,0.974015428339423
10,57,"D0",10,0.555851851851852,0.977490621092122
10,57,"D1",1,1,NA
10,57,"D1",2,0.70336665377281,0.70336665377281
10,57,"D1",3,0.565977523972394,0.804669258823302
10,57,"D1",4,0.486375653296804,0.859355067464707
10,57,"D1",5,0.434321797694423,0.892976025322107
10,57,"D1",6,0.3975738221753,0.915389981082695
10,57,"D1",7,0.370131720922657,0.930976086145473
10,57,"D1",8,0.348717739910557,0.94214497217715
10,57,"D1",9,0.331399254870824,0.950336667574826
10,57,"D1",10,0.316985280644964,0.956505713232584
10,57,"D3",1,1,NA
10,57,"D3",2,0.590838105153566,0.590838105153566
10,57,"D3",3,0.466423737636648,0.78942731277533
10,57,"D3",4,0.406335985721722,0.871173469387755
10,57,"D3",5,0.369485552333028,0.909310435985033
10,57,"D3",6,0.343496690711683,0.929662035613452
10,57,"D3",7,0.323442651396842,0.941617954824276
10,57,"D3",8,0.307016021747932,0.949213161659514
10,57,"D3",9,0.293076522644456,0.954596834966089
10,57,"D3",10,0.28110359187923,0.959147424511545
10,57,"D5",1,1,NA
10,57,"D5",2,0.547658402203857,0.547658402203857
10,57,"D5",3,0.402307162534435,0.734595070422535
10,57,"D5",4,0.328256591892956,0.815935241682053
10,57,"D5",5,0.28099173553719,0.856012468528953
10,57,"D5",6,0.246556473829201,0.877450980392157
10,57,"D5",7,0.219387052341598,0.889804469273743
10,57,"D5",8,0.196877869605142,0.897399675613457
10,57,"D5",9,0.177685950413223,0.902518656716418
10,57,"D5",10,0.161157024793388,0.906976744186046
10,57,"D6",1,1,NA
10,57,"D6",2,0.432779493211783,0.432779493211783
10,57,"D6",3,0.27286428466402,0.630492638731597
10,57,"D6",4,0.203142395025942,0.744481438001578
10,57,"D6",5,0.1643315758887,0.80894771309413
10,57,"D6",6,0.139265234104228,0.847464848743076
10,57,"D6",7,0.121563005440376,0.87288838612368
10,57,"D6",8,0.108219379503014,0.890232839431509
10,57,"D6",9,0.0974856638729599,0.900815217391304
10,57,"D6",10,0.0882223202470225,0.904977375565611
10,57,"D7",1,1,NA
10,57,"D7",2,0.310708069982596,0.310708069982596
10,57,"D7",3,0.178002198406156,0.572892099056604
10,57,"D7",4,0.126486868448946,0.710591608314495
10,57,"D7",5,0.0995825645454664,0.787295675563832
10,57,"D7",6,0.0833431476465277,0.836925098554534
10,57,"D7",7,0.0728222039021709,0.873763542157324
10,57,"D7",8,0.0657689841531556,0.90314465408805
10,57,"D7",9,0.0610057708161583,0.927576601671309
10,57,"D7",10,0.0577081615828524,0.945945945945946
10,58,"D0",1,1,NA
10,58,"D0",2,0.836381456434382,0.836381456434382
10,58,"D0",3,0.75000980103891,0.896731742758039
10,58,"D0",4,0.695389311266994,0.927173632002868
10,58,"D0",5,0.656634603267946,0.944269048472377
10,58,"D0",6,0.627143277187382,0.955087158164081
10,58,"D0",7,0.603616583357836,0.962485934737181
10,58,"D0",8,0.58424646345846,0.967909894404122
10,58,"D0",9,0.567950602763893,0.972107900152098
10,58,"D0",10,0.553954719200235,0.975357216815076
10,58,"D1",1,1,NA
10,58,"D1",2,0.683166380261816,0.683166380261816
10,58,"D1",3,0.537244855190913,0.786404118693634
10,58,"D1",4,0.453389855879482,0.843916608039676
10,58,"D1",5,0.39888611465375,0.879786147574901
10,58,"D1",6,0.360615640698628,0.904056640356254
10,58,"D1",7,0.332301228048116,0.921483126478768
10,58,"D1",8,0.310574625927323,0.93461774953884
10,58,"D1",9,0.293474160694078,0.944939271255061
10,58,"D1",10,0.279768640764491,0.953299057412168
10,58,"D3",1,1,NA
10,58,"D3",2,0.594486790700216,0.594486790700216
10,58,"D3",3,0.469490205720843,0.789740349264706
10,58,"D3",4,0.409486341868933,0.872193576946337
10,58,"D3",5,0.373886215415598,0.913061504589255
10,58,"D3",6,0.349983022468884,0.936068269004932
10,58,"D3",7,0.3325751987542,0.950260948111472
10,58,"D3",8,0.3192088080212,0.959809418191526
10,58,"D3",9,0.308581263830834,0.966706607326258
10,58,"D3",10,0.299975411851488,0.97211155378486
10,58,"D5",1,1,NA
10,58,"D5",2,0.573379719108362,0.573379719108362
10,58,"D5",3,0.428875144955547,0.747977528089888
10,58,"D5",4,0.355826752811677,0.829674456533402
10,58,"D5",5,0.31051165473276,0.872648423085545
10,58,"D5",6,0.278609163031274,0.897258311515092
10,58,"D5",7,0.254348666408968,0.912922832980973
10,58,"D5",8,0.234935360563501,0.923674434312732
10,58,"D5",9,0.218786238886741,0.931261425959781
10,58,"D5",10,0.204870506378044,0.936395759717315
10,58,"D6",1,1,NA
10,58,"D6",2,0.465629265629266,0.465629265629266
10,58,"D6",3,0.316420966420966,0.679555581613508
10,58,"D6",4,0.24956124956125,0.788700105381871
10,58,"D6",5,0.210853710853711,0.84489764025629
10,58,"D6",6,0.185445185445185,0.87949690187737
10,58,"D6",7,0.167608517608518,0.903817034700315
10,58,"D6",8,0.154627354627355,0.922550696310775
10,58,"D6",9,0.144963144963145,0.9375
10,58,"D6",10,0.137592137592138,0.949152542372881
10,58,"D7",1,1,NA
10,58,"D7",2,0.337211557106845,0.337211557106845
10,58,"D7",3,0.203025014543339,0.602070155261645
10,58,"D7",4,0.142857142857143,0.703643061809251
10,58,"D7",5,0.108971162636084,0.762798138452589
10,58,"D7",6,0.0880079780603341,0.807626310772164
10,58,"D7",7,0.0741710296684119,0.842776203966006
10,58,"D7",8,0.0645724258289703,0.870588235294118
10,58,"D7",9,0.0575916230366492,0.891891891891892
10,58,"D7",10,0.0523560209424084,0.909090909090909
10,59,"D0",1,1,NA
10,59,"D0",2,0.82882490683025,0.82882490683025
10,59,"D0",3,0.741500939942614,0.894641237047766
10,59,"D0",4,0.688823870302054,0.928958863296064
10,59,"D0",5,0.652890264644494,0.947833390788559
10,59,"D0",6,0.626499314477943,0.959578275867046
10,59,"D0",7,0.606099732858415,0.96743878062097
10,59,"D0",8,0.589571584050658,0.972730314976697
10,59,"D0",9,0.57560106856634,0.976303953816205
10,59,"D0",10,0.563371920451172,0.978754125412541
10,59,"D1",1,1,NA
10,59,"D1",2,0.677617572715298,0.677617572715298
10,59,"D1",3,0.530305457652462,0.782602870712845
10,59,"D1",4,0.446264170519217,0.841522869658412
10,59,"D1",5,0.392090447200989,0.878606155508298
10,59,"D1",6,0.354416319555698,0.903914701533193
10,59,"D1",7,0.326775606109153,0.922010607521697
10,59,"D1",8,0.305657018761793,0.935372815618599
10,59,"D1",9,0.289009932713874,0.94553671263511
10,59,"D1",10,0.275552707465556,0.953436807095344
10,59,"D3",1,1,NA
10,59,"D3",2,0.578999418266434,0.578999418266434
10,59,"D3",3,0.452268760907504,0.781121269968854
10,59,"D3",4,0.391411119421591,0.865439210606102
10,59,"D3",5,0.35481592287875,0.906504453432699
10,59,"D3",6,0.329718274744453,0.929265721981497
10,59,"D3",7,0.310907504363002,0.942948960302457
10,59,"D3",8,0.29586969168121,0.95163251941248
10,59,"D3",9,0.283246073298429,0.957333857648447
10,59,"D3",10,0.272251308900524,0.961182994454714
10,59,"D5",1,1,NA
10,59,"D5",2,0.555866791160909,0.555866791160909
10,59,"D5",3,0.41359877284247,0.74406095024796
10,59,"D5",4,0.343718439756855,0.831043180797273
10,59,"D5",5,0.301803260986934,0.87805373840411
10,59,"D5",6,0.273290268488348,0.905524571188046
10,59,"D5",7,0.252100840336134,0.922465485985218
10,59,"D5",8,0.235205193188386,0.932980599647266
10,59,"D5",9,0.220888355342137,0.939130434782609
10,59,"D5",10,0.208083233293317,0.942028985507246
10,59,"D6",1,1,NA
10,59,"D6",2,0.465116279069767,0.465116279069767
10,59,"D6",3,0.311846983485002,0.670471014492754
10,59,"D6",4,0.244234195194761,0.783186011502683
10,59,"D6",5,0.206758470155841,0.846558238869722
10,59,"D6",6,0.182507583417594,0.882709101494275
10,59,"D6",7,0.165402763734412,0.906278855032318
10,59,"D6",8,0.152904168071003,0.924435388011547
10,59,"D6",9,0.143579373104146,0.939015429831007
10,59,"D6",10,0.136501516683519,0.950704225352113
10,59,"D7",1,1,NA
10,59,"D7",2,0.330898974091462,0.330898974091462
10,59,"D7",3,0.193466353677621,0.58466894377299
10,59,"D7",4,0.137715179968701,0.711830131445905
10,59,"D7",5,0.10752788334948,0.780799062049062
10,59,"D7",6,0.0893881809374767,0.831302339012417
10,59,"D7",7,0.0779864371413667,0.872446852855356
10,59,"D7",8,0.0705964180142584,0.905239687848384
10,59,"D7",9,0.0657276995305164,0.931034482758621
10,59,"D7",10,0.0625978090766823,0.952380952380952
10,60,"D0",1,1,NA
10,60,"D0",2,0.830814499550091,0.830814499550091
10,60,"D0",3,0.742931173769975,0.89422027922273
10,60,"D0",4,0.689053276923467,0.927479289133733
10,60,"D0",5,0.6519857455307,0.946205130090567
10,60,"D0",6,0.624469046352359,0.957795550950361
10,60,"D0",7,0.602874820200587,0.965419861436035
10,60,"D0",8,0.58519700761233,0.970677474003018
10,60,"D0",9,0.570254773304959,0.974466317986936
10,60,"D0",10,0.557427439853402,0.977505960402198
10,60,"D1",1,1,NA
10,60,"D1",2,0.698585583541336,0.698585583541336
10,60,"D1",3,0.559713884935124,0.801210185440372
10,60,"D1",4,0.479950727738338,0.857492981068299
10,60,"D1",5,0.427986467809477,0.891730011174831
10,60,"D1",6,0.39134022319863,0.914375225930835
10,60,"D1",7,0.364059244590218,0.930288334826841
10,60,"D1",8,0.342966767745529,0.942063064849704
10,60,"D1",9,0.326195927965839,0.951100685673042
10,60,"D1",10,0.312519339068012,0.958072472016695
10,60,"D3",1,1,NA
10,60,"D3",2,0.581126487840993,0.581126487840993
10,60,"D3",3,0.453015547582436,0.779547236377891
10,60,"D3",4,0.391410998022992,0.864012284151828
10,60,"D3",5,0.3542851447772,0.905148671260354
10,60,"D3",6,0.32890337067682,0.928357780520711
10,60,"D3",7,0.310332308218008,0.943536417943676
10,60,"D3",8,0.296201378210604,0.954465166425802
10,60,"D3",9,0.285238339313173,0.962987886944818
10,60,"D3",10,0.276781137878011,0.970350404312669
10,60,"D5",1,1,NA
10,60,"D5",2,0.563364739835328,0.563364739835328
10,60,"D5",3,0.414183855360326,0.735196624981166
10,60,"D5",4,0.337225799410673,0.814193491721927
10,60,"D5",5,0.289661319073084,0.858953613807983
10,60,"D5",6,0.256648113790971,0.886028257456829
10,60,"D5",7,0.232142857142857,0.904518072289157
10,60,"D5",8,0.213309566250743,0.918871977695507
10,60,"D5",9,0.198624904507257,0.931157978511739
10,60,"D5",10,0.18716577540107,0.942307692307692
10,60,"D6",1,1,NA
10,60,"D6",2,0.43260332241191,0.43260332241191
10,60,"D6",3,0.27414209346439,0.633703162370449
10,60,"D6",4,0.203926785406351,0.743872576550671
10,60,"D6",5,0.164272986311269,0.805548844326327
10,60,"D6",6,0.138964846155741,0.845938515371157
10,60,"D6",7,0.121615795826867,0.875155114341429
10,60,"D6",8,0.109099269989079,0.897081413210445
10,60,"D6",9,0.0998448008277289,0.915173867228662
10,60,"D6",10,0.0931195033626487,0.932642487046632
10,60,"D7",1,1,NA
10,60,"D7",2,0.367385017259073,0.367385017259073
10,60,"D7",3,0.238245172124265,0.648489080751651
10,60,"D7",4,0.184278917276398,0.773484371722257
10,60,"D7",5,0.153832313781936,0.83477977869386
10,60,"D7",6,0.134220942785175,0.872514619883041
10,60,"D7",7,0.120766862580465,0.899761691986893
10,60,"D7",8,0.111390987965295,0.922363847045191
10,60,"D7",9,0.10495382031906,0.942211055276382
10,60,"D7",10,0.100755667506297,0.96
10,61,"D0",1,1,NA
10,61,"D0",2,0.829652436497128,0.829652436497128
10,61,"D0",3,0.742411234136617,0.894846084308688
10,61,"D0",4,0.68972760517553,0.929037133951299
10,61,"D0",5,0.653766845518873,0.947862374382558
10,61,"D0",6,0.627227076513594,0.959404841057342
10,61,"D0",7,0.606445023388004,0.966866779347113
10,61,"D0",8,0.589246123380767,0.971639803537092
10,61,"D0",9,0.574279116584759,0.974599736507157
10,61,"D0",10,0.560719995263189,0.976389318486442
10,61,"D1",1,1,NA
10,61,"D1",2,0.676726928631904,0.676726928631904
10,61,"D1",3,0.530340867857676,0.783685184406409
10,61,"D1",4,0.447644050896916,0.844068556709922
10,61,"D1",5,0.394609659193126,0.881525529943872
10,61,"D1",6,0.357748119418094,0.906587335316617
10,61,"D1",7,0.330633284241532,0.924206910659189
10,61,"D1",8,0.309804842301481,0.937004400546572
10,61,"D1",9,0.293270154319011,0.946628697409517
10,61,"D1",10,0.279823269513991,0.954148471615721
10,61,"D3",1,1,NA
10,61,"D3",2,0.594915404375941,0.594915404375941
10,61,"D3",3,0.473403312959518,0.795748957712924
10,61,"D3",4,0.416068739480911,0.878888525050288
10,61,"D3",5,0.382198853498349,0.918595456066182
10,61,"D3",6,0.359072675043975,0.939491763926827
10,61,"D3",7,0.341704313933918,0.951629955947137
10,61,"D3",8,0.32775267959961,0.959170447180817
10,61,"D3",9,0.315971299495084,0.964054054054054
10,61,"D3",10,0.305607228275312,0.967199327165685
10,61,"D5",1,1,NA
10,61,"D5",2,0.572021585720216,0.572021585720216
10,61,"D5",3,0.43437802684378,0.759373488147073
10,61,"D5",4,0.364940995077981,0.840146076747176
10,61,"D5",5,0.321825561551589,0.881856425811577
10,61,"D5",6,0.291328154341853,0.905236218457286
10,61,"D5",7,0.267884322678843,0.919527751390962
10,61,"D5",8,0.248973755823071,0.929407713498623
10,61,"D5",9,0.233291822332918,0.93701370878103
10,61,"D5",10,0.220008302200083,0.943060498220641
10,61,"D6",1,1,NA
10,61,"D6",2,0.466380070546737,0.466380070546737
10,61,"D6",3,0.31208664021164,0.669168045379343
10,61,"D6",4,0.242606764928193,0.777369914853358
10,61,"D6",5,0.203117126480222,0.837227793463798
10,61,"D6",6,0.177272297808012,0.872758988274058
10,61,"D6",7,0.158812830687831,0.895869420386409
10,61,"D6",8,0.144731040564374,0.911330904043033
10,61,"D6",9,0.13343253968254,0.921934501142422
10,61,"D6",10,0.124007936507937,0.929368029739777
10,61,"D7",1,1,NA
10,61,"D7",2,0.336341756919374,0.336341756919374
10,61,"D7",3,0.207430806257521,0.616726296958855
10,61,"D7",4,0.153601512807289,0.740495182844711
10,61,"D7",5,0.123416996160678,0.803488155194926
10,61,"D7",6,0.103747636238611,0.84062681369704
10,61,"D7",7,0.0897262334536703,0.864850869925435
10,61,"D7",8,0.0790212595266747,0.880692930986309
10,61,"D7",9,0.0703971119133574,0.890862944162437
10,61,"D7",10,0.0631768953068592,0.897435897435897
10,62,"D0",1,1,NA
10,62,"D0",2,0.829915085603956,0.829915085603956
10,62,"D0",3,0.742616781921705,0.894810559301111
10,62,"D0",4,0.689911877038776,0.929028125722472
10,62,"D0",5,0.654190789541579,0.948223695393507
10,62,"D0",6,0.628172328095491,0.960228022372006
10,62,"D0",7,0.608172271804874,0.968161513336231
10,62,"D0",8,0.591997162952893,0.973403738378308
10,62,"D0",9,0.578284768603345,0.976837060702875
10,62,"D0",10,0.566227318399433,0.97914963205233
10,62,"D1",1,1,NA
10,62,"D1",2,0.679453970700519,0.679453970700519
10,62,"D1",3,0.533978763941515,0.785893948623159
10,62,"D1",4,0.451079693324893,0.844752120843326
10,62,"D1",5,0.397488004256998,0.88119241486383
10,62,"D1",6,0.360012966717738,0.905720330832852
10,62,"D1",7,0.332305782116327,0.923038370384214
10,62,"D1",8,0.310891329323029,0.935557989220297
10,62,"D1",9,0.29368698221052,0.944661219243481
10,62,"D1",10,0.279365487123499,0.951235512792478
10,62,"D3",1,1,NA
10,62,"D3",2,0.588125207522111,0.588125207522111
10,62,"D3",3,0.464457122158834,0.789724902484089
10,62,"D3",4,0.405712733341095,0.873520318636326
10,62,"D3",5,0.370381150739749,0.912914780094807
10,62,"D3",6,0.345933429063013,0.933993072736269
10,62,"D3",7,0.327696278185276,0.947281328297371
10,62,"D3",8,0.313562135893024,0.956868163500288
10,62,"D3",9,0.302363488182559,0.964285714285714
10,62,"D3",10,0.293398533007335,0.970350404312668
10,62,"D5",1,1,NA
10,62,"D5",2,0.544797314743093,0.544797314743093
10,62,"D5",3,0.392718822618126,0.72085308056872
10,62,"D5",4,0.315904983217144,0.804404996712689
10,62,"D5",5,0.267941671892098,0.848171716582015
10,62,"D5",6,0.234074729814466,0.873603303888953
10,62,"D5",7,0.208430157500646,0.8904427986133
10,62,"D5",8,0.188226181254841,0.903065964694952
10,62,"D5",9,0.171959721146398,0.91358024691358
10,62,"D5",10,0.158791634391944,0.923423423423423
10,62,"D6",1,1,NA
10,62,"D6",2,0.465406807474459,0.465406807474459
10,62,"D6",3,0.308400825790059,0.662647861692448
10,62,"D6",4,0.237596134213571,0.770413417684273
10,62,"D6",5,0.198204738462004,0.834208599891785
10,62,"D6",6,0.173393225799133,0.874818771461274
10,62,"D6",7,0.156463395267588,0.902361638100222
10,62,"D6",8,0.144301519241967,0.922270151399814
10,62,"D6",9,0.13530252501191,0.937637564196625
10,62,"D6",10,0.128632682229633,0.950704225352113
10,62,"D7",1,1,NA
10,62,"D7",2,0.361297817608497,0.361297817608497
10,62,"D7",3,0.226350510331093,0.626492880110243
10,62,"D7",4,0.16892492620648,0.746297969283947
10,62,"D7",5,0.135228848821082,0.800526315789474
10,62,"D7",6,0.112592908709414,0.832610124917817
10,62,"D7",7,0.0963405526512323,0.855653821857233
10,62,"D7",8,0.0841423948220065,0.873385012919897
10,62,"D7",9,0.0746825989544436,0.887573964497041
10,62,"D7",10,0.0672143390589992,0.9
10,63,"D0",1,1,NA
10,63,"D0",2,0.8378351870378,0.8378351870378
10,63,"D0",3,0.752996331822907,0.898740400824124
10,63,"D0",4,0.700075381179365,0.929719510697446
10,63,"D0",5,0.663083491895356,0.947160134067717
10,63,"D0",6,0.635289601040204,0.958083874512235
10,63,"D0",7,0.613360403303321,0.965481572969277
10,63,"D0",8,0.595487030607374,0.97085991759545
10,63,"D0",9,0.580592008474078,0.974986823612087
10,63,"D0",10,0.567880892132054,0.978106628826272
10,63,"D1",1,1,NA
10,63,"D1",2,0.703552644227468,0.703552644227468
10,63,"D1",3,0.566761422156305,0.80557073703935
10,63,"D1",4,0.487175639011012,0.859577981079762
10,63,"D1",5,0.43487472853435,0.892644651561736
10,63,"D1",6,0.397843576931452,0.914846393287319
10,63,"D1",7,0.370251926008322,0.930646986597237
10,63,"D1",8,0.348919924744915,0.942385171379427
10,63,"D1",9,0.331973798047213,0.951432619647355
10,63,"D1",10,0.318254851069089,0.95867460908414
10,63,"D3",1,1,NA
10,63,"D3",2,0.591927484179921,0.591927484179921
10,63,"D3",3,0.466628185394219,0.788319849754406
10,63,"D3",4,0.407168511324489,0.872575905333499
10,63,"D3",5,0.37248446496779,0.914816481648165
10,63,"D3",6,0.349666495638789,0.938741151712263
10,63,"D3",7,0.333354711818026,0.953350452433358
10,63,"D3",8,0.320905307565133,0.962654182432288
10,63,"D3",9,0.310928681375064,0.968910996624622
10,63,"D3",10,0.30271934325295,0.973597359735974
10,63,"D5",1,1,NA
10,63,"D5",2,0.559384006538478,0.559384006538478
10,63,"D5",3,0.416021422118983,0.743713472777607
10,63,"D5",4,0.34629353096252,0.83239350800421
10,63,"D5",5,0.304893411745909,0.880447898921068
10,63,"D5",6,0.276349021993621,0.906379119217978
10,63,"D5",7,0.25432313846948,0.920296864576384
10,63,"D5",8,0.235987439239472,0.927903928284494
10,63,"D5",9,0.219899341850561,0.931826467371491
10,63,"D5",10,0.205187766163376,0.933098591549296
10,63,"D6",1,1,NA
10,63,"D6",2,0.449532658591892,0.449532658591892
10,63,"D6",3,0.297826447652232,0.662524606299213
10,63,"D6",4,0.230439214013131,0.773736569836848
10,63,"D6",5,0.193198069006929,0.838390591784955
10,63,"D6",6,0.169973215767143,0.879787342807484
10,63,"D6",7,0.154347104695537,0.908067215172222
10,63,"D6",8,0.143354902936784,0.928782585326525
10,63,"D6",9,0.135390741662519,0.944444444444444
10,63,"D6",10,0.129417620706819,0.955882352941177
10,63,"D7",1,1,NA
10,63,"D7",2,0.300191397199557,0.300191397199557
10,63,"D7",3,0.172257479601088,0.573825503355705
10,63,"D7",4,0.122652506152053,0.71203007518797
10,63,"D7",5,0.0978212378937674,0.797547811803356
10,63,"D7",6,0.0838837801666451,0.857521147480691
10,63,"D7",7,0.0754004230885464,0.898867730313948
10,63,"D7",8,0.0699103455223129,0.927187708750835
10,63,"D7",9,0.0661831368993654,0.946685878962536
10,63,"D7",10,0.0634632819582956,0.958904109589041
10,64,"D0",1,1,NA
10,64,"D0",2,0.830118616490841,0.830118616490841
10,64,"D0",3,0.741733585262163,0.893527226744646
10,64,"D0",4,0.687636367726117,0.927066512005216
10,64,"D0",5,0.650424848730234,0.945884888085639
10,64,"D0",6,0.622660660863306,0.957313765116556
10,64,"D0",7,0.600712486222642,0.964750985536434
10,64,"D0",8,0.582664147378366,0.969955112873104
10,64,"D0",9,0.567430325932924,0.973854884475071
10,64,"D0",10,0.554440245630609,0.977107180020812
10,64,"D1",1,1,NA
10,64,"D1",2,0.6768916593478,0.6768916593478
10,64,"D1",3,0.52991452991453,0.782864617396992
10,64,"D1",4,0.446323378654206,0.842255408105517
10,64,"D1",5,0.392474878690418,0.879350931322135
10,64,"D1",6,0.354919655671535,0.904311778771182
10,64,"D1",7,0.327244393033867,0.922023865978048
10,64,"D1",8,0.306050025348271,0.935233824820942
10,64,"D1",9,0.289441552599447,0.945732816947413
10,64,"D1",10,0.276331855279224,0.954706927175844
10,64,"D3",1,1,NA
10,64,"D3",2,0.600727026798546,0.600727026798546
10,64,"D3",3,0.477914447544171,0.795560090064734
10,64,"D3",4,0.417219182879847,0.872999728348422
10,64,"D3",5,0.379575619240849,0.909775089009176
10,64,"D3",6,0.35329637815055,0.930766783328031
10,64,"D3",7,0.333629216332742,0.944332398988173
10,64,"D3",8,0.318144672697044,0.953587567042527
10,64,"D3",9,0.305351255389297,0.959787422497786
10,64,"D3",10,0.294192239411615,0.963455149501661
10,64,"D5",1,1,NA
10,64,"D5",2,0.551901817500468,0.551901817500468
10,64,"D5",3,0.412767003934795,0.74789933797318
10,64,"D5",4,0.34250782943869,0.829784905706261
10,64,"D5",5,0.29827150084317,0.87084578864076
10,64,"D5",6,0.267084236730105,0.895440013461215
10,64,"D5",7,0.243781618887015,0.912751803968731
10,64,"D5",8,0.225594903503841,0.925397511649133
10,64,"D5",9,0.21079258010118,0.934385382059801
10,64,"D5",10,0.19814502529511,0.94
10,64,"D6",1,1,NA
10,64,"D6",2,0.425444031391987,0.425444031391987
10,64,"D6",3,0.270844397238449,0.636615811373093
10,64,"D6",4,0.202083807500695,0.746125116713352
10,64,"D6",5,0.162713164571901,0.80517665707254
10,64,"D6",6,0.136459044584376,0.838647843543582
10,64,"D6",7,0.117188882988139,0.8587842846553
10,64,"D6",8,0.102082964536496,0.871097683786506
10,64,"D6",9,0.0897503983005842,0.879190751445087
10,64,"D6",10,0.079660116834838,0.887573964497042
10,64,"D7",1,1,NA
10,64,"D7",2,0.414356329249946,0.414356329249946
10,64,"D7",3,0.292472598323662,0.705848029045643
10,64,"D7",4,0.237266279819471,0.81124276660237
10,64,"D7",5,0.20251911209358,0.85355201863354
10,64,"D7",6,0.17771944367689,0.877544059124503
10,64,"D7",7,0.158446163765313,0.891552215599897
10,64,"D7",8,0.142488716956802,0.899287894201424
10,64,"D7",9,0.12862669245648,0.902714932126697
10,64,"D7",10,0.11605415860735,0.902255639097744
10,65,"D0",1,1,NA
10,65,"D0",2,0.828672985781991,0.828672985781991
10,65,"D0",3,0.741256911532385,0.894510771137165
10,65,"D0",4,0.68869611825773,0.929092339704465
10,65,"D0",5,0.652878864816069,0.94799265961848
10,65,"D0",6,0.626464116452268,0.959541118900759
10,65,"D0",7,0.605830371248025,0.967063165052304
10,65,"D0",8,0.588836229594523,0.97194901005294
10,65,"D0",9,0.574170616113744,0.97509390091218
10,65,"D0",10,0.561018957345972,0.977094510936855
10,65,"D1",1,1,NA
10,65,"D1",2,0.674546887312845,0.674546887312845
10,65,"D1",3,0.526208897485493,0.780092395921835
10,65,"D1",4,0.442230818826564,0.840409238497825
10,65,"D1",5,0.388489760830186,0.87847735682697
10,65,"D1",6,0.351309447054128,0.904295254277473
10,65,"D1",7,0.324113475177305,0.922586847279878
10,65,"D1",8,0.303388494877857,0.936056406515925
10,65,"D1",9,0.287105093488072,0.946328217237308
10,65,"D1",10,0.274016763378466,0.954412755445767
10,65,"D3",1,1,NA
10,65,"D3",2,0.592007951123973,0.592007951123973
10,65,"D3",3,0.466697360343769,0.788329547698993
10,65,"D3",4,0.407010686410844,0.872108396137146
10,65,"D3",5,0.371393492940454,0.912490765821226
10,65,"D3",6,0.347151752045201,0.934727610052285
10,65,"D3",7,0.32929930719986,0.948574521833273
10,65,"D3",8,0.31541407232015,0.957833999112295
10,65,"D3",9,0.304130491975796,0.964226135310473
10,65,"D3",10,0.294659300184162,0.968858131487889
10,65,"D5",1,1,NA
10,65,"D5",2,0.579111457521434,0.579111457521434
10,65,"D5",3,0.436152247336971,0.753140421713773
10,65,"D5",4,0.363545262220243,0.83352834804808
10,65,"D5",5,0.318821215157926,0.876978050025523
10,65,"D5",6,0.288089670786475,0.90360884749709
10,65,"D5",7,0.265458560665108,0.9214442154084
10,65,"D5",8,0.247943188707023,0.934018432428024
10,65,"D5",9,0.233826968043648,0.943066713237862
10,65,"D5",10,0.222135619641465,0.95
10,65,"D6",1,1,NA
10,65,"D6",2,0.449902902430064,0.449902902430064
10,65,"D6",3,0.294520547945205,0.654631357909473
10,65,"D6",4,0.224644038059248,0.762744873410471
10,65,"D6",5,0.185516341633489,0.825823570641834
10,65,"D6",6,0.160492160964528,0.865110639587754
10,65,"D6",7,0.142812155566053,0.889838822704975
10,65,"D6",8,0.129218495774944,0.90481440646821
10,65,"D6",9,0.118091639111951,0.913891145410235
10,65,"D6",10,0.108644307982995,0.92
10,65,"D7",1,1,NA
10,65,"D7",2,0.309496996996997,0.309496996996997
10,65,"D7",3,0.184051238738739,0.594678593086719
10,65,"D7",4,0.132199163449163,0.718273695711554
10,65,"D7",5,0.102759009009009,0.777304533008823
10,65,"D7",6,0.0834539897039897,0.812133072407045
10,65,"D7",7,0.0695382882882883,0.833253012048193
10,65,"D7",8,0.0587462462462462,0.844804318488529
10,65,"D7",9,0.0498310810810811,0.848242811501598
10,65,"D7",10,0.0422297297297297,0.847457627118644
10,66,"D0",1,1,NA
10,66,"D0",2,0.836868865100838,0.836868865100838
10,66,"D0",3,0.750921460220366,0.897298838008371
10,66,"D0",4,0.696836786708567,0.927975592153235
10,66,"D0",5,0.65876470181846,0.945364415862808
10,66,"D0",6,0.630116344855787,0.956512003628015
10,66,"D0",7,0.607590283496059,0.964250948981678
10,66,"D0",8,0.589368571017789,0.970009868536042
10,66,"D0",9,0.574344194800612,0.974507673201455
10,66,"D0",10,0.56169862369133,0.977982590885817
10,66,"D1",1,1,NA
10,66,"D1",2,0.706228852450034,0.706228852450034
10,66,"D1",3,0.571929067521473,0.809835318307018
10,66,"D1",4,0.494921652547099,0.865354955102921
10,66,"D1",5,0.444874000230923,0.898877626269516
10,66,"D1",6,0.409693479167034,0.920920258217769
10,66,"D1",7,0.383553199358895,0.936195518998044
10,66,"D1",8,0.363278949026699,0.947140969320333
10,66,"D1",9,0.346997904080878,0.955183076284928
10,66,"D1",10,0.333497719146838,0.961094332918813
10,66,"D3",1,1,NA
10,66,"D3",2,0.589800192449199,0.589800192449199
10,66,"D3",3,0.462578536254033,0.784297024952015
10,66,"D3",4,0.401996458287849,0.86903396241257
10,66,"D3",5,0.365855630756293,0.910096651882248
10,66,"D3",6,0.341314314824249,0.932920764725384
10,66,"D3",7,0.323208524367465,0.946952736318408
10,66,"D3",8,0.309050772626932,0.956196230380246
10,66,"D3",9,0.297503820682629,0.962637362637363
10,66,"D3",10,0.287824758023433,0.967465753424658
10,66,"D5",1,1,NA
10,66,"D5",2,0.547833059037009,0.547833059037009
10,66,"D5",3,0.397550322825674,0.725677861654599
10,66,"D5",4,0.322355451865516,0.810854458812424
10,66,"D5",5,0.276300797569313,0.857130834829444
10,66,"D5",6,0.244244298554971,0.883979708721977
10,66,"D5",7,0.219996202050893,0.900721954831544
10,66,"D5",8,0.200616111744103,0.911907159641299
10,66,"D5",9,0.184580326623623,0.920067311737484
10,66,"D5",10,0.170907709836688,0.925925925925926
10,66,"D6",1,1,NA
10,66,"D6",2,0.447219331714649,0.447219331714649
10,66,"D6",3,0.286723898716615,0.641125904860393
10,66,"D6",4,0.216317328179971,0.75444470847465
10,66,"D6",5,0.179005004707398,0.827511167105715
10,66,"D6",6,0.156359942520192,0.873494809688581
10,66,"D6",7,0.141042317030871,0.902036127396609
10,66,"D6",8,0.129841600184992,0.920586125627626
10,66,"D6",9,0.121227887617066,0.933659839715049
10,66,"D6",10,0.114464099895942,0.944206008583691
10,66,"D7",1,1,NA
10,66,"D7",2,0.32163177670424,0.32163177670424
10,66,"D7",3,0.190740740740741,0.593040720961282
10,66,"D7",4,0.133563377041638,0.700235180606645
10,66,"D7",5,0.100414078674948,0.751808473992422
10,66,"D7",6,0.0786289394985047,0.783046964490263
10,66,"D7",7,0.063365539452496,0.805880631948508
10,66,"D7",8,0.0523886205045625,0.826768318509106
10,66,"D7",9,0.0444444444444444,0.848360655737705
10,66,"D7",10,0.0386473429951691,0.869565217391304
10,67,"D0",1,1,NA
10,67,"D0",2,0.82693730838355,0.82693730838355
10,67,"D0",3,0.738503013003489,0.893058041421631
10,67,"D0",4,0.684787164152055,0.927263873124943
10,67,"D0",5,0.647762712760334,0.945932906850603
10,67,"D0",6,0.620276607312763,0.957567632551057
10,67,"D0",7,0.598794798604504,0.965367372467381
10,67,"D0",8,0.581218944920182,0.970647951977401
10,67,"D0",9,0.566246431969553,0.974239461597926
10,67,"D0",10,0.553044719314938,0.976685570258349
10,67,"D1",1,1,NA
10,67,"D1",2,0.702987122003153,0.702987122003153
10,67,"D1",3,0.567384272055361,0.807104787977633
10,67,"D1",4,0.490083386711358,0.863759203151721
10,67,"D1",5,0.440117655890643,0.898046470915891
10,67,"D1",6,0.40512019561218,0.920481580754491
10,67,"D1",7,0.379163851524272,0.935929276375162
10,67,"D1",8,0.359027905738796,0.946893814627825
10,67,"D1",9,0.342792211780603,0.954778740875912
10,67,"D1",10,0.329218106995885,0.960401361763125
10,67,"D3",1,1,NA
10,67,"D3",2,0.583318933241173,0.583318933241173
10,67,"D3",3,0.456972524624158,0.783400809716599
10,67,"D3",4,0.397059912612012,0.86889231018556
10,67,"D3",5,0.36160688571264,0.910711140124551
10,67,"D3",6,0.33802364906564,0.934782114006144
10,67,"D3",7,0.321194055641956,0.950211787044475
10,67,"D3",8,0.308565174817119,0.960681461555705
10,67,"D3",9,0.298600311041991,0.967705805488146
10,67,"D3",10,0.290305857957491,0.972222222222222
10,67,"D5",1,1,NA
10,67,"D5",2,0.566285912080305,0.566285912080305
10,67,"D5",3,0.424389927310488,0.74942695599022
10,67,"D5",4,0.354583889630619,0.835514386210211
10,67,"D5",5,0.312252756762103,0.880617438901091
10,67,"D5",6,0.282969885773624,0.906220616618004
10,67,"D5",7,0.260838525441329,0.921788990825688
10,67,"D5",8,0.242990654205607,0.931575018661359
10,67,"D5",9,0.227803738317757,0.9375
10,67,"D5",10,0.21417445482866,0.94017094017094
10,67,"D6",1,1,NA
10,67,"D6",2,0.435158190260231,0.435158190260231
10,67,"D6",3,0.274416909620991,0.630614143920596
10,67,"D6",4,0.206464898884724,0.752376736440481
10,67,"D6",5,0.170877874959508,0.827636445141768
10,67,"D6",6,0.149359063353232,0.874069058903182
10,67,"D6",7,0.134677680596048,0.901704105344694
10,67,"D6",8,0.123636756289818,0.918019643215073
10,67,"D6",9,0.114674441205053,0.927510917030568
10,67,"D6",10,0.10689990281827,0.932203389830508
10,67,"D7",1,1,NA
10,67,"D7",2,0.317487922705314,0.317487922705314
10,67,"D7",3,0.178115942028986,0.561016433353621
10,67,"D7",4,0.12360248447205,0.693943973032663
10,67,"D7",5,0.0964458247066943,0.780290340591848
10,67,"D7",6,0.0811594202898551,0.841502683363148
10,67,"D7",7,0.0718840579710145,0.885714285714286
10,67,"D7",8,0.0660869565217391,0.919354838709677
10,67,"D7",9,0.0626086956521739,0.947368421052632
10,67,"D7",10,0.0608695652173913,0.972222222222222
10,68,"D0",1,1,NA
10,68,"D0",2,0.829322946530373,0.829322946530373
10,68,"D0",3,0.741453625165589,0.894046918956721
10,68,"D0",4,0.687624809696107,0.927400967987093
10,68,"D0",5,0.650264989638618,0.945668307003059
10,68,"D0",6,0.622377760642189,0.957114054361243
10,68,"D0",7,0.600544714000435,0.964919944087934
10,68,"D0",8,0.582689101106564,0.970267637900051
10,68,"D0",9,0.567471380271665,0.97388363570556
10,68,"D0",10,0.554006761966902,0.97627260374203
10,68,"D1",1,1,NA
10,68,"D1",2,0.677216465169833,0.677216465169833
10,68,"D1",3,0.530532167530224,0.783401164644125
10,68,"D1",4,0.446909696521095,0.842380017410791
10,68,"D1",5,0.392967657702114,0.879299913967216
10,68,"D1",6,0.355449666913397,0.90452651750502
10,68,"D1",7,0.327952288428325,0.922640584463475
10,68,"D1",8,0.307009211283823,0.936139865817466
10,68,"D1",9,0.290544041450777,0.946369134124045
10,68,"D1",10,0.27720207253886,0.954079358002675
10,68,"D3",1,1,NA
10,68,"D3",2,0.587469200985568,0.587469200985568
10,68,"D3",3,0.462535198873636,0.787335230677052
10,68,"D3",4,0.403492231105747,0.872349244097163
10,68,"D3",5,0.368268215417107,0.912702121693616
10,68,"D3",6,0.343955850555639,0.933981908175457
10,68,"D3",7,0.325523583245336,0.946410949892182
10,68,"D3",8,0.310688724627479,0.954427699308418
10,68,"D3",9,0.29831045406547,0.960158610271903
10,68,"D3",10,0.287750791974657,0.964601769911504
10,68,"D5",1,1,NA
10,68,"D5",2,0.55473443104715,0.55473443104715
10,68,"D5",3,0.413943990665111,0.746202087877844
10,68,"D5",4,0.345335333666722,0.834256183093392
10,68,"D5",5,0.303476505343483,0.878787878787879
10,68,"D5",6,0.27467540886444,0.90509612450412
10,68,"D5",7,0.253500583430572,0.922909642616318
10,68,"D5",8,0.237261765849864,0.935941695435366
10,68,"D5",9,0.224426293271101,0.945901639344262
10,68,"D5",10,0.213924542979385,0.953206239168111
10,68,"D6",1,1,NA
10,68,"D6",2,0.469088994207478,0.469088994207478
10,68,"D6",3,0.308925750394945,0.658565334530759
10,68,"D6",4,0.234845407357256,0.760200168024254
10,68,"D6",5,0.193372451666291,0.823403164840797
10,68,"D6",6,0.167230873392011,0.864812293328146
10,68,"D6",7,0.149012638230648,0.891059379217274
10,68,"D6",8,0.135123749341759,0.906793886385723
10,68,"D6",9,0.123696682464455,0.915432579890881
10,68,"D6",10,0.113744075829384,0.919540229885057
10,68,"D7",1,1,NA
10,68,"D7",2,0.358272506082725,0.358272506082725
10,68,"D7",3,0.221943430656934,0.619482173174873
10,68,"D7",4,0.157629475147723,0.710223657808447
10,68,"D7",5,0.118106244931062,0.749264976111724
10,68,"D7",6,0.0915884602015989,0.775475168608216
10,68,"D7",7,0.0730687347931873,0.797794117647059
10,68,"D7",8,0.0600162206001622,0.821366631980576
10,68,"D7",9,0.0510948905109489,0.851351351351351
10,68,"D7",10,0.0456204379562044,0.892857142857143
10,69,"D0",1,1,NA
10,69,"D0",2,0.828986082184535,0.828986082184535
10,69,"D0",3,0.740722007339086,0.893527675865369
10,69,"D0",4,0.686598376333574,0.926931250227139
10,69,"D0",5,0.649180846592331,0.945503032003874
10,69,"D0",6,0.62125501197206,0.956982965891772
10,69,"D0",7,0.5993206386988,0.964693446570944
10,69,"D0",8,0.581520050249595,0.970298722754063
10,69,"D0",9,0.566795596548646,0.974679370565763
10,69,"D0",10,0.554596846176733,0.978477690288714
10,69,"D1",1,1,NA
10,69,"D1",2,0.682531580962103,0.682531580962103
10,69,"D1",3,0.538253370762622,0.78861313641179
10,69,"D1",4,0.455853491071049,0.846912468797316
10,69,"D1",5,0.402316747378633,0.882557126925521
10,69,"D1",6,0.364695552841527,0.906488619272666
10,69,"D1",7,0.336805112500532,0.923524045950967
10,69,"D1",8,0.315270866119405,0.936063184370182
10,69,"D1",9,0.298073242312109,0.94545127490219
10,69,"D1",10,0.283909659308409,0.952482876712329
10,69,"D3",1,1,NA
10,69,"D3",2,0.596000449387709,0.596000449387709
10,69,"D3",3,0.471288338388945,0.79075164938737
10,69,"D3",4,0.410214743126775,0.870411401497979
10,69,"D3",5,0.372811241112556,0.908819703238554
10,69,"D3",6,0.346802927439935,0.930237313673788
10,69,"D3",7,0.327245534209639,0.943606608586998
10,69,"D3",8,0.311762723289518,0.952687479884133
10,69,"D3",9,0.299039433771486,0.959189189189189
10,69,"D3",10,0.288169868554095,0.963651732882502
10,69,"D5",1,1,NA
10,69,"D5",2,0.567993676941636,0.567993676941636
10,69,"D5",3,0.425028079371022,0.748297202285045
10,69,"D5",4,0.354138810147796,0.833212738960372
10,69,"D5",5,0.31110160275267,0.878473620620217
10,69,"D5",6,0.28209516678255,0.90676217765043
10,69,"D5",7,0.261637339323599,0.927478986285787
10,69,"D5",8,0.246932068721661,0.943795214245966
10,69,"D5",9,0.236241108199176,0.956704851752022
10,69,"D5",10,0.228378884312991,0.966719492868463
10,69,"D6",1,1,NA
10,69,"D6",2,0.440166721509268,0.440166721509268
10,69,"D6",3,0.285538005923001,0.648704211313232
10,69,"D6",4,0.214990833450853,0.752932460797629
10,69,"D6",5,0.173439727980695,0.806730804270981
10,69,"D6",6,0.145513091712499,0.838983625070582
10,69,"D6",7,0.125370187561698,0.861573251494104
10,69,"D6",8,0.110123944279917,0.878390201224847
10,69,"D6",9,0.0982230997038499,0.891932270916335
10,69,"D6",10,0.0888450148075025,0.904522613065327
10,69,"D7",1,1,NA
10,69,"D7",2,0.321995464852608,0.321995464852608
10,69,"D7",3,0.188257911860396,0.584660134721372
10,69,"D7",4,0.134195293024042,0.712826843227472
10,69,"D7",5,0.104259094942325,0.776920654911839
10,69,"D7",6,0.0846748637343136,0.812158054711246
10,69,"D7",7,0.0706152026027802,0.833957085828343
10,69,"D7",8,0.0599428177067929,0.848865619546248
10,69,"D7",9,0.0514640638864241,0.858552631578947
10,69,"D7",10,0.0443655723158829,0.862068965517241
10,70,"D0",1,1,NA
10,70,"D0",2,0.828887167365208,0.828887167365208
10,70,"D0",3,0.741101046818823,0.894091591711533
10,70,"D0",4,0.687395892747183,0.927533290767609
10,70,"D0",5,0.650192063397474,0.945877143372179
10,70,"D0",6,0.622302433875046,0.957105552201459
10,70,"D0",7,0.600301928768647,0.964646602827177
10,70,"D0",8,0.582404703732396,0.970186294298667
10,70,"D0",9,0.567606221321733,0.974590723055935
10,70,"D0",10,0.555390024432394,0.978477690288714
10,70,"D1",1,1,NA
10,70,"D1",2,0.68107389009185,0.68107389009185
10,70,"D1",3,0.534884091198573,0.785353981381431
10,70,"D1",4,0.451183046139103,0.843515545822437
10,70,"D1",5,0.396726834919422,0.879303507333271
10,70,"D1",6,0.358368057450977,0.903311865767195
10,70,"D1",7,0.329846516367342,0.920412713994364
10,70,"D1",8,0.3077739566085,0.933082331740439
10,70,"D1",9,0.290154120494205,0.942750724237826
10,70,"D1",10,0.275761049547828,0.950395083406497
10,70,"D3",1,1,NA
10,70,"D3",2,0.590264720804608,0.590264720804608
10,70,"D3",3,0.466984510699257,0.791144200626959
10,70,"D3",4,0.408618241817275,0.875014550708363
10,70,"D3",5,0.374068957872342,0.915448503250175
10,70,"D3",6,0.35072841922157,0.937603647243197
10,70,"D3",7,0.333601933924255,0.951168812224208
10,70,"D3",8,0.320350971438804,0.960279119699409
10,70,"D3",9,0.309696481332259,0.966741196198994
10,70,"D3",10,0.300832661831856,0.971379011274935
10,70,"D5",1,1,NA
10,70,"D5",2,0.560076821510023,0.560076821510023
10,70,"D5",3,0.415736406193734,0.742284612087441
10,70,"D5",4,0.344753673885831,0.829260244591557
10,70,"D5",5,0.302227480837492,0.876647600099478
10,70,"D5",6,0.272956427799784,0.903148936170213
10,70,"D5",7,0.250720201656464,0.91853562005277
10,70,"D5",8,0.232785179850358,0.928465988430082
10,70,"D5",9,0.217861001080302,0.935888621519422
10,70,"D5",10,0.205257472092186,0.942148760330578
10,70,"D6",1,1,NA
10,70,"D6",2,0.458690842372241,0.458690842372241
10,70,"D6",3,0.302007446980735,0.658411764705882
10,70,"D6",4,0.233469784222577,0.77305969292032
10,70,"D6",5,0.195868698782735,0.838946673270596
10,70,"D6",6,0.171951247716182,0.877890386696841
10,70,"D6",7,0.155212886514489,0.902656355077337
10,70,"D6",8,0.142895688306082,0.9206431986093
10,70,"D6",9,0.133559980573094,0.934667673716012
10,70,"D6",10,0.126274890723652,0.945454545454545
10,70,"D7",1,1,NA
10,70,"D7",2,0.386766786375014,0.386766786375014
10,70,"D7",3,0.257427358798564,0.665588069780529
10,70,"D7",4,0.201623058625997,0.783223118036054
10,70,"D7",5,0.170001399188471,0.843164469118668
10,70,"D7",6,0.148453896739891,0.873251028806584
10,70,"D7",7,0.132060071825008,0.88956958843858
10,70,"D7",8,0.118837740777016,0.899876390605686
10,70,"D7",9,0.107737512242899,0.906593406593407
10,70,"D7",10,0.0979431929480901,0.909090909090909
10,71,"D0",1,1,NA
10,71,"D0",2,0.8378351870378,0.8378351870378
10,71,"D0",3,0.752996331822907,0.898740400824124
10,71,"D0",4,0.700075381179365,0.929719510697446
10,71,"D0",5,0.663083491895356,0.947160134067717
10,71,"D0",6,0.635289601040204,0.958083874512235
10,71,"D0",7,0.613360403303321,0.965481572969277
10,71,"D0",8,0.595487030607374,0.97085991759545
10,71,"D0",9,0.580592008474078,0.974986823612087
10,71,"D0",10,0.567880892132054,0.978106628826272
10,71,"D1",1,1,NA
10,71,"D1",2,0.691437536124185,0.691437536124185
10,71,"D1",3,0.547167863925357,0.791348220683067
10,71,"D1",4,0.462460337119738,0.84518914141278
10,71,"D1",5,0.406360215624521,0.878692036933122
10,71,"D1",6,0.366367057102752,0.901582002902758
10,71,"D1",7,0.336393567830898,0.918187269595454
10,71,"D1",8,0.313145074725456,0.93088900820741
10,71,"D1",9,0.29471141937082,0.941133816743573
10,71,"D1",10,0.279910824869953,0.949779365412902
10,71,"D3",1,1,NA
10,71,"D3",2,0.597897737395332,0.597897737395332
10,71,"D3",3,0.477128986281846,0.798011025029797
10,71,"D3",4,0.4190018070296,0.87817302883814
10,71,"D3",5,0.383855929687036,0.916119986231752
10,71,"D3",6,0.359738871497289,0.937171588805702
10,71,"D3",7,0.341862640299305,0.950307757614348
10,71,"D3",8,0.327929211948453,0.959242611773392
10,71,"D3",9,0.316675574559059,0.965682723650851
10,71,"D3",10,0.307322287546766,0.970464135021097
10,71,"D5",1,1,NA
10,71,"D5",2,0.552674897119342,0.552674897119342
10,71,"D5",3,0.409753086419753,0.741399851079672
10,71,"D5",4,0.339347442680776,0.828175440106745
10,71,"D5",5,0.296634332745444,0.87413162864023
10,71,"D5",6,0.267319223985891,0.901174255561611
10,71,"D5",7,0.245648148148148,0.918931846671505
10,71,"D5",8,0.22880658436214,0.931440298194916
10,71,"D5",9,0.215185185185185,0.940467625899281
10,71,"D5",10,0.203703703703704,0.946643717728055
10,71,"D6",1,1,NA
10,71,"D6",2,0.467228464419476,0.467228464419476
10,71,"D6",3,0.307623283395755,0.658400133600534
10,71,"D6",4,0.235286249331193,0.76485188875804
10,71,"D6",5,0.195533113370192,0.831043522203272
10,71,"D6",6,0.171058498305689,0.87483135391924
10,71,"D6",7,0.154923533083645,0.905675746122768
10,71,"D6",8,0.143882646691635,0.928733316544951
10,71,"D6",9,0.13623595505618,0.946854663774403
10,71,"D6",10,0.131086142322097,0.962199312714777
10,71,"D7",1,1,NA
10,71,"D7",2,0.356373815676141,0.356373815676141
10,71,"D7",3,0.213662790697674,0.599546827794562
10,71,"D7",4,0.155730897009967,0.728862973760933
10,71,"D7",5,0.123777224067922,0.794814814814815
10,71,"D7",6,0.103682170542636,0.837651444547996
10,71,"D7",7,0.0898740310077519,0.866822429906542
10,71,"D7",8,0.0798880275624462,0.888888888888889
10,71,"D7",9,0.0726744186046512,0.909703504043127
10,71,"D7",10,0.0678294573643411,0.933333333333333
10,72,"D0",1,1,NA
10,72,"D0",2,0.829479181017234,0.829479181017234
10,72,"D0",3,0.741020645135896,0.893356532742803
10,72,"D0",4,0.686856333133714,0.926905798971028
10,72,"D0",5,0.64955001307366,0.945685410091732
10,72,"D0",6,0.6219435049216,0.957499026100506
10,72,"D0",7,0.600421168644585,0.965395030084399
10,72,"D0",8,0.582813432786864,0.970674358638171
10,72,"D0",9,0.567751077522584,0.974155785682125
10,72,"D0",10,0.554407510184802,0.976497504159734
10,72,"D1",1,1,NA
10,72,"D1",2,0.695758695758696,0.695758695758696
10,72,"D1",3,0.557477057477057,0.801250578505745
10,72,"D1",4,0.478581478581479,0.858477442546906
10,72,"D1",5,0.427625427625428,0.893526905581291
10,72,"D1",6,0.392076392076392,0.916868751826951
10,72,"D1",7,0.365904365904366,0.933247635662474
10,72,"D1",8,0.345814345814346,0.945094888276707
10,72,"D1",9,0.32986832986833,0.953888506538197
10,72,"D1",10,0.316890316890317,0.960656990068755
10,72,"D3",1,1,NA
10,72,"D3",2,0.604935187498265,0.604935187498265
10,72,"D3",3,0.481430593721376,0.7958383041204
10,72,"D3",4,0.419685236072945,0.871746086655712
10,72,"D3",5,0.381271585993045,0.908470332577475
10,72,"D3",6,0.354460345217277,0.929679415511817
10,72,"D3",7,0.334519943375801,0.943744336678189
10,72,"D3",8,0.319149526743831,0.954052316053685
10,72,"D3",9,0.307019735198601,0.96199339015481
10,72,"D3",10,0.297277042218336,0.96826688364524
10,72,"D5",1,1,NA
10,72,"D5",2,0.547732103287659,0.547732103287659
10,72,"D5",3,0.40038665038665,0.730989927344782
10,72,"D5",4,0.326782564877803,0.816167483511829
10,72,"D5",5,0.281734726179171,0.862147361761857
10,72,"D5",6,0.250712250712251,0.889887640449438
10,72,"D5",7,0.227716727716728,0.908279220779221
10,72,"D5",8,0.209831320942432,0.921457650680171
10,72,"D5",9,0.195360195360195,0.931034482758621
10,72,"D5",10,0.183150183150183,0.9375
10,72,"D6",1,1,NA
10,72,"D6",2,0.448328347241904,0.448328347241904
10,72,"D6",3,0.290387340576287,0.647711308826973
10,72,"D6",4,0.223991722338439,0.771354983636399
10,72,"D6",5,0.188665452009807,0.842287607953404
10,72,"D6",6,0.166542951616168,0.88274217585693
10,72,"D6",7,0.151078570303889,0.907144786601837
10,72,"D6",8,0.139505589670918,0.923397602918187
10,72,"D6",9,0.130373169579594,0.934537246049661
10,72,"D6",10,0.122815304676429,0.942028985507246
10,72,"D7",1,1,NA
10,72,"D7",2,0.325544710637878,0.325544710637878
10,72,"D7",3,0.188627624963029,0.579421562689279
10,72,"D7",4,0.136138927620738,0.721733773870191
10,72,"D7",5,0.110808298474669,0.813935443823712
10,72,"D7",6,0.0965479359445642,0.871306005719733
10,72,"D7",7,0.0873262348417628,0.904485776805252
10,72,"D7",8,0.0806467514542049,0.923511148744002
10,72,"D7",9,0.0754214729370009,0.93520782396088
10,72,"D7",10,0.0709849157054126,0.941176470588235
10,73,"D0",1,1,NA
10,73,"D0",2,0.828854855092538,0.828854855092538
10,73,"D0",3,0.740838576912422,0.893809781484252
10,73,"D0",4,0.686877766659317,0.927162526446724
10,73,"D0",5,0.649400545369915,0.945438296144486
10,73,"D0",6,0.621359881955869,0.956820696234443
10,73,"D0",7,0.599276781827536,0.96446004840412
10,73,"D0",8,0.581067711425066,0.969614924264311
10,73,"D0",9,0.565416122521667,0.973064087720493
10,73,"D0",10,0.551466223435831,0.975328083989501
10,73,"D1",1,1,NA
10,73,"D1",2,0.683523630992956,0.683523630992956
10,73,"D1",3,0.53881752726653,0.78829392699092
10,73,"D1",4,0.455445393903983,0.845268334559379
10,73,"D1",5,0.40091081166618,0.880260986349331
10,73,"D1",6,0.362386186580972,0.903907243296582
10,73,"D1",7,0.333706117927744,0.920857721085293
10,73,"D1",8,0.311505907748239,0.933473769323248
10,73,"D1",9,0.293775562372188,0.943081832687486
10,73,"D1",10,0.279268916155419,0.950619969545356
10,73,"D3",1,1,NA
10,73,"D3",2,0.58552593367021,0.58552593367021
10,73,"D3",3,0.46242812336644,0.789765400257911
10,73,"D3",4,0.403853334329027,0.873332122166374
10,73,"D3",5,0.368437756702263,0.912305843195266
10,73,"D3",6,0.34340228511687,0.932049657968077
10,73,"D3",7,0.323945809374455,0.943342031821971
10,73,"D3",8,0.307951443340884,0.950626414756046
10,73,"D3",9,0.294302143230528,0.955677102980008
10,73,"D3",10,0.282279142707789,0.959147424511545
10,73,"D5",1,1,NA
10,73,"D5",2,0.581581581581582,0.581581581581582
10,73,"D5",3,0.439095345345345,0.755002151462995
10,73,"D5",4,0.365293865293865,0.831923793240314
10,73,"D5",5,0.318815839649173,0.872765381353168
10,73,"D5",6,0.286000286000286,0.897070504134934
10,73,"D5",7,0.26122997997998,0.913390625
10,73,"D5",8,0.241825158491825,0.925717478944637
10,73,"D5",9,0.226351351351351,0.936012418075198
10,73,"D5",10,0.213963963963964,0.945273631840796
10,73,"D6",1,1,NA
10,73,"D6",2,0.434815908966574,0.434815908966574
10,73,"D6",3,0.273756770064008,0.629592350276799
10,73,"D6",4,0.203746688237087,0.744261733470367
10,73,"D6",5,0.165236454010457,0.810989643268124
10,73,"D6",6,0.140442193617969,0.849946789641717
10,73,"D6",7,0.122722796651896,0.873831385642738
10,73,"D6",8,0.109086930357241,0.888888888888889
10,73,"D6",9,0.0979812900049237,0.898194583751254
10,73,"D6",10,0.0886262924667651,0.904522613065327
10,73,"D7",1,1,NA
10,73,"D7",2,0.330112721417069,0.330112721417069
10,73,"D7",3,0.195652173913043,0.592682926829268
10,73,"D7",4,0.141591902461468,0.723691945914168
10,73,"D7",5,0.111507297497636,0.787525949995487
10,73,"D7",6,0.0919024614676789,0.824183381088825
10,73,"D7",7,0.0782340311325819,0.851272423863162
10,73,"D7",8,0.0683485417784935,0.873642081189251
10,73,"D7",9,0.0611916264090177,0.895287958115183
10,73,"D7",10,0.0563607085346216,0.921052631578947
10,74,"D0",1,1,NA
10,74,"D0",2,0.829813338582161,0.829813338582161
10,74,"D0",3,0.741452612931798,0.89351734716468
10,74,"D0",4,0.687111785960325,0.92671031698627
10,74,"D0",5,0.649329134271561,0.945012365584797
10,74,"D0",6,0.621015929253308,0.95639621953816
10,74,"D0",7,0.59867139061116,0.964019379230717
10,74,"D0",8,0.580231604500869,0.969198818584822
10,74,"D0",9,0.564393268379097,0.972703423945
10,74,"D0",10,0.550339533510481,0.975099393178489
10,74,"D1",1,1,NA
10,74,"D1",2,0.696506534917131,0.696506534917131
10,74,"D1",3,0.558882581730264,0.802408238419125
10,74,"D1",4,0.480761664489195,0.860219445381154
10,74,"D1",5,0.430393496618662,0.89523256201376
10,74,"D1",6,0.395224579898184,0.918286598201928
10,74,"D1",7,0.369268369599495,0.93432541491884
10,74,"D1",8,0.349290444654683,0.945898629318075
10,74,"D1",9,0.333396404919584,0.954496208017335
10,74,"D1",10,0.320403658152003,0.961029133560348
10,74,"D3",1,1,NA
10,74,"D3",2,0.59257382540889,0.59257382540889
10,74,"D3",3,0.467696985051938,0.789263657957245
10,74,"D3",4,0.406674146729885,0.869524841355827
10,74,"D3",5,0.369891136929394,0.90955163957122
10,74,"D3",6,0.344686138960271,0.931858334918866
10,74,"D3",7,0.325880415505447,0.945441022051102
10,74,"D3",8,0.311066069870225,0.954540546377281
10,74,"D3",9,0.298961236382062,0.961085972850679
10,74,"D3",10,0.28882695718267,0.966101694915254
10,74,"D5",1,1,NA
10,74,"D5",2,0.54856317950106,0.54856317950106
10,74,"D5",3,0.402118013262958,0.733038651315789
10,74,"D5",4,0.328789900044468,0.817645291183364
10,74,"D5",5,0.283078449948121,0.860970637814105
10,74,"D5",6,0.250468843647894,0.884803642572567
10,74,"D5",7,0.225334957369062,0.899652643766885
10,74,"D5",8,0.205079622862814,0.91011011011011
10,74,"D5",9,0.18838814453918,0.918609766827981
10,74,"D5",10,0.174583840844499,0.926724137931034
10,74,"D6",1,1,NA
10,74,"D6",2,0.460826925220105,0.460826925220105
10,74,"D6",3,0.302866934135741,0.657224909310762
10,74,"D6",4,0.231647322921144,0.764848508742534
10,74,"D6",5,0.191964783238605,0.828694158075601
10,74,"D6",6,0.166380092658929,0.866721957287995
10,74,"D6",7,0.148194583751254,0.890699009616765
10,74,"D6",8,0.13451465507634,0.907689415303629
10,74,"D6",9,0.123871614844534,0.920878210439105
10,74,"D6",10,0.115346038114343,0.931174089068826
10,74,"D7",1,1,NA
10,74,"D7",2,0.372366148531952,0.372366148531952
10,74,"D7",3,0.226597582037997,0.608534322820037
10,74,"D7",4,0.162743646681471,0.718205574912892
10,74,"D7",5,0.127148614195246,0.781281584798868
10,74,"D7",6,0.104811250925241,0.824320827943079
10,74,"D7",7,0.0895509499136442,0.854402071563088
10,74,"D7",8,0.0782959124928037,0.87431693989071
10,74,"D7",9,0.0694300518134715,0.886764705882353
10,74,"D7",10,0.0621761658031088,0.895522388059701
10,75,"D0",1,1,NA
10,75,"D0",2,0.828864705727729,0.828864705727729
10,75,"D0",3,0.74034973582525,0.893209387140252
10,75,"D0",4,0.68635303660144,0.927065957329448
10,75,"D0",5,0.649314591383435,0.946035868943765
10,75,"D0",6,0.621959737289759,0.957871185313434
10,75,"D0",7,0.600627907893699,0.965702234216937
10,75,"D0",8,0.583142759508977,0.970888551539272
10,75,"D0",9,0.568133427963094,0.9742613085713
10,75,"D0",10,0.55476697421339,0.97647303768478
10,75,"D1",1,1,NA
10,75,"D1",2,0.678601693406539,0.678601693406539
10,75,"D1",3,0.531543079322353,0.78329170776754
10,75,"D1",4,0.447819863701425,0.84249025360717
10,75,"D1",5,0.394027807025308,0.879880145933004
10,75,"D1",6,0.356762893582736,0.905425676111792
10,75,"D1",7,0.329525304962721,0.92365352700645
10,75,"D1",8,0.308758287223967,0.93697898939475
10,75,"D1",9,0.292315580337115,0.946745698602334
10,75,"D1",10,0.278792539896174,0.953738215303661
10,75,"D3",1,1,NA
10,75,"D3",2,0.586517235523858,0.586517235523858
10,75,"D3",3,0.460477160808287,0.785104226983208
10,75,"D3",4,0.401195934308517,0.87126130990794
10,75,"D3",5,0.36674510184444,0.914129657062813
10,75,"D3",6,0.343837178274264,0.937537206482196
10,75,"D3",7,0.327220241127526,0.951672075631438
10,75,"D3",8,0.314428029659818,0.960906417574814
10,75,"D3",9,0.30412633723892,0.967236723672367
10,75,"D3",10,0.295466123280693,0.971524288107203
10,75,"D5",1,1,NA
10,75,"D5",2,0.537037037037037,0.537037037037037
10,75,"D5",3,0.385832004253057,0.718445801022934
10,75,"D5",4,0.311080732133364,0.806259534471729
10,75,"D5",5,0.265784410521253,0.854390462239583
10,75,"D5",6,0.234506721348827,0.882319323729015
10,75,"D5",7,0.21095826687932,0.899583029714193
10,75,"D5",8,0.192185007974482,0.911009607812254
10,75,"D5",9,0.176634768740032,0.919087136929461
10,75,"D5",10,0.16347687400319,0.925507900677201
10,75,"D6",1,1,NA
10,75,"D6",2,0.465946189350445,0.465946189350445
10,75,"D6",3,0.306399864910503,0.657586373520174
10,75,"D6",4,0.232715781348,0.759516592528442
10,75,"D6",5,0.191497402743603,0.822881033827442
10,75,"D6",6,0.165749987938438,0.865546924207432
10,75,"D6",7,0.148640661938534,0.896776306214525
10,75,"D6",8,0.13677811550152,0.92019312695257
10,75,"D6",9,0.128166160081054,0.937037037037037
10,75,"D6",10,0.121580547112462,0.948616600790514
10,75,"D7",1,1,NA
10,75,"D7",2,0.345084551447406,0.345084551447406
10,75,"D7",3,0.211163657208369,0.611918604651163
10,75,"D7",4,0.157965851860951,0.748073100974357
10,75,"D7",5,0.129454475972103,0.819509244859167
10,75,"D7",6,0.111738934610818,0.863152345809172
10,75,"D7",7,0.0995987388936658,0.89135214364236
10,75,"D7",8,0.0905703640011465,0.909352517985611
10,75,"D7",9,0.0834049871023216,0.920886075949367
10,75,"D7",10,0.0773860705073087,0.927835051546392
10,76,"D0",1,1,NA
10,76,"D0",2,0.833336612688481,0.833336612688481
10,76,"D0",3,0.7469895519745,0.896383934895874
10,76,"D0",4,0.694328495816011,0.92950228551485
10,76,"D0",5,0.65806819746965,0.947776450822825
10,76,"D0",6,0.630864541082356,0.958661341648335
10,76,"D0",7,0.60921728351337,0.965686361874379
10,76,"D0",8,0.591307085374732,0.970601296740385
10,76,"D0",9,0.576117112331031,0.97431119393052
10,76,"D0",10,0.56313086594652,0.977459016393443
10,76,"D1",1,1,NA
10,76,"D1",2,0.680727630285152,0.680727630285152
10,76,"D1",3,0.534718710493047,0.785510513608881
10,76,"D1",4,0.451827102522425,0.84498090988028
10,76,"D1",5,0.398337948748821,0.881615880333453
10,76,"D1",6,0.360821142616339,0.905816640743563
10,76,"D1",7,0.332906658238517,0.922636228643887
10,76,"D1",8,0.311223486444725,0.934867112876258
10,76,"D1",9,0.293805309734513,0.944033218992598
10,76,"D1",10,0.279393173198483,0.950946643717728
10,76,"D3",1,1,NA
10,76,"D3",2,0.595618597320725,0.595618597320725
10,76,"D3",3,0.473498817966903,0.79496983488569
10,76,"D3",4,0.414576156703816,0.87555901086282
10,76,"D3",5,0.379004840706968,0.914198355545418
10,76,"D3",6,0.354407294832827,0.935099652478688
10,76,"D3",7,0.335981087470449,0.948008385744235
10,76,"D3",8,0.321576044129236,0.95712543390562
10,76,"D3",9,0.310070921985816,0.964222701431092
10,76,"D3",10,0.300709219858156,0.969807868252516
10,76,"D5",1,1,NA
10,76,"D5",2,0.568802183686577,0.568802183686577
10,76,"D5",3,0.420460019267823,0.739202540578687
10,76,"D5",4,0.345702587393339,0.822200855137988
10,76,"D5",5,0.300271240480778,0.868582566144149
10,76,"D5",6,0.269422653454445,0.897264263547386
10,76,"D5",7,0.247049614643545,0.916959325713556
10,76,"D5",8,0.230089916506101,0.93135104395158
10,76,"D5",9,0.216763005780347,0.942079553384508
10,76,"D5",10,0.205924855491329,0.95
10,76,"D6",1,1,NA
10,76,"D6",2,0.45461285880733,0.45461285880733
10,76,"D6",3,0.296274229424849,0.651706663560112
10,76,"D6",4,0.225929456625357,0.762568708942217
10,76,"D6",5,0.186723561366078,0.82646842140513
10,76,"D6",6,0.161287393889872,0.863776337115073
10,76,"D6",7,0.143033047346679,0.88682099634112
10,76,"D6",8,0.129117678212054,0.902712209571415
10,76,"D6",9,0.118207816968541,0.915504511894996
10,76,"D6",10,0.109628217349857,0.92741935483871
10,76,"D7",1,1,NA
10,76,"D7",2,0.367606915377616,0.367606915377616
10,76,"D7",3,0.237261146496815,0.645420792079208
10,76,"D7",4,0.179123878850903,0.754965073277633
10,76,"D7",5,0.144756416366971,0.808135784550879
10,76,"D7",6,0.121582390918151,0.839910202045398
10,76,"D7",7,0.104564755838641,0.860032074126871
10,76,"D7",8,0.0913962187847538,0.874063330916123
10,76,"D7",9,0.08098271155596,0.886061946902655
10,76,"D7",10,0.0727934485896269,0.898876404494382
10,77,"D0",1,1,NA
10,77,"D0",2,0.830592040389697,0.830592040389697
10,77,"D0",3,0.742984065002169,0.89452345901795
10,77,"D0",4,0.689464757622372,0.927967085835628
10,77,"D0",5,0.652446972557019,0.946309387599433
10,77,"D0",6,0.624564013275408,0.957264022281637
10,77,"D0",7,0.602285725555161,0.964329856913444
10,77,"D0",8,0.583770493958637,0.969258392136959
10,77,"D0",9,0.567980120695776,0.972951059660819
10,77,"D0",10,0.554372263637439,0.976041666666667
10,77,"D1",1,1,NA
10,77,"D1",2,0.67640419223121,0.67640419223121
10,77,"D1",3,0.528299683671953,0.781041409470402
10,77,"D1",4,0.444284713439544,0.840971000307133
10,77,"D1",5,0.390486704415754,0.878910960930211
10,77,"D1",6,0.353259270716758,0.904664017294274
10,77,"D1",7,0.326109801923444,0.923145771268147
10,77,"D1",8,0.30558563148844,0.937063619940433
10,77,"D1",9,0.289663078784791,0.947894956231763
10,77,"D1",10,0.2770524170435,0.956464379947229
10,77,"D3",1,1,NA
10,77,"D3",2,0.593272706074385,0.593272706074385
10,77,"D3",3,0.466181357117873,0.78577920801808
10,77,"D3",4,0.405661320141908,0.870179199464076
10,77,"D3",5,0.370103182931095,0.912345260824044
10,77,"D3",6,0.346337380702543,0.935786009619441
10,77,"D3",7,0.329048618398041,0.950081154192967
10,77,"D3",8,0.315728110061793,0.959518114979183
10,77,"D3",9,0.305089192025184,0.966303545051699
10,77,"D3",10,0.296432318992655,0.971625107480653
10,77,"D5",1,1,NA
10,77,"D5",2,0.557952405410032,0.557952405410032
10,77,"D5",3,0.413231895223421,0.740622123350721
10,77,"D5",4,0.341862939320566,0.827290785808614
10,77,"D5",5,0.298551495585394,0.873307578115219
10,77,"D5",6,0.268581700785091,0.899615995084737
10,77,"D5",7,0.245987416538264,0.915875563447616
10,77,"D5",8,0.227957541516864,0.926704075862369
10,77,"D5",9,0.213020030816641,0.93447239954938
10,77,"D5",10,0.200308166409861,0.940325497287523
10,77,"D6",1,1,NA
10,77,"D6",2,0.462732305258996,0.462732305258996
10,77,"D6",3,0.305011862396204,0.659154026917325
10,77,"D6",4,0.233795119471276,0.766511563303007
10,77,"D6",5,0.192410890809467,0.822989338890399
10,77,"D6",6,0.165056770038976,0.857834862385321
10,77,"D6",7,0.145685053380783,0.882636036960986
10,77,"D6",8,0.131277184657968,0.901102629346904
10,77,"D6",9,0.120106761565836,0.914909638554217
10,77,"D6",10,0.111209964412811,0.925925925925926
10,77,"D7",1,1,NA
10,77,"D7",2,0.385496183206107,0.385496183206107
10,77,"D7",3,0.243082061068702,0.630569306930693
10,77,"D7",4,0.179661941112323,0.73909995794196
10,77,"D7",5,0.141955955410154,0.790128140279885
10,77,"D7",6,0.116503089785533,0.820698853027474
10,77,"D7",7,0.0982029262086514,0.842921216848674
10,77,"D7",8,0.0846055979643766,0.861538461538462
10,77,"D7",9,0.0744274809160305,0.879699248120301
10,77,"D7",10,0.066793893129771,0.897435897435897
10,78,"D0",1,1,NA
10,78,"D0",2,0.826899752148922,0.826899752148922
10,78,"D0",3,0.737506921373201,0.891893992538503
10,78,"D0",4,0.682902230659706,0.925960436260281
10,78,"D0",5,0.645406279898449,0.945093237248567
10,78,"D0",6,0.617852622776685,0.95730804304213
10,78,"D0",7,0.596627313716184,0.965646647310304
10,78,"D0",8,0.579549649317091,0.971376328226205
10,78,"D0",9,0.565258661604177,0.975341219290264
10,78,"D0",10,0.552918841955387,0.978169605373636
10,78,"D1",1,1,NA
10,78,"D1",2,0.674467213997888,0.674467213997888
10,78,"D1",3,0.52656388044907,0.780710862619808
10,78,"D1",4,0.442947338609631,0.841203422900696
10,78,"D1",5,0.389493785317691,0.879323006071726
10,78,"D1",6,0.352625373635135,0.905342747246957
10,78,"D1",7,0.325796754799922,0.92391750327368
10,78,"D1",8,0.30544242607078,0.937524458334022
10,78,"D1",9,0.289482190186825,0.94774715454802
10,78,"D1",10,0.276682397052169,0.955783832067888
10,78,"D3",1,1,NA
10,78,"D3",2,0.604737704462773,0.604737704462773
10,78,"D3",3,0.479921686245105,0.793603049228508
10,78,"D3",4,0.418788160102831,0.872617704316342
10,78,"D3",5,0.382017590840385,0.912197686645636
10,78,"D3",6,0.357327334832958,0.935368798193006
10,78,"D3",7,0.339560943097559,0.950279785497785
10,78,"D3",8,0.32614068705046,0.960477621705617
10,78,"D3",9,0.315671082229443,0.967898501362398
10,78,"D3",10,0.307423144213947,0.973871733966746
10,78,"D5",1,1,NA
10,78,"D5",2,0.566670893030726,0.566670893030726
10,78,"D5",3,0.425288449347027,0.75050343078759
10,78,"D5",4,0.354145157492438,0.832717554488442
10,78,"D5",5,0.309807579682057,0.87480394162575
10,78,"D5",6,0.278940027894003,0.900365408038977
10,78,"D5",7,0.25608596424496,0.918068181818182
10,78,"D5",8,0.238451460208782,0.931138342204068
10,78,"D5",9,0.224419931532902,0.941155618574973
10,78,"D5",10,0.213008748573602,0.949152542372881
10,78,"D6",1,1,NA
10,78,"D6",2,0.443055555555556,0.443055555555556
10,78,"D6",3,0.288862179487179,0.651977333011816
10,78,"D6",4,0.22239010989011,0.769883098870616
10,78,"D6",5,0.185916514041514,0.835992725276234
10,78,"D6",6,0.162912087912088,0.876264751154438
10,78,"D6",7,0.147075320512821,0.902789488476672
10,78,"D6",8,0.135576923076923,0.921819667665486
10,78,"D6",9,0.126923076923077,0.936170212765957
10,78,"D6",10,0.120192307692308,0.946969696969697
10,78,"D7",1,1,NA
10,78,"D7",2,0.389144121150247,0.389144121150247
10,78,"D7",3,0.26059213884635,0.669654569304766
10,78,"D7",4,0.204441041347626,0.784524975514202
10,78,"D7",5,0.171643695763144,0.839575530586767
10,78,"D7",6,0.149383796397579,0.870313329792884
10,78,"D7",7,0.132784583971414,0.888882108860142
10,78,"D7",8,0.119618853156372,0.900848950824924
10,78,"D7",9,0.108728943338438,0.908961593172119
10,78,"D7",10,0.0995405819295559,0.915492957746479
10,79,"D0",1,1,NA
10,79,"D0",2,0.82892520270846,0.82892520270846
10,79,"D0",3,0.740315222307435,0.893102562074964
10,79,"D0",4,0.686333999117906,0.927083461797153
10,79,"D0",5,0.649242962675799,0.945957745806302
10,79,"D0",6,0.621789415429909,0.9577145247247
10,79,"D0",7,0.600362810453661,0.965540415380931
10,79,"D0",8,0.58281713959845,0.970774887202037
10,79,"D0",9,0.567813108371188,0.974256022673595
10,79,"D0",10,0.554539555188485,0.976623376623377
10,79,"D1",1,1,NA
10,79,"D1",2,0.682233230308932,0.682233230308932
10,79,"D1",3,0.536527795418942,0.786428704412403
10,79,"D1",4,0.452774098334876,0.843896816159043
10,79,"D1",5,0.39822408916147,0.879520473070304
10,79,"D1",6,0.359861612624219,0.903666107648008
10,79,"D1",7,0.33139633346035,0.920899373077634
10,79,"D1",8,0.309440140000282,0.933746420092199
10,79,"D1",9,0.292074177568906,0.943879412569552
10,79,"D1",10,0.278165883398958,0.952380952380952
10,79,"D3",1,1,NA
10,79,"D3",2,0.597267959507257,0.597267959507257
10,79,"D3",3,0.477794548115624,0.799966816418215
10,79,"D3",4,0.420025090167791,0.879091425015897
10,79,"D3",5,0.384628787482794,0.91572812312032
10,79,"D3",6,0.359782551879149,0.935402038505096
10,79,"D3",7,0.340834248079034,0.947334011332268
10,79,"D3",8,0.325588486400781,0.955269278940776
10,79,"D3",9,0.312843029637761,0.96085409252669
10,79,"D3",10,0.301866081229418,0.964912280701754
10,79,"D5",1,1,NA
10,79,"D5",2,0.547152945383034,0.547152945383034
10,79,"D5",3,0.398330651649236,0.728006044763927
10,79,"D5",4,0.323372792399341,0.811820006972746
10,79,"D5",5,0.277729890561749,0.858853611341468
10,79,"D5",6,0.246561697889132,0.887775159491925
10,79,"D5",7,0.223685974792169,0.90722110006215
10,79,"D5",8,0.206132117636542,0.921524551675908
10,79,"D5",9,0.192276749798874,0.932784041630529
10,79,"D5",10,0.181013676588898,0.941422594142259
10,79,"D6",1,1,NA
10,79,"D6",2,0.464332825976662,0.464332825976662
10,79,"D6",3,0.311453576864536,0.670755026223776
10,79,"D6",4,0.244748858447489,0.785827733659133
10,79,"D6",5,0.207218960643618,0.846659559346127
10,79,"D6",6,0.182604914111763,0.881217208814271
10,79,"D6",7,0.165030441400304,0.903756846868302
10,79,"D6",8,0.15169964485033,0.919222196602875
10,79,"D6",9,0.141095890410959,0.930100334448161
10,79,"D6",10,0.132420091324201,0.938511326860841
10,79,"D7",1,1,NA
10,79,"D7",2,0.324883819180397,0.324883819180397
10,79,"D7",3,0.180846007604563,0.556648244473342
10,79,"D7",4,0.123709940249864,0.684062324009762
10,79,"D7",5,0.0948307079485787,0.766556897182583
10,79,"D7",6,0.0789426036574326,0.832458233890215
10,79,"D7",7,0.0696292775665399,0.882024082568807
10,79,"D7",8,0.0637938318546684,0.9161926431551
10,79,"D7",9,0.0598859315589354,0.938741721854305
10,79,"D7",10,0.0570342205323194,0.952380952380952
10,80,"D0",1,1,NA
10,80,"D0",2,0.828986082184535,0.828986082184535
10,80,"D0",3,0.740722007339086,0.893527675865369
10,80,"D0",4,0.686598376333574,0.926931250227139
10,80,"D0",5,0.649180846592331,0.945503032003874
10,80,"D0",6,0.62125501197206,0.956982965891772
10,80,"D0",7,0.5993206386988,0.964693446570944
10,80,"D0",8,0.581520050249595,0.970298722754063
10,80,"D0",9,0.566795596548646,0.974679370565763
10,80,"D0",10,0.554596846176733,0.978477690288714
10,80,"D1",1,1,NA
10,80,"D1",2,0.678071782635249,0.678071782635249
10,80,"D1",3,0.530705398610934,0.782668461071197
10,80,"D1",4,0.44636693997553,0.841082342753342
10,80,"D1",5,0.391788357083001,0.877727094001359
10,80,"D1",6,0.353676278129813,0.902722788300944
10,80,"D1",7,0.325668967574247,0.920810887561744
10,80,"D1",8,0.304330535316091,0.934478153024232
10,80,"D1",9,0.287613447526524,0.945069305082373
10,80,"D1",10,0.274191486641953,0.953333333333333
10,80,"D3",1,1,NA
10,80,"D3",2,0.60076520652768,0.60076520652768
10,80,"D3",3,0.475384555321309,0.791298414348843
10,80,"D3",4,0.41420428560274,0.871303623490212
10,80,"D3",5,0.376458930569964,0.908872611064731
10,80,"D3",6,0.349842162210398,0.929297019679498
10,80,"D3",7,0.329585382993675,0.942097375888786
10,80,"D3",8,0.313370292288072,0.950801547816473
10,80,"D3",9,0.29983602717264,0.956810631229236
10,80,"D3",10,0.288123682361209,0.9609375
10,80,"D5",1,1,NA
10,80,"D5",2,0.555108967488389,0.555108967488389
10,80,"D5",3,0.40718783494105,0.73352775543041
10,80,"D5",4,0.332931404072883,0.81763592991692
10,80,"D5",5,0.287028530597662,0.862125131742838
10,80,"D5",6,0.255129382942888,0.888864192042676
10,80,"D5",7,0.231243301178992,0.906376594148537
10,80,"D5",8,0.212486602357985,0.918887601390498
10,80,"D5",9,0.197347266881029,0.92875157629256
10,80,"D5",10,0.184887459807074,0.936863543788187
10,80,"D6",1,1,NA
10,80,"D6",2,0.414104985975156,0.414104985975156
10,80,"D6",3,0.256912244547484,0.620403649433232
10,80,"D6",4,0.190427123966537,0.741214667685256
10,80,"D6",5,0.154784393578829,0.812827449969939
10,80,"D6",6,0.132479576065357,0.855897503632281
10,80,"D6",7,0.116821226172076,0.881805555555556
10,80,"D6",8,0.104871486633465,0.897709175548205
10,80,"D6",9,0.095311695002576,0.908842794759825
10,80,"D6",10,0.0875837197320969,0.918918918918919
10,80,"D7",1,1,NA
10,80,"D7",2,0.361687045897572,0.361687045897572
10,80,"D7",3,0.224215842636895,0.619916707496325
10,80,"D7",4,0.164502164502164,0.733677703446524
10,80,"D7",5,0.130218222323485,0.79158971991382
10,80,"D7",6,0.107579554947976,0.826148238153098
10,80,"D7",7,0.0916400850611377,0.851835510060007
10,80,"D7",8,0.0799220272904483,0.872129562484892
10,80,"D7",9,0.0709728867623604,0.888026607538803
10,80,"D7",10,0.0637958532695375,0.898876404494382
10,81,"D0",1,1,NA
10,81,"D0",2,0.836868865100838,0.836868865100838
10,81,"D0",3,0.750921460220366,0.897298838008371
10,81,"D0",4,0.696836786708567,0.927975592153235
10,81,"D0",5,0.65876470181846,0.945364415862808
10,81,"D0",6,0.630116344855787,0.956512003628015
10,81,"D0",7,0.607590283496059,0.964250948981678
10,81,"D0",8,0.589368571017789,0.970009868536042
10,81,"D0",9,0.574344194800612,0.974507673201455
10,81,"D0",10,0.56169862369133,0.977982590885817
10,81,"D1",1,1,NA
10,81,"D1",2,0.67640419223121,0.67640419223121
10,81,"D1",3,0.528299683671953,0.781041409470402
10,81,"D1",4,0.444284713439544,0.840971000307133
10,81,"D1",5,0.390486704415754,0.878910960930211
10,81,"D1",6,0.353259270716758,0.904664017294274
10,81,"D1",7,0.326109801923444,0.923145771268147
10,81,"D1",8,0.30558563148844,0.937063619940433
10,81,"D1",9,0.289663078784791,0.947894956231763
10,81,"D1",10,0.2770524170435,0.956464379947229
10,81,"D3",1,1,NA
10,81,"D3",2,0.58693507006118,0.58693507006118
10,81,"D3",3,0.458259325044405,0.780766644250168
10,81,"D3",4,0.396382354007322,0.864973896535358
10,81,"D3",5,0.359962220530604,0.908118681095362
10,81,"D3",6,0.335810345452568,0.932904416906767
10,81,"D3",7,0.318531675547661,0.948546344271733
10,81,"D3",8,0.305449829428515,0.958930784209595
10,81,"D3",9,0.295102765795483,0.966125161528521
10,81,"D3",10,0.286729256533875,0.971625107480654
10,81,"D5",1,1,NA
10,81,"D5",2,0.567685957375116,0.567685957375116
10,81,"D5",3,0.423742734394743,0.746438640747885
10,81,"D5",4,0.350698581176216,0.827621461585976
10,81,"D5",5,0.305486359315017,0.871079541555144
10,81,"D5",6,0.274342034008448,0.898050029545007
10,81,"D5",7,0.251453121051301,0.916567969469667
10,81,"D5",8,0.233847190632634,0.92998324958124
10,81,"D5",9,0.21986353297953,0.940201729106628
10,81,"D5",10,0.208491281273692,0.948275862068966
10,81,"D6",1,1,NA
10,81,"D6",2,0.455159981973862,0.455159981973862
10,81,"D6",3,0.291535226077813,0.640511551155116
10,81,"D6",4,0.220605592394687,0.756703041902063
10,81,"D6",5,0.182210633990715,0.825956549935149
10,81,"D6",6,0.158179360072105,0.868112670527039
10,81,"D6",7,0.141730509238396,0.896011396011396
10,81,"D6",8,0.12968804766912,0.915032679738562
10,81,"D6",9,0.120324470482199,0.927799227799228
10,81,"D6",10,0.112663361874718,0.936329588014981
10,81,"D7",1,1,NA
10,81,"D7",2,0.316990238016892,0.316990238016892
10,81,"D7",3,0.186327739387957,0.58780276816609
10,81,"D7",4,0.135523903539698,0.727341532639546
10,81,"D7",5,0.108862564440057,0.803272054572783
10,81,"D7",6,0.0928876980209655,0.853256567110471
10,81,"D7",7,0.0828397499177361,0.891826923076923
10,81,"D7",8,0.0763409016123725,0.92154915590864
10,81,"D7",9,0.0720631786771964,0.943965517241379
10,81,"D7",10,0.069101678183613,0.958904109589041
10,82,"D0",1,1,NA
10,82,"D0",2,0.831505155723906,0.831505155723906
10,82,"D0",3,0.744204742739899,0.895009174166812
10,82,"D0",4,0.690681930916306,0.928080528449011
10,82,"D0",5,0.653857680224868,0.946684213031917
10,82,"D0",6,0.626437364718615,0.958063786148657
10,82,"D0",7,0.60479797979798,0.965456426868223
10,82,"D0",8,0.586963383838384,0.970511482254697
10,82,"D0",9,0.571792140151515,0.974152998117774
10,82,"D0",10,0.558712121212121,0.97712452127109
10,82,"D1",1,1,NA
10,82,"D1",2,0.701360572236638,0.701360572236638
10,82,"D1",3,0.564402364183039,0.804724968190271
10,82,"D1",4,0.485760769153825,0.860663951783678
10,82,"D1",5,0.434563771552527,0.894604503178631
10,82,"D1",6,0.39851606032256,0.917048512578066
10,82,"D1",7,0.371751307714486,0.932838961154011
10,82,"D1",8,0.351099029339484,0.944445983251623
10,82,"D1",9,0.334671938712468,0.953212372424041
10,82,"D1",10,0.321265290992216,0.959940926712202
10,82,"D3",1,1,NA
10,82,"D3",2,0.585672368930964,0.585672368930964
10,82,"D3",3,0.456485633615679,0.779421495415446
10,82,"D3",4,0.394096851495955,0.863328049065724
10,82,"D3",5,0.356618897351334,0.904901665663255
10,82,"D3",6,0.330972548461338,0.928084717101433
10,82,"D3",7,0.311887560205946,0.942336642890426
10,82,"D3",8,0.296849914189227,0.951785040715348
10,82,"D3",9,0.284504235176881,0.958411040656471
10,82,"D3",10,0.274040857000498,0.963222416812609
10,82,"D5",1,1,NA
10,82,"D5",2,0.555418775361328,0.555418775361328
10,82,"D5",3,0.407981124333197,0.73454687243474
10,82,"D5",4,0.331418410614143,0.812337607912162
10,82,"D5",5,0.283509519250184,0.855442878761079
10,82,"D5",6,0.250170975242785,0.882407673309976
10,82,"D5",7,0.225345369990425,0.900765445598688
10,82,"D5",8,0.205899785711029,0.913707637835104
10,82,"D5",9,0.18998768978252,0.922719220549159
10,82,"D5",10,0.17644645055396,0.928725701943845
10,82,"D6",1,1,NA
10,82,"D6",2,0.466864197530864,0.466864197530864
10,82,"D6",3,0.310333333333333,0.664718637613709
10,82,"D6",4,0.244084656084656,0.786524133462909
10,82,"D6",5,0.208553791887125,0.854432209023382
10,82,"D6",6,0.186349206349206,0.893530655391121
10,82,"D6",7,0.171222222222222,0.918824531516184
10,82,"D6",8,0.160395061728395,0.93676544812171
10,82,"D6",9,0.152444444444444,0.950431034482759
10,82,"D6",10,0.146666666666667,0.962099125364432
10,82,"D7",1,1,NA
10,82,"D7",2,0.390578413834228,0.390578413834228
10,82,"D7",3,0.259317233154442,0.663931297709924
10,82,"D7",4,0.203126331033308,0.783312117603581
10,82,"D7",5,0.170443251838601,0.839099741385336
10,82,"D7",6,0.148734985944288,0.872636401499375
10,82,"D7",7,0.13334824090638,0.896549255441008
10,82,"D7",8,0.122043331345657,0.915222656977827
10,82,"D7",9,0.113595706618962,0.930781758957655
10,82,"D7",10,0.107334525939177,0.94488188976378
10,83,"D0",1,1,NA
10,83,"D0",2,0.827181750413954,0.827181750413954
10,83,"D0",3,0.738377961170813,0.892642953983571
10,83,"D0",4,0.684421675812758,0.926925926564088
10,83,"D0",5,0.647506523834969,0.946063730471493
10,83,"D0",6,0.620410344271889,0.958153040061129
10,83,"D0",7,0.599482475410161,0.966267698379063
10,83,"D0",8,0.582490582965558,0.971655731165491
10,83,"D0",9,0.568010449444873,0.975140999796145
10,83,"D0",10,0.555126758890934,0.977317863489077
10,83,"D1",1,1,NA
10,83,"D1",2,0.673366834170854,0.673366834170854
10,83,"D1",3,0.525764506292144,0.780799528001021
10,83,"D1",4,0.442766334726134,0.842138123489279
10,83,"D1",5,0.38986395142174,0.880518505687395
10,83,"D1",6,0.353320325682135,0.906265697030105
10,83,"D1",7,0.326606322209337,0.924391546336254
10,83,"D1",8,0.306274964566422,0.937749650694501
10,83,"D1",9,0.290362066743976,0.948043752629365
10,83,"D1",10,0.277670403298544,0.956290215220768
10,83,"D3",1,1,NA
10,83,"D3",2,0.592386571147633,0.592386571147633
10,83,"D3",3,0.467530552043826,0.789232191975719
10,83,"D3",4,0.40701944494612,0.870572935109417
10,83,"D3",5,0.370196456163586,0.909530148400138
10,83,"D3",6,0.34473541629041,0.93122289679098
10,83,"D3",7,0.32574799831437,0.944921765856384
10,83,"D3",8,0.310830172777075,0.954204398447607
10,83,"D3",9,0.298609355246523,0.960683297180043
10,83,"D3",10,0.288242730720607,0.96528365791702
10,83,"D5",1,1,NA
10,83,"D5",2,0.537520391517129,0.537520391517129
10,83,"D5",3,0.391856987493203,0.729008598887203
10,83,"D5",4,0.321020741085994,0.819229339610953
10,83,"D5",5,0.278457495015407,0.867412784835652
10,83,"D5",6,0.249689272119941,0.896687202138789
10,83,"D5",7,0.228860793909734,0.916582406471183
10,83,"D5",8,0.2131593257205,0.931392931392931
10,83,"D5",9,0.201060358890701,0.943239795918367
10,83,"D5",10,0.191680261011419,0.953346855983773
10,83,"D6",1,1,NA
10,83,"D6",2,0.45578013046733,0.45578013046733
10,83,"D6",3,0.301411613731152,0.661309244486157
10,83,"D6",4,0.233420413401164,0.774424085759903
10,83,"D6",5,0.195815573582657,0.838896524641665
10,83,"D6",6,0.171433154590036,0.875482738443534
10,83,"D6",7,0.153512993262753,0.895468520251303
10,83,"D6",8,0.139022564431612,0.905607802159526
10,83,"D6",9,0.126564003849856,0.910384615384615
10,83,"D6",10,0.115495668912416,0.91254752851711
10,83,"D7",1,1,NA
10,83,"D7",2,0.338087341072416,0.338087341072416
10,83,"D7",3,0.200580431177446,0.593279921517332
10,83,"D7",4,0.142857142857143,0.712218744463474
10,83,"D7",5,0.110913685540551,0.776395798783859
10,83,"D7",6,0.0904524994077233,0.815521537913848
10,83,"D7",7,0.0760364842454395,0.840623363017287
10,83,"D7",8,0.0652294085129906,0.857869865503453
10,83,"D7",9,0.0567164179104478,0.869491525423729
10,83,"D7",10,0.0497512437810945,0.87719298245614
10,84,"D0",1,1,NA
10,84,"D0",2,0.82892520270846,0.82892520270846
10,84,"D0",3,0.740315222307435,0.893102562074964
10,84,"D0",4,0.686333999117906,0.927083461797153
10,84,"D0",5,0.649242962675799,0.945957745806302
10,84,"D0",6,0.621789415429909,0.9577145247247
10,84,"D0",7,0.600362810453661,0.965540415380931
10,84,"D0",8,0.58281713959845,0.970774887202037
10,84,"D0",9,0.567813108371188,0.974256022673595
10,84,"D0",10,0.554539555188485,0.976623376623377
10,84,"D1",1,1,NA
10,84,"D1",2,0.683605489355442,0.683605489355442
10,84,"D1",3,0.537234936847193,0.785884468765371
10,84,"D1",4,0.452853810334423,0.842934402204057
10,84,"D1",5,0.397756101368736,0.878332239437273
10,84,"D1",6,0.358903690093401,0.902321017473676
10,84,"D1",7,0.329997057772734,0.919458525731112
10,84,"D1",8,0.30758884475548,0.932095718766419
10,84,"D1",9,0.289641258432633,0.941650724241596
10,84,"D1",10,0.274888090284345,0.949063996517196
10,84,"D3",1,1,NA
10,84,"D3",2,0.595233993683606,0.595233993683606
10,84,"D3",3,0.469444444444444,0.788672101099749
10,84,"D3",4,0.408920881013904,0.871074066065121
10,84,"D3",5,0.372574955908289,0.911117463565332
10,84,"D3",6,0.347668266272917,0.933149855511215
10,84,"D3",7,0.329112833763997,0.946628915236241
10,84,"D3",8,0.314441573356302,0.955421791852046
10,84,"D3",9,0.302325581395349,0.961468224981738
10,84,"D3",10,0.291989664082687,0.965811965811966
10,84,"D5",1,1,NA
10,84,"D5",2,0.547742725621859,0.547742725621859
10,84,"D5",3,0.398517673888255,0.727563608326908
10,84,"D5",4,0.324555211670377,0.814406067624952
10,84,"D5",5,0.280341833933624,0.863772399434902
10,84,"D5",6,0.250674195942155,0.894173346962931
10,84,"D5",7,0.229253769162549,0.914548736462094
10,84,"D5",8,0.213015752354407,0.929170120659482
10,84,"D5",9,0.200304066894717,0.940325138778747
10,84,"D5",10,0.190041809198024,0.94876660341556
10,84,"D6",1,1,NA
10,84,"D6",2,0.453699271315356,0.453699271315356
10,84,"D6",3,0.296194351364289,0.652842907385698
10,84,"D6",4,0.228498484123185,0.771447811447811
10,84,"D6",5,0.192675921493538,0.84322625698324
10,84,"D6",6,0.170667213750028,0.885773439810707
10,84,"D6",7,0.155576831019627,0.911580072125017
10,84,"D6",8,0.144460401042498,0.928547008547009
10,84,"D6",9,0.135950215414074,0.941089837997054
10,84,"D6",10,0.12924844423169,0.950704225352113
10,84,"D7",1,1,NA
10,84,"D7",2,0.336075650118203,0.336075650118203
10,84,"D7",3,0.202978723404255,0.603967360720315
10,84,"D7",4,0.146058763931104,0.71957671957672
10,84,"D7",5,0.113677811550152,0.778301886792453
10,84,"D7",6,0.0921985815602837,0.811051693404635
10,84,"D7",7,0.0768085106382979,0.833076923076923
10,84,"D7",8,0.0654373522458629,0.851954447522315
10,84,"D7",9,0.0570212765957447,0.871387283236994
10,84,"D7",10,0.051063829787234,0.895522388059702
10,85,"D0",1,1,NA
10,85,"D0",2,0.828262419776563,0.828262419776563
10,85,"D0",3,0.740452420568893,0.893982876548524
10,85,"D0",4,0.687233295980622,0.928126206208654
10,85,"D0",5,0.650821476677193,0.947016799802355
10,85,"D0",6,0.62402798057659,0.958831266236942
10,85,"D0",7,0.603305007527137,0.966791596379532
10,85,"D0",8,0.586522462562396,0.972182321122229
10,85,"D0",9,0.572319942952223,0.975785207700101
10,85,"D0",10,0.559781316852864,0.978091579275257
10,85,"D1",1,1,NA
10,85,"D1",2,0.676847710330138,0.676847710330138
10,85,"D1",3,0.529856230031949,0.78282931587891
10,85,"D1",4,0.446453674121406,0.842593988362628
10,85,"D1",5,0.392801359095289,0.879825571753438
10,85,"D1",6,0.355533242050814,0.905122229896781
10,85,"D1",7,0.328343982960596,0.923525409513376
10,85,"D1",8,0.307873624423145,0.937655752504203
10,85,"D1",9,0.292140575079872,0.948897703163915
10,85,"D1",10,0.279872204472843,0.958005249343832
10,85,"D3",1,1,NA
10,85,"D3",2,0.591102596849723,0.591102596849723
10,85,"D3",3,0.46264367816092,0.782679150162045
10,85,"D3",4,0.400827859879584,0.866385684708666
10,85,"D3",5,0.364231739950131,0.90869866196315
10,85,"D3",6,0.339741835431491,0.932762848943386
10,85,"D3",7,0.321938856960409,0.947598509767067
10,85,"D3",8,0.308163048105577,0.957209859707845
10,85,"D3",9,0.296934865900383,0.963564151269211
10,85,"D3",10,0.28735632183908,0.967741935483871
10,85,"D5",1,1,NA
10,85,"D5",2,0.539944182801326,0.539944182801326
10,85,"D5",3,0.387231815803244,0.717170085608141
10,85,"D5",4,0.311037601853928,0.803233590733591
10,85,"D5",5,0.264275123969001,0.849656512247391
10,85,"D5",6,0.231741048067579,0.876893158111851
10,85,"D5",7,0.207155939298796,0.893911290322581
10,85,"D5",8,0.187510901796616,0.905167877065572
10,85,"D5",9,0.171114599686028,0.912558139534884
10,85,"D5",10,0.156985871271586,0.91743119266055
10,85,"D6",1,1,NA
10,85,"D6",2,0.46390760346487,0.46390760346487
10,85,"D6",3,0.313723131215913,0.676262102351314
10,85,"D6",4,0.248017782666483,0.790562626686876
10,85,"D6",5,0.212181279313137,0.855508331023438
10,85,"D6",6,0.189422063339291,0.892736927369274
10,85,"D6",7,0.173444016682708,0.915648439390274
10,85,"D6",8,0.161480055609026,0.93102119460501
10,85,"D6",9,0.152069297401347,0.941721854304636
10,85,"D6",10,0.14436958614052,0.949367088607595
10,85,"D7",1,1,NA
10,85,"D7",2,0.296653796653797,0.296653796653797
10,85,"D7",3,0.154761904761905,0.521691973969631
10,85,"D7",4,0.0990531347674205,0.64003564003564
10,85,"D7",5,0.0719724826867684,0.726604795050271
10,85,"D7",6,0.0573634859349145,0.797019691325173
10,85,"D7",7,0.0489060489060489,0.852564102564103
10,85,"D7",8,0.0437580437580438,0.894736842105263
10,85,"D7",9,0.0405405405405405,0.926470588235294
10,85,"D7",10,0.0386100386100386,0.952380952380952
10,86,"D0",1,1,NA
10,86,"D0",2,0.829076491863755,0.829076491863755
10,86,"D0",3,0.740508260963746,0.893172425259691
10,86,"D0",4,0.686350631704209,0.926864247011839
10,86,"D0",5,0.649089788925554,0.945711650783892
10,86,"D0",6,0.621531675232863,0.957543449053006
10,86,"D0",7,0.600071877276934,0.965472720359926
10,86,"D0",8,0.582580098855871,0.970850527939355
10,86,"D0",9,0.567732025757665,0.974513250405625
10,86,"D0",10,0.554735038695575,0.977107180020812
10,86,"D1",1,1,NA
10,86,"D1",2,0.680814857006237,0.680814857006237
10,86,"D1",3,0.534850114971626,0.785602883761284
10,86,"D1",4,0.45146328894193,0.844093095064361
10,86,"D1",5,0.397428131432308,0.880311071059043
10,86,"D1",6,0.359470919562053,0.904492890995261
10,86,"D1",7,0.331255405776006,0.921508215962441
10,86,"D1",8,0.309417828688761,0.934076314811866
10,86,"D1",9,0.292006835010442,0.943729830462252
10,86,"D1",10,0.277830517055883,0.951452102297356
10,86,"D3",1,1,NA
10,86,"D3",2,0.578324464218209,0.578324464218209
10,86,"D3",3,0.451670592340574,0.780998592115849
10,86,"D3",4,0.391620244014905,0.867048354832034
10,86,"D3",5,0.356208172879201,0.909575483706721
10,86,"D3",6,0.332460961353921,0.933333333333333
10,86,"D3",7,0.315187996161563,0.948045132511152
10,86,"D3",8,0.30189886300852,0.957837438878125
10,86,"D3",9,0.291285003925674,0.964842997495665
10,86,"D3",10,0.282648521329495,0.970350404312669
10,86,"D5",1,1,NA
10,86,"D5",2,0.547208310146541,0.547208310146541
10,86,"D5",3,0.404250139120757,0.73875
10,86,"D5",4,0.333492328483981,0.824965278204545
10,86,"D5",5,0.289586480112357,0.868345252284466
10,86,"D5",6,0.258148501470705,0.891438375750643
10,86,"D5",7,0.233722871452421,0.905381476634075
10,86,"D5",8,0.213874976813207,0.915079365079365
10,86,"D5",9,0.197412353923205,0.923026886383348
10,86,"D5",10,0.183639398998331,0.930232558139535
10,86,"D6",1,1,NA
10,86,"D6",2,0.43098311817279,0.43098311817279
10,86,"D6",3,0.278012247600132,0.645065284178187
10,86,"D6",4,0.212843429328037,0.76559011757702
10,86,"D6",5,0.176463170504879,0.829075020365845
10,86,"D6",6,0.15252754527829,0.864359088878964
10,86,"D6",7,0.134930486593843,0.884630289877538
10,86,"D6",8,0.120931258965023,0.896248594500664
10,86,"D6",9,0.109235352532274,0.903284671532847
10,86,"D6",10,0.099304865938431,0.909090909090909
10,86,"D7",1,1,NA
10,86,"D7",2,0.348919054801408,0.348919054801408
10,86,"D7",3,0.22315233785822,0.639553314121038
10,86,"D7",4,0.1703081232493,0.763192198136436
10,86,"D7",5,0.14088199382317,0.827218286099865
10,86,"D7",6,0.121956474897651,0.865664032628091
10,86,"D7",7,0.108295625942685,0.887985865724382
10,86,"D7",8,0.0975364504776269,0.900649953574745
10,86,"D7",9,0.0886877828054299,0.909278350515464
10,86,"D7",10,0.081447963800905,0.918367346938776
10,87,"D0",1,1,NA
10,87,"D0",2,0.827314156261525,0.827314156261525
10,87,"D0",3,0.738052196933776,0.892106331491889
10,87,"D0",4,0.683352525457789,0.925886445832373
10,87,"D0",5,0.645335184808869,0.944366429869486
10,87,"D0",6,0.616832057621531,0.955832057730155
10,87,"D0",7,0.594308123913387,0.96348449560972
10,87,"D0",8,0.575654601970391,0.968613045670373
10,87,"D0",9,0.559566145092461,0.972051892188715
10,87,"D0",10,0.545282124229493,0.97447304310984
10,87,"D1",1,1,NA
10,87,"D1",2,0.68107389009185,0.68107389009185
10,87,"D1",3,0.534884091198573,0.785353981381431
10,87,"D1",4,0.451183046139103,0.843515545822437
10,87,"D1",5,0.396726834919422,0.879303507333271
10,87,"D1",6,0.358368057450977,0.903311865767195
10,87,"D1",7,0.329846516367342,0.920412713994364
10,87,"D1",8,0.3077739566085,0.933082331740439
10,87,"D1",9,0.290154120494205,0.942750724237826
10,87,"D1",10,0.275761049547828,0.950395083406497
10,87,"D3",1,1,NA
10,87,"D3",2,0.586741271016759,0.586741271016759
10,87,"D3",3,0.459063605694067,0.782395287958115
10,87,"D3",4,0.398714015351883,0.868537628351215
10,87,"D3",5,0.363402334520577,0.911436068280315
10,87,"D3",6,0.339998354315807,0.935597606339964
10,87,"D3",7,0.323150662387888,0.950447725072604
10,87,"D3",8,0.3102663265586,0.960129013092283
10,87,"D3",9,0.299925944211306,0.966672560113154
10,87,"D3",10,0.291286102196988,0.97119341563786
10,87,"D5",1,1,NA
10,87,"D5",2,0.554890219560878,0.554890219560878
10,87,"D5",3,0.407840568862275,0.734993255395683
10,87,"D5",4,0.334384801824922,0.819890975431237
10,87,"D5",5,0.290104315179166,0.867576258238732
10,87,"D5",6,0.260176076418591,0.896836285451008
10,87,"D5",7,0.238522954091816,0.91677512158367
10,87,"D5",8,0.222139055222888,0.931311018131102
10,87,"D5",9,0.209206586826347,0.941782104080868
10,87,"D5",10,0.198353293413174,0.948121645796064
10,87,"D6",1,1,NA
10,87,"D6",2,0.453161261108281,0.453161261108281
10,87,"D6",3,0.29848021735439,0.658662253310017
10,87,"D6",4,0.229313732624991,0.768271125830506
10,87,"D6",5,0.190609611139412,0.831217602877394
10,87,"D6",6,0.165732722024113,0.869487750556793
10,87,"D6",7,0.148327390049244,0.894979508196721
10,87,"D6",8,0.135393671817513,0.912802900209884
10,87,"D6",9,0.125318390219052,0.925585284280936
10,87,"D6",10,0.117167600611309,0.934959349593496
10,87,"D7",1,1,NA
10,87,"D7",2,0.334928229665072,0.334928229665072
10,87,"D7",3,0.194736842105263,0.581428571428571
10,87,"D7",4,0.135019366598314,0.693342693342693
10,87,"D7",5,0.10180754917597,0.754021824727191
10,87,"D7",6,0.0817042606516291,0.802536367027229
10,87,"D7",7,0.0688995215311005,0.843279419966537
10,87,"D7",8,0.060180754917597,0.873456790123457
10,87,"D7",9,0.0535885167464115,0.890459363957597
10,87,"D7",10,0.0478468899521531,0.892857142857143
10,88,"D0",1,1,NA
10,88,"D0",2,0.837673253402929,0.837673253402929
10,88,"D0",3,0.75237927042248,0.898177502225415
10,88,"D0",4,0.698960269337617,0.928999903127492
10,88,"D0",5,0.661663774632515,0.946640036149056
10,88,"D0",6,0.633778772002119,0.957856234995057
10,88,"D0",7,0.61187476697867,0.965439036472847
10,88,"D0",8,0.594049044040214,0.970867040282644
10,88,"D0",9,0.579148760817095,0.974917419070689
10,88,"D0",10,0.566315417672338,0.977841024598496
10,88,"D1",1,1,NA
10,88,"D1",2,0.702455212679528,0.702455212679528
10,88,"D1",3,0.565791919692651,0.805449101209496
10,88,"D1",4,0.486966579914901,0.860681397110497
10,88,"D1",5,0.435521897444069,0.89435685200446
10,88,"D1",6,0.399249921805381,0.91671606903911
10,88,"D1",7,0.372268352129549,0.93241934887846
10,88,"D1",8,0.351372192616461,0.943868020492334
10,88,"D1",9,0.334675920188375,0.952482658619744
10,88,"D1",10,0.320981534266948,0.95908165154601
10,88,"D3",1,1,NA
10,88,"D3",2,0.598441082072444,0.598441082072444
10,88,"D3",3,0.475286565795507,0.794207784247625
10,88,"D3",4,0.415916683041855,0.875086133237783
10,88,"D3",5,0.380079037575599,0.91383455646897
10,88,"D3",6,0.355446387633458,0.935190716911765
10,88,"D3",7,0.337161852361302,0.948558950355656
10,88,"D3",8,0.322971114167813,0.957911198748895
10,88,"D3",9,0.311691884456671,0.965076660988075
10,88,"D3",10,0.302613480055021,0.970873786407767
10,88,"D5",1,1,NA
10,88,"D5",2,0.563622754491018,0.563622754491018
10,88,"D5",3,0.416947355289421,0.739763169544046
10,88,"D5",4,0.342440119760479,0.821303014436383
10,88,"D5",5,0.296312137629503,0.865296209558505
10,88,"D5",6,0.263972055888224,0.890858059342422
10,88,"D5",7,0.239427395209581,0.907017958412098
10,88,"D5",8,0.219893546240852,0.918414311145847
10,88,"D5",9,0.203967065868263,0.927571860816944
10,88,"D5",10,0.190868263473054,0.935779816513762
10,88,"D6",1,1,NA
10,88,"D6",2,0.412241887905605,0.412241887905605
10,88,"D6",3,0.260047935103245,0.630813953488372
10,88,"D6",4,0.194505899705015,0.747961715703651
10,88,"D6",5,0.157610795055485,0.810313698939291
10,88,"D6",6,0.133033080488833,0.844060715777747
10,88,"D6",7,0.114767699115044,0.862700455355375
10,88,"D6",8,0.100172074729597,0.872824631860776
10,88,"D6",9,0.0879424778761062,0.877914110429448
10,88,"D6",10,0.0774336283185841,0.880503144654088
10,88,"D7",1,1,NA
10,88,"D7",2,0.380765639589169,0.380765639589169
10,88,"D7",3,0.25406162464986,0.667238842569887
10,88,"D7",4,0.200440176070428,0.788943140652071
10,88,"D7",5,0.169167667066827,0.843980834497904
10,88,"D7",6,0.147739095638255,0.873329390892963
10,88,"D7",7,0.131792717086835,0.892063921993499
10,88,"D7",8,0.119327731092437,0.905419766206164
10,88,"D7",9,0.109243697478992,0.915492957746479
10,88,"D7",10,0.100840336134454,0.923076923076923
10,89,"D0",1,1,NA
10,89,"D0",2,0.827120251289042,0.827120251289042
10,89,"D0",3,0.738126987889923,0.892405894716729
10,89,"D0",4,0.683893399711571,0.926525395943875
10,89,"D0",5,0.646623374057737,0.94550316515768
10,89,"D0",6,0.619160507206498,0.957528805865922
10,89,"D0",7,0.597917777909481,0.965691078404113
10,89,"D0",8,0.580730555720184,0.971254873455363
10,89,"D0",9,0.566230071712203,0.975030616410396
10,89,"D0",10,0.55354708706217,0.977601004814737
10,89,"D1",1,1,NA
10,89,"D1",2,0.693168952069443,0.693168952069443
10,89,"D1",3,0.55303602130247,0.797837265577737
10,89,"D1",4,0.473356936182449,0.855924239921358
10,89,"D1",5,0.422187976125578,0.891901953588046
10,89,"D1",6,0.386700333674796,0.915943502758054
10,89,"D1",7,0.360690023902378,0.932737813993478
10,89,"D1",8,0.340769628604576,0.94477142704897
10,89,"D1",9,0.32494653415524,0.953566594199926
10,89,"D1",10,0.311988929425085,0.960123886953155
10,89,"D3",1,1,NA
10,89,"D3",2,0.580909768829232,0.580909768829232
10,89,"D3",3,0.45125623816899,0.776809519107337
10,89,"D3",4,0.389101949504634,0.862263868270161
10,89,"D3",5,0.351867558243397,0.904306849892066
10,89,"D3",6,0.326412960641149,0.927658583447352
10,89,"D3",7,0.307541731199449,0.942186028996423
10,89,"D3",8,0.292778064590145,0.951994590939824
10,89,"D3",9,0.280846670108415,0.959247648902821
10,89,"D3",10,0.27103768714507,0.965073529411765
10,89,"D5",1,1,NA
10,89,"D5",2,0.54679706217352,0.54679706217352
10,89,"D5",3,0.393425238600212,0.719508691279989
10,89,"D5",4,0.317998956387079,0.808283061652334
10,89,"D5",5,0.273204957722455,0.85913790669772
10,89,"D5",6,0.242623171573331,0.888062843353699
10,89,"D5",7,0.219423824673029,0.90438115720827
10,89,"D5",8,0.200463453909901,0.913590191077102
10,89,"D5",9,0.184164015553199,0.918691222570533
10,89,"D5",10,0.169671261930011,0.921305182341651
10,89,"D6",1,1,NA
10,89,"D6",2,0.457410732096549,0.457410732096549
10,89,"D6",3,0.293312387791741,0.641245093763628
10,89,"D6",4,0.221702145849363,0.755856742084745
10,89,"D6",5,0.183629705622524,0.828272116713262
10,89,"D6",6,0.160254766179362,0.87270611057226
10,89,"D6",7,0.144337223219629,0.900673512936783
10,89,"D6",8,0.132754837422701,0.919754686015375
10,89,"D6",9,0.123877917414722,0.93313298271976
10,89,"D6",10,0.116696588868941,0.942028985507246
10,89,"D7",1,1,NA
10,89,"D7",2,0.290774064552985,0.290774064552985
10,89,"D7",3,0.150457012282205,0.517436149312377
10,89,"D7",4,0.0984208593463092,0.65414604379958
10,89,"D7",5,0.0742304919682812,0.754215035931454
10,89,"D7",6,0.0607173460643898,0.817956939990838
10,89,"D7",7,0.0518423307626392,0.85383064516129
10,89,"D7",8,0.0451299628677521,0.870523415977961
10,89,"D7",9,0.0394173093401885,0.873417721518987
10,89,"D7",10,0.0342759211653813,0.869565217391304
10,90,"D0",1,1,NA
10,90,"D0",2,0.831310743367481,0.831310743367481
10,90,"D0",3,0.743331363278172,0.894167877906977
10,90,"D0",4,0.689308229201846,0.927322945398029
10,90,"D0",5,0.651954576156704,0.945809941818924
10,90,"D0",6,0.623840481819205,0.956877219110521
10,90,"D0",7,0.601383963750985,0.964002788016042
10,90,"D0",8,0.582729183083793,0.968980249239043
10,90,"D0",9,0.566843971631206,0.972739976109446
10,90,"D0",10,0.553191489361702,0.975914920237723
10,90,"D1",1,1,NA
10,90,"D1",2,0.682742257040968,0.682742257040968
10,90,"D1",3,0.536217462724286,0.785387834419791
10,90,"D1",4,0.451628819331625,0.842249368450435
10,90,"D1",5,0.396369102775471,0.877643511240196
10,90,"D1",6,0.357386548250839,0.901650874773874
10,90,"D1",7,0.328400092662792,0.91889326632489
10,90,"D1",8,0.30599780978856,0.931783567134269
10,90,"D1",9,0.2881602223907,0.941706813489332
10,90,"D1",10,0.273565832701542,0.949353212014909
10,90,"D3",1,1,NA
10,90,"D3",2,0.581668199425912,0.581668199425912
10,90,"D3",3,0.452115207758549,0.777273380605596
10,90,"D3",4,0.389778685489746,0.862122482944451
10,90,"D3",5,0.352216130997169,0.903631070936112
10,90,"D3",6,0.326418001361568,0.92675483214649
10,90,"D3",7,0.307311261600201,0.941465422612514
10,90,"D3",8,0.292506200707856,0.951823890815933
10,90,"D3",9,0.28066215199398,0.959508384146341
10,90,"D3",10,0.270880361173815,0.96514745308311
10,90,"D5",1,1,NA
10,90,"D5",2,0.564449455092071,0.564449455092071
10,90,"D5",3,0.424339220844294,0.751775410563693
10,90,"D5",4,0.354557005064333,0.835550869794412
10,90,"D5",5,0.311927727373049,0.879767492723633
10,90,"D5",6,0.282528945437626,0.905751302768083
10,90,"D5",7,0.260647626205687,0.922551938180897
10,90,"D5",8,0.243517474633596,0.93427850534663
10,90,"D5",9,0.229612927470876,0.942901234567901
10,90,"D5",10,0.217963171739947,0.949263502454992
10,90,"D6",1,1,NA
10,90,"D6",2,0.438570241064007,0.438570241064007
10,90,"D6",3,0.28595178719867,0.652009097801365
10,90,"D6",4,0.219498871867949,0.767607973421927
10,90,"D6",5,0.181668843763607,0.827652744716151
10,90,"D6",6,0.156774729842062,0.862969822420743
10,90,"D6",7,0.138985868661679,0.886532343584305
10,90,"D6",8,0.125353283458022,0.901913875598086
10,90,"D6",9,0.114214463840399,0.911140583554377
10,90,"D6",10,0.104738154613466,0.91703056768559
10,90,"D7",1,1,NA
10,90,"D7",2,0.353854332801701,0.353854332801701
10,90,"D7",3,0.224481658692185,0.634390024038462
10,90,"D7",4,0.168740031897927,0.751687388987567
10,90,"D7",5,0.136287688919268,0.807678458907192
10,90,"D7",6,0.11451355661882,0.840234048481471
10,90,"D7",7,0.0984848484848485,0.860027855153203
10,90,"D7",8,0.0859117490696438,0.872334682860999
10,90,"D7",9,0.0755980861244019,0.879950495049505
10,90,"D7",10,0.0669856459330144,0.886075949367089
10,91,"D0",1,1,NA
10,91,"D0",2,0.828512723249565,0.828512723249565
10,91,"D0",3,0.741223131025763,0.894643027470431
10,91,"D0",4,0.688655761024182,0.929080235355265
10,91,"D0",5,0.6528897318371,0.948063994797793
10,91,"D0",6,0.626710356973515,0.959902302660019
10,91,"D0",7,0.606502884463411,0.967756281214676
10,91,"D0",8,0.59009009009009,0.972938637566676
10,91,"D0",9,0.576102418207681,0.976295701084773
10,91,"D0",10,0.563655761024182,0.978395061728395
10,91,"D1",1,1,NA
10,91,"D1",2,0.69930435260799,0.69930435260799
10,91,"D1",3,0.561257527014765,0.802594070695553
10,91,"D1",4,0.481879190676518,0.858570562500164
10,91,"D1",5,0.430289434094185,0.892940476408817
10,91,"D1",6,0.39397662059132,0.915608400705194
10,91,"D1",7,0.366844015507713,0.931131433528
10,91,"D1",8,0.345555280596112,0.941967882773999
10,91,"D1",9,0.328198465726305,0.949771235329222
10,91,"D1",10,0.31365998515219,0.955702167766258
10,91,"D3",1,1,NA
10,91,"D3",2,0.593688913711254,0.593688913711254
10,91,"D3",3,0.469887368519036,0.791470680464095
10,91,"D3",4,0.411217935931703,0.875141498754811
10,91,"D3",5,0.376358027153894,0.915227654895874
10,91,"D3",6,0.352575098735389,0.936807702499779
10,91,"D3",7,0.335125197803221,0.950507279173267
10,91,"D3",8,0.321946073412144,0.960674027266625
10,91,"D3",9,0.31192404356325,0.968870470316114
10,91,"D3",10,0.304384250209439,0.975828111011638
10,91,"D5",1,1,NA
10,91,"D5",2,0.567973582624064,0.567973582624064
10,91,"D5",3,0.425980186968048,0.75
10,91,"D5",4,0.353844007255476,0.830658368817557
10,91,"D5",5,0.308640129694964,0.872249136247559
10,91,"D5",6,0.276784468496482,0.896787040525268
10,91,"D5",7,0.25272080368355,0.913059916462624
10,91,"D5",8,0.233663550532533,0.924591672417759
10,91,"D5",9,0.218082879866053,0.933320063694267
10,91,"D5",10,0.205106739221432,0.940499040307102
10,91,"D6",1,1,NA
10,91,"D6",2,0.424955567812711,0.424955567812711
10,91,"D6",3,0.265765765765766,0.625396596481108
10,91,"D6",4,0.196701074252095,0.740129465829915
10,91,"D6",5,0.157767096542607,0.8020652512574
10,91,"D6",6,0.131957029916214,0.836403995560488
10,91,"D6",7,0.113210148924435,0.857931926751592
10,91,"D6",8,0.0987926702212416,0.872648531601029
10,91,"D6",9,0.0871483728626586,0.882133995037221
10,91,"D6",10,0.0772200772200772,0.886075949367089
10,91,"D7",1,1,NA
10,91,"D7",2,0.334271771771772,0.334271771771772
10,91,"D7",3,0.183628941441441,0.549340258281864
10,91,"D7",4,0.12033462033462,0.655314022887806
10,91,"D7",5,0.0864033676533676,0.718025846702317
10,91,"D7",6,0.0656772844272844,0.760124127230411
10,91,"D7",7,0.0520833333333333,0.793018983466014
10,91,"D7",8,0.0429804804804805,0.825225225225225
10,91,"D7",9,0.0371621621621622,0.864628820960699
10,91,"D7",10,0.0337837837837838,0.909090909090909
10,92,"D0",1,1,NA
10,92,"D0",2,0.838299375809681,0.838299375809681
10,92,"D0",3,0.753542967063165,0.898894820642503
10,92,"D0",4,0.700551283992575,0.92967662709783
10,92,"D0",5,0.663505990469834,0.94711979783748
10,92,"D0",6,0.635703910583195,0.95809822324746
10,92,"D0",7,0.613772425705649,0.965500471976922
10,92,"D0",8,0.595885839908923,0.970857951501875
10,92,"D0",9,0.580968083853492,0.974965412741287
10,92,"D0",10,0.568248733953598,0.978106628826272
10,92,"D1",1,1,NA
10,92,"D1",2,0.679794740218089,0.679794740218089
10,92,"D1",3,0.533092794526406,0.784196703780587
10,92,"D1",4,0.448388771801216,0.841108295600881
10,92,"D1",5,0.393119317429773,0.876737648560153
10,92,"D1",6,0.354427441277986,0.901577270725959
10,92,"D1",7,0.326085097284584,0.920033437898583
10,92,"D1",8,0.304668234623334,0.934321246694206
10,92,"D1",9,0.288133418858242,0.945728455132404
10,92,"D1",10,0.27517639512508,0.955031166518255
10,92,"D3",1,1,NA
10,92,"D3",2,0.593470645929662,0.593470645929662
10,92,"D3",3,0.466330390920555,0.785768250070828
10,92,"D3",4,0.404875998318621,0.868217054263566
10,92,"D3",5,0.368692327708721,0.91063024046828
10,92,"D3",6,0.344658620068456,0.934813648578952
10,92,"D3",7,0.327343421605717,0.949761307408182
10,92,"D3",8,0.314137592826117,0.959657570893526
10,92,"D3",9,0.303656998738966,0.966636931311329
10,92,"D3",10,0.295081967213115,0.971760797342193
10,92,"D5",1,1,NA
10,92,"D5",2,0.536383611218819,0.536383611218819
10,92,"D5",3,0.384128215070441,0.716144578313253
10,92,"D5",4,0.309736147270075,0.806335320130744
10,92,"D5",5,0.26503751300184,0.855688027819175
10,92,"D5",6,0.234476264332798,0.884690856313498
10,92,"D5",7,0.211709965102753,0.902905740609497
10,92,"D5",8,0.193787428374478,0.915343915343915
10,92,"D5",9,0.179139201240791,0.924410849266341
10,92,"D5",10,0.166731291198139,0.930735930735931
10,92,"D6",1,1,NA
10,92,"D6",2,0.456091954022989,0.456091954022989
10,92,"D6",3,0.298505747126437,0.654485887096774
10,92,"D6",4,0.229490968801314,0.7687991638704
10,92,"D6",5,0.192282430213465,0.837864911276474
10,92,"D6",6,0.169611384783799,0.882095075434102
10,92,"D6",7,0.154789272030651,0.912611333419388
10,92,"D6",8,0.14477650063857,0.935313531353135
10,92,"D6",9,0.137931034482759,0.952717007762879
10,92,"D6",10,0.133333333333333,0.966666666666667
10,92,"D7",1,1,NA
10,92,"D7",2,0.361987219130076,0.361987219130076
10,92,"D7",3,0.227118119975263,0.627420273348519
10,92,"D7",4,0.170730629914303,0.751726149956238
10,92,"D7",5,0.139551491592308,0.817378180250108
10,92,"D7",6,0.119621874723916,0.857188077024532
10,92,"D7",7,0.105983302411874,0.885985967503693
10,92,"D7",8,0.0962688105545248,0.908339411621687
10,92,"D7",9,0.0890538033395176,0.925053533190578
10,92,"D7",10,0.0834879406307978,0.9375
10,93,"D0",1,1,NA
10,93,"D0",2,0.827326079788988,0.827326079788988
10,93,"D0",3,0.73853115727003,0.892672400051011
10,93,"D0",4,0.684377561113466,0.92667391805548
10,93,"D0",5,0.647091517121191,0.94551831312001
10,93,"D0",6,0.619502614102021,0.957364758632738
10,93,"D0",7,0.59795746785361,0.96522186386632
10,93,"D0",8,0.580243982855259,0.970376680699491
10,93,"D0",9,0.564985163204748,0.973702752460395
10,93,"D0",10,0.5513353115727,0.975840336134454
10,93,"D1",1,1,NA
10,93,"D1",2,0.673366834170854,0.673366834170854
10,93,"D1",3,0.525764506292144,0.780799528001021
10,93,"D1",4,0.442766334726134,0.842138123489279
10,93,"D1",5,0.38986395142174,0.880518505687395
10,93,"D1",6,0.353320325682135,0.906265697030105
10,93,"D1",7,0.326606322209337,0.924391546336254
10,93,"D1",8,0.306274964566422,0.937749650694501
10,93,"D1",9,0.290362066743976,0.948043752629365
10,93,"D1",10,0.277670403298544,0.956290215220768
10,93,"D3",1,1,NA
10,93,"D3",2,0.576697690451568,0.576697690451568
10,93,"D3",3,0.445191313340227,0.771966527196653
10,93,"D3",4,0.383820849953218,0.862148111277031
10,93,"D3",5,0.348504620738333,0.90798772599459
10,93,"D3",6,0.325109568129217,0.932870179570209
10,93,"D3",7,0.308040330920372,0.947496970614965
10,93,"D3",8,0.294668505113179,0.956590665361123
10,93,"D3",9,0.283609100310238,0.962468317410801
10,93,"D3",10,0.274043433298862,0.966271649954421
10,93,"D5",1,1,NA
10,93,"D5",2,0.570190120595683,0.570190120595683
10,93,"D5",3,0.426902278872151,0.748701640824929
10,93,"D5",4,0.354760985120197,0.831012160575608
10,93,"D5",5,0.310118511161385,0.874161827733997
10,93,"D5",6,0.278816972907355,0.899065882469233
10,93,"D5",7,0.255214368482039,0.915347318424698
10,93,"D5",8,0.236556370971203,0.926892840627233
10,93,"D5",9,0.221320973348783,0.935595065312047
10,93,"D5",10,0.208574739281576,0.942408376963351
10,93,"D6",1,1,NA
10,93,"D6",2,0.424101713653952,0.424101713653952
10,93,"D6",3,0.263142620232172,0.620470542231491
10,93,"D6",4,0.191305377872542,0.727002633415112
10,93,"D6",5,0.150418542209587,0.786274509803922
10,93,"D6",6,0.123999052357261,0.824360152250952
10,93,"D6",7,0.105721393034826,0.852598395108903
10,93,"D6",8,0.0925373134328358,0.875294117647059
10,93,"D6",9,0.0825870646766169,0.89247311827957
10,93,"D6",10,0.0746268656716418,0.903614457831325
10,93,"D7",1,1,NA
10,93,"D7",2,0.315472833239331,0.315472833239331
10,93,"D7",3,0.179639029892837,0.56942789034565
10,93,"D7",4,0.12380146644106,0.689167974882261
10,93,"D7",5,0.0921897241694196,0.744657771992624
10,93,"D7",6,0.0716702924824752,0.77742170429716
10,93,"D7",7,0.0575296108291032,0.802698145025295
10,93,"D7",8,0.0473773265651438,0.823529411764706
10,93,"D7",9,0.0397631133671743,0.839285714285714
10,93,"D7",10,0.0338409475465313,0.851063829787234
10,94,"D0",1,1,NA
10,94,"D0",2,0.829794003022349,0.829794003022349
10,94,"D0",3,0.741882406744611,0.894056120003834
10,94,"D0",4,0.687629955346491,0.926871899232412
10,94,"D0",5,0.649904557384872,0.945137064393
10,94,"D0",6,0.621712058719933,0.956620555519133
10,94,"D0",7,0.599623200509027,0.964470918810253
10,94,"D0",8,0.581789018796893,0.97025768566494
10,94,"D0",9,0.567108088761632,0.974765886668641
10,94,"D0",10,0.554760200429492,0.978226569895866
10,94,"D1",1,1,NA
10,94,"D1",2,0.684841184302289,0.684841184302289
10,94,"D1",3,0.540364335679114,0.789035980991174
10,94,"D1",4,0.457294412090583,0.846270528782897
10,94,"D1",5,0.403064710742388,0.88141184341117
10,94,"D1",6,0.364734190132022,0.90490231571063
10,94,"D1",7,0.336128193748811,0.921570291030692
10,94,"D1",8,0.313897870481906,0.93386355658247
10,94,"D1",9,0.296075572180308,0.943222621184919
10,94,"D1",10,0.281493691751728,0.950749464668094
10,94,"D3",1,1,NA
10,94,"D3",2,0.58462962962963,0.58462962962963
10,94,"D3",3,0.461226851851852,0.788921444409249
10,94,"D3",4,0.404298941798942,0.876572862520165
10,94,"D3",5,0.371241181657848,0.918234363923878
10,94,"D3",6,0.349126984126984,0.940431723032157
10,94,"D3",7,0.332847222222222,0.953370084110025
10,94,"D3",8,0.319938271604938,0.961216589007117
10,94,"D3",9,0.309166666666667,0.966332240015435
10,94,"D3",10,0.3,0.970350404312669
10,94,"D5",1,1,NA
10,94,"D5",2,0.561482735911186,0.561482735911186
10,94,"D5",3,0.421747106971493,0.751131032171582
10,94,"D5",4,0.35008669005282,0.830086761155859
10,94,"D5",5,0.30445680953725,0.86966119589212
10,94,"D5",6,0.271763235353413,0.89261670897252
10,94,"D5",7,0.246860005644934,0.908364243323442
10,94,"D5",8,0.227302662527049,0.920775570482588
10,94,"D5",9,0.211685012701101,0.931291390728477
10,94,"D5",10,0.198983911939035,0.94
10,94,"D6",1,1,NA
10,94,"D6",2,0.460310332784513,0.460310332784513
10,94,"D6",3,0.302537045352492,0.657245827010622
10,94,"D6",4,0.231680458442919,0.765792031098154
10,94,"D6",5,0.191855368101439,0.828103368712506
10,94,"D6",6,0.166399384181153,0.86731680133742
10,94,"D6",7,0.148555605448286,0.892765355949627
10,94,"D6",8,0.135209300004989,0.910159529806885
10,94,"D6",9,0.124831612034127,0.923247232472325
10,94,"D6",10,0.116748989672205,0.935251798561151
10,94,"D7",1,1,NA
10,94,"D7",2,0.388888888888889,0.388888888888889
10,94,"D7",3,0.249406880189798,0.64133197763091
10,94,"D7",4,0.185731231994577,0.744691693562086
10,94,"D7",5,0.146055753262159,0.786382299270073
10,94,"D7",6,0.118157939332317,0.808992023205221
10,94,"D7",7,0.0977906287069988,0.827626389386877
10,94,"D7",8,0.0826413602214314,0.845084660096032
10,94,"D7",9,0.0711743772241993,0.861244019138756
10,94,"D7",10,0.0622775800711744,0.875
10,95,"D0",1,1,NA
10,95,"D0",2,0.830814499550091,0.830814499550091
10,95,"D0",3,0.742931173769975,0.89422027922273
10,95,"D0",4,0.689053276923467,0.927479289133733
10,95,"D0",5,0.6519857455307,0.946205130090567
10,95,"D0",6,0.624469046352359,0.957795550950361
10,95,"D0",7,0.602874820200587,0.965419861436035
10,95,"D0",8,0.58519700761233,0.970677474003018
10,95,"D0",9,0.570254773304959,0.974466317986936
10,95,"D0",10,0.557427439853402,0.977505960402198
10,95,"D1",1,1,NA
10,95,"D1",2,0.703821699410475,0.703821699410475
10,95,"D1",3,0.567597925090879,0.806451300899507
10,95,"D1",4,0.489167410623115,0.86182029390751
10,95,"D1",5,0.437852406820671,0.895097255687827
10,95,"D1",6,0.401421394436956,0.916796135372998
10,95,"D1",7,0.374035044724911,0.931776556776557
10,95,"D1",8,0.352598401612003,0.942688142688143
10,95,"D1",9,0.335314299718172,0.950980770715885
10,95,"D1",10,0.321039088347016,0.957427370729033
10,95,"D3",1,1,NA
10,95,"D3",2,0.594618516551602,0.594618516551602
10,95,"D3",3,0.46924234377766,0.789148556117892
10,95,"D3",4,0.410249601699416,0.874280863906442
10,95,"D3",5,0.376499422569523,0.917732573072379
10,95,"D3",6,0.355132387527502,0.943248159861185
10,95,"D3",7,0.340790405381483,0.959615110731325
10,95,"D3",8,0.330796011093409,0.970672900028137
10,95,"D3",9,0.323685608072225,0.978505173028898
10,95,"D3",10,0.318640467339352,0.984413453650533
10,95,"D5",1,1,NA
10,95,"D5",2,0.556960947148759,0.556960947148759
10,95,"D5",3,0.411108981729909,0.738128918794923
10,95,"D5",4,0.337439997079706,0.820804244314461
10,95,"D5",5,0.292166310755809,0.865831890956296
10,95,"D5",6,0.260946540363942,0.893143838825551
10,95,"D5",7,0.237670882841446,0.910802965657131
10,95,"D5",8,0.219326263787743,0.922815033821619
10,95,"D5",9,0.204292832502875,0.931456310679612
10,95,"D5",10,0.191644308164048,0.938086303939963
10,95,"D6",1,1,NA
10,95,"D6",2,0.429213601988471,0.429213601988471
10,95,"D6",3,0.268522925590988,0.625616067028093
10,95,"D6",4,0.196958364497632,0.733488077653513
10,95,"D6",5,0.156463664317067,0.79439969313387
10,95,"D6",6,0.130142109199701,0.831772090777402
10,95,"D6",7,0.111375535459305,0.855799373040752
10,95,"D6",8,0.0970966206568301,0.871794871794872
10,95,"D6",9,0.0856734888148501,0.882352941176471
10,95,"D6",10,0.0761542122798667,0.888888888888889
10,95,"D7",1,1,NA
10,95,"D7",2,0.325038402457757,0.325038402457757
10,95,"D7",3,0.201228878648233,0.619092627599244
10,95,"D7",4,0.149747640991881,0.744165757906216
10,95,"D7",5,0.120766586204374,0.806467370066432
10,95,"D7",6,0.102523590081194,0.848940036341611
10,95,"D7",7,0.0906298003072197,0.883989726027397
10,95,"D7",8,0.0827444956477215,0.912994350282486
10,95,"D7",9,0.0774193548387097,0.935643564356436
10,95,"D7",10,0.0737327188940092,0.952380952380952
10,96,"D0",1,1,NA
10,96,"D0",2,0.830695386568289,0.830695386568289
10,96,"D0",3,0.743281169423619,0.894769829521035
10,96,"D0",4,0.689453313159132,0.927580761522282
10,96,"D0",5,0.652131513877319,0.945867546693188
10,96,"D0",6,0.624295178025988,0.957314843311548
10,96,"D0",7,0.602517949938514,0.96511709708165
10,96,"D0",8,0.584923373927301,0.970798254204695
10,96,"D0",9,0.570391526835654,0.975155981553486
10,96,"D0",10,0.55813399976199,0.978510327561026
10,96,"D1",1,1,NA
10,96,"D1",2,0.70304216621809,0.70304216621809
10,96,"D1",3,0.566521898703205,0.805814965197216
10,96,"D1",4,0.487946683444604,0.861302421956744
10,96,"D1",5,0.436658433049429,0.894889642382419
10,96,"D1",6,0.400410127349202,0.916987047640225
10,96,"D1",7,0.373322934507789,0.932351379270209
10,96,"D1",8,0.352214338145339,0.943457541952838
10,96,"D1",9,0.335209199902129,0.951719346995485
10,96,"D1",10,0.321140200636163,0.958029197080292
10,96,"D3",1,1,NA
10,96,"D3",2,0.599333873435953,0.599333873435953
10,96,"D3",3,0.478530920874966,0.798437969360168
10,96,"D3",4,0.420637063899284,0.879017521229711
10,96,"D3",5,0.38581973432095,0.917227147661266
10,96,"D3",6,0.362100227614675,0.938521789850846
10,96,"D3",7,0.344788009721847,0.952189431067547
10,96,"D3",8,0.331623008371591,0.96181711376542
10,96,"D3",9,0.321361058601134,0.969055374592834
10,96,"D3",10,0.313259519308669,0.974789915966386
10,96,"D5",1,1,NA
10,96,"D5",2,0.560923037910486,0.560923037910486
10,96,"D5",3,0.414067452770382,0.738189421338155
10,96,"D5",4,0.340868336684236,0.823219343620476
10,96,"D5",5,0.296464344581499,0.869732716935013
10,96,"D5",6,0.266097918817584,0.897571406751184
10,96,"D5",7,0.243692151641942,0.915798788373834
10,96,"D5",8,0.226364059000042,0.928893513701006
10,96,"D5",9,0.212628375808292,0.939320388349515
10,96,"D5",10,0.201597565614302,0.948121645796064
10,96,"D6",1,1,NA
10,96,"D6",2,0.46837118204436,0.46837118204436
10,96,"D6",3,0.308202318564396,0.658030063291139
10,96,"D6",4,0.236892851471222,0.768627739644099
10,96,"D6",5,0.197958967611183,0.83564770478197
10,96,"D6",6,0.173007554617845,0.873956642154522
10,96,"D6",7,0.154954740352549,0.895653029110936
10,96,"D6",8,0.140807792070298,0.908702707319156
10,96,"D6",9,0.129109099571224,0.916917293233083
10,96,"D6",10,0.119104335397808,0.922509225092251
10,96,"D7",1,1,NA
10,96,"D7",2,0.343591404815895,0.343591404815895
10,96,"D7",3,0.213232912212504,0.620600251414205
10,96,"D7",4,0.157943449488639,0.740708588790624
10,96,"D7",5,0.126066299535687,0.798173649770486
10,96,"D7",6,0.105280207321024,0.835117773019272
10,96,"D7",7,0.0907839326206673,0.862307692307692
10,96,"D7",8,0.0803368966634273,0.884924174843889
10,96,"D7",9,0.0728862973760933,0.907258064516129
10,96,"D7",10,0.0680272108843537,0.933333333333333
10,97,"D0",1,1,NA
10,97,"D0",2,0.830076197244266,0.830076197244266
10,97,"D0",3,0.742478976667062,0.894470868014269
10,97,"D0",4,0.68904361460325,0.928031144661254
10,97,"D0",5,0.652148675807328,0.946454857117911
10,97,"D0",6,0.624456438977344,0.957536926996436
10,97,"D0",7,0.602392514509061,0.964666991817049
10,97,"D0",8,0.58406043138958,0.96956787696072
10,97,"D0",9,0.568399857870425,0.973186724048579
10,97,"D0",10,0.554897548264835,0.976245051052303
10,97,"D1",1,1,NA
10,97,"D1",2,0.679673359430905,0.679673359430905
10,97,"D1",3,0.531880077450857,0.782552486530006
10,97,"D1",4,0.447248630478836,0.840882464751014
10,97,"D1",5,0.392799014626266,0.878256495063438
10,97,"D1",6,0.355122400014432,0.90408169774132
10,97,"D1",7,0.3277139369449,0.922819672686326
10,97,"D1",8,0.307053359711524,0.936955451373279
10,97,"D1",9,0.291072105063771,0.947952842259185
10,97,"D1",10,0.278444248011113,0.956616052060738
10,97,"D3",1,1,NA
10,97,"D3",2,0.582897033158813,0.582897033158813
10,97,"D3",3,0.453772957699659,0.77847875677217
10,97,"D3",4,0.391435457254455,0.862624029511993
10,97,"D3",5,0.353897812760939,0.904102595209932
10,97,"D3",6,0.328038370671131,0.926929635738447
10,97,"D3",7,0.308588880578409,0.940709710108212
10,97,"D3",8,0.293082910883958,0.949752014183442
10,97,"D3",9,0.280229369234605,0.956143667296786
10,97,"D3",10,0.269259536275243,0.96085409252669
10,97,"D5",1,1,NA
10,97,"D5",2,0.545703106585584,0.545703106585584
10,97,"D5",3,0.404080045255268,0.74047598479613
10,97,"D5",4,0.33270703274946,0.823369123657863
10,97,"D5",5,0.287980416321528,0.865567565379322
10,97,"D5",6,0.256662019920399,0.891248173048816
10,97,"D5",7,0.233347475604582,0.909162468513854
10,97,"D5",8,0.215433932022816,0.923232323232323
10,97,"D5",9,0.201527365294866,0.935448577680525
10,97,"D5",10,0.190920661858294,0.947368421052632
10,97,"D6",1,1,NA
10,97,"D6",2,0.455088033422859,0.455088033422859
10,97,"D6",3,0.294315129811996,0.64672131147541
10,97,"D6",4,0.223685893336744,0.760021727322107
10,97,"D6",5,0.185392420173083,0.828806937297503
10,97,"D6",6,0.161508291767916,0.871169876401265
10,97,"D6",7,0.145143240823635,0.898673617526726
10,97,"D6",8,0.133194071421466,0.917673263085753
10,97,"D6",9,0.123992837958818,0.93091859596714
10,97,"D6",10,0.116383169203223,0.938628158844765
10,97,"D7",1,1,NA
10,97,"D7",2,0.362816281628163,0.362816281628163
10,97,"D7",3,0.226320132013201,0.623787143723469
10,97,"D7",4,0.17001414427157,0.751210874433623
10,97,"D7",5,0.140656922835141,0.827324828988723
10,97,"D7",6,0.122960867515323,0.874189944134078
10,97,"D7",7,0.110973597359736,0.902511503067485
10,97,"D7",8,0.102090209020902,0.919950433705081
10,97,"D7",9,0.0950495049504951,0.931034482758621
10,97,"D7",10,0.0891089108910891,0.9375
10,98,"D0",1,1,NA
10,98,"D0",2,0.833980282818729,0.833980282818729
10,98,"D0",3,0.748270970030147,0.897228610131048
10,98,"D0",4,0.695929988712397,0.930050765813297
10,98,"D0",5,0.659714891848249,0.9479615802573
10,98,"D0",6,0.632361923902977,0.958538198419866
10,98,"D0",7,0.610451025595555,0.965350699529492
10,98,"D0",8,0.592224783748104,0.970142990865369
10,98,"D0",9,0.576697996098599,0.973782273090232
10,98,"D0",10,0.563338653425548,0.976834768347683
10,98,"D1",1,1,NA
10,98,"D1",2,0.683414176074785,0.683414176074785
10,98,"D1",3,0.538926309546504,0.788579354092196
10,98,"D1",4,0.456107384174996,0.846326067396489
10,98,"D1",5,0.402148510587222,0.881696996233959
10,98,"D1",6,0.36403138493753,0.905216295358068
10,98,"D1",7,0.335520323653386,0.921679661524139
10,98,"D1",8,0.313246206745603,0.933613211070953
10,98,"D1",9,0.295227807078859,0.942478474507506
10,98,"D1",10,0.28023130202707,0.949203616013775
10,98,"D3",1,1,NA
10,98,"D3",2,0.590176941997937,0.590176941997937
10,98,"D3",3,0.460822819963501,0.780821457381016
10,98,"D3",4,0.398329195996418,0.864386872221232
10,98,"D3",5,0.360751219475333,0.905661003765782
10,98,"D3",6,0.33510161979574,0.928899478934827
10,98,"D3",7,0.316055701023566,0.943163751987281
10,98,"D3",8,0.301039435055146,0.952488545785477
10,98,"D3",9,0.288740776005713,0.959146020031629
10,98,"D3",10,0.278505117829088,0.964550700741962
10,98,"D5",1,1,NA
10,98,"D5",2,0.559044130472702,0.559044130472702
10,98,"D5",3,0.419348508634223,0.750117004680187
10,98,"D5",4,0.350209314495029,0.835127125253471
10,98,"D5",5,0.307555256534848,0.87820410196204
10,98,"D5",6,0.277528593855124,0.902369860239012
10,98,"D5",7,0.254578754578755,0.917306397306397
10,98,"D5",8,0.236176521890808,0.927714970880439
10,98,"D5",9,0.220957613814757,0.93556129985229
10,98,"D5",10,0.208006279434851,0.941385435168739
10,98,"D6",1,1,NA
10,98,"D6",2,0.454135338345865,0.454135338345865
10,98,"D6",3,0.296031746031746,0.651857983811626
10,98,"D6",4,0.223773720014321,0.755911225785644
10,98,"D6",5,0.182221426582329,0.814311111111111
10,98,"D6",6,0.154696264470701,0.848946621547866
10,98,"D6",7,0.134670008354219,0.870544669032557
10,98,"D6",8,0.119075466443887,0.884201819685691
10,98,"D6",9,0.106265664160401,0.892422825070159
10,98,"D6",10,0.0952380952380952,0.89622641509434
10,98,"D7",1,1,NA
10,98,"D7",2,0.343999171585378,0.343999171585378
10,98,"D7",3,0.202469711090401,0.588576158940397
10,98,"D7",4,0.138774242222518,0.685407419584635
10,98,"D7",5,0.102960102960103,0.741925167892549
10,98,"D7",6,0.0807260462432876,0.784051724137931
10,98,"D7",7,0.0661696178937558,0.819681143485432
10,98,"D7",8,0.0565392979186083,0.854460093896714
10,98,"D7",9,0.0503261882572227,0.89010989010989
10,98,"D7",10,0.0465983224603914,0.925925925925926
10,99,"D0",1,1,NA
10,99,"D0",2,0.828516985347263,0.828516985347263
10,99,"D0",3,0.740178395426769,0.89337745455699
10,99,"D0",4,0.68659288671116,0.927604603097456
10,99,"D0",5,0.649840894370758,0.946471929651869
10,99,"D0",6,0.622638055813692,0.958139232552597
10,99,"D0",7,0.601365069978317,0.965834105967753
10,99,"D0",8,0.583862277416387,0.970894896568302
10,99,"D0",9,0.568775872264932,0.974161020954782
10,99,"D0",10,0.555292726197516,0.976294447910168
10,99,"D1",1,1,NA
10,99,"D1",2,0.705881547227701,0.705881547227701
10,99,"D1",3,0.571935609796187,0.810243038711555
10,99,"D1",4,0.495380154034,0.866146722723791
10,99,"D1",5,0.445570054945055,0.899450757800187
10,99,"D1",6,0.410450126796281,0.921179783607529
10,99,"D1",7,0.384327744904668,0.936356745469887
10,99,"D1",8,0.36416557089634,0.947539114009765
10,99,"D1",9,0.348187869822485,0.956125173957197
10,99,"D1",10,0.335305719921105,0.963002301292264
10,99,"D3",1,1,NA
10,99,"D3",2,0.583919926341739,0.583919926341739
10,99,"D3",3,0.459101844426624,0.786241098677518
10,99,"D3",4,0.400236758697063,0.871782075275525
10,99,"D3",5,0.364557477628849,0.910854562223706
10,99,"D3",6,0.339595982739527,0.931529329608939
10,99,"D3",7,0.320591642163414,0.94403838224821
10,99,"D3",8,0.305206569841694,0.95201037613489
10,99,"D3",9,0.292167869553595,0.957279096924873
10,99,"D3",10,0.280673616680032,0.960658737419945
10,99,"D5",1,1,NA
10,99,"D5",2,0.547208759648178,0.547208759648178
10,99,"D5",3,0.403809908454496,0.737944890929966
10,99,"D5",4,0.33267943687976,0.823851594313338
10,99,"D5",5,0.289012616355104,0.868742051104174
10,99,"D5",6,0.258577582890992,0.89469306271835
10,99,"D5",7,0.235763327948304,0.911770174786166
10,99,"D5",8,0.218093699515347,0.925053533190578
10,99,"D5",9,0.204361873990307,0.937037037037037
10,99,"D5",10,0.193861066235864,0.948616600790514
10,99,"D6",1,1,NA
10,99,"D6",2,0.41585445094217,0.41585445094217
10,99,"D6",3,0.250575934786461,0.602556818181818
10,99,"D6",4,0.178679020784284,0.713073348151142
10,99,"D6",5,0.140186324396851,0.78457069991499
10,99,"D6",6,0.11673122199438,0.832686230248307
10,99,"D6",7,0.100744284954811,0.863044892648016
10,99,"D6",8,0.0884872112942288,0.878334799179126
10,99,"D6",9,0.0781499202551834,0.883177570093458
10,99,"D6",10,0.0691121743753323,0.884353741496599
10,99,"D7",1,1,NA
10,99,"D7",2,0.328770248688113,0.328770248688113
10,99,"D7",3,0.196098562628337,0.59646079111728
10,99,"D7",4,0.144714970176982,0.737970580902518
10,99,"D7",5,0.116521625761872,0.80518018018018
10,99,"D7",6,0.0989537498777745,0.849230769230769
10,99,"D7",7,0.0874401095140315,0.883646245059289
10,99,"D7",8,0.0798539812913529,0.91324200913242
10,99,"D7",9,0.0749486652977413,0.938571428571429
10,99,"D7",10,0.0718685831622177,0.958904109589041
10,100,"D0",1,1,NA
10,100,"D0",2,0.832652739145016,0.832652739145016
10,100,"D0",3,0.746029867234815,0.895967589082638
10,100,"D0",4,0.693135157833033,0.929098402456945
10,100,"D0",5,0.656637178948832,0.94734363352985
10,100,"D0",6,0.629201577062144,0.958218019377752
10,100,"D0",7,0.607321812550551,0.965226144833023
10,100,"D0",8,0.589164414458845,0.970102509548519
10,100,"D0",9,0.573711309699947,0.97377115049779
10,100,"D0",10,0.560454518553589,0.976892923457809
10,100,"D1",1,1,NA
10,100,"D1",2,0.693548726362508,0.693548726362508
10,100,"D1",3,0.554368860562462,0.799322152129079
10,100,"D1",4,0.475264959268241,0.857308180668802
10,100,"D1",5,0.424463195176895,0.893108542717804
10,100,"D1",6,0.389233954451346,0.917002837640923
10,100,"D1",7,0.363370564354978,0.933553098848161
10,100,"D1",8,0.343464939035078,0.945219488663772
10,100,"D1",9,0.32750678361835,0.9535377454783
10,100,"D1",10,0.314255064049978,0.959537572254335
10,100,"D3",1,1,NA
10,100,"D3",2,0.59800853485064,0.59800853485064
10,100,"D3",3,0.477145566619251,0.797890897557881
10,100,"D3",4,0.420822326085484,0.881957950625346
10,100,"D3",5,0.388629230734494,0.923499554668469
10,100,"D3",6,0.367973989026621,0.946851034162212
10,100,"D3",7,0.353793266951162,0.961462705249982
10,100,"D3",8,0.343606764659396,0.971207755366436
10,100,"D3",9,0.335988620199146,0.977828886844526
10,100,"D3",10,0.330014224751067,0.982218458933108
10,100,"D5",1,1,NA
10,100,"D5",2,0.557620491191072,0.557620491191072
10,100,"D5",3,0.415809938051931,0.745686259060826
10,100,"D5",4,0.34721045397202,0.835022018951015
10,100,"D5",5,0.306100033264921,0.881597975415763
10,100,"D5",6,0.277636558775349,0.907012507689153
10,100,"D5",7,0.256063002504284,0.922295693455409
10,100,"D5",8,0.23891744650938,0.933041650581221
10,100,"D5",9,0.22499011466983,0.94170650974623
10,100,"D5",10,0.213523131672598,0.949033391915642
10,100,"D6",1,1,NA
10,100,"D6",2,0.430577404882596,0.430577404882596
10,100,"D6",3,0.268571927984618,0.623748308525034
10,100,"D6",4,0.197717681723974,0.736181488540746
10,100,"D6",5,0.159354425217037,0.805969520922792
10,100,"D6",6,0.135116238419857,0.847897623400366
10,100,"D6",7,0.117855270057682,0.872250970245796
10,100,"D6",8,0.104410650818621,0.885922630082808
10,100,"D6",9,0.0933403251179864,0.893973214285714
10,100,"D6",10,0.0839014158363922,0.898876404494382
10,100,"D7",1,1,NA
10,100,"D7",2,0.391236306729264,0.391236306729264
10,100,"D7",3,0.252071251035625,0.644294117647059
10,100,"D7",4,0.192054286503334,0.761904761904762
10,100,"D7",5,0.15915755973751,0.828711311969323
10,100,"D7",6,0.13903025999132,0.87353852509812
10,100,"D7",7,0.126139188069594,0.90727866061294
10,100,"D7",8,0.117647058823529,0.932676518883415
10,100,"D7",9,0.111847555923778,0.950704225352113
10,100,"D7",10,0.107705053852527,0.962962962962963
