"Common_n","Iteration","Group","Order","Zeta","Ratio"
12,1,"D0",1,1,NA
12,1,"D0",2,0.831650328331255,0.831650328331255
12,1,"D0",3,0.744006222424868,0.894614235189147
12,1,"D0",4,0.690022812577762,0.927442260266099
12,1,"D0",5,0.652608844008756,0.945778649796756
12,1,"D0",6,0.62466082867322,0.957174936269848
12,1,"D0",7,0.602657344949718,0.964775310514929
12,1,"D0",8,0.584601584513076,0.970039757105841
12,1,"D0",9,0.569279459292736,0.973790482909652
12,1,"D0",10,0.555932536755667,0.976554709081458
12,1,"D0",11,0.544082214682598,0.978683884663011
12,1,"D0",12,0.533412007670748,0.980388612742883
12,1,"D1",1,1,NA
12,1,"D1",2,0.681060321761549,0.681060321761549
12,1,"D1",3,0.536409936495714,0.787610024187431
12,1,"D1",4,0.454074005481286,0.846505581995151
12,1,"D1",5,0.400928277033997,0.882958002867929
12,1,"D1",6,0.363843843927477,0.907503573005962
12,1,"D1",7,0.336537789842888,0.924951171937291
12,1,"D1",8,0.31561419155908,0.937826898151389
12,1,"D1",9,0.299068636290531,0.947576643538059
12,1,"D1",10,0.285637699029647,0.95509078642457
12,1,"D1",11,0.274486677746207,0.960960960960961
12,1,"D1",12,0.265051198198681,0.965625
12,1,"D3",1,1,NA
12,1,"D3",2,0.590753814620815,0.590753814620815
12,1,"D3",3,0.468623838015776,0.793264176070653
12,1,"D3",4,0.411166090419108,0.877390471982917
12,1,"D3",5,0.376952168002043,0.916788073690147
12,1,"D3",6,0.35379628342507,0.938570761644094
12,1,"D3",7,0.33691158913204,0.952275659513519
12,1,"D3",8,0.323985010662305,0.961632134700273
12,1,"D3",9,0.313720212832032,0.968317059455038
12,1,"D3",10,0.30533529326515,0.97327261928331
12,1,"D3",11,0.298337508540196,0.977081638188229
12,1,"D3",12,0.292416306080619,0.980152671755725
12,1,"D5",1,1,NA
12,1,"D5",2,0.543620314112117,0.543620314112117
12,1,"D5",3,0.395678092399404,0.727857444116407
12,1,"D5",4,0.323741831938553,0.818194987686513
12,1,"D5",5,0.281224922618365,0.868670325779037
12,1,"D5",6,0.252689933017802,0.898533212010919
12,1,"D5",7,0.2317675493905,0.91720135670847
12,1,"D5",8,0.215468684321143,0.929675810473815
12,1,"D5",9,0.202241201421529,0.9386106480332
12,1,"D5",10,0.191218617448126,0.945497831817022
12,1,"D5",11,0.181904161412358,0.95128896882494
12,1,"D5",12,0.174022698612863,0.956672443674177
12,1,"D6",1,1,NA
12,1,"D6",2,0.462585513787996,0.462585513787996
12,1,"D6",3,0.305839621976162,0.661152614727855
12,1,"D6",4,0.235559630439382,0.770206387639802
12,1,"D6",5,0.197087241695465,0.836676646706587
12,1,"D6",6,0.173274359465205,0.879175932316029
12,1,"D6",7,0.157227825187484,0.907392332441757
12,1,"D6",8,0.14574605637445,0.926973684210526
12,1,"D6",9,0.137167642287891,0.941141363958965
12,1,"D6",10,0.130545172438113,0.951719882770322
12,1,"D6",11,0.125290923196276,0.959751485683414
12,1,"D6",12,0.121024049650892,0.96594427244582
12,1,"D7",1,1,NA
12,1,"D7",2,0.371953888807821,0.371953888807821
12,1,"D7",3,0.222953451043339,0.599411533934876
12,1,"D7",4,0.157186633591128,0.7050199620394
12,1,"D7",5,0.120640595359696,0.767499071667286
12,1,"D7",6,0.0976944403910696,0.8097973994557
12,1,"D7",7,0.0820686803832871,0.840054767239233
12,1,"D7",8,0.0708011090033562,0.862705586012742
12,1,"D7",9,0.0623814387859332,0.881079967023908
12,1,"D7",10,0.0560338537866628,0.898245614035088
12,1,"D7",11,0.0513643659711075,0.916666666666667
12,1,"D7",12,0.0481540930979133,0.9375
12,2,"D0",1,1,NA
12,2,"D0",2,0.832184360843018,0.832184360843018
12,2,"D0",3,0.74490751517539,0.8951231845078
12,2,"D0",4,0.691039208313189,0.927684570547637
12,2,"D0",5,0.653660894945118,0.945909996251427
12,2,"D0",6,0.625726794379542,0.957265149588119
12,2,"D0",7,0.603706704627524,0.964808779247095
12,2,"D0",8,0.585591586537027,0.969993511830096
12,2,"D0",9,0.570159543037227,0.973647088082225
12,2,"D0",10,0.556645835944634,0.976298376028918
12,2,"D0",11,0.544563718731534,0.978294785601698
12,2,"D0",12,0.533582824502659,0.979835428158061
12,2,"D1",1,1,NA
12,2,"D1",2,0.681184089341942,0.681184089341942
12,2,"D1",3,0.535799945029245,0.786571432616482
12,2,"D1",4,0.45332677541875,0.846074695647844
12,2,"D1",5,0.400363096300082,0.88316666477566
12,2,"D1",6,0.363530968580563,0.908003189954568
12,2,"D1",7,0.336412177790208,0.925401704024715
12,2,"D1",8,0.315560420413759,0.938017233759439
12,2,"D1",9,0.298965681854347,0.947411850517711
12,2,"D1",10,0.285375368279946,0.954542228759814
12,2,"D1",11,0.273961703707633,0.960004731168261
12,2,"D1",12,0.264148941812974,0.964181994191675
12,2,"D3",1,1,NA
12,2,"D3",2,0.592801009022994,0.592801009022994
12,2,"D3",3,0.465854273794509,0.785852700490998
12,2,"D3",4,0.403800653277708,0.866796069055335
12,2,"D3",5,0.366576113321044,0.907814562323001
12,2,"D3",6,0.341448945931337,0.931454433399753
12,2,"D3",7,0.323149315998836,0.946405955705657
12,2,"D3",8,0.30910772614081,0.956547672661403
12,2,"D3",9,0.29791015814495,0.963774545089308
12,2,"D3",10,0.28869700203745,0.969074045125319
12,2,"D3",11,0.280896478121665,0.972980239279473
12,2,"D3",12,0.274066168623266,0.975683890577508
12,2,"D5",1,1,NA
12,2,"D5",2,0.552851989973712,0.552851989973712
12,2,"D5",3,0.409677813780033,0.741026208116775
12,2,"D5",4,0.338309796009863,0.825794770012884
12,2,"D5",5,0.294583358806627,0.870750307206708
12,2,"D5",6,0.264657333251819,0.8984123689945
12,2,"D5",7,0.24289295103014,0.917763917763918
12,2,"D5",8,0.226504452731756,0.932527896635624
12,2,"D5",9,0.213871736871064,0.944227516464534
12,2,"D5",10,0.203949379470563,0.953606037218077
12,2,"D5",11,0.196032279757902,0.961181055155875
12,2,"D5",12,0.189643577673167,0.967409948542024
12,2,"D6",1,1,NA
12,2,"D6",2,0.459452582603322,0.459452582603322
12,2,"D6",3,0.303871178801207,0.661376582278481
12,2,"D6",4,0.234291737850314,0.771023230220819
12,2,"D6",5,0.195237056692475,0.833307475900873
12,2,"D6",6,0.170383794534134,0.87270212643347
12,2,"D6",7,0.153169035416137,0.898964809622496
12,2,"D6",8,0.140443216652733,0.916916505161571
12,2,"D6",9,0.130551415797317,0.929567257919801
12,2,"D6",10,0.122569154156519,0.938857333778817
12,2,"D6",11,0.115953618552579,0.946026097271649
12,2,"D6",12,0.110355857656937,0.951724137931034
12,2,"D7",1,1,NA
12,2,"D7",2,0.404273448253261,0.404273448253261
12,2,"D7",3,0.25990692796749,0.642898832684825
12,2,"D7",4,0.195634790587927,0.752710949715035
12,2,"D7",5,0.158145987634091,0.808373537032074
12,2,"D7",6,0.133549939606176,0.844472513050257
12,2,"D7",7,0.116427432216906,0.871789478604314
12,2,"D7",8,0.104030936619257,0.893525989866767
12,2,"D7",9,0.0947761683161827,0.911038306451613
12,2,"D7",10,0.0876974503506587,0.925311203319502
12,2,"D7",11,0.0821917808219178,0.937219730941704
12,2,"D7",12,0.0778658976207642,0.947368421052632
12,3,"D0",1,1,NA
12,3,"D0",2,0.832406785730272,0.832406785730272
12,3,"D0",3,0.7453578622264,0.895425019358169
12,3,"D0",4,0.691824597526222,0.928177768809908
12,3,"D0",5,0.654898318487683,0.94662479598069
12,3,"D0",6,0.627505483192337,0.958172384136513
12,3,"D0",7,0.606096414663623,0.96588226063014
12,3,"D0",8,0.588643301553198,0.971204064752452
12,3,"D0",9,0.573906270981603,0.974964413027873
12,3,"D0",10,0.56110290497292,0.977690841421222
12,3,"D0",11,0.549729197439685,0.97972972972973
12,3,"D0",12,0.53943870014771,0.98128078817734
12,3,"D1",1,1,NA
12,3,"D1",2,0.688194245292037,0.688194245292037
12,3,"D1",3,0.545176369371953,0.792183853761529
12,3,"D1",4,0.46274479813912,0.848798341483886
12,3,"D1",5,0.408894943122072,0.883629475180274
12,3,"D1",6,0.370894615374111,0.907065791868653
12,3,"D1",7,0.342611445687155,0.923743380155501
12,3,"D1",8,0.320703565624701,0.936056193281824
12,3,"D1",9,0.303180384284485,0.945360191720717
12,3,"D1",10,0.28877736354077,0.952493559971875
12,3,"D1",11,0.276656151419558,0.958025753914396
12,3,"D1",12,0.266246056782334,0.962371721778791
12,3,"D3",1,1,NA
12,3,"D3",2,0.588165985492838,0.588165985492838
12,3,"D3",3,0.457649397989617,0.77809565544009
12,3,"D3",4,0.394314960050075,0.861609261985792
12,3,"D3",5,0.35614038317562,0.903187601937275
12,3,"D3",6,0.330001104606208,0.926604002791443
12,3,"D3",7,0.310606060606061,0.941227336122734
12,3,"D3",8,0.295381518710802,0.950984401703069
12,3,"D3",9,0.282922788026069,0.957821563315439
12,3,"D3",10,0.272395890864907,0.962792332018897
12,3,"D3",11,0.263264479546375,0.966477426331441
12,3,"D3",12,0.255164034021871,0.969230769230769
12,3,"D5",1,1,NA
12,3,"D5",2,0.562197928653625,0.562197928653625
12,3,"D5",3,0.414252013808976,0.736843721215843
12,3,"D5",4,0.341288837744534,0.823867661152548
12,3,"D5",5,0.29825469888761,0.87390698406276
12,3,"D5",6,0.269838073319086,0.904723628246231
12,3,"D5",7,0.249649980820867,0.925184418010773
12,3,"D5",8,0.234622171077867,0.93980448268577
12,3,"D5",9,0.223101265822785,0.950895922571363
12,3,"D5",10,0.21409666283084,0.959638942617666
12,3,"D5",11,0.206962025316456,0.966675624832034
12,3,"D5",12,0.20126582278481,0.972477064220183
12,3,"D6",1,1,NA
12,3,"D6",2,0.43592552026287,0.43592552026287
12,3,"D6",3,0.280409411942441,0.643250736440825
12,3,"D6",4,0.212219410557591,0.756819855252052
12,3,"D6",5,0.174100791882263,0.820381092496796
12,3,"D6",6,0.149709451329726,0.859901036124914
12,3,"D6",7,0.132788206116,0.886972765824534
12,3,"D6",8,0.120466820259093,0.907210239393221
12,3,"D6",9,0.111243720965366,0.923438675696012
12,3,"D6",10,0.104241417078974,0.937054389896109
12,3,"D6",11,0.0988782717075197,0.948550724637681
12,3,"D6",12,0.0947237224761113,0.957983193277311
12,3,"D7",1,1,NA
12,3,"D7",2,0.393166564978645,0.393166564978645
12,3,"D7",3,0.263502135448444,0.670204841713222
12,3,"D7",4,0.208387227984543,0.790836960884196
12,3,"D7",5,0.176428716697173,0.84663881948782
12,3,"D7",6,0.154362416107383,0.87492795389049
12,3,"D7",7,0.137482204596299,0.89064558629776
12,3,"D7",8,0.123880414887126,0.901065088757396
12,3,"D7",9,0.112641854789506,0.909278959810875
12,3,"D7",10,0.103233679072605,0.916477088072798
12,3,"D7",11,0.0953020134228188,0.923167848699764
12,3,"D7",12,0.0885906040268456,0.929577464788732
12,4,"D0",1,1,NA
12,4,"D0",2,0.830352094346566,0.830352094346566
12,4,"D0",3,0.742779956739874,0.894536139304128
12,4,"D0",4,0.689231339956979,0.927907832868937
12,4,"D0",5,0.652367040929584,0.946513896147415
12,4,"D0",6,0.625017789989653,0.958076896556638
12,4,"D0",7,0.603626102071161,0.965774273530924
12,4,"D0",8,0.586174111536931,0.971088078407563
12,4,"D0",9,0.571442931636435,0.974868934655147
12,4,"D0",10,0.558674911819349,0.977656526819707
12,4,"D0",11,0.547388685951229,0.979798223207544
12,4,"D0",12,0.53726922697206,0.981513211290468
12,4,"D1",1,1,NA
12,4,"D1",2,0.699915890177946,0.699915890177946
12,4,"D1",3,0.561970143362607,0.802910965801523
12,4,"D1",4,0.482560447082078,0.858694101068479
12,4,"D1",5,0.430867051660973,0.89287684945237
12,4,"D1",6,0.394554275000856,0.915721621042655
12,4,"D1",7,0.367650767247604,0.931812910268952
12,4,"D1",8,0.346895846353127,0.943547184601686
12,4,"D1",9,0.330359886663189,0.952331629612238
12,4,"D1",10,0.316835591141685,0.959061931949103
12,4,"D1",11,0.305525404455471,0.964302663581895
12,4,"D1",12,0.295859823228407,0.96836406699374
12,4,"D3",1,1,NA
12,4,"D3",2,0.590175799478125,0.590175799478125
12,4,"D3",3,0.463870635963659,0.785987220034855
12,4,"D3",4,0.402841742376626,0.868435531686006
12,4,"D3",5,0.365826714663924,0.908115212951055
12,4,"D3",6,0.340195526242038,0.929936258358188
12,4,"D3",7,0.320956262816728,0.943446453756062
12,4,"D3",8,0.305745068535766,0.952606644445983
12,4,"D3",9,0.293297525855665,0.959287838264365
12,4,"D3",10,0.282879073576748,0.964478212870966
12,4,"D3",11,0.274041483343809,0.968758416374899
12,4,"D3",12,0.266499057196732,0.972477064220184
12,4,"D5",1,1,NA
12,4,"D5",2,0.54437157812406,0.54437157812406
12,4,"D5",3,0.398874917273329,0.732725464190982
12,4,"D5",4,0.326727232617372,0.819122031665586
12,4,"D5",5,0.282734693058982,0.865353924721943
12,4,"D5",6,0.25252477502643,0.893151004195124
12,4,"D5",7,0.230346148446744,0.912172472671783
12,4,"D5",8,0.213416761927682,0.92650458176436
12,4,"D5",9,0.20018651104025,0.938007442489851
12,4,"D5",10,0.189699777390049,0.947615183482103
12,4,"D5",11,0.181336863004633,0.955915001585791
12,4,"D5",12,0.174718729318332,0.963503649635036
12,4,"D6",1,1,NA
12,4,"D6",2,0.434730494063003,0.434730494063003
12,4,"D6",3,0.276413080121362,0.635826296743064
12,4,"D6",4,0.206205441310509,0.74600464355729
12,4,"D6",5,0.166891411019965,0.809345330362333
12,4,"D6",6,0.141567538353694,0.848261378392677
12,4,"D6",7,0.123628123010076,0.873280163289991
12,4,"D6",8,0.109994880823064,0.88972377922537
12,4,"D6",9,0.0990223620631532,0.900245187068652
12,4,"D6",10,0.0897479117503839,0.906339839612649
12,4,"D6",11,0.0815822002472188,0.909015025041736
12,4,"D6",12,0.0741656365883807,0.909090909090909
12,4,"D7",1,1,NA
12,4,"D7",2,0.372143219908583,0.372143219908583
12,4,"D7",3,0.225495175215846,0.605936540429887
12,4,"D7",4,0.164465887929575,0.729354354354354
12,4,"D7",5,0.131782207550364,0.801273803396809
12,4,"D7",6,0.111124210984546,0.84324138326547
12,4,"D7",7,0.0961782630777044,0.865502325960989
12,4,"D7",8,0.0842221093617742,0.875687568756876
12,4,"D7",9,0.0740477399695277,0.879195979899497
12,4,"D7",10,0.0651345860843068,0.87962962962963
12,4,"D7",11,0.0572625698324022,0.879142300194932
12,4,"D7",12,0.0502793296089385,0.878048780487805
12,5,"D0",1,1,NA
12,5,"D0",2,0.830194612661503,0.830194612661503
12,5,"D0",3,0.742269402864382,0.894090845139017
12,5,"D0",4,0.688195654908444,0.927150778750586
12,5,"D0",5,0.650779888228,0.945632079462313
12,5,"D0",6,0.622913259896854,0.957179641173263
12,5,"D0",7,0.601047038880603,0.964896844514321
12,5,"D0",8,0.583152737096204,0.97022811755678
12,5,"D0",9,0.567996729500979,0.974010226427653
12,5,"D0",10,0.5548078132581,0.976779943337937
12,5,"D0",11,0.543091520063254,0.978882249105249
12,5,"D0",12,0.532516307570666,0.980527752502275
12,5,"D1",1,1,NA
12,5,"D1",2,0.699915890177946,0.699915890177946
12,5,"D1",3,0.561970143362607,0.802910965801523
12,5,"D1",4,0.482560447082078,0.858694101068479
12,5,"D1",5,0.430867051660973,0.89287684945237
12,5,"D1",6,0.394554275000856,0.915721621042655
12,5,"D1",7,0.367650767247604,0.931812910268952
12,5,"D1",8,0.346895846353127,0.943547184601686
12,5,"D1",9,0.330359886663189,0.952331629612238
12,5,"D1",10,0.316835591141685,0.959061931949103
12,5,"D1",11,0.305525404455471,0.964302663581895
12,5,"D1",12,0.295859823228407,0.96836406699374
12,5,"D3",1,1,NA
12,5,"D3",2,0.582091821222256,0.582091821222256
12,5,"D3",3,0.450182426269383,0.773387307390964
12,5,"D3",4,0.387559541907368,0.860894426997152
12,5,"D3",5,0.351043883652579,0.905780520652188
12,5,"D3",6,0.326790057768319,0.930909418982317
12,5,"D3",7,0.30922519509476,0.946250314977419
12,5,"D3",8,0.295687645687646,0.956221066000246
12,5,"D3",9,0.2847560048647,0.963029768127367
12,5,"D3",10,0.275615688659167,0.967901234567901
12,5,"D3",11,0.267767558528428,0.971525096525097
12,5,"D3",12,0.260869565217391,0.97423887587822
12,5,"D5",1,1,NA
12,5,"D5",2,0.555718012671655,0.555718012671655
12,5,"D5",3,0.404111120667412,0.727187371027652
12,5,"D5",4,0.328560916640387,0.813045966410799
12,5,"D5",5,0.283048077750065,0.861478232542988
12,5,"D5",6,0.25202013376091,0.890379244982709
12,5,"D5",7,0.228988083292719,0.908610275994691
12,5,"D5",8,0.210857869136015,0.920824639011769
12,5,"D5",9,0.195992087382816,0.929498567854683
12,5,"D5",10,0.183423640377283,0.93587268152829
12,5,"D5",11,0.172500788394828,0.940450140668959
12,5,"D5",12,0.162724692526017,0.943327239488117
12,5,"D6",1,1,NA
12,5,"D6",2,0.443748650399482,0.443748650399482
12,5,"D6",3,0.28168862016843,0.634793187347932
12,5,"D6",4,0.211185489095228,0.749712533537754
12,5,"D6",5,0.173498644401257,0.821546239491025
12,5,"D6",6,0.150070436293714,0.864966045190764
12,5,"D6",7,0.133598454857362,0.890238331791657
12,5,"D6",8,0.120857026320209,0.904628922911148
12,5,"D6",9,0.11032174476355,0.912828555546732
12,5,"D6",10,0.101202044194918,0.917335421152215
12,5,"D6",11,0.0930324623911322,0.91927453769559
12,5,"D6",12,0.0855106888361045,0.919148936170213
12,5,"D7",1,1,NA
12,5,"D7",2,0.382761139517896,0.382761139517896
12,5,"D7",3,0.242326847732253,0.633102012491325
12,5,"D7",4,0.181313500232419,0.748218787679491
12,5,"D7",5,0.146213781348916,0.806414200605528
12,5,"D7",6,0.122736284898447,0.839430344842501
12,5,"D7",7,0.105319078292051,0.85809244087185
12,5,"D7",8,0.0914093454633995,0.867927700714586
12,5,"D7",9,0.0797264094561392,0.872191011235955
12,5,"D7",10,0.0695929344577993,0.872896884890888
12,5,"D7",11,0.0606281957633309,0.87118320610687
12,5,"D7",12,0.0525931336742148,0.867469879518072
12,6,"D0",1,1,NA
12,6,"D0",2,0.829413638831675,0.829413638831675
12,6,"D0",3,0.741790180795068,0.894354934698162
12,6,"D0",4,0.688631315374985,0.928337059728796
12,6,"D0",5,0.652267529433234,0.947194115152968
12,6,"D0",6,0.625460032834533,0.958901071433076
12,6,"D0",7,0.604625404047883,0.966689112504552
12,6,"D0",8,0.587675660798717,0.971966538065239
12,6,"D0",9,0.573323640671486,0.975578331578808
12,6,"D0",10,0.560792285359144,0.978142615403641
12,6,"D0",11,0.549632262204452,0.980099542297475
12,6,"D0",12,0.539612024285503,0.981769196228109
12,6,"D1",1,1,NA
12,6,"D1",2,0.681060321761549,0.681060321761549
12,6,"D1",3,0.536409936495714,0.787610024187431
12,6,"D1",4,0.454074005481286,0.846505581995151
12,6,"D1",5,0.400928277033997,0.882958002867929
12,6,"D1",6,0.363843843927477,0.907503573005962
12,6,"D1",7,0.336537789842888,0.924951171937291
12,6,"D1",8,0.31561419155908,0.937826898151389
12,6,"D1",9,0.299068636290531,0.947576643538059
12,6,"D1",10,0.285637699029647,0.95509078642457
12,6,"D1",11,0.274486677746207,0.960960960960961
12,6,"D1",12,0.265051198198681,0.965625
12,6,"D3",1,1,NA
12,6,"D3",2,0.590217581861036,0.590217581861036
12,6,"D3",3,0.465535578627501,0.788752475247525
12,6,"D3",4,0.404277616533884,0.868414005489724
12,6,"D3",5,0.366749777613287,0.907173097431549
12,6,"D3",6,0.34090700385965,0.929535679825587
12,6,"D3",7,0.321886099044873,0.944205004299039
12,6,"D3",8,0.307276752959204,0.954613305361682
12,6,"D3",9,0.295716539727682,0.962378497168456
12,6,"D3",10,0.286382141535345,0.968434642847733
12,6,"D3",11,0.278765802442683,0.973404978914434
12,6,"D3",12,0.272551960574245,0.977709454265949
12,6,"D5",1,1,NA
12,6,"D5",2,0.54930537041974,0.54930537041974
12,6,"D5",3,0.400977517106549,0.729971958584987
12,6,"D5",4,0.327260878580527,0.816157676225935
12,6,"D5",5,0.282028496104742,0.861784938450398
12,6,"D5",6,0.250430573011218,0.887961948774889
12,6,"D5",7,0.226487751414438,0.904393376140588
12,6,"D5",8,0.207360012638605,0.915546255122504
12,6,"D5",9,0.191522260730472,0.923621957258771
12,6,"D5",10,0.178085843774993,0.929844097995546
12,6,"D5",11,0.166503747148908,0.934963406520293
12,6,"D5",12,0.156402737047898,0.939334637964775
12,6,"D6",1,1,NA
12,6,"D6",2,0.443181818181818,0.443181818181818
12,6,"D6",3,0.280583985550873,0.633112582781457
12,6,"D6",4,0.209452137266707,0.746486428494797
12,6,"D6",5,0.170605057194461,0.814530037367059
12,6,"D6",6,0.146023264814656,0.855914046253702
12,6,"D6",7,0.12885686333534,0.882440640530094
12,6,"D6",8,0.116034517359021,0.900491555944907
12,6,"D6",9,0.105952739313666,0.913113974403321
12,6,"D6",10,0.097682119205298,0.921940478727182
12,6,"D6",11,0.0906456953642384,0.927966101694915
12,6,"D6",12,0.0844370860927152,0.931506849315068
12,6,"D7",1,1,NA
12,6,"D7",2,0.298659486038752,0.298659486038752
12,6,"D7",3,0.165287127553708,0.55343002744022
12,6,"D7",4,0.113922222872641,0.68923832459744
12,6,"D7",5,0.0867138871002361,0.761167443135106
12,6,"D7",6,0.0698438715180505,0.805451973768805
12,6,"D7",7,0.0583913832465024,0.836027298850575
12,6,"D7",8,0.0501551249780484,0.858947368421053
12,6,"D7",9,0.0439384183106012,0.876050420168067
12,6,"D7",10,0.038986126558567,0.887290167865707
12,6,"D7",11,0.0347714101738571,0.891891891891892
12,6,"D7",12,0.0309079201545396,0.888888888888889
12,7,"D0",1,1,NA
12,7,"D0",2,0.832993880903675,0.832993880903675
12,7,"D0",3,0.746254011880089,0.89586974044817
12,7,"D0",4,0.692843447523639,0.928428439236274
12,7,"D0",5,0.655809411262659,0.946547757082286
12,7,"D0",6,0.628089523357631,0.957731793065218
12,7,"D0",7,0.606203101476133,0.965153977152018
12,7,"D0",8,0.588197201718301,0.970297249034214
12,7,"D0",9,0.572895133818862,0.973984799902589
12,7,"D0",10,0.559563829739614,0.976729940101981
12,7,"D0",11,0.547737456300162,0.978865014479305
12,7,"D0",12,0.537101777537052,0.980582524271845
12,7,"D1",1,1,NA
12,7,"D1",2,0.685327917811492,0.685327917811492
12,7,"D1",3,0.540161987815076,0.788180334955586
12,7,"D1",4,0.456509377613188,0.84513421512636
12,7,"D1",5,0.402136741926492,0.880894811031095
12,7,"D1",6,0.364020683652747,0.90521617574374
12,7,"D1",7,0.33586508979413,0.922653862478114
12,7,"D1",8,0.314263369569546,0.935683341672022
12,7,"D1",9,0.297203201529089,0.9457137875667
12,7,"D1",10,0.28340700035838,0.953579903918504
12,7,"D1",11,0.272010512483574,0.959787556904401
12,7,"D1",12,0.262391590013141,0.96463768115942
12,7,"D3",1,1,NA
12,7,"D3",2,0.593186372745491,0.593186372745491
12,7,"D3",3,0.464904354162871,0.783740786240786
12,7,"D3",4,0.402293070990466,0.86532437777412
12,7,"D3",5,0.364210238659136,0.905335599647373
12,7,"D3",6,0.337789865445176,0.927458455557898
12,7,"D3",7,0.317881216979413,0.941062031451047
12,7,"D3",8,0.302019797170098,0.950102683134176
12,7,"D3",9,0.288894151940244,0.956540447504303
12,7,"D3",10,0.277755511022044,0.961443868477808
12,7,"D3",11,0.26813627254509,0.965367965367965
12,7,"D3",12,0.259719438877756,0.968609865470852
12,7,"D5",1,1,NA
12,7,"D5",2,0.563592881324347,0.563592881324347
12,7,"D5",3,0.422033108674721,0.748826187589551
12,7,"D5",4,0.350003623526001,0.829327406622413
12,7,"D5",5,0.30467124266236,0.87048025272723
12,7,"D5",6,0.27248767631412,0.894366248461768
12,7,"D5",7,0.247900943152054,0.909769375647936
12,7,"D5",8,0.228220020498804,0.9206097306327
12,7,"D5",9,0.211976271081157,0.928824169842134
12,7,"D5",10,0.198279342795913,0.935384615384615
12,7,"D5",11,0.186539118551418,0.940789473684211
12,7,"D5",12,0.176289716433208,0.945054945054945
12,7,"D6",1,1,NA
12,7,"D6",2,0.450106602355737,0.450106602355737
12,7,"D6",3,0.295082310999266,0.655583165087747
12,7,"D6",4,0.227819137161698,0.772052843120998
12,7,"D6",5,0.191097829506134,0.83881377081373
12,7,"D6",6,0.1680123029604,0.879195244627343
12,7,"D6",7,0.152010299069123,0.904756951667707
12,7,"D6",8,0.140085980916431,0.921555853611803
12,7,"D6",9,0.130711963929957,0.933083832335329
12,7,"D6",10,0.123029603998462,0.941226803572384
12,7,"D6",11,0.116493656286044,0.946875
12,7,"D6",12,0.110726643598616,0.950495049504951
12,7,"D7",1,1,NA
12,7,"D7",2,0.389649507119387,0.389649507119387
12,7,"D7",3,0.244016976998905,0.626247364722417
12,7,"D7",4,0.179116465863454,0.734032804054686
12,7,"D7",5,0.142558871851041,0.795900428047289
12,7,"D7",6,0.11907369738695,0.835259818212999
12,7,"D7",7,0.102443866374589,0.860340013140604
12,7,"D7",8,0.0896495071193866,0.875108586702305
12,7,"D7",9,0.0791073384446878,0.882406841783751
12,7,"D7",10,0.0699616648411829,0.884389061959155
12,7,"D7",11,0.0617469879518072,0.882583170254403
12,7,"D7",12,0.0542168674698795,0.878048780487805
12,8,"D0",1,1,NA
12,8,"D0",2,0.833114934457976,0.833114934457976
12,8,"D0",3,0.746551161240983,0.896096241182723
12,8,"D0",4,0.693429697178406,0.928844174625254
12,8,"D0",5,0.656768650742183,0.947130838806879
12,8,"D0",6,0.629462828213259,0.958423986135654
12,8,"D0",7,0.608006815833844,0.965913773748455
12,8,"D0",8,0.590426526295076,0.971085374240981
12,8,"D0",9,0.57553008314065,0.974770030662578
12,8,"D0",10,0.562574632038891,0.977489532725967
12,8,"D0",11,0.551089683671963,0.979585022656809
12,8,"D0",12,0.54075859694003,0.981253347616497
12,8,"D1",1,1,NA
12,8,"D1",2,0.683094132545378,0.683094132545378
12,8,"D1",3,0.537960013814805,0.787534233108155
12,8,"D1",4,0.455072463768116,0.845922470224296
12,8,"D1",5,0.401562320119728,0.882414015549721
12,8,"D1",6,0.364272283225428,0.907137609716016
12,8,"D1",7,0.336858187190606,0.924742844028413
12,8,"D1",8,0.315897258784553,0.93777521460628
12,8,"D1",9,0.299386968034077,0.947735251600468
12,8,"D1",10,0.286071990483134,0.955525861267861
12,8,"D1",11,0.275116082735331,0.961702270364533
12,8,"D1",12,0.265934993668214,0.96662830840046
12,8,"D3",1,1,NA
12,8,"D3",2,0.589728046154811,0.589728046154811
12,8,"D3",3,0.467267292376513,0.79234368353892
12,8,"D3",4,0.409752154796993,0.876911698041181
12,8,"D3",5,0.375596619215842,0.916643426565816
12,8,"D3",6,0.352246971239843,0.937833178518093
12,8,"D3",7,0.334827929792289,0.950548782900128
12,8,"D3",8,0.321037925820634,0.958814654499672
12,8,"D3",9,0.30965112146993,0.964531279843037
12,8,"D3",10,0.299964464140137,0.968717512522446
12,8,"D3",11,0.291561278454817,0.97198606271777
12,8,"D3",12,0.284203265118418,0.974763406940063
12,8,"D5",1,1,NA
12,8,"D5",2,0.542816023027105,0.542816023027105
12,8,"D5",3,0.394213240585272,0.726237295625276
12,8,"D5",4,0.319716958503238,0.811025418701228
12,8,"D5",5,0.274041536739426,0.85713794483207
12,8,"D5",6,0.242517047596203,0.884964558590992
12,8,"D5",7,0.219142280323019,0.903615982856167
12,8,"D5",8,0.201063404493484,0.917501653250633
12,8,"D5",9,0.18673542816023,0.928739014594186
12,8,"D5",10,0.17522187574958,0.938342967244701
12,8,"D5",11,0.16589709762533,0.94678302532512
12,8,"D5",12,0.158311345646438,0.95427435387674
12,8,"D6",1,1,NA
12,8,"D6",2,0.439877894423349,0.439877894423349
12,8,"D6",3,0.284252847889212,0.646208530805687
12,8,"D6",4,0.216176507085598,0.760507796811427
12,8,"D6",5,0.178579405852133,0.826081465833946
12,8,"D6",6,0.154397608943063,0.864587986539206
12,8,"D6",7,0.13716402352766,0.888381785615872
12,8,"D6",8,0.123922269376815,0.903460442393812
12,8,"D6",9,0.113133794951977,0.912941600576784
12,8,"D6",10,0.103938649393195,0.918723264231655
12,8,"D6",11,0.0958230958230958,0.921919770773639
12,8,"D6",12,0.0884520884520884,0.923076923076923
12,8,"D7",1,1,NA
12,8,"D7",2,0.355963064117571,0.355963064117571
12,8,"D7",3,0.207023019898556,0.581585677749361
12,8,"D7",4,0.143945896735596,0.695313481593165
12,8,"D7",5,0.110124853687085,0.765043368268883
12,8,"D7",6,0.089227653605336,0.810240836813025
12,8,"D7",7,0.0750639441626566,0.841263230956099
12,8,"D7",8,0.0648198725451944,0.863528732313023
12,8,"D7",9,0.0570815450643777,0.88061797752809
12,8,"D7",10,0.0511119781506048,0.89542036910458
12,8,"D7",11,0.0464949928469242,0.909669211195929
12,8,"D7",12,0.0429184549356223,0.923076923076923
12,9,"D0",1,1,NA
12,9,"D0",2,0.828755150736269,0.828755150736269
12,9,"D0",3,0.740711149855532,0.893763555131431
12,9,"D0",4,0.687177044529622,0.927726070633133
12,9,"D0",5,0.650436698555921,0.946534381108656
12,9,"D0",6,0.623248878055857,0.958200666474654
12,9,"D0",7,0.602039624159144,0.965969848252478
12,9,"D0",8,0.584734797932366,0.97125633341668
12,9,"D0",9,0.570059449719377,0.974902557082491
12,9,"D0",10,0.557245631142127,0.977521960940111
12,9,"D0",11,0.545845484652266,0.979541972421579
12,9,"D0",12,0.535613662201572,0.981255093724531
12,9,"D1",1,1,NA
12,9,"D1",2,0.682568367567049,0.682568367567049
12,9,"D1",3,0.536659396495937,0.786235375086029
12,9,"D1",4,0.453158849235833,0.844406810343185
12,9,"D1",5,0.399067660522973,0.88063525890739
12,9,"D1",6,0.361209473363441,0.905133412439587
12,9,"D1",7,0.333259033786321,0.922619860113699
12,9,"D1",8,0.311789660379167,0.935577520095316
12,9,"D1",9,0.294787047911224,0.945467683414304
12,9,"D1",10,0.280996093281883,0.953217230108786
12,9,"D1",11,0.269601898233588,0.959450699419993
12,9,"D1",12,0.260058001581861,0.964600039115979
12,9,"D3",1,1,NA
12,9,"D3",2,0.588010306787986,0.588010306787986
12,9,"D3",3,0.461160318866253,0.784272509414584
12,9,"D3",4,0.400515339399308,0.868494801079071
12,9,"D3",5,0.364263762514427,0.909487669213242
12,9,"D3",6,0.339315909953642,0.931511571756204
12,9,"D3",7,0.320416297608503,0.944300836504479
12,9,"D3",8,0.305129237458733,0.952290004397814
12,9,"D3",9,0.292245752476045,0.95777695677416
12,9,"D3",10,0.281141798856591,0.962004739075329
12,9,"D3",11,0.271479185119575,0.965630817700129
12,9,"D3",12,0.263064658990257,0.969004893964111
12,9,"D5",1,1,NA
12,9,"D5",2,0.563042263462839,0.563042263462839
12,9,"D5",3,0.420234698979442,0.746364396155453
12,9,"D5",4,0.348523082654432,0.829353414891334
12,9,"D5",5,0.304402811682009,0.873407894144651
12,9,"D5",6,0.273710437087985,0.899171842650103
12,9,"D5",7,0.250629883434801,0.915675288459079
12,9,"D5",8,0.232314735841103,0.926923528261295
12,9,"D5",9,0.217175965412782,0.934835083217987
12,9,"D5",10,0.204229287373901,0.940386230058774
12,9,"D5",11,0.192817858298285,0.944124423963134
12,9,"D5",12,0.182465221611129,0.946308724832215
12,9,"D6",1,1,NA
12,9,"D6",2,0.426049313005835,0.426049313005835
12,9,"D6",3,0.272998306041784,0.640766919950521
12,9,"D6",4,0.208344312692139,0.763170716012612
12,9,"D6",5,0.17273354664659,0.829077330763672
12,9,"D6",6,0.149896480331263,0.867790207758245
12,9,"D6",7,0.133778781604869,0.892474468441319
12,9,"D6",8,0.12154338415208,0.908540074098391
12,9,"D6",9,0.111688311688312,0.918917244796829
12,9,"D6",10,0.103369094673443,0.92551398719245
12,9,"D6",11,0.0960662525879917,0.929351784413693
12,9,"D6",12,0.0894409937888199,0.931034482758621
12,9,"D7",1,1,NA
12,9,"D7",2,0.379264097031897,0.379264097031897
12,9,"D7",3,0.23808968452971,0.627767527675277
12,9,"D7",4,0.176849962096915,0.74278716629929
12,9,"D7",5,0.14181584932066,0.801899235030335
12,9,"D7",6,0.118107678082021,0.832824248120301
12,9,"D7",7,0.100443174529127,0.850437297221047
12,9,"D7",8,0.0866600579236885,0.862776971456217
12,9,"D7",9,0.0756778820922503,0.873272923021712
12,9,"D7",10,0.0668260539973176,0.883032824780398
12,9,"D7",11,0.0596536241180244,0.892670157068063
12,9,"D7",12,0.053880692751764,0.903225806451613
12,10,"D0",1,1,NA
12,10,"D0",2,0.828612832166107,0.828612832166107
12,10,"D0",3,0.740138990457305,0.893226560977194
12,10,"D0",4,0.686243773170684,0.927182302268226
12,10,"D0",5,0.649236031040305,0.946072017587291
12,10,"D0",6,0.621834563797748,0.957794290623935
12,10,"D0",7,0.600442813367849,0.965598968479249
12,10,"D0",8,0.582978678857867,0.970914574841813
12,10,"D0",9,0.568168583131817,0.974595819258663
12,10,"D0",10,0.555252968913335,0.977267989463111
12,10,"D0",11,0.543799042589942,0.97937169728996
12,10,"D0",12,0.533583378571781,0.981214266267356
12,10,"D1",1,1,NA
12,10,"D1",2,0.685151867922531,0.685151867922531
12,10,"D1",3,0.541598437545099,0.790479400117954
12,10,"D1",4,0.459461799709445,0.848344027342556
12,10,"D1",5,0.406094760709006,0.883848800848759
12,10,"D1",6,0.368585007964837,0.907633004969874
12,10,"D1",7,0.340759964979459,0.924508478684429
12,10,"D1",8,0.319278294640767,0.936959524162449
12,10,"D1",9,0.302150299695013,0.946354026461383
12,10,"D1",10,0.288101675020926,0.953504515175831
12,10,"D1",11,0.276272621441422,0.958941392553014
12,10,"D1",12,0.266059900518573,0.963033901551427
12,10,"D3",1,1,NA
12,10,"D3",2,0.58822332546594,0.58822332546594
12,10,"D3",3,0.462806217953935,0.786786579038395
12,10,"D3",4,0.403163234855267,0.871127524253349
12,10,"D3",5,0.367542931553675,0.911647937554673
12,10,"D3",6,0.343016428513295,0.933269011767683
12,10,"D3",7,0.324411301918016,0.94576024630681
12,10,"D3",8,0.309307940641871,0.953443788219307
12,10,"D3",9,0.296459672824937,0.958461241601909
12,10,"D3",10,0.285179457963701,0.96195025531214
12,10,"D3",11,0.275067144136079,0.964540525114155
12,10,"D3",12,0.265890778871979,0.966639544344996
12,10,"D5",1,1,NA
12,10,"D5",2,0.544301242683736,0.544301242683736
12,10,"D5",3,0.39250929850359,0.721125119186354
12,10,"D5",4,0.317335101730915,0.808477921263853
12,10,"D5",5,0.271588386241098,0.855840985632254
12,10,"D5",6,0.239886976328461,0.88327405913265
12,10,"D5",7,0.21599919268806,0.900420673076923
12,10,"D5",8,0.196922603773222,0.911682128634675
12,10,"D5",9,0.181039702447885,0.91934444791504
12,10,"D5",10,0.167401897183058,0.924669533365185
12,10,"D5",11,0.155407548366635,0.928349982776438
12,10,"D5",12,0.144624167459562,0.930612244897959
12,10,"D6",1,1,NA
12,10,"D6",2,0.439661798616449,0.439661798616449
12,10,"D6",3,0.284550345887779,0.647202797202797
12,10,"D6",4,0.216448885472713,0.760669908157753
12,10,"D6",5,0.178382596138169,0.82413266184573
12,10,"D6",6,0.15363806063268,0.861283914231619
12,10,"D6",7,0.135921086343838,0.884683689602148
12,10,"D6",8,0.122358092842336,0.900214206152001
12,10,"D6",9,0.111459716302145,0.910930480469047
12,10,"D6",10,0.102368807211236,0.91843771550373
12,10,"D6",11,0.0945426594926979,0.923549488054608
12,10,"D6",12,0.0876249039200615,0.926829268292683
12,10,"D7",1,1,NA
12,10,"D7",2,0.339886528565774,0.339886528565774
12,10,"D7",3,0.195619474864758,0.57554347826087
12,10,"D7",4,0.134687953555878,0.688520167273708
12,10,"D7",5,0.10142059198663,0.753004179728318
12,10,"D7",6,0.0809190809190809,0.797856523355222
12,10,"D7",7,0.0674011523068127,0.832945104433574
12,10,"D7",8,0.0581782996877337,0.863164763458401
12,10,"D7",9,0.0518538065707877,0.891291200483822
12,10,"D7",10,0.0476316136693495,0.918575063613231
12,10,"D7",11,0.0449927431059507,0.944598337950139
12,10,"D7",12,0.0435413642960813,0.967741935483871
12,11,"D0",1,1,NA
12,11,"D0",2,0.829515169461868,0.829515169461868
12,11,"D0",3,0.742237596575767,0.894784838060622
12,11,"D0",4,0.689522407970735,0.928978013444445
12,11,"D0",5,0.653611926191139,0.947919775536692
12,11,"D0",6,0.627201196789589,0.959592644590414
12,11,"D0",7,0.606668551071868,0.967263063554693
12,11,"D0",8,0.58991693661519,0.972387534466586
12,11,"D0",9,0.575666944840768,0.975844070766666
12,11,"D0",10,0.563158980985454,0.978272221520773
12,11,"D0",11,0.551969203435001,0.980130339871572
12,11,"D0",12,0.541901095647024,0.981759656652361
12,11,"D1",1,1,NA
12,11,"D1",2,0.681096681096681,0.681096681096681
12,11,"D1",3,0.53503308285917,0.785546454282637
12,11,"D1",4,0.451754364797843,0.844348469787527
12,11,"D1",5,0.398078571991615,0.881183676376326
12,11,"D1",6,0.360693826532336,0.906087018770588
12,11,"D1",7,0.333170050561355,0.923692134585194
12,11,"D1",8,0.312030642465425,0.936550695177096
12,11,"D1",9,0.295243886548234,0.946201578843172
12,11,"D1",10,0.281554194597673,0.953632598084889
12,11,"D1",11,0.270159791898922,0.959530339389784
12,11,"D1",12,0.260551043159739,0.964433090980546
12,11,"D3",1,1,NA
12,11,"D3",2,0.582716814502072,0.582716814502072
12,11,"D3",3,0.453724290196382,0.778636001063547
12,11,"D3",4,0.392180862739022,0.864359416528653
12,11,"D3",5,0.355505416327743,0.906483334869695
12,11,"D3",6,0.330482683060442,0.929613637041658
12,11,"D3",7,0.311929477992537,0.943860280677667
12,11,"D3",8,0.297426760145124,0.95350642093608
12,11,"D3",9,0.28569547197583,0.960557388435492
12,11,"D3",10,0.275980942789635,0.965996908809892
12,11,"D3",11,0.267788666382616,0.970315789473684
12,11,"D3",12,0.26075841499787,0.973747016706444
12,11,"D5",1,1,NA
12,11,"D5",2,0.569277022190408,0.569277022190408
12,11,"D5",3,0.422121689334288,0.74150487878483
12,11,"D5",4,0.347632545931759,0.823536327830007
12,11,"D5",5,0.302185635886423,0.869267390015155
12,11,"D5",6,0.271037938439513,0.896925287810116
12,11,"D5",7,0.247831066571224,0.914377773082611
12,11,"D5",8,0.229497494631353,0.926023915429496
12,11,"D5",9,0.214436649964209,0.934374688092624
12,11,"D5",10,0.201746599856836,0.940821449554025
12,11,"D5",11,0.190866141732283,0.946068691456145
12,11,"D5",12,0.181417322834646,0.95049504950495
12,11,"D6",1,1,NA
12,11,"D6",2,0.450748268930087,0.450748268930087
12,11,"D6",3,0.300469064105428,0.666600594648166
12,11,"D6",4,0.232596232596233,0.774110417286153
12,11,"D6",5,0.194072171344899,0.834373666239863
12,11,"D6",6,0.169474669474669,0.873255904235155
12,11,"D6",7,0.15242101605738,0.899373437516344
12,11,"D6",8,0.139726503362867,0.916714157779044
12,11,"D6",9,0.129685056957784,0.928134991119005
12,11,"D6",10,0.12136103045194,0.935813526237226
12,11,"D6",11,0.114250614250614,0.941411042944785
12,11,"D6",12,0.108108108108108,0.946236559139785
12,11,"D7",1,1,NA
12,11,"D7",2,0.330405504318548,0.330405504318548
12,11,"D7",3,0.194027228809837,0.587239698715109
12,11,"D7",4,0.133996974576685,0.690609124289523
12,11,"D7",5,0.100119553018104,0.747177713037145
12,11,"D7",6,0.0789781876738399,0.788838796149628
12,11,"D7",7,0.0651441955789782,0.82483781278962
12,11,"D7",8,0.0557849021617138,0.856329588014981
12,11,"D7",9,0.0492314448836188,0.882522743177047
12,11,"D7",10,0.0445030010247402,0.903954802259887
12,11,"D7",11,0.0410628019323672,0.922697368421053
12,11,"D7",12,0.0386473429951691,0.941176470588235
12,12,"D0",1,1,NA
12,12,"D0",2,0.83009144329573,0.83009144329573
12,12,"D0",3,0.742390274778799,0.894347581552306
12,12,"D0",4,0.68880160051954,0.92781603412676
12,12,"D0",5,0.65195059578053,0.946499827074712
12,12,"D0",6,0.624622032453744,0.958081849294014
12,12,"D0",7,0.603250419358266,0.965784727427044
12,12,"D0",8,0.585832050194304,0.971125806787683
12,12,"D0",9,0.571166407046117,0.974966130406619
12,12,"D0",10,0.558508895183627,0.977839187132959
12,12,"D0",11,0.547380376277715,0.980074589676403
12,12,"D0",12,0.537454940496766,0.981867388362652
12,12,"D1",1,1,NA
12,12,"D1",2,0.685151867922531,0.685151867922531
12,12,"D1",3,0.541598437545099,0.790479400117954
12,12,"D1",4,0.459461799709445,0.848344027342556
12,12,"D1",5,0.406094760709006,0.883848800848759
12,12,"D1",6,0.368585007964837,0.907633004969874
12,12,"D1",7,0.340759964979459,0.924508478684429
12,12,"D1",8,0.319278294640767,0.936959524162449
12,12,"D1",9,0.302150299695013,0.946354026461383
12,12,"D1",10,0.288101675020926,0.953504515175831
12,12,"D1",11,0.276272621441422,0.958941392553014
12,12,"D1",12,0.266059900518573,0.963033901551427
12,12,"D3",1,1,NA
12,12,"D3",2,0.590648357378759,0.590648357378759
12,12,"D3",3,0.46432585897213,0.7861290955464
12,12,"D3",4,0.403695334479273,0.869422468464122
12,12,"D3",5,0.367521615131558,0.910393516451271
12,12,"D3",6,0.342951503563358,0.933146485657981
12,12,"D3",7,0.324819256941628,0.947128831822192
12,12,"D3",8,0.310686212024644,0.95648951035091
12,12,"D3",9,0.299264152036619,0.963236025462503
12,12,"D3",10,0.289819804160148,0.968441432720232
12,12,"D3",11,0.281920543870831,0.972744235639078
12,12,"D3",12,0.275334608030593,0.976639035418237
12,12,"D5",1,1,NA
12,12,"D5",2,0.557512780617915,0.557512780617915
12,12,"D5",3,0.407940653478551,0.731715339380046
12,12,"D5",4,0.333674149811069,0.817947774917249
12,12,"D5",5,0.289105912424983,0.866431854516387
12,12,"D5",6,0.258978185628552,0.895790001166965
12,12,"D5",7,0.236696117655775,0.913961602909923
12,12,"D5",8,0.218989405052975,0.925192213635919
12,12,"D5",9,0.204112024894421,0.932063470582265
12,12,"D5",10,0.191098021782618,0.936240879886747
12,12,"D5",11,0.17940097799511,0.938790346030823
12,12,"D5",12,0.168704156479218,0.940374787052811
12,12,"D6",1,1,NA
12,12,"D6",2,0.450983186092904,0.450983186092904
12,12,"D6",3,0.296622969506982,0.657725118483412
12,12,"D6",4,0.228536145150565,0.770460040671887
12,12,"D6",5,0.190925714828536,0.835428963338598
12,12,"D6",6,0.166871921182266,0.87401490853198
12,12,"D6",7,0.149929942053767,0.898473158285302
12,12,"D6",8,0.137247078939869,0.915408070328278
12,12,"D6",9,0.127386719863209,0.928156146179402
12,12,"D6",10,0.119549729267598,0.938478747203579
12,12,"D6",11,0.113244514106583,0.947258641239571
12,12,"D6",12,0.108150470219436,0.955017301038062
12,12,"D7",1,1,NA
12,12,"D7",2,0.315897065897066,0.315897065897066
12,12,"D7",3,0.178030303030303,0.563570612866387
12,12,"D7",4,0.122542889209556,0.688326015985591
12,12,"D7",5,0.0934143017476351,0.762298835535784
12,12,"D7",6,0.0763416477702192,0.817237257486131
12,12,"D7",7,0.0657567740901074,0.861348634863486
12,12,"D7",8,0.0589065255731922,0.895824443767144
12,12,"D7",9,0.0542929292929293,0.921679368535656
12,12,"D7",10,0.0511063011063011,0.941306755260244
12,12,"D7",11,0.0489417989417989,0.957647058823529
12,12,"D7",12,0.0476190476190476,0.972972972972973
12,13,"D0",1,1,NA
12,13,"D0",2,0.83264188182221,0.83264188182221
12,13,"D0",3,0.746042614895074,0.895994582043344
12,13,"D0",4,0.69298150609626,0.928876571204614
12,13,"D0",5,0.656479131888968,0.947325615638837
12,13,"D0",6,0.629433137629859,0.958801440982158
12,13,"D0",7,0.60827891975433,0.966391636202717
12,13,"D0",8,0.590982636884276,0.971565210780214
12,13,"D0",9,0.576308051717888,0.975169177145788
12,13,"D0",10,0.563490465129809,0.977759140185755
12,13,"D0",11,0.55206025697829,0.979715347714204
12,13,"D0",12,0.541722049918771,0.9812734082397
12,13,"D1",1,1,NA
12,13,"D1",2,0.707127492020424,0.707127492020424
12,13,"D1",3,0.572826233407825,0.810074901445467
12,13,"D1",4,0.495365883498965,0.864775135300565
12,13,"D1",5,0.444715205409231,0.897750976042258
12,13,"D1",6,0.40894256762811,0.919560569672442
12,13,"D1",7,0.382303383402172,0.934858372948441
12,13,"D1",8,0.361660247386215,0.946003260990653
12,13,"D1",9,0.345141402268197,0.954324963173581
12,13,"D1",10,0.331560094221718,0.960650017768875
12,13,"D1",11,0.320130832524148,0.965528838069615
12,13,"D1",12,0.310318393213063,0.969348659003831
12,13,"D3",1,1,NA
12,13,"D3",2,0.585692681712896,0.585692681712896
12,13,"D3",3,0.457658071555734,0.781396260949144
12,13,"D3",4,0.395561426009941,0.864316507442543
12,13,"D3",5,0.358014765468966,0.905080075881738
12,13,"D3",6,0.332269541366193,0.92808893211695
12,13,"D3",7,0.313191931953777,0.942583935518208
12,13,"D3",8,0.298305863435364,0.952469821219376
12,13,"D3",9,0.286245908229484,0.959571846604035
12,13,"D3",10,0.276192117000708,0.964877083166145
12,13,"D3",11,0.267635291640345,0.969018574993069
12,13,"D3",12,0.260265319014529,0.972462627852085
12,13,"D5",1,1,NA
12,13,"D5",2,0.555046009051944,0.555046009051944
12,13,"D5",3,0.41257081197734,0.743309212657954
12,13,"D5",4,0.341496068499036,0.827727164852835
12,13,"D5",5,0.297370340397047,0.870787009947338
12,13,"D5",6,0.266026093919269,0.894595249694616
12,13,"D5",7,0.241864740381061,0.909176753369388
12,13,"D5",8,0.222306147528699,0.919134170522142
12,13,"D5",9,0.206006654077871,0.926679969798296
12,13,"D5",10,0.192188951832869,0.932925942092245
12,13,"D5",11,0.18034948895483,0.938396756082346
12,13,"D5",12,0.170128585558853,0.943327239488117
12,13,"D6",1,1,NA
12,13,"D6",2,0.463471074380165,0.463471074380165
12,13,"D6",3,0.301134986225895,0.649738468854018
12,13,"D6",4,0.228926844199571,0.760213374967473
12,13,"D6",5,0.189476584022039,0.827673070340578
12,13,"D6",6,0.164885215794307,0.870214209557042
12,13,"D6",7,0.148111417202326,0.898269844805822
12,13,"D6",8,0.135875114784206,0.917384475489791
12,13,"D6",9,0.126435261707989,0.930525519031142
12,13,"D6",10,0.118787878787879,0.939515426180931
12,13,"D6",11,0.112323232323232,0.945578231292517
12,13,"D6",12,0.106666666666667,0.949640287769784
12,13,"D7",1,1,NA
12,13,"D7",2,0.399774138904574,0.399774138904574
12,13,"D7",3,0.263466967814794,0.659039548022599
12,13,"D7",4,0.202706150532237,0.769379752663079
12,13,"D7",5,0.166593470941297,0.821847144272037
12,13,"D7",6,0.141485843349197,0.849288045622467
12,13,"D7",7,0.122278687496079,0.864246800962878
12,13,"D7",8,0.106539515235167,0.871284419360356
12,13,"D7",9,0.0929041972520233,0.872016331658291
12,13,"D7",10,0.0805571240353849,0.86709886547812
12,13,"D7",11,0.0690131124913734,0.856697819314642
12,13,"D7",12,0.0579710144927536,0.84
12,14,"D0",1,1,NA
12,14,"D0",2,0.829081196773352,0.829081196773352
12,14,"D0",3,0.741613683576291,0.894500667078845
12,14,"D0",4,0.688719622778382,0.928677070057773
12,14,"D0",5,0.652625773013546,0.947592825046528
12,14,"D0",6,0.626078343458895,0.959322125094652
12,14,"D0",7,0.605491805981469,0.967118272509328
12,14,"D0",8,0.58877387986103,0.972389508899563
12,14,"D0",9,0.574629268248815,0.975976156388675
12,14,"D0",10,0.562271243446434,0.978493916886548
12,14,"D0",11,0.551241467998813,0.980383532723434
12,14,"D0",12,0.54129983183302,0.981965006729475
12,14,"D1",1,1,NA
12,14,"D1",2,0.684029173605927,0.684029173605927
12,14,"D1",3,0.539705966806409,0.789010158676853
12,14,"D1",4,0.457221616033998,0.847167984336926
12,14,"D1",5,0.403707000516855,0.882956943327974
12,14,"D1",6,0.366090058604272,0.906821180052803
12,14,"D1",7,0.338146148790495,0.923669301700478
12,14,"D1",8,0.316565528947083,0.936179607780236
12,14,"D1",9,0.299434330672486,0.945884195504241
12,14,"D1",10,0.285562510767817,0.953673248242729
12,14,"D1",11,0.274162981680354,0.960080442433384
12,14,"D1",12,0.264687302590019,0.965437788018433
12,14,"D3",1,1,NA
12,14,"D3",2,0.589853761495553,0.589853761495553
12,14,"D3",3,0.462788331071913,0.784581469648562
12,14,"D3",4,0.401115633951455,0.866736706654613
12,14,"D3",5,0.363614377606915,0.906507617329424
12,14,"D3",6,0.337724257500377,0.928797864713352
12,14,"D3",7,0.318470777426001,0.942990532522367
12,14,"D3",8,0.303472536308357,0.952905440056807
12,14,"D3",9,0.291417910447761,0.960277704179638
12,14,"D3",10,0.28150912106136,0.96599800825153
12,14,"D3",11,0.273217247097844,0.970544918998527
12,14,"D3",12,0.266169154228856,0.974203338391502
12,14,"D5",1,1,NA
12,14,"D5",2,0.555589680589681,0.555589680589681
12,14,"D5",3,0.406750614250614,0.732106135986733
12,14,"D5",4,0.331834561834562,0.815818219342887
12,14,"D5",5,0.285821048321048,0.861335982427129
12,14,"D5",6,0.254119866619867,0.889087308694028
12,14,"D5",7,0.230753480753481,0.908049747636066
12,14,"D5",8,0.212825552825553,0.922307009760426
12,14,"D5",9,0.198703931203931,0.933646963749711
12,14,"D5",10,0.187346437346437,0.942842128041052
12,14,"D5",11,0.178040540540541,0.950327868852459
12,14,"D5",12,0.17027027027027,0.956356736242884
12,14,"D6",1,1,NA
12,14,"D6",2,0.475985663082437,0.475985663082437
12,14,"D6",3,0.321720430107527,0.675903614457831
12,14,"D6",4,0.253702617573585,0.788580997137147
12,14,"D6",5,0.215754317367221,0.850422117953284
12,14,"D6",6,0.191234929944607,0.886355055501019
12,14,"D6",7,0.173813402845661,0.908899869370137
12,14,"D6",8,0.160625610948192,0.92412672623883
12,14,"D6",9,0.150205278592375,0.935126582278481
12,14,"D6",10,0.141739980449658,0.943641806585969
12,14,"D6",11,0.134767025089606,0.950804597701149
12,14,"D6",12,0.129032258064516,0.957446808510638
12,14,"D7",1,1,NA
12,14,"D7",2,0.375366568914956,0.375366568914956
12,14,"D7",3,0.241285222491394,0.642798913043478
12,14,"D7",4,0.183620213353734,0.761008948072994
12,14,"D7",5,0.151366398911981,0.824344968058513
12,14,"D7",6,0.130607821351159,0.862858747317543
12,14,"D7",7,0.115995154915211,0.888117983404226
12,14,"D7",8,0.104993837392154,0.905157094439864
12,14,"D7",9,0.0962004335075864,0.916248380829015
12,14,"D7",10,0.0887415529771771,0.922465208747515
12,14,"D7",11,0.0820476858345021,0.924568965517241
12,14,"D7",12,0.0757363253856942,0.923076923076923
12,15,"D0",1,1,NA
12,15,"D0",2,0.82919946264189,0.82919946264189
12,15,"D0",3,0.741770576938682,0.894562298165686
12,15,"D0",4,0.688550485515674,0.928252625437573
12,15,"D0",5,0.651950177165887,0.946844408478811
12,15,"D0",6,0.624789571234082,0.958339445431435
12,15,"D0",7,0.603548126309209,0.966002241550037
12,15,"D0",8,0.586242069610115,0.971326136318368
12,15,"D0",9,0.571672391874713,0.975147335050363
12,15,"D0",10,0.559077835781198,0.977968927181855
12,15,"D0",11,0.547951998413171,0.980099662952152
12,15,"D0",12,0.537935138351681,0.981719457013575
12,15,"D1",1,1,NA
12,15,"D1",2,0.68016077123874,0.68016077123874
12,15,"D1",3,0.534189943594965,0.785387758576658
12,15,"D1",4,0.451362518556404,0.844947614548577
12,15,"D1",5,0.3981709778642,0.882153394432646
12,15,"D1",6,0.361204529773077,0.90715936081175
12,15,"D1",7,0.33404342238799,0.924804078724731
12,15,"D1",8,0.313239501860063,0.937720909517676
12,15,"D1",9,0.296787952772242,0.947479328149453
12,15,"D1",10,0.283443746954176,0.955037912781094
12,15,"D1",11,0.272384692956849,0.960983249353125
12,15,"D1",12,0.263043362878828,0.965705378020265
12,15,"D3",1,1,NA
12,15,"D3",2,0.583172744111209,0.583172744111209
12,15,"D3",3,0.451159048812887,0.773628488931665
12,15,"D3",4,0.388627164836261,0.861397251942164
12,15,"D3",5,0.352373290426388,0.906712968906463
12,15,"D3",6,0.328516102132072,0.932295696233256
12,15,"D3",7,0.311352878444873,0.947755304608175
12,15,"D3",8,0.298178325756017,0.95768610602009
12,15,"D3",9,0.287567587793972,0.964414791265791
12,15,"D3",10,0.278695578963124,0.969148091761981
12,15,"D3",11,0.271043424572957,0.972542964554243
12,15,"D3",12,0.264251903683886,0.9749430523918
12,15,"D5",1,1,NA
12,15,"D5",2,0.541166103686297,0.541166103686297
12,15,"D5",3,0.391775591129388,0.723947025618758
12,15,"D5",4,0.317470015175993,0.810336382266207
12,15,"D5",5,0.271542566211387,0.855332955022082
12,15,"D5",6,0.239149864674905,0.880708568131947
12,15,"D5",7,0.214368238116219,0.896376163154539
12,15,"D5",8,0.194519018945513,0.907405969535728
12,15,"D5",9,0.178211191070642,0.916163324474511
12,15,"D5",10,0.164605668967543,0.923655063291139
12,15,"D5",11,0.153150242326333,0.930406852248394
12,15,"D5",12,0.14345718901454,0.936708860759494
12,15,"D6",1,1,NA
12,15,"D6",2,0.445225238553147,0.445225238553147
12,15,"D6",3,0.287107034543975,0.644857949825552
12,15,"D6",4,0.214710161007964,0.747840126414868
12,15,"D6",5,0.17296027812708,0.80555236564079
12,15,"D6",6,0.145620449526064,0.84193001481572
12,15,"D6",7,0.126149616588998,0.866290531306315
12,15,"D6",8,0.111359321448825,0.882755924749572
12,15,"D6",9,0.0995044012131075,0.893543530245328
12,15,"D6",10,0.0895776314816185,0.9002378828427
12,15,"D6",11,0.080960130187144,0.903798513625103
12,15,"D6",12,0.0732302685109845,0.904522613065327
12,15,"D7",1,1,NA
12,15,"D7",2,0.322661295923328,0.322661295923328
12,15,"D7",3,0.179512466143482,0.556349547998278
12,15,"D7",4,0.121489918281362,0.676777055607139
12,15,"D7",5,0.0898210523878973,0.739329268292683
12,15,"D7",6,0.0696973004077664,0.775957290132548
12,15,"D7",7,0.0557793365279996,0.800308422301305
12,15,"D7",8,0.0457624372062875,0.820419174102511
12,15,"D7",9,0.0385026737967914,0.841359773371105
12,15,"D7",10,0.0333356483089103,0.865800865800866
12,15,"D7",11,0.0297937356760886,0.89375
12,15,"D7",12,0.027501909854851,0.923076923076923
12,16,"D0",1,1,NA
12,16,"D0",2,0.828968711700671,0.828968711700671
12,16,"D0",3,0.740818974839593,0.893663372794573
12,16,"D0",4,0.686837046115397,0.927132092241718
12,16,"D0",5,0.649545364429385,0.945705197620126
12,16,"D0",6,0.621775775770621,0.957247653236416
12,16,"D0",7,0.599995794583423,0.964971325619426
12,16,"D0",8,0.582202677048038,0.970344596252147
12,16,"D0",9,0.567185134453176,0.974205644894994
12,16,"D0",10,0.554177780981905,0.977066829362847
12,16,"D0",11,0.542674464710547,0.979242552361129
12,16,"D0",12,0.532315622521808,0.980911498767011
12,16,"D1",1,1,NA
12,16,"D1",2,0.686513820767271,0.686513820767271
12,16,"D1",3,0.542520246378465,0.7902539322109
12,16,"D1",4,0.459868446066689,0.847652136738659
12,16,"D1",5,0.406025436295198,0.882916494419181
12,16,"D1",6,0.368034621171384,0.906432425834048
12,16,"D1",7,0.339705080922145,0.923024795441604
12,16,"D1",8,0.317715422734243,0.935268385953458
12,16,"D1",9,0.300122618911828,0.944627164551812
12,16,"D1",10,0.285711569902285,0.951982796025857
12,16,"D1",11,0.273682559598494,0.957898063743429
12,16,"D1",12,0.263488080301129,0.962750716332378
12,16,"D3",1,1,NA
12,16,"D3",2,0.585871118129183,0.585871118129183
12,16,"D3",3,0.457241145950823,0.780446640569852
12,16,"D3",4,0.395718976364138,0.865449183365264
12,16,"D3",5,0.359121613153871,0.907516784899924
12,16,"D3",6,0.334356503711342,0.931039768882087
12,16,"D3",7,0.316226783968719,0.945777278020963
12,16,"D3",8,0.302268340978018,0.95585939048072
12,16,"D3",9,0.291134671779833,0.963166274171614
12,16,"D3",10,0.282013685239492,0.968670902422646
12,16,"D3",11,0.274400330851944,0.973003599520064
12,16,"D3",12,0.267990074441687,0.976639035418236
12,16,"D5",1,1,NA
12,16,"D5",2,0.565399624223154,0.565399624223154
12,16,"D5",3,0.425125018066195,0.751901840490798
12,16,"D5",4,0.355804788745965,0.836941543371047
12,16,"D5",5,0.31343643108349,0.880922463658225
12,16,"D5",6,0.284021225197696,0.906152562469808
12,16,"D5",7,0.261800838271427,0.921765047979064
12,16,"D5",8,0.243981307510719,0.931934783408781
12,16,"D5",9,0.229056221997398,0.938826930367749
12,16,"D5",10,0.216158404393699,0.943691476742132
12,16,"D5",11,0.204769475357711,0.947312115538914
12,16,"D5",12,0.194594594594595,0.950310559006211
12,16,"D6",1,1,NA
12,16,"D6",2,0.436108294844354,0.436108294844354
12,16,"D6",3,0.280027036160865,0.642104356810746
12,16,"D6",4,0.211212496714355,0.754257516024352
12,16,"D6",5,0.17268096078505,0.817569809889537
12,16,"D6",6,0.148124902771743,0.857795220146626
12,16,"D6",7,0.131181705531148,0.885615470973817
12,16,"D6",8,0.11878888012717,0.905529316349411
12,16,"D6",9,0.109248620029289,0.919687262918317
12,16,"D6",10,0.101535804138035,0.929401251117069
12,16,"D6",11,0.0950020652622883,0.935650887573965
12,16,"D6",12,0.0892193308550186,0.939130434782609
12,16,"D7",1,1,NA
12,16,"D7",2,0.359170653907496,0.359170653907496
12,16,"D7",3,0.226564593301435,0.630799289520426
12,16,"D7",4,0.169611908559277,0.748624955416643
12,16,"D7",5,0.136491228070175,0.80472668004012
12,16,"D7",6,0.11444976076555,0.838513671418556
12,16,"D7",7,0.0986496544391281,0.861947231512449
12,16,"D7",8,0.0867283359914939,0.879154990299634
12,16,"D7",9,0.0773971291866029,0.892408787759906
12,16,"D7",10,0.0699202551834131,0.903395977579954
12,16,"D7",11,0.063859649122807,0.913321167883212
12,16,"D7",12,0.0589473684210526,0.923076923076923
12,17,"D0",1,1,NA
12,17,"D0",2,0.829823000098883,0.829823000098883
12,17,"D0",3,0.741773414956447,0.893893534968368
12,17,"D0",4,0.687683719425042,0.92708056875484
12,17,"D0",5,0.650273874910481,0.945600217864924
12,17,"D0",6,0.62238908130335,0.957118385524914
12,17,"D0",7,0.600472988562576,0.964787150997445
12,17,"D0",8,0.582506165181929,0.970078881610218
12,17,"D0",9,0.567268951754268,0.973841970543089
12,17,"D0",10,0.554003397966614,0.976615054029256
12,17,"D0",11,0.542222881439731,0.97873566015999
12,17,"D0",12,0.531592999110056,0.980395732652503
12,17,"D1",1,1,NA
12,17,"D1",2,0.685986586318812,0.685986586318812
12,17,"D1",3,0.542578130617998,0.790945685293378
12,17,"D1",4,0.460360606540009,0.848468783685875
12,17,"D1",5,0.406907230827497,0.883888032657142
12,17,"D1",6,0.36932550126665,0.90764054626304
12,17,"D1",7,0.3414336371147,0.924478910727012
12,17,"D1",8,0.31989312520874,0.936911570611527
12,17,"D1",9,0.302734032302139,0.946359919753185
12,17,"D1",10,0.288715345193751,0.953693058551154
12,17,"D1",11,0.277013130833729,0.95946798618491
12,17,"D1",12,0.267046353425091,0.964020559680183
12,17,"D3",1,1,NA
12,17,"D3",2,0.593810014757313,0.593810014757313
12,17,"D3",3,0.471841833949906,0.794600667256758
12,17,"D3",4,0.413102337585326,0.875510198252544
12,17,"D3",5,0.377598533702603,0.914055669376623
12,17,"D3",6,0.353072322385198,0.935046857632338
12,17,"D3",7,0.334758525885944,0.948130183709859
12,17,"D3",8,0.320461452416089,0.957291383596526
12,17,"D3",9,0.309006004002668,0.964253271876997
12,17,"D3",10,0.299674530495078,0.969801643376773
12,17,"D3",11,0.291972426061819,0.974298434970318
12,17,"D3",12,0.28552368245497,0.977913175932978
12,17,"D5",1,1,NA
12,17,"D5",2,0.557010264921015,0.557010264921015
12,17,"D5",3,0.414954822054214,0.744967998234385
12,17,"D5",4,0.342442682402114,0.825252929239064
12,17,"D5",5,0.296197266785502,0.864954288722956
12,17,"D5",6,0.262655532432409,0.886758798563177
12,17,"D5",7,0.236482471776589,0.900352144067041
12,17,"D5",8,0.215182248447969,0.90992895512043
12,17,"D5",9,0.197399963120044,0.917361745886655
12,17,"D5",10,0.182309914561436,0.923555970730188
12,17,"D5",11,0.169371196754564,0.929028995279838
12,17,"D5",12,0.158215010141988,0.934131736526946
12,17,"D6",1,1,NA
12,17,"D6",2,0.462160685006376,0.462160685006376
12,17,"D6",3,0.301147750045546,0.651608325449385
12,17,"D6",4,0.227266654521164,0.75466827989514
12,17,"D6",5,0.185382886986093,0.815706498503634
12,17,"D6",6,0.158384301069672,0.854363116491724
12,17,"D6",7,0.139266411611101,0.879294290346611
12,17,"D6",8,0.12465172769782,0.895059521213971
12,17,"D6",9,0.112807433047914,0.904980902642451
12,17,"D6",10,0.102823829477136,0.911498708010336
12,17,"D6",11,0.094188376753507,0.916017009213324
12,17,"D6",12,0.0865731462925852,0.919148936170213
12,17,"D7",1,1,NA
12,17,"D7",2,0.35542618301239,0.35542618301239
12,17,"D7",3,0.205329153605016,0.577698446031079
12,17,"D7",4,0.139901477832512,0.681352235550709
12,17,"D7",5,0.104157336915958,0.744504908237303
12,17,"D7",6,0.0822404196788433,0.789578748016584
12,17,"D7",7,0.0679703438324128,0.826483426250054
12,17,"D7",8,0.0583171617654376,0.857979502196193
12,17,"D7",9,0.0515450067174205,0.883873720136519
12,17,"D7",10,0.0465741155396328,0.903562119895743
12,17,"D7",11,0.0426929392446634,0.916666666666667
12,17,"D7",12,0.0394088669950739,0.923076923076923
12,18,"D0",1,1,NA
12,18,"D0",2,0.829694480310603,0.829694480310603
12,18,"D0",3,0.742125366097257,0.894456192862023
12,18,"D0",4,0.688710632829008,0.928024649596401
12,18,"D0",5,0.651943295977542,0.94661424537554
12,18,"D0",6,0.624619602696507,0.958088849981861
12,18,"D0",7,0.603194062663553,0.965698258683432
12,18,"D0",8,0.58566923253418,0.970946613678544
12,18,"D0",9,0.570841787499381,0.974682902547841
12,18,"D0",10,0.557961462499494,0.977436261181385
12,18,"D0",11,0.546543277082199,0.979535888793924
12,18,"D0",12,0.536249814420745,0.981166244114451
12,18,"D1",1,1,NA
12,18,"D1",2,0.683094132545378,0.683094132545378
12,18,"D1",3,0.537960013814805,0.787534233108155
12,18,"D1",4,0.455072463768116,0.845922470224296
12,18,"D1",5,0.401562320119728,0.882414015549721
12,18,"D1",6,0.364272283225428,0.907137609716016
12,18,"D1",7,0.336858187190606,0.924742844028413
12,18,"D1",8,0.315897258784553,0.93777521460628
12,18,"D1",9,0.299386968034077,0.947735251600468
12,18,"D1",10,0.286071990483134,0.955525861267861
12,18,"D1",11,0.275116082735331,0.961702270364533
12,18,"D1",12,0.265934993668214,0.96662830840046
12,18,"D3",1,1,NA
12,18,"D3",2,0.595416144549093,0.595416144549093
12,18,"D3",3,0.47299810016573,0.794399185336049
12,18,"D3",4,0.413948286780657,0.875158455468672
12,18,"D3",5,0.37812091569317,0.91344964520539
12,18,"D3",6,0.35354241134588,0.934998294653356
12,18,"D3",7,0.335458857135158,0.948850396358726
12,18,"D3",8,0.321575919263781,0.958615080281563
12,18,"D3",9,0.310598649905008,0.96586414373345
12,18,"D3",10,0.301709850842799,0.971381720220201
12,18,"D3",11,0.294353045798132,0.97561629153269
12,18,"D3",12,0.288128056914184,0.978851963746224
12,18,"D5",1,1,NA
12,18,"D5",2,0.565465439637625,0.565465439637625
12,18,"D5",3,0.420710415412402,0.744007300750355
12,18,"D5",4,0.347612358208385,0.826250897229718
12,18,"D5",5,0.302753170302839,0.870950537729002
12,18,"D5",6,0.271625567746665,0.897184883233303
12,18,"D5",7,0.248019456628728,0.913093191801614
12,18,"D5",8,0.228915455405522,0.922973780029668
12,18,"D5",9,0.212711791519739,0.929215509467989
12,18,"D5",10,0.198503483271695,0.933203946304383
12,18,"D5",11,0.185745821507411,0.935730791450029
12,18,"D5",12,0.174077578051088,0.937181663837012
12,18,"D6",1,1,NA
12,18,"D6",2,0.462560800164417,0.462560800164417
12,18,"D6",3,0.303370555593615,0.655850118483412
12,18,"D6",4,0.232787559087484,0.767337352934535
12,18,"D6",5,0.19432645977484,0.834780262899745
12,18,"D6",6,0.170910852523513,0.879503762490924
12,18,"D6",7,0.155768308556553,0.911400921922868
12,18,"D6",8,0.145710305770592,0.935429723291186
12,18,"D6",9,0.139035418236624,0.954190697091274
12,18,"D6",10,0.134753716517093,0.96920423749692
12,18,"D6",11,0.132253202712886,0.981443823080834
12,18,"D6",12,0.13112283345893,0.991452991452991
12,18,"D7",1,1,NA
12,18,"D7",2,0.329617834394904,0.329617834394904
12,18,"D7",3,0.19203821656051,0.582608695652174
12,18,"D7",4,0.136305732484076,0.709784411276949
12,18,"D7",5,0.107399633275429,0.787931888983291
12,18,"D7",6,0.09043345189842,0.84202756695175
12,18,"D7",7,0.0797746574020459,0.882136595777117
12,18,"D7",8,0.0727079714340861,0.911416906094057
12,18,"D7",9,0.0677041111754488,0.931178656756039
12,18,"D7",10,0.0638390272148234,0.942912123155869
12,18,"D7",11,0.0605095541401274,0.947845804988662
12,18,"D7",12,0.0573248407643312,0.947368421052632
12,19,"D0",1,1,NA
12,19,"D0",2,0.834874469114564,0.834874469114564
12,19,"D0",3,0.748416751787538,0.896442255062945
12,19,"D0",4,0.695012812931204,0.928644116090691
12,19,"D0",5,0.657968657599054,0.9467000397073
12,19,"D0",6,0.63004997171171,0.95756836505067
12,19,"D0",7,0.607769743562174,0.9646373634634
12,19,"D0",8,0.589329128063605,0.969658549649925
12,19,"D0",9,0.573724530939197,0.973521422272677
12,19,"D0",10,0.560346217945272,0.976681643763733
12,19,"D0",11,0.548787699586044,0.979372541494771
12,19,"D0",12,0.538734476641041,0.981681034482759
12,19,"D1",1,1,NA
12,19,"D1",2,0.683554733720724,0.683554733720724
12,19,"D1",3,0.538274562029634,0.787463732567104
12,19,"D1",4,0.455198557743744,0.845662399551929
12,19,"D1",5,0.401449282305055,0.881921252771307
12,19,"D1",6,0.363829351867503,0.906289705584864
12,19,"D1",7,0.335988062103886,0.923477065221071
12,19,"D1",8,0.314502563709498,0.936052792293124
12,19,"D1",9,0.29737720781616,0.945547801927756
12,19,"D1",10,0.283376527566863,0.952919457573385
12,19,"D1",11,0.271697317805765,0.958785542820435
12,19,"D1",12,0.261790588607261,0.963537626066718
12,19,"D3",1,1,NA
12,19,"D3",2,0.590802230468826,0.590802230468826
12,19,"D3",3,0.463607219879928,0.784707971586425
12,19,"D3",4,0.402209744376874,0.867565747748805
12,19,"D3",5,0.365770334246504,0.909401970887543
12,19,"D3",6,0.341295592631348,0.93308713330846
12,19,"D3",7,0.323453599901559,0.947722756710013
12,19,"D3",8,0.309649173936415,0.957321773604173
12,19,"D3",9,0.29849035341662,0.963963021835523
12,19,"D3",10,0.289183780528085,0.968821193777257
12,19,"D3",11,0.281256678777517,0.972588013974738
12,19,"D3",12,0.274417610600556,0.975683890577507
12,19,"D5",1,1,NA
12,19,"D5",2,0.564827096893605,0.564827096893605
12,19,"D5",3,0.42559151062714,0.753489896231567
12,19,"D5",4,0.356232840793411,0.837029949841988
12,19,"D5",5,0.313179298927517,0.879142131393604
12,19,"D5",6,0.282796945165456,0.902987349846857
12,19,"D5",7,0.259729977069645,0.918432753641256
12,19,"D5",8,0.241445332181674,0.929601330218932
12,19,"D5",9,0.226547798994355,0.938298524752138
12,19,"D5",10,0.2142085942561,0.945533769063181
12,19,"D5",11,0.203936206311503,0.952044930875576
12,19,"D5",12,0.195453003053953,0.958402662229617
12,19,"D6",1,1,NA
12,19,"D6",2,0.425691699604743,0.425691699604743
12,19,"D6",3,0.270450592885375,0.635320334261838
12,19,"D6",4,0.200305665349144,0.740636813593671
12,19,"D6",5,0.159802371541502,0.797792569985266
12,19,"D6",6,0.133026538678713,0.832444083247942
12,19,"D6",7,0.11366930171278,0.854485900646604
12,19,"D6",8,0.0987931488801054,0.869127789046653
12,19,"D6",9,0.0868932806324111,0.87954763682919
12,19,"D6",10,0.0771541501976285,0.887918486171761
12,19,"D6",11,0.0691304347826087,0.896004098360656
12,19,"D6",12,0.0626086956521739,0.90566037735849
12,19,"D7",1,1,NA
12,19,"D7",2,0.368316368316368,0.368316368316368
12,19,"D7",3,0.228746928746929,0.621060991105464
12,19,"D7",4,0.168792168792169,0.73789916969294
12,19,"D7",5,0.134345384345384,0.795921903881701
12,19,"D7",6,0.111216968359826,0.827843612951386
12,19,"D7",7,0.0941168441168441,0.846245366195772
12,19,"D7",8,0.0806676806676807,0.857101419247902
12,19,"D7",9,0.0696735696735697,0.863711081028815
12,19,"D7",10,0.0604890604890605,0.868178001679261
12,19,"D7",11,0.0527670527670528,0.872340425531915
12,19,"D7",12,0.0463320463320463,0.878048780487805
12,20,"D0",1,1,NA
12,20,"D0",2,0.829575757575758,0.829575757575758
12,20,"D0",3,0.741400673400673,0.893710630560426
12,20,"D0",4,0.687347549569772,0.927093236127006
12,20,"D0",5,0.649985035540591,0.945642471479578
12,20,"D0",6,0.622124098124098,0.95713603253447
12,20,"D0",7,0.600204264870932,0.964766140197331
12,20,"D0",8,0.582203666292555,0.97000921247661
12,20,"D0",9,0.566903703703704,0.973720600754233
12,20,"D0",10,0.553553310886644,0.976450334104649
12,20,"D0",11,0.541679012345679,0.978548952183222
12,20,"D0",12,0.530962962962963,0.980216975111678
12,20,"D1",1,1,NA
12,20,"D1",2,0.682608904011118,0.682608904011118
12,20,"D1",3,0.536897493650261,0.78653748946925
12,20,"D1",4,0.453445791600773,0.844566787819932
12,20,"D1",5,0.399511189917094,0.881056120306516
12,20,"D1",6,0.361901567067619,0.90586090252621
12,20,"D1",7,0.33424545933771,0.92358113297492
12,20,"D1",8,0.313101707640453,0.936741843137817
12,20,"D1",9,0.296463315282503,0.946859464666171
12,20,"D1",10,0.283088129582595,0.954884179558056
12,20,"D1",11,0.272166578808645,0.961419962080173
12,20,"D1",12,0.263152345809172,0.966879721092388
12,20,"D3",1,1,NA
12,20,"D3",2,0.596227726403985,0.596227726403985
12,20,"D3",3,0.47158825459951,0.790953244398394
12,20,"D3",4,0.410530447820743,0.870527295403871
12,20,"D3",5,0.373144269194386,0.908932019963884
12,20,"D3",6,0.347135769306081,0.930299077232362
12,20,"D3",7,0.327625372433187,0.943796063102644
12,20,"D3",8,0.312314909554238,0.953268384663733
12,20,"D3",9,0.299994208382401,0.960550390663634
12,20,"D3",10,0.289966987779687,0.96657528604708
12,20,"D3",11,0.281800806965385,0.971837549933422
12,20,"D3",12,0.275217668294755,0.976639035418237
12,20,"D5",1,1,NA
12,20,"D5",2,0.570524522331751,0.570524522331751
12,20,"D5",3,0.432621394669587,0.758287116040956
12,20,"D5",4,0.363295606669101,0.839754138711901
12,20,"D5",5,0.320514380755345,0.882241279199607
12,20,"D5",6,0.290712634086128,0.907019003019509
12,20,"D5",7,0.2681838464971,0.922504958685923
12,20,"D5",8,0.250139953754412,0.932718196944486
12,20,"D5",9,0.2350857977364,0.939817067237521
12,20,"D5",10,0.222161372763782,0.945022519024693
12,20,"D5",11,0.210843373493976,0.949055053410025
12,20,"D5",12,0.200803212851406,0.952380952380952
12,20,"D6",1,1,NA
12,20,"D6",2,0.475209661187521,0.475209661187521
12,20,"D6",3,0.325823549144582,0.6856416772554
12,20,"D6",4,0.260986246226099,0.801004859566757
12,20,"D6",5,0.225673711282567,0.864695801199657
12,20,"D6",6,0.203483969904634,0.901673343998188
12,20,"D6",7,0.188152745163815,0.924656351318465
12,20,"D6",8,0.176835513809684,0.939850830535168
12,20,"D6",9,0.168084535390808,0.950513456090652
12,20,"D6",10,0.161086883596109,0.958368259290305
12,20,"D6",11,0.155350553505535,0.96438983756768
12,20,"D6",12,0.150553505535055,0.969121140142518
12,20,"D7",1,1,NA
12,20,"D7",2,0.342284050469104,0.342284050469104
12,20,"D7",3,0.20109996764801,0.587523629489603
12,20,"D7",4,0.140472339048852,0.698519948519949
12,20,"D7",5,0.107098565728459,0.762417472746814
12,20,"D7",6,0.0867611036650183,0.810105187449429
12,20,"D7",7,0.0735333764693195,0.847538509344342
12,20,"D7",8,0.0643373234120565,0.874940421631531
12,20,"D7",9,0.0574571336137172,0.893060677170634
12,20,"D7",10,0.0519249433840181,0.903716216216216
12,20,"D7",11,0.047153024911032,0.90809968847352
12,20,"D7",12,0.0427046263345196,0.905660377358491
12,21,"D0",1,1,NA
12,21,"D0",2,0.831650328331255,0.831650328331255
12,21,"D0",3,0.744006222424868,0.894614235189147
12,21,"D0",4,0.690022812577762,0.927442260266099
12,21,"D0",5,0.652608844008756,0.945778649796756
12,21,"D0",6,0.62466082867322,0.957174936269848
12,21,"D0",7,0.602657344949718,0.964775310514929
12,21,"D0",8,0.584601584513076,0.970039757105841
12,21,"D0",9,0.569279459292736,0.973790482909652
12,21,"D0",10,0.555932536755667,0.976554709081458
12,21,"D0",11,0.544082214682598,0.978683884663011
12,21,"D0",12,0.533412007670748,0.980388612742883
12,21,"D1",1,1,NA
12,21,"D1",2,0.685327917811492,0.685327917811492
12,21,"D1",3,0.540161987815076,0.788180334955586
12,21,"D1",4,0.456509377613188,0.84513421512636
12,21,"D1",5,0.402136741926492,0.880894811031095
12,21,"D1",6,0.364020683652747,0.90521617574374
12,21,"D1",7,0.33586508979413,0.922653862478114
12,21,"D1",8,0.314263369569546,0.935683341672022
12,21,"D1",9,0.297203201529089,0.9457137875667
12,21,"D1",10,0.28340700035838,0.953579903918504
12,21,"D1",11,0.272010512483574,0.959787556904401
12,21,"D1",12,0.262391590013141,0.96463768115942
12,21,"D3",1,1,NA
12,21,"D3",2,0.59535500995355,0.59535500995355
12,21,"D3",3,0.46769172433406,0.785567798229412
12,21,"D3",4,0.40528075330995,0.866555323139455
12,21,"D3",5,0.367624103390527,0.907085027818667
12,21,"D3",6,0.34211773627832,0.930618349349332
12,21,"D3",7,0.323594653521661,0.945857578276531
12,21,"D3",8,0.30949410686637,0.956425279275057
12,21,"D3",9,0.298367617783676,0.964049431521171
12,21,"D3",10,0.289316522893165,0.969664620585357
12,21,"D3",11,0.281751824817518,0.973853211009174
12,21,"D3",12,0.275286757038582,0.977054034048853
12,21,"D5",1,1,NA
12,21,"D5",2,0.548504992949437,0.548504992949437
12,21,"D5",3,0.392696192696193,0.715939139559286
12,21,"D5",4,0.314138536360759,0.799953099122074
12,21,"D5",5,0.266070006810748,0.846983021863931
12,21,"D5",6,0.232771343882455,0.874849994077019
12,21,"D5",7,0.207718207718208,0.892370187212999
12,21,"D5",8,0.187861521194855,0.904405652535328
12,21,"D5",9,0.171613571613572,0.913511029411765
12,21,"D5",10,0.158047713603269,0.92095113525841
12,21,"D5",11,0.146565368787591,0.927348871085215
12,21,"D5",12,0.136752136752137,0.93304535637149
12,21,"D6",1,1,NA
12,21,"D6",2,0.457502784498982,0.457502784498982
12,21,"D6",3,0.304205553635211,0.664926124916051
12,21,"D6",4,0.236617121788224,0.777819862131657
12,21,"D6",5,0.199395731715123,0.842693589577111
12,21,"D6",6,0.175733434288567,0.881329970190323
12,21,"D6",7,0.159170923429479,0.905752078845213
12,21,"D6",8,0.146785984048341,0.922190943456929
12,21,"D6",9,0.137089526443139,0.9339415294446
12,21,"D6",10,0.129200752774897,0.942455314618703
12,21,"D6",11,0.122517955217575,0.948275862068966
12,21,"D6",12,0.11660329531052,0.951724137931034
12,21,"D7",1,1,NA
12,21,"D7",2,0.331052965653431,0.331052965653431
12,21,"D7",3,0.199139572607377,0.601533873029399
12,21,"D7",4,0.146282060323953,0.734570524625773
12,21,"D7",5,0.117297881844042,0.801861018256621
12,21,"D7",6,0.0987879459562935,0.84219718551816
12,21,"D7",7,0.085936949009098,0.869913309535951
12,21,"D7",8,0.0766015468885911,0.891369169744221
12,21,"D7",9,0.0696099865999013,0.908728210164498
12,21,"D7",10,0.0641794202694125,0.921985815602837
12,21,"D7",11,0.0597362296353763,0.930769230769231
12,21,"D7",12,0.0558572536850271,0.935064935064935
12,22,"D0",1,1,NA
12,22,"D0",2,0.829413638831675,0.829413638831675
12,22,"D0",3,0.741790180795068,0.894354934698162
12,22,"D0",4,0.688631315374985,0.928337059728796
12,22,"D0",5,0.652267529433234,0.947194115152968
12,22,"D0",6,0.625460032834533,0.958901071433076
12,22,"D0",7,0.604625404047883,0.966689112504552
12,22,"D0",8,0.587675660798717,0.971966538065239
12,22,"D0",9,0.573323640671486,0.975578331578808
12,22,"D0",10,0.560792285359144,0.978142615403641
12,22,"D0",11,0.549632262204452,0.980099542297475
12,22,"D0",12,0.539612024285503,0.981769196228109
12,22,"D1",1,1,NA
12,22,"D1",2,0.684153904266459,0.684153904266459
12,22,"D1",3,0.538379960122978,0.786928141117929
12,22,"D1",4,0.454441219643976,0.844090146929264
12,22,"D1",5,0.399956807861925,0.880106800556659
12,22,"D1",6,0.361877485056363,0.904791412329932
12,22,"D1",7,0.333889571569054,0.922659146691733
12,22,"D1",8,0.312560624389373,0.936119756363011
12,22,"D1",9,0.295858814304089,0.946564574095302
12,22,"D1",10,0.282495708677795,0.954832829105578
12,22,"D1",11,0.271603639615,0.961443417622965
12,22,"D1",12,0.262557197706832,0.966692486444617
12,22,"D3",1,1,NA
12,22,"D3",2,0.590104673565456,0.590104673565456
12,22,"D3",3,0.466359465310743,0.79029956243689
12,22,"D3",4,0.407131838375011,0.873000053947081
12,22,"D3",5,0.371286604299495,0.911956691428051
12,22,"D3",6,0.346532209324431,0.933328068698391
12,22,"D3",7,0.327987102839626,0.946483743831608
12,22,"D3",8,0.313340086466589,0.955342706325256
12,22,"D3",9,0.301352612866705,0.961742930069812
12,22,"D3",10,0.291298389179097,0.966636348057632
12,22,"D3",11,0.282717937513655,0.97054411564162
12,22,"D3",12,0.275289490932925,0.973724884080371
12,22,"D5",1,1,NA
12,22,"D5",2,0.570643756757547,0.570643756757547
12,22,"D5",3,0.431489436311037,0.756145022531749
12,22,"D5",4,0.362350603430642,0.839767032371665
12,22,"D5",5,0.31979388874278,0.88255376344086
12,22,"D5",6,0.289980671851453,0.906773650339183
12,22,"D5",7,0.267369938536766,0.922026757265154
12,22,"D5",8,0.249328385104663,0.932522131953805
12,22,"D5",9,0.234399929867625,0.940125328166021
12,22,"D5",10,0.221676748195552,0.945720198469095
12,22,"D5",11,0.210543233686917,0.949775902979172
12,22,"D5",12,0.200578592092575,0.952671755725191
12,22,"D6",1,1,NA
12,22,"D6",2,0.447287691732136,0.447287691732136
12,22,"D6",3,0.288709315375982,0.645466711274674
12,22,"D6",4,0.219119590971443,0.758962663487621
12,22,"D6",5,0.180745728893877,0.82487251866691
12,22,"D6",6,0.156325156325156,0.86488990518244
12,22,"D6",7,0.139088415014341,0.889737891737892
12,22,"D6",8,0.126020700835516,0.906047429058143
12,22,"D6",9,0.115645342312009,0.917669411019633
12,22,"D6",10,0.107145529367752,0.926501035196687
12,22,"D6",11,0.1,0.933310055865922
12,22,"D6",12,0.0938271604938272,0.938271604938272
12,22,"D7",1,1,NA
12,22,"D7",2,0.31040131040131,0.31040131040131
12,22,"D7",3,0.176945126945127,0.570052770448549
12,22,"D7",4,0.122395122395122,0.691712309393402
12,22,"D7",5,0.094003094003094,0.768029739776952
12,22,"D7",6,0.0773760773760774,0.823122666297884
12,22,"D7",7,0.066976066976067,0.865591397849462
12,22,"D7",8,0.0600782600782601,0.897010869565217
12,22,"D7",9,0.0551597051597052,0.918130869433505
12,22,"D7",10,0.0513240513240513,0.93046275674338
12,22,"D7",11,0.048048048048048,0.936170212765957
12,22,"D7",12,0.045045045045045,0.9375
12,23,"D0",1,1,NA
12,23,"D0",2,0.832844286199925,0.832844286199925
12,23,"D0",3,0.745840117371312,0.895533690666724
12,23,"D0",4,0.692253374127021,0.928152506152182
12,23,"D0",5,0.655150948572519,0.94640340236508
12,23,"D0",6,0.627462382136659,0.957737119214755
12,23,"D0",7,0.605695311707908,0.965309361886159
12,23,"D0",8,0.587876402283015,0.97058106760865
12,23,"D0",9,0.572810470379846,0.974372279879478
12,23,"D0",10,0.559750228122596,0.977199714508378
12,23,"D0",11,0.54821885455619,0.979399073038197
12,23,"D0",12,0.537886242865578,0.98115239633818
12,23,"D1",1,1,NA
12,23,"D1",2,0.703706818415422,0.703706818415422
12,23,"D1",3,0.567331034676086,0.806203691408843
12,23,"D1",4,0.488379322051847,0.860836605440922
12,23,"D1",5,0.43668959094491,0.894160688684011
12,23,"D1",6,0.400199964492286,0.916440356698983
12,23,"D1",7,0.37303033417742,0.932109863254648
12,23,"D1",8,0.3519561946944,0.943505560936508
12,23,"D1",9,0.335074145712444,0.952033664312643
12,23,"D1",10,0.321204645903998,0.958607669419091
12,23,"D1",11,0.30958988590811,0.96384
12,23,"D1",12,0.299722479185939,0.968127490039841
12,23,"D3",1,1,NA
12,23,"D3",2,0.584703191884443,0.584703191884443
12,23,"D3",3,0.458704872852368,0.784508925586682
12,23,"D3",4,0.397625795690728,0.866844498987265
12,23,"D3",5,0.360303746994781,0.906137757911019
12,23,"D3",6,0.334523786254597,0.928449368192228
12,23,"D3",7,0.315380204973841,0.942773632048436
12,23,"D3",8,0.300405908146179,0.952519858280567
12,23,"D3",9,0.288184359179844,0.959316549259118
12,23,"D3",10,0.277828814917613,0.964066251576934
12,23,"D3",11,0.26875940657923,0.967356127761362
12,23,"D3",12,0.260589120619222,0.9696
12,23,"D5",1,1,NA
12,23,"D5",2,0.574050098508303,0.574050098508303
12,23,"D5",3,0.429389248522375,0.747999607766229
12,23,"D5",4,0.355252837977296,0.827344511302509
12,23,"D5",5,0.309053382118398,0.869953309530349
12,23,"D5",6,0.276711833058582,0.895352871280259
12,23,"D5",7,0.252397035369172,0.912129534105384
12,23,"D5",8,0.233312693498452,0.924387614764153
12,23,"D5",9,0.217928511117366,0.934061957151129
12,23,"D5",10,0.20529130312412,0.942012139997417
12,23,"D5",11,0.194736842105263,0.948587880449685
12,23,"D5",12,0.185758513931889,0.95389507154213
12,23,"D6",1,1,NA
12,23,"D6",2,0.452848685946985,0.452848685946985
12,23,"D6",3,0.296798763244222,0.655403830141549
12,23,"D6",4,0.227894875758833,0.767843077470336
12,23,"D6",5,0.189541621105288,0.831706375468784
12,23,"D6",6,0.164942067472138,0.870215557460675
12,23,"D6",7,0.147644005379385,0.895126438283096
12,23,"D6",8,0.134705830599651,0.912369115518856
12,23,"D6",9,0.124610685871573,0.925057848772113
12,23,"D6",10,0.116511443761547,0.935003631082062
12,23,"D6",11,0.109912899211945,0.94336569579288
12,23,"D6",12,0.104520945665699,0.950943396226415
12,23,"D7",1,1,NA
12,23,"D7",2,0.372478585244543,0.372478585244543
12,23,"D7",3,0.233434650455927,0.626706231454006
12,23,"D7",4,0.173473335175463,0.74313446969697
12,23,"D7",5,0.139414663350834,0.803666241902941
12,23,"D7",6,0.117356807326412,0.84178238146361
12,23,"D7",7,0.101904301372386,0.868328848525619
12,23,"D7",8,0.0903932946486138,0.887041012314993
12,23,"D7",9,0.0814037026802984,0.900550234359079
12,23,"D7",10,0.0741917656811274,0.911405295315682
12,23,"D7",11,0.0683890577507599,0.921787709497207
12,23,"D7",12,0.0638297872340425,0.933333333333333
12,24,"D0",1,1,NA
12,24,"D0",2,0.828612832166107,0.828612832166107
12,24,"D0",3,0.740138990457305,0.893226560977194
12,24,"D0",4,0.686243773170684,0.927182302268226
12,24,"D0",5,0.649236031040305,0.946072017587291
12,24,"D0",6,0.621834563797748,0.957794290623935
12,24,"D0",7,0.600442813367849,0.965598968479249
12,24,"D0",8,0.582978678857867,0.970914574841813
12,24,"D0",9,0.568168583131817,0.974595819258663
12,24,"D0",10,0.555252968913335,0.977267989463111
12,24,"D0",11,0.543799042589942,0.97937169728996
12,24,"D0",12,0.533583378571781,0.981214266267356
12,24,"D1",1,1,NA
12,24,"D1",2,0.679195897755247,0.679195897755247
12,24,"D1",3,0.533807517538653,0.785940432359641
12,24,"D1",4,0.451397416312326,0.845618320239636
12,24,"D1",5,0.398410412592153,0.882615624712591
12,24,"D1",6,0.361551324625284,0.907484626902557
12,24,"D1",7,0.33446365614834,0.925079327243462
12,24,"D1",8,0.313746476863249,0.938058503803765
12,24,"D1",9,0.297428312883734,0.947989331569045
12,24,"D1",10,0.2842867290047,0.955815961998979
12,24,"D1",11,0.273520282564487,0.962128213026663
12,24,"D1",12,0.264583110349995,0.967325376638623
12,24,"D3",1,1,NA
12,24,"D3",2,0.58875019626315,0.58875019626315
12,24,"D3",3,0.463966085727744,0.788052536835789
12,24,"D3",4,0.403234416705919,0.869103214890017
12,24,"D3",5,0.366338252996284,0.908499467850375
12,24,"D3",6,0.340937128501895,0.93066210179627
12,24,"D3",7,0.321995865389648,0.944443530701754
12,24,"D3",8,0.307107342858638,0.953761758670432
12,24,"D3",9,0.295007065473387,0.960599192215273
12,24,"D3",10,0.284974093264249,0.965990739262334
12,24,"D3",11,0.276554404145078,0.970454545454545
12,24,"D3",12,0.269430051813472,0.97423887587822
12,24,"D5",1,1,NA
12,24,"D5",2,0.548493615031706,0.548493615031706
12,24,"D5",3,0.3974401683177,0.724603090037294
12,24,"D5",4,0.32133874911117,0.808521067388193
12,24,"D5",5,0.274738708200618,0.854981569949317
12,24,"D5",6,0.242795777029143,0.883733415721858
12,24,"D5",7,0.219226985379348,0.902927505831514
12,24,"D5",8,0.200898084022481,0.916393042010086
12,24,"D5",9,0.186078723590778,0.926234436212715
12,24,"D5",10,0.173752958709564,0.933760482427212
12,24,"D5",11,0.163291546126647,0.939791456441305
12,24,"D5",12,0.154291224686596,0.94488188976378
12,24,"D6",1,1,NA
12,24,"D6",2,0.451347647327547,0.451347647327547
12,24,"D6",3,0.291365920511649,0.645546558704454
12,24,"D6",4,0.219053308500545,0.751815133753045
12,24,"D6",5,0.177858991929344,0.811943874058864
12,24,"D6",6,0.150999754014829,0.848985774499473
12,24,"D6",7,0.131935903292687,0.873749127298115
12,24,"D6",8,0.117594967846224,0.89130376881076
12,24,"D6",9,0.106328847032365,0.904195553430552
12,24,"D6",10,0.0971992831289314,0.91413840967678
12,24,"D6",11,0.0896791650560495,0.922631959508315
12,24,"D6",12,0.083494395052184,0.931034482758621
12,24,"D7",1,1,NA
12,24,"D7",2,0.361071741918067,0.361071741918067
12,24,"D7",3,0.218343794290342,0.604710280373832
12,24,"D7",4,0.156882859778183,0.718513023409166
12,24,"D7",5,0.121380846325167,0.773703682459562
12,24,"D7",6,0.0981594500525458,0.808689781166845
12,24,"D7",7,0.0821241366898383,0.836640146678453
12,24,"D7",8,0.0709095408427257,0.86344336392275
12,24,"D7",9,0.0631706823243572,0.890862944162436
12,24,"D7",10,0.0580414388877641,0.918803418803419
12,24,"D7",11,0.0549368968077209,0.946511627906977
12,24,"D7",12,0.0534521158129176,0.972972972972973
12,25,"D0",1,1,NA
12,25,"D0",2,0.828986679246131,0.828986679246131
12,25,"D0",3,0.740796549632725,0.893616952091914
12,25,"D0",4,0.686838735763865,0.927162439004865
12,25,"D0",5,0.649540624929802,0.945695970695971
12,25,"D0",6,0.621727815056206,0.95718080008221
12,25,"D0",7,0.599843505477308,0.964800819508261
12,25,"D0",8,0.581820577906567,0.969953950645178
12,25,"D0",9,0.566391266257834,0.973480979816408
12,25,"D0",10,0.552795561246265,0.975995913387938
12,25,"D0",11,0.540597973807759,0.977934722538279
12,25,"D0",12,0.529577464788732,0.979614224334948
12,25,"D1",1,1,NA
12,25,"D1",2,0.685770647403857,0.685770647403857
12,25,"D1",3,0.541666468130119,0.789865343727853
12,25,"D1",4,0.459067322949078,0.847509214542704
12,25,"D1",5,0.405484691243903,0.883279360070857
12,25,"D1",6,0.36792611445371,0.907373625684919
12,25,"D1",7,0.340164578856334,0.924545895203455
12,25,"D1",8,0.318836353471292,0.937300275482094
12,25,"D1",9,0.301954076114147,0.947050337349109
12,25,"D1",10,0.288256007318851,0.954635257879023
12,25,"D1",11,0.276901305099848,0.960608965882042
12,25,"D1",12,0.267309607421773,0.965360590573538
12,25,"D3",1,1,NA
12,25,"D3",2,0.596198134197275,0.596198134197275
12,25,"D3",3,0.46933916234045,0.787220112609664
12,25,"D3",4,0.408764328558232,0.870935905965846
12,25,"D3",5,0.372724670491953,0.911832673380782
12,25,"D3",6,0.348195814490361,0.934190414685414
12,25,"D3",7,0.330025241682605,0.947815074014168
12,25,"D3",8,0.315776051628349,0.956823938733873
12,25,"D3",9,0.304121940747102,0.963093746909714
12,25,"D3",10,0.294273781178032,0.96761772746525
12,25,"D3",11,0.285744954916273,0.971017376309855
12,25,"D3",12,0.278231000429369,0.973703981968445
12,25,"D5",1,1,NA
12,25,"D5",2,0.542639454117071,0.542639454117071
12,25,"D5",3,0.396322021969952,0.730359760911244
12,25,"D5",4,0.324396438297482,0.818517317521348
12,25,"D5",5,0.280790061503626,0.865576894053728
12,25,"D5",6,0.25092779990121,0.893649150391917
12,25,"D5",7,0.228884265067368,0.912151882563352
12,25,"D5",8,0.211833583223688,0.925505224928143
12,25,"D5",9,0.198225268504636,0.935759408343284
12,25,"D5",10,0.187081178666503,0.943780679818468
12,25,"D5",11,0.177717940087513,0.949950932286555
12,25,"D5",12,0.169639851901717,0.954545454545455
12,25,"D6",1,1,NA
12,25,"D6",2,0.465674230380113,0.465674230380113
12,25,"D6",3,0.303815580286169,0.652420856610801
12,25,"D6",4,0.22997542997543,0.7569573283859
12,25,"D6",5,0.189207255383726,0.822728129713424
12,25,"D6",6,0.163901678607561,0.866254723029286
12,25,"D6",7,0.146866117454353,0.896062314322006
12,25,"D6",8,0.134711181770005,0.917237985894702
12,25,"D6",9,0.12569735510912,0.933087761962664
12,25,"D6",10,0.118875560052031,0.945728412096125
12,25,"D6",11,0.113672496025437,0.956231003039514
12,25,"D6",12,0.109697933227345,0.965034965034965
12,25,"D7",1,1,NA
12,25,"D7",2,0.364124684626028,0.364124684626028
12,25,"D7",3,0.220232766338406,0.604827894501565
12,25,"D7",4,0.157977265945037,0.717319536831732
12,25,"D7",5,0.124114918206234,0.785650501442506
12,25,"D7",6,0.103721703542653,0.835690866510539
12,25,"D7",7,0.0905835435826483,0.873332586032956
12,25,"D7",8,0.0816472694717995,0.901347708894879
12,25,"D7",9,0.0752990966061691,0.922248803827751
12,25,"D7",10,0.0706437698380402,0.938175529615218
12,25,"D7",11,0.0671441360787825,0.950460829493088
12,25,"D7",12,0.0644583706356312,0.96
12,26,"D0",1,1,NA
12,26,"D0",2,0.829147016378113,0.829147016378113
12,26,"D0",3,0.741989201145524,0.894882555794131
12,26,"D0",4,0.689491422808272,0.929247247458315
12,26,"D0",5,0.653779524137073,0.948205448987683
12,26,"D0",6,0.62753072060228,0.959850679677619
12,26,"D0",7,0.607126854320366,0.967485470253423
12,26,"D0",8,0.59047524850403,0.97257310280736
12,26,"D0",9,0.576294671156449,0.975984467793513
12,26,"D0",10,0.56381529552985,0.978345495366882
12,26,"D0",11,0.552593838089115,0.980097280918587
12,26,"D0",12,0.542406409178577,0.981564345802756
12,26,"D1",1,1,NA
12,26,"D1",2,0.679551116186511,0.679551116186511
12,26,"D1",3,0.533543416354674,0.785140960916671
12,26,"D1",4,0.450705817918411,0.844740660465396
12,26,"D1",5,0.397555616588849,0.882073407494412
12,26,"D1",6,0.360654451288892,0.907179866765359
12,26,"D1",7,0.333565420463178,0.924889237526657
12,26,"D1",8,0.312854093486944,0.937909250462848
12,26,"D1",9,0.296546639876263,0.947875211000357
12,26,"D1",10,0.2834386157649,0.955797765515628
12,26,"D1",11,0.272751364816876,0.962294301645587
12,26,"D1",12,0.263952933693751,0.967741935483871
12,26,"D3",1,1,NA
12,26,"D3",2,0.586049785877706,0.586049785877706
12,26,"D3",3,0.458550225855023,0.782442442442442
12,26,"D3",4,0.398146228905532,0.868271797627272
12,26,"D3",5,0.362091554390974,0.909443636792267
12,26,"D3",6,0.337315942822503,0.93157638926392
12,26,"D3",7,0.318771713695353,0.945024154589372
12,26,"D3",8,0.304133179504227,0.954078315100705
12,26,"D3",9,0.292144938305403,0.960582264590906
12,26,"D3",10,0.282054791841843,0.965461847389558
12,26,"D3",11,0.273392127339213,0.969287298946201
12,26,"D3",12,0.265863626586363,0.972462627852085
12,26,"D5",1,1,NA
12,26,"D5",2,0.559474796928897,0.559474796928897
12,26,"D5",3,0.412462445754979,0.737231503579952
12,26,"D5",4,0.337939987389192,0.8193230459336
12,26,"D5",5,0.291694484625941,0.863154688734744
12,26,"D5",6,0.259410418223148,0.889322328311441
12,26,"D5",7,0.23512666444123,0.906388671865026
12,26,"D5",8,0.215911872705018,0.918278976219584
12,26,"D5",9,0.200139089796373,0.926948051948052
12,26,"D5",10,0.186825414487593,0.933477886192422
12,26,"D5",11,0.175336597307222,0.938505062537225
12,26,"D5",12,0.165238678090575,0.942408376963351
12,26,"D6",1,1,NA
12,26,"D6",2,0.449202517117188,0.449202517117188
12,26,"D6",3,0.29497763881743,0.656669603524229
12,26,"D6",4,0.226097281038509,0.766489561530618
12,26,"D6",5,0.1877547789607,0.830415908136115
12,26,"D6",6,0.163867042839616,0.872771621296073
12,26,"D6",7,0.147959789448688,0.902925853086292
12,26,"D6",8,0.136874183717893,0.925076902501003
12,26,"D6",9,0.128871650769779,0.941533657182512
12,26,"D6",10,0.122927138164404,0.953872612247405
12,26,"D6",11,0.118415324336091,0.963296844816484
12,26,"D6",12,0.114932520679147,0.970588235294118
12,26,"D7",1,1,NA
12,26,"D7",2,0.343801652892562,0.343801652892562
12,26,"D7",3,0.200073461891644,0.581944444444444
12,26,"D7",4,0.138842975206612,0.693959977969524
12,26,"D7",5,0.105152535455566,0.75734861845973
12,26,"D7",6,0.0838952293497748,0.797843142690804
12,26,"D7",7,0.0691766146311601,0.824559574689878
12,26,"D7",8,0.0582307927762473,0.841769911504425
12,26,"D7",9,0.0496602387511478,0.852817493692178
12,26,"D7",10,0.0427303336394246,0.860453648915187
12,26,"D7",11,0.037037037037037,0.86676217765043
12,26,"D7",12,0.0323232323232323,0.872727272727273
12,27,"D0",1,1,NA
12,27,"D0",2,0.832406785730272,0.832406785730272
12,27,"D0",3,0.7453578622264,0.895425019358169
12,27,"D0",4,0.691824597526222,0.928177768809908
12,27,"D0",5,0.654898318487683,0.94662479598069
12,27,"D0",6,0.627505483192337,0.958172384136513
12,27,"D0",7,0.606096414663623,0.96588226063014
12,27,"D0",8,0.588643301553198,0.971204064752452
12,27,"D0",9,0.573906270981603,0.974964413027873
12,27,"D0",10,0.56110290497292,0.977690841421222
12,27,"D0",11,0.549729197439685,0.97972972972973
12,27,"D0",12,0.53943870014771,0.98128078817734
12,27,"D1",1,1,NA
12,27,"D1",2,0.682736212714007,0.682736212714007
12,27,"D1",3,0.537515260461226,0.787295664784647
12,27,"D1",4,0.454593518990262,0.8457313725385
12,27,"D1",5,0.400965614696185,0.88203108479594
12,27,"D1",6,0.363431746428468,0.90639130416169
12,27,"D1",7,0.335661254610181,0.923588150756794
12,27,"D1",8,0.314253030463245,0.936220746800823
12,27,"D1",9,0.297243023445836,0.945871621373597
12,27,"D1",10,0.283436031030406,0.953549818409963
12,27,"D1",11,0.272073596277889,0.959911819569272
12,27,"D1",12,0.262662577984562,0.965410027205597
12,27,"D3",1,1,NA
12,27,"D3",2,0.595571095571096,0.595571095571096
12,27,"D3",3,0.473264235764236,0.794639362594353
12,27,"D3",4,0.414668664668665,0.876188465834631
12,27,"D3",5,0.379634254634255,0.915512279997323
12,27,"D3",6,0.355572998430141,0.936619902154788
12,27,"D3",7,0.337592962592963,0.949433629897206
12,27,"D3",8,0.323504273504274,0.958267231104352
12,27,"D3",9,0.312162837162837,0.964941927293314
12,27,"D3",10,0.302863802863803,0.97021095020935
12,27,"D3",11,0.295100732600733,0.974367784496976
12,27,"D3",12,0.288461538461538,0.977501939487975
12,27,"D5",1,1,NA
12,27,"D5",2,0.555186170212766,0.555186170212766
12,27,"D5",3,0.408710106382979,0.736167664670659
12,27,"D5",4,0.334324629271438,0.817999418292244
12,27,"D5",5,0.287803231785945,0.860849625147651
12,27,"D5",6,0.255025559546836,0.886110826359702
12,27,"D5",7,0.23014889587363,0.902454233538746
12,27,"D5",8,0.210356221792392,0.914000569039855
12,27,"D5",9,0.194136847195358,0.92289567449523
12,27,"D5",10,0.180609284332689,0.930319447039044
12,27,"D5",11,0.169215425531915,0.936914323962517
12,27,"D5",12,0.159574468085106,0.943025540275049
12,27,"D6",1,1,NA
12,27,"D6",2,0.455926621099975,0.455926621099975
12,27,"D6",3,0.298905691114495,0.655600434985242
12,27,"D6",4,0.231422129357462,0.774231258343009
12,27,"D6",5,0.195246189987133,0.843679861252806
12,27,"D6",6,0.172681233842122,0.884428187067324
12,27,"D6",7,0.156945378994464,0.908873393491933
12,27,"D6",8,0.14508623437334,0.924437758555848
12,27,"D6",9,0.135715550518823,0.935413005272408
12,27,"D6",10,0.128129758827071,0.944105213715359
12,27,"D6",11,0.121932216595247,0.951630735212825
12,27,"D6",12,0.116867939228672,0.958466453674121
12,27,"D7",1,1,NA
12,27,"D7",2,0.333707444818556,0.333707444818556
12,27,"D7",3,0.198294051627385,0.594215246636771
12,27,"D7",4,0.142561416635491,0.718939451110608
12,27,"D7",5,0.111772041401671,0.784027291812456
12,27,"D7",6,0.0928330928330928,0.830557370778279
12,27,"D7",7,0.0805711435341065,0.867914028017655
12,27,"D7",8,0.0724080309265494,0.898684414177372
12,27,"D7",9,0.0669360269360269,0.924428217139708
12,27,"D7",10,0.0632996632996633,0.945674044265594
12,27,"D7",11,0.0609053497942387,0.962174940898345
12,27,"D7",12,0.0592592592592593,0.972972972972973
12,28,"D0",1,1,NA
12,28,"D0",2,0.831859833929003,0.831859833929003
12,28,"D0",3,0.744441458630049,0.894912133350562
12,28,"D0",4,0.690503020151261,0.927545090546076
12,28,"D0",5,0.653074493083361,0.945795273915382
12,28,"D0",6,0.625082376486456,0.957137942312299
12,28,"D0",7,0.602998653397708,0.964670699543828
12,28,"D0",8,0.584833854357945,0.969875887885638
12,28,"D0",9,0.569392416628598,0.97359688120945
12,28,"D0",10,0.555934753983823,0.976364872007853
12,28,"D0",11,0.543994482214997,0.978522170662542
12,28,"D0",12,0.533254507833284,0.980257199782648
12,28,"D1",1,1,NA
12,28,"D1",2,0.68205284523343,0.68205284523343
12,28,"D1",3,0.536963116717228,0.787274945731595
12,28,"D1",4,0.45399742273445,0.845490888666625
12,28,"D1",5,0.40031240071157,0.881750381534037
12,28,"D1",6,0.362851157039246,0.906419976983636
12,28,"D1",7,0.335309021880952,0.924095225758603
12,28,"D1",8,0.314262535945436,0.937232568877944
12,28,"D1",9,0.297702233898945,0.947304243578795
12,28,"D1",10,0.28437335191287,0.955227470712902
12,28,"D1",11,0.273457874288147,0.961615680402899
12,28,"D1",12,0.264410027143541,0.96691319579603
12,28,"D3",1,1,NA
12,28,"D3",2,0.57966532928858,0.57966532928858
12,28,"D3",3,0.449374694197084,0.775231278276724
12,28,"D3",4,0.387090713377043,0.861398557541549
12,28,"D3",5,0.349969011971165,0.90410076986342
12,28,"D3",6,0.324845875330267,0.928213253798117
12,28,"D3",7,0.306487914668754,0.94348716712857
12,28,"D3",8,0.292386078220309,0.953988931460196
12,28,"D3",9,0.281182111752618,0.961680916766328
12,28,"D3",10,0.272081416968392,0.96763416162038
12,28,"D3",11,0.264585575888052,0.97245000719321
12,28,"D3",12,0.258342303552207,0.97640358014646
12,28,"D5",1,1,NA
12,28,"D5",2,0.548996068309373,0.548996068309373
12,28,"D5",3,0.402851226027192,0.733796195057949
12,28,"D5",4,0.330037916304011,0.819255087191255
12,28,"D5",5,0.285412727472813,0.864787690666149
12,28,"D5",6,0.254783842766675,0.892685638172686
12,28,"D5",7,0.232304891103174,0.91177246006103
12,28,"D5",8,0.215084486329122,0.925871535927306
12,28,"D5",9,0.20148864011525,0.93678834561286
12,28,"D5",10,0.190521924427504,0.945571543480204
12,28,"D5",11,0.181578078573787,0.953056080655325
12,28,"D5",12,0.174314955430835,0.96
12,28,"D6",1,1,NA
12,28,"D6",2,0.468941324420029,0.468941324420029
12,28,"D6",3,0.307336929542973,0.655384615384615
12,28,"D6",4,0.235408324232496,0.765961723449771
12,28,"D6",5,0.196092707195729,0.832989690721649
12,28,"D6",6,0.171431408053177,0.874236530795937
12,28,"D6",7,0.154521185646049,0.901358668174255
12,28,"D6",8,0.142206925461385,0.920306978404426
12,28,"D6",9,0.132799417546414,0.933846344793347
12,28,"D6",10,0.125293708839395,0.943480861244019
12,28,"D6",11,0.119038951583546,0.950079239302694
12,28,"D6",12,0.113578449217328,0.954128440366973
12,28,"D7",1,1,NA
12,28,"D7",2,0.349660889223813,0.349660889223813
12,28,"D7",3,0.216660957731041,0.619631661442006
12,28,"D7",4,0.159850197529173,0.737789582411096
12,28,"D7",5,0.126475759859332,0.791214285714286
12,28,"D7",6,0.104140772565791,0.823404996195463
12,28,"D7",7,0.0878947728985408,0.84399962409548
12,28,"D7",8,0.0753579502637528,0.857365549493375
12,28,"D7",9,0.06531479071042,0.866727272727273
12,28,"D7",10,0.0571350277454271,0.874764002517306
12,28,"D7",11,0.0504898266767144,0.883693045563549
12,28,"D7",12,0.0452147701582517,0.895522388059702
12,29,"D0",1,1,NA
12,29,"D0",2,0.830003552365921,0.830003552365921
12,29,"D0",3,0.742529914068718,0.894610525403344
12,29,"D0",4,0.68915179394479,0.928113172126035
12,29,"D0",5,0.652439965765385,0.946728966677629
12,29,"D0",6,0.625223468226881,0.958285054615599
12,29,"D0",7,0.603951669836816,0.96597728736832
12,29,"D0",8,0.586606231479358,0.971280088749246
12,29,"D0",9,0.571959691888465,0.975031735421636
12,29,"D0",10,0.559241322559322,0.977763521609102
12,29,"D0",11,0.547954691596181,0.979817959603757
12,29,"D0",12,0.537765247069298,0.981404585665282
12,29,"D1",1,1,NA
12,29,"D1",2,0.680138624021065,0.680138624021065
12,29,"D1",3,0.534822508978616,0.786343386612391
12,29,"D1",4,0.452287328615728,0.84567743694911
12,29,"D1",5,0.399149895289816,0.882513990633909
12,29,"D1",6,0.362120682001419,0.907229805831438
12,29,"D1",7,0.334848323507678,0.924687100601358
12,29,"D1",8,0.313940813738492,0.937561252957247
12,29,"D1",9,0.297453074026389,0.947481375499531
12,29,"D1",10,0.284198604079341,0.955440131219246
12,29,"D1",11,0.273400063890959,0.962003542475646
12,29,"D1",12,0.264508572037057,0.967478091528724
12,29,"D3",1,1,NA
12,29,"D3",2,0.586486221437678,0.586486221437678
12,29,"D3",3,0.460311856428361,0.784863888703097
12,29,"D3",4,0.400719165767709,0.870538440780036
12,29,"D3",5,0.365842894969109,0.91296580304118
12,29,"D3",6,0.342761876742459,0.936910027380474
12,29,"D3",7,0.326249550521395,0.9518256628246
12,29,"D3",8,0.313796868359975,0.961830806689178
12,29,"D3",9,0.304065901735805,0.96898959930662
12,29,"D3",10,0.296283220555065,0.974404623680883
12,29,"D3",11,0.289967637540453,0.978683966635774
12,29,"D3",12,0.284789644012945,0.982142857142857
12,29,"D5",1,1,NA
12,29,"D5",2,0.554447830074254,0.554447830074254
12,29,"D5",3,0.407679791734461,0.735289723615409
12,29,"D5",4,0.333090751313986,0.817040133132087
12,29,"D5",5,0.286296088118412,0.859513772114724
12,29,"D5",6,0.253227735492623,0.884495967642732
12,29,"D5",7,0.228140500350068,0.900930144584077
12,29,"D5",8,0.208194538946247,0.912571589116293
12,29,"D5",9,0.191805461053753,0.921279981811981
12,29,"D5",10,0.178031535662515,0.928188043679437
12,29,"D5",11,0.16628701594533,0.93403123961449
12,29,"D5",12,0.15619915392125,0.939334637964775
12,29,"D6",1,1,NA
12,29,"D6",2,0.45933014354067,0.45933014354067
12,29,"D6",3,0.30960275954156,0.674031007751938
12,29,"D6",4,0.245856360421844,0.794102613251549
12,29,"D6",5,0.211311400417888,0.859491290179829
12,29,"D6",6,0.189813858112512,0.898266055390942
12,29,"D6",7,0.175185143973394,0.922931263899357
12,29,"D6",8,0.164593301435407,0.939539150993331
12,29,"D6",9,0.156603983531768,0.951460248783126
12,29,"D6",10,0.150439523756537,0.960636634929658
12,29,"D6",11,0.145654834761322,0.968195266272189
12,29,"D6",12,0.141982864137087,0.974789915966387
12,29,"D7",1,1,NA
12,29,"D7",2,0.364752668666713,0.364752668666713
12,29,"D7",3,0.221530733272867,0.60734506503443
12,29,"D7",4,0.159799065094537,0.721340388007055
12,29,"D7",5,0.124805228028559,0.781013505646758
12,29,"D7",6,0.102151877286183,0.818490370153465
12,29,"D7",7,0.0866182934486849,0.847936384037467
12,29,"D7",8,0.0757040861415382,0.873996509598604
12,29,"D7",9,0.0679411149096491,0.897456377488326
12,29,"D7",10,0.0623735435707807,0.918052988293284
12,29,"D7",11,0.0583269378357636,0.935123042505593
12,29,"D7",12,0.0552570990023024,0.947368421052632
12,30,"D0",1,1,NA
12,30,"D0",2,0.831650328331255,0.831650328331255
12,30,"D0",3,0.744006222424868,0.894614235189147
12,30,"D0",4,0.690022812577762,0.927442260266099
12,30,"D0",5,0.652608844008756,0.945778649796756
12,30,"D0",6,0.62466082867322,0.957174936269848
12,30,"D0",7,0.602657344949718,0.964775310514929
12,30,"D0",8,0.584601584513076,0.970039757105841
12,30,"D0",9,0.569279459292736,0.973790482909652
12,30,"D0",10,0.555932536755667,0.976554709081458
12,30,"D0",11,0.544082214682598,0.978683884663011
12,30,"D0",12,0.533412007670748,0.980388612742883
12,30,"D1",1,1,NA
12,30,"D1",2,0.703032791091497,0.703032791091497
12,30,"D1",3,0.566492346879272,0.805783676177837
12,30,"D1",4,0.487878943382612,0.861227774868046
12,30,"D1",5,0.43658942791698,0.894872455224185
12,30,"D1",6,0.400393469105944,0.917093826610207
12,30,"D1",7,0.373399671264915,0.932581822822173
12,30,"D1",8,0.352413963621435,0.943798269633208
12,30,"D1",9,0.335557971048298,0.952169907230906
12,30,"D1",10,0.321659661219368,0.95858149402468
12,30,"D1",11,0.30995022322574,0.963596809282088
12,30,"D1",12,0.299892235849541,0.967549668874172
12,30,"D3",1,1,NA
12,30,"D3",2,0.596001840994137,0.596001840994137
12,30,"D3",3,0.474100014007564,0.795467365028203
12,30,"D3",4,0.414997431946585,0.875337312139298
12,30,"D3",5,0.379041348995124,0.913358300115726
12,30,"D3",6,0.354116937431928,0.934243555144383
12,30,"D3",7,0.335527851706588,0.947505798903186
12,30,"D3",8,0.32107471367872,0.956924177965091
12,30,"D3",9,0.309515138174614,0.963997241104223
12,30,"D3",10,0.300042022692254,0.96939369254044
12,30,"D3",11,0.292097732775699,0.973522742430305
12,30,"D3",12,0.285274047985912,0.976639035418236
12,30,"D5",1,1,NA
12,30,"D5",2,0.545039841227524,0.545039841227524
12,30,"D5",3,0.397298498178264,0.728934782608696
12,30,"D5",4,0.322876862466305,0.812680802839164
12,30,"D5",5,0.277101414931327,0.85822629969419
12,30,"D5",6,0.245471048990111,0.885852744746701
12,30,"D5",7,0.22203955488413,0.904544775433273
12,30,"D5",8,0.203908093644164,0.918341300722624
12,30,"D5",9,0.189460588287568,0.929146974509956
12,30,"D5",10,0.177730383008975,0.938086303939963
12,30,"D5",11,0.168132942326491,0.946
12,30,"D5",12,0.160312805474096,0.953488372093023
12,30,"D6",1,1,NA
12,30,"D6",2,0.450876170227358,0.450876170227358
12,30,"D6",3,0.290730770549707,0.644812899300274
12,30,"D6",4,0.219251740338123,0.754140127388535
12,30,"D6",5,0.178783306470972,0.8154247997998
12,30,"D6",6,0.152326737766195,0.852018797353026
12,30,"D6",7,0.133545946069522,0.876707188953925
12,30,"D6",8,0.119511219322611,0.894907130017975
12,30,"D6",9,0.108597098864922,0.908677021960364
12,30,"D6",10,0.0997908165014917,0.918908677529367
12,30,"D6",11,0.0924179554884949,0.926116838487972
12,30,"D6",12,0.0860052810260279,0.930612244897959
12,30,"D7",1,1,NA
12,30,"D7",2,0.387363568571622,0.387363568571622
12,30,"D7",3,0.241814114297336,0.624256212810641
12,30,"D7",4,0.176693105552166,0.730698065601346
12,30,"D7",5,0.138578175490927,0.784287395129936
12,30,"D7",6,0.113144871534133,0.816469629025683
12,30,"D7",7,0.0950331051002192,0.839924106251248
12,30,"D7",8,0.0816758185885703,0.85944596361907
12,30,"D7",9,0.0716290420988408,0.87699203187251
12,30,"D7",10,0.0639956613110975,0.893431762256294
12,30,"D7",11,0.058165548098434,0.908898305084746
12,30,"D7",12,0.0536912751677852,0.923076923076923
12,31,"D0",1,1,NA
12,31,"D0",2,0.834692444297325,0.834692444297325
12,31,"D0",3,0.748313822672923,0.896514432094663
12,31,"D0",4,0.694983292552549,0.92873240009134
12,31,"D0",5,0.657959559179851,0.946727160538326
12,31,"D0",6,0.630059602356999,0.957596243669399
12,31,"D0",7,0.60779621238215,0.964664628724704
12,31,"D0",8,0.589340335401448,0.969634761446824
12,31,"D0",9,0.573654569609891,0.973384197806735
12,31,"D0",10,0.560108788519948,0.976386867973257
12,31,"D0",11,0.548295035181814,0.97890810931685
12,31,"D0",12,0.537912709737736,0.981064345328906
12,31,"D1",1,1,NA
12,31,"D1",2,0.683094132545378,0.683094132545378
12,31,"D1",3,0.537960013814805,0.787534233108155
12,31,"D1",4,0.455072463768116,0.845922470224296
12,31,"D1",5,0.401562320119728,0.882414015549721
12,31,"D1",6,0.364272283225428,0.907137609716016
12,31,"D1",7,0.336858187190606,0.924742844028413
12,31,"D1",8,0.315897258784553,0.93777521460628
12,31,"D1",9,0.299386968034077,0.947735251600468
12,31,"D1",10,0.286071990483134,0.955525861267861
12,31,"D1",11,0.275116082735331,0.961702270364533
12,31,"D1",12,0.265934993668214,0.96662830840046
12,31,"D3",1,1,NA
12,31,"D3",2,0.585634070994191,0.585634070994191
12,31,"D3",3,0.45832637121374,0.7826156194015
12,31,"D3",4,0.397075262131898,0.866359186534179
12,31,"D3",5,0.360417597647775,0.907680815250721
12,31,"D3",6,0.335403002639592,0.930595522606448
12,31,"D3",7,0.316828252605128,0.944619607194086
12,31,"D3",8,0.302224640074608,0.953906848867039
12,31,"D3",9,0.290283471604267,0.960489096893643
12,31,"D3",10,0.280246361887738,0.965423075378499
12,31,"D3",11,0.271639239153665,0.969287298946201
12,31,"D3",12,0.264159008335114,0.972462627852085
12,31,"D5",1,1,NA
12,31,"D5",2,0.558132237110491,0.558132237110491
12,31,"D5",3,0.420679700003138,0.75372765096143
12,31,"D5",4,0.351008880660244,0.834385116889705
12,31,"D5",5,0.307078377841236,0.874845038859486
12,31,"D5",6,0.27621498280801,0.899493428191865
12,31,"D5",7,0.253192958232654,0.916651789337012
12,31,"D5",8,0.235328082342235,0.929441655822024
12,31,"D5",9,0.221006056422004,0.939140174951995
12,31,"D5",10,0.209181912323093,0.946498551712387
12,31,"D5",11,0.199171556782879,0.952145214521452
12,31,"D5",12,0.190541939937867,0.956672443674177
12,31,"D6",1,1,NA
12,31,"D6",2,0.433375938648346,0.433375938648346
12,31,"D6",3,0.277975714970443,0.64141935483871
12,31,"D6",4,0.209873781754274,0.755007615599046
12,31,"D6",5,0.171812589870586,0.818647228989038
12,31,"D6",6,0.147233697760939,0.856943591106093
12,31,"D6",7,0.129733184214731,0.88113785218773
12,31,"D6",8,0.116397720615647,0.897208538587849
12,31,"D6",9,0.105783671513021,0.908812225475842
12,31,"D6",10,0.0971401182297492,0.918290288476061
12,31,"D6",11,0.0900702987697715,0.927220394736842
12,31,"D6",12,0.0843585237258348,0.936585365853658
12,31,"D7",1,1,NA
12,31,"D7",2,0.353752113408766,0.353752113408766
12,31,"D7",3,0.21810378462739,0.616544117647059
12,31,"D7",4,0.159119087874453,0.729556748161399
12,31,"D7",5,0.125666536610743,0.789764058413252
12,31,"D7",6,0.10435129963027,0.830382554056551
12,31,"D7",7,0.0897277495989942,0.859862310454316
12,31,"D7",8,0.078987297871418,0.880299553086122
12,31,"D7",9,0.0705423332032774,0.893084522502744
12,31,"D7",10,0.0634672909351021,0.899705014749262
12,31,"D7",11,0.0572246065808298,0.901639344262295
12,31,"D7",12,0.0515021459227468,0.9
12,32,"D0",1,1,NA
12,32,"D0",2,0.830287464190457,0.830287464190457
12,32,"D0",3,0.742579005505016,0.894363744524363
12,32,"D0",4,0.688747796048004,0.927507768119027
12,32,"D0",5,0.651492700391248,0.945908943926176
12,32,"D0",6,0.623683883043757,0.957315228043551
12,32,"D0",7,0.601818840384483,0.96494210728588
12,32,"D0",8,0.583931580948276,0.970278000228807
12,32,"D0",9,0.568836941977315,0.974149986978873
12,32,"D0",10,0.555791042899608,0.977065661325793
12,32,"D0",11,0.544305047910698,0.979333968879768
12,32,"D0",12,0.534031413612565,0.981125226860254
12,32,"D1",1,1,NA
12,32,"D1",2,0.699985445531074,0.699985445531074
12,32,"D1",3,0.56273962055091,0.803930459045422
12,32,"D1",4,0.484327653960459,0.860660305891226
12,32,"D1",5,0.433565109338492,0.895189663016617
12,32,"D1",6,0.398013080242074,0.918000714700818
12,32,"D1",7,0.371692966435517,0.933871234104796
12,32,"D1",8,0.351375553813193,0.945338183777957
12,32,"D1",9,0.335168761414694,0.953876152673061
12,32,"D1",10,0.321888512768025,0.960377427208266
12,32,"D1",11,0.310747301554511,0.965387981330222
12,32,"D1",12,0.301192996952952,0.969253780953964
12,32,"D3",1,1,NA
12,32,"D3",2,0.583317966685107,0.583317966685107
12,32,"D3",3,0.457717130739443,0.784678609062171
12,32,"D3",4,0.397664269469543,0.868799183519996
12,32,"D3",5,0.361256240566585,0.908445310031189
12,32,"D3",6,0.335941273060949,0.929925175919637
12,32,"D3",7,0.31686370124504,0.943211586828608
12,32,"D3",8,0.301738138654974,0.95226476705715
12,32,"D3",9,0.289323252812097,0.958855430413211
12,32,"D3",10,0.27889442088225,0.963954394164719
12,32,"D3",11,0.270002253775073,0.968116367910667
12,32,"D3",12,0.262339418526031,0.971619365609349
12,32,"D5",1,1,NA
12,32,"D5",2,0.570362682673698,0.570362682673698
12,32,"D5",3,0.426316232363749,0.747447624668044
12,32,"D5",4,0.353830187091526,0.829971181556196
12,32,"D5",5,0.309612633586716,0.875031709791984
12,32,"D5",6,0.279030441943123,0.901224341883882
12,32,"D5",7,0.2558974502819,0.917095097222621
12,32,"D5",8,0.237255616953241,0.927151156417845
12,32,"D5",9,0.221564612493338,0.933864560673414
12,32,"D5",10,0.207960506016662,0.938599822762375
12,32,"D5",11,0.19592718296822,0.94213649851632
12,32,"D5",12,0.185128046899105,0.94488188976378
12,32,"D6",1,1,NA
12,32,"D6",2,0.452236313901027,0.452236313901027
12,32,"D6",3,0.297665991687094,0.658208955223881
12,32,"D6",4,0.23135931412602,0.77724469904921
12,32,"D6",5,0.19564934219096,0.845651461796741
12,32,"D6",6,0.173444375085641,0.886506303283933
12,32,"D6",7,0.158235342877781,0.912311758739076
12,32,"D6",8,0.147065023032198,0.929406922357343
12,32,"D6",9,0.138463178088032,0.94150992012368
12,32,"D6",10,0.131656541973072,0.950841543513957
12,32,"D6",11,0.126221180148496,0.958715596330275
12,32,"D6",12,0.121922626025791,0.96594427244582
12,32,"D7",1,1,NA
12,32,"D7",2,0.34435049961568,0.34435049961568
12,32,"D7",3,0.202669275382573,0.588555194805195
12,32,"D7",4,0.14092655998882,0.695352365191008
12,32,"D7",5,0.107318379801085,0.761519899510776
12,32,"D7",6,0.0869560877247272,0.810262770327882
12,32,"D7",7,0.0739058533063145,0.849921555121877
12,32,"D7",8,0.065366967134838,0.884462653640088
12,32,"D7",9,0.0599119558381664,0.916547890535918
12,32,"D7",10,0.0567395709594019,0.947049218567763
12,32,"D7",11,0.0553420445810915,0.975369458128079
12,32,"D7",12,0.0553420445810915,1
12,33,"D0",1,1,NA
12,33,"D0",2,0.829053578078799,0.829053578078799
12,33,"D0",3,0.740906623113819,0.893677613491222
12,33,"D0",4,0.687228037743807,0.927550134260622
12,33,"D0",5,0.650248349942343,0.946190076989773
12,33,"D0",6,0.622679230842698,0.95760216984466
12,33,"D0",7,0.600941052596943,0.965089283263334
12,33,"D0",8,0.582976400399035,0.970105799694871
12,33,"D0",9,0.567540864446249,0.97352288027059
12,33,"D0",10,0.553907865985256,0.975978824935725
12,33,"D0",11,0.541681062139085,0.977926285945727
12,33,"D0",12,0.530674695227284,0.979681093394077
12,33,"D1",1,1,NA
12,33,"D1",2,0.679385252102276,0.679385252102276
12,33,"D1",3,0.534154233590536,0.786231717479383
12,33,"D1",4,0.451752181177209,0.845733596719009
12,33,"D1",5,0.398745873943168,0.882665077353
12,33,"D1",6,0.361887052658513,0.907563128064096
12,33,"D1",7,0.334817005617457,0.925197525464939
12,33,"D1",8,0.314107738684965,0.93814750569703
12,33,"D1",9,0.297767170822413,0.94797782464398
12,33,"D1",10,0.284572248495586,0.955687115237102
12,33,"D1",11,0.273742416921673,0.961943472593812
12,33,"D1",12,0.264776936704783,0.967248480094136
12,33,"D3",1,1,NA
12,33,"D3",2,0.58935097910976,0.58935097910976
12,33,"D3",3,0.46253991459239,0.784829296951498
12,33,"D3",4,0.401497839161826,0.86802852358297
12,33,"D3",5,0.36482578642968,0.908661892655006
12,33,"D3",6,0.339965155453941,0.931856157375732
12,33,"D3",7,0.321964887982662,0.947052610591095
12,33,"D3",8,0.308452275612665,0.958030788839544
12,33,"D3",9,0.298107182703035,0.96646128517262
12,33,"D3",10,0.290116569845728,0.973195503761921
12,33,"D3",11,0.283961066440965,0.978782654820316
12,33,"D3",12,0.279305966991113,0.983606557377049
12,33,"D5",1,1,NA
12,33,"D5",2,0.552867611691141,0.552867611691141
12,33,"D5",3,0.404295051353875,0.731269191402252
12,33,"D5",4,0.329502305972894,0.815004548953741
12,33,"D5",5,0.283771421026323,0.861212246112981
12,33,"D5",6,0.252185722773958,0.888693166710981
12,33,"D5",7,0.228569542295032,0.906354014735031
12,33,"D5",8,0.209942562883739,0.918506292552094
12,33,"D5",9,0.194669382904677,0.927250673854447
12,33,"D5",10,0.181761593526299,0.93369378797128
12,33,"D5",11,0.170557111733582,0.938356164383562
12,33,"D5",12,0.160597572362278,0.941605839416058
12,33,"D6",1,1,NA
12,33,"D6",2,0.467864780700109,0.467864780700109
12,33,"D6",3,0.312572693505422,0.668083400160385
12,33,"D6",4,0.241883965532335,0.773848677629736
12,33,"D6",5,0.201640840930977,0.833626323626737
12,33,"D6",6,0.1755256711922,0.87048670488477
12,33,"D6",7,0.156992958891432,0.894415943976222
12,33,"D6",8,0.142953263547568,0.910571178204413
12,33,"D6",9,0.13180505008817,0.922014977603584
12,33,"D6",10,0.122687877537238,0.930828351836038
12,33,"D6",11,0.115146512587701,0.938532110091743
12,33,"D6",12,0.108955839867932,0.946236559139785
12,33,"D7",1,1,NA
12,33,"D7",2,0.353106353106353,0.353106353106353
12,33,"D7",3,0.22032994032994,0.623976143141153
12,33,"D7",4,0.163369603369603,0.741477091696935
12,33,"D7",5,0.12972972972973,0.794087315228601
12,33,"D7",6,0.10718547861405,0.826221397649969
12,33,"D7",7,0.0912366912366912,0.851203842315369
12,33,"D7",8,0.0796162396162396,0.872634008720185
12,33,"D7",9,0.070972270972271,0.891429579120621
12,33,"D7",10,0.0644436644436644,0.908011869436202
12,33,"D7",11,0.0594594594594595,0.922657952069717
12,33,"D7",12,0.0555984555984556,0.935064935064935
12,34,"D0",1,1,NA
12,34,"D0",2,0.833153765339652,0.833153765339652
12,34,"D0",3,0.74620649574178,0.895640788993582
12,34,"D0",4,0.692474983421627,0.927993775681703
12,34,"D0",5,0.655007413699324,0.945893251569653
12,34,"D0",6,0.626778090363042,0.956902284240037
12,34,"D0",7,0.604349867000469,0.964216644283813
12,34,"D0",8,0.58580116383903,0.969308004892098
12,34,"D0",9,0.569976529494602,0.972986338503117
12,34,"D0",10,0.556157095916132,0.975754381341415
12,34,"D0",11,0.543889845094664,0.977942831420212
12,34,"D0",12,0.532874354561102,0.979746835443038
12,34,"D1",1,1,NA
12,34,"D1",2,0.680942618008153,0.680942618008153
12,34,"D1",3,0.535361682626209,0.786206749978747
12,34,"D1",4,0.452522250898478,0.845264548405177
12,34,"D1",5,0.399146144383608,0.882047553664174
12,34,"D1",6,0.361905910486436,0.906700253976695
12,34,"D1",7,0.334421155036703,0.9240555220201
12,34,"D1",8,0.313284932101594,0.936797590054406
12,34,"D1",9,0.296531030656793,0.946521840892853
12,34,"D1",10,0.282949419908826,0.954198349097274
12,34,"D1",11,0.271743167949058,0.9603948579807
12,34,"D1",12,0.262350756168745,0.965436438195665
12,34,"D3",1,1,NA
12,34,"D3",2,0.589186323880201,0.589186323880201
12,34,"D3",3,0.462023399341184,0.784171968382495
12,34,"D3",4,0.400232226471294,0.866259646247354
12,34,"D3",5,0.362869637650979,0.906647725122668
12,34,"D3",6,0.337224208527832,0.929326054146714
12,34,"D3",7,0.31817866293085,0.943522602721416
12,34,"D3",8,0.303262529501597,0.953120258624964
12,34,"D3",9,0.291140055279997,0.96002646867873
12,34,"D3",10,0.281019272272917,0.96523740782646
12,34,"D3",11,0.272386505622657,0.96928051738076
12,34,"D3",12,0.264889629321116,0.972477064220184
12,34,"D5",1,1,NA
12,34,"D5",2,0.558025448413307,0.558025448413307
12,34,"D5",3,0.413128928407175,0.740340659340659
12,34,"D5",4,0.338502733915887,0.819363425410538
12,34,"D5",5,0.290781337830242,0.859022125069443
12,34,"D5",6,0.256406999408686,0.881786297985795
12,34,"D5",7,0.229832898972865,0.896359691829379
12,34,"D5",8,0.208329500740968,0.906438989683387
12,34,"D5",9,0.190347999386785,0.913687205651491
12,34,"D5",10,0.174950176299249,0.919106987532618
12,34,"D5",11,0.161551433389545,0.92341395022783
12,34,"D5",12,0.149747048903879,0.926931106471816
12,34,"D6",1,1,NA
12,34,"D6",2,0.445679158292942,0.445679158292942
12,34,"D6",3,0.292209481026126,0.655649867374005
12,34,"D6",4,0.224665379411803,0.768850410407171
12,34,"D6",5,0.187183932957665,0.833167680074836
12,34,"D6",6,0.163365026824065,0.872751332033462
12,34,"D6",7,0.146812730687893,0.898679071904434
12,34,"D6",8,0.134662621008525,0.917240762279681
12,34,"D6",9,0.125475824565551,0.931779165040968
12,34,"D6",10,0.118453717933562,0.944036178631996
12,34,"D6",11,0.113133940182055,0.955089820359281
12,34,"D6",12,0.109232769830949,0.96551724137931
12,34,"D7",1,1,NA
12,34,"D7",2,0.369417108251325,0.369417108251325
12,34,"D7",3,0.230734292202877,0.624590163934426
12,34,"D7",4,0.170541141926456,0.739123518651078
12,34,"D7",5,0.136317757438121,0.799324760572474
12,34,"D7",6,0.11362899023762,0.833559709117135
12,34,"D7",7,0.097114215585071,0.854660552575417
12,34,"D7",8,0.0844355745188448,0.869446084799811
12,34,"D7",9,0.0744064414011424,0.881221473592697
12,34,"D7",10,0.0663409262955062,0.891601923788383
12,34,"D7",11,0.0598031794095382,0.901452282157676
12,34,"D7",12,0.0545041635124905,0.911392405063291
12,35,"D0",1,1,NA
12,35,"D0",2,0.829575757575758,0.829575757575758
12,35,"D0",3,0.741400673400673,0.893710630560426
12,35,"D0",4,0.687347549569772,0.927093236127006
12,35,"D0",5,0.649985035540591,0.945642471479578
12,35,"D0",6,0.622124098124098,0.95713603253447
12,35,"D0",7,0.600204264870932,0.964766140197331
12,35,"D0",8,0.582203666292555,0.97000921247661
12,35,"D0",9,0.566903703703704,0.973720600754233
12,35,"D0",10,0.553553310886644,0.976450334104649
12,35,"D0",11,0.541679012345679,0.978548952183222
12,35,"D0",12,0.530962962962963,0.980216975111678
12,35,"D1",1,1,NA
12,35,"D1",2,0.686183441132247,0.686183441132247
12,35,"D1",3,0.541668297572734,0.789392843230007
12,35,"D1",4,0.458496861500274,0.846453195719301
12,35,"D1",5,0.40435730367471,0.881919458186886
12,35,"D1",6,0.366313549931297,0.905915502458644
12,35,"D1",7,0.33812740160863,0.923054584445611
12,35,"D1",8,0.316406596816153,0.935761477214975
12,35,"D1",9,0.299145086994916,0.945445164560629
12,35,"D1",10,0.285076016134037,0.952969072625556
12,35,"D1",11,0.273352585980572,0.958876126050702
12,35,"D1",12,0.263376214229457,0.963503649635037
12,35,"D3",1,1,NA
12,35,"D3",2,0.591844369622147,0.591844369622147
12,35,"D3",3,0.466116722783389,0.787566371681416
12,35,"D3",4,0.405541838134431,0.870043528395121
12,35,"D3",5,0.369244918318992,0.910497718355248
12,35,"D3",6,0.344567366789589,0.933167525658175
12,35,"D3",7,0.326406035665295,0.947292364644083
12,35,"D3",8,0.312308267863823,0.956809108101396
12,35,"D3",9,0.300953984287318,0.963643986583613
12,35,"D3",10,0.291545080433969,0.968736403754118
12,35,"D3",11,0.283539094650206,0.972539458488387
12,35,"D3",12,0.276543209876543,0.975326560232221
12,35,"D5",1,1,NA
12,35,"D5",2,0.558041077864866,0.558041077864866
12,35,"D5",3,0.410618456433434,0.735821201558335
12,35,"D5",4,0.337418235215592,0.821731780267142
12,35,"D5",5,0.293623777103953,0.870207198245654
12,35,"D5",6,0.264223190277312,0.899869870496789
12,35,"D5",7,0.242901005015542,0.919302369941899
12,35,"D5",8,0.226542326982856,0.932652900997095
12,35,"D5",9,0.213427541621374,0.942108896221968
12,35,"D5",10,0.202528748784255,0.948934459187776
12,35,"D5",11,0.193203272498427,0.953954802259887
12,35,"D5",12,0.185022026431718,0.957654723127036
12,35,"D6",1,1,NA
12,35,"D6",2,0.457314779992478,0.457314779992478
12,35,"D6",3,0.296871687920955,0.649162679425837
12,35,"D6",4,0.225047010154193,0.758061544131196
12,35,"D6",5,0.185641674359237,0.824901758223951
12,35,"D6",6,0.160982304645336,0.867166842795315
12,35,"D6",7,0.144090396252863,0.895069781553398
12,35,"D6",8,0.131815332717928,0.914809981413374
12,35,"D6",9,0.122506752367602,0.929381657213999
12,35,"D6",10,0.115149235871312,0.939941951328422
12,35,"D6",11,0.109063557728469,0.947149643705463
12,35,"D6",12,0.103798420458819,0.951724137931034
12,35,"D7",1,1,NA
12,35,"D7",2,0.362456683624567,0.362456683624567
12,35,"D7",3,0.217120106171201,0.599023596419853
12,35,"D7",4,0.149327828159945,0.687766005614416
12,35,"D7",5,0.109525916095259,0.733459512837393
12,35,"D7",6,0.0838520765528065,0.765591191037169
12,35,"D7",7,0.0664553073312197,0.792530251643428
12,35,"D7",8,0.054206296542063,0.815680473372781
12,35,"D7",9,0.0452554744525547,0.83487486398259
12,35,"D7",10,0.0384870603848706,0.850439882697947
12,35,"D7",11,0.0332522303325223,0.863984674329502
12,35,"D7",12,0.0291970802919708,0.878048780487805
12,36,"D0",1,1,NA
12,36,"D0",2,0.828612832166107,0.828612832166107
12,36,"D0",3,0.740138990457305,0.893226560977194
12,36,"D0",4,0.686243773170684,0.927182302268226
12,36,"D0",5,0.649236031040305,0.946072017587291
12,36,"D0",6,0.621834563797748,0.957794290623935
12,36,"D0",7,0.600442813367849,0.965598968479249
12,36,"D0",8,0.582978678857867,0.970914574841813
12,36,"D0",9,0.568168583131817,0.974595819258663
12,36,"D0",10,0.555252968913335,0.977267989463111
12,36,"D0",11,0.543799042589942,0.97937169728996
12,36,"D0",12,0.533583378571781,0.981214266267356
12,36,"D1",1,1,NA
12,36,"D1",2,0.682606051027104,0.682606051027104
12,36,"D1",3,0.537319137319137,0.787158473779487
12,36,"D1",4,0.454684988018321,0.846210299314659
12,36,"D1",5,0.40143572599713,0.882887573981118
12,36,"D1",6,0.364272680062154,0.907424667192572
12,36,"D1",7,0.336846415793784,0.924709521823899
12,36,"D1",8,0.315756905230589,0.937391316711811
12,36,"D1",9,0.299035877983246,0.947044618912983
12,36,"D1",10,0.285472074945759,0.954641552950221
12,36,"D1",11,0.274274274274274,0.960774444668143
12,36,"D1",12,0.264896475422791,0.965808682289666
12,36,"D3",1,1,NA
12,36,"D3",2,0.585337755973544,0.585337755973544
12,36,"D3",3,0.459173337040936,0.784458771632168
12,36,"D3",4,0.399149899696109,0.869279349424691
12,36,"D3",5,0.363560225369271,0.910836319002123
12,36,"D3",6,0.339475468817833,0.933753048681344
12,36,"D3",7,0.321617971279322,0.947396795412944
12,36,"D3",8,0.30743440522772,0.955899336112398
12,36,"D3",9,0.295560807992532,0.961378437047757
12,36,"D3",10,0.285220569249409,0.965014851551685
12,36,"D3",11,0.275944942101813,0.967479108635098
12,36,"D3",12,0.26742407690627,0.969121140142518
12,36,"D5",1,1,NA
12,36,"D5",2,0.550205278592375,0.550205278592375
12,36,"D5",3,0.400627565982405,0.728141989126959
12,36,"D5",4,0.325638318670577,0.812820550358431
12,36,"D5",5,0.279379276637341,0.857943493191806
12,36,"D5",6,0.247017176372015,0.884164277841785
12,36,"D5",7,0.222478005865103,0.900658039787664
12,36,"D5",8,0.202830889540567,0.911689624113008
12,36,"D5",9,0.186527859237537,0.919622546940664
12,36,"D5",10,0.172727272727273,0.926013269188441
12,36,"D5",11,0.160967741935484,0.931918505942275
12,36,"D5",12,0.150967741935484,0.937875751503006
12,36,"D6",1,1,NA
12,36,"D6",2,0.444807733314379,0.444807733314379
12,36,"D6",3,0.288272087568413,0.648082454458293
12,36,"D6",4,0.218541948018101,0.758109985123818
12,36,"D6",5,0.180118226834411,0.824181483087598
12,36,"D6",6,0.155930465156423,0.86571174887134
12,36,"D6",7,0.139271921719146,0.89316684574393
12,36,"D6",8,0.127078446703154,0.912448432781865
12,36,"D6",9,0.117726917335987,0.926411365500783
12,36,"D6",10,0.110242376856919,0.936424560767977
12,36,"D6",11,0.10398749022674,0.943262411347518
12,36,"D6",12,0.0985144644253323,0.947368421052632
12,36,"D7",1,1,NA
12,36,"D7",2,0.316929292929293,0.316929292929293
12,36,"D7",3,0.184387878787879,0.581795002549719
12,36,"D7",4,0.130068686868687,0.705408011219213
12,36,"D7",5,0.102195286195286,0.785702451954937
12,36,"D7",6,0.0860606060606061,0.842119135477069
12,36,"D7",7,0.0757845117845118,0.880594679186229
12,36,"D7",8,0.0686760942760943,0.906202239203839
12,36,"D7",9,0.0634181818181818,0.923438970818952
12,36,"D7",10,0.0593131313131313,0.935270132517839
12,36,"D7",11,0.056,0.944141689373297
12,36,"D7",12,0.0533333333333333,0.952380952380952
12,37,"D0",1,1,NA
12,37,"D0",2,0.83258250533483,0.83258250533483
12,37,"D0",3,0.745383861746245,0.895267264169192
12,37,"D0",4,0.69152406899565,0.927742207049646
12,37,"D0",5,0.654057677309486,0.945820552941014
12,37,"D0",6,0.625929161631145,0.956993829972229
12,37,"D0",7,0.603644088142883,0.964396812204454
12,37,"D0",8,0.585242017140054,0.969515031515602
12,37,"D0",9,0.569545163758047,0.973178868019911
12,37,"D0",10,0.55582447177349,0.975909387248549
12,37,"D0",11,0.54362482161311,0.978051253984096
12,37,"D0",12,0.532650952216918,0.979813524033674
12,37,"D1",1,1,NA
12,37,"D1",2,0.686152979964978,0.686152979964978
12,37,"D1",3,0.54241994818282,0.790523343949488
12,37,"D1",4,0.459985145105599,0.848024020220146
12,37,"D1",5,0.406322713833342,0.88333877334248
12,37,"D1",6,0.368492946197245,0.906897236240616
12,37,"D1",7,0.340330561161926,0.923574154333354
12,37,"D1",8,0.318523289897877,0.935923264752959
12,37,"D1",9,0.301129385494052,0.945392048382393
12,37,"D1",10,0.286931669076213,0.952851773683443
12,37,"D1",11,0.275127276544376,0.958859917520287
12,37,"D1",12,0.265155093686034,0.963754292254864
12,37,"D3",1,1,NA
12,37,"D3",2,0.581298482937827,0.581298482937827
12,37,"D3",3,0.4509916313195,0.775834867210097
12,37,"D3",4,0.388378106410893,0.861164774332034
12,37,"D3",5,0.350761715515814,0.903144924304043
12,37,"D3",6,0.324918251147759,0.926321878286944
12,37,"D3",7,0.30572114588508,0.940917122399662
12,37,"D3",8,0.290791903906658,0.95116712671215
12,37,"D3",9,0.278860483778517,0.958969214865173
12,37,"D3",10,0.269173449501318,0.965262076053443
12,37,"D3",11,0.261244220260614,0.970542305508234
12,37,"D3",12,0.254728877679697,0.975060337892196
12,37,"D5",1,1,NA
12,37,"D5",2,0.562601099967648,0.562601099967648
12,37,"D5",3,0.421805241022323,0.749741230592294
12,37,"D5",4,0.349246198641216,0.827979751495628
12,37,"D5",5,0.302582767173515,0.866388147818784
12,37,"D5",6,0.268697139159773,0.888012036077685
12,37,"D5",7,0.242359538444948,0.901980345614458
12,37,"D5",8,0.221063302059743,0.912129571949809
12,37,"D5",9,0.203448722096409,0.920318841710896
12,37,"D5",10,0.188741507602718,0.927710460197818
12,37,"D5",11,0.176512455516014,0.935207404868015
12,37,"D5",12,0.166548042704626,0.943548387096774
12,37,"D6",1,1,NA
12,37,"D6",2,0.46049028121034,0.46049028121034
12,37,"D6",3,0.303126043684457,0.658268059181897
12,37,"D6",4,0.234070313717632,0.772188066959006
12,37,"D6",5,0.195806336695389,0.836527851761662
12,37,"D6",6,0.171145166369266,0.874053257201337
12,37,"D6",7,0.153669316233607,0.89788873091541
12,37,"D6",8,0.14056509251219,0.914724526388235
12,37,"D6",9,0.130392091376662,0.927627827409238
12,37,"D6",10,0.122303119364104,0.93796424363506
12,37,"D6",11,0.115723732549596,0.946204259967231
12,37,"D6",12,0.110213078618663,0.952380952380952
12,37,"D7",1,1,NA
12,37,"D7",2,0.340944326990839,0.340944326990839
12,37,"D7",3,0.198900634249471,0.583381562629186
12,37,"D7",4,0.138181818181818,0.694727891156463
12,37,"D7",5,0.104287056612638,0.754708962328301
12,37,"D7",6,0.083247759991946,0.798255916850353
12,37,"D7",7,0.0695912614517266,0.835953561494739
12,37,"D7",8,0.0605496828752643,0.870075949367089
12,37,"D7",9,0.0545454545454545,0.900837988826816
12,37,"D7",10,0.0505990133897111,0.92764857881137
12,37,"D7",11,0.048062015503876,0.949860724233983
12,37,"D7",12,0.0465116279069767,0.967741935483871
12,38,"D0",1,1,NA
12,38,"D0",2,0.829166365802585,0.829166365802585
12,38,"D0",3,0.741400101090331,0.894151200130626
12,38,"D0",4,0.687711507449395,0.927584857943801
12,38,"D0",5,0.650650167280429,0.946109175479091
12,38,"D0",6,0.623089083275739,0.957640702499334
12,38,"D0",7,0.601519062748213,0.965382124151289
12,38,"D0",8,0.583949502972537,0.970791349994123
12,38,"D0",9,0.569169254097769,0.974689166101639
12,38,"D0",10,0.556402989385515,0.977570354300865
12,38,"D0",11,0.545125099285147,0.979730716197583
12,38,"D0",12,0.53494837172359,0.981331390583736
12,38,"D1",1,1,NA
12,38,"D1",2,0.683334613022113,0.683334613022113
12,38,"D1",3,0.538169917076167,0.787564257422961
12,38,"D1",4,0.454914004914005,0.845298093556614
12,38,"D1",5,0.400919296427109,0.881307878184355
12,38,"D1",6,0.363113290847666,0.90570170626268
12,38,"D1",7,0.335187282452907,0.923092849811234
12,38,"D1",8,0.313736179361179,0.936002634304176
12,38,"D1",9,0.296789580773956,0.945984557401924
12,38,"D1",10,0.28314074017199,0.954011725861896
12,38,"D1",11,0.272012246621622,0.960696247584828
12,38,"D1",12,0.262880067567568,0.966427323888997
12,38,"D3",1,1,NA
12,38,"D3",2,0.586572438162544,0.586572438162544
12,38,"D3",3,0.458381360896431,0.781457380323433
12,38,"D3",4,0.397488079716307,0.867155852364856
12,38,"D3",5,0.361655423492879,0.90985224953412
12,38,"D3",6,0.337584053859256,0.933441148480117
12,38,"D3",7,0.319901362408118,0.947619885332288
12,38,"D3",8,0.306086430717485,0.956815027023834
12,38,"D3",9,0.294790347877024,0.963095120505729
12,38,"D3",10,0.285217588480943,0.96752688999141
12,38,"D3",11,0.276865516524631,0.970716841128926
12,38,"D3",12,0.269382664726668,0.972972972972973
12,38,"D5",1,1,NA
12,38,"D5",2,0.554672812177815,0.554672812177815
12,38,"D5",3,0.404251319061192,0.728810408921933
12,38,"D5",4,0.328412881314816,0.812397797680664
12,38,"D5",5,0.281687791861241,0.857724553109765
12,38,"D5",6,0.24907947289535,0.884239502356731
12,38,"D5",7,0.224407180544605,0.900946103410494
12,38,"D5",8,0.204734469444276,0.912334752156386
12,38,"D5",9,0.188489295894233,0.92065247442632
12,38,"D5",10,0.174722542300928,0.926962676962677
12,38,"D5",11,0.162775183455637,0.931620964942728
12,38,"D5",12,0.152101400933956,0.934426229508197
12,38,"D6",1,1,NA
12,38,"D6",2,0.446287635194388,0.446287635194388
12,38,"D6",3,0.290156387021339,0.650155559194367
12,38,"D6",4,0.223462925070642,0.770146497082651
12,38,"D6",5,0.187853210562214,0.840645984128368
12,38,"D6",6,0.165699252515973,0.882067716703176
12,38,"D6",7,0.150400711292994,0.907672841061828
12,38,"D6",8,0.139052908506285,0.924549540430012
12,38,"D6",9,0.130159310143233,0.936041622871558
12,38,"D6",10,0.12284419760304,0.94379877603728
12,38,"D6",11,0.116559485530547,0.94883997620464
12,38,"D6",12,0.110932475884244,0.951724137931034
12,38,"D7",1,1,NA
12,38,"D7",2,0.372592924317062,0.372592924317062
12,38,"D7",3,0.229789520824004,0.616730769230769
12,38,"D7",4,0.164800716524854,0.71718116619894
12,38,"D7",5,0.128929690998657,0.782336956521739
12,38,"D7",6,0.107798605335551,0.83610380588498
12,38,"D7",7,0.0949096880131363,0.880435212660732
12,38,"D7",8,0.086747275712793,0.91399811261403
12,38,"D7",9,0.0812539184952978,0.936674008810573
12,38,"D7",10,0.077205553067622,0.950176366843033
12,38,"D7",11,0.0738916256157636,0.95707656612529
12,38,"D7",12,0.070935960591133,0.96
12,39,"D0",1,1,NA
12,39,"D0",2,0.833400434817618,0.833400434817618
12,39,"D0",3,0.746842204149556,0.896138486312399
12,39,"D0",4,0.69359434319576,0.92870266214477
12,39,"D0",5,0.656681220233036,0.946779953837792
12,39,"D0",6,0.629057243317651,0.957933962378911
12,39,"D0",7,0.607270669493876,0.965366309576419
12,39,"D0",8,0.589387229245511,0.970551121358669
12,39,"D0",9,0.574241082212739,0.974301874419367
12,39,"D0",10,0.561102611589768,0.977120287924467
12,39,"D0",11,0.549503001673064,0.979327114725345
12,39,"D0",12,0.539120165338057,0.981105041640548
12,39,"D1",1,1,NA
12,39,"D1",2,0.679138663839638,0.679138663839638
12,39,"D1",3,0.533859186710369,0.786082747361336
12,39,"D1",4,0.451829301898843,0.846345465520613
12,39,"D1",5,0.399260336325705,0.883653040313646
12,39,"D1",6,0.362786726486309,0.908647049253494
12,39,"D1",7,0.336034734852537,0.926259728703769
12,39,"D1",8,0.315584647156274,0.939142935014629
12,39,"D1",9,0.299445616969956,0.948859900721577
12,39,"D1",10,0.286372876080804,0.956343522334928
12,39,"D1",11,0.27554295495881,0.962182448036952
12,39,"D1",12,0.26639563496309,0.966802562609202
12,39,"D3",1,1,NA
12,39,"D3",2,0.579100469903782,0.579100469903782
12,39,"D3",3,0.451815537338026,0.780202332443445
12,39,"D3",4,0.391833302820101,0.867241762265805
12,39,"D3",5,0.356313187819118,0.909348912546897
12,39,"D3",6,0.332120553422858,0.93210289368088
12,39,"D3",7,0.314103216094713,0.945750610305634
12,39,"D3",8,0.299827091682093,0.954549575804676
12,39,"D3",9,0.287983889013202,0.96049989144594
12,39,"D3",10,0.277792469334201,0.964611146429328
12,39,"D3",11,0.268740210337883,0.967413591095489
12,39,"D3",12,0.260460953233386,0.969192339716903
12,39,"D5",1,1,NA
12,39,"D5",2,0.543883501012115,0.543883501012115
12,39,"D5",3,0.393854799238648,0.724152871903122
12,39,"D5",4,0.320323876854286,0.813304490572406
12,39,"D5",5,0.276211768734201,0.862289041474886
12,39,"D5",6,0.246071309879884,0.890879164952159
12,39,"D5",7,0.223581779912787,0.908605639649437
12,39,"D5",8,0.205782652043868,0.920390973379578
12,39,"D5",9,0.191171938729267,0.928999295278365
12,39,"D5",10,0.178917792078311,0.935899867248246
12,39,"D5",11,0.168494516450648,0.941742654508612
12,39,"D5",12,0.159521435692921,0.946745562130177
12,39,"D6",1,1,NA
12,39,"D6",2,0.462947658402204,0.462947658402204
12,39,"D6",3,0.306053719008264,0.661097887533472
12,39,"D6",4,0.235179063360882,0.768424131956165
12,39,"D6",5,0.194840449954086,0.828477021592285
12,39,"D6",6,0.168772136953955,0.866206873335213
12,39,"D6",7,0.150734618916437,0.893125024289767
12,39,"D6",8,0.137842056932966,0.914468473956747
12,39,"D6",9,0.12853305785124,0.932466191459596
12,39,"D6",10,0.121831955922865,0.947864759149119
12,39,"D6",11,0.117045454545455,0.960712266817411
12,39,"D6",12,0.113636363636364,0.970873786407767
12,39,"D7",1,1,NA
12,39,"D7",2,0.316032478904633,0.316032478904633
12,39,"D7",3,0.184508836172584,0.583828715365239
12,39,"D7",4,0.133290877248846,0.722409181120028
12,39,"D7",5,0.107918059756939,0.809643255295429
12,39,"D7",6,0.0940591807491983,0.871579612912291
12,39,"D7",7,0.0859868386138088,0.914178051827671
12,39,"D7",8,0.0810274372446001,0.942323715476007
12,39,"D7",9,0.0778538449291514,0.960833115011789
12,39,"D7",10,0.0757841108103805,0.973415132924335
12,39,"D7",11,0.074430823117338,0.982142857142857
12,39,"D7",12,0.0735551663747811,0.988235294117647
12,40,"D0",1,1,NA
12,40,"D0",2,0.832169552634051,0.832169552634051
12,40,"D0",3,0.744650261906573,0.894829977315975
12,40,"D0",4,0.69057807320859,0.927385792412752
12,40,"D0",5,0.65310314183512,0.945733968645496
12,40,"D0",6,0.625178049820081,0.957242447285471
12,40,"D0",7,0.603278268091534,0.964970328477064
12,40,"D0",8,0.58539913726648,0.970363376619525
12,40,"D0",9,0.570318447974306,0.97423862057161
12,40,"D0",10,0.557272772004849,0.977125628645201
12,40,"D0",11,0.545785563155046,0.979386739444533
12,40,"D0",12,0.535550853712543,0.981247746123332
12,40,"D1",1,1,NA
12,40,"D1",2,0.687693711851838,0.687693711851838
12,40,"D1",3,0.54296172348881,0.789540043963336
12,40,"D1",4,0.458874458874459,0.845132242335524
12,40,"D1",5,0.403822263631927,0.880027763197878
12,40,"D1",6,0.365097097004648,0.904103438282501
12,40,"D1",7,0.336513535269026,0.921709698679806
12,40,"D1",8,0.314685022152079,0.93513332799676
12,40,"D1",9,0.297589891806583,0.945675424179436
12,40,"D1",10,0.283926907645795,0.954087875505973
12,40,"D1",11,0.272798577703409,0.960805652290383
12,40,"D1",12,0.263543191800878,0.966072455434158
12,40,"D3",1,1,NA
12,40,"D3",2,0.580543628203385,0.580543628203385
12,40,"D3",3,0.452614194952301,0.779638554216867
12,40,"D3",4,0.391453755334926,0.864872908761025
12,40,"D3",5,0.35510371939096,0.907140919077746
12,40,"D3",6,0.330470768812295,0.930631673977075
12,40,"D3",7,0.312298017576923,0.945009504771984
12,40,"D3",8,0.2980901124949,0.954505298521391
12,40,"D3",9,0.286529755775321,0.961218583793931
12,40,"D3",10,0.276865686141172,0.96627202083079
12,40,"D3",11,0.268647146826245,0.970315789473684
12,40,"D3",12,0.261594357768754,0.973747016706444
12,40,"D5",1,1,NA
12,40,"D5",2,0.549754880880709,0.549754880880709
12,40,"D5",3,0.399380751698633,0.726470588235294
12,40,"D5",4,0.324287338856875,0.811975383084006
12,40,"D5",5,0.278413271790755,0.858538827856099
12,40,"D5",6,0.246384646573861,0.884960134942973
12,40,"D5",7,0.221997649149967,0.901020628667365
12,40,"D5",8,0.202333648691265,0.911422483373152
12,40,"D5",9,0.185826094435366,0.918414191793244
12,40,"D5",10,0.171554714601072,0.923200345583017
12,40,"D5",11,0.158940397350993,0.926470588235294
12,40,"D5",12,0.147587511825922,0.928571428571428
12,40,"D6",1,1,NA
12,40,"D6",2,0.450213251838667,0.450213251838667
12,40,"D6",3,0.291567317056789,0.647620468446964
12,40,"D6",4,0.222113264152422,0.761790678031176
12,40,"D6",5,0.18374920240454,0.827277034110152
12,40,"D6",6,0.159451925983141,0.867769350269579
12,40,"D6",7,0.14273320571806,0.895148834597023
12,40,"D6",8,0.130552663688977,0.914662170110976
12,40,"D6",9,0.121241226449945,0.92867677321992
12,40,"D6",10,0.113779091244921,0.938452163315052
12,40,"D6",11,0.107499076468415,0.944805194805195
12,40,"D6",12,0.101957886959734,0.948453608247423
12,40,"D7",1,1,NA
12,40,"D7",2,0.306950317124736,0.306950317124736
12,40,"D7",3,0.175964587737844,0.573267326732673
12,40,"D7",4,0.123678646934461,0.702861004730795
12,40,"D7",5,0.0948841613812544,0.767183048433048
12,40,"D7",6,0.0770254454847478,0.811784014986986
12,40,"D7",7,0.0653629316420014,0.848588816729976
12,40,"D7",8,0.0575405214940099,0.880323450134771
12,40,"D7",9,0.0522066596194503,0.907302510716473
12,40,"D7",10,0.0484936575052854,0.928878764869653
12,40,"D7",11,0.0457848837209302,0.944141689373297
12,40,"D7",12,0.0436046511627907,0.952380952380952
12,41,"D0",1,1,NA
12,41,"D0",2,0.829282098047231,0.829282098047231
12,41,"D0",3,0.74135943613633,0.893977378605014
12,41,"D0",4,0.687730394821367,0.927661214384137
12,41,"D0",5,0.650851800108113,0.946376378024076
12,41,"D0",6,0.623544760818072,0.9580441518553
12,41,"D0",7,0.602243715007465,0.965838786324399
12,41,"D0",8,0.584854923699614,0.971126653754062
12,41,"D0",9,0.570071022025363,0.974722104448172
12,41,"D0",10,0.557089399704412,0.977228061382896
12,41,"D0",11,0.545436576567673,0.979082669419089
12,41,"D0",12,0.534861886643277,0.980612429788005
12,41,"D1",1,1,NA
12,41,"D1",2,0.682166048237477,0.682166048237477
12,41,"D1",3,0.537337662337662,0.78769335373109
12,41,"D1",4,0.454955163883735,0.846683930369731
12,41,"D1",5,0.401859796949083,0.883295385678442
12,41,"D1",6,0.364838711458609,0.907875617885797
12,41,"D1",7,0.337566513347763,0.92524861739092
12,41,"D1",8,0.316635745207174,0.937995128921373
12,41,"D1",9,0.300055078849722,0.947634887695312
12,41,"D1",10,0.286583951762523,0.955104485686958
12,41,"D1",11,0.275403911564626,0.960988603412233
12,41,"D1",12,0.26594387755102,0.965650328058665
12,41,"D3",1,1,NA
12,41,"D3",2,0.592731782479612,0.592731782479612
12,41,"D3",3,0.466702995227179,0.787376363175247
12,41,"D3",4,0.40607814398637,0.870099716820335
12,41,"D3",5,0.369796560061132,0.910653689536032
12,41,"D3",6,0.345200066572534,0.933486418898728
12,41,"D3",7,0.327157478046275,0.947732951776623
12,41,"D3",8,0.313187267465895,0.957298207995099
12,41,"D3",9,0.301927919125108,0.964049150427186
12,41,"D3",10,0.292570183020782,0.969006721433906
12,41,"D3",11,0.28462174452253,0.972832369942197
12,41,"D3",12,0.277800744109136,0.976034858387799
12,41,"D5",1,1,NA
12,41,"D5",2,0.543959821828944,0.543959821828944
12,41,"D5",3,0.395091327613524,0.726324466915806
12,41,"D5",4,0.322015286040278,0.815040127520266
12,41,"D5",5,0.277749544109294,0.862535277516463
12,41,"D5",6,0.247210205118788,0.890047203899319
12,41,"D5",7,0.224432752384084,0.90786200462979
12,41,"D5",8,0.206606678425159,0.920572760572761
12,41,"D5",9,0.192209500463364,0.930316008797314
12,41,"D5",10,0.18032345819258,0.938161005350255
12,41,"D5",11,0.170338704373561,0.944628647214854
12,41,"D5",12,0.16178888523512,0.94980694980695
12,41,"D6",1,1,NA
12,41,"D6",2,0.465156985012581,0.465156985012581
12,41,"D6",3,0.308872114648288,0.664016933207902
12,41,"D6",4,0.240109883431183,0.777376370491055
12,41,"D6",5,0.202567188126755,0.843643690264053
12,41,"D6",6,0.179104088851381,0.884171274270284
12,41,"D6",7,0.16306871361023,0.910468960569307
12,41,"D6",8,0.15143492688619,0.928657150311207
12,41,"D6",9,0.14261021770047,0.941726064342131
12,41,"D6",10,0.135652554425118,0.951212028229518
12,41,"D6",11,0.129963898916967,0.958064516129032
12,41,"D6",12,0.125150421179302,0.962962962962963
12,41,"D7",1,1,NA
12,41,"D7",2,0.353503639217925,0.353503639217925
12,41,"D7",3,0.209661766804624,0.593096487686718
12,41,"D7",4,0.14830883402312,0.707371860322646
12,41,"D7",5,0.114219114219114,0.770143700282268
12,41,"D7",6,0.0922750718669086,0.807877670018445
12,41,"D7",7,0.0766614338042909,0.83079245838857
12,41,"D7",8,0.0648304076875505,0.845671734408936
12,41,"D7",9,0.0555729984301413,0.857205752861755
12,41,"D7",10,0.0482374768089054,0.868002054442732
12,41,"D7",11,0.0423861852433281,0.878698224852071
12,41,"D7",12,0.0376766091051805,0.888888888888889
12,42,"D0",1,1,NA
12,42,"D0",2,0.829575757575758,0.829575757575758
12,42,"D0",3,0.741400673400673,0.893710630560426
12,42,"D0",4,0.687347549569772,0.927093236127006
12,42,"D0",5,0.649985035540591,0.945642471479578
12,42,"D0",6,0.622124098124098,0.95713603253447
12,42,"D0",7,0.600204264870932,0.964766140197331
12,42,"D0",8,0.582203666292555,0.97000921247661
12,42,"D0",9,0.566903703703704,0.973720600754233
12,42,"D0",10,0.553553310886644,0.976450334104649
12,42,"D0",11,0.541679012345679,0.978548952183222
12,42,"D0",12,0.530962962962963,0.980216975111678
12,42,"D1",1,1,NA
12,42,"D1",2,0.690233236151603,0.690233236151603
12,42,"D1",3,0.547777441217674,0.793612090127402
12,42,"D1",4,0.465508058510974,0.849812393654217
12,42,"D1",5,0.411569358726793,0.884129396262838
12,42,"D1",6,0.373339436490207,0.907111835645754
12,42,"D1",7,0.344787683162319,0.923523339520985
12,42,"D1",8,0.322648391453056,0.935788623577833
12,42,"D1",9,0.304969520275643,0.945207006618579
12,42,"D1",10,0.290494490931809,0.952536144166961
12,42,"D1",11,0.278373594335693,0.958274951937176
12,42,"D1",12,0.268013327780092,0.962782868898448
12,42,"D3",1,1,NA
12,42,"D3",2,0.587305277842362,0.587305277842362
12,42,"D3",3,0.46019530341781,0.783570863024545
12,42,"D3",4,0.398956315068847,0.866928263078417
12,42,"D3",5,0.362008835154615,0.907389660174057
12,42,"D3",6,0.336649284219617,0.929947701624002
12,42,"D3",7,0.317803999069984,0.944021015243451
12,42,"D3",8,0.303061303572813,0.953610730071635
12,42,"D3",9,0.291141594977912,0.960668985270049
12,42,"D3",10,0.28129117259552,0.966166214129798
12,42,"D3",11,0.273017902813299,0.970588235294118
12,42,"D3",12,0.265984654731458,0.97423887587822
12,42,"D5",1,1,NA
12,42,"D5",2,0.557504101374668,0.557504101374668
12,42,"D5",3,0.407902924704418,0.731659056316591
12,42,"D5",4,0.331315645565801,0.812241407207082
12,42,"D5",5,0.283584130037148,0.855933409220262
12,42,"D5",6,0.250038387250584,0.881707968699906
12,42,"D5",7,0.224623333521902,0.898355392513346
12,42,"D5",8,0.20444645584658,0.910174613834788
12,42,"D5",9,0.187956101148385,0.91934144991699
12,42,"D5",10,0.174237710018668,0.927012791572611
12,42,"D5",11,0.162725575606721,0.933928571428571
12,42,"D5",12,0.153080273802116,0.940726577437858
12,42,"D6",1,1,NA
12,42,"D6",2,0.454688618468146,0.454688618468146
12,42,"D6",3,0.299506084466714,0.658705919395466
12,42,"D6",4,0.232526843235505,0.776367677636768
12,42,"D6",5,0.19631949415414,0.844287444075032
12,42,"D6",6,0.17394416607015,0.886025948770928
12,42,"D6",7,0.159126700071582,0.914814814814815
12,42,"D6",8,0.149014554998807,0.9364522417154
12,42,"D6",9,0.142075876879026,0.953436239031576
12,42,"D6",10,0.137365783822477,0.966848045143088
12,42,"D6",11,0.134251968503937,0.977331943720688
12,42,"D6",12,0.132283464566929,0.98533724340176
12,42,"D7",1,1,NA
12,42,"D7",2,0.30940243557066,0.30940243557066
12,42,"D7",3,0.17536108751062,0.566773455377574
12,42,"D7",4,0.120910034928727,0.689491817398794
12,42,"D7",5,0.0915463041631266,0.757143972517177
12,42,"D7",6,0.0734818141360197,0.802673737708541
12,42,"D7",7,0.0615028792598886,0.836980958935536
12,42,"D7",8,0.0531860662701784,0.864773599386032
12,42,"D7",9,0.0472387425658454,0.888178913738019
12,42,"D7",10,0.0429056924384027,0.908273381294964
12,42,"D7",11,0.0397196261682243,0.925742574257426
12,42,"D7",12,0.0373831775700935,0.941176470588235
12,43,"D0",1,1,NA
12,43,"D0",2,0.829162220931646,0.829162220931646
12,43,"D0",3,0.741373023054794,0.894123012770394
12,43,"D0",4,0.687687452447518,0.92758629065559
12,43,"D0",5,0.650568228714121,0.946023119076424
12,43,"D0",6,0.622884617981929,0.957447029365529
12,43,"D0",7,0.601145911649552,0.965099946756097
12,43,"D0",8,0.583378878669326,0.970444724590287
12,43,"D0",9,0.568387785146068,0.974302988895566
12,43,"D0",10,0.555412991900884,0.977172638849286
12,43,"D0",11,0.54395087406527,0.979362892113155
12,43,"D0",12,0.53365027484772,0.981063364894392
12,43,"D1",1,1,NA
12,43,"D1",2,0.685770647403857,0.685770647403857
12,43,"D1",3,0.541666468130119,0.789865343727853
12,43,"D1",4,0.459067322949078,0.847509214542704
12,43,"D1",5,0.405484691243903,0.883279360070857
12,43,"D1",6,0.36792611445371,0.907373625684919
12,43,"D1",7,0.340164578856334,0.924545895203455
12,43,"D1",8,0.318836353471292,0.937300275482094
12,43,"D1",9,0.301954076114147,0.947050337349109
12,43,"D1",10,0.288256007318851,0.954635257879023
12,43,"D1",11,0.276901305099848,0.960608965882042
12,43,"D1",12,0.267309607421773,0.965360590573538
12,43,"D3",1,1,NA
12,43,"D3",2,0.597546259050684,0.597546259050684
12,43,"D3",3,0.47266291230893,0.791006395153147
12,43,"D3",4,0.411445427728614,0.870483841684822
12,43,"D3",5,0.37418543845535,0.90944123628021
12,43,"D3",6,0.348554763820251,0.931502747031248
12,43,"D3",7,0.329602440332529,0.945625980606321
12,43,"D3",8,0.314942343791901,0.955521881070306
12,43,"D3",9,0.303234111021722,0.962824202585106
12,43,"D3",10,0.293644408688656,0.968375252042874
12,43,"D3",11,0.285619469026549,0.972671232876712
12,43,"D3",12,0.278761061946903,0.975987606506584
12,43,"D5",1,1,NA
12,43,"D5",2,0.556763018534863,0.556763018534863
12,43,"D5",3,0.408296557811121,0.733339938571287
12,43,"D5",4,0.334546925566343,0.819372387952155
12,43,"D5",5,0.289938217122683,0.866659338243377
12,43,"D5",6,0.259200447610642,0.893985105457708
12,43,"D5",7,0.236043689320388,0.910660809023608
12,43,"D5",8,0.217527213886437,0.921554880423775
12,43,"D5",9,0.202112753751103,0.929137785291631
12,43,"D5",10,0.188934245366284,0.934796255356314
12,43,"D5",11,0.17748786407767,0.939416058394161
12,43,"D5",12,0.16747572815534,0.943589743589744
12,43,"D6",1,1,NA
12,43,"D6",2,0.480226340007462,0.480226340007462
12,43,"D6",3,0.322329312274593,0.671202900427295
12,43,"D6",4,0.251046718898976,0.778851656795982
12,43,"D6",5,0.210400862247647,0.838094451783355
12,43,"D6",6,0.183723595146304,0.87320742502498
12,43,"D6",7,0.164847863035278,0.897260163584351
12,43,"D6",8,0.151001119263773,0.916002891899538
12,43,"D6",9,0.140672801890312,0.931601054192061
12,43,"D6",10,0.132943663723417,0.945055916545109
12,43,"D6",11,0.127222982216142,0.956969130028064
12,43,"D6",12,0.12311901504788,0.967741935483871
12,43,"D7",1,1,NA
12,43,"D7",2,0.348279608837378,0.348279608837378
12,43,"D7",3,0.209880478087649,0.602620632279534
12,43,"D7",4,0.149723530121937,0.713375209958353
12,43,"D7",5,0.115743088253048,0.773045413495033
12,43,"D7",6,0.0942619133854194,0.814406413446781
12,43,"D7",7,0.0798502957865508,0.847110915943938
12,43,"D7",8,0.0697331884582881,0.873299062594497
12,43,"D7",9,0.0622817819630569,0.89314404432133
12,43,"D7",10,0.0565012676566461,0.907187718073971
12,43,"D7",11,0.051792828685259,0.916666666666667
12,43,"D7",12,0.047808764940239,0.923076923076923
12,44,"D0",1,1,NA
12,44,"D0",2,0.833400434817618,0.833400434817618
12,44,"D0",3,0.746842204149556,0.896138486312399
12,44,"D0",4,0.69359434319576,0.92870266214477
12,44,"D0",5,0.656681220233036,0.946779953837792
12,44,"D0",6,0.629057243317651,0.957933962378911
12,44,"D0",7,0.607270669493876,0.965366309576419
12,44,"D0",8,0.589387229245511,0.970551121358669
12,44,"D0",9,0.574241082212739,0.974301874419367
12,44,"D0",10,0.561102611589768,0.977120287924467
12,44,"D0",11,0.549503001673064,0.979327114725345
12,44,"D0",12,0.539120165338057,0.981105041640548
12,44,"D1",1,1,NA
12,44,"D1",2,0.681827848884421,0.681827848884421
12,44,"D1",3,0.536884691233904,0.787419716153181
12,44,"D1",4,0.454196151218695,0.845984544977118
12,44,"D1",5,0.400776426536741,0.882386223356102
12,44,"D1",6,0.363460284929872,0.906890377936318
12,44,"D1",7,0.335941830040086,0.924287587858201
12,44,"D1",8,0.314843457974041,0.937196353120039
12,44,"D1",9,0.298207725919338,0.9471618938448
12,44,"D1",10,0.284820772591934,0.955108630113007
12,44,"D1",11,0.273872820076563,0.961561959067305
12,44,"D1",12,0.26478094427903,0.966802562609202
12,44,"D3",1,1,NA
12,44,"D3",2,0.602724617552746,0.602724617552746
12,44,"D3",3,0.482441126610976,0.800433751270756
12,44,"D3",4,0.423782193991136,0.878412246833299
12,44,"D3",5,0.388526922788886,0.916808040304339
12,44,"D3",6,0.364613817995081,0.938451871952257
12,44,"D3",7,0.347078967613679,0.951908431562409
12,44,"D3",8,0.333538939155654,0.960988622989408
12,44,"D3",9,0.322677232899655,0.967434967912605
12,44,"D3",10,0.313678233696207,0.972111452913549
12,44,"D3",11,0.305998651988317,0.975517645526761
12,44,"D3",12,0.299258593574478,0.977973568281938
12,44,"D5",1,1,NA
12,44,"D5",2,0.556339588013796,0.556339588013796
12,44,"D5",3,0.413941714394203,0.744045046069844
12,44,"D5",4,0.34210254300752,0.826450998078756
12,44,"D5",5,0.296823086415847,0.867643612954147
12,44,"D5",6,0.264233504052509,0.890205365233349
12,44,"D5",7,0.23886972755751,0.904009990761967
12,44,"D5",8,0.218207132234282,0.91349847661942
12,44,"D5",9,0.200923962914913,0.920794663573086
12,44,"D5",10,0.186248140999272,0.926958329396201
12,44,"D5",11,0.173686042464323,0.932551817872919
12,44,"D5",12,0.16289592760181,0.937875751503006
12,44,"D6",1,1,NA
12,44,"D6",2,0.460365404449683,0.460365404449683
12,44,"D6",3,0.305481066745248,0.663562169947192
12,44,"D6",4,0.236078778056088,0.772809852248428
12,44,"D6",5,0.196840774028781,0.833792751934759
12,44,"D6",6,0.171504346544865,0.871284658328915
12,44,"D6",7,0.153774372575021,0.896620847651776
12,44,"D6",8,0.14070035852856,0.91497923985947
12,44,"D6",9,0.130705761013703,0.928965372800894
12,44,"D6",10,0.122881980256372,0.940142035847142
12,44,"D6",11,0.116693679092382,0.949640287769784
12,44,"D6",12,0.111831442463533,0.958333333333333
12,44,"D7",1,1,NA
12,44,"D7",2,0.321291086763399,0.321291086763399
12,44,"D7",3,0.190287237192775,0.592258064516129
12,44,"D7",4,0.137617214490179,0.723207801639174
12,44,"D7",5,0.108799723620571,0.790596757997418
12,44,"D7",6,0.0905177884005246,0.831967080322716
12,44,"D7",7,0.0778427598460172,0.859971959341045
12,44,"D7",8,0.0685815812851644,0.881027104136947
12,44,"D7",9,0.0616079360379035,0.898316062176166
12,44,"D7",10,0.0562629552857566,0.91324200913242
12,44,"D7",11,0.0521172638436482,0.926315789473684
12,44,"D7",12,0.0488599348534202,0.9375
12,45,"D0",1,1,NA
12,45,"D0",2,0.833400434817618,0.833400434817618
12,45,"D0",3,0.746842204149556,0.896138486312399
12,45,"D0",4,0.69359434319576,0.92870266214477
12,45,"D0",5,0.656681220233036,0.946779953837792
12,45,"D0",6,0.629057243317651,0.957933962378911
12,45,"D0",7,0.607270669493876,0.965366309576419
12,45,"D0",8,0.589387229245511,0.970551121358669
12,45,"D0",9,0.574241082212739,0.974301874419367
12,45,"D0",10,0.561102611589768,0.977120287924467
12,45,"D0",11,0.549503001673064,0.979327114725345
12,45,"D0",12,0.539120165338057,0.981105041640548
12,45,"D1",1,1,NA
12,45,"D1",2,0.686152979964978,0.686152979964978
12,45,"D1",3,0.54241994818282,0.790523343949488
12,45,"D1",4,0.459985145105599,0.848024020220146
12,45,"D1",5,0.406322713833342,0.88333877334248
12,45,"D1",6,0.368492946197245,0.906897236240616
12,45,"D1",7,0.340330561161926,0.923574154333354
12,45,"D1",8,0.318523289897877,0.935923264752959
12,45,"D1",9,0.301129385494052,0.945392048382393
12,45,"D1",10,0.286931669076213,0.952851773683443
12,45,"D1",11,0.275127276544376,0.958859917520287
12,45,"D1",12,0.265155093686034,0.963754292254864
12,45,"D3",1,1,NA
12,45,"D3",2,0.5779589961523,0.5779589961523
12,45,"D3",3,0.446310227990582,0.772217806041335
12,45,"D3",4,0.383897088382243,0.860157496525812
12,45,"D3",5,0.347084234639509,0.904107494282219
12,45,"D3",6,0.322192231857425,0.928282531161525
12,45,"D3",7,0.303824728651008,0.942992097914562
12,45,"D3",8,0.289474658141746,0.952768589400288
12,45,"D3",9,0.277826910928617,0.959762463187966
12,45,"D3",10,0.268113861291372,0.965039205148346
12,45,"D3",11,0.259844177721626,0.969156075967443
12,45,"D3",12,0.252684775742262,0.972447325769854
12,45,"D5",1,1,NA
12,45,"D5",2,0.545575838437746,0.545575838437746
12,45,"D5",3,0.397101097701498,0.727856825255669
12,45,"D5",4,0.323213455434936,0.813932414958714
12,45,"D5",5,0.277796308650211,0.859482499812364
12,45,"D5",6,0.246255079143672,0.886459148216202
12,45,"D5",7,0.222709078779793,0.90438369658909
12,45,"D5",8,0.204354418096913,0.917584587105998
12,45,"D5",9,0.189690096427922,0.928240740740741
12,45,"D5",10,0.177815513372551,0.93740008951979
12,45,"D5",11,0.168112074716478,0.945429740791269
12,45,"D5",12,0.160106737825217,0.952380952380952
12,45,"D6",1,1,NA
12,45,"D6",2,0.455911967779056,0.455911967779056
12,45,"D6",3,0.302092922899885,0.662612399432087
12,45,"D6",4,0.234388185654008,0.775881087858804
12,45,"D6",5,0.197467155734561,0.842479134277064
12,45,"D6",6,0.174523261548578,0.883809061306254
12,45,"D6",7,0.159012993862677,0.911127791514581
12,45,"D6",8,0.147909474491753,0.930172251328634
12,45,"D6",9,0.139578538550058,0.943675440871369
12,45,"D6",10,0.133055235903337,0.953264286082341
12,45,"D6",11,0.127768987341772,0.96027027027027
12,45,"D6",12,0.123417721518987,0.96594427244582
12,45,"D7",1,1,NA
12,45,"D7",2,0.33624484662148,0.33624484662148
12,45,"D7",3,0.192649011250087,0.572942643391521
12,45,"D7",4,0.133174947010458,0.691282795308911
12,45,"D7",5,0.101635105862623,0.763169861480341
12,45,"D7",6,0.0830130668716372,0.816775524235132
12,45,"D7",7,0.0711923229217618,0.857603815937149
12,45,"D7",8,0.0631495586145855,0.887027646000327
12,45,"D7",9,0.0573125567745091,0.907568604308055
12,45,"D7",10,0.0528264971001328,0.921726408193124
12,45,"D7",11,0.0491929285165257,0.931216931216931
12,45,"D7",12,0.0461183704842429,0.9375
12,46,"D0",1,1,NA
12,46,"D0",2,0.831664743090784,0.831664743090784
12,46,"D0",3,0.744284295568618,0.894933086621627
12,46,"D0",4,0.690560759648448,0.927818528161841
12,46,"D0",5,0.653335092883366,0.946093567807077
12,46,"D0",6,0.625505977144595,0.957404529403201
12,46,"D0",7,0.603551010548353,0.964900468742976
12,46,"D0",8,0.58547685297021,0.970053637120544
12,46,"D0",9,0.570080790187079,0.97370337921128
12,46,"D0",10,0.556620232439542,0.976388333058688
12,46,"D0",11,0.544631433913985,0.978461439547369
12,46,"D0",12,0.533805727782699,0.980122876761836
12,46,"D1",1,1,NA
12,46,"D1",2,0.679138663839638,0.679138663839638
12,46,"D1",3,0.533859186710369,0.786082747361336
12,46,"D1",4,0.451829301898843,0.846345465520613
12,46,"D1",5,0.399260336325705,0.883653040313646
12,46,"D1",6,0.362786726486309,0.908647049253494
12,46,"D1",7,0.336034734852537,0.926259728703769
12,46,"D1",8,0.315584647156274,0.939142935014629
12,46,"D1",9,0.299445616969956,0.948859900721577
12,46,"D1",10,0.286372876080804,0.956343522334928
12,46,"D1",11,0.27554295495881,0.962182448036952
12,46,"D1",12,0.26639563496309,0.966802562609202
12,46,"D3",1,1,NA
12,46,"D3",2,0.579712324903638,0.579712324903638
12,46,"D3",3,0.44893108959293,0.77440321743643
12,46,"D3",4,0.386916110432139,0.861860805369877
12,46,"D3",5,0.350020369151703,0.904641496475223
12,46,"D3",6,0.324903638243866,0.928242087828462
12,46,"D3",7,0.306380245056564,0.942988040123457
12,46,"D3",8,0.292007144871674,0.953087379435199
12,46,"D3",9,0.280432452759237,0.960361613351878
12,46,"D3",10,0.270828241045408,0.965752138815137
12,46,"D3",11,0.262668045501551,0.969869480699806
12,46,"D3",12,0.255635987590486,0.973228346456693
12,46,"D5",1,1,NA
12,46,"D5",2,0.568568033273916,0.568568033273916
12,46,"D5",3,0.42807486631016,0.752899989549587
12,46,"D5",4,0.357306397306397,0.834682027436556
12,46,"D5",5,0.313106555753615,0.876297088756347
12,46,"D5",6,0.281852134793311,0.900179602164263
12,46,"D5",7,0.258016438898792,0.915431912864528
12,46,"D5",8,0.238851257674787,0.925721084649485
12,46,"D5",9,0.222762923351159,0.932642873727155
12,46,"D5",10,0.20873440285205,0.937024885972633
12,46,"D5",11,0.196078431372549,0.939368061485909
12,46,"D5",12,0.184313725490196,0.94
12,46,"D6",1,1,NA
12,46,"D6",2,0.447982013997172,0.447982013997172
12,46,"D6",3,0.292156507234289,0.652161243322001
12,46,"D6",4,0.222939406026761,0.763082116969516
12,46,"D6",5,0.183570850104556,0.823411407503795
12,46,"D6",6,0.158372142416817,0.8627303426803
12,46,"D6",7,0.141289238616722,0.892134414933054
12,46,"D6",8,0.129296152590927,0.915116776456498
12,46,"D6",9,0.120644014939986,0.9330827911151
12,46,"D6",10,0.11422562280161,0.946798917944094
12,46,"D6",11,0.109293976864779,0.956825396825397
12,46,"D6",12,0.105305145592341,0.963503649635036
12,46,"D7",1,1,NA
12,46,"D7",2,0.348325358851675,0.348325358851675
12,46,"D7",3,0.21456017666544,0.615976331360947
12,46,"D7",4,0.157978162188688,0.736288367412287
12,46,"D7",5,0.126941479573059,0.80353814612326
12,46,"D7",6,0.107913139492087,0.850101478689475
12,46,"D7",7,0.0953870690712796,0.883924511141428
12,46,"D7",8,0.0866445834866887,0.908347266881029
12,46,"D7",9,0.0802061096797939,0.925690983235161
12,46,"D7",10,0.07523003312477,0.937958883994126
12,46,"D7",11,0.0712550607287449,0.947162426614481
12,46,"D7",12,0.0680161943319838,0.954545454545455
12,47,"D0",1,1,NA
12,47,"D0",2,0.83258250533483,0.83258250533483
12,47,"D0",3,0.745383861746245,0.895267264169192
12,47,"D0",4,0.69152406899565,0.927742207049646
12,47,"D0",5,0.654057677309486,0.945820552941014
12,47,"D0",6,0.625929161631145,0.956993829972229
12,47,"D0",7,0.603644088142883,0.964396812204454
12,47,"D0",8,0.585242017140054,0.969515031515602
12,47,"D0",9,0.569545163758047,0.973178868019911
12,47,"D0",10,0.55582447177349,0.975909387248549
12,47,"D0",11,0.54362482161311,0.978051253984096
12,47,"D0",12,0.532650952216918,0.979813524033674
12,47,"D1",1,1,NA
12,47,"D1",2,0.678553383341755,0.678553383341755
12,47,"D1",3,0.532596486454973,0.784899905490162
12,47,"D1",4,0.449974736678456,0.844869893291153
12,47,"D1",5,0.397028482775597,0.8823350521994
12,47,"D1",6,0.360329228274932,0.907565184633345
12,47,"D1",7,0.333447504113387,0.925396770364035
12,47,"D1",8,0.312937411740319,0.938490790544068
12,47,"D1",9,0.296793501496366,0.948411696274431
12,47,"D1",10,0.283775117571612,0.956136560069144
12,47,"D1",11,0.273086789226165,0.962335216572505
12,47,"D1",12,0.264215476699444,0.967514677103718
12,47,"D3",1,1,NA
12,47,"D3",2,0.577890131259115,0.577890131259115
12,47,"D3",3,0.448766164316966,0.776559660811629
12,47,"D3",4,0.387256522443688,0.862936097317191
12,47,"D3",5,0.350215524226219,0.904350227637922
12,47,"D3",6,0.324653100909785,0.927009451186058
12,47,"D3",7,0.3054772322152,0.940934281419619
12,47,"D3",8,0.290276454383406,0.950239244602408
12,47,"D3",9,0.277720952843947,0.956746400371574
12,47,"D3",10,0.266990763247448,0.96136341357532
12,47,"D3",11,0.257540106951872,0.964603058994902
12,47,"D3",12,0.248983957219251,0.966777408637874
12,47,"D5",1,1,NA
12,47,"D5",2,0.568082074665147,0.568082074665147
12,47,"D5",3,0.422325448845825,0.743423296879703
12,47,"D5",4,0.349957252778569,0.828643534825971
12,47,"D5",5,0.306507077039992,0.875841476655809
12,47,"D5",6,0.277242193543134,0.904521344892014
12,47,"D5",7,0.255994110382825,0.923359129111049
12,47,"D5",8,0.239825211361262,0.936838785090079
12,47,"D5",9,0.227210031347962,0.947398440965841
12,47,"D5",10,0.217269877457965,0.956251254264499
12,47,"D5",11,0.209404388714734,0.963798530954879
12,47,"D5",12,0.203134796238245,0.970059880239521
12,47,"D6",1,1,NA
12,47,"D6",2,0.442155545603821,0.442155545603821
12,47,"D6",3,0.288602776533811,0.652717758271438
12,47,"D6",4,0.220719510374683,0.764786510461117
12,47,"D6",5,0.182259790018411,0.825752964515984
12,47,"D6",6,0.157049026507155,0.86167676639642
12,47,"D6",7,0.138926207891725,0.884604069070089
12,47,"D6",8,0.125153007911629,0.900859598853868
12,47,"D6",9,0.11435288849082,0.913704675572519
12,47,"D6",10,0.105762054037916,0.924874355459826
12,47,"D6",11,0.0989326765188834,0.935426958362738
12,47,"D6",12,0.0935960591133005,0.946058091286307
12,47,"D7",1,1,NA
12,47,"D7",2,0.348059824936246,0.348059824936246
12,47,"D7",3,0.217437452615618,0.624712871287129
12,47,"D7",4,0.164293427068256,0.755589366468028
12,47,"D7",5,0.135157488455441,0.822659134131335
12,47,"D7",6,0.116410503825212,0.861295257521673
12,47,"D7",7,0.103165851080938,0.886224590487468
12,47,"D7",8,0.0933121970271326,0.904487250862933
12,47,"D7",9,0.0858088083258667,0.919588339570613
12,47,"D7",10,0.0800882211041423,0.933333333333333
12,47,"D7",11,0.0758150113722517,0.946643717728055
12,47,"D7",12,0.0727824109173616,0.96
12,48,"D0",1,1,NA
12,48,"D0",2,0.82899214365881,0.82899214365881
12,48,"D0",3,0.74053872053872,0.893300046572583
12,48,"D0",4,0.686317994762439,0.926782051670658
12,48,"D0",5,0.648859708193042,0.945421383592946
12,48,"D0",6,0.621016514349848,0.957089038675661
12,48,"D0",7,0.599247287691732,0.96494581680987
12,48,"D0",8,0.581485372240928,0.970359623121162
12,48,"D0",9,0.566453872053872,0.974149822326351
12,48,"D0",10,0.553382716049383,0.976924588833517
12,48,"D0",11,0.541827160493827,0.979118329466357
12,48,"D0",12,0.531555555555556,0.981042654028436
12,48,"D1",1,1,NA
12,48,"D1",2,0.685151867922531,0.685151867922531
12,48,"D1",3,0.541598437545099,0.790479400117954
12,48,"D1",4,0.459461799709445,0.848344027342556
12,48,"D1",5,0.406094760709006,0.883848800848759
12,48,"D1",6,0.368585007964837,0.907633004969874
12,48,"D1",7,0.340759964979459,0.924508478684429
12,48,"D1",8,0.319278294640767,0.936959524162449
12,48,"D1",9,0.302150299695013,0.946354026461383
12,48,"D1",10,0.288101675020926,0.953504515175831
12,48,"D1",11,0.276272621441422,0.958941392553014
12,48,"D1",12,0.266059900518573,0.963033901551427
12,48,"D3",1,1,NA
12,48,"D3",2,0.587130753377605,0.587130753377605
12,48,"D3",3,0.465079001602931,0.792121684867395
12,48,"D3",4,0.407302704165539,0.875771003983707
12,48,"D3",5,0.372684944244367,0.915007291709258
12,48,"D3",6,0.348957202632495,0.936332975135388
12,48,"D3",7,0.331230787379173,0.949201749900574
12,48,"D3",8,0.317149974672301,0.957489420538819
12,48,"D3",9,0.305402085892125,0.962957938772295
12,48,"D3",10,0.295189125049441,0.96655896827669
12,48,"D3",11,0.28600870162583,0.968899858956276
12,48,"D3",12,0.277536065949164,0.970376301040833
12,48,"D5",1,1,NA
12,48,"D5",2,0.551411967409397,0.551411967409397
12,48,"D5",3,0.401670414391262,0.728439783921195
12,48,"D5",4,0.326342123451022,0.81246243626282
12,48,"D5",5,0.27996476165445,0.857887295375364
12,48,"D5",6,0.247938056161635,0.885604512140908
12,48,"D5",7,0.224172336925308,0.904146545293422
12,48,"D5",8,0.205636188418071,0.91731295323288
12,48,"D5",9,0.190619980725988,0.926976823449216
12,48,"D5",10,0.178080191572,0.93421576738058
12,48,"D5",11,0.167362672663026,0.939816333224008
12,48,"D5",12,0.15804690009637,0.944337811900192
12,48,"D6",1,1,NA
12,48,"D6",2,0.452901859089083,0.452901859089083
12,48,"D6",3,0.30145732130465,0.665612903225807
12,48,"D6",4,0.235596625150663,0.781525637297664
12,48,"D6",5,0.198333272459428,0.841834098143784
12,48,"D6",6,0.173798479543759,0.876295123801339
12,48,"D6",7,0.156086781840096,0.898090606142484
12,48,"D6",8,0.142444939552212,0.912600912600913
12,48,"D6",9,0.131378063479309,0.922307692307692
12,48,"D6",10,0.121991307206253,0.928551570753406
12,48,"D6",11,0.113700281237445,0.932035928143712
12,48,"D6",12,0.106066693451185,0.932862190812721
12,48,"D7",1,1,NA
12,48,"D7",2,0.320468587017572,0.320468587017572
12,48,"D7",3,0.179138249217684,0.558988482724086
12,48,"D7",4,0.119200834470031,0.665412523515184
12,48,"D7",5,0.0871646741020086,0.731242146831808
12,48,"D7",6,0.0680987150537018,0.78126506816289
12,48,"D7",7,0.0559389125143759,0.821438590585199
12,48,"D7",8,0.0477573617909011,0.853741333970834
12,48,"D7",9,0.0419802615742598,0.879032258064516
12,48,"D7",10,0.037711626414186,0.898318042813456
12,48,"D7",11,0.0344218887908208,0.912765957446808
12,48,"D7",12,0.0317740511915269,0.923076923076923
12,49,"D0",1,1,NA
12,49,"D0",2,0.82928360927078,0.82928360927078
12,49,"D0",3,0.741120585636301,0.893687729205206
12,49,"D0",4,0.687174104492899,0.9272095767019
12,49,"D0",5,0.649896607561777,0.945752471335296
12,49,"D0",6,0.622134760685113,0.957282671499366
12,49,"D0",7,0.600369162588534,0.965014656836389
12,49,"D0",8,0.582560992567407,0.970337966819705
12,49,"D0",9,0.567456276885398,0.974071872516832
12,49,"D0",10,0.554300093748458,0.976815512185097
12,49,"D0",11,0.54265554842848,0.978992344667972
12,49,"D0",12,0.532293876745448,0.980905619203492
12,49,"D1",1,1,NA
12,49,"D1",2,0.688194245292037,0.688194245292037
12,49,"D1",3,0.545176369371953,0.792183853761529
12,49,"D1",4,0.46274479813912,0.848798341483886
12,49,"D1",5,0.408894943122072,0.883629475180274
12,49,"D1",6,0.370894615374111,0.907065791868653
12,49,"D1",7,0.342611445687155,0.923743380155501
12,49,"D1",8,0.320703565624701,0.936056193281824
12,49,"D1",9,0.303180384284485,0.945360191720717
12,49,"D1",10,0.28877736354077,0.952493559971875
12,49,"D1",11,0.276656151419558,0.958025753914396
12,49,"D1",12,0.266246056782334,0.962371721778791
12,49,"D3",1,1,NA
12,49,"D3",2,0.583089915548932,0.583089915548932
12,49,"D3",3,0.456047690014903,0.782122410032715
12,49,"D3",4,0.395604570293095,0.867463160004531
12,49,"D3",5,0.359625765855274,0.909053617830641
12,49,"D3",6,0.335047902916755,0.931657113388228
12,49,"D3",7,0.316701440635867,0.945242270967305
12,49,"D3",8,0.302148037754595,0.954046931860961
12,49,"D3",9,0.290086438152012,0.960080496659126
12,49,"D3",10,0.279741679085941,0.964339046209911
12,49,"D3",11,0.270601092896175,0.967324904105697
12,49,"D3",12,0.262295081967213,0.969305331179322
12,49,"D5",1,1,NA
12,49,"D5",2,0.561324709546053,0.561324709546053
12,49,"D5",3,0.41401365432986,0.737565347274085
12,49,"D5",4,0.338355890925061,0.817257806322205
12,49,"D5",5,0.290678524374177,0.859091069995752
12,49,"D5",6,0.256596170627791,0.882748979066259
12,49,"D5",7,0.230257116620753,0.89735211580673
12,49,"D5",8,0.208879306903022,0.907156790498071
12,49,"D5",9,0.190945023356091,0.914140448793914
12,49,"D5",10,0.175530003593245,0.919269853217915
12,49,"D5",11,0.162055335968379,0.923234390992835
12,49,"D5",12,0.150197628458498,0.926829268292683
12,49,"D6",1,1,NA
12,49,"D6",2,0.462522298138736,0.462522298138736
12,49,"D6",3,0.312308572582545,0.675229224275942
12,49,"D6",4,0.248464653944106,0.795574235729425
12,49,"D6",5,0.213579706730392,0.859597948199256
12,49,"D6",6,0.19104997187189,0.894513691382946
12,49,"D6",7,0.174772530936914,0.914800087246858
12,49,"D6",8,0.162103822377795,0.927513159584029
12,49,"D6",9,0.151761973679782,0.936202314379049
12,49,"D6",10,0.143044663592609,0.942559325792859
12,49,"D6",11,0.135505368382081,0.947294117647059
12,49,"D6",12,0.12884116993706,0.950819672131147
12,49,"D7",1,1,NA
12,49,"D7",2,0.333585019631531,0.333585019631531
12,49,"D7",3,0.205949864089399,0.617383431416931
12,49,"D7",4,0.151394342092017,0.73510289876326
12,49,"D7",5,0.1201676230746,0.793739194041761
12,49,"D7",6,0.0999590110885792,0.831829810152148
12,49,"D7",7,0.0860263767240512,0.860616524585447
12,49,"D7",8,0.0761703412866204,0.885430076067876
12,49,"D7",9,0.0692237994563576,0.908802537668517
12,49,"D7",10,0.0644820295983087,0.931500872600349
12,49,"D7",11,0.0614617940199336,0.953161592505855
12,49,"D7",12,0.0598006644518272,0.972972972972973
12,50,"D0",1,1,NA
12,50,"D0",2,0.832139966099724,0.832139966099724
12,50,"D0",3,0.745413400000894,0.895778871786052
12,50,"D0",4,0.692454132509232,0.928953158755129
12,50,"D0",5,0.656071712351537,0.947458729106206
12,50,"D0",6,0.629116541941848,0.958914292596042
12,50,"D0",7,0.608025450550171,0.966475064657215
12,50,"D0",8,0.590766423520888,0.971614630582213
12,50,"D0",9,0.576101647159846,0.975176692890496
12,50,"D0",10,0.563263371154354,0.977715258984618
12,50,"D0",11,0.551778422787426,0.979609985390332
12,50,"D0",12,0.541348944753284,0.981098430813124
12,50,"D1",1,1,NA
12,50,"D1",2,0.686183441132247,0.686183441132247
12,50,"D1",3,0.541668297572734,0.789392843230007
12,50,"D1",4,0.458496861500274,0.846453195719301
12,50,"D1",5,0.40435730367471,0.881919458186886
12,50,"D1",6,0.366313549931297,0.905915502458644
12,50,"D1",7,0.33812740160863,0.923054584445611
12,50,"D1",8,0.316406596816153,0.935761477214975
12,50,"D1",9,0.299145086994916,0.945445164560629
12,50,"D1",10,0.285076016134037,0.952969072625556
12,50,"D1",11,0.273352585980572,0.958876126050702
12,50,"D1",12,0.263376214229457,0.963503649635037
12,50,"D3",1,1,NA
12,50,"D3",2,0.589454469395904,0.589454469395904
12,50,"D3",3,0.46429236941682,0.787664516129032
12,50,"D3",4,0.404069137304862,0.870290282419239
12,50,"D3",5,0.367638949630165,0.909841697097466
12,50,"D3",6,0.342299198396249,0.931074356350417
12,50,"D3",7,0.323135137190774,0.944013712870894
12,50,"D3",8,0.307961438268905,0.953042250205955
12,50,"D3",9,0.295681770645167,0.960125957026426
12,50,"D3",10,0.285676256393679,0.966161206929814
12,50,"D3",11,0.277556996444259,0.971578807241747
12,50,"D3",12,0.271072997280904,0.976639035418237
12,50,"D5",1,1,NA
12,50,"D5",2,0.553838092742992,0.553838092742992
12,50,"D5",3,0.404279102261811,0.729959003468937
12,50,"D5",4,0.329116331421807,0.814081978466132
12,50,"D5",5,0.282556593795787,0.858531062785981
12,50,"D5",6,0.25007589272719,0.885047095761381
12,50,"D5",7,0.22575417964467,0.902742672165314
12,50,"D5",8,0.206669965747776,0.915464626493596
12,50,"D5",9,0.191162343900096,0.924964317908654
12,50,"D5",10,0.178208598957878,0.932236942287194
12,50,"D5",11,0.167146974063401,0.937928781443973
12,50,"D5",12,0.157540826128722,0.942528735632184
12,50,"D6",1,1,NA
12,50,"D6",2,0.458273807449737,0.458273807449737
12,50,"D6",3,0.300993065960486,0.656797445255474
12,50,"D6",4,0.231441281345459,0.768925624937294
12,50,"D6",5,0.192387655783593,0.831259033242332
12,50,"D6",6,0.167283081043142,0.869510470210784
12,50,"D6",7,0.149831004564619,0.895673391656252
12,50,"D6",8,0.137101176579904,0.915038759689922
12,50,"D6",9,0.127530575978257,0.930193154862758
12,50,"D6",10,0.120213247848357,0.942622950819672
12,50,"D6",11,0.1146032962821,0.953333333333333
12,50,"D6",12,0.110387121502491,0.963210702341137
12,50,"D7",1,1,NA
12,50,"D7",2,0.353815937149271,0.353815937149271
12,50,"D7",3,0.226936026936027,0.641395717684377
12,50,"D7",4,0.175046763935653,0.771348499835147
12,50,"D7",5,0.145342312008979,0.830305620859158
12,50,"D7",6,0.125220458553792,0.861555432984004
12,50,"D7",7,0.110140759446315,0.879574797268459
12,50,"D7",8,0.0980920314253648,0.890606092771468
12,50,"D7",9,0.088047138047138,0.897597254004577
12,50,"D7",10,0.0794051627384961,0.901848311026131
12,50,"D7",11,0.0717592592592593,0.903710247349823
12,50,"D7",12,0.0648148148148148,0.903225806451613
12,51,"D0",1,1,NA
12,51,"D0",2,0.829495290186724,0.829495290186724
12,51,"D0",3,0.742073580405012,0.894608551952076
12,51,"D0",4,0.688641887352269,0.927996772202049
12,51,"D0",5,0.651678232651399,0.946323836264172
12,51,"D0",6,0.624097444146053,0.95767729053473
12,51,"D0",7,0.602448772232017,0.96531203241241
12,51,"D0",8,0.584784605140738,0.970679387351335
12,51,"D0",9,0.569920323216291,0.974581612111916
12,51,"D0",10,0.55709718583584,0.977500122634538
12,51,"D0",11,0.545806259610138,0.979732573574643
12,51,"D0",12,0.53568771390308,0.981461286804798
12,51,"D1",1,1,NA
12,51,"D1",2,0.683239690448426,0.683239690448426
12,51,"D1",3,0.538203405838305,0.787722688482968
12,51,"D1",4,0.454970140287643,0.845349797775772
12,51,"D1",5,0.400943335614172,0.881251977021363
12,51,"D1",6,0.363142793811722,0.905720987369583
12,51,"D1",7,0.335329067201218,0.923408292593231
12,51,"D1",8,0.314132526366174,0.936788835480448
12,51,"D1",9,0.297559823829303,0.947242959114802
12,51,"D1",10,0.284330638088721,0.955541088946971
12,51,"D1",11,0.273560903212128,0.962122496017354
12,51,"D1",12,0.264602989504929,0.967254408060453
12,51,"D3",1,1,NA
12,51,"D3",2,0.59181332036947,0.59181332036947
12,51,"D3",3,0.467095770539621,0.789262009594532
12,51,"D3",4,0.406940852374007,0.871215022786187
12,51,"D3",5,0.371097066925944,0.911918930628473
12,51,"D3",6,0.346960205569831,0.934958091811247
12,51,"D3",7,0.329291848970993,0.949076705872306
12,51,"D3",8,0.315530059957867,0.958207926931291
12,51,"D3",9,0.304322800194458,0.964481166184591
12,51,"D3",10,0.294914924647545,0.969085866912037
12,51,"D3",11,0.286844919786096,0.972636159831201
12,51,"D3",12,0.279786096256684,0.975391498881432
12,51,"D5",1,1,NA
12,51,"D5",2,0.558989253557944,0.558989253557944
12,51,"D5",3,0.415277374382806,0.742907617167204
12,51,"D5",4,0.344521250847129,0.829617195878211
12,51,"D5",5,0.301582921870462,0.875368126433164
12,51,"D5",6,0.272187876021742,0.902530800927295
12,51,"D5",7,0.250363055474877,0.919817073170732
12,51,"D5",8,0.233168748184723,0.931322505800464
12,51,"D5",9,0.219035724658728,0.939387144992526
12,51,"D5",10,0.20708684286959,0.945447794839155
12,51,"D5",11,0.196805111821086,0.950350631136045
12,51,"D5",12,0.187859424920128,0.954545454545454
12,51,"D6",1,1,NA
12,51,"D6",2,0.430844830844831,0.430844830844831
12,51,"D6",3,0.274065394065394,0.636111598526057
12,51,"D6",4,0.207839727839728,0.758358159549818
12,51,"D6",5,0.172657972657973,0.830726514379941
12,51,"D6",6,0.150897750897751,0.87396920382398
12,51,"D6",7,0.135802935802936,0.899966599866399
12,51,"D6",8,0.124377244377244,0.915865652254593
12,51,"D6",9,0.115146475146475,0.925784099197666
12,51,"D6",10,0.107352107352107,0.93230910642768
12,51,"D6",11,0.100623700623701,0.937323943661972
12,51,"D6",12,0.0948024948024948,0.942148760330578
12,51,"D7",1,1,NA
12,51,"D7",2,0.368417121087622,0.368417121087622
12,51,"D7",3,0.230686486890267,0.626155717761557
12,51,"D7",4,0.168422101043301,0.730090883578352
12,51,"D7",5,0.131931475809865,0.783338261383796
12,51,"D7",6,0.108143294667535,0.819692905000067
12,51,"D7",7,0.0916560842608501,0.847542924807578
12,51,"D7",8,0.0798984089041608,0.871719641401793
12,51,"D7",9,0.0714872637633525,0.894727000747943
12,51,"D7",10,0.0655860162844551,0.917450365726228
12,51,"D7",11,0.0616269515201315,0.939635535307517
12,51,"D7",12,0.0591618734593262,0.96
12,52,"D0",1,1,NA
12,52,"D0",2,0.829166365802585,0.829166365802585
12,52,"D0",3,0.741400101090331,0.894151200130626
12,52,"D0",4,0.687711507449395,0.927584857943801
12,52,"D0",5,0.650650167280429,0.946109175479091
12,52,"D0",6,0.623089083275739,0.957640702499334
12,52,"D0",7,0.601519062748213,0.965382124151289
12,52,"D0",8,0.583949502972537,0.970791349994123
12,52,"D0",9,0.569169254097769,0.974689166101639
12,52,"D0",10,0.556402989385515,0.977570354300865
12,52,"D0",11,0.545125099285147,0.979730716197583
12,52,"D0",12,0.53494837172359,0.981331390583736
12,52,"D1",1,1,NA
12,52,"D1",2,0.686283706816507,0.686283706816507
12,52,"D1",3,0.54268620712761,0.790760733115742
12,52,"D1",4,0.460327822821242,0.848239400182504
12,52,"D1",5,0.406778376584631,0.883671063138399
12,52,"D1",6,0.369156903957367,0.907513587759656
12,52,"D1",7,0.341290391543103,0.924513094254679
12,52,"D1",8,0.319827952048653,0.937113847836706
12,52,"D1",9,0.302797055529497,0.94674981842561
12,52,"D1",10,0.288962064575416,0.954309361001255
12,52,"D1",11,0.277508686953775,0.960363732732633
12,52,"D1",12,0.267874065494367,0.965281730221969
12,52,"D3",1,1,NA
12,52,"D3",2,0.587800011622726,0.587800011622726
12,52,"D3",3,0.460562152528912,0.783535460058002
12,52,"D3",4,0.398814481916975,0.865929776745908
12,52,"D3",5,0.361098735059954,0.905430347775403
12,52,"D3",6,0.334845210191471,0.92729543939243
12,52,"D3",7,0.315088881570876,0.940998622589532
12,52,"D3",8,0.299432423532147,0.950310979046058
12,52,"D3",9,0.286558317029231,0.957004968429769
12,52,"D3",10,0.275691067934835,0.962076657878726
12,52,"D3",11,0.266354144470488,0.966132658797077
12,52,"D3",12,0.258256978478585,0.9696
12,52,"D5",1,1,NA
12,52,"D5",2,0.558483290488432,0.558483290488432
12,52,"D5",3,0.418538209862117,0.74941939533424
12,52,"D5",4,0.349910415206045,0.836029798381656
12,52,"D5",5,0.308137610033497,0.880618571619395
12,52,"D5",6,0.279095583080159,0.905749814343725
12,52,"D5",7,0.257195995949209,0.92153373805038
12,52,"D5",8,0.239892498247254,0.932722523000038
12,52,"D5",9,0.225858845524655,0.94150024354603
12,52,"D5",10,0.214302407104464,0.9488333592012
12,52,"D5",11,0.204691516709512,0.955152671755725
12,52,"D5",12,0.196658097686375,0.960753532182104
12,52,"D6",1,1,NA
12,52,"D6",2,0.433641225085075,0.433641225085075
12,52,"D6",3,0.270438652256834,0.623646084856847
12,52,"D6",4,0.198546551487728,0.734164846004222
12,52,"D6",5,0.158857185595153,0.800100452034154
12,52,"D6",6,0.133497518524256,0.840361850955071
12,52,"D6",7,0.11559029206088,0.865860978830685
12,52,"D6",8,0.102045548034853,0.88282109349725
12,52,"D6",9,0.0913204442616207,0.894898856640281
12,52,"D6",10,0.0825698365805318,0.904176904176904
12,52,"D6",11,0.0752776635129576,0.911684782608696
12,52,"D6",12,0.0691073632250103,0.918032786885246
12,52,"D7",1,1,NA
12,52,"D7",2,0.388275276125743,0.388275276125743
12,52,"D7",3,0.239932030586236,0.617943107221007
12,52,"D7",4,0.175285565939772,0.730563424614416
12,52,"D7",5,0.139419899933919,0.795387225333908
12,52,"D7",6,0.116660597969009,0.836757148902727
12,52,"D7",7,0.100927499291985,0.865137853303277
12,52,"D7",8,0.0894741810629661,0.886519349935695
12,52,"D7",9,0.0808836023789295,0.903988183161004
12,52,"D7",10,0.0743415463041631,0.919117647058824
12,52,"D7",11,0.0693146417445483,0.932380952380952
12,52,"D7",12,0.0654205607476635,0.943820224719101
12,53,"D0",1,1,NA
12,53,"D0",2,0.830287464190457,0.830287464190457
12,53,"D0",3,0.742579005505016,0.894363744524363
12,53,"D0",4,0.688747796048004,0.927507768119027
12,53,"D0",5,0.651492700391248,0.945908943926176
12,53,"D0",6,0.623683883043757,0.957315228043551
12,53,"D0",7,0.601818840384483,0.96494210728588
12,53,"D0",8,0.583931580948276,0.970278000228807
12,53,"D0",9,0.568836941977315,0.974149986978873
12,53,"D0",10,0.555791042899608,0.977065661325793
12,53,"D0",11,0.544305047910698,0.979333968879768
12,53,"D0",12,0.534031413612565,0.981125226860254
12,53,"D1",1,1,NA
12,53,"D1",2,0.703032791091497,0.703032791091497
12,53,"D1",3,0.566492346879272,0.805783676177837
12,53,"D1",4,0.487878943382612,0.861227774868046
12,53,"D1",5,0.43658942791698,0.894872455224185
12,53,"D1",6,0.400393469105944,0.917093826610207
12,53,"D1",7,0.373399671264915,0.932581822822173
12,53,"D1",8,0.352413963621435,0.943798269633208
12,53,"D1",9,0.335557971048298,0.952169907230906
12,53,"D1",10,0.321659661219368,0.95858149402468
12,53,"D1",11,0.30995022322574,0.963596809282088
12,53,"D1",12,0.299892235849541,0.967549668874172
12,53,"D3",1,1,NA
12,53,"D3",2,0.584778526455319,0.584778526455319
12,53,"D3",3,0.452568209433337,0.77391386475255
12,53,"D3",4,0.388664285626619,0.858797143779204
12,53,"D3",5,0.350206193158806,0.901050613884398
12,53,"D3",6,0.323904730344585,0.924897208193305
12,53,"D3",7,0.304481632853443,0.940034535863437
12,53,"D3",8,0.28942646391006,0.950554754970625
12,53,"D3",9,0.277377664862477,0.958370085151135
12,53,"D3",10,0.267535623550204,0.964517542113018
12,53,"D3",11,0.259416767922236,0.969653179190752
12,53,"D3",12,0.25273390036452,0.97423887587822
12,53,"D5",1,1,NA
12,53,"D5",2,0.558983225649892,0.558983225649892
12,53,"D5",3,0.413395213395213,0.73954851313219
12,53,"D5",4,0.339345406012073,0.820874057116022
12,53,"D5",5,0.292883792883793,0.863084596681922
12,53,"D5",6,0.259930926597593,0.887488256138248
12,53,"D5",7,0.234754956977179,0.903143616075398
12,53,"D5",8,0.214574170129726,0.914034672122321
12,53,"D5",9,0.197834197834198,0.921985147208505
12,53,"D5",10,0.18357751691085,0.927936215884698
12,53,"D5",11,0.171171171171171,0.932419035029742
12,53,"D5",12,0.16016016016016,0.935672514619883
12,53,"D6",1,1,NA
12,53,"D6",2,0.446032228640924,0.446032228640924
12,53,"D6",3,0.29295378534509,0.656799591002045
12,53,"D6",4,0.224759298672342,0.767217595115159
12,53,"D6",5,0.186017786561265,0.827631104297245
12,53,"D6",6,0.161099769795422,0.866044977598762
12,53,"D6",7,0.143876051484747,0.893086636110362
12,53,"D6",8,0.131417857504814,0.91341023157524
12,53,"D6",9,0.122111584068106,0.929185625048199
12,53,"D6",10,0.115004560656735,0.941798941798942
12,53,"D6",11,0.109531772575251,0.952412425644415
12,53,"D6",12,0.105351170568562,0.961832061068702
12,53,"D7",1,1,NA
12,53,"D7",2,0.34297194518189,0.34297194518189
12,53,"D7",3,0.204061132237928,0.594979079497908
12,53,"D7",4,0.14342637105068,0.702859821847164
12,53,"D7",5,0.108834995575327,0.758821371398079
12,53,"D7",6,0.0870242622413104,0.799598160327751
12,53,"D7",7,0.0726244289780201,0.834530820573223
12,53,"D7",8,0.0628925402406065,0.865997036061255
12,53,"D7",9,0.0562674894166607,0.894660784910252
12,53,"D7",10,0.0518045490421181,0.920683499107371
12,53,"D7",11,0.0489344909234412,0.944598337950138
12,53,"D7",12,0.0473559589581689,0.967741935483871
12,54,"D0",1,1,NA
12,54,"D0",2,0.829575757575758,0.829575757575758
12,54,"D0",3,0.741400673400673,0.893710630560426
12,54,"D0",4,0.687347549569772,0.927093236127006
12,54,"D0",5,0.649985035540591,0.945642471479578
12,54,"D0",6,0.622124098124098,0.95713603253447
12,54,"D0",7,0.600204264870932,0.964766140197331
12,54,"D0",8,0.582203666292555,0.97000921247661
12,54,"D0",9,0.566903703703704,0.973720600754233
12,54,"D0",10,0.553553310886644,0.976450334104649
12,54,"D0",11,0.541679012345679,0.978548952183222
12,54,"D0",12,0.530962962962963,0.980216975111678
12,54,"D1",1,1,NA
12,54,"D1",2,0.68705167809833,0.68705167809833
12,54,"D1",3,0.543095545221311,0.790472627509665
12,54,"D1",4,0.460104685791895,0.847189209781499
12,54,"D1",5,0.40590813099845,0.882208209420502
12,54,"D1",6,0.367723067026695,0.905926831576823
12,54,"D1",7,0.339384736944819,0.922935674634141
12,54,"D1",8,0.317547959832896,0.935657751410686
12,54,"D1",9,0.300244182227532,0.945508144298991
12,54,"D1",10,0.286240593272375,0.953359332889439
12,54,"D1",11,0.274726425467302,0.959774511108155
12,54,"D1",12,0.26514477197759,0.965122927387078
12,54,"D3",1,1,NA
12,54,"D3",2,0.581718408227484,0.581718408227484
12,54,"D3",3,0.451824705476035,0.776706906788047
12,54,"D3",4,0.38927561814856,0.861563374978413
12,54,"D3",5,0.351510034920757,0.902984976538163
12,54,"D3",6,0.325519562750462,0.926060511540861
12,54,"D3",7,0.306196195812068,0.940638385063182
12,54,"D3",8,0.291113754684882,0.950742558746736
12,54,"D3",9,0.278943934916919,0.958195655230596
12,54,"D3",10,0.268889826931195,0.963956527720457
12,54,"D3",11,0.260447446179823,0.968602825745683
12,54,"D3",12,0.253271422541157,0.972447325769854
12,54,"D5",1,1,NA
12,54,"D5",2,0.535211267605634,0.535211267605634
12,54,"D5",3,0.384194384063365,0.717836875486814
12,54,"D5",4,0.309108775273204,0.804563492063492
12,54,"D5",5,0.262871095494744,0.850416152897657
12,54,"D5",6,0.230788536717132,0.877953265583533
12,54,"D5",7,0.20696483339785,0.896772588196262
12,54,"D5",8,0.188555717674617,0.911051962688536
12,54,"D5",9,0.173998749367239,0.922797523793481
12,54,"D5",10,0.162344043117053,0.93301844816374
12,54,"D5",11,0.152964297412381,0.942223037417461
12,54,"D5",12,0.145430723878153,0.950749464668094
12,54,"D6",1,1,NA
12,54,"D6",2,0.455870659952293,0.455870659952293
12,54,"D6",3,0.303850668282155,0.666528239202658
12,54,"D6",4,0.235719965166029,0.775775700934579
12,54,"D6",5,0.197234738051065,0.836733273365887
12,54,"D6",6,0.172622878995224,0.875215394108371
12,54,"D6",7,0.155661151287973,0.901741137640743
12,54,"D6",8,0.143394797622203,0.921198362184295
12,54,"D6",9,0.134307674832456,0.936628643852979
12,54,"D6",10,0.127598349172693,0.950045105999098
12,54,"D6",11,0.1228654727197,0.962908011869436
12,54,"D6",12,0.119950020824656,0.976271186440678
12,54,"D7",1,1,NA
12,54,"D7",2,0.347509633223919,0.347509633223919
12,54,"D7",3,0.21749678892536,0.625872689938398
12,54,"D7",4,0.162294848009134,0.746194225721785
12,54,"D7",5,0.130678844964559,0.805194043850393
12,54,"D7",6,0.110206120410202,0.843335586873992
12,54,"D7",7,0.0961062746777032,0.872059322295193
12,54,"D7",8,0.0860472860472861,0.895334735800025
12,54,"D7",9,0.078692735835593,0.91452896948253
12,54,"D7",10,0.0732125017839304,0.930359085963003
12,54,"D7",11,0.0690737833594976,0.943469785575049
12,54,"D7",12,0.0659340659340659,0.954545454545455
12,55,"D0",1,1,NA
12,55,"D0",2,0.829823000098883,0.829823000098883
12,55,"D0",3,0.741773414956447,0.893893534968368
12,55,"D0",4,0.687683719425042,0.92708056875484
12,55,"D0",5,0.650273874910481,0.945600217864924
12,55,"D0",6,0.62238908130335,0.957118385524914
12,55,"D0",7,0.600472988562576,0.964787150997445
12,55,"D0",8,0.582506165181929,0.970078881610218
12,55,"D0",9,0.567268951754268,0.973841970543089
12,55,"D0",10,0.554003397966614,0.976615054029256
12,55,"D0",11,0.542222881439731,0.97873566015999
12,55,"D0",12,0.531592999110056,0.980395732652503
12,55,"D1",1,1,NA
12,55,"D1",2,0.686152979964978,0.686152979964978
12,55,"D1",3,0.54241994818282,0.790523343949488
12,55,"D1",4,0.459985145105599,0.848024020220146
12,55,"D1",5,0.406322713833342,0.88333877334248
12,55,"D1",6,0.368492946197245,0.906897236240616
12,55,"D1",7,0.340330561161926,0.923574154333354
12,55,"D1",8,0.318523289897877,0.935923264752959
12,55,"D1",9,0.301129385494052,0.945392048382393
12,55,"D1",10,0.286931669076213,0.952851773683443
12,55,"D1",11,0.275127276544376,0.958859917520287
12,55,"D1",12,0.265155093686034,0.963754292254864
12,55,"D3",1,1,NA
12,55,"D3",2,0.585957446808511,0.585957446808511
12,55,"D3",3,0.458355899419729,0.782234105763518
12,55,"D3",4,0.397292069632495,0.866776385196438
12,55,"D3",5,0.360863958736299,0.908308990587471
12,55,"D3",6,0.335968499585521,0.931011511268792
12,55,"D3",7,0.317362991618311,0.944621272559292
12,55,"D3",8,0.302576402321083,0.953407959693639
12,55,"D3",9,0.290321083172147,0.959496778152808
12,55,"D3",10,0.279883945841393,0.964049674874747
12,55,"D3",11,0.270851063829787,0.967726330338632
12,55,"D3",12,0.262978723404255,0.970934799685782
12,55,"D5",1,1,NA
12,55,"D5",2,0.558931634403332,0.558931634403332
12,55,"D5",3,0.417379318794413,0.746744848750548
12,55,"D5",4,0.347382177570857,0.832293700067026
12,55,"D5",5,0.304541370579106,0.876675288031977
12,55,"D5",6,0.274687576574369,0.901971302132225
12,55,"D5",7,0.252041983174059,0.917558727326791
12,55,"D5",8,0.233913256554766,0.92807259175241
12,55,"D5",9,0.218916932124479,0.935889377749843
12,55,"D5",10,0.206260720411664,0.942187150212671
12,55,"D5",11,0.195417789757412,0.947430947430947
12,55,"D5",12,0.185983827493261,0.951724137931034
12,55,"D6",1,1,NA
12,55,"D6",2,0.449805780264424,0.449805780264424
12,55,"D6",3,0.296824774598197,0.659895420694026
12,55,"D6",4,0.230440825344785,0.776353071123277
12,55,"D6",5,0.193364456006557,0.839106767289373
12,55,"D6",6,0.169233353866831,0.875204044020852
12,55,"D6",7,0.152097216777734,0.898742554599603
12,55,"D6",8,0.139344048085718,0.916151202749141
12,55,"D6",9,0.129660382737607,0.93050535361113
12,55,"D6",10,0.122304978439828,0.943271767810026
12,55,"D6",11,0.116816934535476,0.955128205128205
12,55,"D6",12,0.112896903175225,0.966442953020134
12,55,"D7",1,1,NA
12,55,"D7",2,0.335889010587806,0.335889010587806
12,55,"D7",3,0.197590361445783,0.588260869565217
12,55,"D7",4,0.136322258731897,0.689923626508992
12,55,"D7",5,0.101046610685165,0.741233395229253
12,55,"D7",6,0.0786627027590883,0.778479379226097
12,55,"D7",7,0.063867591578435,0.811917075542589
12,55,"D7",8,0.0539564317877571,0.844817073170732
12,55,"D7",9,0.0473165388828039,0.876939732948394
12,55,"D7",10,0.0429353778751369,0.907407407407407
12,55,"D7",11,0.0401606425702811,0.935374149659864
12,55,"D7",12,0.0385542168674699,0.96
12,56,"D0",1,1,NA
12,56,"D0",2,0.830287464190457,0.830287464190457
12,56,"D0",3,0.742579005505016,0.894363744524363
12,56,"D0",4,0.688747796048004,0.927507768119027
12,56,"D0",5,0.651492700391248,0.945908943926176
12,56,"D0",6,0.623683883043757,0.957315228043551
12,56,"D0",7,0.601818840384483,0.96494210728588
12,56,"D0",8,0.583931580948276,0.970278000228807
12,56,"D0",9,0.568836941977315,0.974149986978873
12,56,"D0",10,0.555791042899608,0.977065661325793
12,56,"D0",11,0.544305047910698,0.979333968879768
12,56,"D0",12,0.534031413612565,0.981125226860254
12,56,"D1",1,1,NA
12,56,"D1",2,0.681417552395571,0.681417552395571
12,56,"D1",3,0.536071128616525,0.786699912163885
12,56,"D1",4,0.453185567043484,0.845383276307101
12,56,"D1",5,0.399714732543659,0.882011170724919
12,56,"D1",6,0.362433785817029,0.906731116740717
12,56,"D1",7,0.335001013640708,0.924309561498303
12,56,"D1",8,0.314007227419142,0.93733217104805
12,56,"D1",9,0.297471690463089,0.947340266362783
12,56,"D1",10,0.284176585865022,0.955306319813592
12,56,"D1",11,0.273335457151959,0.961850732071882
12,56,"D1",12,0.264415418923224,0.967365967365967
12,56,"D3",1,1,NA
12,56,"D3",2,0.59409732504195,0.59409732504195
12,56,"D3",3,0.469671305892804,0.790562902904233
12,56,"D3",4,0.409662751291416,0.872232870417073
12,56,"D3",5,0.373655117954792,0.912104204682721
12,56,"D3",6,0.349115162795945,0.934324584410438
12,56,"D3",7,0.330987398414109,0.948075115853872
12,56,"D3",8,0.316872964169381,0.957356581210175
12,56,"D3",9,0.305490079952621,0.96407745215311
12,56,"D3",10,0.296081334517817,0.969201142517416
12,56,"D3",11,0.288165038002172,0.9732631017469
12,56,"D3",12,0.2814332247557,0.976639035418237
12,56,"D5",1,1,NA
12,56,"D5",2,0.551061273528234,0.551061273528234
12,56,"D5",3,0.403980160808355,0.73309481216458
12,56,"D5",4,0.328344782970334,0.812774524158126
12,56,"D5",5,0.280808765390263,0.855225299607196
12,56,"D5",6,0.247430983113803,0.881136964403256
12,56,"D5",7,0.222436154154216,0.898982622770041
12,56,"D5",8,0.202934803815861,0.912328324446599
12,56,"D5",9,0.187277040140476,0.922843379346638
12,56,"D5",10,0.174424694248483,0.931372549019608
12,56,"D5",11,0.163673331074212,0.938361003179089
12,56,"D5",12,0.15452389020671,0.944099378881987
12,56,"D6",1,1,NA
12,56,"D6",2,0.450416515755161,0.450416515755161
12,56,"D6",3,0.295545092357841,0.656159536828562
12,56,"D6",4,0.227627671133647,0.770196078431372
12,56,"D6",5,0.189363757092841,0.831901306856755
12,56,"D6",6,0.164552180886842,0.868973996994399
12,56,"D6",7,0.146993842810576,0.893296229915417
12,56,"D6",8,0.133777616805505,0.91008993470494
12,56,"D6",9,0.123324882289026,0.921864847303444
12,56,"D6",10,0.114668598333937,0.929809104258444
12,56,"D6",11,0.107171314741036,0.93461781427669
12,56,"D6",12,0.100398406374502,0.936802973977695
12,56,"D7",1,1,NA
12,56,"D7",2,0.332858364206327,0.332858364206327
12,56,"D7",3,0.184796238244514,0.555179794520548
12,56,"D7",4,0.123624964377315,0.668979875086745
12,56,"D7",5,0.0907309774864634,0.733921161825726
12,56,"D7",6,0.0709909213044009,0.782433114588592
12,56,"D7",7,0.0585518191317564,0.824778972520908
12,56,"D7",8,0.0504987175833571,0.862461975258568
12,56,"D7",9,0.0451838130521516,0.894751693002257
12,56,"D7",10,0.0416072955257908,0.920845159255755
12,56,"D7",11,0.0391849529780564,0.941780821917808
12,56,"D7",12,0.0376175548589342,0.96
12,57,"D0",1,1,NA
12,57,"D0",2,0.828755150736269,0.828755150736269
12,57,"D0",3,0.740711149855532,0.893763555131431
12,57,"D0",4,0.687177044529622,0.927726070633133
12,57,"D0",5,0.650436698555921,0.946534381108656
12,57,"D0",6,0.623248878055857,0.958200666474654
12,57,"D0",7,0.602039624159144,0.965969848252478
12,57,"D0",8,0.584734797932366,0.97125633341668
12,57,"D0",9,0.570059449719377,0.974902557082491
12,57,"D0",10,0.557245631142127,0.977521960940111
12,57,"D0",11,0.545845484652266,0.979541972421579
12,57,"D0",12,0.535613662201572,0.981255093724531
12,57,"D1",1,1,NA
12,57,"D1",2,0.684144075811183,0.684144075811183
12,57,"D1",3,0.54019788101216,0.789596665543954
12,57,"D1",4,0.458013732935843,0.847862883278384
12,57,"D1",5,0.404763162063685,0.883735864139215
12,57,"D1",6,0.367417870190221,0.907735447852865
12,57,"D1",7,0.33973734280013,0.92466200031109
12,57,"D1",8,0.318357040329898,0.937068141246956
12,57,"D1",9,0.301317766565694,0.946477471500091
12,57,"D1",10,0.287412328918375,0.953851252099046
12,57,"D1",11,0.275862068965517,0.95981292801069
12,57,"D1",12,0.266145640808998,0.964777947932619
12,57,"D3",1,1,NA
12,57,"D3",2,0.586365603241415,0.586365603241415
12,57,"D3",3,0.459505920302112,0.783650878840735
12,57,"D3",4,0.399564664385088,0.869552810380301
12,57,"D3",5,0.36452145863656,0.912296534523497
12,57,"D3",6,0.34087677791702,0.935135010136359
12,57,"D3",7,0.323318647312589,0.948491267983338
12,57,"D3",8,0.309450192098396,0.95710592219327
12,57,"D3",9,0.298029188466229,0.963092594789742
12,57,"D3",10,0.288344282286299,0.967503497795729
12,57,"D3",11,0.279965382951103,0.970941336971351
12,57,"D3",12,0.27260926006058,0.973724884080371
12,57,"D5",1,1,NA
12,57,"D5",2,0.565744977123533,0.565744977123533
12,57,"D5",3,0.424018869533093,0.749487643158529
12,57,"D5",4,0.353686284539676,0.834128643683091
12,57,"D5",5,0.310958917085832,0.879194163524169
12,57,"D5",6,0.281678933757708,0.905839705120785
12,57,"D5",7,0.259977076169636,0.922955340328222
12,57,"D5",8,0.243000179980486,0.934698487884861
12,57,"D5",9,0.229179573162068,0.943125116946298
12,57,"D5",10,0.217567989996874,0.94933412692508
12,57,"D5",11,0.207564864020006,0.954022988505747
12,57,"D5",12,0.198812128790247,0.957831325301205
12,57,"D6",1,1,NA
12,57,"D6",2,0.447479572099633,0.447479572099633
12,57,"D6",3,0.294824931906999,0.658856739590684
12,57,"D6",4,0.228213529125383,0.774064552984862
12,57,"D6",5,0.192259108672483,0.842452721402214
12,57,"D6",6,0.169902611500527,0.883716837520348
12,57,"D6",7,0.15450861195542,0.909395156383108
12,57,"D6",8,0.143065040329478,0.925935703640622
12,57,"D6",9,0.134054395452572,0.937017143698035
12,57,"D6",10,0.126633245174279,0.944640753828033
12,57,"D6",11,0.1202778983934,0.949812967581047
12,57,"D6",12,0.114633087277464,0.953068592057762
12,57,"D7",1,1,NA
12,57,"D7",2,0.338518878625831,0.338518878625831
12,57,"D7",3,0.20068060281964,0.592819530876017
12,57,"D7",4,0.14383406255064,0.716731266149871
12,57,"D7",5,0.11369037973316,0.790427369686045
12,57,"D7",6,0.0959325879111975,0.843805677633923
12,57,"D7",7,0.0847512558742505,0.883445945945946
12,57,"D7",8,0.077329444174364,0.912428298279159
12,57,"D7",9,0.072192513368984,0.933570829840738
12,57,"D7",10,0.0685464268351969,0.94949494949495
12,57,"D7",11,0.0659536541889483,0.962174940898345
12,57,"D7",12,0.0641711229946524,0.972972972972973
12,58,"D0",1,1,NA
12,58,"D0",2,0.829742771041114,0.829742771041114
12,58,"D0",3,0.741903745425845,0.894137040199756
12,58,"D0",4,0.688332017890029,0.927791539177274
12,58,"D0",5,0.651463580158332,0.946438002630313
12,58,"D0",6,0.624064027921565,0.957941544130361
12,58,"D0",7,0.602576923536868,0.965569070763044
12,58,"D0",8,0.585000358757265,0.970831002494359
12,58,"D0",9,0.570136148382005,0.974591108957887
12,58,"D0",10,0.557248690535983,0.977395823992927
12,58,"D0",11,0.545876085240726,0.979591508264795
12,58,"D0",12,0.535714285714286,0.981384420748238
12,58,"D1",1,1,NA
12,58,"D1",2,0.680942618008153,0.680942618008153
12,58,"D1",3,0.535361682626209,0.786206749978747
12,58,"D1",4,0.452522250898478,0.845264548405177
12,58,"D1",5,0.399146144383608,0.882047553664174
12,58,"D1",6,0.361905910486436,0.906700253976695
12,58,"D1",7,0.334421155036703,0.9240555220201
12,58,"D1",8,0.313284932101594,0.936797590054406
12,58,"D1",9,0.296531030656793,0.946521840892853
12,58,"D1",10,0.282949419908826,0.954198349097274
12,58,"D1",11,0.271743167949058,0.9603948579807
12,58,"D1",12,0.262350756168745,0.965436438195665
12,58,"D3",1,1,NA
12,58,"D3",2,0.598911004010154,0.598911004010154
12,58,"D3",3,0.472940657076634,0.7896676700043
12,58,"D3",4,0.411257863949082,0.869576040451186
12,58,"D3",5,0.37365561728168,0.908567713924473
12,58,"D3",6,0.347553700851961,0.930144455957578
12,58,"D3",7,0.327863826447396,0.943347245745625
12,58,"D3",8,0.312164134260452,0.952115204787731
12,58,"D3",9,0.299139104521541,0.958275060106542
12,58,"D3",10,0.287995290828152,0.962747051371927
12,58,"D3",11,0.278227438284096,0.96608329075115
12,58,"D3",12,0.269526507486847,0.968727272727273
12,58,"D5",1,1,NA
12,58,"D5",2,0.543500148060409,0.543500148060409
12,58,"D5",3,0.39594314480308,0.728506047728016
12,58,"D5",4,0.322487414865265,0.81447909655224
12,58,"D5",5,0.277327016089231,0.859962290947379
12,58,"D5",6,0.245864884301366,0.886552229092093
12,58,"D5",7,0.222248544072648,0.903945859142005
12,58,"D5",8,0.203675846412003,0.916432758926985
12,58,"D5",9,0.188599348534202,0.925977978521304
12,58,"D5",10,0.176073437962689,0.933584550164861
12,58,"D5",11,0.165472312703583,0.939791456441305
12,58,"D5",12,0.156351791530945,0.944881889763779
12,58,"D6",1,1,NA
12,58,"D6",2,0.465179316096747,0.465179316096747
12,58,"D6",3,0.312718932443703,0.672254594352308
12,58,"D6",4,0.245639885089426,0.785497325569335
12,58,"D6",5,0.207806273746641,0.8459793639416
12,58,"D6",6,0.183242980261329,0.881797151537111
12,58,"D6",7,0.165989018626633,0.905841077185663
12,58,"D6",8,0.1532295431378,0.923130604696605
12,58,"D6",9,0.143411175979983,0.935923798004233
12,58,"D6",10,0.135599110369753,0.945526800426481
12,58,"D6",11,0.129204892966361,0.952844695028191
12,58,"D6",12,0.123853211009174,0.958579881656805
12,58,"D7",1,1,NA
12,58,"D7",2,0.369853550704615,0.369853550704615
12,58,"D7",3,0.226139817629179,0.611430706014195
12,58,"D7",4,0.162678456295478,0.719371130661453
12,58,"D7",5,0.127705627705628,0.785018684180727
12,58,"D7",6,0.105336912327794,0.824841584668487
12,58,"D7",7,0.0893432808326425,0.848166885266379
12,58,"D7",8,0.0770010131712259,0.861855670103093
12,58,"D7",9,0.0670212765957447,0.870394736842105
12,58,"D7",10,0.058717877866814,0.876108018965162
12,58,"D7",11,0.0516717325227964,0.88
12,58,"D7",12,0.0455927051671733,0.882352941176471
12,59,"D0",1,1,NA
12,59,"D0",2,0.829437657204456,0.829437657204456
12,59,"D0",3,0.741915199425081,0.89447976346485
12,59,"D0",4,0.688751946340879,0.928343221536102
12,59,"D0",5,0.652318391424123,0.947102066120733
12,59,"D0",6,0.625384348852728,0.958710281780355
12,59,"D0",7,0.604358306383998,0.96637900755383
12,59,"D0",8,0.587143370463528,0.971515348198869
12,59,"D0",9,0.572441609773626,0.974960526798938
12,59,"D0",10,0.559468199784405,0.977336710386321
12,59,"D0",11,0.547776679841897,0.97910244059088
12,59,"D0",12,0.537154150197628,0.980607919184631
12,59,"D1",1,1,NA
12,59,"D1",2,0.679138663839638,0.679138663839638
12,59,"D1",3,0.533859186710369,0.786082747361336
12,59,"D1",4,0.451829301898843,0.846345465520613
12,59,"D1",5,0.399260336325705,0.883653040313646
12,59,"D1",6,0.362786726486309,0.908647049253494
12,59,"D1",7,0.336034734852537,0.926259728703769
12,59,"D1",8,0.315584647156274,0.939142935014629
12,59,"D1",9,0.299445616969956,0.948859900721577
12,59,"D1",10,0.286372876080804,0.956343522334928
12,59,"D1",11,0.27554295495881,0.962182448036952
12,59,"D1",12,0.26639563496309,0.966802562609202
12,59,"D3",1,1,NA
12,59,"D3",2,0.593761640559139,0.593761640559139
12,59,"D3",3,0.466759464387241,0.786105791454798
12,59,"D3",4,0.405863247528117,0.869534050179211
12,59,"D3",5,0.369586527339385,0.910618366137675
12,59,"D3",6,0.344804214547583,0.932945843642605
12,59,"D3",7,0.326317956358931,0.946386217428033
12,59,"D3",8,0.311669640114755,0.955110296694604
12,59,"D3",9,0.299523594800714,0.961029103413571
12,59,"D3",10,0.289097574842669,0.965191323358075
12,59,"D3",11,0.279922363597153,0.968262579682626
12,59,"D3",12,0.271727409963338,0.970724191063174
12,59,"D5",1,1,NA
12,59,"D5",2,0.553770306792195,0.553770306792195
12,59,"D5",3,0.403682694306673,0.728971361149844
12,59,"D5",4,0.327149970795838,0.810413662536908
12,59,"D5",5,0.279864967875422,0.855463832671638
12,59,"D5",6,0.247130850201742,0.883036030117742
12,59,"D5",7,0.222897052854583,0.901939408506158
12,59,"D5",8,0.204235098452674,0.916275454686771
12,59,"D5",9,0.189510261055508,0.92790251279665
12,59,"D5",10,0.177719699444626,0.937784046387714
12,59,"D5",11,0.168245671349232,0.946691176470588
12,59,"D5",12,0.160731786997713,0.955339805825243
12,59,"D6",1,1,NA
12,59,"D6",2,0.453995323889424,0.453995323889424
12,59,"D6",3,0.30072204648604,0.662390184792487
12,59,"D6",4,0.23547425846972,0.783029582371011
12,59,"D6",5,0.200700270480906,0.852323611868235
12,59,"D6",6,0.179249268129752,0.893119215535913
12,59,"D6",7,0.164706826204557,0.918870285625554
12,59,"D6",8,0.15421996057397,0.936330109247791
12,59,"D6",9,0.146327877870994,0.948825802615933
12,59,"D6",10,0.140214550955852,0.958221720945533
12,59,"D6",11,0.135400907715582,0.965669445806768
12,59,"D6",12,0.131618759455371,0.972067039106145
12,59,"D7",1,1,NA
12,59,"D7",2,0.350773233126174,0.350773233126174
12,59,"D7",3,0.211547911547912,0.603090234857849
12,59,"D7",4,0.150272197331021,0.710345926988682
12,59,"D7",5,0.11502143855085,0.765420620671967
12,59,"D7",6,0.0923956806309748,0.803290949887808
12,59,"D7",7,0.0770462976345329,0.833873370577281
12,59,"D7",8,0.0663487016428193,0.861153665780835
12,59,"D7",9,0.0588379823673941,0.886799302933488
12,59,"D7",10,0.0536204653851713,0.91132399901744
12,59,"D7",11,0.0500794912559618,0.933962264150943
12,59,"D7",12,0.0476947535771065,0.952380952380952
12,60,"D0",1,1,NA
12,60,"D0",2,0.829070101169549,0.829070101169549
12,60,"D0",3,0.740859761785176,0.893603280036349
12,60,"D0",4,0.687062017172514,0.927384712481846
12,60,"D0",5,0.650068911291287,0.946157544797097
12,60,"D0",6,0.622662312036819,0.95784047078943
12,60,"D0",7,0.601279418095717,0.965658923741256
12,60,"D0",8,0.583857118939992,0.971024620781297
12,60,"D0",9,0.56913252493363,0.974780483908298
12,60,"D0",10,0.556351797373897,0.977543494704992
12,60,"D0",11,0.54508681925809,0.979752059454144
12,60,"D0",12,0.535122336227309,0.981719457013575
12,60,"D1",1,1,NA
12,60,"D1",2,0.683554733720724,0.683554733720724
12,60,"D1",3,0.538274562029634,0.787463732567104
12,60,"D1",4,0.455198557743744,0.845662399551929
12,60,"D1",5,0.401449282305055,0.881921252771307
12,60,"D1",6,0.363829351867503,0.906289705584864
12,60,"D1",7,0.335988062103886,0.923477065221071
12,60,"D1",8,0.314502563709498,0.936052792293124
12,60,"D1",9,0.29737720781616,0.945547801927756
12,60,"D1",10,0.283376527566863,0.952919457573385
12,60,"D1",11,0.271697317805765,0.958785542820435
12,60,"D1",12,0.261790588607261,0.963537626066718
12,60,"D3",1,1,NA
12,60,"D3",2,0.577844671884407,0.577844671884407
12,60,"D3",3,0.449416014449127,0.77774536361742
12,60,"D3",4,0.38917920931166,0.865966491622906
12,60,"D3",5,0.353682520569938,0.908790891464873
12,60,"D3",6,0.329437229437229,0.931448998119447
12,60,"D3",7,0.311278346377684,0.944879080331735
12,60,"D3",8,0.296913505920128,0.953852104957772
12,60,"D3",9,0.285153521974714,0.960392559749108
12,60,"D3",10,0.275296006421834,0.965430847619852
12,60,"D3",11,0.266887417218543,0.969456188948826
12,60,"D3",12,0.259602649006622,0.972704714640198
12,60,"D5",1,1,NA
12,60,"D5",2,0.547858185251953,0.547858185251953
12,60,"D5",3,0.398506309554468,0.727389533061736
12,60,"D5",4,0.323743573601931,0.812392591635192
12,60,"D5",5,0.277944697208153,0.858533481038018
12,60,"D5",6,0.24615642462668,0.885630944210217
12,60,"D5",7,0.222288989994372,0.903039562471284
12,60,"D5",8,0.203454755296115,0.915271400986913
12,60,"D5",9,0.188084814147137,0.924455237595169
12,60,"D5",10,0.175236787134804,0.931690247984178
12,60,"D5",11,0.164305949008499,0.937622468974527
12,60,"D5",12,0.154863078375826,0.942528735632184
12,60,"D6",1,1,NA
12,60,"D6",2,0.449887182473251,0.449887182473251
12,60,"D6",3,0.295130649974525,0.6560103543116
12,60,"D6",4,0.225576825096441,0.764328696853112
12,60,"D6",5,0.185651551544266,0.823008088108759
12,60,"D6",6,0.159410645399436,0.858655066835935
12,60,"D6",7,0.140918795642575,0.883998651968778
12,60,"D6",8,0.127461969575661,0.904506520897
12,60,"D6",9,0.117563141422229,0.922338967565098
12,60,"D6",10,0.110270034209186,0.937964338781575
12,60,"D6",11,0.104883907125701,0.951155115511551
12,60,"D6",12,0.100880704563651,0.961832061068702
12,60,"D7",1,1,NA
12,60,"D7",2,0.362187613183629,0.362187613183629
12,60,"D7",3,0.228134733792104,0.62988
12,60,"D7",4,0.169117469515876,0.741305222158718
12,60,"D7",5,0.134250875286732,0.793832095945174
12,60,"D7",6,0.110218864800538,0.820991778006166
12,60,"D7",7,0.0920680912712785,0.835320627171158
12,60,"D7",8,0.0775564409030545,0.842381327039077
12,60,"D7",9,0.0654980079681275,0.844520547945205
12,60,"D7",10,0.0551973922491851,0.842733908427339
12,60,"D7",11,0.0462151394422311,0.837270341207349
12,60,"D7",12,0.0382470119521912,0.827586206896552
12,61,"D0",1,1,NA
12,61,"D0",2,0.829495290186724,0.829495290186724
12,61,"D0",3,0.742073580405012,0.894608551952076
12,61,"D0",4,0.688641887352269,0.927996772202049
12,61,"D0",5,0.651678232651399,0.946323836264172
12,61,"D0",6,0.624097444146053,0.95767729053473
12,61,"D0",7,0.602448772232017,0.96531203241241
12,61,"D0",8,0.584784605140738,0.970679387351335
12,61,"D0",9,0.569920323216291,0.974581612111916
12,61,"D0",10,0.55709718583584,0.977500122634538
12,61,"D0",11,0.545806259610138,0.979732573574643
12,61,"D0",12,0.53568771390308,0.981461286804798
12,61,"D1",1,1,NA
12,61,"D1",2,0.683220033029919,0.683220033029919
12,61,"D1",3,0.537368936513423,0.786523975490472
12,61,"D1",4,0.453534073305936,0.843990120174368
12,61,"D1",5,0.399155528670738,0.880100420595043
12,61,"D1",6,0.36116597808613,0.904825192548078
12,61,"D1",7,0.333219712972565,0.922622099507665
12,61,"D1",8,0.311851083714202,0.935872253571857
12,61,"D1",9,0.295019587510082,0.94602713576091
12,61,"D1",10,0.281455236778431,0.954022202911569
12,61,"D1",11,0.270331643430503,0.960478286084672
12,61,"D1",12,0.261089987325729,0.965813635475679
12,61,"D3",1,1,NA
12,61,"D3",2,0.575672103986272,0.575672103986272
12,61,"D3",3,0.446482179135683,0.775584184197903
12,61,"D3",4,0.385359343050816,0.863101286140489
12,61,"D3",5,0.348724826919663,0.904934143178871
12,61,"D3",6,0.323489051629646,0.927634130575307
12,61,"D3",7,0.30458194441705,0.941552559144281
12,61,"D3",8,0.289636218991828,0.950930363079049
12,61,"D3",9,0.27736641748358,0.957637198997567
12,61,"D3",10,0.266987514546638,0.962580535051414
12,61,"D3",11,0.257973530049902,0.966238179669031
12,61,"D3",12,0.24994575829898,0.968881412952061
12,61,"D5",1,1,NA
12,61,"D5",2,0.548125780319967,0.548125780319967
12,61,"D5",3,0.396695798612119,0.72373132747113
12,61,"D5",4,0.320184276492165,0.807127974665632
12,61,"D5",5,0.273153121763789,0.853112228858849
12,61,"D5",6,0.240473356091369,0.880361002424568
12,61,"D5",7,0.215987727805039,0.898177375305448
12,61,"D5",8,0.196780968419423,0.91107476530818
12,61,"D5",9,0.181283934845097,0.921247294904584
12,61,"D5",10,0.168578148137394,0.929912230123647
12,61,"D5",11,0.158096454806771,0.937822941784361
12,61,"D5",12,0.149473011817311,0.945454545454546
12,61,"D6",1,1,NA
12,61,"D6",2,0.463744160977363,0.463744160977363
12,61,"D6",3,0.308149478979518,0.664481636448164
12,61,"D6",4,0.240220385674931,0.779557980985253
12,61,"D6",5,0.203126122888969,0.845582369365776
12,61,"D6",6,0.179528771623633,0.883829066740795
12,61,"D6",7,0.162863816025871,0.907173900611883
12,61,"D6",8,0.150178464486765,0.922110682110682
12,61,"D6",9,0.1400071864894,0.932272060230971
12,61,"D6",10,0.131584620912684,0.939841905348527
12,61,"D6",11,0.124505928853755,0.946204259967231
12,61,"D6",12,0.118577075098814,0.952380952380952
12,61,"D7",1,1,NA
12,61,"D7",2,0.338786498239801,0.338786498239801
12,61,"D7",3,0.20103541105819,0.593398533007335
12,61,"D7",4,0.143337705068912,0.712997298905828
12,61,"D7",5,0.11124916591887,0.776133299088224
12,61,"D7",6,0.0909485351398791,0.81752105185404
12,61,"D7",7,0.0771266192678493,0.8480248653728
12,61,"D7",8,0.0672050804169255,0.871360381861575
12,61,"D7",9,0.0597639262787327,0.889276910435497
12,61,"D7",10,0.053979429833644,0.903210903210903
12,61,"D7",11,0.0493545937737282,0.914322250639386
12,61,"D7",12,0.0455580865603645,0.923076923076923
12,62,"D0",1,1,NA
12,62,"D0",2,0.829627368780129,0.829627368780129
12,62,"D0",3,0.74203524331894,0.894419918197754
12,62,"D0",4,0.688698379070651,0.928120847724528
12,62,"D0",5,0.652013369600019,0.946732836049163
12,62,"D0",6,0.624816133802013,0.958287303503162
12,62,"D0",7,0.603577744463495,0.96600857726051
12,62,"D0",8,0.586240802415385,0.971276372916101
12,62,"D0",9,0.571526163182132,0.974900008370918
12,62,"D0",10,0.558650592026715,0.977471598003968
12,62,"D0",11,0.547151180013824,0.979415734670266
12,62,"D0",12,0.53678285770712,0.981050351922036
12,62,"D1",1,1,NA
12,62,"D1",2,0.683239690448426,0.683239690448426
12,62,"D1",3,0.538203405838305,0.787722688482968
12,62,"D1",4,0.454970140287643,0.845349797775772
12,62,"D1",5,0.400943335614172,0.881251977021363
12,62,"D1",6,0.363142793811722,0.905720987369583
12,62,"D1",7,0.335329067201218,0.923408292593231
12,62,"D1",8,0.314132526366174,0.936788835480448
12,62,"D1",9,0.297559823829303,0.947242959114802
12,62,"D1",10,0.284330638088721,0.955541088946971
12,62,"D1",11,0.273560903212128,0.962122496017354
12,62,"D1",12,0.264602989504929,0.967254408060453
12,62,"D3",1,1,NA
12,62,"D3",2,0.591873669974742,0.591873669974742
12,62,"D3",3,0.467353473479048,0.789616935483871
12,62,"D3",4,0.407379858528404,0.871673971942069
12,62,"D3",5,0.371333107933414,0.911515628864906
12,62,"D3",6,0.346808081439453,0.93395410759237
12,62,"D3",7,0.328795502608673,0.948061824983957
12,62,"D3",8,0.314822696445974,0.957503049610356
12,62,"D3",9,0.30350231697858,0.964042047809168
12,62,"D3",10,0.293987788627911,0.968650887263768
12,62,"D3",11,0.285714285714286,0.971857664727371
12,62,"D3",12,0.278276088383286,0.973966309341501
12,62,"D5",1,1,NA
12,62,"D5",2,0.552970538454918,0.552970538454918
12,62,"D5",3,0.404090765655928,0.730763643909525
12,62,"D5",4,0.329976954779732,0.816591179073609
12,62,"D5",5,0.285196553735525,0.864292338008578
12,62,"D5",6,0.25491674623893,0.89382828403784
12,62,"D5",7,0.232947971351253,0.913819805046916
12,62,"D5",8,0.21626935176951,0.928401953942777
12,62,"D5",9,0.203241630568863,0.939761593151993
12,62,"D5",10,0.192891362345449,0.949074074074074
12,62,"D5",11,0.184600820448091,0.957019631171921
12,62,"D5",12,0.177974124329441,0.964102564102564
12,62,"D6",1,1,NA
12,62,"D6",2,0.454070638080281,0.454070638080281
12,62,"D6",3,0.30384601336791,0.669160231660232
12,62,"D6",4,0.238099760156811,0.783619826100894
12,62,"D6",5,0.201157821688155,0.844846805203305
12,62,"D6",6,0.176908266502481,0.879450100512289
12,62,"D6",7,0.159337448409365,0.90067836602271
12,62,"D6",8,0.145746740202345,0.914704871060172
12,62,"D6",9,0.134752912816392,0.924568965517241
12,62,"D6",10,0.125570692866796,0.931858838835583
12,62,"D6",11,0.117717959019687,0.937463641652123
12,62,"D6",12,0.110887906789875,0.9419795221843
12,62,"D7",1,1,NA
12,62,"D7",2,0.337051184110008,0.337051184110008
12,62,"D7",3,0.193063407181054,0.572801450589302
12,62,"D7",4,0.132294372294372,0.685237944497204
12,62,"D7",5,0.101018589253883,0.763589467200493
12,62,"D7",6,0.083760777038088,0.829162015196802
12,62,"D7",7,0.0738986503692386,0.882258414766558
12,62,"D7",8,0.0681436210847976,0.922122674017919
12,62,"D7",9,0.0647211611917494,0.949775784753363
12,62,"D7",10,0.0626432391138274,0.967894239848914
12,62,"D7",11,0.061344537815126,0.979268292682927
12,62,"D7",12,0.0605042016806723,0.986301369863014
12,63,"D0",1,1,NA
12,63,"D0",2,0.829162220931646,0.829162220931646
12,63,"D0",3,0.741373023054794,0.894123012770394
12,63,"D0",4,0.687687452447518,0.92758629065559
12,63,"D0",5,0.650568228714121,0.946023119076424
12,63,"D0",6,0.622884617981929,0.957447029365529
12,63,"D0",7,0.601145911649552,0.965099946756097
12,63,"D0",8,0.583378878669326,0.970444724590287
12,63,"D0",9,0.568387785146068,0.974302988895566
12,63,"D0",10,0.555412991900884,0.977172638849286
12,63,"D0",11,0.54395087406527,0.979362892113155
12,63,"D0",12,0.53365027484772,0.981063364894392
12,63,"D1",1,1,NA
12,63,"D1",2,0.683334613022113,0.683334613022113
12,63,"D1",3,0.538169917076167,0.787564257422961
12,63,"D1",4,0.454914004914005,0.845298093556614
12,63,"D1",5,0.400919296427109,0.881307878184355
12,63,"D1",6,0.363113290847666,0.90570170626268
12,63,"D1",7,0.335187282452907,0.923092849811234
12,63,"D1",8,0.313736179361179,0.936002634304176
12,63,"D1",9,0.296789580773956,0.945984557401924
12,63,"D1",10,0.28314074017199,0.954011725861896
12,63,"D1",11,0.272012246621622,0.960696247584828
12,63,"D1",12,0.262880067567568,0.966427323888997
12,63,"D3",1,1,NA
12,63,"D3",2,0.584933755870337,0.584933755870337
12,63,"D3",3,0.455984880302394,0.779549608355091
12,63,"D3",4,0.39450701895053,0.865175658212409
12,63,"D3",5,0.358163745815993,0.907876738844298
12,63,"D3",6,0.333773324533509,0.93190147923287
12,63,"D3",7,0.316024588599137,0.946823983135326
12,63,"D3",8,0.30233286243366,0.956675123837139
12,63,"D3",9,0.291271810927418,0.96341432612649
12,63,"D3",10,0.282005268985529,0.968185929450627
12,63,"D3",11,0.274044519109618,0.971770917952884
12,63,"D3",12,0.267114657706846,0.974712643678161
12,63,"D5",1,1,NA
12,63,"D5",2,0.555194805194805,0.555194805194805
12,63,"D5",3,0.406806375442739,0.732727272727273
12,63,"D5",4,0.332420306965761,0.81714625687461
12,63,"D5",5,0.286703069657615,0.862471586873136
12,63,"D5",6,0.254908078934053,0.889101324371824
12,63,"D5",7,0.231075364029909,0.906504670217576
12,63,"D5",8,0.212436048799685,0.91933664019756
12,63,"D5",9,0.197532467532468,0.92984438680993
12,63,"D5",10,0.185478158205431,0.93897555436017
12,63,"D5",11,0.175649350649351,0.947008274984087
12,63,"D5",12,0.167532467532468,0.953789279112754
12,63,"D6",1,1,NA
12,63,"D6",2,0.443590236402076,0.443590236402076
12,63,"D6",3,0.286680761099366,0.646273830155979
12,63,"D6",4,0.214911909795631,0.749655850540806
12,63,"D6",5,0.173457620603498,0.807110321472861
12,63,"D6",6,0.146261772054584,0.843213296398892
12,63,"D6",7,0.126933179575886,0.867849321068769
12,63,"D6",8,0.112376193221859,0.885317720688437
12,63,"D6",9,0.100880261387661,0.89770135911703
12,63,"D6",10,0.0914088026138766,0.906111873190063
12,63,"D6",11,0.0832980972515856,0.911269974768713
12,63,"D6",12,0.0761099365750529,0.913705583756345
12,63,"D7",1,1,NA
12,63,"D7",2,0.392709915382946,0.392709915382946
12,63,"D7",3,0.262529832935561,0.668508287292818
12,63,"D7",4,0.207728839709747,0.791258034894398
12,63,"D7",5,0.17680383790169,0.85112802896667
12,63,"D7",6,0.156660364297596,0.886068798940356
12,63,"D7",7,0.14226995491912,0.908142627888061
12,63,"D7",8,0.131317952797666,0.923019571295433
12,63,"D7",9,0.122629637665437,0.933837567924805
12,63,"D7",10,0.115570984306068,0.942439254541165
12,63,"D7",11,0.109785202863962,0.949937421777222
12,63,"D7",12,0.105011933174224,0.956521739130435
12,64,"D0",1,1,NA
12,64,"D0",2,0.83182735641752,0.83182735641752
12,64,"D0",3,0.744222016353164,0.894683266439263
12,64,"D0",4,0.690163785245753,0.927362762832108
12,64,"D0",5,0.652715308453013,0.945739724985129
12,64,"D0",6,0.624787657574543,0.957213121070101
12,64,"D0",7,0.602855463511201,0.964896563180388
12,64,"D0",8,0.584934263622788,0.970272808370957
12,64,"D0",9,0.569828546877727,0.974175360062678
12,64,"D0",10,0.556795245319835,0.97712767879162
12,64,"D0",11,0.545365037168316,0.979471433623766
12,64,"D0",12,0.535223748338502,0.981404585665282
12,64,"D1",1,1,NA
12,64,"D1",2,0.686160699381412,0.686160699381412
12,64,"D1",3,0.542527101983584,0.790670614730169
12,64,"D1",4,0.460416557368449,0.848651718384348
12,64,"D1",5,0.407169645142469,0.884350570426231
12,64,"D1",6,0.369781364954756,0.908175178003185
12,64,"D1",7,0.34202393273271,0.92493555691904
12,64,"D1",8,0.320541546836075,0.937190401487421
12,64,"D1",9,0.303381011203266,0.946463927056592
12,64,"D1",10,0.289329473317722,0.953683528742246
12,64,"D1",11,0.277582498294948,0.959399314255572
12,64,"D1",12,0.267562037668538,0.963900963900964
12,64,"D3",1,1,NA
12,64,"D3",2,0.577985550361241,0.577985550361241
12,64,"D3",3,0.4489742301897,0.776791443850267
12,64,"D3",4,0.387420314492138,0.862901005094314
12,64,"D3",5,0.35054862264807,0.904827675615302
12,64,"D3",6,0.325213460572577,0.927727109911002
12,64,"D3",7,0.306201625262399,0.941540441540441
12,64,"D3",8,0.291079086659197,0.950612480942116
12,64,"D3",9,0.278545763628637,0.956941863551898
12,64,"D3",10,0.267820577212842,0.961495783399911
12,64,"D3",11,0.258393540161496,0.964800923254472
12,64,"D3",12,0.249893752656184,0.967105263157895
12,64,"D5",1,1,NA
12,64,"D5",2,0.56758943535803,0.56758943535803
12,64,"D5",3,0.423585505403687,0.746288565319214
12,64,"D5",4,0.350397811554836,0.827218606597265
12,64,"D5",5,0.304870061068408,0.870068393736805
12,64,"D5",6,0.272809834793306,0.894839702649882
12,64,"D5",7,0.248429944710936,0.910634123213187
12,64,"D5",8,0.22903157448612,0.921916135160809
12,64,"D5",9,0.213171126394267,0.930749949532333
12,64,"D5",10,0.199965323932266,0.938050698115765
12,64,"D5",11,0.188811188811189,0.944219653179191
12,64,"D5",12,0.179275270184361,0.949494949494949
12,64,"D6",1,1,NA
12,64,"D6",2,0.445695897023331,0.445695897023331
12,64,"D6",3,0.27950522928399,0.627120938628159
12,64,"D6",4,0.205542147135067,0.735378538933263
12,64,"D6",5,0.165482256190221,0.805101330781943
12,64,"D6",6,0.140932076772785,0.851644641651394
12,64,"D6",7,0.124530705282918,0.883622154264356
12,64,"D6",8,0.112889961562528,0.90652310453118
12,64,"D6",9,0.104263877715205,0.923588565998891
12,64,"D6",10,0.0976803432555645,0.936856995884774
12,64,"D6",11,0.0925516224188791,0.947494852436513
12,64,"D6",12,0.0884955752212389,0.956175298804781
12,64,"D7",1,1,NA
12,64,"D7",2,0.366865816244147,0.366865816244147
12,64,"D7",3,0.224576134345228,0.612147887323944
12,64,"D7",4,0.157769524732225,0.702521330649027
12,64,"D7",5,0.118278701760052,0.749692958515284
12,64,"D7",6,0.0925930197688635,0.782837640175524
12,64,"D7",7,0.0747483718176436,0.807278691247301
12,64,"D7",8,0.0616825448086549,0.825202520252025
12,64,"D7",9,0.0516873889875666,0.837958115183246
12,64,"D7",10,0.0437590828354594,0.8466104342393
12,64,"D7",11,0.0373001776198934,0.85239852398524
12,64,"D7",12,0.0319715808170515,0.857142857142857
12,65,"D0",1,1,NA
12,65,"D0",2,0.829992329671611,0.829992329671611
12,65,"D0",3,0.742202505640607,0.894228150197799
12,65,"D0",4,0.688445614680381,0.927571127082321
12,65,"D0",5,0.651232560469251,0.945946268786378
12,65,"D0",6,0.623408022381723,0.957274037300165
12,65,"D0",7,0.601467380171678,0.964805325850281
12,65,"D0",8,0.583435380099909,0.97001998667555
12,65,"D0",9,0.568121038679089,0.973751435132032
12,65,"D0",10,0.554784535541431,0.976525243337818
12,65,"D0",11,0.542951596190852,0.978671108164486
12,65,"D0",12,0.532293876745448,0.980370774263904
12,65,"D1",1,1,NA
12,65,"D1",2,0.686861303474889,0.686861303474889
12,65,"D1",3,0.542034241016124,0.789146569000069
12,65,"D1",4,0.458335350581996,0.845583758182469
12,65,"D1",5,0.403714743635383,0.880828291168779
12,65,"D1",6,0.36526304583528,0.904755279795205
12,65,"D1",7,0.336741296956407,0.921914496404503
12,65,"D1",8,0.314780657828744,0.934784835343479
12,65,"D1",9,0.29741270059758,0.944825208286422
12,65,"D1",10,0.283411570938329,0.952923565028934
12,65,"D1",11,0.271967837936616,0.959621503935689
12,65,"D1",12,0.262517621260377,0.965252447686696
12,65,"D3",1,1,NA
12,65,"D3",2,0.588173670119893,0.588173670119893
12,65,"D3",3,0.461878710278198,0.785276073619632
12,65,"D3",4,0.400574244364257,0.867271505376344
12,65,"D3",5,0.363338894708933,0.907045072969133
12,65,"D3",6,0.337570879824401,0.929079943656529
12,65,"D3",7,0.318233551908328,0.942716243989612
12,65,"D3",8,0.302942355695237,0.951949767328443
12,65,"D3",9,0.290443487370504,0.958741760306021
12,65,"D3",10,0.280021728165134,0.964117772790424
12,65,"D3",11,0.271233461374306,0.968615768324789
12,65,"D3",12,0.263764404609475,0.972462627852085
12,65,"D5",1,1,NA
12,65,"D5",2,0.56553262688232,0.56553262688232
12,65,"D5",3,0.418909795403176,0.740734973528496
12,65,"D5",4,0.34414536061291,0.821526171957116
12,65,"D5",5,0.297824874511991,0.865404298874104
12,65,"D5",6,0.265896196151282,0.89279378220833
12,65,"D5",7,0.242448704024422,0.911817120868029
12,65,"D5",8,0.224530092660541,0.926093185624634
12,65,"D5",9,0.210449995596912,0.937290824152838
12,65,"D5",10,0.199136994745648,0.946243758194549
12,65,"D5",11,0.189861155957378,0.953419811320755
12,65,"D5",12,0.182111721020342,0.959183673469388
12,65,"D6",1,1,NA
12,65,"D6",2,0.456817334101929,0.456817334101929
12,65,"D6",3,0.297528059407955,0.651306413301663
12,65,"D6",4,0.22794750940965,0.766137855579869
12,65,"D6",5,0.190860488510619,0.837300170574001
12,65,"D6",6,0.168366135915558,0.88214243413817
12,65,"D6",7,0.153289704203542,0.910454488784034
12,65,"D6",8,0.142325907338962,0.928476625866391
12,65,"D6",9,0.133830660201417,0.940311308767472
12,65,"D6",10,0.126953985961819,0.948616600790514
12,65,"D6",11,0.121223424095487,0.954861111111111
12,65,"D6",12,0.116374487131667,0.96
12,65,"D7",1,1,NA
12,65,"D7",2,0.362802972428641,0.362802972428641
12,65,"D7",3,0.219306896312244,0.60447932618683
12,65,"D7",4,0.155955274671852,0.711128000506682
12,65,"D7",5,0.119904160011112,0.768836836480228
12,65,"D7",6,0.0966039308285298,0.805676223573704
12,65,"D7",7,0.080364377155821,0.831895518811407
12,65,"D7",8,0.068578836493275,0.853348696528878
12,65,"D7",9,0.0598791582748802,0.873143397245477
12,65,"D7",10,0.053475935828877,0.893064254233356
12,65,"D7",11,0.0488922841864018,0.914285714285714
12,65,"D7",12,0.0458365164247517,0.9375
12,66,"D0",1,1,NA
12,66,"D0",2,0.829651319938733,0.829651319938733
12,66,"D0",3,0.7417749346788,0.894080340562319
12,66,"D0",4,0.687679971168574,0.927073616293532
12,66,"D0",5,0.650070576928852,0.945309743170487
12,66,"D0",6,0.621896438546587,0.95665987758534
12,66,"D0",7,0.599689912004084,0.964292243585763
12,66,"D0",8,0.581484217797399,0.969641486637912
12,66,"D0",9,0.566088836832147,0.973523991719727
12,66,"D0",10,0.552752500225245,0.976441265506078
12,66,"D0",11,0.540981169474727,0.978704156479218
12,66,"D0",12,0.530426164519326,0.980489145369607
12,66,"D1",1,1,NA
12,66,"D1",2,0.703032791091497,0.703032791091497
12,66,"D1",3,0.566492346879272,0.805783676177837
12,66,"D1",4,0.487878943382612,0.861227774868046
12,66,"D1",5,0.43658942791698,0.894872455224185
12,66,"D1",6,0.400393469105944,0.917093826610207
12,66,"D1",7,0.373399671264915,0.932581822822173
12,66,"D1",8,0.352413963621435,0.943798269633208
12,66,"D1",9,0.335557971048298,0.952169907230906
12,66,"D1",10,0.321659661219368,0.95858149402468
12,66,"D1",11,0.30995022322574,0.963596809282088
12,66,"D1",12,0.299892235849541,0.967549668874172
12,66,"D3",1,1,NA
12,66,"D3",2,0.575410950685918,0.575410950685918
12,66,"D3",3,0.447954245490541,0.778494474178077
12,66,"D3",4,0.387329520457545,0.864663131015518
12,66,"D3",5,0.350604594115373,0.905184282626354
12,66,"D3",6,0.325083847081207,0.927209319379976
12,66,"D3",7,0.305856630537669,0.940854592696094
12,66,"D3",8,0.290599794691304,0.950117688082992
12,66,"D3",9,0.278054633443987,0.956830109736852
12,66,"D3",10,0.267487901451826,0.961997641034493
12,66,"D3",11,0.258468983721953,0.966282894736842
12,66,"D3",12,0.250769907611087,0.970212765957447
12,66,"D5",1,1,NA
12,66,"D5",2,0.56347515688871,0.56347515688871
12,66,"D5",3,0.418728769647072,0.743118422397057
12,66,"D5",4,0.34691692095112,0.828500323117326
12,66,"D5",5,0.303922697526244,0.876067666843689
12,66,"D5",6,0.275063125601441,0.905043051540068
12,66,"D5",7,0.254198092386819,0.924144564383179
12,66,"D5",8,0.238363367685724,0.93770714582311
12,66,"D5",9,0.225971558523807,0.948012946442949
12,66,"D5",10,0.216074615694628,0.956202705801422
12,66,"D5",11,0.208043065231159,0.962829736211031
12,66,"D5",12,0.201393286890437,0.968036529680365
12,66,"D6",1,1,NA
12,66,"D6",2,0.442923862278701,0.442923862278701
12,66,"D6",3,0.286086673183447,0.645904855321236
12,66,"D6",4,0.217274296127343,0.759470176326668
12,66,"D6",5,0.179169231140557,0.824622306154188
12,66,"D6",6,0.154695961147574,0.863406959793313
12,66,"D6",7,0.137208404233494,0.886955310375571
12,66,"D6",8,0.123625743697428,0.901007080346541
12,66,"D6",9,0.112392744650809,0.909137055837563
12,66,"D6",10,0.102675500524963,0.913542069320964
12,66,"D6",11,0.0939864595778574,0.915373765867419
12,66,"D6",12,0.0860215053763441,0.915254237288136
12,66,"D7",1,1,NA
12,66,"D7",2,0.365404710232296,0.365404710232296
12,66,"D7",3,0.225415963346998,0.616893972723273
12,66,"D7",4,0.165067116791255,0.73227784909428
12,66,"D7",5,0.131594459180666,0.797217893780028
12,66,"D7",6,0.110510179475697,0.83977836273469
12,66,"D7",7,0.0961203547410444,0.869787337212524
12,66,"D7",8,0.0857165822683064,0.891763066202091
12,66,"D7",9,0.0778876296117675,0.908664666166542
12,66,"D7",10,0.0718591753074512,0.922600619195047
12,66,"D7",11,0.0671971706454465,0.935123042505593
12,66,"D7",12,0.0636604774535809,0.947368421052632
12,67,"D0",1,1,NA
12,67,"D0",2,0.831937210259715,0.831937210259715
12,67,"D0",3,0.744321537883263,0.894684753493476
12,67,"D0",4,0.690218188977787,0.92731185898592
12,67,"D0",5,0.652756895595053,0.945725432941408
12,67,"D0",6,0.624864159270539,0.957269334858443
12,67,"D0",7,0.603009570006026,0.965025055541631
12,67,"D0",8,0.585191549278968,0.970451512524288
12,67,"D0",9,0.570192772378242,0.974369457455073
12,67,"D0",10,0.557249995525247,0.977301050662197
12,67,"D0",11,0.545875172278007,0.97958757588411
12,67,"D0",12,0.535735380980508,0.981424706943192
12,67,"D1",1,1,NA
12,67,"D1",2,0.680007138068574,0.680007138068574
12,67,"D1",3,0.53455355721789,0.786099920562869
12,67,"D1",4,0.452234585228378,0.846004257425683
12,67,"D1",5,0.399391013428893,0.883150087309668
12,67,"D1",6,0.36263730963715,0.907975636516703
12,67,"D1",7,0.335605779263268,0.925458496256411
12,67,"D1",8,0.314903290424538,0.938313074094921
12,67,"D1",9,0.298569010171748,0.948129216970806
12,67,"D1",10,0.285387698406957,0.955851708262661
12,67,"D1",11,0.274550374025147,0.962025958223484
12,67,"D1",12,0.265478274709534,0.96695652173913
12,67,"D3",1,1,NA
12,67,"D3",2,0.588779776373359,0.588779776373359
12,67,"D3",3,0.462230432668935,0.785065063742651
12,67,"D3",4,0.400910063198833,0.867338095598691
12,67,"D3",5,0.36411602657592,0.908223713993766
12,67,"D3",6,0.339218001250087,0.931620627743389
12,67,"D3",7,0.321011181332037,0.946327082139055
12,67,"D3",8,0.306906498136445,0.956061707454971
12,67,"D3",9,0.29544385026738,0.962651009546338
12,67,"D3",10,0.285736509479825,0.967143195640155
12,67,"D3",11,0.277219251336898,0.970191915067374
12,67,"D3",12,0.26951871657754,0.972222222222222
12,67,"D5",1,1,NA
12,67,"D5",2,0.547603147411515,0.547603147411515
12,67,"D5",3,0.39406521297291,0.719618239660657
12,67,"D5",4,0.318302798021738,0.807741428431084
12,67,"D5",5,0.272524026596208,0.856178545366091
12,67,"D5",6,0.240821778030338,0.883671729932118
12,67,"D5",7,0.216824908297281,0.900354237356253
12,67,"D5",8,0.197617181072946,0.911413649957595
12,67,"D5",9,0.181667198977962,0.919288484895976
12,67,"D5",10,0.168055515228942,0.925073520010229
12,67,"D5",11,0.156180134142446,0.929336558396683
12,67,"D5",12,0.145640370488662,0.932515337423313
12,67,"D6",1,1,NA
12,67,"D6",2,0.436363636363636,0.436363636363636
12,67,"D6",3,0.274523007856341,0.629115226337449
12,67,"D6",4,0.20381593714927,0.742436631234669
12,67,"D6",5,0.165195161491458,0.810511502692119
12,67,"D6",6,0.140671262893485,0.851545902576324
12,67,"D6",7,0.123213617658062,0.875897572280688
12,67,"D6",8,0.109699463773538,0.890319315824098
12,67,"D6",9,0.0986083052749719,0.898895052746453
12,67,"D6",10,0.089188178077067,0.90446923135291
12,67,"D6",11,0.0810699588477366,0.908976510067114
12,67,"D6",12,0.0740740740740741,0.913705583756345
12,67,"D7",1,1,NA
12,67,"D7",2,0.325887176587021,0.325887176587021
12,67,"D7",3,0.18760073519016,0.575661605206074
12,67,"D7",4,0.132164569489608,0.70449920868189
12,67,"D7",5,0.103327206748669,0.781807160176865
12,67,"D7",6,0.0863747450061602,0.835934191236358
12,67,"D7",7,0.0757811395447476,0.87735297556413
12,67,"D7",8,0.0689005136905603,0.909203980099502
12,67,"D7",9,0.0642584476177011,0.932626538987688
12,67,"D7",10,0.0609359536264668,0.948294829482948
12,67,"D7",11,0.0583203732503888,0.95707656612529
12,67,"D7",12,0.0559875583203732,0.96
12,68,"D0",1,1,NA
12,68,"D0",2,0.830287464190457,0.830287464190457
12,68,"D0",3,0.742579005505016,0.894363744524363
12,68,"D0",4,0.688747796048004,0.927507768119027
12,68,"D0",5,0.651492700391248,0.945908943926176
12,68,"D0",6,0.623683883043757,0.957315228043551
12,68,"D0",7,0.601818840384483,0.96494210728588
12,68,"D0",8,0.583931580948276,0.970278000228807
12,68,"D0",9,0.568836941977315,0.974149986978873
12,68,"D0",10,0.555791042899608,0.977065661325793
12,68,"D0",11,0.544305047910698,0.979333968879768
12,68,"D0",12,0.534031413612565,0.981125226860254
12,68,"D1",1,1,NA
12,68,"D1",2,0.699915890177946,0.699915890177946
12,68,"D1",3,0.561970143362607,0.802910965801523
12,68,"D1",4,0.482560447082078,0.858694101068479
12,68,"D1",5,0.430867051660973,0.89287684945237
12,68,"D1",6,0.394554275000856,0.915721621042655
12,68,"D1",7,0.367650767247604,0.931812910268952
12,68,"D1",8,0.346895846353127,0.943547184601686
12,68,"D1",9,0.330359886663189,0.952331629612238
12,68,"D1",10,0.316835591141685,0.959061931949103
12,68,"D1",11,0.305525404455471,0.964302663581895
12,68,"D1",12,0.295859823228407,0.96836406699374
12,68,"D3",1,1,NA
12,68,"D3",2,0.589203810419852,0.589203810419852
12,68,"D3",3,0.46248382923674,0.784930139720559
12,68,"D3",4,0.402048950043775,0.869325422052695
12,68,"D3",5,0.366560168306611,0.911730196700425
12,68,"D3",6,0.342957387588694,0.935610077802633
12,68,"D3",7,0.325969919113515,0.950467699224629
12,68,"D3",8,0.313076430540855,0.960445771782486
12,68,"D3",9,0.302916617664354,0.967548458186553
12,68,"D3",10,0.294680308910581,0.972809980458387
12,68,"D3",11,0.287839586028461,0.97678595184249
12,68,"D3",12,0.282018111254851,0.979775280898876
12,68,"D5",1,1,NA
12,68,"D5",2,0.56349229217692,0.56349229217692
12,68,"D5",3,0.422377179080824,0.749570464307629
12,68,"D5",4,0.352556307928733,0.834695446131736
12,68,"D5",5,0.310555635595255,0.880868186474293
12,68,"D5",6,0.282437689093791,0.9094592295916
12,68,"D5",7,0.262450175286942,0.929232129497381
12,68,"D5",8,0.247749123565288,0.943985361390668
12,68,"D5",9,0.236715170724679,0.955463201315014
12,68,"D5",10,0.228324448926668,0.964553510565781
12,68,"D5",11,0.221870047543582,0.971731448763251
12,68,"D5",12,0.216798732171157,0.977142857142857
12,68,"D6",1,1,NA
12,68,"D6",2,0.44853599283979,0.44853599283979
12,68,"D6",3,0.292417849379875,0.65193842645382
12,68,"D6",4,0.223193964966117,0.763270660253607
12,68,"D6",5,0.18487973973206,0.828336643242693
12,68,"D6",6,0.160812464609933,0.869821998035008
12,68,"D6",7,0.144369148588558,0.897748498157403
12,68,"D6",8,0.132452513887113,0.917457193465853
12,68,"D6",9,0.123462472829561,0.932126308563583
12,68,"D6",10,0.116523888675787,0.943800055233361
12,68,"D6",11,0.111111111111111,0.953547915142648
12,68,"D6",12,0.106891701828411,0.962025316455696
12,68,"D7",1,1,NA
12,68,"D7",2,0.321585012467147,0.321585012467147
12,68,"D7",3,0.18793719253319,0.584409052808047
12,68,"D7",4,0.135480827549026,0.720883534136546
12,68,"D7",5,0.1071725408271,0.79105319007826
12,68,"D7",6,0.0894939012062807,0.835045063927898
12,68,"D7",7,0.0775883370397825,0.866967871485944
12,68,"D7",8,0.0692050228002785,0.89195136074117
12,68,"D7",9,0.0631578947368421,0.912620098675669
12,68,"D7",10,0.0587640676595458,0.930431071276142
12,68,"D7",11,0.055596738324685,0.946100917431193
12,68,"D7",12,0.0533728687916976,0.96
12,69,"D0",1,1,NA
12,69,"D0",2,0.832720473110198,0.832720473110198
12,69,"D0",3,0.745602168719972,0.895381094612889
12,69,"D0",4,0.691821671095365,0.927869714063552
12,69,"D0",5,0.654429592649256,0.945951276162099
12,69,"D0",6,0.626370627699237,0.957124547445309
12,69,"D0",7,0.604169089775821,0.964555269769009
12,69,"D0",8,0.585874093757176,0.969718748727391
12,69,"D0",9,0.570308935233647,0.973432587838608
12,69,"D0",10,0.556736541678969,0.976201681726908
12,69,"D0",11,0.544680641669127,0.978345412762949
12,69,"D0",12,0.533805727782699,0.980034330111121
12,69,"D1",1,1,NA
12,69,"D1",2,0.707127492020424,0.707127492020424
12,69,"D1",3,0.572826233407825,0.810074901445467
12,69,"D1",4,0.495365883498965,0.864775135300565
12,69,"D1",5,0.444715205409231,0.897750976042258
12,69,"D1",6,0.40894256762811,0.919560569672442
12,69,"D1",7,0.382303383402172,0.934858372948441
12,69,"D1",8,0.361660247386215,0.946003260990653
12,69,"D1",9,0.345141402268197,0.954324963173581
12,69,"D1",10,0.331560094221718,0.960650017768875
12,69,"D1",11,0.320130832524148,0.965528838069615
12,69,"D1",12,0.310318393213063,0.969348659003831
12,69,"D3",1,1,NA
12,69,"D3",2,0.593777237255498,0.593777237255498
12,69,"D3",3,0.468543630282761,0.789089916023759
12,69,"D3",4,0.408094321137799,0.870984674130602
12,69,"D3",5,0.37213945474815,0.911895695364238
12,69,"D3",6,0.34783477392173,0.934689320048398
12,69,"D3",7,0.329958447349752,0.9486068446509
12,69,"D3",8,0.316048782135739,0.957844191213359
12,69,"D3",9,0.30480997263606,0.964439636743001
12,69,"D3",10,0.295490017229148,0.969423718895051
12,69,"D3",11,0.287625418060201,0.973384552064755
12,69,"D3",12,0.280936454849498,0.976744186046512
12,69,"D5",1,1,NA
12,69,"D5",2,0.571204583144882,0.571204583144882
12,69,"D5",3,0.426413387607417,0.746516047297297
12,69,"D5",4,0.351543293632846,0.824418988356197
12,69,"D5",5,0.304181114628876,0.865273552754969
12,69,"D5",6,0.270819064848916,0.890321758401522
12,69,"D5",7,0.245735966631489,0.907380603978454
12,69,"D5",8,0.226005326900849,0.919707969488129
12,69,"D5",9,0.209950248756219,0.928961505621175
12,69,"D5",10,0.196532489069803,0.936090765474652
12,69,"D5",11,0.185074626865672,0.941699907947223
12,69,"D5",12,0.175124378109453,0.946236559139785
12,69,"D6",1,1,NA
12,69,"D6",2,0.439232409381663,0.439232409381663
12,69,"D6",3,0.280286877301803,0.638128861429832
12,69,"D6",4,0.210304322543129,0.750318118948824
12,69,"D6",5,0.171764553854106,0.816742859951826
12,69,"D6",6,0.147127073353086,0.856562486565496
12,69,"D6",7,0.12962460425147,0.881038420035635
12,69,"D6",8,0.116239581314208,0.896740105672415
12,69,"D6",9,0.105462298895135,0.907283884738527
12,69,"D6",10,0.0964528009304129,0.9145713865608
12,69,"D6",11,0.0886993603411514,0.919614147909968
12,69,"D6",12,0.0818763326226013,0.923076923076923
12,69,"D7",1,1,NA
12,69,"D7",2,0.408166409861325,0.408166409861325
12,69,"D7",3,0.260847457627119,0.639071347678369
12,69,"D7",4,0.194987159732922,0.747514127631087
12,69,"D7",5,0.158217770929635,0.811426614687599
12,69,"D7",6,0.134844816200748,0.852273517749901
12,69,"D7",7,0.118464304057524,0.878523234301883
12,69,"D7",8,0.105988700564972,0.894688922610015
12,69,"D7",9,0.0957781201848999,0.903663500678426
12,69,"D7",10,0.0869029275808937,0.907335907335907
12,69,"D7",11,0.0788135593220339,0.906914893617021
12,69,"D7",12,0.0711864406779661,0.903225806451613
12,70,"D0",1,1,NA
12,70,"D0",2,0.829651319938733,0.829651319938733
12,70,"D0",3,0.7417749346788,0.894080340562319
12,70,"D0",4,0.687679971168574,0.927073616293532
12,70,"D0",5,0.650070576928852,0.945309743170487
12,70,"D0",6,0.621896438546587,0.95665987758534
12,70,"D0",7,0.599689912004084,0.964292243585763
12,70,"D0",8,0.581484217797399,0.969641486637912
12,70,"D0",9,0.566088836832147,0.973523991719727
12,70,"D0",10,0.552752500225245,0.976441265506078
12,70,"D0",11,0.540981169474727,0.978704156479218
12,70,"D0",12,0.530426164519326,0.980489145369607
12,70,"D1",1,1,NA
12,70,"D1",2,0.683591248410931,0.683591248410931
12,70,"D1",3,0.538962540981256,0.788428088033782
12,70,"D1",4,0.45642971615004,0.84686723370245
12,70,"D1",5,0.403062801285911,0.883077475072667
12,70,"D1",6,0.365713247954863,0.907335647914195
12,70,"D1",7,0.338101337207635,0.924498467305632
12,70,"D1",8,0.316874559919455,0.937217706787288
12,70,"D1",9,0.300086024794257,0.947018356003507
12,70,"D1",10,0.286529473050344,0.954824448245438
12,70,"D1",11,0.275417937125434,0.961220268872802
12,70,"D1",12,0.266218063295132,0.966596678755488
12,70,"D3",1,1,NA
12,70,"D3",2,0.574826438811979,0.574826438811979
12,70,"D3",3,0.449020252228567,0.781140570285143
12,70,"D3",4,0.390162812033576,0.86892029946785
12,70,"D3",5,0.355482068767202,0.911112124998245
12,70,"D3",6,0.331908263449158,0.933684966446277
12,70,"D3",7,0.314327185090854,0.947030308388218
12,70,"D3",8,0.300368346821126,0.955591374428229
12,70,"D3",9,0.288809924824385,0.961519174310254
12,70,"D3",10,0.278971367538923,0.96593414408648
12,70,"D3",11,0.270447356529598,0.96944485348255
12,70,"D3",12,0.262991414369634,0.972431077694236
12,70,"D5",1,1,NA
12,70,"D5",2,0.554051582220596,0.554051582220596
12,70,"D5",3,0.406731296872142,0.734103664575768
12,70,"D5",4,0.331760258520822,0.815674281945194
12,70,"D5",5,0.284586305713066,0.857807101374697
12,70,"D5",6,0.250873204595539,0.881536460325962
12,70,"D5",7,0.224767798711461,0.895941832743097
12,70,"D5",8,0.203475397841595,0.90526934466623
12,70,"D5",9,0.185513078470825,0.911722402013664
12,70,"D5",10,0.170050606670325,0.916650233353053
12,70,"D5",11,0.156606304493628,0.920939404804589
12,70,"D5",12,0.144869215291751,0.925053533190578
12,70,"D6",1,1,NA
12,70,"D6",2,0.467248908296943,0.467248908296943
12,70,"D6",3,0.303751488685987,0.650084961767205
12,70,"D6",4,0.230294208460147,0.758166517821487
12,70,"D6",5,0.189404966697543,0.822447806933538
12,70,"D6",6,0.163273407814893,0.862033402089294
12,70,"D6",7,0.144915310308323,0.887562232256571
12,70,"D6",8,0.13118962551277,0.905284784841913
12,70,"D6",9,0.120543866613736,0.918852128303409
12,70,"D6",10,0.112147677649861,0.930347439486251
12,70,"D6",11,0.105531295487627,0.941002949852507
12,70,"D6",12,0.100436681222707,0.951724137931034
12,70,"D7",1,1,NA
12,70,"D7",2,0.372219535783366,0.372219535783366
12,70,"D7",3,0.229896034816248,0.617635595972718
12,70,"D7",4,0.169761444229529,0.73842702143696
12,70,"D7",5,0.136444229529336,0.80374097987087
12,70,"D7",6,0.114802086211661,0.841384693274829
12,70,"D7",7,0.099200112830432,0.864096778237433
12,70,"D7",8,0.0870889748549323,0.877912054432822
12,70,"D7",9,0.0772122823984526,0.88659078289839
12,70,"D7",10,0.0689071566731141,0.892437764208549
12,70,"D7",11,0.0618351063829787,0.897368421052631
12,70,"D7",12,0.0558510638297872,0.903225806451613
12,71,"D0",1,1,NA
12,71,"D0",2,0.832391680022922,0.832391680022922
12,71,"D0",3,0.745692719572361,0.895843552342842
12,71,"D0",4,0.692612722318228,0.928817868458508
12,71,"D0",5,0.656133878925172,0.947331542985583
12,71,"D0",6,0.629112244989326,0.958816889656557
12,71,"D0",7,0.607970774424039,0.966394755890271
12,71,"D0",8,0.590676587603604,0.971554246440844
12,71,"D0",9,0.575996346803005,0.975146736625947
12,71,"D0",10,0.563165387749255,0.977723888137543
12,71,"D0",11,0.551708854525756,0.979656893920122
12,71,"D0",12,0.541317837092485,0.98116575917165
12,71,"D1",1,1,NA
12,71,"D1",2,0.690233236151603,0.690233236151603
12,71,"D1",3,0.547777441217674,0.793612090127402
12,71,"D1",4,0.465508058510974,0.849812393654217
12,71,"D1",5,0.411569358726793,0.884129396262838
12,71,"D1",6,0.373339436490207,0.907111835645754
12,71,"D1",7,0.344787683162319,0.923523339520985
12,71,"D1",8,0.322648391453056,0.935788623577833
12,71,"D1",9,0.304969520275643,0.945207006618579
12,71,"D1",10,0.290494490931809,0.952536144166961
12,71,"D1",11,0.278373594335693,0.958274951937176
12,71,"D1",12,0.268013327780092,0.962782868898448
12,71,"D3",1,1,NA
12,71,"D3",2,0.587645943518611,0.587645943518611
12,71,"D3",3,0.461858097994212,0.785946202961554
12,71,"D3",4,0.402227322622493,0.870889401678377
12,71,"D3",5,0.367109070951003,0.912690536678311
12,71,"D3",6,0.343592740958273,0.935941844390251
12,71,"D3",7,0.326550909756179,0.950401073216607
12,71,"D3",8,0.31353890163989,0.960153202065783
12,71,"D3",9,0.303227222832053,0.967111963606736
12,71,"D3",10,0.294820876160064,0.972277071321381
12,71,"D3",11,0.28781558726674,0.976238830219334
12,71,"D3",12,0.281888035126235,0.979405034324943
12,71,"D5",1,1,NA
12,71,"D5",2,0.55659121171771,0.55659121171771
12,71,"D5",3,0.411287979663479,0.73894084384515
12,71,"D5",4,0.337739579550498,0.821175420265968
12,71,"D5",5,0.292271920267926,0.865376574036463
12,71,"D5",6,0.260950766942778,0.892835571421175
12,71,"D5",7,0.238076504055199,0.912342611000663
12,71,"D5",8,0.220853004075374,0.927655607813228
12,71,"D5",9,0.207686720735988,0.940384404574853
12,71,"D5",10,0.197554775450914,0.951215247420878
12,71,"D5",11,0.189747003994674,0.960477941176471
12,71,"D5",12,0.18375499334221,0.968421052631579
12,71,"D6",1,1,NA
12,71,"D6",2,0.465324890698025,0.465324890698025
12,71,"D6",3,0.3099276345545,0.666045682812247
12,71,"D6",4,0.240464344941957,0.775872552596376
12,71,"D6",5,0.201498819036132,0.837957157784744
12,71,"D6",6,0.176503844414292,0.875954733921501
12,71,"D6",7,0.159172571486004,0.90180795786177
12,71,"D6",8,0.146560128649681,0.920762461028454
12,71,"D6",9,0.137064676616915,0.93521121931148
12,71,"D6",10,0.129730137192824,0.946488478248914
12,71,"D6",11,0.123963515754561,0.955549099360837
12,71,"D6",12,0.119402985074627,0.963210702341137
12,71,"D7",1,1,NA
12,71,"D7",2,0.332552997789049,0.332552997789049
12,71,"D7",3,0.199336714787359,0.599413375048885
12,71,"D7",4,0.147604803398795,0.740479763380527
12,71,"D7",5,0.119879047990636,0.812162241541353
12,71,"D7",6,0.102168218048046,0.852260839242125
12,71,"D7",7,0.0897494255863355,0.878447596532703
12,71,"D7",8,0.0805479689599861,0.897476150223403
12,71,"D7",9,0.0735076082715568,0.91259418729817
12,71,"D7",10,0.068019248276759,0.925336164189667
12,71,"D7",11,0.0636623748211731,0.935946462715105
12,71,"D7",12,0.0600858369098712,0.943820224719101
12,72,"D0",1,1,NA
12,72,"D0",2,0.829478639350669,0.829478639350669
12,72,"D0",3,0.741399368456041,0.893813696078325
12,72,"D0",4,0.687561818091983,0.927383873449778
12,72,"D0",5,0.65048578576915,0.946076074401978
12,72,"D0",6,0.622919745406034,0.957622378588149
12,72,"D0",7,0.601286594888057,0.965271368137679
12,72,"D0",8,0.583574167486416,0.970542454210311
12,72,"D0",9,0.568575522506053,0.97429864819931
12,72,"D0",10,0.555543078394998,0.97707878092674
12,72,"D0",11,0.543999209447107,0.979220569210867
12,72,"D0",12,0.533623202727407,0.980926430517711
12,72,"D1",1,1,NA
12,72,"D1",2,0.682968960342773,0.682968960342773
12,72,"D1",3,0.538923334507433,0.789089059387054
12,72,"D1",4,0.456870815259436,0.847747325094038
12,72,"D1",5,0.403770468337105,0.883773825885163
12,72,"D1",6,0.366565868715436,0.907857056077199
12,72,"D1",7,0.339021283371371,0.924857746738423
12,72,"D1",8,0.317794365286537,0.937387653442448
12,72,"D1",9,0.300933650501083,0.946944576030317
12,72,"D1",10,0.287216949496022,0.954419517451033
12,72,"D1",11,0.275834615997028,0.960370258374492
12,72,"D1",12,0.266227907223608,0.965172214739273
12,72,"D3",1,1,NA
12,72,"D3",2,0.588040652328055,0.588040652328055
12,72,"D3",3,0.464983562880041,0.79073370359544
12,72,"D3",4,0.406465983398151,0.874151294468473
12,72,"D3",5,0.371475329995774,0.91391492810826
12,72,"D3",6,0.347641250264744,0.935839400879456
12,72,"D3",7,0.330006517550833,0.949273186940616
12,72,"D3",8,0.316205782714882,0.958180417349408
12,72,"D3",9,0.304982703422789,0.964507039701379
12,72,"D3",10,0.295610322081605,0.96926913809866
12,72,"D3",11,0.287638856062397,0.97303387120221
12,72,"D3",12,0.280784684471756,0.976170912078883
12,72,"D5",1,1,NA
12,72,"D5",2,0.550343382609708,0.550343382609708
12,72,"D5",3,0.402019555348621,0.730488578680203
12,72,"D5",4,0.327055445621387,0.813531185909036
12,72,"D5",5,0.280400031040236,0.857347079200873
12,72,"D5",6,0.247480752282289,0.882598876199042
12,72,"D5",7,0.222398440228146,0.898649443147268
12,72,"D5",8,0.202351297869864,0.909859339221459
12,72,"D5",9,0.185828192294261,0.918344454670962
12,72,"D5",10,0.17192410662321,0.925177738106424
12,72,"D5",11,0.160051216389245,0.930941096817874
12,72,"D5",12,0.149807938540333,0.936
12,72,"D6",1,1,NA
12,72,"D6",2,0.449876193845065,0.449876193845065
12,72,"D6",3,0.290894941634241,0.646611102374587
12,72,"D6",4,0.221643674095036,0.761937188903481
12,72,"D6",5,0.184288409385686,0.831462527131123
12,72,"D6",6,0.161220880287028,0.874829192049833
12,72,"D6",7,0.145448649923358,0.902170051822133
12,72,"D6",8,0.133738945879024,0.919492521584046
12,72,"D6",9,0.124393349840821,0.930120609394837
12,72,"D6",10,0.116448532012734,0.936131490644372
12,72,"D6",11,0.109338521400778,0.938942891859052
12,72,"D6",12,0.10272373540856,0.939501779359431
12,72,"D7",1,1,NA
12,72,"D7",2,0.327821503357643,0.327821503357643
12,72,"D7",3,0.196346306592534,0.598942731277533
12,72,"D7",4,0.144087419067562,0.733843287241346
12,72,"D7",5,0.11517077045274,0.799311773352933
12,72,"D7",6,0.0964587437979019,0.837527989252127
12,72,"D7",7,0.0831106939129179,0.861619078173457
12,72,"D7",8,0.0729198257395239,0.877381986678251
12,72,"D7",9,0.0647700194959925,0.888236070768418
12,72,"D7",10,0.0580547331937324,0.896321070234114
12,72,"D7",11,0.0524225575853852,0.902985074626866
12,72,"D7",12,0.0476568705321684,0.909090909090909
12,73,"D0",1,1,NA
12,73,"D0",2,0.83258250533483,0.83258250533483
12,73,"D0",3,0.745383861746245,0.895267264169192
12,73,"D0",4,0.69152406899565,0.927742207049646
12,73,"D0",5,0.654057677309486,0.945820552941014
12,73,"D0",6,0.625929161631145,0.956993829972229
12,73,"D0",7,0.603644088142883,0.964396812204454
12,73,"D0",8,0.585242017140054,0.969515031515602
12,73,"D0",9,0.569545163758047,0.973178868019911
12,73,"D0",10,0.55582447177349,0.975909387248549
12,73,"D0",11,0.54362482161311,0.978051253984096
12,73,"D0",12,0.532650952216918,0.979813524033674
12,73,"D1",1,1,NA
12,73,"D1",2,0.682968960342773,0.682968960342773
12,73,"D1",3,0.538923334507433,0.789089059387054
12,73,"D1",4,0.456870815259436,0.847747325094038
12,73,"D1",5,0.403770468337105,0.883773825885163
12,73,"D1",6,0.366565868715436,0.907857056077199
12,73,"D1",7,0.339021283371371,0.924857746738423
12,73,"D1",8,0.317794365286537,0.937387653442448
12,73,"D1",9,0.300933650501083,0.946944576030317
12,73,"D1",10,0.287216949496022,0.954419517451033
12,73,"D1",11,0.275834615997028,0.960370258374492
12,73,"D1",12,0.266227907223608,0.965172214739273
12,73,"D3",1,1,NA
12,73,"D3",2,0.593999835160307,0.593999835160307
12,73,"D3",3,0.46891535481744,0.789420008325239
12,73,"D3",4,0.408835407566142,0.871874642973275
12,73,"D3",5,0.373162724250666,0.912745611913018
12,73,"D3",6,0.348998010149415,0.93524349424296
12,73,"D3",7,0.331221324761669,0.949063648299498
12,73,"D3",8,0.317437292233303,0.958384223786664
12,73,"D3",9,0.306342207203495,0.965047947102403
12,73,"D3",10,0.297164757273551,0.970041836501338
12,73,"D3",11,0.289437896645512,0.973998058521703
12,73,"D3",12,0.28286491387126,0.977290524667189
12,73,"D5",1,1,NA
12,73,"D5",2,0.554449879125204,0.554449879125204
12,73,"D5",3,0.404638218923933,0.72980125735145
12,73,"D5",4,0.330031296265063,0.815620672567028
12,73,"D5",5,0.284955304435824,0.863419038317396
12,73,"D5",6,0.254198491675301,0.892064431573162
12,73,"D5",7,0.231437754165027,0.910460768825698
12,73,"D5",8,0.213616686343959,0.922998441263993
12,73,"D5",9,0.199072356215213,0.931913885672176
12,73,"D5",10,0.186821836172486,0.938461972944732
12,73,"D5",11,0.176252319109462,0.943424616310563
12,73,"D5",12,0.166975881261596,0.947368421052632
12,73,"D6",1,1,NA
12,73,"D6",2,0.460172191715816,0.460172191715816
12,73,"D6",3,0.304921700223714,0.662625220978197
12,73,"D6",4,0.239495627415091,0.785433202161009
12,73,"D6",5,0.204025715770682,0.851897456219807
12,73,"D6",6,0.181106365670124,0.887664405371729
12,73,"D6",7,0.164666802250695,0.909227026015347
12,73,"D6",8,0.152089123901204,0.92361740085083
12,73,"D6",9,0.142037827943868,0.933911803161773
12,73,"D6",10,0.133753643820758,0.941676212294769
12,73,"D6",11,0.126771066368382,0.947795235681703
12,73,"D6",12,0.120805369127517,0.952941176470588
12,73,"D7",1,1,NA
12,73,"D7",2,0.374849288642392,0.374849288642392
12,73,"D7",3,0.230624547865927,0.615246059826311
12,73,"D7",4,0.165870910698497,0.719224871044194
12,73,"D7",5,0.128637167430271,0.775525780189959
12,73,"D7",6,0.104094181680389,0.809207663382466
12,73,"D7",7,0.0866288883530263,0.832216430876148
12,73,"D7",8,0.0737561289285427,0.851403386685224
12,73,"D7",9,0.0641668676151435,0.869986922406277
12,73,"D7",10,0.0570291777188329,0.888763622698234
12,73,"D7",11,0.0517241379310345,0.906976744186047
12,73,"D7",12,0.0477453580901857,0.923076923076923
12,74,"D0",1,1,NA
12,74,"D0",2,0.829437657204456,0.829437657204456
12,74,"D0",3,0.741915199425081,0.89447976346485
12,74,"D0",4,0.688751946340879,0.928343221536102
12,74,"D0",5,0.652318391424123,0.947102066120733
12,74,"D0",6,0.625384348852728,0.958710281780355
12,74,"D0",7,0.604358306383998,0.96637900755383
12,74,"D0",8,0.587143370463528,0.971515348198869
12,74,"D0",9,0.572441609773626,0.974960526798938
12,74,"D0",10,0.559468199784405,0.977336710386321
12,74,"D0",11,0.547776679841897,0.97910244059088
12,74,"D0",12,0.537154150197628,0.980607919184631
12,74,"D1",1,1,NA
12,74,"D1",2,0.680942618008153,0.680942618008153
12,74,"D1",3,0.535361682626209,0.786206749978747
12,74,"D1",4,0.452522250898478,0.845264548405177
12,74,"D1",5,0.399146144383608,0.882047553664174
12,74,"D1",6,0.361905910486436,0.906700253976695
12,74,"D1",7,0.334421155036703,0.9240555220201
12,74,"D1",8,0.313284932101594,0.936797590054406
12,74,"D1",9,0.296531030656793,0.946521840892853
12,74,"D1",10,0.282949419908826,0.954198349097274
12,74,"D1",11,0.271743167949058,0.9603948579807
12,74,"D1",12,0.262350756168745,0.965436438195665
12,74,"D3",1,1,NA
12,74,"D3",2,0.592967738194189,0.592967738194189
12,74,"D3",3,0.466506871822628,0.786732298865563
12,74,"D3",4,0.40493044413946,0.868005314814355
12,74,"D3",5,0.367644121418308,0.907919191404858
12,74,"D3",6,0.342069582554379,0.930436698497268
12,74,"D3",7,0.323123860334152,0.944614420028954
12,74,"D3",8,0.308352502271278,0.95428577125936
12,74,"D3",9,0.296398817002687,0.96123370110331
12,74,"D3",10,0.286432257939806,0.96637449783482
12,74,"D3",11,0.277907718477568,0.970238898636793
12,74,"D3",12,0.270465660216883,0.973221117061974
12,74,"D5",1,1,NA
12,74,"D5",2,0.569684701263649,0.569684701263649
12,74,"D5",3,0.429444239970556,0.753827931517174
12,74,"D5",4,0.358328221486116,0.834399878109168
12,74,"D5",5,0.31382652435284,0.87580744561868
12,74,"D5",6,0.282160821634506,0.899098067686809
12,74,"D5",7,0.25771377745062,0.913357765113282
12,74,"D5",8,0.237811311495522,0.922772984230883
12,74,"D5",9,0.221015826278984,0.929374742055303
12,74,"D5",10,0.206477732793522,0.934221482098252
12,74,"D5",11,0.193657219973009,0.937908496732026
12,74,"D5",12,0.182186234817814,0.940766550522648
12,74,"D6",1,1,NA
12,74,"D6",2,0.445887445887446,0.445887445887446
12,74,"D6",3,0.290795169742538,0.652171691364333
12,74,"D6",4,0.222282980177717,0.764397085324767
12,74,"D6",5,0.184647224120908,0.830685390187235
12,74,"D6",6,0.161046555783398,0.872185089974293
12,74,"D6",7,0.14491405280879,0.899827084807042
12,74,"D6",8,0.133302954355586,0.919875966283793
12,74,"D6",9,0.124720893141946,0.935619872379216
12,74,"D6",10,0.118326118326118,0.948727317013762
12,74,"D6",11,0.113617376775272,0.960205391527599
12,74,"D6",12,0.110275689223058,0.970588235294118
12,74,"D7",1,1,NA
12,74,"D7",2,0.320926496184228,0.320926496184228
12,74,"D7",3,0.182313562725934,0.568085106382979
12,74,"D7",4,0.126621145177846,0.69452400186042
12,74,"D7",5,0.0970567233453831,0.766512759058226
12,74,"D7",6,0.0792609452403267,0.816645591447293
12,74,"D7",7,0.0676574284821708,0.853603603603604
12,74,"D7",8,0.0596242245726782,0.881266490765171
12,74,"D7",9,0.0538224661936002,0.902694610778443
12,74,"D7",10,0.0495380907752042,0.920398009950249
12,74,"D7",11,0.0463917525773196,0.936486486486486
12,74,"D7",12,0.0441826215022091,0.952380952380952
12,75,"D0",1,1,NA
12,75,"D0",2,0.832100313479624,0.832100313479624
12,75,"D0",3,0.744948499776086,0.895262851976233
12,75,"D0",4,0.691391550977758,0.928106508282887
12,75,"D0",5,0.654455888938647,0.946577793745272
12,75,"D0",6,0.627027701362677,0.958090089737825
12,75,"D0",7,0.605547096581579,0.965742175769244
12,75,"D0",8,0.587994626063592,0.971013863963555
12,75,"D0",9,0.573149126735334,0.974752321415515
12,75,"D0",10,0.56025078369906,0.977495659620484
12,75,"D0",11,0.548817733990148,0.97959297864177
12,75,"D0",12,0.538522167487685,0.981240463154115
12,75,"D1",1,1,NA
12,75,"D1",2,0.688194245292037,0.688194245292037
12,75,"D1",3,0.545176369371953,0.792183853761529
12,75,"D1",4,0.46274479813912,0.848798341483886
12,75,"D1",5,0.408894943122072,0.883629475180274
12,75,"D1",6,0.370894615374111,0.907065791868653
12,75,"D1",7,0.342611445687155,0.923743380155501
12,75,"D1",8,0.320703565624701,0.936056193281824
12,75,"D1",9,0.303180384284485,0.945360191720717
12,75,"D1",10,0.28877736354077,0.952493559971875
12,75,"D1",11,0.276656151419558,0.958025753914396
12,75,"D1",12,0.266246056782334,0.962371721778791
12,75,"D3",1,1,NA
12,75,"D3",2,0.591476799636666,0.591476799636666
12,75,"D3",3,0.466997199303611,0.789544407473765
12,75,"D3",4,0.406903338127318,0.871318583353594
12,75,"D3",5,0.370480407741024,0.910487511471588
12,75,"D3",6,0.345258821112277,0.93192194215469
12,75,"D3",7,0.326290591174022,0.94506083906228
12,75,"D3",8,0.311245679105796,0.953891063747523
12,75,"D3",9,0.298898645068504,0.960330263627225
12,75,"D3",10,0.288547422602377,0.96536878759101
12,75,"D3",11,0.279766860949209,0.969569779643232
12,75,"D3",12,0.272273105745212,0.973214285714286
12,75,"D5",1,1,NA
12,75,"D5",2,0.549045424621462,0.549045424621462
12,75,"D5",3,0.398767131486025,0.726291693917593
12,75,"D5",4,0.322820037105751,0.809545249887438
12,75,"D5",5,0.275894228659206,0.854637869237424
12,75,"D5",6,0.242799004813488,0.880043797920115
12,75,"D5",7,0.217318012248888,0.895053142478182
12,75,"D5",8,0.196564725596984,0.904502685087437
12,75,"D5",9,0.179041235262433,0.910851297040555
12,75,"D5",10,0.163863785983602,0.915229308731114
12,75,"D5",11,0.150427913100724,0.918005843681519
12,75,"D5",12,0.138248847926267,0.919037199124726
12,75,"D6",1,1,NA
12,75,"D6",2,0.424581411397232,0.424581411397232
12,75,"D6",3,0.267170304725239,0.629255774165954
12,75,"D6",4,0.201765154541823,0.755193039695487
12,75,"D6",5,0.166945120400973,0.827422955069124
12,75,"D6",6,0.145295774940202,0.870320585538686
12,75,"D6",7,0.130419254470393,0.89761216060184
12,75,"D6",8,0.119430017312558,0.915739150614992
12,75,"D6",9,0.11076889550721,0.927479523153029
12,75,"D6",10,0.103512149057495,0.934487507377533
12,75,"D6",11,0.0970834998002397,0.937894736842105
12,75,"D6",12,0.0910906911705953,0.938271604938272
12,75,"D7",1,1,NA
12,75,"D7",2,0.352835283528353,0.352835283528353
12,75,"D7",3,0.21046676096181,0.596501457725947
12,75,"D7",4,0.151180832368951,0.718312153796025
12,75,"D7",5,0.119444087265869,0.790074279882059
12,75,"D7",6,0.0996436378331711,0.834228299734714
12,75,"D7",7,0.085990741931336,0.862982763388331
12,75,"D7",8,0.0758818739016759,0.882442367601246
12,75,"D7",9,0.067969654108268,0.895729778581111
12,75,"D7",10,0.0614632891860615,0.904275444570564
12,75,"D7",11,0.0558698727015559,0.908995815899581
12,75,"D7",12,0.0509193776520509,0.911392405063291
12,76,"D0",1,1,NA
12,76,"D0",2,0.832139966099724,0.832139966099724
12,76,"D0",3,0.745413400000894,0.895778871786052
12,76,"D0",4,0.692454132509232,0.928953158755129
12,76,"D0",5,0.656071712351537,0.947458729106206
12,76,"D0",6,0.629116541941848,0.958914292596042
12,76,"D0",7,0.608025450550171,0.966475064657215
12,76,"D0",8,0.590766423520888,0.971614630582213
12,76,"D0",9,0.576101647159846,0.975176692890496
12,76,"D0",10,0.563263371154354,0.977715258984618
12,76,"D0",11,0.551778422787426,0.979609985390332
12,76,"D0",12,0.541348944753284,0.981098430813124
12,76,"D1",1,1,NA
12,76,"D1",2,0.700314714307252,0.700314714307252
12,76,"D1",3,0.563192559927635,0.804199238459158
12,76,"D1",4,0.484392431780491,0.86008315138739
12,76,"D1",5,0.433122424493693,0.894156052153119
12,76,"D1",6,0.397087210053628,0.91680131897537
12,76,"D1",7,0.370342887833559,0.932648744298622
12,76,"D1",8,0.34965324890698,0.944133829469198
12,76,"D1",9,0.333118498417006,0.952711005713054
12,76,"D1",10,0.319557515453038,0.959290813844291
12,76,"D1",11,0.308198590381426,0.964454207701834
12,76,"D1",12,0.298507462686567,0.968555574239112
12,76,"D3",1,1,NA
12,76,"D3",2,0.580680864056179,0.580680864056179
12,76,"D3",3,0.451041905198076,0.776746631613539
12,76,"D3",4,0.389278172149709,0.86306431323439
12,76,"D3",5,0.35296923898939,0.906727538922077
12,76,"D3",6,0.328704460946275,0.931255261470972
12,76,"D3",7,0.311137190545251,0.946556032886043
12,76,"D3",8,0.297702465460652,0.956820574676221
12,76,"D3",9,0.286993359285551,0.96402748576996
12,76,"D3",10,0.278184871383864,0.969307694353573
12,76,"D3",11,0.270780856423174,0.973384552064755
12,76,"D3",12,0.26448362720403,0.976744186046512
12,76,"D5",1,1,NA
12,76,"D5",2,0.560227272727273,0.560227272727273
12,76,"D5",3,0.410539772727273,0.732809330628803
12,76,"D5",4,0.33569696969697,0.817696583858095
12,76,"D5",5,0.290392992424242,0.86504502166456
12,76,"D5",6,0.259679383116883,0.894234330343313
12,76,"D5",7,0.237244318181818,0.913604751113542
12,76,"D5",8,0.220030303030303,0.927441823334531
12,76,"D5",9,0.2064375,0.938223040903457
12,76,"D5",10,0.195568181818182,0.947348140808631
12,76,"D5",11,0.186875,0.955549099360837
12,76,"D5",12,0.18,0.963210702341137
12,76,"D6",1,1,NA
12,76,"D6",2,0.426369863013699,0.426369863013699
12,76,"D6",3,0.268430884184309,0.629572836801752
12,76,"D6",4,0.200373599003736,0.74646253769427
12,76,"D6",5,0.163164176006642,0.814299772115185
12,76,"D6",6,0.13950475893969,0.854996251959203
12,76,"D6",7,0.122755811540058,0.87993995669443
12,76,"D6",8,0.109941884599419,0.895614498573391
12,76,"D6",9,0.0995874844333749,0.905819331697187
12,76,"D6",10,0.0909090909090909,0.912856584603361
12,76,"D6",11,0.0834760273972603,0.918236301369863
12,76,"D6",12,0.0770547945205479,0.923076923076923
12,76,"D7",1,1,NA
12,76,"D7",2,0.333309603474051,0.333309603474051
12,76,"D7",3,0.199814907097601,0.599487398547629
12,76,"D7",4,0.143670060036544,0.719015723718588
12,76,"D7",5,0.112265964262832,0.781415169133192
12,76,"D7",6,0.0922311830690844,0.821541806323037
12,76,"D7",7,0.0784983745046392,0.851104495166685
12,76,"D7",8,0.0686267530433544,0.874244256348247
12,76,"D7",9,0.0612515127785292,0.89253112033195
12,76,"D7",10,0.0555278707197266,0.906555090655509
12,76,"D7",11,0.0509005481597494,0.916666666666667
12,76,"D7",12,0.0469851213782302,0.923076923076923
12,77,"D0",1,1,NA
12,77,"D0",2,0.828968711700671,0.828968711700671
12,77,"D0",3,0.740818974839593,0.893663372794573
12,77,"D0",4,0.686837046115397,0.927132092241718
12,77,"D0",5,0.649545364429385,0.945705197620126
12,77,"D0",6,0.621775775770621,0.957247653236416
12,77,"D0",7,0.599995794583423,0.964971325619426
12,77,"D0",8,0.582202677048038,0.970344596252147
12,77,"D0",9,0.567185134453176,0.974205644894994
12,77,"D0",10,0.554177780981905,0.977066829362847
12,77,"D0",11,0.542674464710547,0.979242552361129
12,77,"D0",12,0.532315622521808,0.980911498767011
12,77,"D1",1,1,NA
12,77,"D1",2,0.681330254398593,0.681330254398593
12,77,"D1",3,0.536002280215268,0.786699661074635
12,77,"D1",4,0.453264282746693,0.845638721097706
12,77,"D1",5,0.399837196494652,0.882128179329985
12,77,"D1",6,0.362501086967024,0.906621720402825
12,77,"D1",7,0.334929967117235,0.923941966407683
12,77,"D1",8,0.313729279187883,0.936701131547506
12,77,"D1",9,0.296927506545957,0.94644499650967
12,77,"D1",10,0.28330708509261,0.954128798602095
12,77,"D1",11,0.272079923477522,0.960371052452084
12,77,"D1",12,0.262727176107982,0.965625
12,77,"D3",1,1,NA
12,77,"D3",2,0.58783908659671,0.58783908659671
12,77,"D3",3,0.466377805614309,0.793376650597359
12,77,"D3",4,0.408709639881991,0.876348820552561
12,77,"D3",5,0.374413892710708,0.916087745859907
12,77,"D3",6,0.351030717644677,0.937547255800956
12,77,"D3",7,0.33361398032733,0.950384007889085
12,77,"D3",8,0.319888288806292,0.958857564939062
12,77,"D3",9,0.308680206172865,0.964962510271159
12,77,"D3",10,0.299320286670637,0.969677616785747
12,77,"D3",11,0.291393720352383,0.973518111964874
12,77,"D3",12,0.284617122204653,0.976744186046512
12,77,"D5",1,1,NA
12,77,"D5",2,0.547898181818182,0.547898181818182
12,77,"D5",3,0.399307636363636,0.72879898056706
12,77,"D5",4,0.326609454545455,0.817939415133103
12,77,"D5",5,0.282734545454545,0.86566552657831
12,77,"D5",6,0.252554805194805,0.893257683771111
12,77,"D5",7,0.229992727272727,0.910664626219743
12,77,"D5",8,0.212154181818182,0.922438654186694
12,77,"D5",9,0.197480727272727,0.930835892935498
12,77,"D5",10,0.185076363636364,0.937186966000825
12,77,"D5",11,0.1744,0.942313737818296
12,77,"D5",12,0.16512,0.946788990825688
12,77,"D6",1,1,NA
12,77,"D6",2,0.463400458135321,0.463400458135321
12,77,"D6",3,0.315128722349482,0.680035413899956
12,77,"D6",4,0.250957867505442,0.796366213889974
12,77,"D6",5,0.215397677413473,0.858302150693889
12,77,"D6",6,0.192446139794767,0.893445751624107
12,77,"D6",7,0.176171265114477,0.915431534778268
12,77,"D6",8,0.163907597980558,0.930387812530323
12,77,"D6",9,0.154282197681972,0.941275447769496
12,77,"D6",10,0.146534924270915,0.949785046314763
12,77,"D6",11,0.140278300112824,0.957302846476902
12,77,"D6",12,0.135389244076721,0.96514745308311
12,77,"D7",1,1,NA
12,77,"D7",2,0.373344428264337,0.373344428264337
12,77,"D7",3,0.232951945080092,0.623959881129272
12,77,"D7",4,0.172618634861198,0.741005338254847
12,77,"D7",5,0.138628851443497,0.803093197643278
12,77,"D7",6,0.116576025042844,0.840921812660037
12,77,"D7",7,0.101114115988258,0.867366304101518
12,77,"D7",8,0.089739500265816,0.887507143673563
12,77,"D7",9,0.0810484709798211,0.903152689058315
12,77,"D7",10,0.0741973510852229,0.915468856947296
12,77,"D7",11,0.068649885583524,0.925233644859813
12,77,"D7",12,0.0640732265446224,0.933333333333333
12,78,"D0",1,1,NA
12,78,"D0",2,0.829053578078799,0.829053578078799
12,78,"D0",3,0.740906623113819,0.893677613491222
12,78,"D0",4,0.687228037743807,0.927550134260622
12,78,"D0",5,0.650248349942343,0.946190076989773
12,78,"D0",6,0.622679230842698,0.95760216984466
12,78,"D0",7,0.600941052596943,0.965089283263334
12,78,"D0",8,0.582976400399035,0.970105799694871
12,78,"D0",9,0.567540864446249,0.97352288027059
12,78,"D0",10,0.553907865985256,0.975978824935725
12,78,"D0",11,0.541681062139085,0.977926285945727
12,78,"D0",12,0.530674695227284,0.979681093394077
12,78,"D1",1,1,NA
12,78,"D1",2,0.689203212737224,0.689203212737224
12,78,"D1",3,0.546088563508423,0.792347675425931
12,78,"D1",4,0.46361346064239,0.84897119555817
12,78,"D1",5,0.409705341136146,0.883721841398765
12,78,"D1",6,0.371574112621806,0.906930116144937
12,78,"D1",7,0.343099485867273,0.923367571132398
12,78,"D1",8,0.320978036818537,0.935524680275115
12,78,"D1",9,0.303271021394555,0.944834183673469
12,78,"D1",10,0.288767266093302,0.952175597805027
12,78,"D1",11,0.276674485274954,0.95812274368231
12,78,"D1",12,0.266458170445661,0.963074604370761
12,78,"D3",1,1,NA
12,78,"D3",2,0.579919647077359,0.579919647077359
12,78,"D3",3,0.45017724909406,0.776275215648985
12,78,"D3",4,0.389265269681214,0.8646933412663
12,78,"D3",5,0.353572553962502,0.908307474365893
12,78,"D3",6,0.329444169348849,0.931758321331095
12,78,"D3",7,0.311557953888976,0.945707900992072
12,78,"D3",8,0.29746862034557,0.954777808213405
12,78,"D3",9,0.285890972112809,0.961079430094808
12,78,"D3",10,0.276075311170632,0.965666418671296
12,78,"D3",11,0.267547660311958,0.969111142816379
12,78,"D3",12,0.259965337954939,0.97165991902834
12,78,"D5",1,1,NA
12,78,"D5",2,0.547387571777816,0.547387571777816
12,78,"D5",3,0.39665700153505,0.724636476942252
12,78,"D5",4,0.321966380502966,0.811699728624393
12,78,"D5",5,0.27696287452385,0.860222965177878
12,78,"D5",6,0.246241563314734,0.889077872758464
12,78,"D5",7,0.223364034339644,0.907093145985883
12,78,"D5",8,0.205264654045142,0.918969137766465
12,78,"D5",9,0.190363295241344,0.927404165743408
12,78,"D5",10,0.17778156802547,0.933906758653645
12,78,"D5",11,0.166979362101313,0.939238887112248
12,78,"D5",12,0.157598499061914,0.943820224719101
12,78,"D6",1,1,NA
12,78,"D6",2,0.453258648096283,0.453258648096283
12,78,"D6",3,0.302725001892362,0.667885771543086
12,78,"D6",4,0.235127292912472,0.77670258961985
12,78,"D6",5,0.195600888148765,0.831893591449543
12,78,"D6",6,0.169317776311948,0.865628872723587
12,78,"D6",7,0.150663588423788,0.88982735130072
12,78,"D6",8,0.136835465394999,0.908218547205359
12,78,"D6",9,0.126190295965483,0.922204602448739
12,78,"D6",10,0.117704942850655,0.932757483054406
12,78,"D6",11,0.110741049125729,0.940836012861736
12,78,"D6",12,0.104912572855953,0.947368421052632
12,78,"D7",1,1,NA
12,78,"D7",2,0.376564434053088,0.376564434053088
12,78,"D7",3,0.229321963966442,0.608984660336012
12,78,"D7",4,0.167129693302159,0.72879932829555
12,78,"D7",5,0.133498372530143,0.798771121351767
12,78,"D7",6,0.113100968622905,0.847208594976452
12,78,"D7",7,0.0998028698482556,0.882422768464634
12,78,"D7",8,0.0906798698024114,0.908589802480478
12,78,"D7",9,0.0841699903727135,0.928210313447927
12,78,"D7",10,0.079356347132444,0.94281045751634
12,78,"D7",11,0.075642965204236,0.953206239168111
12,78,"D7",12,0.0726172465960666,0.96
12,79,"D0",1,1,NA
12,79,"D0",2,0.829823000098883,0.829823000098883
12,79,"D0",3,0.741773414956447,0.893893534968368
12,79,"D0",4,0.687683719425042,0.92708056875484
12,79,"D0",5,0.650273874910481,0.945600217864924
12,79,"D0",6,0.62238908130335,0.957118385524914
12,79,"D0",7,0.600472988562576,0.964787150997445
12,79,"D0",8,0.582506165181929,0.970078881610218
12,79,"D0",9,0.567268951754268,0.973841970543089
12,79,"D0",10,0.554003397966614,0.976615054029256
12,79,"D0",11,0.542222881439731,0.97873566015999
12,79,"D0",12,0.531592999110056,0.980395732652503
12,79,"D1",1,1,NA
12,79,"D1",2,0.679385252102276,0.679385252102276
12,79,"D1",3,0.534154233590536,0.786231717479383
12,79,"D1",4,0.451752181177209,0.845733596719009
12,79,"D1",5,0.398745873943168,0.882665077353
12,79,"D1",6,0.361887052658513,0.907563128064096
12,79,"D1",7,0.334817005617457,0.925197525464939
12,79,"D1",8,0.314107738684965,0.93814750569703
12,79,"D1",9,0.297767170822413,0.94797782464398
12,79,"D1",10,0.284572248495586,0.955687115237102
12,79,"D1",11,0.273742416921673,0.961943472593812
12,79,"D1",12,0.264776936704783,0.967248480094136
12,79,"D3",1,1,NA
12,79,"D3",2,0.583242655059848,0.583242655059848
12,79,"D3",3,0.456567415174597,0.78280868385346
12,79,"D3",4,0.396378144887394,0.868170026404128
12,79,"D3",5,0.360589573647245,0.909711038053533
12,79,"D3",6,0.336212427398499,0.932396419557618
12,79,"D3",7,0.318086193820688,0.946086961395014
12,79,"D3",8,0.303803211659577,0.955097132668505
12,79,"D3",9,0.292100108813928,0.961478014726313
12,79,"D3",10,0.282243545355624,0.966256214356348
12,79,"D3",11,0.273775843307943,0.96999859806533
12,79,"D3",12,0.266376496191512,0.972972972972973
12,79,"D5",1,1,NA
12,79,"D5",2,0.568861726508785,0.568861726508785
12,79,"D5",3,0.432953399541635,0.761087236785561
12,79,"D5",4,0.366781767252356,0.847162229562501
12,79,"D5",5,0.326605551311434,0.890462886849881
12,79,"D5",6,0.298461202662883,0.913827708881429
12,79,"D5",7,0.276791443850267,0.927395056311248
12,79,"D5",8,0.259104660045837,0.93610068447781
12,79,"D5",9,0.244143621084798,0.942258703651288
12,79,"D5",10,0.231199388846448,0.946981075398017
12,79,"D5",11,0.219831932773109,0.950832672482157
12,79,"D5",12,0.209747899159664,0.954128440366973
12,79,"D6",1,1,NA
12,79,"D6",2,0.444969955417717,0.444969955417717
12,79,"D6",3,0.291475092072107,0.655044432828019
12,79,"D6",4,0.222513406991019,0.763404534532138
12,79,"D6",5,0.183846998772372,0.826228860806542
12,79,"D6",6,0.159216902500485,0.866029380754903
12,79,"D6",7,0.14197841959036,0.891729567405243
12,79,"D6",8,0.12899657556374,0.908564667334122
12,79,"D6",9,0.118697421981004,0.920159480686007
12,79,"D6",10,0.110253925179298,0.928865373309818
12,79,"D6",11,0.10319829424307,0.936005625879044
12,79,"D6",12,0.097228144989339,0.942148760330579
12,79,"D7",1,1,NA
12,79,"D7",2,0.37020316027088,0.37020316027088
12,79,"D7",3,0.236938231069157,0.640022172949002
12,79,"D7",4,0.180349773126297,0.761167888831149
12,79,"D7",5,0.148733383496363,0.82469404268231
12,79,"D7",6,0.128502047237939,0.863975821817306
12,79,"D7",7,0.114417310805573,0.890392902408111
12,79,"D7",8,0.104029003351802,0.909206855320845
12,79,"D7",9,0.0960804432587728,0.923592845870594
12,79,"D7",10,0.0898830289349477,0.935497650576677
12,79,"D7",11,0.0850263355906697,0.945966514459665
12,79,"D7",12,0.0812641083521445,0.955752212389381
12,80,"D0",1,1,NA
12,80,"D0",2,0.829651319938733,0.829651319938733
12,80,"D0",3,0.7417749346788,0.894080340562319
12,80,"D0",4,0.687679971168574,0.927073616293532
12,80,"D0",5,0.650070576928852,0.945309743170487
12,80,"D0",6,0.621896438546587,0.95665987758534
12,80,"D0",7,0.599689912004084,0.964292243585763
12,80,"D0",8,0.581484217797399,0.969641486637912
12,80,"D0",9,0.566088836832147,0.973523991719727
12,80,"D0",10,0.552752500225245,0.976441265506078
12,80,"D0",11,0.540981169474727,0.978704156479218
12,80,"D0",12,0.530426164519326,0.980489145369607
12,80,"D1",1,1,NA
12,80,"D1",2,0.683972652584407,0.683972652584407
12,80,"D1",3,0.539295631690829,0.78847543049139
12,80,"D1",4,0.456517992224754,0.846507862104231
12,80,"D1",5,0.402846135677398,0.882432111195011
12,80,"D1",6,0.365227252208504,0.906617241330523
12,80,"D1",7,0.337404485129364,0.923820670799079
12,80,"D1",8,0.315991599159916,0.936536451312323
12,80,"D1",9,0.298997452936783,0.946219626508069
12,80,"D1",10,0.28518490146887,0.953803782165218
12,80,"D1",11,0.273751843269433,0.959910015780815
12,80,"D1",12,0.264166842216137,0.964986533282031
12,80,"D3",1,1,NA
12,80,"D3",2,0.593030170875788,0.593030170875788
12,80,"D3",3,0.467109384292114,0.787665463297232
12,80,"D3",4,0.40584651574621,0.868846846999777
12,80,"D3",5,0.368730920191888,0.908547704330837
12,80,"D3",6,0.34323548235454,0.93085625196802
12,80,"D3",7,0.324360041760827,0.945007315490138
12,80,"D3",8,0.309749038575903,0.954954367666232
12,80,"D3",9,0.298132656702216,0.9624974400983
12,80,"D3",10,0.288744399952424,0.968509800792574
12,80,"D3",11,0.281072830353249,0.973431278319374
12,80,"D3",12,0.274749236807676,0.977501939487975
12,80,"D5",1,1,NA
12,80,"D5",2,0.554725381964563,0.554725381964563
12,80,"D5",3,0.41211917904303,0.742924683892249
12,80,"D5",4,0.340296626106757,0.82572382798818
12,80,"D5",5,0.295009809602228,0.866919584179711
12,80,"D5",6,0.262336791018441,0.889247687635062
12,80,"D5",7,0.236777367773678,0.90257019175413
12,80,"D5",8,0.215782785927033,0.911331973811313
12,80,"D5",9,0.197999451068891,0.917586869676641
12,80,"D5",10,0.18261108230917,0.922280750392755
12,80,"D5",11,0.169070781616907,0.925851703406814
12,80,"D5",12,0.156994297215699,0.928571428571429
12,80,"D6",1,1,NA
12,80,"D6",2,0.454435439510066,0.454435439510066
12,80,"D6",3,0.30018702556016,0.66057133634603
12,80,"D6",4,0.230229686946105,0.766954156384634
12,80,"D6",5,0.190032637793832,0.825404578855711
12,80,"D6",6,0.163765238392104,0.861774273584386
12,80,"D6",7,0.145091495837764,0.885972488803583
12,80,"D6",8,0.130991235468847,0.902818147352458
12,80,"D6",9,0.11987238255895,0.91511758118701
12,80,"D6",10,0.11082181231435,0.924498286833089
12,80,"D6",11,0.103267446551029,0.931833223031105
12,80,"D6",12,0.0968132311415894,0.9375
12,80,"D7",1,1,NA
12,80,"D7",2,0.341938549255622,0.341938549255622
12,80,"D7",3,0.21000950269243,0.614173228346457
12,80,"D7",4,0.155442931052687,0.74017094017094
12,80,"D7",5,0.125422341885757,0.806870669745958
12,80,"D7",6,0.106814787999457,0.851640835224967
12,80,"D7",7,0.0946837715130398,0.886429428793335
12,80,"D7",8,0.0866012036743744,0.914636186228046
12,80,"D7",9,0.0811529933481153,0.937088514996342
12,80,"D7",10,0.0774469433006018,0.954332552693208
12,80,"D7",11,0.0749128919860627,0.967280163599182
12,80,"D7",12,0.0731707317073171,0.976744186046512
12,81,"D0",1,1,NA
12,81,"D0",2,0.83264188182221,0.83264188182221
12,81,"D0",3,0.746042614895074,0.895994582043344
12,81,"D0",4,0.69298150609626,0.928876571204614
12,81,"D0",5,0.656479131888968,0.947325615638837
12,81,"D0",6,0.629433137629859,0.958801440982158
12,81,"D0",7,0.60827891975433,0.966391636202717
12,81,"D0",8,0.590982636884276,0.971565210780214
12,81,"D0",9,0.576308051717888,0.975169177145788
12,81,"D0",10,0.563490465129809,0.977759140185755
12,81,"D0",11,0.55206025697829,0.979715347714204
12,81,"D0",12,0.541722049918771,0.9812734082397
12,81,"D1",1,1,NA
12,81,"D1",2,0.699915890177946,0.699915890177946
12,81,"D1",3,0.561970143362607,0.802910965801523
12,81,"D1",4,0.482560447082078,0.858694101068479
12,81,"D1",5,0.430867051660973,0.89287684945237
12,81,"D1",6,0.394554275000856,0.915721621042655
12,81,"D1",7,0.367650767247604,0.931812910268952
12,81,"D1",8,0.346895846353127,0.943547184601686
12,81,"D1",9,0.330359886663189,0.952331629612238
12,81,"D1",10,0.316835591141685,0.959061931949103
12,81,"D1",11,0.305525404455471,0.964302663581895
12,81,"D1",12,0.295859823228407,0.96836406699374
12,81,"D3",1,1,NA
12,81,"D3",2,0.582979959337787,0.582979959337787
12,81,"D3",3,0.45664827185594,0.78330011956955
12,81,"D3",4,0.396734114305999,0.868795829870475
12,81,"D3",5,0.361225675283183,0.910498145376456
12,81,"D3",6,0.337125707093758,0.93328279289524
12,81,"D3",7,0.319295188304773,0.947110177557517
12,81,"D3",8,0.30530996869655,0.956199717000202
12,81,"D3",9,0.293871623584084,0.962535304165469
12,81,"D3",10,0.284209507212702,0.967121301970086
12,81,"D3",11,0.275825346112886,0.970500068129173
12,81,"D3",12,0.268370607028754,0.972972972972973
12,81,"D5",1,1,NA
12,81,"D5",2,0.569870291349931,0.569870291349931
12,81,"D5",3,0.423884477350439,0.743826242189824
12,81,"D5",4,0.350426239391114,0.826702222222222
12,81,"D5",5,0.305112046796846,0.870688357490001
12,81,"D5",6,0.27344989483628,0.896227788142209
12,81,"D5",7,0.24946072474826,0.912272154639581
12,81,"D5",8,0.230306798165051,0.923218668579844
12,81,"D5",9,0.214451634781134,0.931156337935999
12,81,"D5",10,0.200977760194422,0.937170567151592
12,81,"D5",11,0.189306807584706,0.941929133858268
12,81,"D5",12,0.179048803232826,0.945812807881773
12,81,"D6",1,1,NA
12,81,"D6",2,0.465305226174791,0.465305226174791
12,81,"D6",3,0.308498023715415,0.663001415762152
12,81,"D6",4,0.240491875274484,0.779557263862197
12,81,"D6",5,0.203886693017128,0.847790357925493
12,81,"D6",6,0.180929376581551,0.887401594994487
12,81,"D6",7,0.16472088030059,0.910415342233524
12,81,"D6",8,0.152276387058996,0.924451027587484
12,81,"D6",9,0.142226613965744,0.934003076331475
12,81,"D6",10,0.133874981701069,0.941279398898667
12,81,"D6",11,0.126811594202899,0.947238928376162
12,81,"D6",12,0.120772946859903,0.952380952380952
12,81,"D7",1,1,NA
12,81,"D7",2,0.310762973563305,0.310762973563305
12,81,"D7",3,0.176922497552158,0.569316529326224
12,81,"D7",4,0.117978458989229,0.666836951894423
12,81,"D7",5,0.0861263839722829,0.730017875383044
12,81,"D7",6,0.0672806894845006,0.781185583109501
12,81,"D7",7,0.0553463382792297,0.82261847646463
12,81,"D7",8,0.0472797569732118,0.854252665003402
12,81,"D7",9,0.0414400843564058,0.876486830926083
12,81,"D7",10,0.0369059275438729,0.89058524173028
12,81,"D7",11,0.0331400165700083,0.897959183673469
12,81,"D7",12,0.0298260149130075,0.9
12,82,"D0",1,1,NA
12,82,"D0",2,0.830194612661503,0.830194612661503
12,82,"D0",3,0.742269402864382,0.894090845139017
12,82,"D0",4,0.688195654908444,0.927150778750586
12,82,"D0",5,0.650779888228,0.945632079462313
12,82,"D0",6,0.622913259896854,0.957179641173263
12,82,"D0",7,0.601047038880603,0.964896844514321
12,82,"D0",8,0.583152737096204,0.97022811755678
12,82,"D0",9,0.567996729500979,0.974010226427653
12,82,"D0",10,0.5548078132581,0.976779943337937
12,82,"D0",11,0.543091520063254,0.978882249105249
12,82,"D0",12,0.532516307570666,0.980527752502275
12,82,"D1",1,1,NA
12,82,"D1",2,0.707127492020424,0.707127492020424
12,82,"D1",3,0.572826233407825,0.810074901445467
12,82,"D1",4,0.495365883498965,0.864775135300565
12,82,"D1",5,0.444715205409231,0.897750976042258
12,82,"D1",6,0.40894256762811,0.919560569672442
12,82,"D1",7,0.382303383402172,0.934858372948441
12,82,"D1",8,0.361660247386215,0.946003260990653
12,82,"D1",9,0.345141402268197,0.954324963173581
12,82,"D1",10,0.331560094221718,0.960650017768875
12,82,"D1",11,0.320130832524148,0.965528838069615
12,82,"D1",12,0.310318393213063,0.969348659003831
12,82,"D3",1,1,NA
12,82,"D3",2,0.600625955309702,0.600625955309702
12,82,"D3",3,0.475842492175559,0.792244304411052
12,82,"D3",4,0.414246548754155,0.870553923968021
12,82,"D3",5,0.376146371642769,0.90802536019679
12,82,"D3",6,0.34952637434623,0.929229684762665
12,82,"D3",7,0.329518159982531,0.942756210025286
12,82,"D3",8,0.313754033529854,0.952160067737957
12,82,"D3",9,0.300949850789723,0.959190380451593
12,82,"D3",10,0.290341364000291,0.964749984884213
12,82,"D3",11,0.28142514011209,0.969290549009777
12,82,"D3",12,0.273819055244195,0.972972972972973
12,82,"D5",1,1,NA
12,82,"D5",2,0.556703974417542,0.556703974417542
12,82,"D5",3,0.409210826861581,0.735060006154477
12,82,"D5",4,0.334802801888229,0.818167017857226
12,82,"D5",5,0.288901895842851,0.862901666931981
12,82,"D5",6,0.256836128695425,0.889008111027185
12,82,"D5",7,0.232678544236333,0.905941642315673
12,82,"D5",8,0.213659205116492,0.918259162303665
12,82,"D5",9,0.198275468250343,0.927998717126363
12,82,"D5",10,0.185587026039287,0.936005990438339
12,82,"D5",11,0.174937185929648,0.942615384615385
12,82,"D5",12,0.165829145728643,0.947935368043088
12,82,"D6",1,1,NA
12,82,"D6",2,0.465838068181818,0.465838068181818
12,82,"D6",3,0.306072443181818,0.657036133556945
12,82,"D6",4,0.234895833333333,0.767451753877093
12,82,"D6",5,0.196135179924242,0.834987905664181
12,82,"D6",6,0.17208299512987,0.877369349019067
12,82,"D6",7,0.155717329545455,0.904896671678311
12,82,"D6",8,0.143825757575758,0.923633599391866
12,82,"D6",9,0.134765625,0.937006189096655
12,82,"D6",10,0.127627840909091,0.94703557312253
12,82,"D6",11,0.121875,0.954924874791319
12,82,"D6",12,0.1171875,0.961538461538462
12,82,"D7",1,1,NA
12,82,"D7",2,0.36871945259042,0.36871945259042
12,82,"D7",3,0.223695014662757,0.606680805938494
12,82,"D7",4,0.157480178125339,0.703995028064247
12,82,"D7",5,0.118246985988921,0.750869013462812
12,82,"D7",6,0.0919052273890984,0.777231035704444
12,82,"D7",7,0.0730965569675247,0.795347109670448
12,82,"D7",8,0.0593287715868361,0.811649331352155
12,82,"D7",9,0.049266862170088,0.830404217926186
12,82,"D7",10,0.042098403388726,0.854497354497354
12,82,"D7",11,0.0372759856630824,0.885448916408669
12,82,"D7",12,0.0344086021505376,0.923076923076923
12,83,"D0",1,1,NA
12,83,"D0",2,0.831937210259715,0.831937210259715
12,83,"D0",3,0.744321537883263,0.894684753493476
12,83,"D0",4,0.690218188977787,0.92731185898592
12,83,"D0",5,0.652756895595053,0.945725432941408
12,83,"D0",6,0.624864159270539,0.957269334858443
12,83,"D0",7,0.603009570006026,0.965025055541631
12,83,"D0",8,0.585191549278968,0.970451512524288
12,83,"D0",9,0.570192772378242,0.974369457455073
12,83,"D0",10,0.557249995525247,0.977301050662197
12,83,"D0",11,0.545875172278007,0.97958757588411
12,83,"D0",12,0.535735380980508,0.981424706943192
12,83,"D1",1,1,NA
12,83,"D1",2,0.68705167809833,0.68705167809833
12,83,"D1",3,0.543095545221311,0.790472627509665
12,83,"D1",4,0.460104685791895,0.847189209781499
12,83,"D1",5,0.40590813099845,0.882208209420502
12,83,"D1",6,0.367723067026695,0.905926831576823
12,83,"D1",7,0.339384736944819,0.922935674634141
12,83,"D1",8,0.317547959832896,0.935657751410686
12,83,"D1",9,0.300244182227532,0.945508144298991
12,83,"D1",10,0.286240593272375,0.953359332889439
12,83,"D1",11,0.274726425467302,0.959774511108155
12,83,"D1",12,0.26514477197759,0.965122927387078
12,83,"D3",1,1,NA
12,83,"D3",2,0.5815547894798,0.5815547894798
12,83,"D3",3,0.452109075415424,0.777414413214333
12,83,"D3",4,0.390657318820932,0.864077586723897
12,83,"D3",5,0.354356302694607,0.907077086803628
12,83,"D3",6,0.329791001499566,0.930676268466961
12,83,"D3",7,0.311680933751662,0.945086228352028
12,83,"D3",8,0.297540380369524,0.954631317315659
12,83,"D3",9,0.286020838982066,0.961284107477609
12,83,"D3",10,0.276329550296316,0.966116844072479
12,83,"D3",11,0.268001704303366,0.96986262966078
12,83,"D3",12,0.26075841499787,0.972972972972973
12,83,"D5",1,1,NA
12,83,"D5",2,0.567511994516792,0.567511994516792
12,83,"D5",3,0.425073213284317,0.74901185770751
12,83,"D5",4,0.35237917211872,0.8289846574807
12,83,"D5",5,0.307007705568364,0.87124248496994
12,83,"D5",6,0.275500031154589,0.897371714643304
12,83,"D5",7,0.252170436371944,0.915319084775152
12,83,"D5",8,0.234108044114898,0.928372284567075
12,83,"D5",9,0.21963985295034,0.938198658575535
12,83,"D5",10,0.207738799925229,0.945815602836879
12,83,"D5",11,0.197738176833448,0.951859628074385
12,83,"D5",12,0.189170664838931,0.956672443674177
12,83,"D6",1,1,NA
12,83,"D6",2,0.456916996047431,0.456916996047431
12,83,"D6",3,0.295623427955444,0.646995910663731
12,83,"D6",4,0.222570367708708,0.752884740049267
12,83,"D6",5,0.182141573841179,0.818355002583089
12,83,"D6",6,0.156870797187003,0.86125750359327
12,83,"D6",7,0.13971134267577,0.890614092495637
12,83,"D6",8,0.12736375613846,0.911620729564062
12,83,"D6",9,0.118059647862019,0.926948540475474
12,83,"D6",10,0.110743801652893,0.938032627221817
12,83,"D6",11,0.104743083003953,0.945814406229721
12,83,"D6",12,0.0996047430830039,0.950943396226415
12,83,"D7",1,1,NA
12,83,"D7",2,0.349602370185561,0.349602370185561
12,83,"D7",3,0.215047559644472,0.615120428189117
12,83,"D7",4,0.155642185144758,0.723757039615208
12,83,"D7",5,0.121277093404023,0.779204515094844
12,83,"D7",6,0.0986500634871132,0.813427010148322
12,83,"D7",7,0.0826316336607932,0.837623725113846
12,83,"D7",8,0.070960029107542,0.858751376002516
12,83,"D7",9,0.0625448308124123,0.881409317316144
12,83,"D7",10,0.0567597068454701,0.907504363001745
12,83,"D7",11,0.0531732418524871,0.936813186813187
12,83,"D7",12,0.0514579759862779,0.967741935483871
12,84,"D0",1,1,NA
12,84,"D0",2,0.830601975913782,0.830601975913782
12,84,"D0",3,0.743065673772236,0.894611011435118
12,84,"D0",4,0.689316509787551,0.927665661486121
12,84,"D0",5,0.652097930871446,0.946006546502744
12,84,"D0",6,0.624320527149738,0.957403018156203
12,84,"D0",7,0.602477148914714,0.965012557996856
12,84,"D0",8,0.584576022407455,0.970287459799089
12,84,"D0",9,0.569405205962753,0.974048171900339
12,84,"D0",10,0.556200428219388,0.976809524034755
12,84,"D0",11,0.544462548758209,0.978896313512815
12,84,"D0",12,0.533846837505555,0.980502403192165
12,84,"D1",1,1,NA
12,84,"D1",2,0.701078662027058,0.701078662027058
12,84,"D1",3,0.563915303664258,0.804353825337924
12,84,"D1",4,0.485061368371457,0.86016705916577
12,84,"D1",5,0.433737655494978,0.89419129985801
12,84,"D1",6,0.397627735145169,0.916747093796594
12,84,"D1",7,0.370791441456249,0.93250899945618
12,84,"D1",8,0.3500143226782,0.943965484487861
12,84,"D1",9,0.333409407886395,0.952559327673368
12,84,"D1",10,0.319804272384468,0.959193906410213
12,84,"D1",11,0.308435353065758,0.964450383248657
12,84,"D1",12,0.29877576321091,0.968681962820298
12,84,"D3",1,1,NA
12,84,"D3",2,0.585016311214196,0.585016311214196
12,84,"D3",3,0.457238219154834,0.781582001031459
12,84,"D3",4,0.395496973468349,0.864969193081434
12,84,"D3",5,0.357966723865915,0.905106101638886
12,84,"D3",6,0.331986412260214,0.927422551109996
12,84,"D3",7,0.312622176965674,0.941671602874631
12,84,"D3",8,0.297541689452081,0.951761299662216
12,84,"D3",9,0.285489619279289,0.95949451589461
12,84,"D3",10,0.275725519036036,0.965798755597828
12,84,"D3",11,0.267786766231072,0.971207769115032
12,84,"D3",12,0.261356565028002,0.975987606506584
12,84,"D5",1,1,NA
12,84,"D5",2,0.560932218466465,0.560932218466465
12,84,"D5",3,0.419249243906778,0.747415160164922
12,84,"D5",4,0.348502638913598,0.831254066593114
12,84,"D5",5,0.305194805194805,0.875731690716036
12,84,"D5",6,0.27517557458849,0.901639116736756
12,84,"D5",7,0.252782225384965,0.918621595550356
12,84,"D5",8,0.235300164067287,0.930841413825461
12,84,"D5",9,0.221223981497954,0.940177761349508
12,84,"D5",10,0.209630552096306,0.947594156279319
12,84,"D5",11,0.199934768427919,0.953748231966054
12,84,"D5",12,0.191780821917808,0.959216965742251
12,84,"D6",1,1,NA
12,84,"D6",2,0.435286638495195,0.435286638495195
12,84,"D6",3,0.279593134138589,0.642319587628866
12,84,"D6",4,0.214063298555277,0.765624303382108
12,84,"D6",5,0.178757962180422,0.835070576725985
12,84,"D6",6,0.156378380977311,0.874805122355766
12,84,"D6",7,0.1404148436234,0.897917236038991
12,84,"D6",8,0.127963302294853,0.911323183452439
12,84,"D6",9,0.117617142216073,0.919147443890274
12,84,"D6",10,0.108672076586515,0.923947602696172
12,84,"D6",11,0.100781571369807,0.927391603578802
12,84,"D6",12,0.0937885643767997,0.930612244897959
12,84,"D7",1,1,NA
12,84,"D7",2,0.342849223946785,0.342849223946785
12,84,"D7",3,0.208079268292683,0.606911883589329
12,84,"D7",4,0.150110864745011,0.721411921411921
12,84,"D7",5,0.117551274944568,0.783096381093058
12,84,"D7",6,0.0973333069369655,0.828007241800345
12,84,"D7",7,0.0841994641537324,0.865063222482118
12,84,"D7",8,0.0755912786400591,0.897764367027843
12,84,"D7",9,0.0700526607538803,0.9267294060132
12,84,"D7",10,0.0666574279379158,0.951533135509397
12,84,"D7",11,0.0647865853658537,0.971933471933472
12,84,"D7",12,0.0640243902439024,0.988235294117647
12,85,"D0",1,1,NA
12,85,"D0",2,0.834487819721133,0.834487819721133
12,85,"D0",3,0.748074961069645,0.896448028827592
12,85,"D0",4,0.694766925009099,0.928739713484965
12,85,"D0",5,0.657770856825789,0.946750389444884
12,85,"D0",6,0.629856705609807,0.957562499271117
12,85,"D0",7,0.607536528903924,0.964563087910173
12,85,"D0",8,0.589002845943189,0.969493714239417
12,85,"D0",9,0.57324544917575,0.973247333394111
12,85,"D0",10,0.55965741287655,0.976296303234962
12,85,"D0",11,0.547844063792085,0.978891820580475
12,85,"D0",12,0.537507383343178,0.981132075471698
12,85,"D1",1,1,NA
12,85,"D1",2,0.684563693961793,0.684563693961793
12,85,"D1",3,0.539988480368628,0.788806775953219
12,85,"D1",4,0.457065693897795,0.846436008386281
12,85,"D1",5,0.403211897219289,0.882174931530633
12,85,"D1",6,0.365408878344464,0.906245279131074
12,85,"D1",7,0.337410802854309,0.923378776079539
12,85,"D1",8,0.315837573197658,0.93606242161142
12,85,"D1",9,0.29870116156283,0.945742960657492
12,85,"D1",10,0.2847652875108,0.953345095884071
12,85,"D1",11,0.273231256599789,0.959496359223301
12,85,"D1",12,0.263569165786695,0.96463768115942
12,85,"D3",1,1,NA
12,85,"D3",2,0.586488465076117,0.586488465076117
12,85,"D3",3,0.45581439002872,0.777192420944821
12,85,"D3",4,0.393239852583235,0.862719258508836
12,85,"D3",5,0.356281168071381,0.906014905994221
12,85,"D3",6,0.331333749875976,0.929978285603895
12,85,"D3",7,0.312878944305746,0.94430146166173
12,85,"D3",8,0.298322477302448,0.953475721942245
12,85,"D3",9,0.286343926566929,0.959846972163028
12,85,"D3",10,0.276237493664708,0.964705265366058
12,85,"D3",11,0.267602725583316,0.968741505843979
12,85,"D3",12,0.260169316539335,0.972222222222222
12,85,"D5",1,1,NA
12,85,"D5",2,0.56881508584295,0.56881508584295
12,85,"D5",3,0.421131438221221,0.740366155368629
12,85,"D5",4,0.34599118116146,0.821575284483296
12,85,"D5",5,0.300145417018482,0.867494414195536
12,85,"D5",6,0.269072413654457,0.896473503834604
12,85,"D5",7,0.246552209400507,0.916304299098938
12,85,"D5",8,0.229514963880289,0.93089802130898
12,85,"D5",9,0.216239797354348,0.942159908436887
12,85,"D5",10,0.205629045876724,0.95093062605753
12,85,"D5",11,0.196904024767802,0.957569121270189
12,85,"D5",12,0.189473684210526,0.962264150943396
12,85,"D6",1,1,NA
12,85,"D6",2,0.468990193479989,0.468990193479989
12,85,"D6",3,0.313676119798569,0.668833003673354
12,85,"D6",4,0.244244191182967,0.778650894240248
12,85,"D6",5,0.205312969343582,0.840605331693554
12,85,"D6",6,0.180204270947711,0.877705249326689
12,85,"D6",7,0.16243153105398,0.901374480192602
12,85,"D6",8,0.148953087728598,0.917020770302886
12,85,"D6",9,0.138132785581765,0.927357651245551
12,85,"D6",10,0.129008746355685,0.933947330551158
12,85,"D6",11,0.120991253644315,0.937853107344633
12,85,"D6",12,0.113702623906706,0.939759036144578
12,85,"D7",1,1,NA
12,85,"D7",2,0.316869161731485,0.316869161731485
12,85,"D7",3,0.187117650650223,0.590520231213873
12,85,"D7",4,0.134595111626676,0.719307404507091
12,85,"D7",5,0.104452856299733,0.776052376920285
12,85,"D7",6,0.0842018961562279,0.806123443045021
12,85,"D7",7,0.0694995624478499,0.825391892825081
12,85,"D7",8,0.058334859678043,0.839355783308931
12,85,"D7",9,0.0496000976860614,0.850265140943344
12,85,"D7",10,0.0426155442945235,0.85918266863614
12,85,"D7",11,0.0369375419744795,0.86676217765043
12,85,"D7",12,0.0322364002686367,0.872727272727273
12,86,"D0",1,1,NA
12,86,"D0",2,0.828983967809594,0.828983967809594
12,86,"D0",3,0.741173293485404,0.894074339512004
12,86,"D0",4,0.687672046737301,0.927815468773152
12,86,"D0",5,0.650859521044688,0.946467904479654
12,86,"D0",6,0.623518723083036,0.957992781733043
12,86,"D0",7,0.602100568013035,0.96564953981799
12,86,"D0",8,0.584602735944453,0.970938688654081
12,86,"D0",9,0.569818793939994,0.974711131003219
12,86,"D0",10,0.556985840182196,0.977478886456053
12,86,"D0",11,0.545598574116249,0.979555555555556
12,86,"D0",12,0.535300524804436,0.981125226860254
12,86,"D1",1,1,NA
12,86,"D1",2,0.679138663839638,0.679138663839638
12,86,"D1",3,0.533859186710369,0.786082747361336
12,86,"D1",4,0.451829301898843,0.846345465520613
12,86,"D1",5,0.399260336325705,0.883653040313646
12,86,"D1",6,0.362786726486309,0.908647049253494
12,86,"D1",7,0.336034734852537,0.926259728703769
12,86,"D1",8,0.315584647156274,0.939142935014629
12,86,"D1",9,0.299445616969956,0.948859900721577
12,86,"D1",10,0.286372876080804,0.956343522334928
12,86,"D1",11,0.27554295495881,0.962182448036952
12,86,"D1",12,0.26639563496309,0.966802562609202
12,86,"D3",1,1,NA
12,86,"D3",2,0.586082817705854,0.586082817705854
12,86,"D3",3,0.458718705378391,0.782685810810811
12,86,"D3",4,0.397753450737744,0.867096645665762
12,86,"D3",5,0.361231159765191,0.908178569149276
12,86,"D3",6,0.336147412796627,0.930560400755935
12,86,"D3",7,0.317404410598128,0.944241718112407
12,86,"D3",8,0.302591147072822,0.9533300009997
12,86,"D3",9,0.2904217039505,0.959782553983994
12,86,"D3",10,0.28017134697763,0.964705265366058
12,86,"D3",11,0.271413612565445,0.968741505843979
12,86,"D3",12,0.263874345549738,0.972222222222222
12,86,"D5",1,1,NA
12,86,"D5",2,0.556622448075162,0.556622448075162
12,86,"D5",3,0.41011020179041,0.736783439490446
12,86,"D5",4,0.335872209255375,0.818980380856326
12,86,"D5",5,0.289292010123989,0.861315709225681
12,86,"D5",6,0.256325734713775,0.886044984802432
12,86,"D5",7,0.231384366905979,0.902696590977699
12,86,"D5",8,0.211792280950552,0.915326665247925
12,86,"D5",9,0.196041008065707,0.925628673461796
12,86,"D5",10,0.183177238750849,0.93438225276547
12,86,"D5",11,0.172570685732857,0.942096774193548
12,86,"D5",12,0.163795905102372,0.949152542372881
12,86,"D6",1,1,NA
12,86,"D6",2,0.430842607313196,0.430842607313196
12,86,"D6",3,0.267199017199017,0.620177792687018
12,86,"D6",4,0.19872813990461,0.743745774171738
12,86,"D6",5,0.162126029773089,0.815818181818182
12,86,"D6",6,0.138851609439845,0.856442420962145
12,86,"D6",7,0.12215758539288,0.879770755885998
12,86,"D6",8,0.10922580334345,0.894138526004437
12,86,"D6",9,0.0987498193380546,0.904088743824982
12,86,"D6",10,0.0900419135713253,0.911818514452982
12,86,"D6",11,0.082670906200318,0.918138041733547
12,86,"D6",12,0.0763116057233704,0.923076923076923
12,86,"D7",1,1,NA
12,86,"D7",2,0.327679782903664,0.327679782903664
12,86,"D7",3,0.188222523744912,0.574409937888199
12,86,"D7",4,0.129407507914971,0.687524029219531
12,86,"D7",5,0.0961103573043871,0.742695372570949
12,86,"D7",6,0.0748885442915294,0.779193277310924
12,86,"D7",7,0.0605156037991859,0.808075579138087
12,86,"D7",8,0.0505110809588422,0.834678624813154
12,86,"D7",9,0.04359565807327,0.863090974212034
12,86,"D7",10,0.0390773405698779,0.896358543417367
12,86,"D7",11,0.0365671641791045,0.935763888888889
12,86,"D7",12,0.0358208955223881,0.979591836734694
12,87,"D0",1,1,NA
12,87,"D0",2,0.829694480310603,0.829694480310603
12,87,"D0",3,0.742125366097257,0.894456192862023
12,87,"D0",4,0.688710632829008,0.928024649596401
12,87,"D0",5,0.651943295977542,0.94661424537554
12,87,"D0",6,0.624619602696507,0.958088849981861
12,87,"D0",7,0.603194062663553,0.965698258683432
12,87,"D0",8,0.58566923253418,0.970946613678544
12,87,"D0",9,0.570841787499381,0.974682902547841
12,87,"D0",10,0.557961462499494,0.977436261181385
12,87,"D0",11,0.546543277082199,0.979535888793924
12,87,"D0",12,0.536249814420745,0.981166244114451
12,87,"D1",1,1,NA
12,87,"D1",2,0.683667673744851,0.683667673744851
12,87,"D1",3,0.538063259783216,0.787024574141301
12,87,"D1",4,0.4544980439137,0.84469258149463
12,87,"D1",5,0.400418581785726,0.881012772547284
12,87,"D1",6,0.36269337844389,0.905785582742952
12,87,"D1",7,0.334982364199564,0.92359658077239
12,87,"D1",8,0.31386601882743,0.936962814676555
12,87,"D1",9,0.297338163490313,0.947341048900856
12,87,"D1",10,0.284139234525122,0.955609704417841
12,87,"D1",11,0.273428886438809,0.962305986696231
12,87,"D1",12,0.264608599779493,0.967741935483871
12,87,"D3",1,1,NA
12,87,"D3",2,0.584395323864903,0.584395323864903
12,87,"D3",3,0.459229693863079,0.785820274580502
12,87,"D3",4,0.399894645136455,0.870794398708209
12,87,"D3",5,0.364710172822497,0.912015645265888
12,87,"D3",6,0.340976384880998,0.934924250240066
12,87,"D3",7,0.323604892247638,0.949053678191166
12,87,"D3",8,0.310159315463528,0.958450638089176
12,87,"D3",9,0.299301011001479,0.964991203163377
12,87,"D3",10,0.290212127965638,0.969632969145581
12,87,"D3",11,0.282371294851794,0.972982407148841
12,87,"D3",12,0.275462447069311,0.975532754538279
12,87,"D5",1,1,NA
12,87,"D5",2,0.560218920036911,0.560218920036911
12,87,"D5",3,0.416221720176918,0.742962626377371
12,87,"D5",4,0.341701933581528,0.820961321855776
12,87,"D5",5,0.294507907213542,0.861885398559722
12,87,"D5",6,0.26114032974376,0.886700571860747
12,87,"D5",7,0.235991345021797,0.903695515944855
12,87,"D5",8,0.21626414654066,0.916407110272141
12,87,"D5",9,0.200388201228243,0.926590026287911
12,87,"D5",10,0.187418461832183,0.935276930894309
12,87,"D5",11,0.176758837941897,0.943123938879457
12,87,"D5",12,0.168008400420021,0.95049504950495
12,87,"D6",1,1,NA
12,87,"D6",2,0.443860707820099,0.443860707820099
12,87,"D6",3,0.285634162791523,0.64352207293666
12,87,"D6",4,0.216790316282702,0.758978947630055
12,87,"D6",5,0.178812727036077,0.824818793118505
12,87,"D6",6,0.154424255947099,0.863608863344173
12,87,"D6",7,0.137120916308734,0.88794934103945
12,87,"D6",8,0.124080319004177,0.904897096259222
12,87,"D6",9,0.113904369741933,0.917989014342386
12,87,"D6",10,0.105782542330766,0.928696085764149
12,87,"D6",11,0.0991800078094494,0.93758389261745
12,87,"D6",12,0.093713393205779,0.94488188976378
12,87,"D7",1,1,NA
12,87,"D7",2,0.351569385126432,0.351569385126432
12,87,"D7",3,0.220540980272524,0.627304280755881
12,87,"D7",4,0.16456285449574,0.746178122054183
12,87,"D7",5,0.131945856778072,0.801796111172141
12,87,"D7",6,0.110220130354359,0.835343625376165
12,87,"D7",7,0.0945698596705308,0.858008962305597
12,87,"D7",8,0.082633945721194,0.87378733572282
12,87,"D7",9,0.0731340248118772,0.885036097134106
12,87,"D7",10,0.0653515015931123,0.89358546533185
12,87,"D7",11,0.0589112602535421,0.901452282157676
12,87,"D7",12,0.0536912751677852,0.911392405063291
12,88,"D0",1,1,NA
12,88,"D0",2,0.829282098047231,0.829282098047231
12,88,"D0",3,0.74135943613633,0.893977378605014
12,88,"D0",4,0.687730394821367,0.927661214384137
12,88,"D0",5,0.650851800108113,0.946376378024076
12,88,"D0",6,0.623544760818072,0.9580441518553
12,88,"D0",7,0.602243715007465,0.965838786324399
12,88,"D0",8,0.584854923699614,0.971126653754062
12,88,"D0",9,0.570071022025363,0.974722104448172
12,88,"D0",10,0.557089399704412,0.977228061382896
12,88,"D0",11,0.545436576567673,0.979082669419089
12,88,"D0",12,0.534861886643277,0.980612429788005
12,88,"D1",1,1,NA
12,88,"D1",2,0.685986586318812,0.685986586318812
12,88,"D1",3,0.542578130617998,0.790945685293378
12,88,"D1",4,0.460360606540009,0.848468783685875
12,88,"D1",5,0.406907230827497,0.883888032657142
12,88,"D1",6,0.36932550126665,0.90764054626304
12,88,"D1",7,0.3414336371147,0.924478910727012
12,88,"D1",8,0.31989312520874,0.936911570611527
12,88,"D1",9,0.302734032302139,0.946359919753185
12,88,"D1",10,0.288715345193751,0.953693058551154
12,88,"D1",11,0.277013130833729,0.95946798618491
12,88,"D1",12,0.267046353425091,0.964020559680183
12,88,"D3",1,1,NA
12,88,"D3",2,0.581913084740401,0.581913084740401
12,88,"D3",3,0.453695282533908,0.779661592824137
12,88,"D3",4,0.393720589979833,0.867808428116965
12,88,"D3",5,0.358733045988374,0.911136107986502
12,88,"D3",6,0.335131593069827,0.934208868732678
12,88,"D3",7,0.317634808282916,0.94779130004832
12,88,"D3",8,0.30382643310003,0.956527512656652
12,88,"D3",9,0.292419629087746,0.962456182972964
12,88,"D3",10,0.282652536676025,0.966599053414469
12,88,"D3",11,0.274032187907786,0.969501958589815
12,88,"D3",12,0.266202696824706,0.971428571428571
12,88,"D5",1,1,NA
12,88,"D5",2,0.552480507240168,0.552480507240168
12,88,"D5",3,0.408979521891869,0.740260545905707
12,88,"D5",4,0.338799874332391,0.828403028017542
12,88,"D5",5,0.296370871771437,0.874766770074634
12,88,"D5",6,0.266851903986683,0.900398552636711
12,88,"D5",7,0.244342577518826,0.915648619584219
12,88,"D5",8,0.22617884785651,0.925662854805088
12,88,"D5",9,0.211018764458915,0.932973027578543
12,88,"D5",10,0.198097849370234,0.938768880948514
12,88,"D5",11,0.186930568645932,0.943627450980392
12,88,"D5",12,0.177191328934967,0.947899159663865
12,88,"D6",1,1,NA
12,88,"D6",2,0.439934383702743,0.439934383702743
12,88,"D6",3,0.280509670774043,0.637617065556712
12,88,"D6",4,0.209839901321227,0.748066548800943
12,88,"D6",5,0.170144584748026,0.810830464924613
12,88,"D6",6,0.144317704955556,0.848206278026906
12,88,"D6",7,0.125898091277865,0.872367609481011
12,88,"D6",8,0.111903762764023,0.88884399777789
12,88,"D6",9,0.100713386487621,0.9
12,88,"D6",10,0.091328730019456,0.906818181818182
12,88,"D6",11,0.083088543852287,0.909774436090226
12,88,"D6",12,0.0755350398657155,0.909090909090909
12,88,"D7",1,1,NA
12,88,"D7",2,0.408325212306836,0.408325212306836
12,88,"D7",3,0.266754837811499,0.653290146607569
12,88,"D7",4,0.200491902176435,0.751596124071465
12,88,"D7",5,0.1612371803796,0.804207943708916
12,88,"D7",6,0.135120622103777,0.838023970561026
12,88,"D7",7,0.116536730242703,0.862464429398489
12,88,"D7",8,0.102742586662954,0.881632653061225
12,88,"D7",9,0.0922595016010024,0.897967479674797
12,88,"D7",10,0.0842266462480858,0.912931945073186
12,88,"D7",11,0.0781010719754977,0.927272727272727
12,88,"D7",12,0.0735068912710567,0.941176470588235
12,89,"D0",1,1,NA
12,89,"D0",2,0.832169552634051,0.832169552634051
12,89,"D0",3,0.744650261906573,0.894829977315975
12,89,"D0",4,0.69057807320859,0.927385792412752
12,89,"D0",5,0.65310314183512,0.945733968645496
12,89,"D0",6,0.625178049820081,0.957242447285471
12,89,"D0",7,0.603278268091534,0.964970328477064
12,89,"D0",8,0.58539913726648,0.970363376619525
12,89,"D0",9,0.570318447974306,0.97423862057161
12,89,"D0",10,0.557272772004849,0.977125628645201
12,89,"D0",11,0.545785563155046,0.979386739444533
12,89,"D0",12,0.535550853712543,0.981247746123332
12,89,"D1",1,1,NA
12,89,"D1",2,0.682169715718172,0.682169715718172
12,89,"D1",3,0.537547214639326,0.787996303930628
12,89,"D1",4,0.454989276195741,0.846417326338527
12,89,"D1",5,0.401622227932964,0.882707019582991
12,89,"D1",6,0.364349821600875,0.907195359868601
12,89,"D1",7,0.336888270404725,0.924628613579416
12,89,"D1",8,0.315843269216782,0.93753121424305
12,89,"D1",9,0.299230504414781,0.947401871684024
12,89,"D1",10,0.28581403129379,0.955163417756388
12,89,"D1",11,0.27478798869273,0.961422318732399
12,89,"D1",12,0.265614166088858,0.966614906832298
12,89,"D3",1,1,NA
12,89,"D3",2,0.572421645592377,0.572421645592377
12,89,"D3",3,0.443470965422185,0.774727805695142
12,89,"D3",4,0.382466723930139,0.862439153296157
12,89,"D3",5,0.346061138744066,0.904813718662953
12,89,"D3",6,0.321122516244467,0.927935790218728
12,89,"D3",7,0.302537570830254,0.942125062946177
12,89,"D3",8,0.28793671720501,0.951738709393433
12,89,"D3",9,0.276059207766525,0.958749583749584
12,89,"D3",10,0.266155290545534,0.964123938117773
12,89,"D3",11,0.257745550428477,0.968402882017412
12,89,"D3",12,0.25049439683586,0.971867007672634
12,89,"D5",1,1,NA
12,89,"D5",2,0.542185503283901,0.542185503283901
12,89,"D5",3,0.394531784005468,0.727669370752028
12,89,"D5",4,0.321959047817171,0.816053511705686
12,89,"D5",5,0.277739804055594,0.862655688475361
12,89,"D5",6,0.247088641988936,0.889640729851879
12,89,"D5",7,0.224043309855667,0.906732531500573
12,89,"D5",8,0.205747570507296,0.918338381270312
12,89,"D5",9,0.190650539391958,0.926623526692859
12,89,"D5",10,0.177835894083034,0.93278463648834
12,89,"D5",11,0.166721150702844,0.9375
12,89,"D5",12,0.156914024190912,0.941176470588235
12,89,"D6",1,1,NA
12,89,"D6",2,0.43601552017986,0.43601552017986
12,89,"D6",3,0.279820139971716,0.641766467065868
12,89,"D6",4,0.21139355259818,0.755462250213825
12,89,"D6",5,0.173514160351017,0.820811033347056
12,89,"D6",6,0.14942576370578,0.861173309449172
12,89,"D6",7,0.13262259612479,0.887548390824522
12,89,"D6",8,0.120090413508842,0.905504921618666
12,89,"D6",9,0.110309315734126,0.91855221837507
12,89,"D6",10,0.102476701599159,0.928994082840237
12,89,"D6",11,0.0961308336657359,0.938075017692852
12,89,"D6",12,0.0909453530115676,0.946058091286307
12,89,"D7",1,1,NA
12,89,"D7",2,0.386410050126864,0.386410050126864
12,89,"D7",3,0.25107989355777,0.649775784753363
12,89,"D7",4,0.191711533304454,0.763547931249795
12,89,"D7",5,0.157095117272108,0.819434879917363
12,89,"D7",6,0.133751204547665,0.851402684374912
12,89,"D7",7,0.116725457433422,0.872705840879547
12,89,"D7",8,0.103752294902737,0.888857471061235
12,89,"D7",9,0.0936072776780741,0.902218864323207
12,89,"D7",10,0.0855250943746519,0.913658601084226
12,89,"D7",11,0.0789652825051055,0.923299565846599
12,89,"D7",12,0.0735194009530293,0.931034482758621
12,90,"D0",1,1,NA
12,90,"D0",2,0.828748866849775,0.828748866849775
12,90,"D0",3,0.74102206767782,0.894145497289884
12,90,"D0",4,0.687645618260293,0.927969149981194
12,90,"D0",5,0.650940120057548,0.946621490447932
12,90,"D0",6,0.623693615507874,0.958142840316455
12,90,"D0",7,0.602377398031513,0.965822613946429
12,90,"D0",8,0.585004081595836,0.971158751154259
12,90,"D0",9,0.570371673273891,0.974987510716114
12,90,"D0",10,0.557712863115453,0.977806032887683
12,90,"D0",11,0.546509897306147,0.979912663755459
12,90,"D0",12,0.536389343652329,0.981481481481482
12,90,"D1",1,1,NA
12,90,"D1",2,0.679138663839638,0.679138663839638
12,90,"D1",3,0.533859186710369,0.786082747361336
12,90,"D1",4,0.451829301898843,0.846345465520613
12,90,"D1",5,0.399260336325705,0.883653040313646
12,90,"D1",6,0.362786726486309,0.908647049253494
12,90,"D1",7,0.336034734852537,0.926259728703769
12,90,"D1",8,0.315584647156274,0.939142935014629
12,90,"D1",9,0.299445616969956,0.948859900721577
12,90,"D1",10,0.286372876080804,0.956343522334928
12,90,"D1",11,0.27554295495881,0.962182448036952
12,90,"D1",12,0.26639563496309,0.966802562609202
12,90,"D3",1,1,NA
12,90,"D3",2,0.594817816875708,0.594817816875708
12,90,"D3",3,0.468943395501604,0.788381555153707
12,90,"D3",4,0.407393606463963,0.868747934978797
12,90,"D3",5,0.369946026928913,0.90808010007795
12,90,"D3",6,0.344148984334913,0.930268091245221
12,90,"D3",7,0.325000480187465,0.944359841176189
12,90,"D3",8,0.310096101518033,0.954140441082316
12,90,"D3",9,0.298138793384937,0.96143999207162
12,90,"D3",10,0.28838138409235,0.967272258729545
12,90,"D3",11,0.28037185717304,0.972225922472359
12,90,"D3",12,0.273822100147898,0.976639035418236
12,90,"D5",1,1,NA
12,90,"D5",2,0.557905274354001,0.557905274354001
12,90,"D5",3,0.420221485328161,0.753212964001346
12,90,"D5",4,0.351782101816513,0.837134973100669
12,90,"D5",5,0.30934430332228,0.879363394910953
12,90,"D5",6,0.279555956775503,0.90370488085005
12,90,"D5",7,0.257043942522263,0.919472242649018
12,90,"D5",8,0.23925420759557,0.93079107505071
12,90,"D5",9,0.224788838140524,0.939539748953975
12,90,"D5",10,0.212788587874617,0.946615453128479
12,90,"D5",11,0.202684101858224,0.952513966480447
12,90,"D5",12,0.194081211286992,0.957555178268251
12,90,"D6",1,1,NA
12,90,"D6",2,0.458848642970894,0.458848642970894
12,90,"D6",3,0.30224646765832,0.658706247230837
12,90,"D6",4,0.234219948271383,0.774930307990105
12,90,"D6",5,0.19715040829465,0.841731926548877
12,90,"D6",6,0.173565160147344,0.880369265520078
12,90,"D6",7,0.157021199697309,0.904681559156278
12,90,"D6",8,0.144713629022239,0.921618413954325
12,90,"D6",9,0.135214990004405,0.934362512487513
12,90,"D6",10,0.127672551079185,0.944218914448955
12,90,"D6",11,0.12150577711517,0.951698513800425
12,90,"D6",12,0.116287737607156,0.957055214723926
12,90,"D7",1,1,NA
12,90,"D7",2,0.341049259110933,0.341049259110933
12,90,"D7",3,0.203331998398078,0.596195396899953
12,90,"D7",4,0.141268188492858,0.694766144068909
12,90,"D7",5,0.105766920304365,0.748695947989114
12,90,"D7",6,0.0834601521826192,0.789095039757668
12,90,"D7",7,0.0688960085435856,0.825495841330774
12,90,"D7",8,0.05922840742224,0.859678356907576
12,90,"D7",9,0.0527192631157389,0.890100973674721
12,90,"D7",10,0.0482178614337205,0.914615618353084
12,90,"D7",11,0.0449339207048458,0.931893687707641
12,90,"D7",12,0.0422907488986784,0.941176470588235
12,91,"D0",1,1,NA
12,91,"D0",2,0.82919946264189,0.82919946264189
12,91,"D0",3,0.741770576938682,0.894562298165686
12,91,"D0",4,0.688550485515674,0.928252625437573
12,91,"D0",5,0.651950177165887,0.946844408478811
12,91,"D0",6,0.624789571234082,0.958339445431435
12,91,"D0",7,0.603548126309209,0.966002241550037
12,91,"D0",8,0.586242069610115,0.971326136318368
12,91,"D0",9,0.571672391874713,0.975147335050363
12,91,"D0",10,0.559077835781198,0.977968927181855
12,91,"D0",11,0.547951998413171,0.980099662952152
12,91,"D0",12,0.537935138351681,0.981719457013575
12,91,"D1",1,1,NA
12,91,"D1",2,0.685327917811492,0.685327917811492
12,91,"D1",3,0.540161987815076,0.788180334955586
12,91,"D1",4,0.456509377613188,0.84513421512636
12,91,"D1",5,0.402136741926492,0.880894811031095
12,91,"D1",6,0.364020683652747,0.90521617574374
12,91,"D1",7,0.33586508979413,0.922653862478114
12,91,"D1",8,0.314263369569546,0.935683341672022
12,91,"D1",9,0.297203201529089,0.9457137875667
12,91,"D1",10,0.28340700035838,0.953579903918504
12,91,"D1",11,0.272010512483574,0.959787556904401
12,91,"D1",12,0.262391590013141,0.96463768115942
12,91,"D3",1,1,NA
12,91,"D3",2,0.591532273293802,0.591532273293802
12,91,"D3",3,0.464882728405786,0.785895798748563
12,91,"D3",4,0.402971132177613,0.866823195517534
12,91,"D3",5,0.365266709471113,0.906433936091776
12,91,"D3",6,0.33934573942883,0.929035498253276
12,91,"D3",7,0.320237061097053,0.943689647131152
12,91,"D3",8,0.30556331910715,0.954178501577442
12,91,"D3",9,0.294028779695585,0.962251557401365
12,91,"D3",10,0.28485100275711,0.96878612716763
12,91,"D3",11,0.277523888658081,0.974277380005304
12,91,"D3",12,0.271707519734109,0.979041916167665
12,91,"D5",1,1,NA
12,91,"D5",2,0.567464114832536,0.567464114832536
12,91,"D5",3,0.421418519560934,0.742634659259994
12,91,"D5",4,0.347034430997279,0.823491173000289
12,91,"D5",5,0.300797448165869,0.866765431030754
12,91,"D5",6,0.26839692814925,0.892284591461187
12,91,"D5",7,0.243901866966882,0.908735687284966
12,91,"D5",8,0.224388779435219,0.919996153476296
12,91,"D5",9,0.208201519842387,0.927860654915209
12,91,"D5",10,0.194314663664509,0.933300889501717
12,91,"D5",11,0.182043343653251,0.936848203939745
12,91,"D5",12,0.170897832817337,0.938775510204082
12,91,"D6",1,1,NA
12,91,"D6",2,0.45981045981046,0.45981045981046
12,91,"D6",3,0.302695682695683,0.65830534351145
12,91,"D6",4,0.232521352521353,0.768168711395595
12,91,"D6",5,0.193278343278343,0.831228363255776
12,91,"D6",6,0.168414982700697,0.871359821509645
12,91,"D6",7,0.151456651456651,0.899306279215172
12,91,"D6",8,0.139248859248859,0.919397450753187
12,91,"D6",9,0.13002457002457,0.933756805807623
12,91,"D6",10,0.122709722709723,0.943742576395638
12,91,"D6",11,0.116602316602317,0.950228832951945
12,91,"D6",12,0.111196911196911,0.95364238410596
12,91,"D7",1,1,NA
12,91,"D7",2,0.364806553060777,0.364806553060777
12,91,"D7",3,0.227967527243473,0.624899759422614
12,91,"D7",4,0.172154367488237,0.755170569992514
12,91,"D7",5,0.141105341427144,0.819644273252521
12,91,"D7",6,0.120769817471346,0.855884095172277
12,91,"D7",7,0.106267827104513,0.879920408339822
12,91,"D7",8,0.0953119286184451,0.896902959394356
12,91,"D7",9,0.086623272142178,0.908839779005525
12,91,"D7",10,0.0794266071820376,0.916919959473151
12,91,"D7",11,0.0732099758648431,0.921731123388582
12,91,"D7",12,0.0675784392598552,0.923076923076923
12,92,"D0",1,1,NA
12,92,"D0",2,0.829715362357849,0.829715362357849
12,92,"D0",3,0.741885472040912,0.894144553299163
12,92,"D0",4,0.688177406933884,0.927605988887639
12,92,"D0",5,0.650962624019619,0.94592269008064
12,92,"D0",6,0.623080546396609,0.957167928550426
12,92,"D0",7,0.601029540407779,0.964609702362953
12,92,"D0",8,0.582794338649261,0.969660057397269
12,92,"D0",9,0.567146221653994,0.973149847283117
12,92,"D0",10,0.553358903617971,0.97569001165905
12,92,"D0",11,0.541031334813718,0.977722290680329
12,92,"D0",12,0.529977794226499,0.979569500182415
12,92,"D1",1,1,NA
12,92,"D1",2,0.703706818415422,0.703706818415422
12,92,"D1",3,0.567331034676086,0.806203691408843
12,92,"D1",4,0.488379322051847,0.860836605440922
12,92,"D1",5,0.43668959094491,0.894160688684011
12,92,"D1",6,0.400199964492286,0.916440356698983
12,92,"D1",7,0.37303033417742,0.932109863254648
12,92,"D1",8,0.3519561946944,0.943505560936508
12,92,"D1",9,0.335074145712444,0.952033664312643
12,92,"D1",10,0.321204645903998,0.958607669419091
12,92,"D1",11,0.30958988590811,0.96384
12,92,"D1",12,0.299722479185939,0.968127490039841
12,92,"D3",1,1,NA
12,92,"D3",2,0.579095603191989,0.579095603191989
12,92,"D3",3,0.449225473321859,0.775736287489868
12,92,"D3",4,0.388468158347676,0.864750957854406
12,92,"D3",5,0.353224586658322,0.909275519931258
12,92,"D3",6,0.329861188725216,0.933856818535384
12,92,"D3",7,0.312894434882387,0.948563958347451
12,92,"D3",8,0.299687059928024,0.957789677661326
12,92,"D3",9,0.28881630417775,0.963726309194382
12,92,"D3",10,0.279455484274761,0.96758901846058
12,92,"D3",11,0.271084337349398,0.970044792833147
12,92,"D3",12,0.263339070567986,0.971428571428571
12,92,"D5",1,1,NA
12,92,"D5",2,0.559981698075438,0.559981698075438
12,92,"D5",3,0.407915582372959,0.728444489837606
12,92,"D5",4,0.33053275758529,0.810296963068899
12,92,"D5",5,0.282869589255245,0.855798957179771
12,92,"D5",6,0.250033703320901,0.883918642435913
12,92,"D5",7,0.225738034640205,0.902830425026687
12,92,"D5",8,0.20693376037824,0.916698688849946
12,92,"D5",9,0.191981469301381,0.927743587853774
12,92,"D5",10,0.179930795847751,0.937230017576787
12,92,"D5",11,0.170179301667191,0.945804195804196
12,92,"D5",12,0.162315193457062,0.953789279112754
12,92,"D6",1,1,NA
12,92,"D6",2,0.462259544966312,0.462259544966312
12,92,"D6",3,0.304149985352993,0.657963667089142
12,92,"D6",4,0.23416116047695,0.769887133827034
12,92,"D6",5,0.195136108669943,0.833341055674995
12,92,"D6",6,0.169947131279032,0.870915856821169
12,92,"D6",7,0.152035933990821,0.894607239596159
12,92,"D6",8,0.138510779112283,0.911039748804681
12,92,"D6",9,0.127936724929206,0.923658979822033
12,92,"D6",10,0.119519578166195,0.934208517783545
12,92,"D6",11,0.112781954887218,0.943627450980392
12,92,"D6",12,0.107411385606874,0.952380952380952
12,92,"D7",1,1,NA
12,92,"D7",2,0.370308590492077,0.370308590492077
12,92,"D7",3,0.223519599666389,0.603603603603604
12,92,"D7",4,0.161004540821055,0.720315091210614
12,92,"D7",5,0.127536836252433,0.792131921261655
12,92,"D7",6,0.107440724413201,0.842428960685092
12,92,"D7",7,0.0943031229728477,0.877722330037273
12,92,"D7",8,0.0850338244833658,0.901707406952463
12,92,"D7",9,0.0780650542118432,0.918047079337402
12,92,"D7",10,0.0725604670558799,0.92948717948718
12,92,"D7",11,0.0680428134556575,0.937739463601532
12,92,"D7",12,0.0642201834862385,0.943820224719101
12,93,"D0",1,1,NA
12,93,"D0",2,0.829515169461868,0.829515169461868
12,93,"D0",3,0.742237596575767,0.894784838060622
12,93,"D0",4,0.689522407970735,0.928978013444445
12,93,"D0",5,0.653611926191139,0.947919775536692
12,93,"D0",6,0.627201196789589,0.959592644590414
12,93,"D0",7,0.606668551071868,0.967263063554693
12,93,"D0",8,0.58991693661519,0.972387534466586
12,93,"D0",9,0.575666944840768,0.975844070766666
12,93,"D0",10,0.563158980985454,0.978272221520773
12,93,"D0",11,0.551969203435001,0.980130339871572
12,93,"D0",12,0.541901095647024,0.981759656652361
12,93,"D1",1,1,NA
12,93,"D1",2,0.680071987937157,0.680071987937157
12,93,"D1",3,0.534743907777616,0.786304857813126
12,93,"D1",4,0.452217844577395,0.845671802894965
12,93,"D1",5,0.399100961460512,0.882541381872001
12,93,"D1",6,0.362113221182242,0.907322347350622
12,93,"D1",7,0.334873615772492,0.924775998730958
12,93,"D1",8,0.313943933719215,0.937499757916142
12,93,"D1",9,0.297312126076171,0.947023000425551
12,93,"D1",10,0.283720025293059,0.954283395828834
12,93,"D1",11,0.272338148742643,0.959883421909823
12,93,"D1",12,0.262600321027287,0.964243614931238
12,93,"D3",1,1,NA
12,93,"D3",2,0.578397761752768,0.578397761752768
12,93,"D3",3,0.450526066910982,0.778920833901076
12,93,"D3",4,0.39030618276392,0.866334295460509
12,93,"D3",5,0.354937541868621,0.909382319683386
12,93,"D3",6,0.331140684196601,0.932954802282288
12,93,"D3",7,0.313643588025903,0.947161140247237
12,93,"D3",8,0.300003940576112,0.95651227070944
12,93,"D3",9,0.288958505733538,0.963182367467031
12,93,"D3",10,0.27978090396816,0.968239032306454
12,93,"D3",11,0.271998266146511,0.972183098591549
12,93,"D3",12,0.265279583875163,0.975298804780876
12,93,"D5",1,1,NA
12,93,"D5",2,0.562897462297862,0.562897462297862
12,93,"D5",3,0.417848706922658,0.742317624273725
12,93,"D5",4,0.343463953324047,0.821981611128022
12,93,"D5",5,0.296368077847092,0.862879714097621
12,93,"D5",6,0.26260847746524,0.886088945114831
12,93,"D5",7,0.236574606827771,0.90086431752412
12,93,"D5",8,0.215597682353179,0.911330616772982
12,93,"D5",9,0.19821331233723,0.919366619222414
12,93,"D5",10,0.183514020955726,0.925841048675406
12,93,"D5",11,0.170886075949367,0.931188118811881
12,93,"D5",12,0.159893404397069,0.935672514619883
12,93,"D6",1,1,NA
12,93,"D6",2,0.438279250268351,0.438279250268351
12,93,"D6",3,0.280579638345306,0.640184626978146
12,93,"D6",4,0.210827622271764,0.751400292320218
12,93,"D6",5,0.172591032945256,0.818635770234987
12,93,"D6",6,0.148507260223881,0.860457566593196
12,93,"D6",7,0.131705336746209,0.886861265554673
12,93,"D6",8,0.119087331076432,0.90419518311478
12,93,"D6",9,0.109066138221452,0.915850050845891
12,93,"D6",10,0.10073486912724,0.923612688318571
12,93,"D6",11,0.0935513169845595,0.928688524590164
12,93,"D6",12,0.0871934604904632,0.932038834951456
12,93,"D7",1,1,NA
12,93,"D7",2,0.335769757880311,0.335769757880311
12,93,"D7",3,0.20831429876656,0.620408163265306
12,93,"D7",4,0.152723212019694,0.733138401559454
12,93,"D7",5,0.119993908938633,0.785695293804839
12,93,"D7",6,0.098522917618395,0.821065989847716
12,93,"D7",7,0.0834982995787016,0.847501287995878
12,93,"D7",8,0.0725242373483579,0.868571428571429
12,93,"D7",9,0.064321608040201,0.886898096304591
12,93,"D7",10,0.0581696360590833,0.904356060606061
12,93,"D7",11,0.0536013400335008,0.921465968586387
12,93,"D7",12,0.050251256281407,0.9375
12,94,"D0",1,1,NA
12,94,"D0",2,0.830007902015014,0.830007902015014
12,94,"D0",3,0.742295535361517,0.894323455908604
12,94,"D0",4,0.688684553955198,0.927776769692937
12,94,"D0",5,0.651772565640602,0.946402183550356
12,94,"D0",6,0.624357961280126,0.957938388625592
12,94,"D0",7,0.602881092633167,0.965601674073435
12,94,"D0",8,0.58533697304934,0.970899535914784
12,94,"D0",9,0.570526381954671,0.974697325170641
12,94,"D0",10,0.557711648288495,0.977538753559
12,94,"D0",11,0.546424338206243,0.979761387238564
12,94,"D0",12,0.536349269063611,0.981561822125814
12,94,"D1",1,1,NA
12,94,"D1",2,0.683094132545378,0.683094132545378
12,94,"D1",3,0.537960013814805,0.787534233108155
12,94,"D1",4,0.455072463768116,0.845922470224296
12,94,"D1",5,0.401562320119728,0.882414015549721
12,94,"D1",6,0.364272283225428,0.907137609716016
12,94,"D1",7,0.336858187190606,0.924742844028413
12,94,"D1",8,0.315897258784553,0.93777521460628
12,94,"D1",9,0.299386968034077,0.947735251600468
12,94,"D1",10,0.286071990483134,0.955525861267861
12,94,"D1",11,0.275116082735331,0.961702270364533
12,94,"D1",12,0.265934993668214,0.96662830840046
12,94,"D3",1,1,NA
12,94,"D3",2,0.587201066577785,0.587201066577785
12,94,"D3",3,0.464836263644696,0.791613452532993
12,94,"D3",4,0.40731605699525,0.876257058349018
12,94,"D3",5,0.373409854734328,0.916757020307407
12,94,"D3",6,0.350601735569655,0.938919343248452
12,94,"D3",7,0.333913146126712,0.952400151654048
12,94,"D3",8,0.321001027692137,0.961330907200416
12,94,"D3",9,0.310636613615532,0.967712209050792
12,94,"D3",10,0.302099825014582,0.972518408240454
12,94,"D3",11,0.294912923923006,0.976210177906496
12,94,"D3",12,0.288725939505041,0.979020979020979
12,94,"D5",1,1,NA
12,94,"D5",2,0.551329316907952,0.551329316907952
12,94,"D5",3,0.403291070946857,0.731488528868109
12,94,"D5",4,0.328499635324561,0.814547256286387
12,94,"D5",5,0.281679305418178,0.857472201270104
12,94,"D5",6,0.248324705297999,0.881586614711859
12,94,"D5",7,0.222686808740221,0.896756561023554
12,94,"D5",8,0.202148088201501,0.907768580209525
12,94,"D5",9,0.185343044690226,0.916867660432565
12,94,"D5",10,0.171447411803495,0.925027492075813
12,94,"D5",11,0.159907682162875,0.932692307692308
12,94,"D5",12,0.150346191889219,0.94020618556701
12,94,"D6",1,1,NA
12,94,"D6",2,0.456057007125891,0.456057007125891
12,94,"D6",3,0.297063269272295,0.651373106060606
12,94,"D6",4,0.226876844454042,0.763732402897919
12,94,"D6",5,0.188014347753065,0.828706641285956
12,94,"D6",6,0.163057449280727,0.867260670419069
12,94,"D6",7,0.145360973151947,0.891470912817279
12,94,"D6",8,0.13196093956189,0.907815465874391
12,94,"D6",9,0.121377672209026,0.9198
12,94,"D6",10,0.112790613978262,0.92925339500682
12,94,"D6",11,0.105700712589074,0.937141033822591
12,94,"D6",12,0.0997624703087886,0.943820224719101
12,94,"D7",1,1,NA
12,94,"D7",2,0.349898458965476,0.349898458965476
12,94,"D7",3,0.213558714609963,0.610344827586207
12,94,"D7",4,0.155807748974635,0.729578042550018
12,94,"D7",5,0.124049297176761,0.796168983847884
12,94,"D7",6,0.104467805519054,0.842147500200626
12,94,"D7",7,0.0918149962170987,0.878883171336002
12,94,"D7",8,0.0835264603989965,0.909725685785536
12,94,"D7",9,0.0780910285509497,0.934925629290618
12,94,"D7",10,0.0745430653446422,0.954566314823313
12,94,"D7",11,0.0722733245729304,0.969551282051282
12,94,"D7",12,0.0709592641261498,0.981818181818182
12,95,"D0",1,1,NA
12,95,"D0",2,0.829046749271857,0.829046749271857
12,95,"D0",3,0.741096007216361,0.893913410633668
12,95,"D0",4,0.687595907737094,0.927809488975363
12,95,"D0",5,0.650843479470621,0.94654937899874
12,95,"D0",6,0.62358754934161,0.95812214305169
12,95,"D0",7,0.602237759936333,0.965762963952988
12,95,"D0",8,0.584719087004717,0.970910703218827
12,95,"D0",9,0.569769372652327,0.974432655467138
12,95,"D0",10,0.556638109385308,0.976953371140517
12,95,"D0",11,0.544898059929901,0.978909008820162
12,95,"D0",12,0.53433381053463,0.980612429788005
12,95,"D1",1,1,NA
12,95,"D1",2,0.704235590140254,0.704235590140254
12,95,"D1",3,0.568673407576534,0.807504499258946
12,95,"D1",4,0.490574219902769,0.862664252217115
12,95,"D1",5,0.439532174642375,0.895954489270734
12,95,"D1",6,0.403473410239171,0.917961035656736
12,95,"D1",7,0.376600189491015,0.933395311645873
12,95,"D1",8,0.355762235372692,0.944668232518719
12,95,"D1",9,0.33907926005312,0.953106390558584
12,95,"D1",10,0.325352965845021,0.959518921310764
12,95,"D1",11,0.313787801127627,0.96445348304308
12,95,"D1",12,0.303844182470528,0.968311009474028
12,95,"D3",1,1,NA
12,95,"D3",2,0.586220773471769,0.586220773471769
12,95,"D3",3,0.462622238319449,0.789160431111416
12,95,"D3",4,0.403562852965243,0.87233777267442
12,95,"D3",5,0.367553355601164,0.910771030833256
12,95,"D3",6,0.342201180846599,0.931024504692388
12,95,"D3",7,0.322856721263096,0.943470506046632
12,95,"D3",8,0.307424846070264,0.952202094066811
12,95,"D3",9,0.294796571290595,0.958922400251335
12,95,"D3",10,0.284317276349149,0.964452453108363
12,95,"D3",11,0.275564409030544,0.969214437367303
12,95,"D3",12,0.268260292164675,0.973493975903615
12,95,"D5",1,1,NA
12,95,"D5",2,0.558119081821113,0.558119081821113
12,95,"D5",3,0.416416991586292,0.746107784431138
12,95,"D5",4,0.346109270714237,0.831160297748116
12,95,"D5",5,0.303245287443933,0.876154767013756
12,95,"D5",6,0.273648634499973,0.902400287261076
12,95,"D5",7,0.251419385730898,0.918767185483336
12,95,"D5",8,0.233699784038384,0.929521736595604
12,95,"D5",9,0.218973351704729,0.936985682745701
12,95,"D5",10,0.206385037084811,0.942512116100356
12,95,"D5",11,0.195420831989681,0.946875
12,95,"D5",12,0.18574653337633,0.95049504950495
12,95,"D6",1,1,NA
12,95,"D6",2,0.467267926339975,0.467267926339975
12,95,"D6",3,0.310339151606598,0.664156759136944
12,95,"D6",4,0.240476435421739,0.774882686173544
12,95,"D6",5,0.202279299978282,0.841160588660303
12,95,"D6",6,0.178339955027997,0.881652027899767
12,95,"D6",7,0.161717133614531,0.906791378236824
12,95,"D6",8,0.149267857755221,0.9230182010956
12,95,"D6",9,0.139398511710847,0.933881639404521
12,95,"D6",10,0.131202633654539,0.941205412054121
12,95,"D6",11,0.124104111655979,0.945896497647674
12,95,"D6",12,0.117691437193512,0.948328267477204
12,95,"D7",1,1,NA
12,95,"D7",2,0.329038228803303,0.329038228803303
12,95,"D7",3,0.186872641845234,0.567935958459541
12,95,"D7",4,0.128255143446999,0.686323809523809
12,95,"D7",5,0.0975415865783916,0.760527679100059
12,95,"D7",6,0.079386549237763,0.813873877004883
12,95,"D7",7,0.0678555326166916,0.854748484072081
12,95,"D7",8,0.0601599392515602,0.886588564434342
12,95,"D7",9,0.0548444507724069,0.911644051751341
12,95,"D7",10,0.0511141168932868,0.931983385254413
12,95,"D7",11,0.0485512920908379,0.949860724233983
12,95,"D7",12,0.0469851213782302,0.967741935483871
12,96,"D0",1,1,NA
12,96,"D0",2,0.829053578078799,0.829053578078799
12,96,"D0",3,0.740906623113819,0.893677613491222
12,96,"D0",4,0.687228037743807,0.927550134260622
12,96,"D0",5,0.650248349942343,0.946190076989773
12,96,"D0",6,0.622679230842698,0.95760216984466
12,96,"D0",7,0.600941052596943,0.965089283263334
12,96,"D0",8,0.582976400399035,0.970105799694871
12,96,"D0",9,0.567540864446249,0.97352288027059
12,96,"D0",10,0.553907865985256,0.975978824935725
12,96,"D0",11,0.541681062139085,0.977926285945727
12,96,"D0",12,0.530674695227284,0.979681093394077
12,96,"D1",1,1,NA
12,96,"D1",2,0.685014354066986,0.685014354066986
12,96,"D1",3,0.540878468899522,0.789587058560572
12,96,"D1",4,0.458476555023923,0.847651702528936
12,96,"D1",5,0.405057416267943,0.883485560666906
12,96,"D1",6,0.367561859193438,0.907431500896897
12,96,"D1",7,0.339742424242424,0.92431359713965
12,96,"D1",8,0.31823668261563,0.936699864096311
12,96,"D1",9,0.301070813397129,0.94605942634453
12,96,"D1",10,0.287014354066986,0.953311783458723
12,96,"D1",11,0.275263157894737,0.959057113326443
12,96,"D1",12,0.265263157894737,0.963671128107075
12,96,"D3",1,1,NA
12,96,"D3",2,0.572930354796321,0.572930354796321
12,96,"D3",3,0.444785569227094,0.776334445371143
12,96,"D3",4,0.384146325276417,0.863666341387718
12,96,"D3",5,0.348070056677153,0.906087169847829
12,96,"D3",6,0.323324288501687,0.928905782899853
12,96,"D3",7,0.304709380267856,0.942426508320504
12,96,"D3",8,0.289841914546251,0.951207718946704
12,96,"D3",9,0.277493728347868,0.95739682365225
12,96,"D3",10,0.266953370764146,0.96201587096589
12,96,"D3",11,0.257774857643452,0.96561754176611
12,96,"D3",12,0.249671484888305,0.96856414613424
12,96,"D5",1,1,NA
12,96,"D5",2,0.566927747953885,0.566927747953885
12,96,"D5",3,0.425785443984863,0.751040049674014
12,96,"D5",4,0.355492974273226,0.834911055075579
12,96,"D5",5,0.312642396863113,0.879461535076138
12,96,"D5",6,0.283212431324726,0.905867003855932
12,96,"D5",7,0.261496866046721,0.923324109833632
12,96,"D5",8,0.244771040511602,0.93603814153501
12,96,"D5",9,0.231558567279768,0.946021093000959
12,96,"D5",10,0.220951039924902,0.954190736799432
12,96,"D5",11,0.212326556953856,0.960966542750929
12,96,"D5",12,0.205227492739593,0.966565349544073
12,96,"D6",1,1,NA
12,96,"D6",2,0.435919055649241,0.435919055649241
12,96,"D6",3,0.28043078338188,0.643309301916652
12,96,"D6",4,0.214461648525729,0.76475786980092
12,96,"D6",5,0.179639991823803,0.837632243614182
12,96,"D6",6,0.158554346159742,0.88262276428546
12,96,"D6",7,0.144456793908733,0.911086939005721
12,96,"D6",8,0.134304256732587,0.929719212911784
12,96,"D6",9,0.126590525831673,0.942565253785861
12,96,"D6",10,0.120496703970566,0.951861943687557
12,96,"D6",11,0.115514333895447,0.958651399491094
12,96,"D6",12,0.111298482293423,0.963503649635037
12,96,"D7",1,1,NA
12,96,"D7",2,0.361783596837945,0.361783596837945
12,96,"D7",3,0.224481225296443,0.6204848071014
12,96,"D7",4,0.16600790513834,0.739517992736877
12,96,"D7",5,0.132719861660079,0.799479166666667
12,96,"D7",6,0.110963085827216,0.836069932859137
12,96,"D7",7,0.0955307147562582,0.860923378654157
12,96,"D7",8,0.0839591567852437,0.878870811334985
12,96,"D7",9,0.0749258893280632,0.892408787759906
12,96,"D7",10,0.0676877470355731,0.903395977579954
12,96,"D7",11,0.061820652173913,0.913321167883212
12,96,"D7",12,0.0570652173913043,0.923076923076923
12,97,"D0",1,1,NA
12,97,"D0",2,0.831851281959528,0.831851281959528
12,97,"D0",3,0.744629725716126,0.895147656636483
12,97,"D0",4,0.691154807273682,0.928185893477437
12,97,"D0",5,0.654291388595659,0.946664020433522
12,97,"D0",6,0.62691603810478,0.958160307520421
12,97,"D0",7,0.605483590083078,0.96581288925628
12,97,"D0",8,0.58797301891181,0.971080023541405
12,97,"D0",9,0.573153996171119,0.974796423876528
12,97,"D0",10,0.560260149219016,0.977503695275199
12,97,"D0",11,0.548809289509939,0.979561530969071
12,97,"D0",12,0.538476677819327,0.981172673480366
12,97,"D1",1,1,NA
12,97,"D1",2,0.685103907778542,0.685103907778542
12,97,"D1",3,0.54043005273506,0.788829324426731
12,97,"D1",4,0.457123078919917,0.845850589926419
12,97,"D1",5,0.402940087779599,0.881469578678153
12,97,"D1",6,0.364983755074179,0.905801547533831
12,97,"D1",7,0.336998027442742,0.923323360992467
12,97,"D1",8,0.315569421676978,0.936413260551192
12,97,"D1",9,0.298683306012374,0.946490012958577
12,97,"D1",10,0.285076987419539,0.954445667638784
12,97,"D1",11,0.273914652847549,0.96084449091093
12,97,"D1",12,0.264607900163926,0.966023166023166
12,97,"D3",1,1,NA
12,97,"D3",2,0.580780632411067,0.580780632411067
12,97,"D3",3,0.454557806324111,0.782666950233943
12,97,"D3",4,0.395092226613966,0.869179279548563
12,97,"D3",5,0.360002882081686,0.91118695289704
12,97,"D3",6,0.336036020139281,0.933425916470949
12,97,"D3",7,0.318037714097497,0.946439354821771
12,97,"D3",8,0.303645147123408,0.954745722484735
12,97,"D3",9,0.29161314229249,0.960374783048886
12,97,"D3",10,0.28120882740448,0.964321515806119
12,97,"D3",11,0.271965579710145,0.967130307467057
12,97,"D3",12,0.263586956521739,0.969192339716903
12,97,"D5",1,1,NA
12,97,"D5",2,0.544120449780827,0.544120449780827
12,97,"D5",3,0.400686106346484,0.736392294220665
12,97,"D5",4,0.328814348940135,0.820628276678505
12,97,"D5",5,0.283691209791839,0.862770164094902
12,97,"D5",6,0.25152241189977,0.886606293104138
12,97,"D5",7,0.226775088410309,0.901609867277659
12,97,"D5",8,0.206839887343032,0.9120926323653
12,97,"D5",9,0.190356394129979,0.920307956918793
12,97,"D5",10,0.176545327488724,0.92744626885596
12,97,"D5",11,0.16491963661775,0.934148974451242
12,97,"D5",12,0.155136268343816,0.940677966101695
12,97,"D6",1,1,NA
12,97,"D6",2,0.435165743003683,0.435165743003683
12,97,"D6",3,0.276610099480224,0.635643094447081
12,97,"D6",4,0.209571672805296,0.757642881438894
12,97,"D6",5,0.174256766835336,0.831490079278174
12,97,"D6",6,0.15238718116416,0.874497925857641
12,97,"D6",7,0.137115188232189,0.899781642948573
12,97,"D6",8,0.125508014640919,0.915347280334728
12,97,"D6",9,0.116154349247874,0.925473561032692
12,97,"D6",10,0.108292313517607,0.932313892840209
12,97,"D6",11,0.101476713366149,0.937062937062937
12,97,"D6",12,0.0954184021204089,0.940298507462687
12,97,"D7",1,1,NA
12,97,"D7",2,0.324657534246575,0.324657534246575
12,97,"D7",3,0.192963885429639,0.594361334867664
12,97,"D7",4,0.141751764217518,0.73460255996558
12,97,"D7",5,0.114113740141137,0.805025184491039
12,97,"D7",6,0.0964330190357588,0.845060541495609
12,97,"D7",7,0.083862598588626,0.869646096608554
12,97,"D7",8,0.0742216687422167,0.885038980324217
12,97,"D7",9,0.0663885429638854,0.894463087248322
12,97,"D7",10,0.0597758405977584,0.900393922341024
12,97,"D7",11,0.0541095890410959,0.905208333333333
12,97,"D7",12,0.0493150684931507,0.911392405063291
12,98,"D0",1,1,NA
12,98,"D0",2,0.82919946264189,0.82919946264189
12,98,"D0",3,0.741770576938682,0.894562298165686
12,98,"D0",4,0.688550485515674,0.928252625437573
12,98,"D0",5,0.651950177165887,0.946844408478811
12,98,"D0",6,0.624789571234082,0.958339445431435
12,98,"D0",7,0.603548126309209,0.966002241550037
12,98,"D0",8,0.586242069610115,0.971326136318368
12,98,"D0",9,0.571672391874713,0.975147335050363
12,98,"D0",10,0.559077835781198,0.977968927181855
12,98,"D0",11,0.547951998413171,0.980099662952152
12,98,"D0",12,0.537935138351681,0.981719457013575
12,98,"D1",1,1,NA
12,98,"D1",2,0.681184089341942,0.681184089341942
12,98,"D1",3,0.535799945029245,0.786571432616482
12,98,"D1",4,0.45332677541875,0.846074695647844
12,98,"D1",5,0.400363096300082,0.88316666477566
12,98,"D1",6,0.363530968580563,0.908003189954568
12,98,"D1",7,0.336412177790208,0.925401704024715
12,98,"D1",8,0.315560420413759,0.938017233759439
12,98,"D1",9,0.298965681854347,0.947411850517711
12,98,"D1",10,0.285375368279946,0.954542228759814
12,98,"D1",11,0.273961703707633,0.960004731168261
12,98,"D1",12,0.264148941812974,0.964181994191675
12,98,"D3",1,1,NA
12,98,"D3",2,0.594610224381217,0.594610224381217
12,98,"D3",3,0.46734906315059,0.785975491149582
12,98,"D3",4,0.40629706736577,0.869365318990384
12,98,"D3",5,0.370335029686175,0.911488315894685
12,98,"D3",6,0.34623222409482,0.934916214618476
12,98,"D3",7,0.328658724651091,0.949243605243064
12,98,"D3",8,0.315074408204179,0.958667409601455
12,98,"D3",9,0.304082812861439,0.965114287112721
12,98,"D3",10,0.294856966612692,0.96966008646812
12,98,"D3",11,0.286895674300254,0.972999476987448
12,98,"D3",12,0.279898218829517,0.975609756097561
12,98,"D5",1,1,NA
12,98,"D5",2,0.5622818271325,0.5622818271325
12,98,"D5",3,0.41624250380404,0.740273798153454
12,98,"D5",4,0.341733050889598,0.820995087638817
12,98,"D5",5,0.295332716730813,0.864220525237474
12,98,"D5",6,0.262838900515304,0.889975561884237
12,98,"D5",7,0.238401408240594,0.907024826892827
12,98,"D5",8,0.219160426052451,0.919291658844878
12,98,"D5",9,0.203502700122326,0.928555870180788
12,98,"D5",10,0.190410836292031,0.935667370396434
12,98,"D5",11,0.179192648506728,0.941084299592604
12,98,"D5",12,0.169346898588776,0.945054945054945
12,98,"D6",1,1,NA
12,98,"D6",2,0.441654523035534,0.441654523035534
12,98,"D6",3,0.285640623248515,0.646751269035533
12,98,"D6",4,0.219477138835955,0.768368085533143
12,98,"D6",5,0.184240680541544,0.839452717119898
12,98,"D6",6,0.162388372006128,0.881392597600135
12,98,"D6",7,0.147236856854613,0.906695812241141
12,98,"D6",8,0.1358592086089,0.922725542443852
12,98,"D6",9,0.126846766057617,0.933663366336634
12,98,"D6",10,0.119493330344132,0.942028985507246
12,98,"D6",11,0.1134401972873,0.949343339587242
12,98,"D6",12,0.108508014796547,0.956521739130435
12,98,"D7",1,1,NA
12,98,"D7",2,0.343301435406699,0.343301435406699
12,98,"D7",3,0.2061004784689,0.600348432055749
12,98,"D7",4,0.151922736133262,0.737129468412115
12,98,"D7",5,0.122496898812688,0.806310509739881
12,98,"D7",6,0.103924584187742,0.848385430121416
12,98,"D7",7,0.0911970583023215,0.87753113486191
12,98,"D7",8,0.0819776714513557,0.898906971095458
12,98,"D7",9,0.075,0.91488326848249
12,98,"D7",10,0.0695108984582669,0.926811979443558
12,98,"D7",11,0.0650584795321637,0.935946462715105
12,98,"D7",12,0.0614035087719298,0.943820224719101
12,99,"D0",1,1,NA
12,99,"D0",2,0.834405195060933,0.834405195060933
12,99,"D0",3,0.747930344651656,0.896363480331685
12,99,"D0",4,0.694513887956511,0.928580974047759
12,99,"D0",5,0.657367501629797,0.946514552162504
12,99,"D0",6,0.629280973543269,0.957274236987843
12,99,"D0",7,0.606766229717049,0.964221476935102
12,99,"D0",8,0.588009768337637,0.969087829116398
12,99,"D0",9,0.571995542487346,0.972765374467221
12,99,"D0",10,0.558111017127411,0.975726165103389
12,99,"D0",11,0.545955791857431,0.978220775263419
12,99,"D0",12,0.535223748338502,0.98034265103697
12,99,"D1",1,1,NA
12,99,"D1",2,0.684296304084959,0.684296304084959
12,99,"D1",3,0.539105581868843,0.787824775101972
12,99,"D1",4,0.455590870059089,0.845086538484271
12,99,"D1",5,0.401307645616567,0.880850938835799
12,99,"D1",6,0.363262204385174,0.905196320959844
12,99,"D1",7,0.335208453814205,0.922772723855349
12,99,"D1",8,0.313777595098241,0.936067069693168
12,99,"D1",9,0.296987540087272,0.946490586730031
12,99,"D1",10,0.283581304873561,0.954859267126925
12,99,"D1",11,0.272698596288313,0.961624026696329
12,99,"D1",12,0.263708532674413,0.967032967032967
12,99,"D3",1,1,NA
12,99,"D3",2,0.589954664757814,0.589954664757814
12,99,"D3",3,0.465640658554044,0.789282103134479
12,99,"D3",4,0.405079668071794,0.869940501608449
12,99,"D3",5,0.368335586839524,0.909291716843814
12,99,"D3",6,0.343167331356308,0.93167031266468
12,99,"D3",7,0.324521461332485,0.945665369864526
12,99,"D3",8,0.30992868315703,0.955032933367373
12,99,"D3",9,0.298079217370556,0.961767121178423
12,99,"D3",10,0.288236697685517,0.966980188112868
12,99,"D3",11,0.279965004374453,0.971302428256071
12,99,"D3",12,0.272965879265092,0.975
12,99,"D5",1,1,NA
12,99,"D5",2,0.567406045282151,0.567406045282151
12,99,"D5",3,0.424709803470865,0.748511241644723
12,99,"D5",4,0.352848331609394,0.830798650574588
12,99,"D5",5,0.3081781787534,0.87340126378876
12,99,"D5",6,0.276569195658955,0.897432766906778
12,99,"D5",7,0.252308163812589,0.912278618779064
12,99,"D5",8,0.232708884036318,0.922320072881871
12,99,"D5",9,0.216302723824848,0.929499209798499
12,99,"D5",10,0.20216067118722,0.934619165271911
12,99,"D5",11,0.189633375474083,0.938032973280273
12,99,"D5",12,0.178255372945638,0.94
12,99,"D6",1,1,NA
12,99,"D6",2,0.454090734198468,0.454090734198468
12,99,"D6",3,0.295204449263703,0.65010013865352
12,99,"D6",4,0.225737171639442,0.764680790558794
12,99,"D6",5,0.18761878111628,0.831138176108425
12,99,"D6",6,0.163604383304268,0.872004296855927
12,99,"D6",7,0.147026245525668,0.898669354428189
12,99,"D6",8,0.134746464257815,0.916478984932593
12,99,"D6",9,0.125167022281297,0.928907656098574
12,99,"D6",10,0.117457763475463,0.938408227140622
12,99,"D6",11,0.111196614082339,0.946694460988684
12,99,"D6",12,0.106194690265487,0.955017301038062
12,99,"D7",1,1,NA
12,99,"D7",2,0.363265558370929,0.363265558370929
12,99,"D7",3,0.224670910326927,0.618475671997278
12,99,"D7",4,0.166631646169376,0.741669875850434
12,99,"D7",5,0.133943101992048,0.803827514588072
12,99,"D7",6,0.112601198937025,0.840664410950477
12,99,"D7",7,0.0973981830541994,0.864983534577387
12,99,"D7",8,0.0858455390066539,0.881387478849408
12,99,"D7",9,0.0766083678388233,0.892397773085045
12,99,"D7",10,0.0689697793708671,0.900290416263311
12,99,"D7",11,0.0625424881033311,0.906810035842294
12,99,"D7",12,0.0571040108769545,0.91304347826087
12,100,"D0",1,1,NA
12,100,"D0",2,0.829951599638683,0.829951599638683
12,100,"D0",3,0.741938441211762,0.893953866146848
12,100,"D0",4,0.68788373127688,0.927143942229765
12,100,"D0",5,0.650551188887241,0.945728412096125
12,100,"D0",6,0.622779563607088,0.957310622508191
12,100,"D0",7,0.601006356011547,0.965038660759141
12,100,"D0",8,0.583211920480199,0.970392267314048
12,100,"D0",9,0.56817709948364,0.974220655530875
12,100,"D0",10,0.555143605714568,0.977060860458973
12,100,"D0",11,0.543625488160562,0.979252003561888
12,100,"D0",12,0.533293786148599,0.98099481676821
12,100,"D1",1,1,NA
12,100,"D1",2,0.686513820767271,0.686513820767271
12,100,"D1",3,0.542520246378465,0.7902539322109
12,100,"D1",4,0.459868446066689,0.847652136738659
12,100,"D1",5,0.406025436295198,0.882916494419181
12,100,"D1",6,0.368034621171384,0.906432425834048
12,100,"D1",7,0.339705080922145,0.923024795441604
12,100,"D1",8,0.317715422734243,0.935268385953458
12,100,"D1",9,0.300122618911828,0.944627164551812
12,100,"D1",10,0.285711569902285,0.951982796025857
12,100,"D1",11,0.273682559598494,0.957898063743429
12,100,"D1",12,0.263488080301129,0.962750716332378
12,100,"D3",1,1,NA
12,100,"D3",2,0.583050583050583,0.583050583050583
12,100,"D3",3,0.457458757458757,0.784595317725753
12,100,"D3",4,0.397353197353197,0.868609882037335
12,100,"D3",5,0.360600860600861,0.907507132200906
12,100,"D3",6,0.334937906366478,0.92883279814801
12,100,"D3",7,0.315624065624066,0.942336055802297
12,100,"D3",8,0.3003627003627,0.951647016423827
12,100,"D3",9,0.287855387855388,0.958359301963228
12,100,"D3",10,0.277290277290277,0.963297158883063
12,100,"D3",11,0.268125268125268,0.966947960618847
12,100,"D3",12,0.25997425997426,0.9696
12,100,"D5",1,1,NA
12,100,"D5",2,0.540008783487044,0.540008783487044
12,100,"D5",3,0.391374615722442,0.724756018217306
12,100,"D5",4,0.31836041575172,0.81344165656747
12,100,"D5",5,0.274098472649197,0.860969074946047
12,100,"D5",6,0.243557730514252,0.888577481516899
12,100,"D5",7,0.220758307714829,0.906390067146365
12,100,"D5",8,0.202918069584736,0.919186560565871
12,100,"D5",9,0.188546332894159,0.929174682570219
12,100,"D5",10,0.176723759332455,0.93729618932265
12,100,"D5",11,0.16682769726248,0.944002650762094
12,100,"D5",12,0.158454106280193,0.94980694980695
12,100,"D6",1,1,NA
12,100,"D6",2,0.443449959316517,0.443449959316517
12,100,"D6",3,0.29185590650196,0.65814845704754
12,100,"D6",4,0.226742609167345,0.776899161935658
12,100,"D6",5,0.190404862292576,0.839740104393214
12,100,"D6",6,0.166501114833092,0.874458313870402
12,100,"D6",7,0.149061814236753,0.895260157183808
12,100,"D6",8,0.135434080430012,0.908576627243404
12,100,"D6",9,0.124202973592721,0.917073259539761
12,100,"D6",10,0.11450551076263,0.921922458459889
12,100,"D6",11,0.105777054515867,0.923772609819121
12,100,"D6",12,0.097640358014646,0.923076923076923
12,100,"D7",1,1,NA
12,100,"D7",2,0.403070001323276,0.403070001323276
12,100,"D7",3,0.274593092497023,0.681254103742613
12,100,"D7",4,0.219434519871201,0.799126146531091
12,100,"D7",5,0.188026553747078,0.856868617833883
12,100,"D7",6,0.167564604245827,0.891175213854236
12,100,"D7",7,0.153070001323276,0.913498420577617
12,100,"D7",8,0.142084601473248,0.92823283625099
12,100,"D7",9,0.133267169511711,0.937942381721098
12,100,"D7",10,0.125843588725685,0.944295501936253
12,100,"D7",11,0.119359534206696,0.948475289169295
12,100,"D7",12,0.11353711790393,0.951219512195122
