"Common_n","Iteration","Group","Order","Zeta","Ratio"
8,1,"D0",1,1,NA
8,1,"D0",2,0.834308401693153,0.834308401693153
8,1,"D0",3,0.747192958500951,0.895583643871488
8,1,"D0",4,0.692159189975527,0.926345975428041
8,1,"D0",5,0.653103238207275,0.943573743823826
8,1,"D0",6,0.623651622254666,0.954905114184625
8,1,"D0",7,0.60054407764135,0.962947992454864
8,1,"D0",8,0.582310124255569,0.969637610186092
8,1,"D1",1,1,NA
8,1,"D1",2,0.672396488273093,0.672396488273093
8,1,"D1",3,0.521936756613329,0.776233614714158
8,1,"D1",4,0.43603557873121,0.835418416515627
8,1,"D1",5,0.380660121595275,0.873002434120013
8,1,"D1",6,0.34215110577866,0.898836222572433
8,1,"D1",7,0.313817330210773,0.917189291253625
8,1,"D1",8,0.292013243963498,0.930519814719506
8,1,"D3",1,1,NA
8,1,"D3",2,0.580572152815499,0.580572152815499
8,1,"D3",3,0.451566177801919,0.777795103695618
8,1,"D3",4,0.391345283360492,0.86663993584603
8,1,"D3",5,0.35605649103748,0.909826964004812
8,1,"D3",6,0.332246967227956,0.933129926264938
8,1,"D3",7,0.314955640050697,0.947956403269755
8,1,"D3",8,0.301647655259823,0.957746478873239
8,1,"D5",1,1,NA
8,1,"D5",2,0.54619024758247,0.54619024758247
8,1,"D5",3,0.404156093546396,0.739954796584631
8,1,"D5",4,0.333749399903985,0.825793314101476
8,1,"D5",5,0.290103559426651,0.869225710997863
8,1,"D5",6,0.259790137850628,0.895508274231679
8,1,"D5",7,0.237157945271243,0.912882787750792
8,1,"D5",8,0.218915026404225,0.923076923076923
8,1,"D6",1,1,NA
8,1,"D6",2,0.449670586273038,0.449670586273038
8,1,"D6",3,0.287382203319156,0.639094955489614
8,1,"D6",4,0.218163622717038,0.759141033081834
8,1,"D6",5,0.181386039529647,0.831422018348624
8,1,"D6",6,0.15845217246268,0.873563218390805
8,1,"D6",7,0.142440163455925,0.898947368421053
8,1,"D6",8,0.130764740221833,0.918032786885246
8,1,"D7",1,1,NA
8,1,"D7",2,0.375114030286444,0.375114030286444
8,1,"D7",3,0.219120598430943,0.584143968871595
8,1,"D7",4,0.15165115854771,0.692089925062448
8,1,"D7",5,0.11749680715198,0.774783445620789
8,1,"D7",6,0.0988870644043058,0.841614906832298
8,1,"D7",7,0.0881226053639847,0.891143911439115
8,1,"D7",8,0.0817369093231162,0.927536231884058
8,2,"D0",1,1,NA
8,2,"D0",2,0.825893522362007,0.825893522362007
8,2,"D0",3,0.7365838601869,0.89186298262797
8,2,"D0",4,0.68184004938587,0.92567878043494
8,2,"D0",5,0.643942780509611,0.944419121595464
8,2,"D0",6,0.616024863230943,0.956645344705046
8,2,"D0",7,0.594620771867084,0.965254500846608
8,2,"D0",8,0.578155267471316,0.972309234431776
8,2,"D1",1,1,NA
8,2,"D1",2,0.70267884725716,0.70267884725716
8,2,"D1",3,0.566231960810274,0.805818992588871
8,2,"D1",4,0.487806169733881,0.861495294323961
8,2,"D1",5,0.436669755946864,0.895170629320016
8,2,"D1",6,0.400701707930624,0.917631007125171
8,2,"D1",7,0.373880135928329,0.933063494685831
8,2,"D1",8,0.352795798578931,0.94360669283206
8,2,"D3",1,1,NA
8,2,"D3",2,0.591306737507443,0.591306737507443
8,2,"D3",3,0.464388769294188,0.785360185902401
8,2,"D3",4,0.403206155819173,0.868251306834994
8,2,"D3",5,0.365913983419594,0.907510905125409
8,2,"D3",6,0.339852516832318,0.928777068469145
8,2,"D3",7,0.320294966335364,0.942452830188679
8,2,"D3",8,0.305226033985252,0.952952952952953
8,2,"D5",1,1,NA
8,2,"D5",2,0.560190188026799,0.560190188026799
8,2,"D5",3,0.414955694834666,0.740740740740741
8,2,"D5",4,0.342511346444781,0.825416666666667
8,2,"D5",5,0.29803328290469,0.870141342756184
8,2,"D5",6,0.266839564872848,0.895334783659657
8,2,"D5",7,0.24256177508825,0.909017278617711
8,2,"D5",8,0.221886031265759,0.914760914760915
8,2,"D6",1,1,NA
8,2,"D6",2,0.441828571428571,0.441828571428571
8,2,"D6",3,0.282628571428571,0.639679255043973
8,2,"D6",4,0.206171428571429,0.729478366356652
8,2,"D6",5,0.159771428571429,0.774944567627494
8,2,"D6",6,0.127542857142857,0.798283261802575
8,2,"D6",7,0.1032,0.809139784946237
8,2,"D6",8,0.0832,0.806201550387597
8,2,"D7",1,1,NA
8,2,"D7",2,0.322680946622906,0.322680946622906
8,2,"D7",3,0.175850751425117,0.544967880085653
8,2,"D7",4,0.122577301779236,0.69705304518664
8,2,"D7",5,0.0956987389877354,0.780721533258174
8,2,"D7",6,0.0808429780618414,0.844765342960289
8,2,"D7",7,0.0725513905683192,0.897435897435897
8,2,"D7",8,0.0677146311970979,0.933333333333333
8,3,"D0",1,1,NA
8,3,"D0",2,0.826337968815845,0.826337968815845
8,3,"D0",3,0.737515802781289,0.892511091845581
8,3,"D0",4,0.68456805731142,0.928207985143918
8,3,"D0",5,0.648767383059419,0.947703265044814
8,3,"D0",6,0.622650653181627,0.959744076906838
8,3,"D0",7,0.602507374631268,0.96764914892897
8,3,"D0",8,0.585840707964602,0.97233782129743
8,3,"D1",1,1,NA
8,3,"D1",2,0.706028139358914,0.706028139358914
8,3,"D1",3,0.571735626007523,0.809791556646267
8,3,"D1",4,0.495077257125311,0.865919901795305
8,3,"D1",5,0.445294936889318,0.89944535015594
8,3,"D1",6,0.410181052539232,0.921144658424863
8,3,"D1",7,0.383971750978736,0.936103090578548
8,3,"D1",8,0.363552621478468,0.946821271491403
8,3,"D3",1,1,NA
8,3,"D3",2,0.580570658711447,0.580570658711447
8,3,"D3",3,0.45643073665977,0.786176031824963
8,3,"D3",4,0.39867199153154,0.873455618806662
8,3,"D3",5,0.365057980079873,0.915685043931641
8,3,"D3",6,0.342683924361257,0.938710952945828
8,3,"D3",7,0.326035702256652,0.951418140971637
8,3,"D3",8,0.312563152576625,0.958677685950413
8,3,"D5",1,1,NA
8,3,"D5",2,0.546187874056727,0.546187874056727
8,3,"D5",3,0.38927920895134,0.712720343020486
8,3,"D5",4,0.310902940411137,0.798663101604278
8,3,"D5",5,0.263856362217018,0.8486776029461
8,3,"D5",6,0.231850117096019,0.878698224852071
8,3,"D5",7,0.208105646630237,0.897586980920314
8,3,"D5",8,0.189435336976321,0.910284463894967
8,3,"D6",1,1,NA
8,3,"D6",2,0.442300556586271,0.442300556586271
8,3,"D6",3,0.290445269016698,0.656669463087248
8,3,"D6",4,0.223005565862709,0.767805812839348
8,3,"D6",5,0.18543599257885,0.83153078202995
8,3,"D6",6,0.161966604823748,0.87343671835918
8,3,"D6",7,0.146103896103896,0.902061855670103
8,3,"D6",8,0.135064935064935,0.924444444444444
8,3,"D7",1,1,NA
8,3,"D7",2,0.34160125588697,0.34160125588697
8,3,"D7",3,0.205808477237049,0.602481617647059
8,3,"D7",4,0.15032967032967,0.730434782608696
8,3,"D7",5,0.120565149136578,0.802005012531328
8,3,"D7",6,0.102040816326531,0.846354166666667
8,3,"D7",7,0.089010989010989,0.872307692307692
8,3,"D7",8,0.0791208791208791,0.888888888888889
8,4,"D0",1,1,NA
8,4,"D0",2,0.826727018909429,0.826727018909429
8,4,"D0",3,0.737055289986886,0.891534053113647
8,4,"D0",4,0.682287744828461,0.925694115621368
8,4,"D0",5,0.644623292017429,0.944796820554791
8,4,"D0",6,0.616883116883117,0.956966843305498
8,4,"D0",7,0.595498963577139,0.965335162009258
8,4,"D0",8,0.578027835356826,0.970661362506216
8,4,"D1",1,1,NA
8,4,"D1",2,0.705868094577026,0.705868094577026
8,4,"D1",3,0.571009894008506,0.808947023382137
8,4,"D1",4,0.493069786915229,0.863504804538263
8,4,"D1",5,0.442024195147749,0.896473900607794
8,4,"D1",6,0.40589674092682,0.918268152247065
8,4,"D1",7,0.378914082986272,0.933523344191097
8,4,"D1",8,0.357859015887706,0.94443313657643
8,4,"D3",1,1,NA
8,4,"D3",2,0.595790357959584,0.595790357959584
8,4,"D3",3,0.47132123022355,0.791085696381012
8,4,"D3",4,0.411331497643161,0.872720071294188
8,4,"D3",5,0.375040836327997,0.911772714895162
8,4,"D3",6,0.349838988192467,0.932802389248382
8,4,"D3",7,0.33093760209082,0.945971184631804
8,4,"D3",8,0.316236524011761,0.955577492596249
8,4,"D5",1,1,NA
8,4,"D5",2,0.559643713600548,0.559643713600548
8,4,"D5",3,0.415416238437821,0.742286973555338
8,4,"D5",4,0.344391915039397,0.829028533729177
8,4,"D5",5,0.301404590613224,0.875179054591756
8,4,"D5",6,0.272285029119561,0.903387133439418
8,4,"D5",7,0.25083932853717,0.921238047307499
8,4,"D5",8,0.234052757793765,0.933078393881453
8,4,"D6",1,1,NA
8,4,"D6",2,0.452830188679245,0.452830188679245
8,4,"D6",3,0.289018346230763,0.638248847926267
8,4,"D6",4,0.215355186505521,0.745126353790614
8,4,"D6",5,0.174680462568472,0.811127260981912
8,4,"D6",6,0.150073906616816,0.859133897461424
8,4,"D6",7,0.133901399878271,0.892236384704519
8,4,"D6",8,0.121728545343883,0.909090909090909
8,4,"D7",1,1,NA
8,4,"D7",2,0.343950786056049,0.343950786056049
8,4,"D7",3,0.197539302802461,0.574324324324324
8,4,"D7",4,0.133971291866029,0.678200692041522
8,4,"D7",5,0.0974709501025291,0.727551020408163
8,4,"D7",6,0.0738209159261791,0.757363253856942
8,4,"D7",7,0.0574162679425837,0.777777777777778
8,4,"D7",8,0.045933014354067,0.8
8,5,"D0",1,1,NA
8,5,"D0",2,0.836613118439992,0.836613118439992
8,5,"D0",3,0.750302062429738,0.896832772391621
8,5,"D0",4,0.696506582334338,0.928301569742204
8,5,"D0",5,0.658958383677072,0.94609067651389
8,5,"D0",6,0.629991909980143,0.956042028731325
8,5,"D0",7,0.606016032948445,0.961942563623628
8,5,"D0",8,0.585423255129808,0.966019417475728
8,5,"D1",1,1,NA
8,5,"D1",2,0.673818190039111,0.673818190039111
8,5,"D1",3,0.521465873895056,0.77389699714813
8,5,"D1",4,0.433965591300613,0.832203242868291
8,5,"D1",5,0.377727036375557,0.87040780178791
8,5,"D1",6,0.33872900323288,0.896756045008379
8,5,"D1",7,0.31009653426175,0.91547086698258
8,5,"D1",8,0.288020256369679,0.928808369482011
8,5,"D3",1,1,NA
8,5,"D3",2,0.586189465170357,0.586189465170357
8,5,"D3",3,0.467091295116773,0.796826491893757
8,5,"D3",4,0.412860175917501,0.883896103896104
8,5,"D3",5,0.381407340006066,0.923817220099912
8,5,"D3",6,0.360024264482863,0.943936381709741
8,5,"D3",7,0.343949044585987,0.955349620893008
8,5,"D3",8,0.331210191082803,0.962962962962963
8,5,"D5",1,1,NA
8,5,"D5",2,0.566273932253314,0.566273932253314
8,5,"D5",3,0.416715758468336,0.735890767230169
8,5,"D5",4,0.339970544918999,0.815833186075278
8,5,"D5",5,0.291089837997055,0.85622075896725
8,5,"D5",6,0.255817378497791,0.878826207943334
8,5,"D5",7,0.228350515463918,0.892630972941854
8,5,"D5",8,0.206185567010309,0.90293453724605
8,5,"D6",1,1,NA
8,5,"D6",2,0.426911434430231,0.426911434430231
8,5,"D6",3,0.262083780880773,0.613906678865508
8,5,"D6",4,0.187247339127038,0.714456035767511
8,5,"D6",5,0.14500537056928,0.774405506883605
8,5,"D6",6,0.117566643882433,0.810774410774411
8,5,"D6",7,0.0977443609022556,0.831395348837209
8,5,"D6",8,0.0820232399179768,0.839160839160839
8,5,"D7",1,1,NA
8,5,"D7",2,0.297959183673469,0.297959183673469
8,5,"D7",3,0.164723032069971,0.552837573385519
8,5,"D7",4,0.110787172011662,0.672566371681416
8,5,"D7",5,0.0798833819241982,0.721052631578947
8,5,"D7",6,0.0577259475218659,0.722627737226277
8,5,"D7",7,0.0397959183673469,0.689393939393939
8,5,"D7",8,0.0244897959183673,0.615384615384615
8,6,"D0",1,1,NA
8,6,"D0",2,0.827956421121596,0.827956421121596
8,6,"D0",3,0.739350966364799,0.892982948744129
8,6,"D0",4,0.685621294897129,0.927328597767519
8,6,"D0",5,0.648780023881733,0.946265859462659
8,6,"D0",6,0.621643612693247,0.958173170890612
8,6,"D0",7,0.600636141726459,0.966206568300809
8,6,"D0",8,0.583475109105703,0.971428571428571
8,6,"D1",1,1,NA
8,6,"D1",2,0.6795722337518,0.6795722337518
8,6,"D1",3,0.532065457762052,0.782941726186503
8,6,"D1",4,0.446573447192642,0.839320502163395
8,6,"D1",5,0.390228966080359,0.87382930743758
8,6,"D1",6,0.349743136120845,0.896251089799477
8,6,"D1",7,0.318964832896721,0.911997405966278
8,6,"D1",8,0.294673334921013,0.923842707814833
8,6,"D3",1,1,NA
8,6,"D3",2,0.588645881805491,0.588645881805491
8,6,"D3",3,0.462633783154956,0.785928853754941
8,6,"D3",4,0.402345276872964,0.869684168175417
8,6,"D3",5,0.366030711959051,0.909742783123612
8,6,"D3",6,0.340902745463006,0.931350114416476
8,6,"D3",7,0.32214983713355,0.944990444990445
8,6,"D3",8,0.307491856677524,0.954499494438827
8,6,"D5",1,1,NA
8,6,"D5",2,0.535782573067468,0.535782573067468
8,6,"D5",3,0.383638350177547,0.716033647718583
8,6,"D5",4,0.30598197213876,0.797579209683161
8,6,"D5",5,0.25717017208413,0.840474915193715
8,6,"D5",6,0.22288992078667,0.866702071163038
8,6,"D5",7,0.196940726577438,0.883578431372549
8,6,"D5",8,0.175908221797323,0.893203883495146
8,6,"D6",1,1,NA
8,6,"D6",2,0.461878453038674,0.461878453038674
8,6,"D6",3,0.305051302288871,0.660457963089542
8,6,"D6",4,0.238421468034728,0.781578266494178
8,6,"D6",5,0.202683504340963,0.85010593220339
8,6,"D6",6,0.179636937647987,0.886292834890966
8,6,"D6",7,0.162983425414365,0.907293497363796
8,6,"D6",8,0.150276243093923,0.922033898305085
8,6,"D7",1,1,NA
8,6,"D7",2,0.307473982970672,0.307473982970672
8,6,"D7",3,0.183380637023021,0.596410256410256
8,6,"D7",4,0.130432040365815,0.711263972484953
8,6,"D7",5,0.0998107852412488,0.765232108317215
8,6,"D7",6,0.0791548407442447,0.79304897314376
8,6,"D7",7,0.0640176600441501,0.808764940239044
8,6,"D7",8,0.0529801324503311,0.827586206896552
8,7,"D0",1,1,NA
8,7,"D0",2,0.851894830380011,0.851894830380011
8,7,"D0",3,0.77112539856777,0.905188494011388
8,7,"D0",4,0.716474831425435,0.92912881971747
8,7,"D0",5,0.676002299932047,0.94351157958631
8,7,"D0",6,0.644691861376823,0.953682940785302
8,7,"D0",7,0.619831686791072,0.96143867159629
8,7,"D0",8,0.599487742407611,0.967178276269186
8,7,"D1",1,1,NA
8,7,"D1",2,0.675003678093276,0.675003678093276
8,7,"D1",3,0.52634080646439,0.779759908792167
8,7,"D1",4,0.441814827808649,0.83940827384536
8,7,"D1",5,0.387354149455076,0.87673415438841
8,7,"D1",6,0.349317006371589,0.901802670406404
8,7,"D1",7,0.321239008159708,0.91962029417482
8,7,"D1",8,0.299770260635348,0.933168927250308
8,7,"D3",1,1,NA
8,7,"D3",2,0.589000387613592,0.589000387613592
8,7,"D3",3,0.459881993195228,0.780783854928342
8,7,"D3",4,0.398328954735346,0.866154710619966
8,7,"D3",5,0.361988027046815,0.908766542686619
8,7,"D3",6,0.337568370730867,0.932540154669839
8,7,"D3",7,0.319867350015074,0.947563153865782
8,7,"D3",8,0.306300874283992,0.957587181903864
8,7,"D5",1,1,NA
8,7,"D5",2,0.545668582508137,0.545668582508137
8,7,"D5",3,0.395540475036355,0.724873096446701
8,7,"D5",4,0.3214735821619,0.812745098039216
8,7,"D5",5,0.274911709715394,0.855161123556781
8,7,"D5",6,0.240426563257392,0.87455919395466
8,7,"D5",7,0.211827435773146,0.881048387096774
8,7,"D5",8,0.186136694134755,0.878718535469108
8,7,"D6",1,1,NA
8,7,"D6",2,0.461161769672408,0.461161769672408
8,7,"D6",3,0.308257345491388,0.668436470157452
8,7,"D6",4,0.243161094224924,0.788824979457683
8,7,"D6",5,0.210064167510976,0.863888888888889
8,7,"D6",6,0.190138466734211,0.905144694533762
8,7,"D6",7,0.17612293144208,0.926287744227353
8,7,"D6",8,0.16548463356974,0.939597315436241
8,7,"D7",1,1,NA
8,7,"D7",2,0.378896882494005,0.378896882494005
8,7,"D7",3,0.242034943473792,0.63878842676311
8,7,"D7",4,0.181431997259335,0.749610757254069
8,7,"D7",5,0.144570058239123,0.796827794561934
8,7,"D7",6,0.117848578280233,0.815165876777251
8,7,"D7",7,0.0959232613908873,0.813953488372093
8,7,"D7",8,0.0767386091127098,0.8
8,8,"D0",1,1,NA
8,8,"D0",2,0.837049634668682,0.837049634668682
8,8,"D0",3,0.750829344083312,0.89699500840294
8,8,"D0",4,0.69700176366843,0.92830916793669
8,8,"D0",5,0.659318048206937,0.945934547908232
8,8,"D0",6,0.630217519106408,0.955862683905484
8,8,"D0",7,0.606187536743092,0.961870335820896
8,8,"D0",8,0.585537918871252,0.965935264880591
8,8,"D1",1,1,NA
8,8,"D1",2,0.698709734435067,0.698709734435067
8,8,"D1",3,0.560359683619813,0.80199209486166
8,8,"D1",4,0.480509036277672,0.857501084256594
8,8,"D1",5,0.428659802925191,0.892095196056794
8,8,"D1",6,0.392426317882551,0.915472631687455
8,8,"D1",7,0.365450046396536,0.931257741245355
8,8,"D1",8,0.343952984843798,0.941176470588235
8,8,"D3",1,1,NA
8,8,"D3",2,0.58417524313096,0.58417524313096
8,8,"D3",3,0.460343688037013,0.788023274608049
8,8,"D3",4,0.401472948730054,0.872115680443031
8,8,"D3",5,0.365357378906619,0.910042333019756
8,8,"D3",6,0.339722405816259,0.929835896110608
8,8,"D3",7,0.319894249834765,0.941634241245136
8,8,"D3",8,0.30403172504957,0.950413223140496
8,8,"D5",1,1,NA
8,8,"D5",2,0.549330689142291,0.549330689142291
8,8,"D5",3,0.397903534244635,0.724342444559051
8,8,"D5",4,0.320135986967916,0.804556781772873
8,8,"D5",5,0.271265670373256,0.847345132743363
8,8,"D5",6,0.23641900984489,0.87154046997389
8,8,"D5",7,0.209221616261775,0.884961054523667
8,8,"D5",8,0.1864154685176,0.890995260663507
8,8,"D6",1,1,NA
8,8,"D6",2,0.449249362666415,0.449249362666415
8,8,"D6",3,0.299405155320555,0.666456494325347
8,8,"D6",4,0.232574827683883,0.776789656259855
8,8,"D6",5,0.195732225474459,0.841588177979864
8,8,"D6",6,0.172032858087055,0.878919440424506
8,8,"D6",7,0.155320555188367,0.902854006586169
8,8,"D6",8,0.142762723066755,0.919148936170213
8,8,"D7",1,1,NA
8,8,"D7",2,0.342355260799426,0.342355260799426
8,8,"D7",3,0.211686682201111,0.618324607329843
8,8,"D7",4,0.158738125112027,0.749872988992379
8,8,"D7",5,0.13013084782219,0.819783197831978
8,8,"D7",6,0.112564975802115,0.865013774104683
8,8,"D7",7,0.100376411543287,0.89171974522293
8,8,"D7",8,0.0903387703889586,0.9
8,9,"D0",1,1,NA
8,9,"D0",2,0.838970588235294,0.838970588235294
8,9,"D0",3,0.753529411764706,0.898159509202454
8,9,"D0",4,0.700126050420168,0.929129028660645
8,9,"D0",5,0.662605042016807,0.946408209806157
8,9,"D0",6,0.633424369747899,0.955960684844642
8,9,"D0",7,0.609117647058824,0.961626480050413
8,9,"D0",8,0.588235294117647,0.965717044905843
8,9,"D1",1,1,NA
8,9,"D1",2,0.696058184430277,0.696058184430277
8,9,"D1",3,0.556669210738978,0.799745227038184
8,9,"D1",4,0.476492771841609,0.855971127285925
8,9,"D1",5,0.424328813863698,0.890525185143309
8,9,"D1",6,0.387671724881027,0.913611596042956
8,9,"D1",7,0.36046511627907,0.929820497973364
8,9,"D1",8,0.339409176618479,0.941586748038361
8,9,"D3",1,1,NA
8,9,"D3",2,0.579360237078358,0.579360237078358
8,9,"D3",3,0.448008367471455,0.773281179479464
8,9,"D3",4,0.385112873703478,0.859610894941634
8,9,"D3",5,0.348252418722217,0.904286619590802
8,9,"D3",6,0.323803713065458,0.929796020523088
8,9,"D3",7,0.306284319707138,0.945895020188425
8,9,"D3",8,0.292861500915192,0.956175298804781
8,9,"D5",1,1,NA
8,9,"D5",2,0.555310575534099,0.555310575534099
8,9,"D5",3,0.41275754580704,0.74329134720701
8,9,"D5",4,0.341275754580704,0.826818935347209
8,9,"D5",5,0.297194556374971,0.870834075922295
8,9,"D5",6,0.26731544134418,0.899462778204144
8,9,"D5",7,0.24587546567323,0.919795221843003
8,9,"D5",8,0.2299095263438,0.935064935064935
8,9,"D6",1,1,NA
8,9,"D6",2,0.411033978808915,0.411033978808915
8,9,"D6",3,0.252009499451955,0.613111111111111
8,9,"D6",4,0.185458531238582,0.735918811163465
8,9,"D6",5,0.150347095359883,0.810677698975571
8,9,"D6",6,0.12879064669346,0.856622114216282
8,9,"D6",7,0.11381074168798,0.883687943262411
8,9,"D6",8,0.10230179028133,0.898876404494382
8,9,"D7",1,1,NA
8,9,"D7",2,0.282700421940928,0.282700421940928
8,9,"D7",3,0.157323688969259,0.556503198294243
8,9,"D7",4,0.109101868595539,0.693486590038314
8,9,"D7",5,0.0836347197106691,0.766574585635359
8,9,"D7",6,0.0681133212778782,0.814414414414414
8,9,"D7",7,0.0580168776371308,0.851769911504425
8,9,"D7",8,0.0506329113924051,0.872727272727273
8,10,"D0",1,1,NA
8,10,"D0",2,0.825876251408166,0.825876251408166
8,10,"D0",3,0.737857886794057,0.893424269720757
8,10,"D0",4,0.684932089187408,0.928271014576252
8,10,"D0",5,0.648787382829936,0.947228773584906
8,10,"D0",6,0.622483899079644,0.959457467197405
8,10,"D0",7,0.602440113078411,0.967800314143277
8,10,"D0",8,0.586222288349948,0.973079772783403
8,10,"D1",1,1,NA
8,10,"D1",2,0.695241796679807,0.695241796679807
8,10,"D1",3,0.556160124368442,0.799952084331576
8,10,"D1",4,0.476988507023486,0.857646001796945
8,10,"D1",5,0.425817555938038,0.89272078817
8,10,"D1",6,0.390006107378824,0.915899548856495
8,10,"D1",7,0.363544500582977,0.93215078867946
8,10,"D1",8,0.34325689856199,0.944194996792816
8,10,"D3",1,1,NA
8,10,"D3",2,0.579549649317091,0.579549649317091
8,10,"D3",3,0.450535252860834,0.777388535031847
8,10,"D3",4,0.388999630860096,0.863416632527653
8,10,"D3",5,0.352251753414544,0.90553235908142
8,10,"D3",6,0.327057954964932,0.928477862195441
8,10,"D3",7,0.3078165374677,0.941168171557562
8,10,"D3",8,0.291989664082687,0.948583420776495
8,10,"D5",1,1,NA
8,10,"D5",2,0.566779152605924,0.566779152605924
8,10,"D5",3,0.425421822272216,0.750595395607303
8,10,"D5",4,0.353715785526809,0.831447206063811
8,10,"D5",5,0.309186351706037,0.874109565807327
8,10,"D5",6,0.2785151856018,0.900800388066942
8,10,"D5",7,0.256167979002625,0.919763058696823
8,10,"D5",8,0.239370078740157,0.934426229508197
8,10,"D6",1,1,NA
8,10,"D6",2,0.457077326343381,0.457077326343381
8,10,"D6",3,0.30045871559633,0.657347670250896
8,10,"D6",4,0.229095674967235,0.762486368593239
8,10,"D6",5,0.189220183486239,0.825943935926774
8,10,"D6",6,0.164646133682831,0.87012987012987
8,10,"D6",7,0.148509174311927,0.901990049751244
8,10,"D6",8,0.137614678899083,0.926640926640927
8,10,"D7",1,1,NA
8,10,"D7",2,0.342978336615664,0.342978336615664
8,10,"D7",3,0.202393576730798,0.590106007067138
8,10,"D7",4,0.137676109680351,0.680239520958084
8,10,"D7",5,0.100742311770944,0.731734154929577
8,10,"D7",6,0.0772610210574155,0.766917293233083
8,10,"D7",7,0.0615058324496288,0.796078431372549
8,10,"D7",8,0.0509013785790032,0.827586206896552
8,11,"D0",1,1,NA
8,11,"D0",2,0.848544875982551,0.848544875982551
8,11,"D0",3,0.767053716308769,0.903963641782149
8,11,"D0",4,0.719103112553474,0.937487293606967
8,11,"D0",5,0.686711061471351,0.954954928553846
8,11,"D0",6,0.661328050913536,0.963036840409372
8,11,"D0",7,0.639401091606432,0.966844050729718
8,11,"D0",8,0.620150464670305,0.969892721190449
8,11,"D1",1,1,NA
8,11,"D1",2,0.700130291720955,0.700130291720955
8,11,"D1",3,0.564383985159994,0.80611279333838
8,11,"D1",4,0.487935869973279,0.86454591696991
8,11,"D1",5,0.43890643287768,0.89951663709765
8,11,"D1",6,0.404743501976459,0.922163522012579
8,11,"D1",7,0.37965682485701,0.938018332605849
8,11,"D1",8,0.360488483536868,0.949511400651466
8,11,"D3",1,1,NA
8,11,"D3",2,0.594450423471059,0.594450423471059
8,11,"D3",3,0.469093631556783,0.789121536523929
8,11,"D3",4,0.40787983716251,0.869506234413965
8,11,"D3",5,0.37097000608301,0.909508076358297
8,11,"D3",6,0.346170043516915,0.933148335015136
8,11,"D3",7,0.328201768752047,0.948094079480941
8,11,"D3",8,0.314444808385195,0.958083832335329
8,11,"D5",1,1,NA
8,11,"D5",2,0.562590623489609,0.562590623489609
8,11,"D5",3,0.417523993647725,0.742145311732941
8,11,"D5",4,0.34556376441345,0.827650074417066
8,11,"D5",5,0.30269971690948,0.875959079283887
8,11,"D5",6,0.274252571980943,0.906021897810219
8,11,"D5",7,0.25422909618173,0.9269889224572
8,11,"D5",8,0.239729337844369,0.942965779467681
8,11,"D6",1,1,NA
8,11,"D6",2,0.453636959370904,0.453636959370904
8,11,"D6",3,0.300294888597641,0.661971830985916
8,11,"D6",4,0.235124508519004,0.782978723404255
8,11,"D6",5,0.198066841415465,0.842391304347826
8,11,"D6",6,0.173328964613368,0.875103391232424
8,11,"D6",7,0.155389908256881,0.896502835538752
8,11,"D6",8,0.142201834862385,0.915129151291513
8,11,"D7",1,1,NA
8,11,"D7",2,0.345966958211856,0.345966958211856
8,11,"D7",3,0.204243602202786,0.590355805243446
8,11,"D7",4,0.146809199870424,0.718794607454401
8,11,"D7",5,0.115322319403952,0.785525154457193
8,11,"D7",6,0.0952380952380952,0.825842696629213
8,11,"D7",7,0.0816326530612245,0.857142857142857
8,11,"D7",8,0.072562358276644,0.888888888888889
8,12,"D0",1,1,NA
8,12,"D0",2,0.833152877736025,0.833152877736025
8,12,"D0",3,0.745982209201112,0.89537254102538
8,12,"D0",4,0.692499416173068,0.928305538163811
8,12,"D0",5,0.655499649703841,0.946570689295744
8,12,"D0",6,0.627284886312974,0.956956859696852
8,12,"D0",7,0.604324565314311,0.963397299218195
8,12,"D0",8,0.584930896121266,0.967908520841018
8,12,"D1",1,1,NA
8,12,"D1",2,0.67545634282036,0.67545634282036
8,12,"D1",3,0.527311600533358,0.780674585616555
8,12,"D1",4,0.442650236792496,0.839447181409949
8,12,"D1",5,0.387695986022346,0.875851753365465
8,12,"D1",6,0.349050531058899,0.900320208728653
8,12,"D1",7,0.320164145477953,0.917242969110189
8,12,"D1",8,0.297392983585452,0.928876602161347
8,12,"D3",1,1,NA
8,12,"D3",2,0.584574934268186,0.584574934268186
8,12,"D3",3,0.460025318921024,0.786939863401632
8,12,"D3",4,0.401246469958126,0.872226926333616
8,12,"D3",5,0.366394001363327,0.913139501019319
8,12,"D3",6,0.342389716622845,0.934485049833887
8,12,"D3",7,0.324471710974778,0.947667804323094
8,12,"D3",8,0.310838445807771,0.957983193277311
8,12,"D5",1,1,NA
8,12,"D5",2,0.571428571428571,0.571428571428571
8,12,"D5",3,0.436992481203008,0.764736842105263
8,12,"D5",4,0.369263157894737,0.845010323468685
8,12,"D5",5,0.326691729323308,0.884712493891513
8,12,"D5",6,0.295338345864662,0.904027617951669
8,12,"D5",7,0.27,0.914205702647658
8,12,"D5",8,0.248421052631579,0.920077972709552
8,12,"D6",1,1,NA
8,12,"D6",2,0.453333333333333,0.453333333333333
8,12,"D6",3,0.285281385281385,0.62929717341482
8,12,"D6",4,0.211047619047619,0.739787556904401
8,12,"D6",5,0.171861471861472,0.81432556613062
8,12,"D6",6,0.148398268398268,0.863476070528967
8,12,"D6",7,0.132727272727273,0.894399066511085
8,12,"D6",8,0.121212121212121,0.91324200913242
8,12,"D7",1,1,NA
8,12,"D7",2,0.347696387139543,0.347696387139543
8,12,"D7",3,0.211136890951276,0.607244995233556
8,12,"D7",4,0.153927742790852,0.729042386185243
8,12,"D7",5,0.120981107059993,0.785960378983635
8,12,"D7",6,0.0981107059993371,0.810958904109589
8,12,"D7",7,0.080046403712297,0.815878378378378
8,12,"D7",8,0.0649651972157773,0.811594202898551
8,13,"D0",1,1,NA
8,13,"D0",2,0.83262802427973,0.83262802427973
8,13,"D0",3,0.746024621697871,0.895987884077316
8,13,"D0",4,0.692391211421732,0.928107720956883
8,13,"D0",5,0.65468709925622,0.945545074022398
8,13,"D0",6,0.625416773531675,0.955291121884335
8,13,"D0",7,0.601211849192101,0.961297929054747
8,13,"D0",8,0.580490724117295,0.965534403384347
8,13,"D1",1,1,NA
8,13,"D1",2,0.694506178326962,0.694506178326962
8,13,"D1",3,0.554749311049871,0.798768
8,13,"D1",4,0.475242243755,0.856679286100595
8,13,"D1",5,0.423926571250778,0.892022072577628
8,13,"D1",6,0.387745577384656,0.914652686762778
8,13,"D1",7,0.360532047293093,0.929816014214478
8,13,"D1",8,0.339141257000622,0.94066882416397
8,13,"D3",1,1,NA
8,13,"D3",2,0.572682973898779,0.572682973898779
8,13,"D3",3,0.442755825734549,0.77312552653749
8,13,"D3",4,0.383113812901047,0.865293668954996
8,13,"D3",5,0.349206349206349,0.911495063469676
8,13,"D3",6,0.327109567231148,0.936722851616469
8,13,"D3",7,0.311381290104694,0.951917404129794
8,13,"D3",8,0.299898682877406,0.963123644251627
8,13,"D5",1,1,NA
8,13,"D5",2,0.543349524253111,0.543349524253111
8,13,"D5",3,0.388116308470291,0.714303208425178
8,13,"D5",4,0.312515802781289,0.805211726384365
8,13,"D5",5,0.268347860802449,0.858669732583887
8,13,"D5",6,0.239004591123827,0.890652120009918
8,13,"D5",7,0.217512808570098,0.910077951002227
8,13,"D5",8,0.201210992081975,0.925053533190578
8,13,"D6",1,1,NA
8,13,"D6",2,0.454598033545402,0.454598033545402
8,13,"D6",3,0.298273155416013,0.656125045438023
8,13,"D6",4,0.227579938858134,0.762991689750693
8,13,"D6",5,0.189539783524746,0.832849259366831
8,13,"D6",6,0.166900768404528,0.880557977332171
8,13,"D6",7,0.152689415847311,0.914851485148515
8,13,"D6",8,0.143435511856565,0.93939393939394
8,13,"D7",1,1,NA
8,13,"D7",2,0.359697023075568,0.359697023075568
8,13,"D7",3,0.218601373965122,0.607737512242899
8,13,"D7",4,0.156984322705654,0.718130539887188
8,13,"D7",5,0.120486172274088,0.767504488330341
8,13,"D7",6,0.0965298573190065,0.801169590643275
8,13,"D7",7,0.0801479654747226,0.83029197080292
8,13,"D7",8,0.0690505548705302,0.861538461538462
8,14,"D0",1,1,NA
8,14,"D0",2,0.827435173136128,0.827435173136128
8,14,"D0",3,0.739370087070598,0.893568597366066
8,14,"D0",4,0.686619904571471,0.928655238531322
8,14,"D0",5,0.650871234963659,0.947935285053929
8,14,"D0",6,0.624750055543213,0.959867362364071
8,14,"D0",7,0.604532326149745,0.967638691322902
8,14,"D0",8,0.587721247130267,0.972191596226877
8,14,"D1",1,1,NA
8,14,"D1",2,0.711249865432232,0.711249865432232
8,14,"D1",3,0.578296910324039,0.813071381001393
8,14,"D1",4,0.501685865001615,0.867522990431513
8,14,"D1",5,0.451501776294542,0.899969099773398
8,14,"D1",6,0.415782107869523,0.920886981402003
8,14,"D1",7,0.388847023360965,0.935218269380146
8,14,"D1",8,0.367746797287114,0.945736434108527
8,14,"D3",1,1,NA
8,14,"D3",2,0.570866326195942,0.570866326195942
8,14,"D3",3,0.441409361383123,0.77322718319107
8,14,"D3",4,0.382926486435834,0.867508757032162
8,14,"D3",5,0.349950803542145,0.913885082223962
8,14,"D3",6,0.328538630932859,0.938813763556032
8,14,"D3",7,0.313217448343719,0.953365658870508
8,14,"D3",8,0.301738274844211,0.963350785340314
8,14,"D5",1,1,NA
8,14,"D5",2,0.578136765007872,0.578136765007872
8,14,"D5",3,0.435416524060511,0.753137579919489
8,14,"D5",4,0.363940036963516,0.835843420845779
8,14,"D5",5,0.320213566979259,0.879852542882937
8,14,"D5",6,0.289821343007735,0.905087644292433
8,14,"D5",7,0.26689027311931,0.920878601794993
8,14,"D5",8,0.249161475802587,0.933572710951526
8,14,"D6",1,1,NA
8,14,"D6",2,0.471609403254973,0.471609403254973
8,14,"D6",3,0.325316455696203,0.689800613496933
8,14,"D6",4,0.257215189873418,0.790661478599222
8,14,"D6",5,0.217902350813743,0.847159730033746
8,14,"D6",6,0.192043399638336,0.881327800829875
8,14,"D6",7,0.174050632911392,0.906308851224106
8,14,"D6",8,0.162025316455696,0.930909090909091
8,14,"D7",1,1,NA
8,14,"D7",2,0.37846898863848,0.37846898863848
8,14,"D7",3,0.231327994039858,0.611220472440945
8,14,"D7",4,0.160029800707767,0.691787439613527
8,14,"D7",5,0.116222760290557,0.726256983240223
8,14,"D7",6,0.0867945613708326,0.746794871794872
8,14,"D7",7,0.0664928292046936,0.766094420600858
8,14,"D7",8,0.0521512385919166,0.784313725490196
8,15,"D0",1,1,NA
8,15,"D0",2,0.838095238095238,0.838095238095238
8,15,"D0",3,0.752958471150312,0.898416357622532
8,15,"D0",4,0.699910747099281,0.929547609750655
8,15,"D0",5,0.662792040741324,0.946966514642343
8,15,"D0",6,0.634136609439807,0.956765577224695
8,15,"D0",7,0.610363836824697,0.962511590939197
8,15,"D0",8,0.589783167952958,0.966281310211946
8,15,"D1",1,1,NA
8,15,"D1",2,0.672092805688091,0.672092805688091
8,15,"D1",3,0.524639816633923,0.780606208240535
8,15,"D1",4,0.441332210683881,0.841209905712948
8,15,"D1",5,0.387840303115352,0.878794463051681
8,15,"D1",6,0.35061745719899,0.904025327905925
8,15,"D1",7,0.323100851342502,0.921519578413715
8,15,"D1",8,0.301899148657498,0.934380542183937
8,15,"D3",1,1,NA
8,15,"D3",2,0.585983649165918,0.585983649165918
8,15,"D3",3,0.455602287226502,0.7775
8,15,"D3",4,0.394007844619819,0.864806555336583
8,15,"D3",5,0.357969850196115,0.908534830166955
8,15,"D3",6,0.333160058598365,0.930693069306931
8,15,"D3",7,0.314257360238174,0.943262411347518
8,15,"D3",8,0.29904068805822,0.951578947368421
8,15,"D5",1,1,NA
8,15,"D5",2,0.540757966186915,0.540757966186915
8,15,"D5",3,0.383948211928854,0.71001859600186
8,15,"D5",4,0.307711646031048,0.801440497626453
8,15,"D5",5,0.261642888567658,0.850285947712418
8,15,"D5",6,0.229023945697945,0.875330290655777
8,15,"D5",7,0.203695556533216,0.889407244785949
8,15,"D5",8,0.18301803783546,0.898488120950324
8,15,"D6",1,1,NA
8,15,"D6",2,0.465422077922078,0.465422077922078
8,15,"D6",3,0.302597402597403,0.650156958493198
8,15,"D6",4,0.22961038961039,0.758798283261803
8,15,"D6",5,0.189691558441558,0.82614536199095
8,15,"D6",6,0.164935064935065,0.86949080017116
8,15,"D6",7,0.148295454545455,0.899114173228346
8,15,"D6",8,0.136363636363636,0.919540229885057
8,15,"D7",1,1,NA
8,15,"D7",2,0.392706449668475,0.392706449668475
8,15,"D7",3,0.269740807715491,0.686876438986953
8,15,"D7",4,0.214104882459313,0.793743016759777
8,15,"D7",5,0.180078360458107,0.841075450450451
8,15,"D7",6,0.156419529837251,0.868619246861925
8,15,"D7",7,0.139240506329114,0.890173410404624
8,15,"D7",8,0.126582278481013,0.909090909090909
8,16,"D0",1,1,NA
8,16,"D0",2,0.83461627199698,0.83461627199698
8,16,"D0",3,0.748138515426726,0.896386208283072
8,16,"D0",4,0.693877551020408,0.927472034539796
8,16,"D0",5,0.655672546510896,0.944939846442174
8,16,"D0",6,0.627115800071313,0.956446633930999
8,16,"D0",7,0.604977242695639,0.964697815980468
8,16,"D0",8,0.587872559095581,0.971726732192695
8,16,"D1",1,1,NA
8,16,"D1",2,0.715412771164518,0.715412771164518
8,16,"D1",3,0.583439777594109,0.815528882220555
8,16,"D1",4,0.506235308008544,0.867673627081225
8,16,"D1",5,0.454987495035583,0.898766814241854
8,16,"D1",6,0.418342045661904,0.919458337265264
8,16,"D1",7,0.390863325569164,0.934315184481962
8,16,"D1",8,0.369674656247652,0.945790080738178
8,16,"D3",1,1,NA
8,16,"D3",2,0.599147121535181,0.599147121535181
8,16,"D3",3,0.475943265041253,0.794367940584868
8,16,"D3",4,0.415574302401038,0.873159329957148
8,16,"D3",5,0.37888198757764,0.911706968858749
8,16,"D3",6,0.353944562899787,0.934181551260093
8,16,"D3",7,0.335820895522388,0.948795180722891
8,16,"D3",8,0.321868916288125,0.958454106280193
8,16,"D5",1,1,NA
8,16,"D5",2,0.574794866400168,0.574794866400168
8,16,"D5",3,0.43649624798373,0.759394826744754
8,16,"D5",4,0.367150571568834,0.841131105398458
8,16,"D5",5,0.323585104144751,0.881341687041565
8,16,"D5",6,0.292166351076513,0.902904204594712
8,16,"D5",7,0.267550319096711,0.915746519443111
8,16,"D5",8,0.247422680412371,0.924770642201835
8,16,"D6",1,1,NA
8,16,"D6",2,0.433105044853863,0.433105044853863
8,16,"D6",3,0.272595736471496,0.629398663697105
8,16,"D6",4,0.20032796373107,0.734890304317056
8,16,"D6",5,0.15925532941063,0.794973035439137
8,16,"D6",6,0.132343011478731,0.831011508176863
8,16,"D6",7,0.112761647535449,0.852040816326531
8,16,"D6",8,0.0972316002700878,0.862275449101796
8,16,"D7",1,1,NA
8,16,"D7",2,0.373893421281028,0.373893421281028
8,16,"D7",3,0.239368165249089,0.640204271123491
8,16,"D7",4,0.182051727130706,0.760551124002901
8,16,"D7",5,0.149453219927096,0.820938215102975
8,16,"D7",6,0.128797083839611,0.861788617886179
8,16,"D7",7,0.11543134872418,0.89622641509434
8,16,"D7",8,0.106925880923451,0.926315789473684
8,17,"D0",1,1,NA
8,17,"D0",2,0.83893567705329,0.83893567705329
8,17,"D0",3,0.753668180435672,0.898362295286911
8,17,"D0",4,0.700926091014924,0.930019482326746
8,17,"D0",5,0.664058648934943,0.947401812327177
8,17,"D0",6,0.635300533839554,0.956693410828227
8,17,"D0",7,0.611188605829234,0.962046422557533
8,17,"D0",8,0.590265031935981,0.965765765765766
8,17,"D1",1,1,NA
8,17,"D1",2,0.67873528148801,0.67873528148801
8,17,"D1",3,0.530713946708251,0.781915956313266
8,17,"D1",4,0.445517210206342,0.839467688704354
8,17,"D1",5,0.390049042872963,0.875497138914817
8,17,"D1",6,0.351097249531042,0.900136164788365
8,17,"D1",7,0.322417339028635,0.918313485677502
8,17,"D1",8,0.300585350419237,0.932286555446516
8,17,"D3",1,1,NA
8,17,"D3",2,0.597144527010103,0.597144527010103
8,17,"D3",3,0.467896802204225,0.783557046979866
8,17,"D3",4,0.404876012357018,0.865310492505353
8,17,"D3",5,0.367120313935042,0.906747504743051
8,17,"D3",6,0.341571345078066,0.9304070957471
8,17,"D3",7,0.322910578609001,0.945367880713762
8,17,"D3",8,0.308591466978375,0.955656108597285
8,17,"D5",1,1,NA
8,17,"D5",2,0.572247628148249,0.572247628148249
8,17,"D5",3,0.429458740017746,0.750477099236641
8,17,"D5",4,0.356835710872978,0.830896376350922
8,17,"D5",5,0.311924100743977,0.874139250191278
8,17,"D5",6,0.280799945396219,0.900218818380744
8,17,"D5",7,0.258002866698519,0.918813806514341
8,17,"D5",8,0.240802675585284,0.933333333333333
8,17,"D6",1,1,NA
8,17,"D6",2,0.457462985194078,0.457462985194078
8,17,"D6",3,0.303161264505802,0.662701189643107
8,17,"D6",4,0.238815526210484,0.787750791974657
8,17,"D6",5,0.204881952781112,0.857908847184987
8,17,"D6",6,0.184393757503001,0.9
8,17,"D6",7,0.170868347338936,0.926649305555556
8,17,"D6",8,0.161344537815126,0.944262295081967
8,17,"D7",1,1,NA
8,17,"D7",2,0.405331510594668,0.405331510594668
8,17,"D7",3,0.272727272727273,0.672849915682968
8,17,"D7",4,0.216951469583049,0.795488721804511
8,17,"D7",5,0.185064935064935,0.853024574669187
8,17,"D7",6,0.163362952836637,0.882733148661126
8,17,"D7",7,0.147129186602871,0.900627615062761
8,17,"D7",8,0.133971291866029,0.910569105691057
8,18,"D0",1,1,NA
8,18,"D0",2,0.825959014311119,0.825959014311119
8,18,"D0",3,0.736652129731561,0.891874919902602
8,18,"D0",4,0.682868998221695,0.926989783455233
8,18,"D0",5,0.64635024134135,0.946521577380952
8,18,"D0",6,0.619696841392159,0.958763224263863
8,18,"D0",7,0.599140486069947,0.966828368406668
8,18,"D0",8,0.582098399525785,0.971555775414296
8,18,"D1",1,1,NA
8,18,"D1",2,0.695430903058022,0.695430903058022
8,18,"D1",3,0.556732580037665,0.800557722686096
8,18,"D1",4,0.478046811945117,0.858665055874358
8,18,"D1",5,0.427484082145099,0.894230588853246
8,18,"D1",6,0.392431172092189,0.918001835584109
8,18,"D1",7,0.36691776522285,0.934986288848263
8,18,"D1",8,0.347771500313873,0.947818648417451
8,18,"D3",1,1,NA
8,18,"D3",2,0.593811242908716,0.593811242908716
8,18,"D3",3,0.473078906652914,0.796682299808928
8,18,"D3",4,0.416008251676122,0.879363348958901
8,18,"D3",5,0.382413615265601,0.919245264306258
8,18,"D3",6,0.360082516761217,0.941604855023601
8,18,"D3",7,0.344043321299639,0.955456889143512
8,18,"D3",8,0.332129963898917,0.965372507869885
8,18,"D5",1,1,NA
8,18,"D5",2,0.541214146477304,0.541214146477304
8,18,"D5",3,0.39578111946533,0.731283766400823
8,18,"D5",4,0.322472848788638,0.814775725593668
8,18,"D5",5,0.275689223057644,0.854922279792746
8,18,"D5",6,0.242272347535505,0.878787878787879
8,18,"D5",7,0.217348927875244,0.897126436781609
8,18,"D5",8,0.198830409356725,0.914798206278027
8,18,"D6",1,1,NA
8,18,"D6",2,0.449643458056246,0.449643458056246
8,18,"D6",3,0.283310632160885,0.63007840342124
8,18,"D6",4,0.209149907859947,0.738235294117647
8,18,"D6",5,0.168255748738082,0.804474410052099
8,18,"D6",6,0.142616777501803,0.847619047619048
8,18,"D6",7,0.125070106561974,0.876966292134831
8,18,"D6",8,0.112170499158721,0.896860986547085
8,18,"D7",1,1,NA
8,18,"D7",2,0.365013365013365,0.365013365013365
8,18,"D7",3,0.207306207306207,0.567941415785191
8,18,"D7",4,0.140540540540541,0.677936962750716
8,18,"D7",5,0.105435105435105,0.750211327134404
8,18,"D7",6,0.0855360855360855,0.811267605633803
8,18,"D7",7,0.0738045738045738,0.862847222222222
8,18,"D7",8,0.0665280665280665,0.901408450704225
8,19,"D0",1,1,NA
8,19,"D0",2,0.826936666139324,0.826936666139324
8,19,"D0",3,0.737393872277593,0.89171747060174
8,19,"D0",4,0.683090228339398,0.926357343097431
8,19,"D0",5,0.645889363497337,0.945540335231413
8,19,"D0",6,0.618509729473185,0.957609405617244
8,19,"D0",7,0.59734219269103,0.965776550030694
8,19,"D0",8,0.57999261720192,0.970955382523792
8,19,"D1",1,1,NA
8,19,"D1",2,0.68282205829435,0.68282205829435
8,19,"D1",3,0.535309463835912,0.783966272520668
8,19,"D1",4,0.449784094998201,0.840231913284598
8,19,"D1",5,0.393880442605254,0.875710028401136
8,19,"D1",6,0.354376574307305,0.899705941131127
8,19,"D1",7,0.32477959697733,0.916481563749445
8,19,"D1",8,0.301637279596977,0.928744546776539
8,19,"D3",1,1,NA
8,19,"D3",2,0.598281742434054,0.598281742434054
8,19,"D3",3,0.470923455510944,0.787126569490547
8,19,"D3",4,0.408548115529077,0.867546754675468
8,19,"D3",5,0.370461511893969,0.906775720686449
8,19,"D3",6,0.344687648404783,0.930427689080527
8,19,"D3",7,0.326080386823814,0.946017034068136
8,19,"D3",8,0.311876699909338,0.956441149212234
8,19,"D5",1,1,NA
8,19,"D5",2,0.54981884057971,0.54981884057971
8,19,"D5",3,0.399197722567288,0.726053188985644
8,19,"D5",4,0.323084886128364,0.809335494327391
8,19,"D5",5,0.277562111801242,0.859099647548863
8,19,"D5",6,0.247929606625259,0.893240093240093
8,19,"D5",7,0.227807971014493,0.91884133611691
8,19,"D5",8,0.213768115942029,0.938369781312127
8,19,"D6",1,1,NA
8,19,"D6",2,0.467332337447913,0.467332337447913
8,19,"D6",3,0.309301045679692,0.661843876177658
8,19,"D6",4,0.241151033886312,0.779664463650229
8,19,"D6",5,0.205126189165815,0.850612936880543
8,19,"D6",6,0.183347747464423,0.893829053277118
8,19,"D6",7,0.168959823885526,0.921526586620926
8,19,"D6",8,0.158503026967529,0.938110749185668
8,19,"D7",1,1,NA
8,19,"D7",2,0.383410138248848,0.383410138248848
8,19,"D7",3,0.233917050691244,0.610096153846154
8,19,"D7",4,0.168110599078341,0.718676122931442
8,19,"D7",5,0.131428571428571,0.781798245614035
8,19,"D7",6,0.108387096774194,0.82468443197756
8,19,"D7",7,0.0929032258064516,0.857142857142857
8,19,"D7",8,0.0825806451612903,0.888888888888889
8,20,"D0",1,1,NA
8,20,"D0",2,0.827194212740828,0.827194212740828
8,20,"D0",3,0.738434445159181,0.892697789449529
8,20,"D0",4,0.685208111442702,0.927920028561228
8,20,"D0",5,0.649242320387223,0.947511142301347
8,20,"D0",6,0.623100528319396,0.959734922929492
8,20,"D0",7,0.603011736915922,0.967759951259139
8,20,"D0",8,0.586402893629586,0.972456849063533
8,20,"D1",1,1,NA
8,20,"D1",2,0.668025203194903,0.668025203194903
8,20,"D1",3,0.519628510528658,0.777857643758766
8,20,"D1",4,0.436802286089054,0.840604926863351
8,20,"D1",5,0.384243318576816,0.879673323180541
8,20,"D1",6,0.34790246644649,0.905422292663598
8,20,"D1",7,0.321118216101,0.923012186090352
8,20,"D1",8,0.300377111001804,0.935409752361501
8,20,"D3",1,1,NA
8,20,"D3",2,0.596250166216037,0.596250166216037
8,20,"D3",3,0.471964895173086,0.791555159084151
8,20,"D3",4,0.410832853153672,0.870473328324568
8,20,"D3",5,0.373254731616506,0.908531848783014
8,20,"D3",6,0.347059084260449,0.929818311364446
8,20,"D3",7,0.327645051194539,0.944061302681992
8,20,"D3",8,0.31275209432206,0.954545454545455
8,20,"D5",1,1,NA
8,20,"D5",2,0.566659440711034,0.566659440711034
8,20,"D5",3,0.429149505022039,0.757332313185412
8,20,"D5",4,0.361066551051377,0.841353763259808
8,20,"D5",5,0.319531758075005,0.884966378482229
8,20,"D5",6,0.291206011995086,0.911352329262777
8,20,"D5",7,0.270612038442084,0.929280397022333
8,20,"D5",8,0.254931714719272,0.942056074766355
8,20,"D6",1,1,NA
8,20,"D6",2,0.424436090225564,0.424436090225564
8,20,"D6",3,0.266259398496241,0.627325066430469
8,20,"D6",4,0.191654135338346,0.719802329685845
8,20,"D6",5,0.146522556390977,0.764515496273048
8,20,"D6",6,0.115413533834586,0.787684413085311
8,20,"D6",7,0.0921052631578947,0.798045602605863
8,20,"D6",8,0.0736842105263158,0.8
8,20,"D7",1,1,NA
8,20,"D7",2,0.379658385093168,0.379658385093168
8,20,"D7",3,0.250776397515528,0.660531697341513
8,20,"D7",4,0.190062111801242,0.757894736842105
8,20,"D7",5,0.153726708074534,0.808823529411765
8,20,"D7",6,0.129270186335404,0.840909090909091
8,20,"D7",7,0.111413043478261,0.861861861861862
8,20,"D7",8,0.0978260869565217,0.878048780487805
8,21,"D0",1,1,NA
8,21,"D0",2,0.8268984698032,0.8268984698032
8,21,"D0",3,0.73811110053615,0.89262603268793
8,21,"D0",4,0.684741389338325,0.9276942032723
8,21,"D0",5,0.648551759144697,0.947148469835308
8,21,"D0",6,0.622272982033142,0.959480832884932
8,21,"D0",7,0.602191131838034,0.96772823057576
8,21,"D0",8,0.585683618328522,0.97258758451137
8,21,"D1",1,1,NA
8,21,"D1",2,0.676506065226792,0.676506065226792
8,21,"D1",3,0.527401624980086,0.77959629941127
8,21,"D1",4,0.442012790459501,0.838095238095238
8,21,"D1",5,0.386661052823232,0.874773448119619
8,21,"D1",6,0.348118983135711,0.900320786368051
8,21,"D1",7,0.32005735223833,0.919390690376569
8,21,"D1",8,0.298868886410706,0.933797909407665
8,21,"D3",1,1,NA
8,21,"D3",2,0.58648514628319,0.58648514628319
8,21,"D3",3,0.461254113510346,0.786471944657955
8,21,"D3",4,0.401136005048911,0.869663799843628
8,21,"D3",5,0.365279718703512,0.910613143935988
8,21,"D3",6,0.341342469458594,0.934468715290633
8,21,"D3",7,0.32407699589776,0.949418911780243
8,21,"D3",8,0.31050804670243,0.958130477117819
8,21,"D5",1,1,NA
8,21,"D5",2,0.537360435156026,0.537360435156026
8,21,"D5",3,0.390924706555969,0.727490676611614
8,21,"D5",4,0.317377612367592,0.811863786158916
8,21,"D5",5,0.271972516461494,0.856936676889771
8,21,"D5",6,0.240767248783281,0.885263157894737
8,21,"D5",7,0.217935871743487,0.905172413793103
8,21,"D5",8,0.200400801603206,0.919540229885058
8,21,"D6",1,1,NA
8,21,"D6",2,0.436288585786073,0.436288585786073
8,21,"D6",3,0.276022972002872,0.632661456190868
8,21,"D6",4,0.20437903804738,0.740442132639792
8,21,"D6",5,0.162060301507538,0.792939936775553
8,21,"D6",6,0.13424264178033,0.828349944629014
8,21,"D6",7,0.114949748743719,0.856283422459893
8,21,"D6",8,0.100502512562814,0.87431693989071
8,21,"D7",1,1,NA
8,21,"D7",2,0.375415282392027,0.375415282392027
8,21,"D7",3,0.249833887043189,0.665486725663717
8,21,"D7",4,0.190830564784053,0.763829787234043
8,21,"D7",5,0.155980066445183,0.817374651810585
8,21,"D7",6,0.133887043189369,0.858359957401491
8,21,"D7",7,0.119767441860465,0.89454094292804
8,21,"D7",8,0.111627906976744,0.932038834951456
8,22,"D0",1,1,NA
8,22,"D0",2,0.824273072060683,0.824273072060683
8,22,"D0",3,0.734077701877211,0.890575862246739
8,22,"D0",4,0.679365551530347,0.925468175634606
8,22,"D0",5,0.641757587990949,0.944642522049165
8,22,"D0",6,0.614072177543584,0.956860018540591
8,22,"D0",7,0.592697255893508,0.965191515864503
8,22,"D0",8,0.575295604967651,0.970639899623588
8,22,"D1",1,1,NA
8,22,"D1",2,0.662974238875878,0.662974238875878
8,22,"D1",3,0.510386416861827,0.769843512663817
8,22,"D1",4,0.425386416861827,0.833459517746117
8,22,"D1",5,0.371873536299766,0.87420171768333
8,22,"D1",6,0.335433255269321,0.902008942628629
8,22,"D1",7,0.309098360655738,0.921489911331425
8,22,"D1",8,0.289180327868852,0.935560859188544
8,22,"D3",1,1,NA
8,22,"D3",2,0.599219258295381,0.599219258295381
8,22,"D3",3,0.471698113207547,0.787187839305103
8,22,"D3",4,0.407807417046194,0.864551724137931
8,22,"D3",5,0.367692164699321,0.901631871638253
8,22,"D3",6,0.338972023422251,0.921890798786653
8,22,"D3",7,0.316851008458035,0.934740882917466
8,22,"D3",8,0.299284320104099,0.944558521560575
8,22,"D5",1,1,NA
8,22,"D5",2,0.539902528175449,0.539902528175449
8,22,"D5",3,0.393237892171794,0.728349788434415
8,22,"D5",4,0.320499543100822,0.815027110766847
8,22,"D5",5,0.275129454766981,0.858439460178673
8,22,"D5",6,0.243070362473348,0.8834763354553
8,22,"D5",7,0.21908315565032,0.901315789473684
8,22,"D5",8,0.200426439232409,0.914841849148418
8,22,"D6",1,1,NA
8,22,"D6",2,0.463617968433832,0.463617968433832
8,22,"D6",3,0.303197086199919,0.653980446927374
8,22,"D6",4,0.228959935248887,0.75515216230646
8,22,"D6",5,0.187373532982598,0.818368212669683
8,22,"D6",6,0.16139214892756,0.86133909287257
8,22,"D6",7,0.143909348441926,0.891675025075226
8,22,"D6",8,0.131444759206799,0.913385826771654
8,22,"D7",1,1,NA
8,22,"D7",2,0.371755309493556,0.371755309493556
8,22,"D7",3,0.23470684334725,0.63134765625
8,22,"D7",4,0.169032492285351,0.720185614849188
8,22,"D7",5,0.127972408785624,0.757087628865979
8,22,"D7",6,0.0991105463786531,0.774468085106383
8,22,"D7",7,0.0775095298602287,0.782051282051282
8,22,"D7",8,0.0609911054637865,0.786885245901639
8,23,"D0",1,1,NA
8,23,"D0",2,0.827946547319977,0.827946547319977
8,23,"D0",3,0.739397074035762,0.89304928733522
8,23,"D0",4,0.685680508349342,0.927350854401919
8,23,"D0",5,0.648842069708037,0.946274630541872
8,23,"D0",6,0.621714623487935,0.958190987473564
8,23,"D0",7,0.60070932466381,0.966213921901528
8,23,"D0",8,0.583419535983449,0.971217712177122
8,23,"D1",1,1,NA
8,23,"D1",2,0.670911911176423,0.670911911176423
8,23,"D1",3,0.523133083750277,0.779734380975559
8,23,"D1",4,0.440329822842681,0.84171664251477
8,23,"D1",5,0.387285259438088,0.879534474721363
8,23,"D1",6,0.35011604445844,0.904026259523594
8,23,"D1",7,0.322312025471467,0.920586275816123
8,23,"D1",8,0.300432688382725,0.932117527862209
8,23,"D3",1,1,NA
8,23,"D3",2,0.591567023285085,0.591567023285085
8,23,"D3",3,0.468557873844217,0.792062193126023
8,23,"D3",4,0.409546400735828,0.874057237317905
8,23,"D3",5,0.374497748947088,0.914420803782506
8,23,"D3",6,0.351261073728034,0.937952430196484
8,23,"D3",7,0.334801762114537,0.953142227122382
8,23,"D3",8,0.322602507624534,0.963562753036437
8,23,"D5",1,1,NA
8,23,"D5",2,0.563506493506494,0.563506493506494
8,23,"D5",3,0.417662337662338,0.741184604747638
8,23,"D5",4,0.344623376623377,0.825124378109453
8,23,"D5",5,0.298636363636364,0.866558637322882
8,23,"D5",6,0.265714285714286,0.889758643183301
8,23,"D5",7,0.240909090909091,0.906647116324536
8,23,"D5",8,0.221818181818182,0.920754716981132
8,23,"D6",1,1,NA
8,23,"D6",2,0.452781112444978,0.452781112444978
8,23,"D6",3,0.301020408163265,0.664825452938577
8,23,"D6",4,0.235054021608643,0.78085742771685
8,23,"D6",5,0.198979591836735,0.846527068437181
8,23,"D6",6,0.175670268107243,0.882855706385118
8,23,"D6",7,0.158963585434174,0.904897494305239
8,23,"D6",8,0.145658263305322,0.916299559471366
8,23,"D7",1,1,NA
8,23,"D7",2,0.332543554006969,0.332543554006969
8,23,"D7",3,0.191080139372822,0.574601844090528
8,23,"D7",4,0.135470383275261,0.708971553610503
8,23,"D7",5,0.10411149825784,0.768518518518519
8,23,"D7",6,0.0830662020905923,0.797858099062918
8,23,"D7",7,0.0673170731707317,0.810402684563759
8,23,"D7",8,0.0546341463414634,0.811594202898551
8,24,"D0",1,1,NA
8,24,"D0",2,0.828010374212671,0.828010374212671
8,24,"D0",3,0.740051871063357,0.893771254698407
8,24,"D0",4,0.687103159900492,0.928452702799353
8,24,"D0",5,0.650950087333933,0.94738334113935
8,24,"D0",6,0.624315884189912,0.959084108501919
8,24,"D0",7,0.603556872915895,0.966749186109604
8,24,"D0",8,0.586291218969989,0.971393492940454
8,24,"D1",1,1,NA
8,24,"D1",2,0.67271835692048,0.67271835692048
8,24,"D1",3,0.523737298863027,0.778538735378878
8,24,"D1",4,0.439489559693918,0.839141227191569
8,24,"D1",5,0.385498751268688,0.877151101239283
8,24,"D1",6,0.348002600098074,0.902733404330848
8,24,"D1",7,0.320507703360741,0.920992266352078
8,24,"D1",8,0.299513051808095,0.934495641344956
8,24,"D3",1,1,NA
8,24,"D3",2,0.57726704045225,0.57726704045225
8,24,"D3",3,0.450813215328298,0.780943971745063
8,24,"D3",4,0.39267874519253,0.87104532839963
8,24,"D3",5,0.359158519067698,0.914637024450109
8,24,"D3",6,0.337055743478059,0.938459553605986
8,24,"D3",7,0.321115796302303,0.952708276051691
8,24,"D3",8,0.308790139474538,0.961616161616161
8,24,"D5",1,1,NA
8,24,"D5",2,0.530471982607476,0.530471982607476
8,24,"D5",3,0.377726348271267,0.712057112638815
8,24,"D5",4,0.302910442527526,0.801930932046045
8,24,"D5",5,0.25787222105337,0.851315058344138
8,24,"D5",6,0.227365172873273,0.88169703562687
8,24,"D5",7,0.205203730976927,0.902529302899445
8,24,"D5",8,0.188512518409426,0.91866028708134
8,24,"D6",1,1,NA
8,24,"D6",2,0.448229006250566,0.448229006250566
8,24,"D6",3,0.302925989672978,0.675828617623282
8,24,"D6",4,0.236108343147024,0.779425837320574
8,24,"D6",5,0.196575776791376,0.83256599140577
8,24,"D6",6,0.169580577950901,0.862672811059908
8,24,"D6",7,0.149017121116043,0.878739316239316
8,24,"D6",8,0.131896005072923,0.885106382978723
8,24,"D7",1,1,NA
8,24,"D7",2,0.404165310771233,0.404165310771233
8,24,"D7",3,0.260169215750081,0.643719806763285
8,24,"D7",4,0.19498861047836,0.749468417761101
8,24,"D7",5,0.156849983729255,0.804405874499332
8,24,"D7",6,0.131793036121054,0.840248962655602
8,24,"D7",7,0.113895216400911,0.864197530864197
8,24,"D7",8,0.100227790432802,0.88
8,25,"D0",1,1,NA
8,25,"D0",2,0.832082422860521,0.832082422860521
8,25,"D0",3,0.744719257687557,0.895006596975541
8,25,"D0",4,0.691271072827269,0.928230424675398
8,25,"D0",5,0.654294792623323,0.946509724394058
8,25,"D0",6,0.625919709493197,0.956632570746346
8,25,"D0",7,0.602527155841277,0.962626909974028
8,25,"D0",8,0.582280351732801,0.966396860436596
8,25,"D1",1,1,NA
8,25,"D1",2,0.694457034082669,0.694457034082669
8,25,"D1",3,0.555803571428571,0.800342633382281
8,25,"D1",4,0.47721174764322,0.858597843149247
8,25,"D1",5,0.426645213923133,0.894037533715762
8,25,"D1",6,0.391361493836113,0.917299622882031
8,25,"D1",7,0.365482233502538,0.933873769542559
8,25,"D1",8,0.345812182741117,0.946180555555556
8,25,"D3",1,1,NA
8,25,"D3",2,0.589005470361403,0.589005470361403
8,25,"D3",3,0.4605864944848,0.781973203410475
8,25,"D3",4,0.398780378441395,0.865809968847352
8,25,"D3",5,0.361940633127074,0.907618961950166
8,25,"D3",6,0.336472065285625,0.929633300297324
8,25,"D3",7,0.317011927181419,0.942164179104477
8,25,"D3",8,0.301318267419962,0.95049504950495
8,25,"D5",1,1,NA
8,25,"D5",2,0.551142725416584,0.551142725416584
8,25,"D5",3,0.400645458736745,0.726935946462715
8,25,"D5",4,0.323467035500231,0.807364787111623
8,25,"D5",5,0.275703088981097,0.852337514253136
8,25,"D5",6,0.242903247052625,0.881032011466794
8,25,"D5",7,0.218533886583679,0.899674620390456
8,25,"D5",8,0.199170124481328,0.911392405063291
8,25,"D6",1,1,NA
8,25,"D6",2,0.427970827970828,0.427970827970828
8,25,"D6",3,0.269412269412269,0.629510825982358
8,25,"D6",4,0.197134277134277,0.73171974522293
8,25,"D6",5,0.155298155298155,0.787778551532033
8,25,"D6",6,0.127327327327327,0.819889502762431
8,25,"D6",7,0.106906906906907,0.839622641509434
8,25,"D6",8,0.0912912912912913,0.853932584269663
8,25,"D7",1,1,NA
8,25,"D7",2,0.297921478060046,0.297921478060046
8,25,"D7",3,0.168261299901023,0.564784053156146
8,25,"D7",4,0.117980864401188,0.701176470588235
8,25,"D7",5,0.0910590564170241,0.771812080536913
8,25,"D7",6,0.0745628505443748,0.818840579710145
8,25,"D7",7,0.0635103926096998,0.851769911504425
8,25,"D7",8,0.0554272517321016,0.872727272727273
8,26,"D0",1,1,NA
8,26,"D0",2,0.82484398718165,0.82484398718165
8,26,"D0",3,0.734630629111149,0.890629792454759
8,26,"D0",4,0.680527913644797,0.926353852776582
8,26,"D0",5,0.644111570247934,0.946488097450958
8,26,"D0",6,0.617810760667904,0.959167307660835
8,26,"D0",7,0.597771546635183,0.967564155064155
8,26,"D0",8,0.5814639905549,0.972719417355882
8,26,"D1",1,1,NA
8,26,"D1",2,0.693500963195782,0.693500963195782
8,26,"D1",3,0.553336262349747,0.797888239116309
8,26,"D1",4,0.47332905246319,0.855409422207745
8,26,"D1",5,0.421654443655863,0.890827303884235
8,26,"D1",6,0.385796523482826,0.91495898901921
8,26,"D1",7,0.359671950161659,0.932284062372248
8,26,"D1",8,0.34003627474174,0.945406709055032
8,26,"D3",1,1,NA
8,26,"D3",2,0.573675074032472,0.573675074032472
8,26,"D3",3,0.450985397733075,0.786133855464578
8,26,"D3",4,0.394404166241193,0.874538661836296
8,26,"D3",5,0.360818952312877,0.914845691797846
8,26,"D3",6,0.33728173184928,0.934767227960945
8,26,"D3",7,0.31879914224446,0.945201332122313
8,26,"D3",8,0.303073624017155,0.95067264573991
8,26,"D5",1,1,NA
8,26,"D5",2,0.551057717419692,0.551057717419692
8,26,"D5",3,0.396056411595717,0.71872037914692
8,26,"D5",4,0.31835988508749,0.803824596109463
8,26,"D5",5,0.271350221990076,0.85233798195242
8,26,"D5",6,0.239226952206843,0.881616939364774
8,26,"D5",7,0.215722120658135,0.90174672489083
8,26,"D5",8,0.197440585009141,0.915254237288136
8,26,"D6",1,1,NA
8,26,"D6",2,0.467409658899021,0.467409658899021
8,26,"D6",3,0.30741303613644,0.657695086705202
8,26,"D6",4,0.23532590341101,0.765503982422411
8,26,"D6",5,0.195542046605876,0.830941446613088
8,26,"D6",6,0.169537318473489,0.867012089810017
8,26,"D6",7,0.150709219858156,0.88894422310757
8,26,"D6",8,0.137115839243499,0.909803921568628
8,26,"D7",1,1,NA
8,26,"D7",2,0.327067669172932,0.327067669172932
8,26,"D7",3,0.183458646616541,0.560919540229885
8,26,"D7",4,0.127518796992481,0.695081967213115
8,26,"D7",5,0.100751879699248,0.790094339622642
8,26,"D7",6,0.0868421052631579,0.861940298507463
8,26,"D7",7,0.0789473684210526,0.909090909090909
8,26,"D7",8,0.0736842105263158,0.933333333333333
8,27,"D0",1,1,NA
8,27,"D0",2,0.825354553716737,0.825354553716737
8,27,"D0",3,0.736140172891172,0.89190781049936
8,27,"D0",4,0.68261999873185,0.927296218668351
8,27,"D0",5,0.646376260224463,0.946904956528201
8,27,"D0",6,0.619914188489421,0.959060885488196
8,27,"D0",7,0.5994229915668,0.966945107398568
8,27,"D0",8,0.582334664891256,0.971492039985191
8,27,"D1",1,1,NA
8,27,"D1",2,0.674980496535267,0.674980496535267
8,27,"D1",3,0.52801615345785,0.782268756161403
8,27,"D1",4,0.444486255793676,0.841804276029897
8,27,"D1",5,0.390539672341792,0.878631605030044
8,27,"D1",6,0.352760313891056,0.903263711406833
8,27,"D1",7,0.324767105685834,0.920645245219201
8,27,"D1",8,0.303244458721491,0.933728981206726
8,27,"D3",1,1,NA
8,27,"D3",2,0.593038888612259,0.593038888612259
8,27,"D3",3,0.467808594333516,0.788832913518052
8,27,"D3",4,0.406393467111487,0.868717402873869
8,27,"D3",5,0.369068366279938,0.90815526367379
8,27,"D3",6,0.343076233630434,0.929573664328117
8,27,"D3",7,0.323109097246427,0.941799709724238
8,27,"D3",8,0.30672708260718,0.949298813376483
8,27,"D5",1,1,NA
8,27,"D5",2,0.572534766118837,0.572534766118837
8,27,"D5",3,0.432917193426043,0.756141319348606
8,27,"D5",4,0.361378002528445,0.834750866946523
8,27,"D5",5,0.315423514538559,0.872835403183488
8,27,"D5",6,0.281447534766119,0.892284569138277
8,27,"D5",7,0.253871681415929,0.902021336327906
8,27,"D5",8,0.230088495575221,0.906318082788671
8,27,"D6",1,1,NA
8,27,"D6",2,0.470917778876256,0.470917778876256
8,27,"D6",3,0.324188498928983,0.688418474457663
8,27,"D6",4,0.258757620695337,0.798170266836086
8,27,"D6",5,0.220464656450816,0.852012226184412
8,27,"D6",6,0.194595485252925,0.882660687593423
8,27,"D6",7,0.175893886966551,0.9038950042337
8,27,"D6",8,0.161476355247982,0.918032786885246
8,27,"D7",1,1,NA
8,27,"D7",2,0.379220779220779,0.379220779220779
8,27,"D7",3,0.238961038961039,0.63013698630137
8,27,"D7",4,0.179480519480519,0.751086956521739
8,27,"D7",5,0.147077922077922,0.819464544138929
8,27,"D7",6,0.126298701298701,0.858719646799117
8,27,"D7",7,0.111363636363636,0.881748071979434
8,27,"D7",8,0.1,0.897959183673469
8,28,"D0",1,1,NA
8,28,"D0",2,0.824371619471842,0.824371619471842
8,28,"D0",3,0.734213596351681,0.890634246751576
8,28,"D0",4,0.679512143387422,0.925496540467145
8,28,"D0",5,0.641966274260261,0.944745845247162
8,28,"D0",6,0.614466009120798,0.957162445688986
8,28,"D0",7,0.593318485523385,0.965583900031068
8,28,"D0",8,0.576095025983667,0.970970970970971
8,28,"D1",1,1,NA
8,28,"D1",2,0.665146826053061,0.665146826053061
8,28,"D1",3,0.515403151503697,0.774871248446102
8,28,"D1",4,0.432044224999409,0.838264616230834
8,28,"D1",5,0.379278981313048,0.877870734908136
8,28,"D1",6,0.343003614543221,0.904357033853437
8,28,"D1",7,0.316685959980155,0.923272952682692
8,28,"D1",8,0.297006780221597,0.937859007832898
8,28,"D3",1,1,NA
8,28,"D3",2,0.580320094842916,0.580320094842916
8,28,"D3",3,0.457567674372654,0.788474633980252
8,28,"D3",4,0.399881446354475,0.87392853287272
8,28,"D3",5,0.3659849832049,0.915233718746912
8,28,"D3",6,0.34331159849832,0.938048319611284
8,28,"D3",7,0.326417704011065,0.950791366906475
8,28,"D3",8,0.312586445366528,0.957627118644068
8,28,"D5",1,1,NA
8,28,"D5",2,0.533904855596936,0.533904855596936
8,28,"D5",3,0.376993886585623,0.706106870229008
8,28,"D5",4,0.29715410020378,0.788219944082013
8,28,"D5",5,0.248893261190359,0.837589860007567
8,28,"D5",6,0.215585693204975,0.86617730095991
8,28,"D5",7,0.189867191342843,0.880704041720991
8,28,"D5",8,0.169208066896212,0.89119170984456
8,28,"D6",1,1,NA
8,28,"D6",2,0.44796104686549,0.44796104686549
8,28,"D6",3,0.297713242326754,0.664596273291925
8,28,"D6",4,0.238031475523867,0.799532710280374
8,28,"D6",5,0.20789496565516,0.873392752776154
8,28,"D6",6,0.189548734892618,0.911752404851527
8,28,"D6",7,0.176506390748631,0.931192660550459
8,28,"D6",8,0.165550821667681,0.937931034482758
8,28,"D7",1,1,NA
8,28,"D7",2,0.3151841868823,0.3151841868823
8,28,"D7",3,0.183827493261456,0.583238312428734
8,28,"D7",4,0.132542677448338,0.721016617790811
8,28,"D7",5,0.105300988319856,0.794468546637744
8,28,"D7",6,0.0887690925426775,0.843003412969283
8,28,"D7",7,0.0779874213836478,0.878542510121457
8,28,"D7",8,0.070440251572327,0.903225806451613
8,29,"D0",1,1,NA
8,29,"D0",2,0.826926330034678,0.826926330034678
8,29,"D0",3,0.738433561701768,0.892985910450814
8,29,"D0",4,0.68530829738645,0.928056812324609
8,29,"D0",5,0.649613042375032,0.947913581161137
8,29,"D0",6,0.624016747018523,0.960597627068991
8,29,"D0",7,0.604573712255773,0.968842126664634
8,29,"D0",8,0.588513913558319,0.97343616109683
8,29,"D1",1,1,NA
8,29,"D1",2,0.678245283660991,0.678245283660991
8,29,"D1",3,0.530464770677587,0.782113467585469
8,29,"D1",4,0.44559902893898,0.84001625286029
8,29,"D1",5,0.390284852128734,0.875865580448065
8,29,"D1",6,0.351260904584179,0.900011626555052
8,29,"D1",7,0.322401334074486,0.917840072342075
8,29,"D1",8,0.300484396093068,0.932019704433498
8,29,"D3",1,1,NA
8,29,"D3",2,0.593856655290102,0.593856655290102
8,29,"D3",3,0.474305216967333,0.798686371100164
8,29,"D3",4,0.414822038030229,0.874588815789474
8,29,"D3",5,0.376743052169673,0.908204043253409
8,29,"D3",6,0.349195514383228,0.926879772227255
8,29,"D3",7,0.327986348122867,0.939262775760961
8,29,"D3",8,0.311262798634812,0.949011446409989
8,29,"D5",1,1,NA
8,29,"D5",2,0.527679976028167,0.527679976028167
8,29,"D5",3,0.382650385796689,0.725156161272005
8,29,"D5",4,0.31223312607686,0.815974941268598
8,29,"D5",5,0.26953329837441,0.863243761996161
8,29,"D5",6,0.240317626788523,0.891606448026681
8,29,"D5",7,0.218668065023597,0.909912718204489
8,29,"D5",8,0.201363398007341,0.920863309352518
8,29,"D6",1,1,NA
8,29,"D6",2,0.442090283816903,0.442090283816903
8,29,"D6",3,0.287058265475532,0.649320457796853
8,29,"D6",4,0.219843465886631,0.765849628201597
8,29,"D6",5,0.183571823859594,0.835011507479862
8,29,"D6",6,0.161593801881572,0.880275624461671
8,29,"D6",7,0.147205312672939,0.910958904109589
8,29,"D6",8,0.137244050913116,0.932330827067669
8,29,"D7",1,1,NA
8,29,"D7",2,0.348225322267349,0.348225322267349
8,29,"D7",3,0.212608158220025,0.610547667342799
8,29,"D7",4,0.154829595620696,0.728239202657807
8,29,"D7",5,0.121666960974748,0.785812043795621
8,29,"D7",6,0.101006533639414,0.830188679245283
8,29,"D7",7,0.0877626699629172,0.868881118881119
8,29,"D7",8,0.0791100123609394,0.901408450704225
8,30,"D0",1,1,NA
8,30,"D0",2,0.831500201326637,0.831500201326637
8,30,"D0",3,0.74490855532244,0.895860944030992
8,30,"D0",4,0.691114078029966,0.927783783783784
8,30,"D0",5,0.653241358848835,0.945200480810509
8,30,"D0",6,0.624769533981817,0.956414540381839
8,30,"D0",7,0.60250704643228,0.964366880363624
8,30,"D0",8,0.58507639816051,0.971069801797365
8,30,"D1",1,1,NA
8,30,"D1",2,0.669074195666448,0.669074195666448
8,30,"D1",3,0.519580714754713,0.776566661993551
8,30,"D1",4,0.43513741675265,0.837477997923907
8,30,"D1",5,0.38116733889879,0.875970036645829
8,30,"D1",6,0.343799831160304,0.901965609523517
8,30,"D1",7,0.3163985554826,0.920298751790464
8,30,"D1",8,0.295469468154957,0.933852140077821
8,30,"D3",1,1,NA
8,30,"D3",2,0.587267556333406,0.587267556333406
8,30,"D3",3,0.459855611463575,0.783042765608702
8,30,"D3",4,0.39791730474732,0.865309229305423
8,30,"D3",5,0.359264931087289,0.902863300492611
8,30,"D3",6,0.331481076350908,0.922664718061138
8,30,"D3",7,0.309647779479326,0.934134107708553
8,30,"D3",8,0.291577335375191,0.94164193867458
8,30,"D5",1,1,NA
8,30,"D5",2,0.566854855999428,0.566854855999428
8,30,"D5",3,0.429429000214393,0.757564296520424
8,30,"D5",4,0.360751804473665,0.840073223498086
8,30,"D5",5,0.318587865361252,0.883122028526149
8,30,"D5",6,0.289716286714786,0.909376401973979
8,30,"D5",7,0.268634317158579,0.927232363098175
8,30,"D5",8,0.252126063031516,0.938547486033519
8,30,"D6",1,1,NA
8,30,"D6",2,0.48497171145686,0.48497171145686
8,30,"D6",3,0.327793493635078,0.675902296755377
8,30,"D6",4,0.254667609618105,0.776914778856526
8,30,"D6",5,0.213136492220651,0.83692029991669
8,30,"D6",6,0.185643564356436,0.871007880547491
8,30,"D6",7,0.165222772277228,0.89
8,30,"D6",8,0.148514851485149,0.898876404494382
8,30,"D7",1,1,NA
8,30,"D7",2,0.3590333716916,0.3590333716916
8,30,"D7",3,0.21009370376459,0.585164835164835
8,30,"D7",4,0.147953312510275,0.704225352112676
8,30,"D7",5,0.111951339799441,0.756666666666667
8,30,"D7",6,0.0894295577839882,0.798825256975037
8,30,"D7",7,0.0747986191024166,0.836397058823529
8,30,"D7",8,0.0644418872266974,0.861538461538462
8,31,"D0",1,1,NA
8,31,"D0",2,0.825481935401506,0.825481935401506
8,31,"D0",3,0.736967530533214,0.89277245076812
8,31,"D0",4,0.683782288608026,0.927832313200139
8,31,"D0",5,0.647740329375718,0.947290300095841
8,31,"D0",6,0.621707306693902,0.959809476882648
8,31,"D0",7,0.602025618111409,0.968342516855471
8,31,"D0",8,0.586237712243074,0.9737753587333
8,31,"D1",1,1,NA
8,31,"D1",2,0.67780248136671,0.67780248136671
8,31,"D1",3,0.530683009434723,0.782946395186784
8,31,"D1",4,0.446378748257629,0.841140078581197
8,31,"D1",5,0.391397007153801,0.876827153357007
8,31,"D1",6,0.352506134297925,0.900635742877325
8,31,"D1",7,0.323522296588985,0.917777777777778
8,31,"D1",8,0.301266026933312,0.931206380857428
8,31,"D3",1,1,NA
8,31,"D3",2,0.589032258064516,0.589032258064516
8,31,"D3",3,0.461705069124424,0.783836645282428
8,31,"D3",4,0.399336405529954,0.864916658349137
8,31,"D3",5,0.360460829493088,0.902649556868538
8,31,"D3",6,0.333087557603687,0.92406034262337
8,31,"D3",7,0.31258064516129,0.938433868289983
8,31,"D3",8,0.296774193548387,0.949432404540764
8,31,"D5",1,1,NA
8,31,"D5",2,0.562594893029676,0.562594893029676
8,31,"D5",3,0.417184265010352,0.741535819430814
8,31,"D5",4,0.344568668046929,0.825938792390405
8,31,"D5",5,0.299102829537612,0.868049991988463
8,31,"D5",6,0.266804692891649,0.892016612828796
8,31,"D5",7,0.241545893719807,0.90532850491464
8,31,"D5",8,0.220289855072464,0.912
8,31,"D6",1,1,NA
8,31,"D6",2,0.432133483314586,0.432133483314586
8,31,"D6",3,0.278121484814398,0.643600867678959
8,31,"D6",4,0.214698162729659,0.77195820694304
8,31,"D6",5,0.180633670791151,0.841337757596926
8,31,"D6",6,0.159167604049494,0.881162428645563
8,31,"D6",7,0.143700787401575,0.902826855123675
8,31,"D6",8,0.131233595800525,0.91324200913242
8,31,"D7",1,1,NA
8,31,"D7",2,0.309777642400244,0.309777642400244
8,31,"D7",3,0.178038379530917,0.574729596853491
8,31,"D7",4,0.124276576302163,0.69803250641574
8,31,"D7",5,0.09259823332318,0.745098039215686
8,31,"D7",6,0.0718854706061529,0.776315789473684
8,31,"D7",7,0.05863539445629,0.815677966101695
8,31,"D7",8,0.0511727078891258,0.872727272727273
8,32,"D0",1,1,NA
8,32,"D0",2,0.832048330200038,0.832048330200038
8,32,"D0",3,0.744006252508397,0.894186341711094
8,32,"D0",4,0.68970237215099,0.927011526886605
8,32,"D0",5,0.652109165416869,0.945493580634096
8,32,"D0",6,0.623370862465939,0.955930226908314
8,32,"D0",7,0.599955640987727,0.962437735081834
8,32,"D0",8,0.580215880526394,0.967097966728281
8,32,"D1",1,1,NA
8,32,"D1",2,0.667431192660551,0.667431192660551
8,32,"D1",3,0.516874180865007,0.774423171330388
8,32,"D1",4,0.431801160831305,0.835408648403894
8,32,"D1",5,0.37762123197903,0.874525745257453
8,32,"D1",6,0.340526118704363,0.901766346451813
8,32,"D1",7,0.31389252948886,0.921786941580756
8,32,"D1",8,0.294233289646134,0.937369519832985
8,32,"D3",1,1,NA
8,32,"D3",2,0.582253886010363,0.582253886010363
8,32,"D3",3,0.454478164322724,0.78054981725727
8,32,"D3",4,0.392153960029608,0.862866449511401
8,32,"D3",5,0.353858253145818,0.902345224613062
8,32,"D3",6,0.326887490747594,0.923780886390378
8,32,"D3",7,0.306347150259067,0.937163883385225
8,32,"D3",8,0.290155440414508,0.947145877378435
8,32,"D5",1,1,NA
8,32,"D5",2,0.542785892411828,0.542785892411828
8,32,"D5",3,0.3948699679373,0.727487529535311
8,32,"D5",4,0.321083006768792,0.813136051966799
8,32,"D5",5,0.27538297114357,0.85766909284573
8,32,"D5",6,0.243676522978269,0.884864165588616
8,32,"D5",7,0.220448877805486,0.904678362573099
8,32,"D5",8,0.203491271820449,0.923076923076923
8,32,"D6",1,1,NA
8,32,"D6",2,0.447161860695695,0.447161860695695
8,32,"D6",3,0.281417830290011,0.629342202512934
8,32,"D6",4,0.211517805502768,0.751614797416324
8,32,"D6",5,0.176650417251921,0.83515625
8,32,"D6",6,0.157316367842684,0.890551917680075
8,32,"D6",7,0.145748987854251,0.926470588235294
8,32,"D6",8,0.138808559861191,0.952380952380953
8,32,"D7",1,1,NA
8,32,"D7",2,0.319586012231457,0.319586012231457
8,32,"D7",3,0.184569546808844,0.577526987242395
8,32,"D7",4,0.125952642308295,0.682412914188615
8,32,"D7",5,0.0928336208248393,0.737051792828685
8,32,"D7",6,0.0727614865924416,0.783783783783784
8,32,"D7",7,0.0603732162458836,0.829741379310345
8,32,"D7",8,0.0526893523600439,0.872727272727273
8,33,"D0",1,1,NA
8,33,"D0",2,0.83767957197624,0.83767957197624
8,33,"D0",3,0.751190125121119,0.896751156708912
8,33,"D0",4,0.697206892193622,0.928136391677416
8,33,"D0",5,0.65965581160214,0.946140692222169
8,33,"D0",6,0.630976955807389,0.956524515830313
8,33,"D0",7,0.607637864936597,0.963011183441829
8,33,"D0",8,0.588027130639929,0.967726280029119
8,33,"D1",1,1,NA
8,33,"D1",2,0.687759070956271,0.687759070956271
8,33,"D1",3,0.542468189142635,0.788747414684591
8,33,"D1",4,0.457462910485081,0.843299053550211
8,33,"D1",5,0.401055731510807,0.876695623445274
8,33,"D1",6,0.360593432238706,0.899110532295159
8,33,"D1",7,0.329910540645663,0.914910009861933
8,33,"D1",8,0.305562038117464,0.926196651733082
8,33,"D3",1,1,NA
8,33,"D3",2,0.589761092150171,0.589761092150171
8,33,"D3",3,0.466211604095563,0.790509259259259
8,33,"D3",4,0.407957094100439,0.87504706128425
8,33,"D3",5,0.372842515845929,0.913925805526341
8,33,"D3",6,0.348220380302292,0.933961030469465
8,33,"D3",7,0.329351535836177,0.945813497619714
8,33,"D3",8,0.313993174061433,0.953367875647668
8,33,"D5",1,1,NA
8,33,"D5",2,0.549935520848259,0.549935520848259
8,33,"D5",3,0.406361942971772,0.738926524231371
8,33,"D5",4,0.337354921908583,0.830183356840621
8,33,"D5",5,0.295099584467689,0.874745158002039
8,33,"D5",6,0.265367531164923,0.899247390143239
8,33,"D5",7,0.242728184553661,0.914686825053996
8,33,"D5",8,0.224674022066199,0.925619834710744
8,33,"D6",1,1,NA
8,33,"D6",2,0.437584749142538,0.437584749142538
8,33,"D6",3,0.278535534816942,0.636529347429821
8,33,"D6",4,0.209236659487916,0.751202749140893
8,33,"D6",5,0.172050729839675,0.82227813357731
8,33,"D6",6,0.149318018664752,0.867872044506259
8,33,"D6",7,0.133445002791736,0.893696581196581
8,33,"D6",8,0.120603015075377,0.903765690376569
8,33,"D7",1,1,NA
8,33,"D7",2,0.420755030766672,0.420755030766672
8,33,"D7",3,0.282554465325129,0.671541501976285
8,33,"D7",4,0.21832695825711,0.772689817539729
8,33,"D7",5,0.178280392482954,0.816575258988422
8,33,"D7",6,0.150340927989356,0.843283582089552
8,33,"D7",7,0.129220023282887,0.859513274336283
8,33,"D7",8,0.111757857974389,0.864864864864865
8,34,"D0",1,1,NA
8,34,"D0",2,0.834638036939092,0.834638036939092
8,34,"D0",3,0.748991181397701,0.897384432830922
8,34,"D0",4,0.696090103568531,0.929370226054664
8,34,"D0",5,0.659646202311591,0.947644850759823
8,34,"D0",6,0.632874316479302,0.959414780622594
8,34,"D0",7,0.612213290065639,0.967353665845375
8,34,"D0",8,0.595914152961133,0.973376701602217
8,34,"D1",1,1,NA
8,34,"D1",2,0.680779096955801,0.680779096955801
8,34,"D1",3,0.534391954779687,0.784971156090567
8,34,"D1",4,0.449397289505346,0.840950701981691
8,34,"D1",5,0.393634650745727,0.875916833363642
8,34,"D1",6,0.354180381830151,0.899769319492503
8,34,"D1",7,0.324725885904974,0.916837584925009
8,34,"D1",8,0.301922771333227,0.929777342794226
8,34,"D3",1,1,NA
8,34,"D3",2,0.59380903938381,0.59380903938381
8,34,"D3",3,0.471297776485976,0.793685756240822
8,34,"D3",4,0.413699559172601,0.877788056326447
8,34,"D3",5,0.380177299811074,0.918969555035129
8,34,"D3",6,0.357893716998498,0.941386340468909
8,34,"D3",7,0.341471685317057,0.954114780725501
8,34,"D3",8,0.328246863343506,0.961271102284012
8,34,"D5",1,1,NA
8,34,"D5",2,0.569903652873085,0.569903652873085
8,34,"D5",3,0.427739654813891,0.750547312089516
8,34,"D5",4,0.355721910307063,0.831631826284233
8,34,"D5",5,0.311429957718167,0.875487139516758
8,34,"D5",6,0.280446385249879,0.900511907411529
8,34,"D5",7,0.256671518680252,0.91522491349481
8,34,"D5",8,0.236778262979136,0.922495274102079
8,34,"D6",1,1,NA
8,34,"D6",2,0.44947920626473,0.44947920626473
8,34,"D6",3,0.299475404850604,0.66627198917456
8,34,"D6",4,0.234106287538964,0.781721249047982
8,34,"D6",5,0.195924884056869,0.836905689789556
8,34,"D6",6,0.170151296282217,0.868451688009313
8,34,"D6",7,0.151144225651943,0.888293118856121
8,34,"D6",8,0.136242682277807,0.901408450704225
8,34,"D7",1,1,NA
8,34,"D7",2,0.387734632468835,0.387734632468835
8,34,"D7",3,0.249605960739361,0.643754619364375
8,34,"D7",4,0.194297177246024,0.77841561423651
8,34,"D7",5,0.163633758418111,0.842182890855457
8,34,"D7",6,0.142713855853274,0.87215411558669
8,34,"D7",7,0.126379137412237,0.885542168674699
8,34,"D7",8,0.112337011033099,0.888888888888889
8,35,"D0",1,1,NA
8,35,"D0",2,0.82506898747612,0.82506898747612
8,35,"D0",3,0.735735512630015,0.891726054181996
8,35,"D0",4,0.681927403948206,0.926864875001803
8,35,"D0",5,0.645266397792401,0.946239136389671
8,35,"D0",6,0.618552324347272,0.958599930917644
8,35,"D0",7,0.598068350668648,0.966884008236102
8,35,"D0",8,0.581277860326895,0.971925465838509
8,35,"D1",1,1,NA
8,35,"D1",2,0.704790040092847,0.704790040092847
8,35,"D1",3,0.570240223898002,0.809092341632524
8,35,"D1",4,0.492966537466265,0.864489239458565
8,35,"D1",5,0.442587265801135,0.897803871386346
8,35,"D1",6,0.407214491176242,0.920077287897418
8,35,"D1",7,0.381170799968903,0.936044291714395
8,35,"D1",8,0.3613464977066,0.947991025902509
8,35,"D3",1,1,NA
8,35,"D3",2,0.593273009779728,0.593273009779728
8,35,"D3",3,0.465862352618591,0.785241103065783
8,35,"D3",4,0.402486061603144,0.863959191681381
8,35,"D3",5,0.363677908783475,0.903578889999092
8,35,"D3",6,0.336989306279134,0.926614727318422
8,35,"D3",7,0.317338451695457,0.94168700840792
8,35,"D3",8,0.301983365323097,0.951612903225806
8,35,"D5",1,1,NA
8,35,"D5",2,0.545282881836008,0.545282881836008
8,35,"D5",3,0.39552618200305,0.725359616409163
8,35,"D5",4,0.319558428353548,0.807932427469703
8,35,"D5",5,0.271697291016051,0.850227272727273
8,35,"D5",6,0.237490013799114,0.874097834803528
8,35,"D5",7,0.211489578037621,0.890519877675841
8,35,"D5",8,0.19115404168785,0.903846153846154
8,35,"D6",1,1,NA
8,35,"D6",2,0.43763487268019,0.43763487268019
8,35,"D6",3,0.273457056538628,0.624852071005917
8,35,"D6",4,0.199775571860164,0.730555555555556
8,35,"D6",5,0.158567112645663,0.793726235741445
8,35,"D6",6,0.131894691411308,0.83179096352749
8,35,"D6",7,0.11238670694864,0.852094240837696
8,35,"D6",8,0.0966767371601208,0.860215053763441
8,35,"D7",1,1,NA
8,35,"D7",2,0.316690962099125,0.316690962099125
8,35,"D7",3,0.173104956268222,0.546605293440737
8,35,"D7",4,0.117638483965015,0.679578947368421
8,35,"D7",5,0.0901967930029155,0.766728624535316
8,35,"D7",6,0.0750728862973761,0.832323232323232
8,35,"D7",7,0.0663265306122449,0.883495145631068
8,35,"D7",8,0.0612244897959184,0.923076923076923
8,36,"D0",1,1,NA
8,36,"D0",2,0.828820579435471,0.828820579435471
8,36,"D0",3,0.741404827564178,0.89452994527376
8,36,"D0",4,0.687690456670109,0.927550551470588
8,36,"D0",5,0.65058188438974,0.946038843609879
8,36,"D0",6,0.623324353964587,0.958102844424078
8,36,"D0",7,0.602519192069762,0.966622254108162
8,36,"D0",8,0.586718342401431,0.9737753587333
8,36,"D1",1,1,NA
8,36,"D1",2,0.680009889418322,0.680009889418322
8,36,"D1",3,0.531061763912614,0.78096182449182
8,36,"D1",4,0.444079834577003,0.836211274758761
8,36,"D1",5,0.386620066528814,0.870609373418362
8,36,"D1",6,0.345702598219905,0.894166206435485
8,36,"D1",7,0.315056639395846,0.911351667641896
8,36,"D1",8,0.29137822529893,0.924843945068664
8,36,"D3",1,1,NA
8,36,"D3",2,0.593611357586513,0.593611357586513
8,36,"D3",3,0.467080745341615,0.786846038863976
8,36,"D3",4,0.406495119787045,0.870288753799392
8,36,"D3",5,0.370141969831411,0.910569283157251
8,36,"D3",6,0.345252883762201,0.932758000719166
8,36,"D3",7,0.327018633540373,0.947185813415574
8,36,"D3",8,0.31304347826087,0.957264957264957
8,36,"D5",1,1,NA
8,36,"D5",2,0.533126293995859,0.533126293995859
8,36,"D5",3,0.39019520851819,0.731900138696255
8,36,"D5",4,0.319136350192251,0.817888952056092
8,36,"D5",5,0.273365868086365,0.856580166821131
8,36,"D5",6,0.239574090505768,0.876386259129024
8,36,"D5",7,0.212732919254658,0.887962962962963
8,36,"D5",8,0.19047619047619,0.895377128953771
8,36,"D6",1,1,NA
8,36,"D6",2,0.438095238095238,0.438095238095238
8,36,"D6",3,0.281887755102041,0.643439440993789
8,36,"D6",4,0.211904761904762,0.751734539969834
8,36,"D6",5,0.172448979591837,0.813804173354735
8,36,"D6",6,0.146938775510204,0.85207100591716
8,36,"D6",7,0.128571428571429,0.875
8,36,"D6",8,0.114285714285714,0.888888888888889
8,36,"D7",1,1,NA
8,36,"D7",2,0.332788492971559,0.332788492971559
8,36,"D7",3,0.194508009153318,0.584479371316307
8,36,"D7",4,0.135599869238313,0.697142857142857
8,36,"D7",5,0.102974828375286,0.759402121504339
8,36,"D7",6,0.0830336711343576,0.806349206349206
8,36,"D7",7,0.0709382151029748,0.854330708661417
8,36,"D7",8,0.0640732265446224,0.903225806451613
8,37,"D0",1,1,NA
8,37,"D0",2,0.838922590567327,0.838922590567327
8,37,"D0",3,0.753791438824334,0.898523233609166
8,37,"D0",4,0.698043403964457,0.926043157313082
8,37,"D0",5,0.657499572795625,0.941917893731869
8,37,"D0",6,0.626302973342447,0.952552669622988
8,37,"D0",7,0.601525119617225,0.960437911394564
8,37,"D0",8,0.58133971291866,0.966442953020134
8,37,"D1",1,1,NA
8,37,"D1",2,0.669980234184458,0.669980234184458
8,37,"D1",3,0.518858437460266,0.774438425175115
8,37,"D1",4,0.432563892131818,0.833683835323472
8,37,"D1",5,0.377110954423035,0.871804053187396
8,37,"D1",6,0.338723660027973,0.898206896551724
8,37,"D1",7,0.310866574965612,0.917758667758668
8,37,"D1",8,0.289991099603528,0.932847475273295
8,37,"D3",1,1,NA
8,37,"D3",2,0.597806137692603,0.597806137692603
8,37,"D3",3,0.472619403303598,0.790589747251178
8,37,"D3",4,0.410943702249349,0.869502393208706
8,37,"D3",5,0.372999274403517,0.907665143331948
8,37,"D3",6,0.34649366170131,0.928939237899073
8,37,"D3",7,0.326561099492082,0.942473515644247
8,37,"D3",8,0.310726023304452,0.951509606587374
8,37,"D5",1,1,NA
8,37,"D5",2,0.541467035562454,0.541467035562454
8,37,"D5",3,0.396045617113166,0.731430707876371
8,37,"D5",4,0.327471489304272,0.826852956210598
8,37,"D5",5,0.287738713813348,0.878667985492911
8,37,"D5",6,0.261826034145354,0.909943714821764
8,37,"D5",7,0.243741143127067,0.930927835051546
8,37,"D5",8,0.230514879546528,0.945736434108527
8,37,"D6",1,1,NA
8,37,"D6",2,0.412177985948478,0.412177985948478
8,37,"D6",3,0.257070798054405,0.623688811188811
8,37,"D6",4,0.193046297964331,0.750946040644709
8,37,"D6",5,0.159700954782922,0.827267637178052
8,37,"D6",6,0.139614483876779,0.874224478285392
8,37,"D6",7,0.126103404791929,0.903225806451613
8,37,"D6",8,0.116015132408575,0.92
8,37,"D7",1,1,NA
8,37,"D7",2,0.373165618448637,0.373165618448637
8,37,"D7",3,0.238244983528002,0.638443017656501
8,37,"D7",4,0.182449835280024,0.76580766813325
8,37,"D7",5,0.152890086852351,0.837984241628365
8,37,"D7",6,0.135669362084456,0.887365328109696
8,37,"D7",7,0.124737945492662,0.919426048565121
8,37,"D7",8,0.117400419287212,0.941176470588235
8,38,"D0",1,1,NA
8,38,"D0",2,0.83449682492956,0.83449682492956
8,38,"D0",3,0.747813196517936,0.896124675586464
8,38,"D0",4,0.693763404684806,0.927722869715587
8,38,"D0",5,0.656335422011018,0.946050797114627
8,38,"D0",6,0.628706001093402,0.957903504837573
8,38,"D0",7,0.607300559317044,0.965953177257525
8,38,"D0",8,0.590521047983515,0.972370334464372
8,38,"D1",1,1,NA
8,38,"D1",2,0.698642312734707,0.698642312734707
8,38,"D1",3,0.559362709152723,0.800642473203778
8,38,"D1",4,0.478812523609537,0.855996504190998
8,38,"D1",5,0.426438237450837,0.89061629849638
8,38,"D1",6,0.389751794324823,0.913970090146423
8,38,"D1",7,0.362575828278115,0.930273660205245
8,38,"D1",8,0.341577228184788,0.942084942084942
8,38,"D3",1,1,NA
8,38,"D3",2,0.57772261867825,0.57772261867825
8,38,"D3",3,0.444572492354062,0.769525855454964
8,38,"D3",4,0.380408669828465,0.85567298105683
8,38,"D3",5,0.342139089579363,0.899398769574944
8,38,"D3",6,0.315766145117681,0.922917476357041
8,38,"D3",7,0.295997517840521,0.937394722066255
8,38,"D3",8,0.280484021098356,0.947589098532495
8,38,"D5",1,1,NA
8,38,"D5",2,0.533780011166946,0.533780011166946
8,38,"D5",3,0.39004546542235,0.730723251643754
8,38,"D5",4,0.31892797319933,0.817668711656442
8,38,"D5",5,0.275664034458004,0.864345738295318
8,38,"D5",6,0.246470447475473,0.894097222222222
8,38,"D5",7,0.225572305974316,0.915210355987055
8,38,"D5",8,0.209938581797878,0.930693069306931
8,38,"D6",1,1,NA
8,38,"D6",2,0.419294990723562,0.419294990723562
8,38,"D6",3,0.264915535592227,0.631811830461109
8,38,"D6",4,0.198105653744751,0.747806855879101
8,38,"D6",5,0.161800605409628,0.816738958990536
8,38,"D6",6,0.138853627575432,0.858177429088715
8,38,"D6",7,0.122351332877649,0.881153305203938
8,38,"D6",8,0.109364319890636,0.893854748603352
8,38,"D7",1,1,NA
8,38,"D7",2,0.352297592997812,0.352297592997812
8,38,"D7",3,0.193966864645202,0.550576752440107
8,38,"D7",4,0.127664895279775,0.658178887993554
8,38,"D7",5,0.0922163175992498,0.722331047992165
8,38,"D7",6,0.0700218818380744,0.759322033898305
8,38,"D7",7,0.0547045951859956,0.78125
8,38,"D7",8,0.0437636761487965,0.8
8,39,"D0",1,1,NA
8,39,"D0",2,0.826629475841812,0.826629475841812
8,39,"D0",3,0.736896045305187,0.891446611620951
8,39,"D0",4,0.6821980622735,0.92577245680694
8,39,"D0",5,0.644679704586516,0.945003717011523
8,39,"D0",6,0.616966200724798,0.957011980267794
8,39,"D0",7,0.595222246875231,0.964756653080796
8,39,"D0",8,0.576880408253827,0.969184890656064
8,39,"D1",1,1,NA
8,39,"D1",2,0.695189447095145,0.695189447095145
8,39,"D1",3,0.555161380858827,0.798575673406111
8,39,"D1",4,0.474521470670783,0.8547451012113
8,39,"D1",5,0.422340724108897,0.890035014668307
8,39,"D1",6,0.38610159977547,0.914194577352472
8,39,"D1",7,0.359764243614931,0.9317864619679
8,39,"D1",8,0.340117878192534,0.945391000436872
8,39,"D3",1,1,NA
8,39,"D3",2,0.568336819132491,0.568336819132491
8,39,"D3",3,0.438846958261344,0.77216
8,39,"D3",4,0.378685095935255,0.862909241607957
8,39,"D3",5,0.343457306538147,0.906973393526078
8,39,"D3",6,0.319996362644358,0.931691818903892
8,39,"D3",7,0.302991725015913,0.946859903381642
8,39,"D3",8,0.290260980267346,0.957983193277311
8,39,"D5",1,1,NA
8,39,"D5",2,0.537137165623221,0.537137165623221
8,39,"D5",3,0.386881047239613,0.720264900662252
8,39,"D5",4,0.312862834376779,0.808679661640309
8,39,"D5",5,0.267501422879909,0.855011824631617
8,39,"D5",6,0.23562891291975,0.880851063829787
8,39,"D5",7,0.211155378486056,0.896135265700483
8,39,"D5",8,0.191235059760956,0.90566037735849
8,39,"D6",1,1,NA
8,39,"D6",2,0.461772768809016,0.461772768809016
8,39,"D6",3,0.303685653365824,0.657651715039578
8,39,"D6",4,0.235089856838258,0.774122367101304
8,39,"D6",5,0.197685044166921,0.840891422648354
8,39,"D6",6,0.173926286932684,0.879815100154083
8,39,"D6",7,0.157249466950959,0.904115586690017
8,39,"D6",8,0.14498933901919,0.922033898305085
8,39,"D7",1,1,NA
8,39,"D7",2,0.29657278588395,0.29657278588395
8,39,"D7",3,0.170851713607058,0.576086956521739
8,39,"D7",4,0.122701051917204,0.718172790466733
8,39,"D7",5,0.0958601968103156,0.78125
8,39,"D7",6,0.0787241262300645,0.821238938053097
8,39,"D7",7,0.0665083135391924,0.844827586206897
8,39,"D7",8,0.0570071258907363,0.857142857142857
8,40,"D0",1,1,NA
8,40,"D0",2,0.823943438026691,0.823943438026691
8,40,"D0",3,0.734107845111778,0.89096873793902
8,40,"D0",4,0.679871527152079,0.926119413760739
8,40,"D0",5,0.642724641982637,0.945361904880695
8,40,"D0",6,0.615461262044329,0.95758155490319
8,40,"D0",7,0.59434592268309,0.965691846646688
8,40,"D0",8,0.576983008087853,0.970786516853933
8,40,"D1",1,1,NA
8,40,"D1",2,0.695984489347634,0.695984489347634
8,40,"D1",3,0.559156776384359,0.803404077163376
8,40,"D1",4,0.48213024913425,0.86224520473814
8,40,"D1",5,0.433054276076164,0.898210134821014
8,40,"D1",6,0.399264813009223,0.921974068994074
8,40,"D1",7,0.374676394445752,0.938415763768035
8,40,"D1",8,0.355848434925865,0.949748743718593
8,40,"D3",1,1,NA
8,40,"D3",2,0.577888198757764,0.577888198757764
8,40,"D3",3,0.458186335403727,0.79286328460877
8,40,"D3",4,0.402166459627329,0.877735603513719
8,40,"D3",5,0.368149068322981,0.915414648611248
8,40,"D3",6,0.344447204968944,0.935618841948981
8,40,"D3",7,0.326260869565217,0.947201384881708
8,40,"D3",8,0.311652173913043,0.955223880597015
8,40,"D5",1,1,NA
8,40,"D5",2,0.568077511473738,0.568077511473738
8,40,"D5",3,0.427187295111823,0.751987689151064
8,40,"D5",4,0.356203103372915,0.833833560709413
8,40,"D5",5,0.312377067094048,0.87696335078534
8,40,"D5",6,0.281926130982735,0.902518656716418
8,40,"D5",7,0.259051504334523,0.918863049095607
8,40,"D5",8,0.240693523712392,0.929133858267716
8,40,"D6",1,1,NA
8,40,"D6",2,0.452380952380952,0.452380952380952
8,40,"D6",3,0.288644688644689,0.638056680161943
8,40,"D6",4,0.214432234432234,0.742893401015228
8,40,"D6",5,0.172252747252747,0.803296891014691
8,40,"D6",6,0.145054945054945,0.842105263157895
8,40,"D6",7,0.126282051282051,0.870580808080808
8,40,"D6",8,0.112820512820513,0.893401015228426
8,40,"D7",1,1,NA
8,40,"D7",2,0.333333333333333,0.333333333333333
8,40,"D7",3,0.196125907990315,0.588377723970944
8,40,"D7",4,0.13742265267689,0.700685871056241
8,40,"D7",5,0.103712671509282,0.754698512137823
8,40,"D7",6,0.0812483185364541,0.783398184176394
8,40,"D7",7,0.0649717514124294,0.799668874172185
8,40,"D7",8,0.0527306967984934,0.811594202898551
8,41,"D0",1,1,NA
8,41,"D0",2,0.832945211279533,0.832945211279533
8,41,"D0",3,0.746401050046575,0.896098614817639
8,41,"D0",4,0.69323397408756,0.928768755140823
8,41,"D0",5,0.656088576509442,0.946417228574221
8,41,"D0",6,0.627233466000508,0.956019489529218
8,41,"D0",7,0.603141671606402,0.961590387471311
8,41,"D0",8,0.582098399525785,0.965110565110565
8,41,"D1",1,1,NA
8,41,"D1",2,0.682233434839628,0.682233434839628
8,41,"D1",3,0.5336860121363,0.782263056723031
8,41,"D1",4,0.44675809642357,0.837117867555185
8,41,"D1",5,0.389528551423681,0.871900374144245
8,41,"D1",6,0.349152014936985,0.896345116836429
8,41,"D1",7,0.319433639334059,0.914884135472371
8,41,"D1",8,0.296872568850163,0.929371651242085
8,41,"D3",1,1,NA
8,41,"D3",2,0.596248950265933,0.596248950265933
8,41,"D3",3,0.471773817299617,0.791236306729264
8,41,"D3",4,0.411271811141178,0.871756329113924
8,41,"D3",5,0.374731734627228,0.911153462201652
8,41,"D3",6,0.350004665484744,0.934013944223108
8,41,"D3",7,0.332135858915741,0.948946947480672
8,41,"D3",8,0.318745917700849,0.95968534906588
8,41,"D5",1,1,NA
8,41,"D5",2,0.557381394116088,0.557381394116088
8,41,"D5",3,0.41227140206732,0.739657631954351
8,41,"D5",4,0.338510469122714,0.821086467373835
8,41,"D5",5,0.292605353829844,0.864390854995302
8,41,"D5",6,0.260667903525046,0.890851449275362
8,41,"D5",7,0.237012987012987,0.909252669039146
8,41,"D5",8,0.218923933209648,0.923679060665362
8,41,"D6",1,1,NA
8,41,"D6",2,0.42333413907018,0.42333413907018
8,41,"D6",3,0.260897590846829,0.616292348686715
8,41,"D6",4,0.192216582064298,0.736751080914145
8,41,"D6",5,0.154056885021352,0.801475519785379
8,41,"D6",6,0.128756748046088,0.835774058577406
8,41,"D6",7,0.109983079526227,0.854192740926158
8,41,"D6",8,0.0947546531302876,0.861538461538461
8,41,"D7",1,1,NA
8,41,"D7",2,0.26945412311266,0.26945412311266
8,41,"D7",3,0.133067861290858,0.49384236453202
8,41,"D7",4,0.0861456777833084,0.647381546134663
8,41,"D7",5,0.0657043305126929,0.76271186440678
8,41,"D7",6,0.0554172888667662,0.843434343434343
8,41,"D7",7,0.0499419279907085,0.901197604790419
8,41,"D7",8,0.0464576074332172,0.930232558139535
8,42,"D0",1,1,NA
8,42,"D0",2,0.837049634668682,0.837049634668682
8,42,"D0",3,0.750829344083312,0.89699500840294
8,42,"D0",4,0.69700176366843,0.92830916793669
8,42,"D0",5,0.659318048206937,0.945934547908232
8,42,"D0",6,0.630217519106408,0.955862683905484
8,42,"D0",7,0.606187536743092,0.961870335820896
8,42,"D0",8,0.585537918871252,0.965935264880591
8,42,"D1",1,1,NA
8,42,"D1",2,0.669320843091335,0.669320843091335
8,42,"D1",3,0.521299765807963,0.778848845346396
8,42,"D1",4,0.438295081967213,0.840773602282172
8,42,"D1",5,0.385351288056206,0.879205138069591
8,42,"D1",6,0.34864168618267,0.90473730590416
8,42,"D1",7,0.321475409836066,0.922079666823403
8,42,"D1",8,0.300327868852459,0.934217236104029
8,42,"D3",1,1,NA
8,42,"D3",2,0.594426157559798,0.594426157559798
8,42,"D3",3,0.464911125740619,0.78211754282339
8,42,"D3",4,0.400333552775949,0.861096950816577
8,42,"D3",5,0.361158657011192,0.902144360638485
8,42,"D3",6,0.33469387755102,0.926722566532993
8,42,"D3",7,0.315207373271889,0.941778127458694
8,42,"D3",8,0.299846390168971,0.951267056530214
8,42,"D5",1,1,NA
8,42,"D5",2,0.571428571428571,0.571428571428571
8,42,"D5",3,0.431902107016147,0.755828687278257
8,42,"D5",4,0.362551589312867,0.83943000838223
8,42,"D5",5,0.320107160958656,0.882928582840709
8,42,"D5",6,0.290637897328217,0.907939380230717
8,42,"D5",7,0.26862645717182,0.924265072247135
8,42,"D5",8,0.251393816523061,0.935849056603774
8,42,"D6",1,1,NA
8,42,"D6",2,0.467165295437547,0.467165295437547
8,42,"D6",3,0.309498878085265,0.662504002561639
8,42,"D6",4,0.240837696335079,0.778153697438376
8,42,"D6",5,0.204487658937921,0.849068322981366
8,42,"D6",6,0.182647718773373,0.89319678127286
8,42,"D6",7,0.168586387434555,0.923013923013923
8,42,"D6",8,0.159162303664921,0.944099378881987
8,42,"D7",1,1,NA
8,42,"D7",2,0.370637785800241,0.370637785800241
8,42,"D7",3,0.227608733023895,0.614100185528757
8,42,"D7",4,0.163383187209902,0.717824773413897
8,42,"D7",5,0.125322331098504,0.767045454545455
8,42,"D7",6,0.100051572975761,0.798353909465021
8,42,"D7",7,0.0818291215403129,0.81786941580756
8,42,"D7",8,0.0673886883273165,0.823529411764706
8,43,"D0",1,1,NA
8,43,"D0",2,0.837565904173756,0.837565904173756
8,43,"D0",3,0.75160165521877,0.897364197221247
8,43,"D0",4,0.697762934022308,0.92836801140254
8,43,"D0",5,0.659986976705106,0.945861329865376
8,43,"D0",6,0.630747579137522,0.955697008274984
8,43,"D0",7,0.60652845169828,0.961602504329293
8,43,"D0",8,0.585796206440229,0.965818181818182
8,43,"D1",1,1,NA
8,43,"D1",2,0.673756463230147,0.673756463230147
8,43,"D1",3,0.522183837973312,0.775033512064343
8,43,"D1",4,0.435792183160604,0.83455701128551
8,43,"D1",5,0.380805617647723,0.873823882947857
8,43,"D1",6,0.343087448350606,0.900951646853043
8,43,"D1",7,0.315789473684211,0.920434353405726
8,43,"D1",8,0.295242611032085,0.934934934934935
8,43,"D3",1,1,NA
8,43,"D3",2,0.58097146674301,0.58097146674301
8,43,"D3",3,0.457295543467888,0.787122207621551
8,43,"D3",4,0.398282278843401,0.870951585976628
8,43,"D3",5,0.363011737761237,0.911443358251869
8,43,"D3",6,0.339249928428285,0.934542586750789
8,43,"D3",7,0.322311289245157,0.950070323488045
8,43,"D3",8,0.309953239812959,0.961658031088083
8,43,"D5",1,1,NA
8,43,"D5",2,0.555222088835534,0.555222088835534
8,43,"D5",3,0.421443577430972,0.759054054054054
8,43,"D5",4,0.3531212484994,0.837884991988606
8,43,"D5",5,0.309648859543818,0.876891041985382
8,43,"D5",6,0.278961584633854,0.900896535013327
8,43,"D5",7,0.256302521008403,0.918773534158149
8,43,"D5",8,0.239495798319328,0.934426229508197
8,43,"D6",1,1,NA
8,43,"D6",2,0.452380952380952,0.452380952380952
8,43,"D6",3,0.305936073059361,0.676279740447008
8,43,"D6",4,0.245140247879974,0.801279317697228
8,43,"D6",5,0.212002609262883,0.864821713677488
8,43,"D6",6,0.190802348336595,0.9
8,43,"D6",7,0.175799086757991,0.921367521367521
8,43,"D6",8,0.164383561643836,0.935064935064935
8,43,"D7",1,1,NA
8,43,"D7",2,0.385608015788675,0.385608015788675
8,43,"D7",3,0.240777288598755,0.624409448818898
8,43,"D7",4,0.174768483376347,0.725851197982345
8,43,"D7",5,0.136936389858813,0.783530229325921
8,43,"D7",6,0.112949749506604,0.824833702882483
8,43,"D7",7,0.0967056323060574,0.856182795698925
8,43,"D7",8,0.0850159404888417,0.879120879120879
8,44,"D0",1,1,NA
8,44,"D0",2,0.825701326705119,0.825701326705119
8,44,"D0",3,0.737951839223309,0.893727326523786
8,44,"D0",4,0.685688792581498,0.929178241906928
8,44,"D0",5,0.650138618909531,0.948154069227051
8,44,"D0",6,0.62407189063446,0.959905891579257
8,44,"D0",7,0.603836716484497,0.967575571895425
8,44,"D0",8,0.587106848092795,0.972294052456594
8,44,"D1",1,1,NA
8,44,"D1",2,0.667949334616001,0.667949334616001
8,44,"D1",3,0.516273849607183,0.772923667786846
8,44,"D1",4,0.430939783320736,0.834711623779947
8,44,"D1",5,0.377104377104377,0.875074411089378
8,44,"D1",6,0.340388007054674,0.902636054421769
8,44,"D1",7,0.313852813852814,0.922044276966557
8,44,"D1",8,0.293730960397627,0.935887611749681
8,44,"D3",1,1,NA
8,44,"D3",2,0.590057979279536,0.590057979279536
8,44,"D3",3,0.468301492253588,0.793653350515464
8,44,"D3",4,0.409086588727307,0.873553886746499
8,44,"D3",5,0.372255489021956,0.909967472118959
8,44,"D3",6,0.346259861229921,0.930167241159198
8,44,"D3",7,0.32667997338656,0.943453197913807
8,44,"D3",8,0.311377245508982,0.953156822810591
8,44,"D5",1,1,NA
8,44,"D5",2,0.567837190742219,0.567837190742219
8,44,"D5",3,0.42291832934291,0.744788006558913
8,44,"D5",4,0.348762968874701,0.82465796508885
8,44,"D5",5,0.302540569300346,0.867467581998475
8,44,"D5",6,0.270417664272413,0.893822818201803
8,44,"D5",7,0.246275605214153,0.910723069355632
8,44,"D5",8,0.227188081936685,0.922495274102079
8,44,"D6",1,1,NA
8,44,"D6",2,0.473902835470471,0.473902835470471
8,44,"D6",3,0.314159292035398,0.662919207317073
8,44,"D6",4,0.241719342604298,0.769416498993964
8,44,"D6",5,0.201462886039372,0.8334578601315
8,44,"D6",6,0.176268737583529,0.874943971313312
8,44,"D6",7,0.15929203539823,0.903688524590164
8,44,"D6",8,0.146649810366625,0.920634920634921
8,44,"D7",1,1,NA
8,44,"D7",2,0.40244461420932,0.40244461420932
8,44,"D7",3,0.273491214667685,0.679574791192103
8,44,"D7",4,0.223804430863254,0.818324022346369
8,44,"D7",5,0.197860962566845,0.88407973784817
8,44,"D7",6,0.182123758594347,0.92046332046332
8,44,"D7",7,0.171122994652406,0.939597315436242
8,44,"D7",8,0.162566844919786,0.95
8,45,"D0",1,1,NA
8,45,"D0",2,0.838494987188892,0.838494987188892
8,45,"D0",3,0.753920411656513,0.899135263985393
8,45,"D0",4,0.698888995205137,0.927006331702227
8,45,"D0",5,0.658916212164705,0.942805247593433
8,45,"D0",6,0.628243974526627,0.953450473562773
8,45,"D0",7,0.60392944853762,0.961297637582075
8,45,"D0",8,0.584058941728064,0.967097966728281
8,45,"D1",1,1,NA
8,45,"D1",2,0.698671565223235,0.698671565223235
8,45,"D1",3,0.56011559398732,0.801686546107477
8,45,"D1",4,0.480028674477475,0.857017157941047
8,45,"D1",5,0.427664150182576,0.890913757700205
8,45,"D1",6,0.39080176527252,0.913805295827768
8,45,"D1",7,0.363493805864827,0.93012324448266
8,45,"D1",8,0.342480790340285,0.942191544434858
8,45,"D3",1,1,NA
8,45,"D3",2,0.578566910635222,0.578566910635222
8,45,"D3",3,0.448631065329358,0.775417772918944
8,45,"D3",4,0.387566639559049,0.863887210473313
8,45,"D3",5,0.351540616246499,0.907045602909634
8,45,"D3",6,0.327279298816301,0.930985734481429
8,45,"D3",7,0.309614168247944,0.946024295969078
8,45,"D3",8,0.296015180265655,0.956077630234934
8,45,"D5",1,1,NA
8,45,"D5",2,0.58151416627961,0.58151416627961
8,45,"D5",3,0.436732798089045,0.751026928343222
8,45,"D5",4,0.363452989184527,0.832209054998481
8,45,"D5",5,0.318492468980161,0.876296188111582
8,45,"D5",6,0.28783756884082,0.90375
8,45,"D5",7,0.265675801207617,0.923005993545413
8,45,"D5",8,0.248954946586159,0.937062937062937
8,45,"D6",1,1,NA
8,45,"D6",2,0.453683685348412,0.453683685348412
8,45,"D6",3,0.304590054881091,0.671370967741935
8,45,"D6",4,0.242541160818227,0.796287196287196
8,45,"D6",5,0.209545983701979,0.863960504662644
8,45,"D6",6,0.189422917013138,0.903968253968254
8,45,"D6",7,0.176367869615832,0.931079894644425
8,45,"D6",8,0.167636786961583,0.95049504950495
8,45,"D7",1,1,NA
8,45,"D7",2,0.352073732718894,0.352073732718894
8,45,"D7",3,0.20952380952381,0.595113438045375
8,45,"D7",4,0.144639016897081,0.690322580645161
8,45,"D7",5,0.106605222734255,0.737043330501274
8,45,"D7",6,0.0817204301075269,0.76657060518732
8,45,"D7",7,0.0645161290322581,0.789473684210526
8,45,"D7",8,0.0516129032258065,0.8
8,46,"D0",1,1,NA
8,46,"D0",2,0.826468659431787,0.826468659431787
8,46,"D0",3,0.73764041378435,0.892520733080782
8,46,"D0",4,0.684411161177043,0.927838481172388
8,46,"D0",5,0.648664085803135,0.947769590267303
8,46,"D0",6,0.622897759725836,0.960277859309265
8,46,"D0",7,0.603213386642974,0.968398709458312
8,46,"D0",8,0.586998371094328,0.973118939486928
8,46,"D1",1,1,NA
8,46,"D1",2,0.671689692061703,0.671689692061703
8,46,"D1",3,0.522609365833458,0.778051787916153
8,46,"D1",4,0.43871027112834,0.83946117274168
8,46,"D1",5,0.385124176089632,0.877855389843307
8,46,"D1",6,0.347923113202121,0.903405017921147
8,46,"D1",7,0.320396167163218,0.920882100112412
8,46,"D1",8,0.298896851598357,0.932897712993214
8,46,"D3",1,1,NA
8,46,"D3",2,0.585043409629045,0.585043409629045
8,46,"D3",3,0.458514206787687,0.783726812816189
8,46,"D3",4,0.399723756906077,0.871780527165143
8,46,"D3",5,0.365183504340963,0.913589692960806
8,46,"D3",6,0.341456195737964,0.9350263406727
8,46,"D3",7,0.323549723756906,0.947558509101416
8,46,"D3",8,0.30939226519337,0.956243329775881
8,46,"D5",1,1,NA
8,46,"D5",2,0.569669913419913,0.569669913419913
8,46,"D5",3,0.427218614718615,0.749940631678936
8,46,"D5",4,0.354274891774892,0.829259024699177
8,46,"D5",5,0.308712121212121,0.871391477012372
8,46,"D5",6,0.276920995670996,0.897020157756354
8,46,"D5",7,0.253314393939394,0.914753297508549
8,46,"D5",8,0.234848484848485,0.927102803738318
8,46,"D6",1,1,NA
8,46,"D6",2,0.453972042277532,0.453972042277532
8,46,"D6",3,0.30600068189567,0.674051821254225
8,46,"D6",4,0.243777702011592,0.796657381615599
8,46,"D6",5,0.209768155472213,0.860489510489511
8,46,"D6",6,0.188032730992158,0.89638358390898
8,46,"D6",7,0.173031026252983,0.920217588395286
8,46,"D6",8,0.162291169451074,0.937931034482759
8,46,"D7",1,1,NA
8,46,"D7",2,0.342233009708738,0.342233009708738
8,46,"D7",3,0.2125520110957,0.621073961499493
8,46,"D7",4,0.157281553398058,0.739967373572594
8,46,"D7",5,0.126560332871012,0.804673721340388
8,46,"D7",6,0.107142857142857,0.846575342465753
8,46,"D7",7,0.0946601941747573,0.883495145631068
8,46,"D7",8,0.087378640776699,0.923076923076923
8,47,"D0",1,1,NA
8,47,"D0",2,0.824823002762109,0.824823002762109
8,47,"D0",3,0.73610743652969,0.892442904798563
8,47,"D0",4,0.683563861873366,0.928619693201259
8,47,"D0",5,0.648344321801615,0.948476591528363
8,47,"D0",6,0.622797455896204,0.960596761556542
8,47,"D0",7,0.603081709756278,0.968343245539507
8,47,"D0",8,0.58671012667605,0.972853457806166
8,47,"D1",1,1,NA
8,47,"D1",2,0.677976571794637,0.677976571794637
8,47,"D1",3,0.531630365150545,0.78414267877029
8,47,"D1",4,0.448448796558982,0.843534955780776
8,47,"D1",5,0.394721790061316,0.880193665564671
8,47,"D1",6,0.357165736249657,0.904854368932039
8,47,"D1",7,0.329436258808456,0.922362436743322
8,47,"D1",8,0.308135810377963,0.935342732134176
8,47,"D3",1,1,NA
8,47,"D3",2,0.594478307637146,0.594478307637146
8,47,"D3",3,0.476309993341187,0.801223505083578
8,47,"D3",4,0.419607642268094,0.880954941391547
8,47,"D3",5,0.384725708139118,0.9168701171875
8,47,"D3",6,0.360190544485991,0.93622686726135
8,47,"D3",7,0.341699533883112,0.948663253697383
8,47,"D3",8,0.326998924345644,0.95697796432319
8,47,"D5",1,1,NA
8,47,"D5",2,0.563929842399593,0.563929842399593
8,47,"D5",3,0.41268429079817,0.731800766283525
8,47,"D5",4,0.335892221657346,0.813920542038805
8,47,"D5",5,0.28978139298424,0.86272135613743
8,47,"D5",6,0.258769700050839,0.892982456140351
8,47,"D5",7,0.23576512455516,0.911100196463654
8,47,"D5",8,0.217081850533808,0.920754716981132
8,47,"D6",1,1,NA
8,47,"D6",2,0.453010833963215,0.453010833963215
8,47,"D6",3,0.294784580498866,0.650723025583982
8,47,"D6",4,0.222457378012934,0.754643874643875
8,47,"D6",5,0.180734022003863,0.812443370582905
8,47,"D6",6,0.153019232384312,0.846654275092937
8,47,"D6",7,0.132863021751911,0.86827661909989
8,47,"D6",8,0.117577895355673,0.884955752212389
8,47,"D7",1,1,NA
8,47,"D7",2,0.375729288214702,0.375729288214702
8,47,"D7",3,0.223370561760293,0.59449866903283
8,47,"D7",4,0.157892982163694,0.706865671641791
8,47,"D7",5,0.122353725620937,0.774915540540541
8,47,"D7",6,0.100350058343057,0.82016348773842
8,47,"D7",7,0.0851808634772462,0.848837209302326
8,47,"D7",8,0.0746791131855309,0.876712328767123
8,48,"D0",1,1,NA
8,48,"D0",2,0.835126013311043,0.835126013311043
8,48,"D0",3,0.748173148703067,0.895880545903208
8,48,"D0",4,0.693015382350777,0.926276736277017
8,48,"D0",5,0.653870821899084,0.94351559655298
8,48,"D0",6,0.624336287838165,0.954831240251491
8,48,"D0",7,0.601162876278796,0.962883125631526
8,48,"D0",8,0.582910134687569,0.969637610186092
8,48,"D1",1,1,NA
8,48,"D1",2,0.674850465989707,0.674850465989707
8,48,"D1",3,0.525803310613437,0.779140472018963
8,48,"D1",4,0.440089024899151,0.836984126984127
8,48,"D1",5,0.384325590021793,0.873290557768085
8,48,"D1",6,0.345249687021839,0.898326044337204
8,48,"D1",7,0.316374553716326,0.91636449100188
8,48,"D1",8,0.294060370009737,0.929469094639651
8,48,"D3",1,1,NA
8,48,"D3",2,0.584014276321969,0.584014276321969
8,48,"D3",3,0.45895557434019,0.785863621743326
8,48,"D3",4,0.397107166337936,0.865240970019441
8,48,"D3",5,0.358363858363858,0.902436140018921
8,48,"D3",6,0.331079177233023,0.923863189621282
8,48,"D3",7,0.310650887573965,0.938297872340426
8,48,"D3",8,0.294543063773833,0.948148148148148
8,48,"D5",1,1,NA
8,48,"D5",2,0.537945347630578,0.537945347630578
8,48,"D5",3,0.388723625043238,0.722608024691358
8,48,"D5",4,0.314188861985472,0.808257697099128
8,48,"D5",5,0.268488412314078,0.854544653866479
8,48,"D5",6,0.236873054306468,0.882246843597011
8,48,"D5",7,0.213075060532688,0.899532710280374
8,48,"D5",8,0.193704600484261,0.909090909090909
8,48,"D6",1,1,NA
8,48,"D6",2,0.482259848549307,0.482259848549307
8,48,"D6",3,0.320258657364077,0.664079040225829
8,48,"D6",4,0.245792563600783,0.767481402763018
8,48,"D6",5,0.203947928188548,0.829756300193852
8,48,"D6",6,0.177826937803114,0.871923237380058
8,48,"D6",7,0.160214413341275,0.900956937799043
8,48,"D6",8,0.147706968433591,0.921933085501859
8,48,"D7",1,1,NA
8,48,"D7",2,0.345475910693302,0.345475910693302
8,48,"D7",3,0.204801074366292,0.592808551992225
8,48,"D7",4,0.147993956689609,0.722622950819672
8,48,"D7",5,0.117676682894074,0.795145190562613
8,48,"D7",6,0.0997146214537519,0.847360912981455
8,48,"D7",7,0.0893066980023502,0.895622895622896
8,48,"D7",8,0.0846063454759107,0.947368421052632
8,49,"D0",1,1,NA
8,49,"D0",2,0.827301258546173,0.827301258546173
8,49,"D0",3,0.738970549385521,0.893230297611445
8,49,"D0",4,0.686001711876407,0.928320773333715
8,49,"D0",5,0.650291124660531,0.947943880317444
8,49,"D0",6,0.62449674003783,0.960334097076651
8,49,"D0",7,0.605000369849841,0.968780669396595
8,49,"D0",8,0.589392706561136,0.974202225210906
8,49,"D1",1,1,NA
8,49,"D1",2,0.671981070308641,0.671981070308641
8,49,"D1",3,0.521875969170333,0.776623021435165
8,49,"D1",4,0.43617316991925,0.835779372276269
8,49,"D1",5,0.380914092741704,0.873309316142081
8,49,"D1",6,0.342526332716893,0.89922200108558
8,49,"D1",7,0.314545308354105,0.918309859154929
8,49,"D1",8,0.293318324354748,0.932515337423313
8,49,"D3",1,1,NA
8,49,"D3",2,0.586734693877551,0.586734693877551
8,49,"D3",3,0.466071428571429,0.794347826086957
8,49,"D3",4,0.409795918367347,0.879255610290093
8,49,"D3",5,0.376071428571429,0.917704183266932
8,49,"D3",6,0.353061224489796,0.938814272147606
8,49,"D3",7,0.336071428571429,0.951878612716763
8,49,"D3",8,0.322857142857143,0.960680127523911
8,49,"D5",1,1,NA
8,49,"D5",2,0.523927334417191,0.523927334417191
8,49,"D5",3,0.372234395985015,0.710469508904479
8,49,"D5",4,0.297504771329611,0.799240410178504
8,49,"D5",5,0.250583162507952,0.842282835962745
8,49,"D5",6,0.217007139322825,0.866008462623413
8,49,"D5",7,0.190994557149926,0.880130293159609
8,49,"D5",8,0.170212765957447,0.89119170984456
8,49,"D6",1,1,NA
8,49,"D6",2,0.474953617810761,0.474953617810761
8,49,"D6",3,0.312656287811567,0.658288043478261
8,49,"D6",4,0.237928531096233,0.760990712074303
8,49,"D6",5,0.196337823667016,0.825196636832113
8,49,"D6",6,0.170525127046866,0.868529170090386
8,49,"D6",7,0.153020892151327,0.897350993377483
8,49,"D6",8,0.140033879164314,0.915129151291513
8,49,"D7",1,1,NA
8,49,"D7",2,0.3025,0.3025
8,49,"D7",3,0.175535714285714,0.580283353010626
8,49,"D7",4,0.126285714285714,0.719430315361139
8,49,"D7",5,0.0992857142857143,0.786199095022624
8,49,"D7",6,0.0821428571428571,0.827338129496403
8,49,"D7",7,0.07,0.852173913043478
8,49,"D7",8,0.06,0.857142857142857
8,50,"D0",1,1,NA
8,50,"D0",2,0.825410900338854,0.825410900338854
8,50,"D0",3,0.735113109752879,0.890602619193779
8,50,"D0",4,0.680317952940431,0.925460237226801
8,50,"D0",5,0.642651296829971,0.944633746694969
8,50,"D0",6,0.614730130580275,0.95655316283119
8,50,"D0",7,0.592847114460947,0.96440223924168
8,50,"D0",8,0.574595433385059,0.969213511155428
8,50,"D1",1,1,NA
8,50,"D1",2,0.6903082489809,0.6903082489809
8,50,"D1",3,0.551493152567215,0.798908535978502
8,50,"D1",4,0.473549214491824,0.858667441812179
8,50,"D1",5,0.423704942060184,0.894743205339008
8,50,"D1",6,0.389021206430633,0.918141772288733
8,50,"D1",7,0.363417762103238,0.934184964973215
8,50,"D1",8,0.343699903815325,0.945743273048081
8,50,"D3",1,1,NA
8,50,"D3",2,0.598958569164591,0.598958569164591
8,50,"D3",3,0.474530224134028,0.792258844874509
8,50,"D3",4,0.414906044826806,0.874351145038168
8,50,"D3",5,0.379533620104143,0.914745940282871
8,50,"D3",6,0.355807108897442,0.937485087091386
8,50,"D3",7,0.33851030110935,0.951387121404938
8,50,"D3",8,0.324564183835182,0.958801498127341
8,50,"D5",1,1,NA
8,50,"D5",2,0.55874981571576,0.55874981571576
8,50,"D5",3,0.409700722394221,0.733245382585752
8,50,"D5",4,0.333539731682147,0.814105793450882
8,50,"D5",5,0.285493144626272,0.855949434229137
8,50,"D5",6,0.251216275984078,0.87993803253292
8,50,"D5",7,0.224458204334365,0.893485915492958
8,50,"D5",8,0.202270381836945,0.901149425287356
8,50,"D6",1,1,NA
8,50,"D6",2,0.470365180117055,0.470365180117055
8,50,"D6",3,0.307641579424615,0.654048370136698
8,50,"D6",4,0.232857967191493,0.756913183279743
8,50,"D6",5,0.190586101722859,0.818465024072501
8,50,"D6",6,0.163218201302448,0.856401384083045
8,50,"D6",7,0.143681477207155,0.88030303030303
8,50,"D6",8,0.129255626081939,0.899598393574297
8,50,"D7",1,1,NA
8,50,"D7",2,0.334703271412132,0.334703271412132
8,50,"D7",3,0.200230149597238,0.598231827111984
8,50,"D7",4,0.140720039454217,0.702791461412151
8,50,"D7",5,0.105540029590662,0.75
8,50,"D7",6,0.082525069866842,0.781931464174455
8,50,"D7",7,0.0667433831990794,0.808764940239044
8,50,"D7",8,0.0552359033371692,0.827586206896552
8,51,"D0",1,1,NA
8,51,"D0",2,0.824886165368739,0.824886165368739
8,51,"D0",3,0.737127111791991,0.893610709863805
8,51,"D0",4,0.685237669688072,0.929605842365812
8,51,"D0",5,0.650485127026682,0.949283957670906
8,51,"D0",6,0.625686199412741,0.961876257298464
8,51,"D0",7,0.607238605898123,0.970516221179351
8,51,"D0",8,0.592791182603515,0.976207996075546
8,51,"D1",1,1,NA
8,51,"D1",2,0.694149233695044,0.694149233695044
8,51,"D1",3,0.553976954916657,0.798066075745367
8,51,"D1",4,0.473985904463587,0.855605815831987
8,51,"D1",5,0.42239624119029,0.891157811260904
8,51,"D1",6,0.386419062534959,0.914825997139679
8,51,"D1",7,0.359906029757244,0.931387875629668
8,51,"D1",8,0.339545810493344,0.943429068755439
8,51,"D3",1,1,NA
8,51,"D3",2,0.590130827991922,0.590130827991922
8,51,"D3",3,0.462639388884011,0.783960720130933
8,51,"D3",4,0.403477039248398,0.872119946858986
8,51,"D3",5,0.370050048292212,0.917152681058496
8,51,"D3",6,0.348757573096848,0.942460552853245
8,51,"D3",7,0.333743085433313,0.956948640483384
8,51,"D3",8,0.322065150583897,0.965009208103131
8,51,"D5",1,1,NA
8,51,"D5",2,0.548055611525287,0.548055611525287
8,51,"D5",3,0.400698502249983,0.731127450980392
8,51,"D5",4,0.328296057492108,0.819309420046933
8,51,"D5",5,0.285244139969105,0.868862520458265
8,51,"D5",6,0.256296594801531,0.898516599952908
8,51,"D5",7,0.235072872590503,0.917190775681342
8,51,"D5",8,0.218147625763987,0.928
8,51,"D6",1,1,NA
8,51,"D6",2,0.44361833952912,0.44361833952912
8,51,"D6",3,0.287838555496548,0.648842777334397
8,51,"D6",4,0.220003540449637,0.764329643296433
8,51,"D6",5,0.18348380244291,0.83400386224654
8,51,"D6",6,0.161798548415649,0.881813796430294
8,51,"D6",7,0.148079306071871,0.915207877461707
8,51,"D6",8,0.138785625774473,0.937238493723849
8,51,"D7",1,1,NA
8,51,"D7",2,0.345437788018433,0.345437788018433
8,51,"D7",3,0.197603686635945,0.572038420490929
8,51,"D7",4,0.138027649769585,0.698507462686567
8,51,"D7",5,0.108018433179724,0.78258547008547
8,51,"D7",6,0.0925345622119816,0.856655290102389
8,51,"D7",7,0.0851612903225806,0.920318725099602
8,51,"D7",8,0.0825806451612903,0.96969696969697
8,52,"D0",1,1,NA
8,52,"D0",2,0.832263123317863,0.832263123317863
8,52,"D0",3,0.745205247207917,0.895396211040945
8,52,"D0",4,0.691910907665247,0.928483676487316
8,52,"D0",5,0.6551168754106,0.946822586770886
8,52,"D0",6,0.627037107677962,0.957137773752143
8,52,"D0",7,0.604064678831034,0.963363525753684
8,52,"D0",8,0.584483014389556,0.967583497053045
8,52,"D1",1,1,NA
8,52,"D1",2,0.673104049358364,0.673104049358364
8,52,"D1",3,0.522024335141458,0.775547756159062
8,52,"D1",4,0.43525269785204,0.83377855887522
8,52,"D1",5,0.379236000412849,0.871300746174276
8,52,"D1",6,0.340462619984174,0.897759230699447
8,52,"D1",7,0.312274223328249,0.917205604958232
8,52,"D1",8,0.290920767439994,0.931619537275064
8,52,"D3",1,1,NA
8,52,"D3",2,0.600629831090753,0.600629831090753
8,52,"D3",3,0.47910105926138,0.797664442326025
8,52,"D3",4,0.41920030537265,0.874972612289613
8,52,"D3",5,0.382526958679263,0.912515935166636
8,52,"D3",6,0.35785857429144,0.935512036921542
8,52,"D3",7,0.340681362725451,0.952
8,52,"D3",8,0.328657314629259,0.964705882352941
8,52,"D5",1,1,NA
8,52,"D5",2,0.554790317081487,0.554790317081487
8,52,"D5",3,0.402113876576884,0.724803343166175
8,52,"D5",4,0.326218888510058,0.811259962692895
8,52,"D5",5,0.281963859529492,0.864339464882943
8,52,"D5",6,0.253256051824071,0.898186215235792
8,52,"D5",7,0.232935560859189,0.919763058696823
8,52,"D5",8,0.217661097852029,0.934426229508197
8,52,"D6",1,1,NA
8,52,"D6",2,0.420935220935221,0.420935220935221
8,52,"D6",3,0.262376662376662,0.623318385650224
8,52,"D6",4,0.193153153153153,0.73616742969261
8,52,"D6",5,0.155212355212355,0.803571428571429
8,52,"D6",6,0.130759330759331,0.842454394693201
8,52,"D6",7,0.113513513513514,0.868110236220472
8,52,"D6",8,0.100900900900901,0.888888888888889
8,52,"D7",1,1,NA
8,52,"D7",2,0.311008193801211,0.311008193801211
8,52,"D7",3,0.187923049519059,0.604238258877434
8,52,"D7",4,0.137940862130388,0.734028436018957
8,52,"D7",5,0.111150694691842,0.805785123966942
8,52,"D7",6,0.0940505878161738,0.846153846153846
8,52,"D7",7,0.0810473815461347,0.861742424242424
8,52,"D7",8,0.0698254364089776,0.861538461538461
8,53,"D0",1,1,NA
8,53,"D0",2,0.831398997904322,0.831398997904322
8,53,"D0",3,0.743561375700776,0.894349617422013
8,53,"D0",4,0.689178004957289,0.926860952544458
8,53,"D0",5,0.651266448943119,0.944990182882404
8,53,"D0",6,0.622065253236599,0.955162444259323
8,53,"D0",7,0.598108571003053,0.961488473903824
8,53,"D0",8,0.577853898279842,0.966135458167331
8,53,"D1",1,1,NA
8,53,"D1",2,0.674924526997442,0.674924526997442
8,53,"D1",3,0.527147235729265,0.781046197971796
8,53,"D1",4,0.44296545525776,0.840306891953922
8,53,"D1",5,0.388634111492637,0.877346318724768
8,53,"D1",6,0.350563454935128,0.902039848197344
8,53,"D1",7,0.322229391837393,0.919175650801998
8,53,"D1",8,0.300048394902404,0.93116395494368
8,53,"D3",1,1,NA
8,53,"D3",2,0.580026052974381,0.580026052974381
8,53,"D3",3,0.448588797221016,0.77339422069172
8,53,"D3",4,0.384854537559705,0.857922756751525
8,53,"D3",5,0.345983499782892,0.898998104522069
8,53,"D3",6,0.319148936170213,0.922439759036145
8,53,"D3",7,0.299392097264438,0.938095238095238
8,53,"D3",8,0.284498480243161,0.950253807106599
8,53,"D5",1,1,NA
8,53,"D5",2,0.548571428571429,0.548571428571429
8,53,"D5",3,0.395343915343915,0.720679012345679
8,53,"D5",4,0.31762962962963,0.803426124197002
8,53,"D5",5,0.269276895943563,0.847770078180526
8,53,"D5",6,0.235061728395062,0.872936861409484
8,53,"D5",7,0.209382716049383,0.890756302521008
8,53,"D5",8,0.18962962962963,0.90566037735849
8,53,"D6",1,1,NA
8,53,"D6",2,0.458694396302715,0.458694396302715
8,53,"D6",3,0.309234959148304,0.674163368118028
8,53,"D6",4,0.244681026656763,0.791246330397651
8,53,"D6",5,0.207229512255509,0.846937398812736
8,53,"D6",6,0.182553437319469,0.880923934687376
8,53,"D6",7,0.165222414789139,0.905063291139241
8,53,"D6",8,0.152512998266898,0.923076923076923
8,53,"D7",1,1,NA
8,53,"D7",2,0.348115299334812,0.348115299334812
8,53,"D7",3,0.213018688628445,0.611919927206551
8,53,"D7",4,0.152423186569528,0.715539033457249
8,53,"D7",5,0.117991764333228,0.774106400665004
8,53,"D7",6,0.0959771935381692,0.813422818791946
8,53,"D7",7,0.0809312638580931,0.843234323432343
8,53,"D7",8,0.0709534368070953,0.876712328767123
8,54,"D0",1,1,NA
8,54,"D0",2,0.835056425573984,0.835056425573984
8,54,"D0",3,0.748708995488058,0.896596891609361
8,54,"D0",4,0.694498375069677,0.927594538405349
8,54,"D0",5,0.656545471755661,0.945352063192072
8,54,"D0",6,0.628411564876263,0.957148578293953
8,54,"D0",7,0.6067878966355,0.965589958158996
8,54,"D0",8,0.590149451520283,0.972579471002184
8,54,"D1",1,1,NA
8,54,"D1",2,0.696058184430277,0.696058184430277
8,54,"D1",3,0.556669210738978,0.799745227038184
8,54,"D1",4,0.476492771841609,0.855971127285925
8,54,"D1",5,0.424328813863698,0.890525185143309
8,54,"D1",6,0.387671724881027,0.913611596042956
8,54,"D1",7,0.36046511627907,0.929820497973364
8,54,"D1",8,0.339409176618479,0.941586748038361
8,54,"D3",1,1,NA
8,54,"D3",2,0.585558441558442,0.585558441558442
8,54,"D3",3,0.462233766233766,0.789389638041164
8,54,"D3",4,0.403407792207792,0.872735446167678
8,54,"D3",5,0.368051948051948,0.912357061914083
8,54,"D3",6,0.343688311688312,0.933803810868031
8,54,"D3",7,0.325454545454545,0.946946795646916
8,54,"D3",8,0.311272727272727,0.956424581005587
8,54,"D5",1,1,NA
8,54,"D5",2,0.550974173085637,0.550974173085637
8,54,"D5",3,0.405074762120526,0.735197368421053
8,54,"D5",4,0.332345135607483,0.820453819111537
8,54,"D5",5,0.287785617192051,0.865923963851667
8,54,"D5",6,0.256586186808208,0.891587944219523
8,54,"D5",7,0.232895333031264,0.907669021190716
8,54,"D5",8,0.213864975079293,0.918287937743191
8,54,"D6",1,1,NA
8,54,"D6",2,0.431685480731802,0.431685480731802
8,54,"D6",3,0.276956014013235,0.641568981064022
8,54,"D6",4,0.207162319968859,0.747997189037245
8,54,"D6",5,0.166115219929934,0.801860202931229
8,54,"D6",6,0.137602179836512,0.828353837141183
8,54,"D6",7,0.115803814713896,0.841584158415842
8,54,"D6",8,0.0980926430517711,0.847058823529412
8,54,"D7",1,1,NA
8,54,"D7",2,0.403421727972626,0.403421727972626
8,54,"D7",3,0.249101796407186,0.617472434266327
8,54,"D7",4,0.174234388366125,0.699450549450549
8,54,"D7",5,0.129512403763901,0.743322859387274
8,54,"D7",6,0.100256629597947,0.774108322324967
8,54,"D7",7,0.0802395209580838,0.800341296928328
8,54,"D7",8,0.067065868263473,0.835820895522388
8,55,"D0",1,1,NA
8,55,"D0",2,0.839673685093532,0.839673685093532
8,55,"D0",3,0.755567905377066,0.8998351607183
8,55,"D0",4,0.704093616307357,0.931873378020179
8,55,"D0",5,0.668421273383105,0.949335795556085
8,55,"D0",6,0.640697089170372,0.958522887710601
8,55,"D0",7,0.617439812096301,0.963700042551799
8,55,"D0",8,0.597181444509689,0.967189728958631
8,55,"D1",1,1,NA
8,55,"D1",2,0.706211795983743,0.706211795983743
8,55,"D1",3,0.569685215250008,0.806677569660876
8,55,"D1",4,0.490833215293592,0.86158671869023
8,55,"D1",5,0.439707116162001,0.895838143103234
8,55,"D1",6,0.403892042668642,0.918547887498451
8,55,"D1",7,0.377087941423232,0.933635480738103
8,55,"D1",8,0.355731828235832,0.94336569579288
8,55,"D3",1,1,NA
8,55,"D3",2,0.585874285714286,0.585874285714286
8,55,"D3",3,0.460891428571429,0.78667290886392
8,55,"D3",4,0.401700571428571,0.871573100575283
8,55,"D3",5,0.366445714285714,0.912235979606701
8,55,"D3",6,0.3424,0.93438123752495
8,55,"D3",7,0.32448,0.947663551401869
8,55,"D3",8,0.30976,0.954635108481262
8,55,"D5",1,1,NA
8,55,"D5",2,0.545152942737708,0.545152942737708
8,55,"D5",3,0.39194479463871,0.71896299902629
8,55,"D5",4,0.315626036759339,0.80528186896902
8,55,"D5",5,0.268860725897419,0.851833165153044
8,55,"D5",6,0.236480658217769,0.879565646594274
8,55,"D5",7,0.212261960055736,0.897586980920314
8,55,"D5",8,0.193218764514631,0.910284463894967
8,55,"D6",1,1,NA
8,55,"D6",2,0.444566310209304,0.444566310209304
8,55,"D6",3,0.293300429576821,0.659745065789474
8,55,"D6",4,0.225354172379124,0.76833904643191
8,55,"D6",5,0.185266429028425,0.822112264763141
8,55,"D6",6,0.157938031258569,0.852491366551554
8,55,"D6",7,0.138195777351248,0.875
8,55,"D6",8,0.122840690978887,0.888888888888889
8,55,"D7",1,1,NA
8,55,"D7",2,0.321548552231643,0.321548552231643
8,55,"D7",3,0.19484882418813,0.605970149253731
8,55,"D7",4,0.139753639417693,0.717241379310345
8,55,"D7",5,0.108142697168453,0.773809523809524
8,55,"D7",6,0.0873460246360582,0.807692307692308
8,55,"D7",7,0.0727883538633819,0.833333333333333
8,55,"D7",8,0.0627099664053751,0.861538461538461
8,56,"D0",1,1,NA
8,56,"D0",2,0.850508559708677,0.850508559708677
8,56,"D0",3,0.769672680088736,0.904955830606068
8,56,"D0",4,0.715022393369888,0.928995418269819
8,56,"D0",5,0.674751998660583,0.943679533560465
8,56,"D0",6,0.643903562010799,0.954281815080177
8,56,"D0",7,0.619689422795195,0.962394773621087
8,56,"D0",8,0.600058599472605,0.968321513002364
8,56,"D1",1,1,NA
8,56,"D1",2,0.67928433446785,0.67928433446785
8,56,"D1",3,0.533334099898813,0.785141174080845
8,56,"D1",4,0.449590654033668,0.842981264687493
8,56,"D1",5,0.394811884831202,0.878158567774936
8,56,"D1",6,0.356039002851624,0.901794035414725
8,56,"D1",7,0.326947842884739,0.918292210308746
8,56,"D1",8,0.303927881519639,0.92959133431807
8,56,"D3",1,1,NA
8,56,"D3",2,0.592464306834502,0.592464306834502
8,56,"D3",3,0.462912900228098,0.781334664195066
8,56,"D3",4,0.399695868885697,0.863436444931107
8,56,"D3",5,0.361747064289938,0.905055799797091
8,56,"D3",6,0.336064881304385,0.929005137786081
8,56,"D3",7,0.317267888823182,0.944067370537959
8,56,"D3",8,0.302779420461266,0.954333643988816
8,56,"D5",1,1,NA
8,56,"D5",2,0.561141211165215,0.561141211165215
8,56,"D5",3,0.422536177216926,0.752994377902713
8,56,"D5",4,0.354763047801934,0.83960396039604
8,56,"D5",5,0.313490158425348,0.883660686668729
8,56,"D5",6,0.284754132089706,0.908335156420914
8,56,"D5",7,0.263082093134902,0.923892100192678
8,56,"D5",8,0.245799327892463,0.934306569343066
8,56,"D6",1,1,NA
8,56,"D6",2,0.437708137648365,0.437708137648365
8,56,"D6",3,0.283067201776108,0.6467030823254
8,56,"D6",4,0.213679446674067,0.754871794871795
8,56,"D6",5,0.173341303048416,0.811221227621483
8,56,"D6",6,0.147041243275553,0.848275862068966
8,56,"D6",7,0.128511655708308,0.873983739837398
8,56,"D6",8,0.114763897190675,0.893023255813954
8,56,"D7",1,1,NA
8,56,"D7",2,0.34011934011934,0.34011934011934
8,56,"D7",3,0.190768690768691,0.560887512899897
8,56,"D7",4,0.127764127764128,0.669733210671573
8,56,"D7",5,0.0949455949455949,0.743131868131868
8,56,"D7",6,0.0761670761670762,0.802218114602588
8,56,"D7",7,0.0651105651105651,0.854838709677419
8,56,"D7",8,0.058968058968059,0.905660377358491
8,57,"D0",1,1,NA
8,57,"D0",2,0.825826176498689,0.825826176498689
8,57,"D0",3,0.737300820603191,0.892803887289181
8,57,"D0",4,0.683845900699583,0.927499172101997
8,57,"D0",5,0.647289249355089,0.946542559797322
8,57,"D0",6,0.620685994543467,0.958900514973595
8,57,"D0",7,0.600505313219886,0.9674864883355
8,57,"D0",8,0.584379876644126,0.973146887761416
8,57,"D1",1,1,NA
8,57,"D1",2,0.712738915510173,0.712738915510173
8,57,"D1",3,0.581520622180878,0.815895708128453
8,57,"D1",4,0.505723155469502,0.869656442402485
8,57,"D1",5,0.455916234897078,0.901513466342699
8,57,"D1",6,0.420426397256866,0.922157109302712
8,57,"D1",7,0.393654879987885,0.936322939178759
8,57,"D1",8,0.372529719088362,0.946335833814195
8,57,"D3",1,1,NA
8,57,"D3",2,0.591501735296876,0.591501735296876
8,57,"D3",3,0.468670856392458,0.792340627973359
8,57,"D3",4,0.411143419941844,0.877254077854498
8,57,"D3",5,0.377075321264422,0.917138163898522
8,57,"D3",6,0.353625363474346,0.937810945273632
8,57,"D3",7,0.335521996060407,0.948806366047745
8,57,"D3",8,0.320420223243598,0.954990215264188
8,57,"D5",1,1,NA
8,57,"D5",2,0.564642337788242,0.564642337788242
8,57,"D5",3,0.420677238418392,0.745033112582781
8,57,"D5",4,0.349948064538467,0.831868312757202
8,57,"D5",5,0.308842877917042,0.882539179990502
8,57,"D5",6,0.282251921612077,0.91390134529148
8,57,"D5",7,0.263208919049927,0.932531894013739
8,57,"D5",8,0.24818225884634,0.942909760589319
8,57,"D6",1,1,NA
8,57,"D6",2,0.48021978021978,0.48021978021978
8,57,"D6",3,0.324175824175824,0.675057208237986
8,57,"D6",4,0.252087912087912,0.777627118644068
8,57,"D6",5,0.211355311355311,0.838419064225516
8,57,"D6",6,0.184981684981685,0.875216637781629
8,57,"D6",7,0.166666666666667,0.900990099009901
8,57,"D6",8,0.153846153846154,0.923076923076923
8,57,"D7",1,1,NA
8,57,"D7",2,0.354623760767106,0.354623760767106
8,57,"D7",3,0.213229319031367,0.6012832263978
8,57,"D7",4,0.150820737851455,0.707317073170732
8,57,"D7",5,0.114740776856818,0.760775862068966
8,57,"D7",6,0.0919876483016415,0.801699716713881
8,57,"D7",7,0.0762229806598407,0.828621908127208
8,57,"D7",8,0.0637087599544937,0.835820895522388
8,58,"D0",1,1,NA
8,58,"D0",2,0.824531045977134,0.824531045977134
8,58,"D0",3,0.735177655813756,0.891631260460924
8,58,"D0",4,0.681646301977728,0.927185825884799
8,58,"D0",5,0.645527022579858,0.947011699039408
8,58,"D0",6,0.619412095669805,0.959544796737271
8,58,"D0",7,0.599613584008323,0.968036607938575
8,58,"D0",8,0.583785390503084,0.973602676911637
8,58,"D1",1,1,NA
8,58,"D1",2,0.668295203645417,0.668295203645417
8,58,"D1",3,0.520622915394372,0.779031351047378
8,58,"D1",4,0.438201719359233,0.841687344913151
8,58,"D1",5,0.385787100108047,0.880387006861063
8,58,"D1",6,0.349626532625546,0.906268075131663
8,58,"D1",7,0.323413350871424,0.925025193147464
8,58,"D1",8,0.303847418612299,0.939501779359431
8,58,"D3",1,1,NA
8,58,"D3",2,0.581900746026597,0.581900746026597
8,58,"D3",3,0.457717436634076,0.78659022137283
8,58,"D3",4,0.399277141930402,0.872322332455963
8,58,"D3",5,0.364718965756916,0.913448147804289
8,58,"D3",6,0.341411426717946,0.93609452420277
8,58,"D3",7,0.324359390204346,0.950054288816504
8,58,"D3",8,0.311385014596173,0.96
8,58,"D5",1,1,NA
8,58,"D5",2,0.560209805492824,0.560209805492824
8,58,"D5",3,0.418154003059663,0.746423927178153
8,58,"D5",4,0.346936694106505,0.829686411149826
8,58,"D5",5,0.302760982006265,0.872669242398791
8,58,"D5",6,0.270998761564799,0.895091434071222
8,58,"D5",7,0.245792962774095,0.906989247311828
8,58,"D5",8,0.224375318714941,0.912863070539419
8,58,"D6",1,1,NA
8,58,"D6",2,0.483617300131062,0.483617300131062
8,58,"D6",3,0.336091087811271,0.694952574525745
8,58,"D6",4,0.266382699868938,0.792590787228857
8,58,"D6",5,0.224115334207077,0.841328413284133
8,58,"D6",6,0.195281782437746,0.871345029239766
8,58,"D6",7,0.174885321100917,0.895553691275168
8,58,"D6",8,0.160550458715596,0.918032786885246
8,58,"D7",1,1,NA
8,58,"D7",2,0.309347068625966,0.309347068625966
8,58,"D7",3,0.163308589607635,0.527913809990206
8,58,"D7",4,0.106165732464778,0.650092764378479
8,58,"D7",5,0.0789274352370853,0.743436073059361
8,58,"D7",6,0.0645356764126647,0.817658349328215
8,58,"D7",7,0.056203605514316,0.870892018779343
8,58,"D7",8,0.0509013785790032,0.905660377358491
8,59,"D0",1,1,NA
8,59,"D0",2,0.824380669460506,0.824380669460506
8,59,"D0",3,0.734825738687603,0.891367017579985
8,59,"D0",4,0.681071561190388,0.926847720939634
8,59,"D0",5,0.644761551111347,0.946686938424535
8,59,"D0",6,0.618577263805634,0.959389192391233
8,59,"D0",7,0.598737467508355,0.967926728869374
8,59,"D0",8,0.582844411437059,0.973455718184073
8,59,"D1",1,1,NA
8,59,"D1",2,0.704131247312539,0.704131247312539
8,59,"D1",3,0.569377832170145,0.808624577226607
8,59,"D1",4,0.492318548164809,0.864660547616281
8,59,"D1",5,0.442342252946559,0.898487888777411
8,59,"D1",6,0.407347379794706,0.920887337986042
8,59,"D1",7,0.381569807825886,0.936718453959833
8,59,"D1",8,0.361812147873736,0.948220064724919
8,59,"D3",1,1,NA
8,59,"D3",2,0.570179742205968,0.570179742205968
8,59,"D3",3,0.436198207038045,0.765018773466834
8,59,"D3",4,0.37204406583114,0.852924335378323
8,59,"D3",5,0.33397261495919,0.89766951184425
8,59,"D3",6,0.308282413808483,0.923076923076923
8,59,"D3",7,0.289416172338433,0.938802083333333
8,59,"D3",8,0.274742428972838,0.949298813376483
8,59,"D5",1,1,NA
8,59,"D5",2,0.539775093710954,0.539775093710954
8,59,"D5",3,0.393863667916146,0.729681069958848
8,59,"D5",4,0.321588227127586,0.816496298907296
8,59,"D5",5,0.277315007635707,0.862329476774305
8,59,"D5",6,0.245869776482021,0.886608260325407
8,59,"D5",7,0.221574344023324,0.901185770750988
8,59,"D5",8,0.202137998056365,0.912280701754386
8,59,"D6",1,1,NA
8,59,"D6",2,0.44235446732609,0.44235446732609
8,59,"D6",3,0.28790335657532,0.650843108504399
8,59,"D6",4,0.221436679098427,0.769135454801464
8,59,"D6",5,0.184287335819685,0.832234915055653
8,59,"D6",6,0.160369709745419,0.870215574131104
8,59,"D6",7,0.143586833144154,0.895348837209302
8,59,"D6",8,0.1316685584563,0.91699604743083
8,59,"D7",1,1,NA
8,59,"D7",2,0.328968662645285,0.328968662645285
8,59,"D7",3,0.19096660291305,0.580500894454383
8,59,"D7",4,0.13076357216419,0.684745762711864
8,59,"D7",5,0.0963660438428719,0.736948694869487
8,59,"D7",6,0.0744446079152567,0.772519083969466
8,59,"D7",7,0.0597322348094748,0.802371541501976
8,59,"D7",8,0.0494335736354274,0.827586206896552
8,60,"D0",1,1,NA
8,60,"D0",2,0.827520945859737,0.827520945859737
8,60,"D0",3,0.738740271339259,0.89271489143004
8,60,"D0",4,0.683885510143325,0.925745538284398
8,60,"D0",5,0.645802322119678,0.944313503563389
8,60,"D0",6,0.617700846340322,0.956485948072902
8,60,"D0",7,0.596085144388211,0.965006196640044
8,60,"D0",8,0.579339089014588,0.971906605069297
8,60,"D1",1,1,NA
8,60,"D1",2,0.668439613805862,0.668439613805862
8,60,"D1",3,0.518286408047638,0.775367583463069
8,60,"D1",4,0.43426721396774,0.837890415848653
8,60,"D1",5,0.38056310342834,0.876333951051185
8,60,"D1",6,0.343157773024224,0.901710570291374
8,60,"D1",7,0.315499797652772,0.919401576925669
8,60,"D1",8,0.293970052610279,0.931759876859928
8,60,"D3",1,1,NA
8,60,"D3",2,0.60541586073501,0.60541586073501
8,60,"D3",3,0.484986644561113,0.801080176479538
8,60,"D3",4,0.423910840932118,0.874067040167126
8,60,"D3",5,0.385235332043843,0.908764992177994
8,60,"D3",6,0.357649442755826,0.928392109982068
8,60,"D3",7,0.336557059961315,0.941024980685037
8,60,"D3",8,0.319793681495809,0.950191570881226
8,60,"D5",1,1,NA
8,60,"D5",2,0.57224025974026,0.57224025974026
8,60,"D5",3,0.42972132034632,0.750945626477541
8,60,"D5",4,0.357034632034632,0.830851566189202
8,60,"D5",5,0.311688311688312,0.872991815701728
8,60,"D5",6,0.280032467532468,0.8984375
8,60,"D5",7,0.256628787878788,0.916425120772947
8,60,"D5",8,0.238636363636364,0.929889298892989
8,60,"D6",1,1,NA
8,60,"D6",2,0.447739602169982,0.447739602169982
8,60,"D6",3,0.28625678119349,0.639337641357028
8,60,"D6",4,0.213019891500904,0.74415666456096
8,60,"D6",5,0.172332730560579,0.808998302207131
8,60,"D6",6,0.14629294755877,0.848898216159496
8,60,"D6",7,0.127215189873418,0.869592088998764
8,60,"D6",8,0.111392405063291,0.875621890547264
8,60,"D7",1,1,NA
8,60,"D7",2,0.402141993435827,0.402141993435827
8,60,"D7",3,0.257039212299188,0.639175257731959
8,60,"D7",4,0.192226636724823,0.747849462365591
8,60,"D7",5,0.154603558472966,0.804277498202732
8,60,"D7",6,0.129556054586284,0.837988826815642
8,60,"D7",7,0.111245465538089,0.858666666666667
8,60,"D7",8,0.0967351874244256,0.869565217391304
8,61,"D0",1,1,NA
8,61,"D0",2,0.825182245519466,0.825182245519466
8,61,"D0",3,0.73552912214429,0.891353547822956
8,61,"D0",4,0.680756783141096,0.925533418930421
8,61,"D0",5,0.642660837639669,0.944038830835225
8,61,"D0",6,0.614170053373797,0.955667464707339
8,61,"D0",7,0.591547203446483,0.963165169315826
8,61,"D0",8,0.572235014484142,0.96735308890005
8,61,"D1",1,1,NA
8,61,"D1",2,0.674711737346727,0.674711737346727
8,61,"D1",3,0.526826425314546,0.780817045493039
8,61,"D1",4,0.44253374015793,0.839999132339862
8,61,"D1",5,0.387946107168569,0.876647523034335
8,61,"D1",6,0.349640600180557,0.901260751737952
8,61,"D1",7,0.321094312455004,0.918355340567394
8,61,"D1",8,0.298856091512679,0.93074240159442
8,61,"D3",1,1,NA
8,61,"D3",2,0.591723170446575,0.591723170446575
8,61,"D3",3,0.468225391629647,0.791291291291291
8,61,"D3",4,0.408286181903203,0.871986417657046
8,61,"D3",5,0.371428571428571,0.90972603994869
8,61,"D3",6,0.345849894786065,0.931134332116329
8,61,"D3",7,0.326677577741408,0.944564629529476
8,61,"D3",8,0.311620294599018,0.953907815631263
8,61,"D5",1,1,NA
8,61,"D5",2,0.541116751269036,0.541116751269036
8,61,"D5",3,0.391950688905004,0.724336638970785
8,61,"D5",4,0.316229151559101,0.806808510638298
8,61,"D5",5,0.269325598259608,0.851678591084205
8,61,"D5",6,0.236983321247281,0.879913839526117
8,61,"D5",7,0.213197969543147,0.899632802937577
8,61,"D5",8,0.19492385786802,0.914285714285714
8,61,"D6",1,1,NA
8,61,"D6",2,0.42437249230195,0.42437249230195
8,61,"D6",3,0.261827003825698,0.616974494283202
8,61,"D6",4,0.190725016329197,0.728439059158945
8,61,"D6",5,0.151721563870486,0.795499021526419
8,61,"D6",6,0.12671456564337,0.835178351783518
8,61,"D6",7,0.10842586544742,0.855670103092783
8,61,"D6",8,0.0940561724363161,0.867469879518072
8,61,"D7",1,1,NA
8,61,"D7",2,0.314315199764116,0.314315199764116
8,61,"D7",3,0.185758513931889,0.590994371482176
8,61,"D7",4,0.140114993365767,0.754285714285714
8,61,"D7",5,0.116025357511426,0.828072390572391
8,61,"D7",6,0.101135190918473,0.871664548919949
8,61,"D7",7,0.0908152734778122,0.897959183673469
8,61,"D7",8,0.0825593395252838,0.909090909090909
8,62,"D0",1,1,NA
8,62,"D0",2,0.837215663994276,0.837215663994276
8,62,"D0",3,0.751972728994382,0.898182823535326
8,62,"D0",4,0.698928939671317,0.929460488023282
8,62,"D0",5,0.661932117080151,0.947066403333414
8,62,"D0",6,0.633503777118448,0.957052484343707
8,62,"D0",7,0.610030932390632,0.962947585198964
8,62,"D0",8,0.589777581381647,0.966799468791501
8,62,"D1",1,1,NA
8,62,"D1",2,0.67639324018386,0.67639324018386
8,62,"D1",3,0.529362665508015,0.782625600108188
8,62,"D1",4,0.445937478561138,0.842404475451973
8,62,"D1",5,0.391902398865741,0.878828126602531
8,62,"D1",6,0.353861281986782,0.902932166301969
8,62,"D1",7,0.325516247798944,0.919897893240274
8,62,"D1",8,0.303505682727709,0.932382591590853
8,62,"D3",1,1,NA
8,62,"D3",2,0.591197093858241,0.591197093858241
8,62,"D3",3,0.464475796232153,0.785653043726779
8,62,"D3",4,0.403277857565261,0.86824299745362
8,62,"D3",5,0.365971107544141,0.907491201608849
8,62,"D3",6,0.339951001098251,0.928901200369345
8,62,"D3",7,0.320520402128918,0.942842942345924
8,62,"D3",8,0.305144884683619,0.952029520295203
8,62,"D5",1,1,NA
8,62,"D5",2,0.569474712557301,0.569474712557301
8,62,"D5",3,0.426843014954535,0.749538136711533
8,62,"D5",4,0.35391899000526,0.829154929577465
8,62,"D5",5,0.309761779514541,0.875233565483268
8,62,"D5",6,0.279852709100473,0.903444929645803
8,62,"D5",7,0.257759074171489,0.921052631578947
8,62,"D5",8,0.239873750657549,0.930612244897959
8,62,"D6",1,1,NA
8,62,"D6",2,0.447771710410428,0.447771710410428
8,62,"D6",3,0.297956667253831,0.665420928402832
8,62,"D6",4,0.23385590981152,0.784865503990541
8,62,"D6",5,0.198608419940109,0.849276890629708
8,62,"D6",6,0.177030121543069,0.891352549889135
8,62,"D6",7,0.162762022194821,0.919402985074627
8,62,"D6",8,0.152897657213317,0.939393939393939
8,62,"D7",1,1,NA
8,62,"D7",2,0.386175115207373,0.386175115207373
8,62,"D7",3,0.261904761904762,0.678202068416866
8,62,"D7",4,0.200921658986175,0.767155425219941
8,62,"D7",5,0.161136712749616,0.801987767584098
8,62,"D7",6,0.132411674347158,0.821734985700667
8,62,"D7",7,0.110752688172043,0.836426914153132
8,62,"D7",8,0.0946236559139785,0.854368932038835
8,63,"D0",1,1,NA
8,63,"D0",2,0.825505423408301,0.825505423408301
8,63,"D0",3,0.736191821861488,0.891807371563884
8,63,"D0",4,0.682144716293597,0.926585566474739
8,63,"D0",5,0.645072188167302,0.945652986469313
8,63,"D0",6,0.617875468771579,0.957839262187088
8,63,"D0",7,0.597010485610173,0.966231086657497
8,63,"D0",8,0.580055030861902,0.971599402092676
8,63,"D1",1,1,NA
8,63,"D1",2,0.664035996984546,0.664035996984546
8,63,"D1",3,0.513451752732755,0.773228793415404
8,63,"D1",4,0.42943837165473,0.836375315439321
8,63,"D1",5,0.376613739163211,0.876991354340384
8,63,"D1",6,0.34074632491519,0.904763394113784
8,63,"D1",7,0.314973614775726,0.924363938053097
8,63,"D1",8,0.295514511873351,0.938219895287958
8,63,"D3",1,1,NA
8,63,"D3",2,0.601952426783996,0.601952426783996
8,63,"D3",3,0.479261194371878,0.796177858991929
8,63,"D3",4,0.418497639671846,0.873214114946925
8,63,"D3",5,0.380631559649846,0.909519011739969
8,63,"D3",6,0.354003391539484,0.930042143287176
8,63,"D3",7,0.333974975938402,0.943423096841015
8,63,"D3",8,0.318254732114212,0.952929875120077
8,63,"D5",1,1,NA
8,63,"D5",2,0.553032480597873,0.553032480597873
8,63,"D5",3,0.406654210980167,0.735317047817048
8,63,"D5",4,0.332394366197183,0.817388231136243
8,63,"D5",5,0.286217303822938,0.861077481840194
8,63,"D5",6,0.253664846220178,0.886266633191062
8,63,"D5",7,0.22887323943662,0.902266288951841
8,63,"D5",8,0.209255533199195,0.914285714285714
8,63,"D6",1,1,NA
8,63,"D6",2,0.455123410620793,0.455123410620793
8,63,"D6",3,0.295344053851907,0.648931799506984
8,63,"D6",4,0.221391174270755,0.749604305159861
8,63,"D6",5,0.179319371727749,0.809966216216216
8,63,"D6",6,0.152580403889304,0.850886339937435
8,63,"D6",7,0.134162303664921,0.879289215686274
8,63,"D6",8,0.120418848167539,0.897560975609756
8,63,"D7",1,1,NA
8,63,"D7",2,0.341929875398435,0.341929875398435
8,63,"D7",3,0.213416401043176,0.624152542372881
8,63,"D7",4,0.158678643871342,0.743516632722335
8,63,"D7",5,0.128513474355259,0.809897735573411
8,63,"D7",6,0.109823239640684,0.85456595264938
8,63,"D7",7,0.0973630831643002,0.886543535620053
8,63,"D7",8,0.0892494929006085,0.916666666666667
8,64,"D0",1,1,NA
8,64,"D0",2,0.826847199449939,0.826847199449939
8,64,"D0",3,0.737430581266198,0.891858352736484
8,64,"D0",4,0.682633945099699,0.92569248203348
8,64,"D0",5,0.644861691437034,0.944666898073538
8,64,"D0",6,0.616956682710107,0.956727141497982
8,64,"D0",7,0.595186967789707,0.964714354296687
8,64,"D0",8,0.576971492039985,0.96939537198308
8,64,"D1",1,1,NA
8,64,"D1",2,0.69112692711006,0.69112692711006
8,64,"D1",3,0.54931839985721,0.794815508280337
8,64,"D1",4,0.468530376386069,0.852930425246741
8,64,"D1",5,0.416612748488432,0.889190476190476
8,64,"D1",6,0.380468976595792,0.913243720880415
8,64,"D1",7,0.353740434171482,0.929748431361051
8,64,"D1",8,0.332968920818366,0.941280353200883
8,64,"D3",1,1,NA
8,64,"D3",2,0.58173172181494,0.58173172181494
8,64,"D3",3,0.458143451555379,0.787551089918256
8,64,"D3",4,0.40059441252229,0.87438642015353
8,64,"D3",5,0.366504854368932,0.9149025620734
8,64,"D3",6,0.343075094115316,0.936072442221922
8,64,"D3",7,0.325242718446602,0.948021946289344
8,64,"D3",8,0.310679611650485,0.955223880597015
8,64,"D5",1,1,NA
8,64,"D5",2,0.55323912130964,0.55323912130964
8,64,"D5",3,0.400657618581223,0.724203338391502
8,64,"D5",4,0.322428991185113,0.804749432512659
8,64,"D5",5,0.273961102560515,0.849678875195279
8,64,"D5",6,0.239820903875752,0.87538304392237
8,64,"D5",7,0.213516160626836,0.890315052508751
8,64,"D5",8,0.191968658178257,0.899082568807339
8,64,"D6",1,1,NA
8,64,"D6",2,0.437484381507705,0.437484381507705
8,64,"D6",3,0.283465222823823,0.647943640517898
8,64,"D6",4,0.215310287380258,0.7595650896268
8,64,"D6",5,0.177009579341941,0.822113896626431
8,64,"D6",6,0.152269887546855,0.860235294117647
8,64,"D6",7,0.13469387755102,0.884573304157549
8,64,"D6",8,0.121282798833819,0.9004329004329
8,64,"D7",1,1,NA
8,64,"D7",2,0.299388269161569,0.299388269161569
8,64,"D7",3,0.163727959697733,0.546875
8,64,"D7",4,0.10996761424973,0.671648351648352
8,64,"D7",5,0.0824037423533645,0.74934554973822
8,64,"D7",6,0.0672903922274199,0.816593886462882
8,64,"D7",7,0.0579345088161209,0.86096256684492
8,64,"D7",8,0.0503778337531486,0.869565217391304
8,65,"D0",1,1,NA
8,65,"D0",2,0.831536085669399,0.831536085669399
8,65,"D0",3,0.743932285265419,0.894648227643112
8,65,"D0",4,0.689459115732775,0.926776709908201
8,65,"D0",5,0.651423014032425,0.944831969246032
8,65,"D0",6,0.622321495367055,0.955326234967926
8,65,"D0",7,0.598788060148126,0.962184441009789
8,65,"D0",8,0.579337173636568,0.967516241879061
8,65,"D1",1,1,NA
8,65,"D1",2,0.709704604879314,0.709704604879314
8,65,"D1",3,0.57673358255721,0.812638918491003
8,65,"D1",4,0.50068068370897,0.868131662264186
8,65,"D1",5,0.450893532424314,0.90056107034959
8,65,"D1",6,0.415433152537978,0.92135531486629
8,65,"D1",7,0.388746029345031,0.935760728218465
8,65,"D1",8,0.367871728936621,0.946303501945525
8,65,"D3",1,1,NA
8,65,"D3",2,0.584585834333733,0.584585834333733
8,65,"D3",3,0.458727490996399,0.78470510924922
8,65,"D3",4,0.400902761104442,0.873945357479326
8,65,"D3",5,0.368499399759904,0.919174013031813
8,65,"D3",6,0.347851140456182,0.943966640604639
8,65,"D3",7,0.333445378151261,0.958586416344561
8,65,"D3",8,0.322689075630252,0.967741935483871
8,65,"D5",1,1,NA
8,65,"D5",2,0.54714085540802,0.54714085540802
8,65,"D5",3,0.399346099953293,0.729878048780488
8,65,"D5",4,0.327216921331821,0.81938178780284
8,65,"D5",5,0.283312203910055,0.865823817292007
8,65,"D5",6,0.252885834389804,0.892604804521903
8,65,"D5",7,0.230266230733302,0.910554089709762
8,65,"D5",8,0.212984586641756,0.924949290060852
8,65,"D6",1,1,NA
8,65,"D6",2,0.443109602158962,0.443109602158962
8,65,"D6",3,0.288935318185775,0.652062868369352
8,65,"D6",4,0.222651693218421,0.770593552274782
8,65,"D6",5,0.187516322799687,0.842195808570535
8,65,"D6",6,0.165404370157569,0.882079851439183
8,65,"D6",7,0.149299207800122,0.902631578947368
8,65,"D6",8,0.136502132845826,0.914285714285714
8,65,"D7",1,1,NA
8,65,"D7",2,0.310740354535975,0.310740354535975
8,65,"D7",3,0.171359054570733,0.551454138702461
8,65,"D7",4,0.110809871393813,0.646653144016227
8,65,"D7",5,0.0792492179353493,0.715181932245922
8,65,"D7",6,0.0618700034758429,0.780701754385965
8,65,"D7",7,0.0523114355231144,0.845505617977528
8,65,"D7",8,0.048661800486618,0.930232558139535
8,66,"D0",1,1,NA
8,66,"D0",2,0.83441415349745,0.83441415349745
8,66,"D0",3,0.748305315956263,0.896803239518096
8,66,"D0",4,0.694948477407711,0.928696432577967
8,66,"D0",5,0.658072572351991,0.946937210088906
8,66,"D0",6,0.631115028646981,0.959035606652528
8,66,"D0",7,0.61069487292493,0.967644320297951
8,66,"D0",8,0.59526957543705,0.974741400048112
8,66,"D1",1,1,NA
8,66,"D1",2,0.671672732298337,0.671672732298337
8,66,"D1",3,0.523241350716359,0.779012345679012
8,66,"D1",4,0.439646197079283,0.840235957034689
8,66,"D1",5,0.385981480628369,0.877936584445795
8,66,"D1",6,0.348435988390842,0.902727218475861
8,66,"D1",7,0.320461141567236,0.919713095788987
8,66,"D1",8,0.298613350532086,0.931823899371069
8,66,"D3",1,1,NA
8,66,"D3",2,0.570844089425746,0.570844089425746
8,66,"D3",3,0.443962787979153,0.777730375426621
8,66,"D3",4,0.385719156397643,0.868809654415798
8,66,"D3",5,0.352491354537042,0.913854934841903
8,66,"D3",6,0.33032974526326,0.937128644465939
8,66,"D3",7,0.313672008182748,0.949572397522855
8,66,"D3",8,0.300034094783498,0.956521739130435
8,66,"D5",1,1,NA
8,66,"D5",2,0.562314437616516,0.562314437616516
8,66,"D5",3,0.41545259959953,0.738826129666012
8,66,"D5",4,0.342083822412484,0.823400365630713
8,66,"D5",5,0.296830767106262,0.86771354755369
8,66,"D5",6,0.26541462404198,0.89416143289137
8,66,"D5",7,0.242145964233929,0.912330905306972
8,66,"D5",8,0.224262928951184,0.926147704590818
8,66,"D6",1,1,NA
8,66,"D6",2,0.453116722585202,0.453116722585202
8,66,"D6",3,0.296044499381953,0.653351519875292
8,66,"D6",4,0.22362705279887,0.755383238890546
8,66,"D6",5,0.183383365707222,0.820041061276058
8,66,"D6",6,0.158926364117959,0.866634569090034
8,66,"D6",7,0.143386897404203,0.902222222222222
8,66,"D6",8,0.133498145859085,0.931034482758621
8,66,"D7",1,1,NA
8,66,"D7",2,0.321388033079293,0.321388033079293
8,66,"D7",3,0.185179179503811,0.576185671039354
8,66,"D7",4,0.127776876925572,0.690017513134851
8,66,"D7",5,0.0974541916653154,0.762690355329949
8,66,"D7",6,0.0797794713799254,0.818635607321131
8,66,"D7",7,0.0692395005675369,0.867886178861789
8,66,"D7",8,0.0635641316685585,0.918032786885246
8,67,"D0",1,1,NA
8,67,"D0",2,0.836742189713614,0.836742189713614
8,67,"D0",3,0.750154789014702,0.896518423758999
8,67,"D0",4,0.696040549474767,0.927862568722633
8,67,"D0",5,0.65803696046846,0.945400323249867
8,67,"D0",6,0.62845389386196,0.955043457459533
8,67,"D0",7,0.603761110703005,0.960708679825001
8,67,"D0",8,0.58238448541835,0.964594232875046
8,67,"D1",1,1,NA
8,67,"D1",2,0.672183717802834,0.672183717802834
8,67,"D1",3,0.520924565819569,0.774973496118464
8,67,"D1",4,0.434247094927761,0.833608402100525
8,67,"D1",5,0.37860763421951,0.871871426756448
8,67,"D1",6,0.340172177970875,0.898482088646023
8,67,"D1",7,0.312012229463352,0.917218543046358
8,67,"D1",8,0.290288840614691,0.930376482723053
8,67,"D3",1,1,NA
8,67,"D3",2,0.587091222030981,0.587091222030981
8,67,"D3",3,0.455550774526678,0.7759454705365
8,67,"D3",4,0.392977624784854,0.862642863889676
8,67,"D3",5,0.356368330464716,0.906841275402943
8,67,"D3",6,0.332616179001721,0.933349432504226
8,67,"D3",7,0.316566265060241,0.951746442432083
8,67,"D3",8,0.306024096385542,0.966698382492864
8,67,"D5",1,1,NA
8,67,"D5",2,0.553430821147357,0.553430821147357
8,67,"D5",3,0.412612485939258,0.745553861788618
8,67,"D5",4,0.345500562429696,0.837348781734537
8,67,"D5",5,0.306594488188976,0.887392153670845
8,67,"D5",6,0.281496062992126,0.918138041733547
8,67,"D5",7,0.264271653543307,0.938811188811189
8,67,"D5",8,0.251968503937008,0.953445065176909
8,67,"D6",1,1,NA
8,67,"D6",2,0.421980655653514,0.421980655653514
8,67,"D6",3,0.259693571856544,0.615415821501014
8,67,"D6",4,0.191937002482239,0.739090309822017
8,67,"D6",5,0.155182744158179,0.808508740635034
8,67,"D6",6,0.131986647265257,0.850523993381136
8,67,"D6",7,0.116237267825045,0.880674448767834
8,67,"D6",8,0.105452366686639,0.907216494845361
8,67,"D7",1,1,NA
8,67,"D7",2,0.326716563618614,0.326716563618614
8,67,"D7",3,0.200780995769606,0.614541832669323
8,67,"D7",4,0.147217702570778,0.73322528363047
8,67,"D7",5,0.116010413276928,0.788019451812555
8,67,"D7",6,0.0956719817767654,0.82468443197756
8,67,"D7",7,0.082004555808656,0.857142857142857
8,67,"D7",8,0.0728929384965831,0.888888888888889
8,68,"D0",1,1,NA
8,68,"D0",2,0.826613842927057,0.826613842927057
8,68,"D0",3,0.738501302938497,0.893405438654945
8,68,"D0",4,0.68560411855681,0.928372253141316
8,68,"D0",5,0.649806148174827,0.947786237840377
8,68,"D0",6,0.623842715196712,0.960044340837585
8,68,"D0",7,0.604033812842948,0.968246960537934
8,68,"D0",8,0.587868901082604,0.973238399214338
8,68,"D1",1,1,NA
8,68,"D1",2,0.671137829979961,0.671137829979961
8,68,"D1",3,0.52292919113644,0.779168104936141
8,68,"D1",4,0.439489870382597,0.840438586775944
8,68,"D1",5,0.386060627121196,0.878428953971366
8,68,"D1",6,0.348889738332696,0.903717483272826
8,68,"D1",7,0.321495175545285,0.921480743691899
8,68,"D1",8,0.300332441417336,0.934174022698613
8,68,"D3",1,1,NA
8,68,"D3",2,0.576105313298402,0.576105313298402
8,68,"D3",3,0.442471744684536,0.768039687312087
8,68,"D3",4,0.378019313211796,0.854335486396555
8,68,"D3",5,0.338717360239033,0.896031891495601
8,68,"D3",6,0.311782791322046,0.920480695474303
8,68,"D3",7,0.291906638375265,0.93625
8,68,"D3",8,0.276447408305547,0.947040498442368
8,68,"D5",1,1,NA
8,68,"D5",2,0.56473562876478,0.56473562876478
8,68,"D5",3,0.424704395032349,0.752041085067158
8,68,"D5",4,0.353684836766565,0.832778847837507
8,68,"D5",5,0.308470290771176,0.872161480235492
8,68,"D5",6,0.276195433925783,0.895371263259402
8,68,"D5",7,0.251952108276939,0.912224017232095
8,68,"D5",8,0.233211868818324,0.925619834710744
8,68,"D6",1,1,NA
8,68,"D6",2,0.423199363310784,0.423199363310784
8,68,"D6",3,0.25974930362117,0.613775270333804
8,68,"D6",4,0.188221249502587,0.724626579854462
8,68,"D6",5,0.148726621567847,0.790169133192389
8,68,"D6",6,0.123557500994827,0.830769230769231
8,68,"D6",7,0.105153203342618,0.851046698872786
8,68,"D6",8,0.0891364902506964,0.847682119205298
8,68,"D7",1,1,NA
8,68,"D7",2,0.287097890003459,0.287097890003459
8,68,"D7",3,0.149602213766863,0.521084337349398
8,68,"D7",4,0.0975441023867174,0.652023121387283
8,68,"D7",5,0.0707367692839848,0.725177304964539
8,68,"D7",6,0.0546523694223452,0.772616136919315
8,68,"D7",7,0.0447941888619855,0.819620253164557
8,68,"D7",8,0.0387409200968523,0.864864864864865
8,69,"D0",1,1,NA
8,69,"D0",2,0.838922590567327,0.838922590567327
8,69,"D0",3,0.753791438824334,0.898523233609166
8,69,"D0",4,0.698043403964457,0.926043157313082
8,69,"D0",5,0.657499572795625,0.941917893731869
8,69,"D0",6,0.626302973342447,0.952552669622988
8,69,"D0",7,0.601525119617225,0.960437911394564
8,69,"D0",8,0.58133971291866,0.966442953020134
8,69,"D1",1,1,NA
8,69,"D1",2,0.67280734114175,0.67280734114175
8,69,"D1",3,0.524370561652679,0.779376991878277
8,69,"D1",4,0.440431614866734,0.839924372334345
8,69,"D1",5,0.38663192843309,0.877847809699305
8,69,"D1",6,0.349465092686526,0.903870236746377
8,69,"D1",7,0.322304712717883,0.922280134591278
8,69,"D1",8,0.301484828921885,0.935403104656986
8,69,"D3",1,1,NA
8,69,"D3",2,0.576401595120807,0.576401595120807
8,69,"D3",3,0.450433966690124,0.781458570730913
8,69,"D3",4,0.391836734693878,0.869909384439121
8,69,"D3",5,0.357776213933849,0.913074712643678
8,69,"D3",6,0.335256861365236,0.93705743509048
8,69,"D3",7,0.319211822660099,0.952141057934509
8,69,"D3",8,0.307389162561576,0.962962962962963
8,69,"D5",1,1,NA
8,69,"D5",2,0.555691222357889,0.555691222357889
8,69,"D5",3,0.412698412698413,0.74267578125
8,69,"D5",4,0.33992673992674,0.823668639053254
8,69,"D5",5,0.294125627458961,0.865261813537676
8,69,"D5",6,0.261429928096595,0.888837638376384
8,69,"D5",7,0.236467236467236,0.904514789828749
8,69,"D5",8,0.216524216524217,0.91566265060241
8,69,"D6",1,1,NA
8,69,"D6",2,0.465601965601966,0.465601965601966
8,69,"D6",3,0.321077571077571,0.689596683000377
8,69,"D6",4,0.258336258336258,0.804591418420333
8,69,"D6",5,0.222972972972973,0.863111413043478
8,69,"D6",6,0.2002457002457,0.898071625344353
8,69,"D6",7,0.184275184275184,0.920245398773006
8,69,"D6",8,0.171990171990172,0.933333333333333
8,69,"D7",1,1,NA
8,69,"D7",2,0.333924874297545,0.333924874297545
8,69,"D7",3,0.185743862762496,0.556244464127547
8,69,"D7",4,0.123040520556049,0.662420382165605
8,69,"D7",5,0.0868086364980775,0.705528846153846
8,69,"D7",6,0.0638864241348713,0.735945485519591
8,69,"D7",7,0.0496894409937888,0.777777777777778
8,69,"D7",8,0.041407867494824,0.833333333333333
8,70,"D0",1,1,NA
8,70,"D0",2,0.82837528604119,0.82837528604119
8,70,"D0",3,0.740775501165255,0.89425108842325
8,70,"D0",4,0.688548861635154,0.929497345082352
8,70,"D0",5,0.653302259857217,0.948810311450905
8,70,"D0",6,0.627529553195752,0.960550103305785
8,70,"D0",7,0.607440761792279,0.967987497479331
8,70,"D0",8,0.590536650180852,0.972171588285332
8,70,"D1",1,1,NA
8,70,"D1",2,0.678200142845806,0.678200142845806
8,70,"D1",3,0.531216343374109,0.783273712012303
8,70,"D1",4,0.446885167843822,0.841248906246665
8,70,"D1",5,0.391567562665095,0.876215168550728
8,70,"D1",6,0.351899509109254,0.898694229711341
8,70,"D1",7,0.321720498373145,0.914239690721649
8,70,"D1",8,0.29775414649631,0.925505673408979
8,70,"D3",1,1,NA
8,70,"D3",2,0.581328200192493,0.581328200192493
8,70,"D3",3,0.453732985013062,0.780510879848628
8,70,"D3",4,0.393528576011733,0.867313131313131
8,70,"D3",5,0.359228195609331,0.912838908040622
8,70,"D3",6,0.336954030890508,0.937994386323042
8,70,"D3",7,0.320821302534488,0.952121871599565
8,70,"D3",8,0.307988450433109,0.96
8,70,"D5",1,1,NA
8,70,"D5",2,0.565289917928872,0.565289917928872
8,70,"D5",3,0.417628611463268,0.738786591123702
8,70,"D5",4,0.341576032561553,0.81789423230548
8,70,"D5",5,0.294121572029092,0.861072042506642
8,70,"D5",6,0.261426569693735,0.888838475499093
8,70,"D5",7,0.237739374124241,0.909392547217968
8,70,"D5",8,0.220457730032695,0.927308447937132
8,70,"D6",1,1,NA
8,70,"D6",2,0.428402366863905,0.428402366863905
8,70,"D6",3,0.268385460693153,0.626479873717443
8,70,"D6",4,0.199357565511412,0.742803149606299
8,70,"D6",5,0.160862214708369,0.806902985074627
8,70,"D6",6,0.135756551141167,0.84393063583815
8,70,"D6",7,0.117751479289941,0.867372353673724
8,70,"D6",8,0.10414201183432,0.884422110552764
8,70,"D7",1,1,NA
8,70,"D7",2,0.368888888888889,0.368888888888889
8,70,"D7",3,0.219047619047619,0.593803786574871
8,70,"D7",4,0.152380952380952,0.695652173913044
8,70,"D7",5,0.113492063492063,0.744791666666667
8,70,"D7",6,0.0857142857142857,0.755244755244755
8,70,"D7",7,0.0633333333333333,0.738888888888889
8,70,"D7",8,0.0444444444444444,0.701754385964912
8,71,"D0",1,1,NA
8,71,"D0",2,0.833779508396203,0.833779508396203
8,71,"D0",3,0.748325520860889,0.897510089088556
8,71,"D0",4,0.696464812130318,0.930697661265236
8,71,"D0",5,0.660850519009174,0.948864188827848
8,71,"D0",6,0.633646184938682,0.958834360739733
8,71,"D0",7,0.611288052736834,0.964715115890722
8,71,"D0",8,0.591956151396193,0.968375136314068
8,71,"D1",1,1,NA
8,71,"D1",2,0.696079734219269,0.696079734219269
8,71,"D1",3,0.557486157253599,0.800894107165585
8,71,"D1",4,0.479034330011074,0.859275739456904
8,71,"D1",5,0.428427464008859,0.894356494239056
8,71,"D1",6,0.392846068660022,0.916948845865536
8,71,"D1",7,0.366201550387597,0.932175677961324
8,71,"D1",8,0.345426356589147,0.943268416596105
8,71,"D3",1,1,NA
8,71,"D3",2,0.573266895650912,0.573266895650912
8,71,"D3",3,0.446664409075516,0.77915611814346
8,71,"D3",4,0.386628610130134,0.865590815552908
8,71,"D3",5,0.349233225291471,0.903278278278278
8,71,"D3",6,0.322287262348217,0.922842498961075
8,71,"D3",7,0.301388418557399,0.935154608225758
8,71,"D3",8,0.284456484930579,0.943820224719101
8,71,"D5",1,1,NA
8,71,"D5",2,0.547472075249853,0.547472075249853
8,71,"D5",3,0.408583186360964,0.746308724832215
8,71,"D5",4,0.338330393885949,0.828057553956835
8,71,"D5",5,0.294385655496767,0.870112945264987
8,71,"D5",6,0.262786596119929,0.892661008487269
8,71,"D5",7,0.238168724279835,0.906319910514542
8,71,"D5",8,0.218106995884774,0.915766738660907
8,71,"D6",1,1,NA
8,71,"D6",2,0.438804286520023,0.438804286520023
8,71,"D6",3,0.275481427765692,0.627800220345208
8,71,"D6",4,0.205301748448957,0.745247148288973
8,71,"D6",5,0.166304085085811,0.810047095761381
8,71,"D6",6,0.140681653372009,0.84593023255814
8,71,"D6",7,0.122391426959955,0.869988545246277
8,71,"D6",8,0.1082910321489,0.884792626728111
8,71,"D7",1,1,NA
8,71,"D7",2,0.329094988780853,0.329094988780853
8,71,"D7",3,0.191660433807031,0.582386363636364
8,71,"D7",4,0.137471952131638,0.717268292682927
8,71,"D7",5,0.108825729244577,0.791621327529924
8,71,"D7",6,0.0919970082273747,0.845360824742268
8,71,"D7",7,0.081151832460733,0.882113821138211
8,71,"D7",8,0.0732984293193717,0.903225806451613
8,72,"D0",1,1,NA
8,72,"D0",2,0.834242013593437,0.834242013593437
8,72,"D0",3,0.747271332976164,0.895748860402448
8,72,"D0",4,0.692924899940122,0.927273494060589
8,72,"D0",5,0.655321294633009,0.945732062290787
8,72,"D0",6,0.627819272425494,0.958032765861947
8,72,"D0",7,0.606956393852489,0.966769292550699
8,72,"D0",8,0.591219942642841,0.974073176641628
8,72,"D1",1,1,NA
8,72,"D1",2,0.672418991951384,0.672418991951384
8,72,"D1",3,0.523589172639343,0.778665056916178
8,72,"D1",4,0.438985920719968,0.838416727578798
8,72,"D1",5,0.384709948275462,0.876360562189581
8,72,"D1",6,0.346995105884536,0.901965513083323
8,72,"D1",7,0.319126481571684,0.919685828877005
8,72,"D1",8,0.29745088488391,0.932078351564487
8,72,"D3",1,1,NA
8,72,"D3",2,0.596710526315789,0.596710526315789
8,72,"D3",3,0.472697368421053,0.792171995589857
8,72,"D3",4,0.413421052631579,0.874599860821155
8,72,"D3",5,0.378242481203008,0.914908611439483
8,72,"D3",6,0.354135338345865,0.936265374580693
8,72,"D3",7,0.335855263157895,0.94838110403397
8,72,"D3",8,0.321052631578947,0.955925563173359
8,72,"D5",1,1,NA
8,72,"D5",2,0.555047619047619,0.555047619047619
8,72,"D5",3,0.406603174603175,0.732555479295356
8,72,"D5",4,0.331631746031746,0.815615240474703
8,72,"D5",5,0.285714285714286,0.861540817889416
8,72,"D5",6,0.254222222222222,0.889777777777778
8,72,"D5",7,0.231111111111111,0.909090909090909
8,72,"D5",8,0.213333333333333,0.923076923076923
8,72,"D6",1,1,NA
8,72,"D6",2,0.410989010989011,0.410989010989011
8,72,"D6",3,0.24981684981685,0.607843137254902
8,72,"D6",4,0.180952380952381,0.724340175953079
8,72,"D6",5,0.143956043956044,0.795546558704453
8,72,"D6",6,0.120695970695971,0.838422391857506
8,72,"D6",7,0.104487179487179,0.865705614567527
8,72,"D6",8,0.0923076923076923,0.883435582822086
8,72,"D7",1,1,NA
8,72,"D7",2,0.303886925795053,0.303886925795053
8,72,"D7",3,0.177309439676931,0.583471760797342
8,72,"D7",4,0.129227662796567,0.728825622775801
8,72,"D7",5,0.103356890459364,0.7998046875
8,72,"D7",6,0.0860676426047451,0.832722832722833
8,72,"D7",7,0.073321554770318,0.851906158357771
8,72,"D7",8,0.0636042402826855,0.867469879518072
8,73,"D0",1,1,NA
8,73,"D0",2,0.826124750879871,0.826124750879871
8,73,"D0",3,0.73686553873553,0.891954317977672
8,73,"D0",4,0.682347453674257,0.926013523234067
8,73,"D0",5,0.644765297036,0.944922258541617
8,73,"D0",6,0.617245473434254,0.957318075696294
8,73,"D0",7,0.59624517661027,0.96597739841308
8,73,"D0",8,0.579400415553577,0.971748599875544
8,73,"D1",1,1,NA
8,73,"D1",2,0.67647025373321,0.67647025373321
8,73,"D1",3,0.528517975138467,0.781287827841291
8,73,"D1",4,0.444177556381999,0.840420907662843
8,73,"D1",5,0.389607287863796,0.87714312050636
8,73,"D1",6,0.351132189202407,0.9012464605774
8,73,"D1",7,0.322346946899132,0.918021636328302
8,73,"D1",8,0.29997611655123,0.930600148184737
8,73,"D3",1,1,NA
8,73,"D3",2,0.577668526047083,0.577668526047083
8,73,"D3",3,0.45225489269169,0.782896890343699
8,73,"D3",4,0.391188427720526,0.86497334587645
8,73,"D3",5,0.353833790299707,0.904509860788863
8,73,"D3",6,0.32835397560745,0.927989311957248
8,73,"D3",7,0.310059563203177,0.944284480276418
8,73,"D3",8,0.296492389146261,0.95624332977588
8,73,"D5",1,1,NA
8,73,"D5",2,0.562532705389848,0.562532705389848
8,73,"D5",3,0.41287284144427,0.733953488372093
8,73,"D5",4,0.338095238095238,0.818884664131812
8,73,"D5",5,0.293759811616954,0.868867048444513
8,73,"D5",6,0.264913657770801,0.901803607214429
8,73,"D5",7,0.24496336996337,0.924691358024691
8,73,"D5",8,0.230769230769231,0.942056074766355
8,73,"D6",1,1,NA
8,73,"D6",2,0.45865609800036,0.45865609800036
8,73,"D6",3,0.30390920554855,0.662608012568735
8,73,"D6",4,0.239524410016213,0.78814463544754
8,73,"D6",5,0.206809583858764,0.863417569193742
8,73,"D6",6,0.187353629976581,0.905923344947735
8,73,"D6",7,0.174653215636822,0.932211538461538
8,73,"D6",8,0.166456494325347,0.953068592057762
8,73,"D7",1,1,NA
8,73,"D7",2,0.391377852916314,0.391377852916314
8,73,"D7",3,0.253874330797408,0.648668106551476
8,73,"D7",4,0.194420963651733,0.765815760266371
8,73,"D7",5,0.158918005071851,0.817391304347826
8,73,"D7",6,0.133276979430826,0.838652482269504
8,73,"D7",7,0.112426035502959,0.843551797040169
8,73,"D7",8,0.0946745562130177,0.842105263157895
8,74,"D0",1,1,NA
8,74,"D0",2,0.838478424552213,0.838478424552213
8,74,"D0",3,0.753958238332078,0.899198138264235
8,74,"D0",4,0.699110258014571,0.927253291324406
8,74,"D0",5,0.659246847725803,0.942979794915357
8,74,"D0",6,0.628630815402399,0.953559076650849
8,74,"D0",7,0.604335238660827,0.961351597557272
8,74,"D0",8,0.584366416747086,0.966957376243705
8,74,"D1",1,1,NA
8,74,"D1",2,0.669034401112605,0.669034401112605
8,74,"D1",3,0.517051136167718,0.772831913139088
8,74,"D1",4,0.430992034757422,0.833557852617539
8,74,"D1",5,0.376124961208234,0.872695852534562
8,74,"D1",6,0.338287185499351,0.899401051216233
8,74,"D1",7,0.310805374527315,0.918761891818429
8,74,"D1",8,0.290288840614691,0.93398912762102
8,74,"D3",1,1,NA
8,74,"D3",2,0.602835896725324,0.602835896725324
8,74,"D3",3,0.480947762228073,0.797808764940239
8,74,"D3",4,0.421855803427093,0.877134351291655
8,74,"D3",5,0.386494850122396,0.916177629850223
8,74,"D3",6,0.362200360260496,0.937141491395794
8,74,"D3",7,0.343679275784028,0.948865085437388
8,74,"D3",8,0.32848367280957,0.955785512699906
8,74,"D5",1,1,NA
8,74,"D5",2,0.563272822941331,0.563272822941331
8,74,"D5",3,0.421994212049461,0.749182624941616
8,74,"D5",4,0.352328334648777,0.834912718204489
8,74,"D5",5,0.311102341489082,0.882989844683393
8,74,"D5",6,0.283741120757695,0.912050739957717
8,74,"D5",7,0.263351749539595,0.92814093648586
8,74,"D5",8,0.246777163904236,0.937062937062937
8,74,"D6",1,1,NA
8,74,"D6",2,0.458256029684601,0.458256029684601
8,74,"D6",3,0.301638837353123,0.658232118758435
8,74,"D6",4,0.232776747062461,0.771706817016914
8,74,"D6",5,0.194264069264069,0.834551009564293
8,74,"D6",6,0.16852195423624,0.867489056904099
8,74,"D6",7,0.149350649350649,0.886238532110092
8,74,"D6",8,0.134199134199134,0.898550724637681
8,74,"D7",1,1,NA
8,74,"D7",2,0.352053352053352,0.352053352053352
8,74,"D7",3,0.223587223587224,0.635094715852443
8,74,"D7",4,0.168058968058968,0.751648351648352
8,74,"D7",5,0.134608634608635,0.800960735171262
8,74,"D7",6,0.111267111267111,0.826597131681877
8,74,"D7",7,0.0933660933660934,0.839116719242902
8,74,"D7",8,0.0786240786240786,0.842105263157895
8,75,"D0",1,1,NA
8,75,"D0",2,0.826607698330406,0.826607698330406
8,75,"D0",3,0.737996487292888,0.892801372142437
8,75,"D0",4,0.684850921556595,0.927986695531247
8,75,"D0",5,0.648930317201684,0.94754974663206
8,75,"D0",6,0.622849524938104,0.959809564182414
8,75,"D0",7,0.602873648348393,0.967928246245838
8,75,"D0",8,0.586579765960598,0.972972972972973
8,75,"D1",1,1,NA
8,75,"D1",2,0.674398508209397,0.674398508209397
8,75,"D1",3,0.524935188975304,0.778375370919881
8,75,"D1",4,0.439705280392959,0.837637273377088
8,75,"D1",5,0.384761449947696,0.875043960363268
8,75,"D1",6,0.346454723245554,0.900440320340436
8,75,"D1",7,0.31829035339064,0.918706924844109
8,75,"D1",8,0.296720789557466,0.932233058264566
8,75,"D3",1,1,NA
8,75,"D3",2,0.595775971240655,0.595775971240655
8,75,"D3",3,0.46717594672985,0.784147010422381
8,75,"D3",4,0.405179950161363,0.867296257432669
8,75,"D3",5,0.368070591118918,0.908412647201161
8,75,"D3",6,0.342252542996037,0.929855715871254
8,75,"D3",7,0.322562196168144,0.94246836953927
8,75,"D3",8,0.306548470117243,0.950354609929078
8,75,"D5",1,1,NA
8,75,"D5",2,0.552040816326531,0.552040816326531
8,75,"D5",3,0.400829081632653,0.72608595194085
8,75,"D5",4,0.325051020408163,0.810946698488465
8,75,"D5",5,0.277678571428571,0.85426149741014
8,75,"D5",6,0.243877551020408,0.87827285254938
8,75,"D5",7,0.217857142857143,0.893305439330544
8,75,"D5",8,0.196428571428571,0.901639344262295
8,75,"D6",1,1,NA
8,75,"D6",2,0.430627631450113,0.430627631450113
8,75,"D6",3,0.267600117497307,0.621418826739427
8,75,"D6",4,0.195672182512484,0.731211123307721
8,75,"D6",5,0.155879761088808,0.796637309847878
8,75,"D6",6,0.130422011162244,0.836683417085427
8,75,"D6",7,0.11240575736806,0.861861861861862
8,75,"D6",8,0.0986977381768334,0.878048780487805
8,75,"D7",1,1,NA
8,75,"D7",2,0.322926521602018,0.322926521602018
8,75,"D7",3,0.183065279091769,0.56689453125
8,75,"D7",4,0.126773888363292,0.69250645994832
8,75,"D7",5,0.0985493535162409,0.777363184079602
8,75,"D7",6,0.0832544938505203,0.8448
8,75,"D7",7,0.0750551876379691,0.901515151515151
8,75,"D7",8,0.0706401766004415,0.941176470588235
8,76,"D0",1,1,NA
8,76,"D0",2,0.83648348408428,0.83648348408428
8,76,"D0",3,0.750634417546778,0.897369083585096
8,76,"D0",4,0.697339131716665,0.928999677360529
8,76,"D0",5,0.660046962693089,0.946522190814428
8,76,"D0",6,0.631132264212533,0.956192967902495
8,76,"D0",7,0.607061251566301,0.961860589275585
8,76,"D0",8,0.586128104960566,0.96551724137931
8,76,"D1",1,1,NA
8,76,"D1",2,0.675503190967109,0.675503190967109
8,76,"D1",3,0.527405783699239,0.780759870200108
8,76,"D1",4,0.443159685355801,0.840263226253355
8,76,"D1",5,0.388966902992317,0.877712742936048
8,76,"D1",6,0.351268965989656,0.903081890226005
8,76,"D1",7,0.323583473187885,0.921184347373895
8,76,"D1",8,0.302405498281787,0.934551741170659
8,76,"D3",1,1,NA
8,76,"D3",2,0.596755045508508,0.596755045508508
8,76,"D3",3,0.476701622477246,0.798822944297082
8,76,"D3",4,0.420340324495449,0.881768185119851
8,76,"D3",5,0.387267510882469,0.921318960647712
8,76,"D3",6,0.365552037989711,0.943926427385362
8,76,"D3",7,0.350069252077562,0.957645466847091
8,76,"D3",8,0.337950138504155,0.96538081107814
8,76,"D5",1,1,NA
8,76,"D5",2,0.559222198566461,0.559222198566461
8,76,"D5",3,0.412745724221134,0.738071065989848
8,76,"D5",4,0.339791356184799,0.823246217331499
8,76,"D5",5,0.295223901781279,0.868838763575606
8,76,"D5",6,0.264849904194166,0.897115384615385
8,76,"D5",7,0.242921013412817,0.917202572347267
8,76,"D5",8,0.226527570789866,0.932515337423313
8,76,"D6",1,1,NA
8,76,"D6",2,0.454728370221328,0.454728370221328
8,76,"D6",3,0.2981220657277,0.655604719764012
8,76,"D6",4,0.231321260898726,0.775928008998875
8,76,"D6",5,0.19382964453387,0.83792403595245
8,76,"D6",6,0.169014084507042,0.8719723183391
8,76,"D6",7,0.150821596244131,0.892361111111111
8,76,"D6",8,0.136150234741784,0.90272373540856
8,76,"D7",1,1,NA
8,76,"D7",2,0.310914353822578,0.310914353822578
8,76,"D7",3,0.186957262046654,0.6013143483023
8,76,"D7",4,0.136625234122254,0.730783242258652
8,76,"D7",5,0.10693001872978,0.782652043868395
8,76,"D7",6,0.0861569896134854,0.805732484076433
8,76,"D7",7,0.0703218116805721,0.816205533596838
8,76,"D7",8,0.0572109654350417,0.813559322033898
8,77,"D0",1,1,NA
8,77,"D0",2,0.833313968840771,0.833313968840771
8,77,"D0",3,0.746965936097175,0.896379952848125
8,77,"D0",4,0.694299445471349,0.929492781289328
8,77,"D0",5,0.658156852389754,0.947943796704233
8,77,"D0",6,0.630641668867177,0.958193577377991
8,77,"D0",7,0.608059149722736,0.964191203564131
8,77,"D0",8,0.588539741219963,0.967898832684825
8,77,"D1",1,1,NA
8,77,"D1",2,0.676318161333934,0.676318161333934
8,77,"D1",3,0.526746282109058,0.778843911377645
8,77,"D1",4,0.441126633618747,0.837455618770586
8,77,"D1",5,0.385691753041911,0.874333408250414
8,77,"D1",6,0.346732762505633,0.898989308874219
8,77,"D1",7,0.317744479495268,0.916395892903561
8,77,"D1",8,0.295268138801262,0.929262844378258
8,77,"D3",1,1,NA
8,77,"D3",2,0.585243521492367,0.585243521492367
8,77,"D3",3,0.456949271855339,0.780784844384303
8,77,"D3",4,0.395230762462053,0.864933564413634
8,77,"D3",5,0.358308768533591,0.906581173746549
8,77,"D3",6,0.332966694531216,0.929273084479371
8,77,"D3",7,0.313828149060671,0.942521141649049
8,77,"D3",8,0.298121342777949,0.949950932286556
8,77,"D5",1,1,NA
8,77,"D5",2,0.554872922460066,0.554872922460066
8,77,"D5",3,0.404255319148936,0.728554778554779
8,77,"D5",4,0.328577895621807,0.812797952327628
8,77,"D5",5,0.28338614757809,0.862462604314281
8,77,"D5",6,0.253379033822673,0.894112277498859
8,77,"D5",7,0.232231779085559,0.916539050535988
8,77,"D5",8,0.217292892711634,0.935672514619883
8,77,"D6",1,1,NA
8,77,"D6",2,0.465467102871683,0.465467102871683
8,77,"D6",3,0.308615049073064,0.663022256930886
8,77,"D6",4,0.238022537259178,0.771260306242638
8,77,"D6",5,0.199382042893493,0.837660354306658
8,77,"D6",6,0.17539076699382,0.879671832269827
8,77,"D6",7,0.159033078880407,0.906735751295337
8,77,"D6",8,0.147582697201018,0.928
8,77,"D7",1,1,NA
8,77,"D7",2,0.340751879699248,0.340751879699248
8,77,"D7",3,0.218195488721804,0.640335392762577
8,77,"D7",4,0.167097744360902,0.765816678152998
8,77,"D7",5,0.136992481203008,0.81983441324694
8,77,"D7",6,0.115789473684211,0.845225027442371
8,77,"D7",7,0.0989473684210526,0.854545454545454
8,77,"D7",8,0.0842105263157895,0.851063829787234
8,78,"D0",1,1,NA
8,78,"D0",2,0.825127008978496,0.825127008978496
8,78,"D0",3,0.736183446762736,0.892206216439488
8,78,"D0",4,0.682246434695551,0.926734277571216
8,78,"D0",5,0.645184309465231,0.94567633725069
8,78,"D0",6,0.617929300997966,0.957756244119055
8,78,"D0",7,0.596883620368299,0.965941604329691
8,78,"D0",8,0.579736076940282,0.971271546340245
8,78,"D1",1,1,NA
8,78,"D1",2,0.668681543958297,0.668681543958297
8,78,"D1",3,0.51890118901189,0.776006446865912
8,78,"D1",4,0.434641832132607,0.837619649629763
8,78,"D1",5,0.380882094535231,0.876312555251299
8,78,"D1",6,0.343653722251508,0.902257489081626
8,78,"D1",7,0.316277162771628,0.920336787564767
8,78,"D1",8,0.29520295202952,0.933367902514908
8,78,"D3",1,1,NA
8,78,"D3",2,0.599774732494838,0.599774732494838
8,78,"D3",3,0.47808334897691,0.797104851330203
8,78,"D3",4,0.419861085038483,0.878217335820163
8,78,"D3",5,0.384597334334522,0.916010909416078
8,78,"D3",6,0.36024028533884,0.93666870042709
8,78,"D3",7,0.342312746386334,0.950234497133924
8,78,"D3",8,0.328515111695138,0.959692898272553
8,78,"D5",1,1,NA
8,78,"D5",2,0.55623869801085,0.55623869801085
8,78,"D5",3,0.407956600361664,0.733420026007802
8,78,"D5",4,0.333482820976492,0.817446808510638
8,78,"D5",5,0.286582278481013,0.859361443692521
8,78,"D5",6,0.252151898734177,0.879858657243816
8,78,"D5",7,0.224810126582278,0.891566265060241
8,78,"D5",8,0.20253164556962,0.900900900900901
8,78,"D6",1,1,NA
8,78,"D6",2,0.454517036573929,0.454517036573929
8,78,"D6",3,0.295795561112848,0.650790921595598
8,78,"D6",4,0.227508596436386,0.769141347424042
8,78,"D6",5,0.188965301656768,0.830585325638912
8,78,"D6",6,0.163332291341044,0.86435070306038
8,78,"D6",7,0.144967177242888,0.88755980861244
8,78,"D6",8,0.131291028446389,0.90566037735849
8,78,"D7",1,1,NA
8,78,"D7",2,0.368027210884354,0.368027210884354
8,78,"D7",3,0.227721088435374,0.618761552680222
8,78,"D7",4,0.166666666666667,0.731889469753547
8,78,"D7",5,0.132482993197279,0.794897959183673
8,78,"D7",6,0.110884353741497,0.836970474967908
8,78,"D7",7,0.0964285714285714,0.869631901840491
8,78,"D7",8,0.0857142857142857,0.888888888888889
8,79,"D0",1,1,NA
8,79,"D0",2,0.826034722886699,0.826034722886699
8,79,"D0",3,0.738982978768645,0.894614909390445
8,79,"D0",4,0.687500398685931,0.930333199056224
8,79,"D0",5,0.652994397133714,0.949809481393508
8,79,"D0",6,0.628350290774939,0.962259850211657
8,79,"D0",7,0.609957579816923,0.970728570945146
8,79,"D0",8,0.595370990548486,0.976085895558809
8,79,"D1",1,1,NA
8,79,"D1",2,0.710069126163336,0.710069126163336
8,79,"D1",3,0.576346126885872,0.811676082862524
8,79,"D1",4,0.499545988849227,0.866746501010403
8,79,"D1",5,0.449675937409009,0.900169248570886
8,79,"D1",6,0.414713843565659,0.922250467648328
8,79,"D1",7,0.388767268060693,0.937434990638652
8,79,"D1",8,0.368385294783725,0.947572815533981
8,79,"D3",1,1,NA
8,79,"D3",2,0.589613679544015,0.589613679544015
8,79,"D3",3,0.461956030037094,0.783489335583858
8,79,"D3",4,0.399963810730118,0.865804935370153
8,79,"D3",5,0.362887903736542,0.907301845819761
8,79,"D3",6,0.338279200217136,0.932186487160309
8,79,"D3",7,0.321089297023433,0.949184273870019
8,79,"D3",8,0.30905636478784,0.962524654832347
8,79,"D5",1,1,NA
8,79,"D5",2,0.58530653122541,0.58530653122541
8,79,"D5",3,0.454896630660276,0.777193840136886
8,79,"D5",4,0.388182273410115,0.853341720396289
8,79,"D5",5,0.345661349166607,0.89046144773699
8,79,"D5",6,0.315330138064239,0.912251655629139
8,79,"D5",7,0.29193790686029,0.9258166969147
8,79,"D5",8,0.272408612919379,0.933104631217839
8,79,"D6",1,1,NA
8,79,"D6",2,0.427378111148994,0.427378111148994
8,79,"D6",3,0.2663654960791,0.623254886318309
8,79,"D6",4,0.197613365155131,0.741888
8,79,"D6",5,0.160075008523696,0.810041407867495
8,79,"D6",6,0.136038186157518,0.849840255591054
8,79,"D6",7,0.11873508353222,0.87280701754386
8,79,"D6",8,0.105011933174224,0.884422110552764
8,79,"D7",1,1,NA
8,79,"D7",2,0.343629343629344,0.343629343629344
8,79,"D7",3,0.204633204633205,0.595505617977528
8,79,"D7",4,0.142471042471042,0.69622641509434
8,79,"D7",5,0.106177606177606,0.745257452574526
8,79,"D7",6,0.0826898326898327,0.778787878787879
8,79,"D7",7,0.0664414414414414,0.803501945525292
8,79,"D7",8,0.0540540540540541,0.813559322033898
8,80,"D0",1,1,NA
8,80,"D0",2,0.833495472573524,0.833495472573524
8,80,"D0",3,0.748046311243198,0.897480953236026
8,80,"D0",4,0.695558097518735,0.929832935560859
8,80,"D0",5,0.659186880619194,0.947709304184239
8,80,"D0",6,0.631338129804043,0.957752874588476
8,80,"D0",7,0.608545985182968,0.963898672446491
8,80,"D0",8,0.589089276360099,0.968027545499262
8,80,"D1",1,1,NA
8,80,"D1",2,0.672329929228428,0.672329929228428
8,80,"D1",3,0.521116208303557,0.775090005143151
8,80,"D1",4,0.433915028008944,0.832664617017982
8,80,"D1",5,0.377244749763711,0.869397751662877
8,80,"D1",6,0.337951543373522,0.895841608359559
8,80,"D1",7,0.309585283201549,0.91606412005457
8,80,"D1",8,0.288526706470873,0.931978107896794
8,80,"D3",1,1,NA
8,80,"D3",2,0.583668473509355,0.583668473509355
8,80,"D3",3,0.452832663052981,0.775838825644098
8,80,"D3",4,0.389403741912922,0.859928564533256
8,80,"D3",5,0.351547473334499,0.902784014369106
8,80,"D3",6,0.325756251092848,0.926635165381746
8,80,"D3",7,0.306609547123623,0.94122383252818
8,80,"D3",8,0.291309669522644,0.950099800399202
8,80,"D5",1,1,NA
8,80,"D5",2,0.568970226714013,0.568970226714013
8,80,"D5",3,0.422767003550942,0.743038886221796
8,80,"D5",4,0.347500682873532,0.821967371991601
8,80,"D5",5,0.300874078120732,0.865822983807577
8,80,"D5",6,0.268779022125102,0.893327280980481
8,80,"D5",7,0.244741873804971,0.910569105691057
8,80,"D5",8,0.225621414913958,0.921875
8,80,"D6",1,1,NA
8,80,"D6",2,0.456753025257858,0.456753025257858
8,80,"D6",3,0.298221392024689,0.652916073968706
8,80,"D6",4,0.228961260456428,0.767755991285403
8,80,"D6",5,0.1919922033623,0.838535754824064
8,80,"D6",6,0.169739299926907,0.88409475465313
8,80,"D6",7,0.155201819215463,0.914354066985646
8,80,"D6",8,0.145537237066515,0.937728937728938
8,80,"D7",1,1,NA
8,80,"D7",2,0.342471042471042,0.342471042471042
8,80,"D7",3,0.202509652509653,0.591319052987599
8,80,"D7",4,0.144555984555985,0.713822688274547
8,80,"D7",5,0.115250965250965,0.797275641025641
8,80,"D7",6,0.0992277992277992,0.860971524288107
8,80,"D7",7,0.0905405405405405,0.912451361867704
8,80,"D7",8,0.0864864864864865,0.955223880597015
8,81,"D0",1,1,NA
8,81,"D0",2,0.827234368191142,0.827234368191142
8,81,"D0",3,0.738082838224197,0.89222941720629
8,81,"D0",4,0.682415211453229,0.924578077299695
8,81,"D0",5,0.643191939375259,0.94252286376436
8,81,"D0",6,0.613857387311743,0.954392226849098
8,81,"D0",7,0.591027453314485,0.962809058799086
8,81,"D0",8,0.573171639014954,0.969788519637462
8,81,"D1",1,1,NA
8,81,"D1",2,0.673049793010939,0.673049793010939
8,81,"D1",3,0.525359050856865,0.780564909628204
8,81,"D1",4,0.441999121163764,0.841327698538475
8,81,"D1",5,0.388619070746317,0.879230415035894
8,81,"D1",6,0.351627003399709,0.904811497604666
8,81,"D1",7,0.324510280071232,0.922882136279926
8,81,"D1",8,0.303707301278938,0.93589423796458
8,81,"D3",1,1,NA
8,81,"D3",2,0.586919104991394,0.586919104991394
8,81,"D3",3,0.463186077643909,0.789182144020854
8,81,"D3",4,0.404398546567221,0.87308009909166
8,81,"D3",5,0.370195065978199,0.915421356284877
8,81,"D3",6,0.347007075922739,0.937362779284515
8,81,"D3",7,0.329651941097724,0.949986222099752
8,81,"D3",8,0.315930388219545,0.958375634517767
8,81,"D5",1,1,NA
8,81,"D5",2,0.562461198868731,0.562461198868731
8,81,"D5",3,0.424087742291509,0.753985773853324
8,81,"D5",4,0.355107953369663,0.837345478204294
8,81,"D5",5,0.313995999172243,0.884226884226884
8,81,"D5",6,0.286542043181348,0.912565905096661
8,81,"D5",7,0.266537904394013,0.930187770823303
8,81,"D5",8,0.251086431675519,0.942028985507246
8,81,"D6",1,1,NA
8,81,"D6",2,0.407222796952883,0.407222796952883
8,81,"D6",3,0.246402708548857,0.605080831408776
8,81,"D6",4,0.178839462052102,0.725801526717557
8,81,"D6",5,0.143045236527791,0.799852755574253
8,81,"D6",6,0.120191855544061,0.840236686390533
8,81,"D6",7,0.103357472021066,0.859937402190923
8,81,"D6",8,0.0895325872284398,0.866242038216561
8,81,"D7",1,1,NA
8,81,"D7",2,0.330130729248701,0.330130729248701
8,81,"D7",3,0.196093873050874,0.593988549618321
8,81,"D7",4,0.143644668451725,0.732530120481928
8,81,"D7",5,0.113403685619783,0.789473684210526
8,81,"D7",6,0.0916679792093243,0.808333333333333
8,81,"D7",7,0.0749724366041896,0.81786941580756
8,81,"D7",8,0.061742006615215,0.823529411764706
8,82,"D0",1,1,NA
8,82,"D0",2,0.824463187749357,0.824463187749357
8,82,"D0",3,0.734774004423608,0.891215054039483
8,82,"D0",4,0.680854666483232,0.926617793204764
8,82,"D0",5,0.643952462087139,0.945800174086048
8,82,"D0",6,0.616701766268401,0.957682131177176
8,82,"D0",7,0.595303355804134,0.965301849881594
8,82,"D0",8,0.577227942810579,0.969636635141862
8,82,"D1",1,1,NA
8,82,"D1",2,0.70436085653477,0.70436085653477
8,82,"D1",3,0.566563870911697,0.804365923596337
8,82,"D1",4,0.486027016461799,0.85785035265256
8,82,"D1",5,0.432914911175781,0.890721907451429
8,82,"D1",6,0.395126612517917,0.912711949433129
8,82,"D1",7,0.36667680145941,0.927998241178411
8,82,"D1",8,0.344177561568866,0.938640132669983
8,82,"D3",1,1,NA
8,82,"D3",2,0.573145387187133,0.573145387187133
8,82,"D3",3,0.439685551640011,0.767144884124231
8,82,"D3",4,0.377301888497334,0.858117550349363
8,82,"D3",5,0.341465618505467,0.90501963789635
8,82,"D3",6,0.318153067678684,0.93172797036253
8,82,"D3",7,0.301391524351676,0.947316103379722
8,82,"D3",8,0.28842504743833,0.95697796432319
8,82,"D5",1,1,NA
8,82,"D5",2,0.577052868391451,0.577052868391451
8,82,"D5",3,0.43855455568054,0.759990253411306
8,82,"D5",4,0.367941507311586,0.838986854761141
8,82,"D5",5,0.323115860517435,0.878171812901253
8,82,"D5",6,0.291057367829021,0.900783289817232
8,82,"D5",7,0.266732283464567,0.916425120772947
8,82,"D5",8,0.248031496062992,0.929889298892989
8,82,"D6",1,1,NA
8,82,"D6",2,0.463815789473684,0.463815789473684
8,82,"D6",3,0.309288847117794,0.666835528537656
8,82,"D6",4,0.242167919799499,0.782983033679413
8,82,"D6",5,0.203947368421053,0.842173350582147
8,82,"D6",6,0.178414786967419,0.874807987711214
8,82,"D6",7,0.159539473684211,0.894205443371378
8,82,"D6",8,0.144736842105263,0.907216494845361
8,82,"D7",1,1,NA
8,82,"D7",2,0.345221112696148,0.345221112696148
8,82,"D7",3,0.202567760342368,0.586776859504132
8,82,"D7",4,0.146240065212961,0.721931589537223
8,82,"D7",5,0.117383329936825,0.802675585284281
8,82,"D7",6,0.101895251681272,0.868055555555556
8,82,"D7",7,0.094151212553495,0.924
8,82,"D7",8,0.0912981455064194,0.96969696969697
8,83,"D0",1,1,NA
8,83,"D0",2,0.836745197306921,0.836745197306921
8,83,"D0",3,0.749839822702112,0.89613878288813
8,83,"D0",4,0.69504133099457,0.926919736657795
8,83,"D0",5,0.656243763588812,0.94417948159969
8,83,"D0",6,0.625962376715998,0.953856495782583
8,83,"D0",7,0.600691125652526,0.959628162963957
8,83,"D0",8,0.578780971987354,0.963525091799266
8,83,"D1",1,1,NA
8,83,"D1",2,0.709585747076183,0.709585747076183
8,83,"D1",3,0.574226691441688,0.809242144177449
8,83,"D1",4,0.494567712318286,0.861276077356479
8,83,"D1",5,0.44186249863373,0.893431753889675
8,83,"D1",6,0.404481364083506,0.915400979567605
8,83,"D1",7,0.376587605202754,0.931038210019997
8,83,"D1",8,0.355011476664116,0.942706216984966
8,83,"D3",1,1,NA
8,83,"D3",2,0.594029114236368,0.594029114236368
8,83,"D3",3,0.473229706390328,0.796643960790829
8,83,"D3",4,0.418534418948927,0.884421272158499
8,83,"D3",5,0.387712805329386,0.926358234295416
8,83,"D3",6,0.367628916851715,0.948199058164694
8,83,"D3",7,0.353367875647668,0.961208053691275
8,83,"D3",8,0.3426597582038,0.96969696969697
8,83,"D5",1,1,NA
8,83,"D5",2,0.546554934823091,0.546554934823091
8,83,"D5",3,0.398576749135408,0.729252859576539
8,83,"D5",4,0.327108273476989,0.820690805940264
8,83,"D5",5,0.284251130619846,0.868981782693559
8,83,"D5",6,0.254722000532056,0.896116050538138
8,83,"D5",7,0.232774674115456,0.913838120104439
8,83,"D5",8,0.216014897579143,0.928
8,83,"D6",1,1,NA
8,83,"D6",2,0.421419160549595,0.421419160549595
8,83,"D6",3,0.267645398080181,0.635104957570344
8,83,"D6",4,0.198230754752494,0.740646976090014
8,83,"D6",5,0.158102766798419,0.797569312571212
8,83,"D6",6,0.131375870506305,0.830952380952381
8,83,"D6",7,0.11133069828722,0.847421203438396
8,83,"D6",8,0.0948616600790514,0.85207100591716
8,83,"D7",1,1,NA
8,83,"D7",2,0.367901634039799,0.367901634039799
8,83,"D7",3,0.226176994013914,0.614775725593668
8,83,"D7",4,0.164245267756027,0.72618025751073
8,83,"D7",5,0.126678530982042,0.771276595744681
8,83,"D7",6,0.101278110338133,0.799489144316731
8,83,"D7",7,0.0838052095130238,0.827476038338658
8,83,"D7",8,0.072480181200453,0.864864864864865
8,84,"D0",1,1,NA
8,84,"D0",2,0.833662078227296,0.833662078227296
8,84,"D0",3,0.746778999496391,0.895781419114501
8,84,"D0",4,0.692865536343797,0.927805330373576
8,84,"D0",5,0.655709669296626,0.9463736250424
8,84,"D0",6,0.628672150411281,0.958766020768997
8,84,"D0",7,0.608254994124559,0.967523364485981
8,84,"D0",8,0.59283196239718,0.974643805843999
8,84,"D1",1,1,NA
8,84,"D1",2,0.672640671671914,0.672640671671914
8,84,"D1",3,0.524674485924183,0.780021946368562
8,84,"D1",4,0.440867729993426,0.840269046467666
8,84,"D1",5,0.386638065252742,0.876993345052737
8,84,"D1",6,0.34872965897427,0.901953765846383
8,84,"D1",7,0.320900944538629,0.920199748660626
8,84,"D1",8,0.29966900783079,0.933836477987421
8,84,"D3",1,1,NA
8,84,"D3",2,0.569110402781802,0.569110402781802
8,84,"D3",3,0.441273060948517,0.775373387644263
8,84,"D3",4,0.380720564087704,0.862777716974937
8,84,"D3",5,0.344924176567179,0.905977268114471
8,84,"D3",6,0.320486815415821,0.929151498179781
8,84,"D3",7,0.301893171061528,0.941983122362869
8,84,"D3",8,0.286680189317106,0.949608062709966
8,84,"D5",1,1,NA
8,84,"D5",2,0.562400166678242,0.562400166678242
8,84,"D5",3,0.416765053128689,0.741047172141269
8,84,"D5",4,0.344357247031044,0.826262289618397
8,84,"D5",5,0.300159733314814,0.871652145853501
8,84,"D5",6,0.269046461559831,0.896344285053216
8,84,"D5",7,0.245017015070491,0.910686628807434
8,84,"D5",8,0.225571220223627,0.920634920634921
8,84,"D6",1,1,NA
8,84,"D6",2,0.456977225672878,0.456977225672878
8,84,"D6",3,0.304182194616977,0.665639724537876
8,84,"D6",4,0.239834368530021,0.788456302749796
8,84,"D6",5,0.204472049689441,0.852555248618785
8,84,"D6",6,0.180869565217391,0.88456865127582
8,84,"D6",7,0.162898550724638,0.900641025641026
8,84,"D6",8,0.148405797101449,0.911032028469751
8,84,"D7",1,1,NA
8,84,"D7",2,0.313937282229965,0.313937282229965
8,84,"D7",3,0.173519163763066,0.552719200887902
8,84,"D7",4,0.118327526132404,0.681927710843374
8,84,"D7",5,0.0909407665505226,0.768551236749117
8,84,"D7",6,0.075609756097561,0.831417624521073
8,84,"D7",7,0.0658536585365854,0.870967741935484
8,84,"D7",8,0.0585365853658537,0.888888888888889
8,85,"D0",1,1,NA
8,85,"D0",2,0.825622775800712,0.825622775800712
8,85,"D0",3,0.737343246907304,0.893075225779967
8,85,"D0",4,0.684994068801898,0.929002973411667
8,85,"D0",5,0.650069903406202,0.94901537548087
8,85,"D0",6,0.625127097102186,0.96163057822963
8,85,"D0",7,0.606242586002372,0.969790925417641
8,85,"D0",8,0.590747330960854,0.974440503852269
8,85,"D1",1,1,NA
8,85,"D1",2,0.668454018073821,0.668454018073821
8,85,"D1",3,0.516767975593408,0.773079316783072
8,85,"D1",4,0.430517484456976,0.833096292320766
8,85,"D1",5,0.375205121686274,0.871521216285862
8,85,"D1",6,0.337069822266392,0.898361463594924
8,85,"D1",7,0.30957773823006,0.918438014262205
8,85,"D1",8,0.289273580326808,0.934413378625555
8,85,"D3",1,1,NA
8,85,"D3",2,0.597161172161172,0.597161172161172
8,85,"D3",3,0.470924908424908,0.788606042018095
8,85,"D3",4,0.409450549450549,0.869460379192999
8,85,"D3",5,0.372527472527473,0.909822866344606
8,85,"D3",6,0.347435897435897,0.932645034414946
8,85,"D3",7,0.329166666666667,0.947416974169742
8,85,"D3",8,0.315384615384615,0.958130477117819
8,85,"D5",1,1,NA
8,85,"D5",2,0.580065128132522,0.580065128132522
8,85,"D5",3,0.438836188588419,0.756529167683671
8,85,"D5",4,0.367662466374062,0.837812550411357
8,85,"D5",5,0.32500353957242,0.88397258163894
8,85,"D5",6,0.296333002973241,0.911783925070791
8,85,"D5",7,0.275024777006938,0.92809364548495
8,85,"D5",8,0.257680872150644,0.936936936936937
8,85,"D6",1,1,NA
8,85,"D6",2,0.429128738621586,0.429128738621586
8,85,"D6",3,0.272989039569014,0.636147186147186
8,85,"D6",4,0.205758870518298,0.753725757060225
8,85,"D6",5,0.169143600222924,0.82204767063922
8,85,"D6",6,0.14620100315809,0.864360241625481
8,85,"D6",7,0.130689206762029,0.893900889453621
8,85,"D6",8,0.11963589076723,0.915422885572139
8,85,"D7",1,1,NA
8,85,"D7",2,0.370873187287874,0.370873187287874
8,85,"D7",3,0.235112619561864,0.633943427620632
8,85,"D7",4,0.177352668929343,0.754330708661417
8,85,"D7",5,0.144245603208886,0.813326374391093
8,85,"D7",6,0.122493057698241,0.849197860962567
8,85,"D7",7,0.106911447084233,0.8727959697733
8,85,"D7",8,0.0950323974082073,0.888888888888889
8,86,"D0",1,1,NA
8,86,"D0",2,0.837876493353525,0.837876493353525
8,86,"D0",3,0.751325088339223,0.896701476051812
8,86,"D0",4,0.697223624432105,0.927991937515747
8,86,"D0",5,0.659410230523305,0.94576575924317
8,86,"D0",6,0.630258287060407,0.955790883863354
8,86,"D0",7,0.606154299175501,0.961755381278158
8,86,"D0",8,0.585394581861013,0.965751760991013
8,86,"D1",1,1,NA
8,86,"D1",2,0.665505800409441,0.665505800409441
8,86,"D1",3,0.516895310257195,0.776695424651722
8,86,"D1",4,0.434477727839612,0.840552659731864
8,86,"D1",5,0.38249758806504,0.880361785095321
8,86,"D1",6,0.346965668164812,0.907105505998154
8,86,"D1",7,0.321281502223686,0.92597490674805
8,86,"D1",8,0.301762477351342,0.93924634709049
8,86,"D3",1,1,NA
8,86,"D3",2,0.588919442816571,0.588919442816571
8,86,"D3",3,0.461569670468377,0.783756889161053
8,86,"D3",4,0.399260695126899,0.865006348276199
8,86,"D3",5,0.361267637379976,0.904841477734622
8,86,"D3",6,0.334670693774512,0.926378837035189
8,86,"D3",7,0.314294730198801,0.939116379310345
8,86,"D3",8,0.297885768381193,0.947791164658634
8,86,"D5",1,1,NA
8,86,"D5",2,0.539983735429656,0.539983735429656
8,86,"D5",3,0.391027378693413,0.724146586345382
8,86,"D5",4,0.316237462727026,0.808734835355286
8,86,"D5",5,0.270398481973435,0.855048859934853
8,86,"D5",6,0.23841149362971,0.881704260651629
8,86,"D5",7,0.213946869070209,0.897384877771461
8,86,"D5",8,0.193548387096774,0.904656319290466
8,86,"D6",1,1,NA
8,86,"D6",2,0.465957811696107,0.465957811696107
8,86,"D6",3,0.315812039101355,0.67776959882223
8,86,"D6",4,0.247230320699708,0.78284007602498
8,86,"D6",5,0.207597324644143,0.839692008879023
8,86,"D6",6,0.181787000514492,0.875671210243701
8,86,"D6",7,0.163265306122449,0.89811320754717
8,86,"D6",8,0.148859543817527,0.911764705882353
8,86,"D7",1,1,NA
8,86,"D7",2,0.325417439703154,0.325417439703154
8,86,"D7",3,0.18682745825603,0.574116305587229
8,86,"D7",4,0.128385899814471,0.687189672293942
8,86,"D7",5,0.0975881261595547,0.760115606936416
8,86,"D7",6,0.0797773654916512,0.817490494296578
8,86,"D7",7,0.0688311688311688,0.862790697674419
8,86,"D7",8,0.0623376623376623,0.905660377358491
8,87,"D0",1,1,NA
8,87,"D0",2,0.83883839503436,0.83883839503436
8,87,"D0",3,0.755433807307006,0.900571327896909
8,87,"D0",4,0.704631007801037,0.932750164190993
8,87,"D0",5,0.669305718297073,0.949866967089336
8,87,"D0",6,0.641775131688676,0.958866948457511
8,87,"D0",7,0.618783713884578,0.964175274689124
8,87,"D0",8,0.598832483558708,0.967757344160497
8,87,"D1",1,1,NA
8,87,"D1",2,0.698737396270188,0.698737396270188
8,87,"D1",3,0.561602123672705,0.803738466941225
8,87,"D1",4,0.483331846167574,0.860630374769121
8,87,"D1",5,0.43275408227001,0.895356028578286
8,87,"D1",6,0.397474792540377,0.918477280342277
8,87,"D1",7,0.371720799500312,0.935205971489505
8,87,"D1",8,0.352279825109307,0.947700063011972
8,87,"D3",1,1,NA
8,87,"D3",2,0.59914853358562,0.59914853358562
8,87,"D3",3,0.478476821192053,0.798594662876994
8,87,"D3",4,0.419678334910123,0.877113198220465
8,87,"D3",5,0.383585619678335,0.913999098286745
8,87,"D3",6,0.358561967833491,0.934763842643976
8,87,"D3",7,0.340066225165563,0.948416886543536
8,87,"D3",8,0.325827814569536,0.958130477117819
8,87,"D5",1,1,NA
8,87,"D5",2,0.556171983356449,0.556171983356449
8,87,"D5",3,0.408691631992603,0.734829592684954
8,87,"D5",4,0.332686084142395,0.814027149321267
8,87,"D5",5,0.283865002311604,0.8532518065592
8,87,"D5",6,0.248574510710433,0.875678610206297
8,87,"D5",7,0.221143473570658,0.889646621202728
8,87,"D5",8,0.19848975188781,0.897560975609756
8,87,"D6",1,1,NA
8,87,"D6",2,0.453811206461383,0.453811206461383
8,87,"D6",3,0.295726064277301,0.651649981460882
8,87,"D6",4,0.227225307083964,0.768364153627311
8,87,"D6",5,0.190560323069157,0.838640402843602
8,87,"D6",6,0.167928655561164,0.881236203090508
8,87,"D6",7,0.152532391048292,0.908316633266533
8,87,"D6",8,0.141342756183746,0.926640926640927
8,87,"D7",1,1,NA
8,87,"D7",2,0.358675659104844,0.358675659104844
8,87,"D7",3,0.226548129981606,0.631623931623932
8,87,"D7",4,0.167749846719804,0.740460081190798
8,87,"D7",5,0.134273451870018,0.800438596491228
8,87,"D7",6,0.112814224402207,0.840182648401826
8,87,"D7",7,0.0976394849785408,0.865489130434783
8,87,"D7",8,0.0858369098712446,0.879120879120879
8,88,"D0",1,1,NA
8,88,"D0",2,0.8333493666827,0.8333493666827
8,88,"D0",3,0.747496125273903,0.896978092452927
8,88,"D0",4,0.694590347923681,0.929222673454213
8,88,"D0",5,0.657794880017102,0.947025656177673
8,88,"D0",6,0.62953342953343,0.957036074098147
8,88,"D0",7,0.606359895248784,0.963189350719913
8,88,"D0",8,0.586606808829031,0.967423494570583
8,88,"D1",1,1,NA
8,88,"D1",2,0.671692120012429,0.671692120012429
8,88,"D1",3,0.522677837750745,0.77815091494757
8,88,"D1",4,0.438241014604504,0.8384534084904
8,88,"D1",5,0.383986834079479,0.876200130254837
8,88,"D1",6,0.346249899299122,0.901723362805335
8,88,"D1",7,0.318617578345283,0.920195439739414
8,88,"D1",8,0.297752356400548,0.934513274336283
8,88,"D3",1,1,NA
8,88,"D3",2,0.568743634848625,0.568743634848625
8,88,"D3",3,0.440051847051199,0.77372619241413
8,88,"D3",4,0.38100175909638,0.865811066694719
8,88,"D3",5,0.346912322933062,0.910526827371695
8,88,"D3",6,0.324414406073512,0.935148118494796
8,88,"D3",7,0.308165910563837,0.949914383561644
8,88,"D3",8,0.295528191834089,0.958990536277603
8,88,"D5",1,1,NA
8,88,"D5",2,0.540795586527294,0.540795586527294
8,88,"D5",3,0.388937282229965,0.719194630872483
8,88,"D5",4,0.313124274099884,0.805076521089959
8,88,"D5",5,0.26698606271777,0.852652077151335
8,88,"D5",6,0.236062717770035,0.884176182707993
8,88,"D5",7,0.214430894308943,0.908364083640836
8,88,"D5",8,0.199186991869919,0.928909952606635
8,88,"D6",1,1,NA
8,88,"D6",2,0.452531906134212,0.452531906134212
8,88,"D6",3,0.294030465212021,0.649745269286754
8,88,"D6",4,0.221193906957596,0.752282273872865
8,88,"D6",5,0.178180321119802,0.80553901131626
8,88,"D6",6,0.149032523672293,0.83641404805915
8,88,"D6",7,0.127377521613833,0.854696132596685
8,88,"D6",8,0.110662824207493,0.868778280542987
8,88,"D7",1,1,NA
8,88,"D7",2,0.362264150943396,0.362264150943396
8,88,"D7",3,0.217969451931716,0.601686507936508
8,88,"D7",4,0.151805929919137,0.696455070074196
8,88,"D7",5,0.113207547169811,0.745738636363636
8,88,"D7",6,0.0884097035040431,0.780952380952381
8,88,"D7",7,0.0716981132075472,0.810975609756098
8,88,"D7",8,0.060377358490566,0.842105263157895
8,89,"D0",1,1,NA
8,89,"D0",2,0.834466116608183,0.834466116608183
8,89,"D0",3,0.748553725539784,0.897045081449678
8,89,"D0",4,0.695198052666519,0.928721652096795
8,89,"D0",5,0.658257726635686,0.946863593922417
8,89,"D0",6,0.631092003076955,0.958730870205545
8,89,"D0",7,0.610164490669027,0.966839205209551
8,89,"D0",8,0.593641661134469,0.972920696324951
8,89,"D1",1,1,NA
8,89,"D1",2,0.701630870688887,0.701630870688887
8,89,"D1",3,0.567050619374387,0.808189381430204
8,89,"D1",4,0.490393013100437,0.864813468754297
8,89,"D1",5,0.440736119775421,0.898740618241954
8,89,"D1",6,0.405913020229926,0.920988777676676
8,89,"D1",7,0.380068621334997,0.936330204731324
8,89,"D1",8,0.359950093574548,0.947066064833812
8,89,"D3",1,1,NA
8,89,"D3",2,0.576912530847272,0.576912530847272
8,89,"D3",3,0.446896992962252,0.774635614702155
8,89,"D3",4,0.385851384699753,0.86340116576337
8,89,"D3",5,0.349876610913079,0.906765207504264
8,89,"D3",6,0.325564390823508,0.930512016718913
8,89,"D3",7,0.307741522712732,0.945255474452555
8,89,"D3",8,0.294305822136916,0.956340956340956
8,89,"D5",1,1,NA
8,89,"D5",2,0.537953795379538,0.537953795379538
8,89,"D5",3,0.398318403268898,0.740432369266725
8,89,"D5",4,0.327832783278328,0.823042020122312
8,89,"D5",5,0.283749803551784,0.865532118887824
8,89,"D5",6,0.252710985384253,0.890612018831349
8,89,"D5",7,0.229372937293729,0.907649253731343
8,89,"D5",8,0.211221122112211,0.920863309352518
8,89,"D6",1,1,NA
8,89,"D6",2,0.456242378763718,0.456242378763718
8,89,"D6",3,0.30878904417972,0.676809210526316
8,89,"D6",4,0.242753963042867,0.786148238153098
8,89,"D6",5,0.205703029734546,0.847372488408037
8,89,"D6",6,0.18215927211331,0.885544915640675
8,89,"D6",7,0.165462902166776,0.908341915550978
8,89,"D6",8,0.152330925804334,0.920634920634921
8,89,"D7",1,1,NA
8,89,"D7",2,0.432746414957343,0.432746414957343
8,89,"D7",3,0.298057723724814,0.688758389261745
8,89,"D7",4,0.2367035759666,0.79415347137637
8,89,"D7",5,0.201851515701579,0.852760736196319
8,89,"D7",6,0.179342893447087,0.888489208633094
8,89,"D7",7,0.163913595933926,0.913967611336032
8,89,"D7",8,0.152477763659466,0.930232558139535
8,90,"D0",1,1,NA
8,90,"D0",2,0.826242258998584,0.826242258998584
8,90,"D0",3,0.736753112252446,0.891691394658754
8,90,"D0",4,0.682797539788219,0.926765735268805
8,90,"D0",5,0.646534779024792,0.946890903012518
8,90,"D0",6,0.620569399530784,0.959839160496249
8,90,"D0",7,0.601050451250185,0.968546711624263
8,90,"D0",8,0.585293682497411,0.973784615384616
8,90,"D1",1,1,NA
8,90,"D1",2,0.710143355960875,0.710143355960875
8,90,"D1",3,0.577143290897656,0.812713779623748
8,90,"D1",4,0.500622438135722,0.867414463671721
8,90,"D1",5,0.45090980068967,0.900698343383933
8,90,"D1",6,0.416187729076753,0.922995526910682
8,90,"D1",7,0.390466069530894,0.938196977592496
8,90,"D1",8,0.370426597844239,0.948678071539658
8,90,"D3",1,1,NA
8,90,"D3",2,0.596957836683864,0.596957836683864
8,90,"D3",3,0.473136452588507,0.792579347340188
8,90,"D3",4,0.412737946984522,0.872344425643918
8,90,"D3",5,0.375911759473403,0.910775862068966
8,90,"D3",6,0.350382494218111,0.93208707998107
8,90,"D3",7,0.331257783312578,0.945417618684945
8,90,"D3",8,0.316313823163138,0.954887218045113
8,90,"D5",1,1,NA
8,90,"D5",2,0.530260201493078,0.530260201493078
8,90,"D5",3,0.381024860476915,0.718562055768179
8,90,"D5",4,0.306443429731101,0.804260985352863
8,90,"D5",5,0.260418931651808,0.849810785241249
8,90,"D5",6,0.228600420381242,0.877817979404397
8,90,"D5",7,0.204972095383054,0.896639188332277
8,90,"D5",8,0.186707255200406,0.910891089108911
8,90,"D6",1,1,NA
8,90,"D6",2,0.471301354486268,0.471301354486268
8,90,"D6",3,0.319539025667889,0.677993013655129
8,90,"D6",4,0.250662276434932,0.784449648711944
8,90,"D6",5,0.210431789268877,0.839503224265584
8,90,"D6",6,0.182294394971189,0.86628733997155
8,90,"D6",7,0.160293347302253,0.879310344827586
8,90,"D6",8,0.14248297537978,0.888888888888889
8,90,"D7",1,1,NA
8,90,"D7",2,0.346331546849011,0.346331546849011
8,90,"D7",3,0.217704675660691,0.628601921024546
8,90,"D7",4,0.16189244132323,0.743633276740238
8,90,"D7",5,0.130105340972094,0.80365296803653
8,90,"D7",6,0.109406763999261,0.840909090909091
8,90,"D7",7,0.0944372574385511,0.863175675675676
8,90,"D7",8,0.0827943078913325,0.876712328767123
8,91,"D0",1,1,NA
8,91,"D0",2,0.824969632954845,0.824969632954845
8,91,"D0",3,0.735283865856879,0.891285977670798
8,91,"D0",4,0.68148930551888,0.926838377889187
8,91,"D0",5,0.645017163982044,0.946481711097334
8,91,"D0",6,0.618494850805387,0.958881228814253
8,91,"D0",7,0.59815157116451,0.967108409044334
8,91,"D0",8,0.581441774491682,0.972064276885043
8,91,"D1",1,1,NA
8,91,"D1",2,0.671100072109607,0.671100072109607
8,91,"D1",3,0.520276534618334,0.775259244098786
8,91,"D1",4,0.434717914086554,0.835551644483555
8,91,"D1",5,0.379948950976914,0.874012638230648
8,91,"D1",6,0.341891103048062,0.899834312396445
8,91,"D1",7,0.313837032289079,0.91794442584533
8,91,"D1",8,0.292284272093582,0.931324993617565
8,91,"D3",1,1,NA
8,91,"D3",2,0.593890122784227,0.593890122784227
8,91,"D3",3,0.467082931735322,0.78648038385549
8,91,"D3",4,0.404307924401794,0.865602009689575
8,91,"D3",5,0.365838327117295,0.904850746268657
8,91,"D3",6,0.339269999580941,0.92737686139748
8,91,"D3",7,0.319741859782928,0.942440711462451
8,91,"D3",8,0.30507480199472,0.954128440366972
8,91,"D5",1,1,NA
8,91,"D5",2,0.530852930852931,0.530852930852931
8,91,"D5",3,0.385608985608986,0.72639513356255
8,91,"D5",4,0.313934713934714,0.814127070817404
8,91,"D5",5,0.27048087048087,0.861583184257603
8,91,"D5",6,0.240505440505441,0.889177264469245
8,91,"D5",7,0.218181818181818,0.907180385288967
8,91,"D5",8,0.2004914004914,0.918918918918919
8,91,"D6",1,1,NA
8,91,"D6",2,0.426370805061434,0.426370805061434
8,91,"D6",3,0.272785622593068,0.639784946236559
8,91,"D6",4,0.201797175866496,0.739764705882353
8,91,"D6",5,0.160553823583349,0.795619774627408
8,91,"D6",6,0.132954337062168,0.828098229583095
8,91,"D6",7,0.112965340179718,0.849655172413793
8,91,"D6",8,0.0975609756097561,0.863636363636364
8,91,"D7",1,1,NA
8,91,"D7",2,0.306645735217164,0.306645735217164
8,91,"D7",3,0.168672597244026,0.550056882821388
8,91,"D7",4,0.116518402232688,0.690796277145812
8,91,"D7",5,0.090179661608233,0.773952095808383
8,91,"D7",6,0.0753532182103611,0.835589941972921
8,91,"D7",7,0.0659340659340659,0.875
8,91,"D7",8,0.0586080586080586,0.888888888888889
8,92,"D0",1,1,NA
8,92,"D0",2,0.826394194041253,0.826394194041253
8,92,"D0",3,0.738318054494525,0.893421153994299
8,92,"D0",4,0.685221967574909,0.928085075806568
8,92,"D0",5,0.648936847466259,0.947046180908258
8,92,"D0",6,0.62235803412274,0.959042527100603
8,92,"D0",7,0.601752822341058,0.966891707583197
8,92,"D0",8,0.584670231729055,0.971611947667243
8,92,"D1",1,1,NA
8,92,"D1",2,0.71083526833185,0.71083526833185
8,92,"D1",3,0.578166706451683,0.813362437416046
8,92,"D1",4,0.501482172695905,0.86736605048325
8,92,"D1",5,0.451172934615134,0.899678910198712
8,92,"D1",6,0.415485775048285,0.920901373223347
8,92,"D1",7,0.388728543217378,0.935600125352554
8,92,"D1",8,0.367613550053167,0.94568190699492
8,92,"D3",1,1,NA
8,92,"D3",2,0.588574982231699,0.588574982231699
8,92,"D3",3,0.462020255863539,0.784981132075472
8,92,"D3",4,0.400568585643213,0.866993558311701
8,92,"D3",5,0.363317341862118,0.907004080908446
8,92,"D3",6,0.337597725657427,0.929208949749358
8,92,"D3",7,0.318407960199005,0.943157894736842
8,92,"D3",8,0.303482587064677,0.953125
8,92,"D5",1,1,NA
8,92,"D5",2,0.563747402883586,0.563747402883586
8,92,"D5",3,0.407668576465403,0.723140495867769
8,92,"D5",4,0.329106591953661,0.807289575289575
8,92,"D5",5,0.282440345022981,0.858203244566881
8,92,"D5",6,0.25158975004722,0.890771288452965
8,92,"D5",7,0.229175848391362,0.910910910910911
8,92,"D5",8,0.211546936976642,0.923076923076923
8,92,"D6",1,1,NA
8,92,"D6",2,0.424197301070265,0.424197301070265
8,92,"D6",3,0.270730572359237,0.638218516893374
8,92,"D6",4,0.202512796649604,0.748023375730492
8,92,"D6",5,0.16333178222429,0.806525735294118
8,92,"D6",6,0.137366216845044,0.841025641025641
8,92,"D6",7,0.1185667752443,0.863143631436314
8,92,"D6",8,0.104234527687296,0.879120879120879
8,92,"D7",1,1,NA
8,92,"D7",2,0.330269512385107,0.330269512385107
8,92,"D7",3,0.202367970088799,0.612735849056604
8,92,"D7",4,0.148808225580308,0.735334872979215
8,92,"D7",5,0.119489016980838,0.802973199329983
8,92,"D7",6,0.10126187879732,0.847457627118644
8,92,"D7",7,0.0883315158124318,0.872307692307692
8,92,"D7",8,0.0785169029443839,0.888888888888889
8,93,"D0",1,1,NA
8,93,"D0",2,0.838827295274839,0.838827295274839
8,93,"D0",3,0.754605388675726,0.899595653272681
8,93,"D0",4,0.699959722722744,0.927583785150434
8,93,"D0",5,0.660335361329574,0.943390512186849
8,93,"D0",6,0.63000021198567,0.954060995184591
8,93,"D0",7,0.606024632734827,0.961943537804098
8,93,"D0",8,0.586437156848197,0.96767874632713
8,93,"D1",1,1,NA
8,93,"D1",2,0.666548181850496,0.666548181850496
8,93,"D1",3,0.516451616725317,0.774815130830489
8,93,"D1",4,0.432005118544059,0.836487106543085
8,93,"D1",5,0.378322018033389,0.875735035983851
8,93,"D1",6,0.341591725020439,0.902912621359223
8,93,"D1",7,0.315169611014349,0.922650017343046
8,93,"D1",8,0.295264161897653,0.936842105263158
8,93,"D3",1,1,NA
8,93,"D3",2,0.586442506518026,0.586442506518026
8,93,"D3",3,0.459768048188438,0.783995094281772
8,93,"D3",4,0.398489616110762,0.866718811106766
8,93,"D3",5,0.362042614402589,0.908537135637578
8,93,"D3",6,0.338128202822979,0.933945865408493
8,93,"D3",7,0.3215859030837,0.951076841265621
8,93,"D3",8,0.309628697293896,0.962818003913894
8,93,"D5",1,1,NA
8,93,"D5",2,0.573559707324004,0.573559707324004
8,93,"D5",3,0.430418413014137,0.750433490215507
8,93,"D5",4,0.359337927115152,0.83485723716785
8,93,"D5",5,0.315834339703062,0.878934050292583
8,93,"D5",6,0.285430134261561,0.903733693207378
8,93,"D5",7,0.262058677274988,0.918118466898955
8,93,"D5",8,0.242665340626554,0.925996204933586
8,93,"D6",1,1,NA
8,93,"D6",2,0.454868514570007,0.454868514570007
8,93,"D6",3,0.298951670220327,0.6572265625
8,93,"D6",4,0.231769722814499,0.775274888558692
8,93,"D6",5,0.195717839374556,0.844449555351119
8,93,"D6",6,0.173951670220327,0.888788016341353
8,93,"D6",7,0.159825870646766,0.91879468845761
8,93,"D6",8,0.149253731343284,0.933852140077821
8,93,"D7",1,1,NA
8,93,"D7",2,0.339821840976575,0.339821840976575
8,93,"D7",3,0.197294622236886,0.580582524271845
8,93,"D7",4,0.141339491916859,0.716387959866221
8,93,"D7",5,0.112834048168921,0.798319327731092
8,93,"D7",6,0.0953480699439129,0.845029239766082
8,93,"D7",7,0.0831408775981524,0.8719723183391
8,93,"D7",8,0.0739030023094688,0.888888888888889
8,94,"D0",1,1,NA
8,94,"D0",2,0.825987110156308,0.825987110156308
8,94,"D0",3,0.736837649349687,0.892069186418962
8,94,"D0",4,0.683081286444499,0.927044494872605
8,94,"D0",5,0.646481749970897,0.946419939764263
8,94,"D0",6,0.619559120781434,0.958355159769513
8,94,"D0",7,0.59848877694644,0.965991391090462
8,94,"D0",8,0.58078376176013,0.970417130833024
8,94,"D1",1,1,NA
8,94,"D1",2,0.67735728030789,0.67735728030789
8,94,"D1",3,0.529758086685604,0.782095508658009
8,94,"D1",4,0.4452762760011,0.840527567567568
8,94,"D1",5,0.390772473197104,0.877595538452041
8,94,"D1",6,0.353179693943004,0.903798804080197
8,94,"D1",7,0.325930083386786,0.922844911461374
8,94,"D1",8,0.305323925593329,0.936777367773678
8,94,"D3",1,1,NA
8,94,"D3",2,0.589802197802198,0.589802197802198
8,94,"D3",3,0.464043956043956,0.786778953644358
8,94,"D3",4,0.402602197802198,0.86759496068959
8,94,"D3",5,0.365406593406593,0.907612018516901
8,94,"D3",6,0.339868131868132,0.930109467099723
8,94,"D3",7,0.320615384615385,0.943352302121055
8,94,"D3",8,0.305230769230769,0.952015355086372
8,94,"D5",1,1,NA
8,94,"D5",2,0.53539760731879,0.53539760731879
8,94,"D5",3,0.391625615763547,0.731466876971609
8,94,"D5",4,0.320281491907108,0.817825696316262
8,94,"D5",5,0.275932441942294,0.861531024784672
8,94,"D5",6,0.244897959183673,0.887528691660291
8,94,"D5",7,0.222167487684729,0.907183908045977
8,94,"D5",8,0.204926108374384,0.922394678492239
8,94,"D6",1,1,NA
8,94,"D6",2,0.441142857142857,0.441142857142857
8,94,"D6",3,0.284408163265306,0.644707623982235
8,94,"D6",4,0.217404081632653,0.764408725602756
8,94,"D6",5,0.18065306122449,0.830955241814359
8,94,"D6",6,0.157877551020408,0.873926796204248
8,94,"D6",7,0.142857142857143,0.904860392967942
8,94,"D6",8,0.132571428571429,0.928
8,94,"D7",1,1,NA
8,94,"D7",2,0.352474741015475,0.352474741015475
8,94,"D7",3,0.21818646885791,0.619013062409289
8,94,"D7",4,0.161452871211152,0.739976553341149
8,94,"D7",5,0.130451464381634,0.807984790874525
8,94,"D7",6,0.110755851131858,0.849019607843137
8,94,"D7",7,0.0966875559534467,0.8729792147806
8,94,"D7",8,0.0859444941808415,0.888888888888889
8,95,"D0",1,1,NA
8,95,"D0",2,0.827184343034487,0.827184343034487
8,95,"D0",3,0.738966125133272,0.893351199591628
8,95,"D0",4,0.686457442653408,0.928943045298059
8,95,"D0",5,0.650842913090752,0.948118372167409
8,95,"D0",6,0.624484065406256,0.95950044603033
8,95,"D0",7,0.603635557526047,0.966614828087495
8,95,"D0",8,0.585827237124067,0.97049822499694
8,95,"D1",1,1,NA
8,95,"D1",2,0.712045963579706,0.712045963579706
8,95,"D1",3,0.579435409701258,0.813761244833455
8,95,"D1",4,0.502327393124939,0.86692560501942
8,95,"D1",5,0.451228616872789,0.898275951199338
8,95,"D1",6,0.414602741801106,0.918830779560223
8,95,"D1",7,0.386957509656896,0.933321154548776
8,95,"D1",8,0.365371506475801,0.944216089254257
8,95,"D3",1,1,NA
8,95,"D3",2,0.586131386861314,0.586131386861314
8,95,"D3",3,0.464650677789364,0.792741505070272
8,95,"D3",4,0.407716371220021,0.877468581687612
8,95,"D3",5,0.373618352450469,0.916368286445013
8,95,"D3",6,0.350156412930136,0.93720346078705
8,95,"D3",7,0.332481751824818,0.949523525908279
8,95,"D3",8,0.318248175182482,0.957189901207464
8,95,"D5",1,1,NA
8,95,"D5",2,0.587554057025581,0.587554057025581
8,95,"D5",3,0.451000513083633,0.767589820359282
8,95,"D5",4,0.381616946419409,0.846156346497643
8,95,"D5",5,0.338635197537199,0.887369391518131
8,95,"D5",6,0.308729751520926,0.911688311688312
8,95,"D5",7,0.286813750641355,0.929012345679012
8,95,"D5",8,0.270908158029759,0.944543828264758
8,95,"D6",1,1,NA
8,95,"D6",2,0.455583032147613,0.455583032147613
8,95,"D6",3,0.291706296366749,0.640292275574113
8,95,"D6",4,0.214875404222941,0.736615585262472
8,95,"D6",5,0.171200304356097,0.796742209631728
8,95,"D6",6,0.143618033098726,0.838888888888889
8,95,"D6",7,0.125166444740346,0.871523178807947
8,95,"D6",8,0.11185086551265,0.893617021276596
8,95,"D7",1,1,NA
8,95,"D7",2,0.374713049620343,0.374713049620343
8,95,"D7",3,0.222673494614162,0.594250706880302
8,95,"D7",4,0.158220024721879,0.710547184773989
8,95,"D7",5,0.123609394313968,0.78125
8,95,"D7",6,0.102772382129613,0.831428571428571
8,95,"D7",7,0.0889987639060568,0.865979381443299
8,95,"D7",8,0.0791100123609394,0.888888888888889
8,96,"D0",1,1,NA
8,96,"D0",2,0.833778716662266,0.833778716662266
8,96,"D0",3,0.746395563770795,0.895196229952621
8,96,"D0",4,0.692939001848429,0.928380386329866
8,96,"D0",5,0.655875363084236,0.946512407780013
8,96,"D0",6,0.627198310007922,0.956276672840003
8,96,"D0",7,0.603475046210721,0.962175816773324
8,96,"D0",8,0.583216266173752,0.966429796618476
8,96,"D1",1,1,NA
8,96,"D1",2,0.697948981185975,0.697948981185975
8,96,"D1",3,0.561262749124021,0.80416013813833
8,96,"D1",4,0.483897605284889,0.86215877686542
8,96,"D1",5,0.43411743700761,0.897126648833133
8,96,"D1",6,0.399401879170665,0.920031874148523
8,96,"D1",7,0.373847836275582,0.936019222172553
8,96,"D1",8,0.354319637556632,0.947764312578353
8,96,"D3",1,1,NA
8,96,"D3",2,0.588845401174168,0.588845401174168
8,96,"D3",3,0.463356164383562,0.786889332003988
8,96,"D3",4,0.402739726027397,0.869179600886918
8,96,"D3",5,0.366438356164384,0.909863945578231
8,96,"D3",6,0.341780821917808,0.932710280373832
8,96,"D3",7,0.323630136986301,0.94689378757515
8,96,"D3",8,0.30958904109589,0.956613756613757
8,96,"D5",1,1,NA
8,96,"D5",2,0.544258544258544,0.544258544258544
8,96,"D5",3,0.401186901186901,0.737125591171834
8,96,"D5",4,0.32952952952953,0.821386562110141
8,96,"D5",5,0.283712283712284,0.860961638604409
8,96,"D5",6,0.24982124982125,0.88054435483871
8,96,"D5",7,0.222722722722723,0.89152833428735
8,96,"D5",8,0.2002002002002,0.898876404494382
8,96,"D6",1,1,NA
8,96,"D6",2,0.462809917355372,0.462809917355372
8,96,"D6",3,0.307123179850453,0.663605442176871
8,96,"D6",4,0.240031483667847,0.781547924141466
8,96,"D6",5,0.203778040141676,0.848963798530955
8,96,"D6",6,0.181188508461236,0.889146388567014
8,96,"D6",7,0.165840220385675,0.915291051259774
8,96,"D6",8,0.154269972451791,0.930232558139535
8,96,"D7",1,1,NA
8,96,"D7",2,0.341860465116279,0.341860465116279
8,96,"D7",3,0.210299003322259,0.615160349854227
8,96,"D7",4,0.153355481727575,0.729225908372828
8,96,"D7",5,0.122591362126246,0.799393414211439
8,96,"D7",6,0.103986710963455,0.848238482384824
8,96,"D7",7,0.0918604651162791,0.883386581469649
8,96,"D7",8,0.0837209302325581,0.911392405063291
8,97,"D0",1,1,NA
8,97,"D0",2,0.827028740490279,0.827028740490279
8,97,"D0",3,0.738112848689772,0.892487543119969
8,97,"D0",4,0.684530853761623,0.92740677116885
8,97,"D0",5,0.648235418427726,0.946977648802173
8,97,"D0",6,0.62187235841082,0.959331040440757
8,97,"D0",7,0.601701183431953,0.96756380195059
8,97,"D0",8,0.585207100591716,0.972587584511371
8,97,"D1",1,1,NA
8,97,"D1",2,0.700536839648331,0.700536839648331
8,97,"D1",3,0.563203698969668,0.803960144697595
8,97,"D1",4,0.483933711973858,0.85925165772024
8,97,"D1",5,0.4325171444132,0.893752870923289
8,97,"D1",6,0.396727834524458,0.917253430641928
8,97,"D1",7,0.370497160196063,0.93388244522889
8,97,"D1",8,0.350424025519334,0.945821083578328
8,97,"D3",1,1,NA
8,97,"D3",2,0.581038491345905,0.581038491345905
8,97,"D3",3,0.456832859726169,0.786235105815401
8,97,"D3",4,0.397375355205373,0.869848450576792
8,97,"D3",5,0.361870317747352,0.910651133763262
8,97,"D3",6,0.336863859467838,0.930896630496859
8,97,"D3",7,0.317179023508137,0.941564417177914
8,97,"D3",8,0.300904159132007,0.948688711516534
8,97,"D5",1,1,NA
8,97,"D5",2,0.548066298342541,0.548066298342541
8,97,"D5",3,0.40568271507498,0.740207373271889
8,97,"D5",4,0.332880820836622,0.820544747081712
8,97,"D5",5,0.28689818468824,0.861864567526555
8,97,"D5",6,0.254775059194949,0.888033012379642
8,97,"D5",7,0.230939226519337,0.906443618339529
8,97,"D5",8,0.212154696132597,0.91866028708134
8,97,"D6",1,1,NA
8,97,"D6",2,0.455996281375891,0.455996281375891
8,97,"D6",3,0.299039355438488,0.655793408086986
8,97,"D6",4,0.227765726681128,0.761658031088083
8,97,"D6",5,0.18670591881004,0.819727891156463
8,97,"D6",6,0.159745894019213,0.855601659751037
8,97,"D6",7,0.140455531453362,0.879243452958293
8,97,"D6",8,0.125813449023861,0.895752895752896
8,97,"D7",1,1,NA
8,97,"D7",2,0.327178490443797,0.327178490443797
8,97,"D7",3,0.193391642371234,0.591089108910891
8,97,"D7",4,0.135795270489148,0.702177554438861
8,97,"D7",5,0.102850664075154,0.757395038167939
8,97,"D7",6,0.0813087139617752,0.790551181102362
8,97,"D7",7,0.0657596371882086,0.808764940239044
8,97,"D7",8,0.054421768707483,0.827586206896552
8,98,"D0",1,1,NA
8,98,"D0",2,0.837598404534481,0.837598404534481
8,98,"D0",3,0.752115041461111,0.897942304318404
8,98,"D0",4,0.698990238270179,0.929366120523627
8,98,"D0",5,0.662023722053112,0.947114402758256
8,98,"D0",6,0.633714705573633,0.957238667533415
8,98,"D0",7,0.610506980161646,0.96337827541657
8,98,"D0",8,0.590742101396032,0.967625466361776
8,98,"D1",1,1,NA
8,98,"D1",2,0.701835114873568,0.701835114873568
8,98,"D1",3,0.565120708065919,0.805204379333061
8,98,"D1",4,0.486760092030956,0.861338268238044
8,98,"D1",5,0.435715936987417,0.895134880859764
8,98,"D1",6,0.399652131793613,0.917230924709449
8,98,"D1",7,0.372736379748786,0.932652049360952
8,98,"D1",8,0.352007397703629,0.944387016745917
8,98,"D3",1,1,NA
8,98,"D3",2,0.57338065661047,0.57338065661047
8,98,"D3",3,0.44148181011535,0.769962859795729
8,98,"D3",4,0.379769299023957,0.860215053763441
8,98,"D3",5,0.344099378881988,0.90607476635514
8,98,"D3",6,0.320230700976043,0.930634347601857
8,98,"D3",7,0.302484472049689,0.944582986977002
8,98,"D3",8,0.288198757763975,0.952772073921971
8,98,"D5",1,1,NA
8,98,"D5",2,0.577256345372287,0.577256345372287
8,98,"D5",3,0.437313089487003,0.757571732199787
8,98,"D5",4,0.364573268921095,0.833666491320358
8,98,"D5",5,0.317306954988114,0.8703516742386
8,98,"D5",6,0.282493673798022,0.890285161913968
8,98,"D5",7,0.254965110037574,0.902551574375679
8,98,"D5",8,0.231884057971014,0.909473684210526
8,98,"D6",1,1,NA
8,98,"D6",2,0.456909144025708,0.456909144025708
8,98,"D6",3,0.305190378810011,0.667945439045183
8,98,"D6",4,0.237842048884994,0.779323548181238
8,98,"D6",5,0.200895900282403,0.84466098919096
8,98,"D6",6,0.177621969033012,0.884149297140087
8,98,"D6",7,0.160872528970688,0.905701754385965
8,98,"D6",8,0.147239263803681,0.915254237288136
8,98,"D7",1,1,NA
8,98,"D7",2,0.367805034471701,0.367805034471701
8,98,"D7",3,0.222542889209556,0.605056669572799
8,98,"D7",4,0.155202821869489,0.697406340057637
8,98,"D7",5,0.11624178290845,0.74896694214876
8,98,"D7",6,0.091710758377425,0.788965517241379
8,98,"D7",7,0.0751964085297419,0.81993006993007
8,98,"D7",8,0.0628507295173962,0.835820895522388
8,99,"D0",1,1,NA
8,99,"D0",2,0.833585954275609,0.833585954275609
8,99,"D0",3,0.745684392236116,0.8945500921787
8,99,"D0",4,0.689789903583007,0.925042700055051
8,99,"D0",5,0.65020420192834,0.942611943942575
8,99,"D0",6,0.620458085975327,0.954251117010944
8,99,"D0",7,0.59718538166814,0.962491093543243
8,99,"D0",8,0.578838785735337,0.969278223318939
8,99,"D1",1,1,NA
8,99,"D1",2,0.702549512102958,0.702549512102958
8,99,"D1",3,0.566660739291827,0.806577656848167
8,99,"D1",4,0.487959278934851,0.86111361719654
8,99,"D1",5,0.436440018671231,0.894418935170001
8,99,"D1",6,0.400208939963102,0.916984975808505
8,99,"D1",7,0.37358020849541,0.933462926964732
8,99,"D1",8,0.35350863544422,0.946272386505623
8,99,"D3",1,1,NA
8,99,"D3",2,0.594536439330153,0.594536439330153
8,99,"D3",3,0.469314248292637,0.789378442171518
8,99,"D3",4,0.410029001777528,0.873676866341075
8,99,"D3",5,0.375152025446721,0.914940220863375
8,99,"D3",6,0.352418374029376,0.939401496259352
8,99,"D3",7,0.336607727570399,0.955136713565171
8,99,"D3",8,0.324819908316961,0.964980544747082
8,99,"D5",1,1,NA
8,99,"D5",2,0.557578155916106,0.557578155916106
8,99,"D5",3,0.409048938134811,0.733617222616513
8,99,"D5",4,0.335364727608495,0.819864559819413
8,99,"D5",5,0.291452314998021,0.86906073001888
8,99,"D5",6,0.262102624983511,0.899298483819869
8,99,"D5",7,0.240997229916898,0.919476597886261
8,99,"D5",8,0.225300092336103,0.934865900383142
8,99,"D6",1,1,NA
8,99,"D6",2,0.463267633165011,0.463267633165011
8,99,"D6",3,0.312510180811207,0.67457805907173
8,99,"D6",4,0.245577455611663,0.785822256971592
8,99,"D6",5,0.208828799478742,0.850358185195012
8,99,"D6",6,0.185535103437042,0.888455538221529
8,99,"D6",7,0.168757126567845,0.909569798068481
8,99,"D6",8,0.155074116305587,0.918918918918919
8,99,"D7",1,1,NA
8,99,"D7",2,0.326196052191368,0.326196052191368
8,99,"D7",3,0.178487788558046,0.547179487179487
8,99,"D7",4,0.123118099698896,0.689784442361762
8,99,"D7",5,0.0951823352291736,0.773097826086957
8,99,"D7",6,0.0792907326865172,0.833040421792619
8,99,"D7",7,0.0702576112412178,0.886075949367088
8,99,"D7",8,0.0655737704918033,0.933333333333333
8,100,"D0",1,1,NA
8,100,"D0",2,0.825262846142455,0.825262846142455
8,100,"D0",3,0.735937466945908,0.891761298095409
8,100,"D0",4,0.682524169152334,0.927421417997327
8,100,"D0",5,0.646389964248694,0.9470579848498
8,100,"D0",6,0.620063040764951,0.959270835037882
8,100,"D0",7,0.5997334517992,0.967213674047286
8,100,"D0",8,0.582852065748556,0.971851851851852
8,100,"D1",1,1,NA
8,100,"D1",2,0.680106555896695,0.680106555896695
8,100,"D1",3,0.531345945457829,0.781268671579367
8,100,"D1",4,0.444807657576305,0.837133813438702
8,100,"D1",5,0.387992143760159,0.87226947906939
8,100,"D1",6,0.347864366985732,0.896575800773863
8,100,"D1",7,0.318109987357775,0.914465572068272
8,100,"D1",8,0.29519595448799,0.927968206656731
8,100,"D3",1,1,NA
8,100,"D3",2,0.594898973169924,0.594898973169924
8,100,"D3",3,0.469597312260446,0.789373210308622
8,100,"D3",4,0.408649978706289,0.870213623538896
8,100,"D3",5,0.370841811385038,0.90748031496063
8,100,"D3",6,0.344011735200871,0.927650886818936
8,100,"D3",7,0.323617091752236,0.940715268225585
8,100,"D3",8,0.307386551838357,0.949846468781986
8,100,"D5",1,1,NA
8,100,"D5",2,0.535318659185729,0.535318659185729
8,100,"D5",3,0.391238670694864,0.730851921526471
8,100,"D5",4,0.320529420227305,0.819268247839676
8,100,"D5",5,0.276866637893828,0.863779174147217
8,100,"D5",6,0.246439361242987,0.890101325019486
8,100,"D5",7,0.223564954682779,0.907180385288967
8,100,"D5",8,0.205438066465257,0.918918918918919
8,100,"D6",1,1,NA
8,100,"D6",2,0.420744931636021,0.420744931636021
8,100,"D6",3,0.259311645450259,0.616315553563424
8,100,"D6",4,0.18987270155587,0.732218181818182
8,100,"D6",5,0.152663837812353,0.804032578466428
8,100,"D6",6,0.128429985855728,0.841260037059914
8,100,"D6",7,0.11023102310231,0.858296622613803
8,100,"D6",8,0.0950495049504951,0.862275449101796
8,100,"D7",1,1,NA
8,100,"D7",2,0.404411764705882,0.404411764705882
8,100,"D7",3,0.269782913165266,0.667099567099567
8,100,"D7",4,0.203921568627451,0.755872809863725
8,100,"D7",5,0.162289915966387,0.79584478021978
8,100,"D7",6,0.132703081232493,0.817691477885653
8,100,"D7",7,0.10906862745098,0.821899736147757
8,100,"D7",8,0.0882352941176471,0.808988764044944
