"Exp_slope","Power_slope","Zeta_order1","Zeta_order2","Zeta_order3","Zeta_last","Zeta_half_order","Last_over_first","Common_n","Iteration","Group","DeltaAIC_ExpMinusPower","PowerLaw_better","Dilution_rank"
-0.0561112377562256,-0.248620606681357,1,0.827527937846954,0.739762173508386,0.5637735400701,0.651080785192352,0.5637735400701,10,1,"D0",34.9700854880412,TRUE,0
-0.130751271852456,-0.572470052754883,1,0.676817505570148,0.52826894740214,0.272919469536806,0.388438395837973,0.272919469536806,10,1,"D1",45.3159405577883,TRUE,1
-0.110402614170423,-0.507651020808718,1,0.594627278224065,0.469659670035415,0.298004664420834,0.372958287573473,0.298004664420834,10,1,"D3",19.4345921957378,TRUE,3
-0.172141270747665,-0.756503595162362,1,0.547130068457083,0.400770142180095,0.169826224328594,0.279062915318839,0.169826224328594,10,1,"D5",40.4162883793532,TRUE,5
-0.225267602012105,-1.01157060005376,1,0.430058479532164,0.267456140350877,0.0947368421052632,0.160902255639098,0.0947368421052632,10,1,"D6",27.0766797801761,TRUE,6
-0.172316310453122,-0.806382955242914,1,0.3996399639964,0.276402640264026,0.144014401440144,0.192840712642693,0.144014401440144,10,1,"D7",16.2826548628024,TRUE,7
-0.0587724254746312,-0.257545515321602,1,0.830880230880231,0.742945690672963,0.552538370720189,0.651597140233504,0.552538370720189,10,2,"D0",48.0122084668022,TRUE,0
-0.12790528348678,-0.558929735359398,1,0.683781220360417,0.538318052481821,0.280746127094531,0.399457517225459,0.280746127094531,10,2,"D1",48.9750255935544,TRUE,1
-0.111551248635328,-0.510216192359005,1,0.595883053160294,0.473369044508318,0.295270446825189,0.376221998249696,0.295270446825189,10,2,"D3",20.4191583515763,TRUE,3
-0.140679901852728,-0.627373939077377,1,0.586168257810049,0.446685491461611,0.229931423961275,0.329513948916934,0.229931423961275,10,2,"D5",30.1007356838235,TRUE,5
-0.195508268142139,-0.890556198599203,1,0.451557960124236,0.292906522392546,0.126239855725879,0.187338085219059,0.126239855725879,10,2,"D6",22.2736939524578,TRUE,6
-0.288571700929109,-1.30385643306545,1,0.333802949187565,0.182727528881375,0.0507185122569738,0.0921117954084987,0.0507185122569738,10,2,"D7",24.7744390714513,TRUE,7
-0.0588611623560078,-0.258049526949221,1,0.830597431602457,0.742516504089073,0.552172627845108,0.650648198978084,0.552172627845108,10,3,"D0",47.2203606510111,TRUE,0
-0.10894787440844,-0.479109419606769,1,0.708061002178649,0.574234068627451,0.333946078431373,0.44698052832244,0.333946078431373,10,3,"D1",42.1868325587953,TRUE,1
-0.112824649415977,-0.514410779222361,1,0.594187675070028,0.472623424369748,0.291491596638655,0.376442243564092,0.291491596638655,10,3,"D3",20.9599783836046,TRUE,3
-0.159479188869023,-0.70567609825613,1,0.563465715808025,0.416605188737243,0.191811139800811,0.296016230173368,0.191811139800811,10,3,"D5",35.1374081101771,TRUE,5
-0.212503288015613,-0.948410285493958,1,0.445164942617467,0.289717461787865,0.106530801296897,0.185454759331554,0.106530801296897,10,3,"D6",29.0892387933788,TRUE,6
-0.274045507017077,-1.24554003762895,1,0.323950617283951,0.183611111111111,0.0555555555555556,0.0974867724867725,0.0555555555555556,10,3,"D7",22.9222855336315,TRUE,7
-0.0565998970661011,-0.250020261905057,1,0.82909373170459,0.741385945177905,0.561837665028714,0.652242247914499,0.561837665028714,10,4,"D0",37.5778772953684,TRUE,0
-0.109054454706157,-0.479244115849735,1,0.708973393829647,0.575240594925634,0.333882683269243,0.447722619943825,0.333882683269243,10,4,"D1",43.0702384827256,TRUE,1
-0.115074865504532,-0.524500870711786,1,0.592920353982301,0.468022779416585,0.285152409046214,0.3695509668961,0.285152409046214,10,4,"D3",21.2065875719387,TRUE,3
-0.168980900783384,-0.753116967174223,1,0.540873807939676,0.388922155688623,0.17564870259481,0.266166080537338,0.17564870259481,10,4,"D5",31.0691517213073,TRUE,5
-0.215594666957447,-0.952444675796448,1,0.469359963685883,0.311885307913451,0.108942351339083,0.195800819949708,0.108942351339083,10,4,"D6",37.0523776184137,TRUE,6
-0.224253499269208,-1.00978936458585,1,0.395729684908789,0.254975124378109,0.0932835820895522,0.159174366263918,0.0932835820895522,10,4,"D7",25.4212089660111,TRUE,7
-0.0594264615350158,-0.260647085553911,1,0.828387079766165,0.739768076398363,0.548668367044309,0.647336875315996,0.548668367044309,10,5,"D0",46.4840700265916,TRUE,0
-0.129013986985689,-0.564415137309353,1,0.677884821237422,0.531283451081139,0.276172125883109,0.394113629181067,0.276172125883109,10,5,"D1",48.5422096892807,TRUE,1
-0.121817497871066,-0.558155877859692,1,0.573940049358068,0.440895100241245,0.264537060144747,0.341832348944902,0.264537060144747,10,5,"D3",20.2369713839603,TRUE,3
-0.152480404221416,-0.680038208960423,1,0.56034188034188,0.417884615384615,0.203846153846154,0.300610500610501,0.203846153846154,10,5,"D5",30.1527597607939,TRUE,5
-0.183964937220248,-0.837464655331281,1,0.467986140775547,0.311120603730599,0.140965399401965,0.207295078076795,0.140965399401965,10,5,"D6",22.3286771019154,TRUE,6
-0.246627557977052,-1.10717579097205,1,0.359259259259259,0.22662037037037,0.0740740740740741,0.135765726043504,0.0740740740740741,10,5,"D7",26.2051998917214,TRUE,7
-0.0559987082012003,-0.248185019375651,1,0.827092991005983,0.739386465390863,0.56400808272911,0.65128325588328,0.56400808272911,10,6,"D0",34.7757062984942,TRUE,0
-0.129704986323424,-0.567875029611155,1,0.676289625513615,0.528235507014967,0.273998850354474,0.390846530432658,0.273998850354474,10,6,"D1",47.0068860923746,TRUE,1
-0.113046566436148,-0.51740598815585,1,0.587357675696898,0.464347195795959,0.288121772220712,0.369859822156642,0.288121772220712,10,6,"D3",20.0283891823373,TRUE,3
-0.152186246981816,-0.672597942829847,1,0.571896692967706,0.432156254042168,0.205665502522313,0.314565355310408,0.205665502522313,10,6,"D5",34.9799524318992,TRUE,5
-0.232290667494614,-1.03138924966716,1,0.438153124333547,0.278071017274472,0.0911708253358925,0.166042104621759,0.0911708253358925,10,6,"D6",33.3862218093432,TRUE,6
-0.295626143413289,-1.31184620333664,1,0.337224383916991,0.199578469520104,0.0486381322957198,0.103143721820765,0.0486381322957198,10,6,"D7",33.0489316679525,TRUE,7
-0.0560918420453976,-0.247566778989845,1,0.831437977937801,0.744550033447448,0.565458623539133,0.65593537615731,0.565458623539133,10,7,"D0",38.4355185728838,TRUE,0
-0.129226685592775,-0.564614836300974,1,0.681637250169643,0.534754139646163,0.277025750802745,0.395950946854429,0.277025750802745,10,7,"D1",49.4025328480087,TRUE,1
-0.11018983828554,-0.504910723090936,1,0.595095623606711,0.473336853220697,0.29831045406547,0.378146946916746,0.29831045406547,10,7,"D3",19.9380917548178,TRUE,3
-0.172780161523915,-0.759245664263577,1,0.550931133608299,0.400543682039745,0.168728908886389,0.2777182614078,0.168728908886389,10,7,"D5",40.9506038573524,TRUE,5
-0.18598273398347,-0.84091277200588,1,0.479005321110584,0.325114588272483,0.142247510668563,0.212976134028766,0.142247510668563,10,7,"D6",24.590261441983,TRUE,6
-0.287064679520272,-1.27806867075705,1,0.336201313720048,0.19601720788232,0.0499583680266445,0.105368542087943,0.0499583680266445,10,7,"D7",30.9399357662669,TRUE,7
-0.0574361825619174,-0.252502474486319,1,0.831894342598068,0.744643209146462,0.559432288586635,0.654158805252832,0.559432288586635,10,8,"D0",42.988517209092,TRUE,0
-0.128883420039624,-0.563015800191288,1,0.680111275593029,0.534299843384609,0.27675870502671,0.396713017875404,0.27675870502671,10,8,"D1",51.3752784503375,TRUE,1
-0.109499950640201,-0.508477233537193,1,0.579022222222222,0.454866666666667,0.296,0.362306878306878,0.296,10,8,"D3",17.5715487967725,TRUE,3
-0.1503404583019,-0.675274998400452,1,0.556686046511628,0.411640019379845,0.207122093023256,0.295513796603913,0.207122093023256,10,8,"D5",26.9747828004604,TRUE,5
-0.173561164591874,-0.803886647042506,1,0.447561790247161,0.300058450233801,0.150300601202405,0.204098673537551,0.150300601202405,10,8,"D6",18.3823419603737,TRUE,6
-0.195226983239034,-0.906007165303199,1,0.375466375466375,0.246996996996997,0.114660114660115,0.164450164450164,0.114660114660115,10,8,"D7",17.6656491198741,TRUE,7
-0.0574361825619174,-0.252502474486319,1,0.831894342598068,0.744643209146462,0.559432288586635,0.654158805252832,0.559432288586635,10,9,"D0",42.988517209092,TRUE,0
-0.128529851114713,-0.563255007006059,1,0.67865381621591,0.531370738334819,0.278308495733028,0.393206405816264,0.278308495733028,10,9,"D1",44.6890218948126,TRUE,1
-0.120918354776363,-0.546375012085345,1,0.595093795093795,0.466214088941362,0.271546635182999,0.364151721294578,0.271546635182999,10,9,"D3",23.6323922001468,TRUE,3
-0.134440945094287,-0.606692368862044,1,0.576527607917742,0.439631743443403,0.240521810028536,0.328476954037492,0.240521810028536,10,9,"D5",24.9005419844823,TRUE,5
-0.181124360571895,-0.823958424241346,1,0.47433659999105,0.317760773258155,0.144985904148208,0.212924074180619,0.144985904148208,10,9,"D6",22.4924005767836,TRUE,6
-0.228838540503381,-1.05161253076869,1,0.345988621850691,0.213340299547196,0.083594566353187,0.131031165513924,0.083594566353187,10,9,"D7",19.7648244597873,TRUE,7
-0.0579067055218019,-0.254378552901336,1,0.830751804436015,0.743208669195511,0.556543385490754,0.652682757945916,0.556543385490754,10,10,"D0",44.0537199494032,TRUE,0
-0.129013986985689,-0.564415137309353,1,0.677884821237422,0.531283451081139,0.276172125883109,0.394113629181067,0.276172125883109,10,10,"D1",48.5422096892807,TRUE,1
-0.111899895728942,-0.51511927758518,1,0.585465399610136,0.46016081871345,0.290570175438596,0.365823412698413,0.290570175438596,10,10,"D3",19.03045059902,TRUE,3
-0.162328204998341,-0.720481989594325,1,0.554077358955408,0.403824833702882,0.184774575018477,0.284743485962998,0.184774575018477,10,10,"D5",32.8955491002019,TRUE,5
-0.191098333429007,-0.863122072819636,1,0.460972537163013,0.308163265306122,0.131519274376417,0.204639527768779,0.131519274376417,10,10,"D6",24.5930744824993,TRUE,6
-0.299372611037586,-1.31043840105295,1,0.368698659749243,0.215239948119326,0.0466926070038911,0.112716941510716,0.0466926070038911,10,10,"D7",47.0396403876805,TRUE,7
-0.0577862489071135,-0.254099490473016,1,0.83056705433997,0.742726197516263,0.557066824364281,0.652086677367576,0.557066824364281,10,11,"D0",42.6587957605619,TRUE,0
-0.114869308473131,-0.505028164474914,1,0.69897832045851,0.56047013871584,0.316471467729878,0.428708384259094,0.316471467729878,10,11,"D1",41.6462352677317,TRUE,1
-0.114356368705162,-0.524883601197912,1,0.57939525620134,0.454576317218903,0.282455187398153,0.36166938258193,0.282455187398153,10,11,"D3",19.4107502494812,TRUE,3
-0.163716121300748,-0.725975969812242,1,0.551340173387417,0.401843235504653,0.182534001431639,0.283331060890116,0.182534001431639,10,11,"D5",33.4684389513453,TRUE,5
-0.198831934565334,-0.892846257922545,1,0.457319545823196,0.305200729927007,0.123175182481752,0.199462692619627,0.123175182481752,10,11,"D6",26.8068364748778,TRUE,6
-0.243471146290577,-1.10987836413194,1,0.325389052127544,0.196784198498204,0.0685602350636631,0.120641139250346,0.0685602350636631,10,11,"D7",20.7480219047272,TRUE,7
-0.055801297342734,-0.245754927106557,1,0.83372715816005,0.747917651228733,0.567698487712665,0.659954297566538,0.567698487712665,10,12,"D0",40.798031959582,TRUE,0
-0.130006121560083,-0.567287667056863,1,0.680397447789302,0.533745467577367,0.274475082216038,0.395585631166203,0.274475082216038,10,12,"D1",53.122942898705,TRUE,1
-0.119321417819615,-0.546014914411451,1,0.585887234433677,0.453261640274167,0.27416686362562,0.351684280424531,0.27416686362562,10,12,"D3",20.6890647395218,TRUE,3
-0.161122350259194,-0.710254307119385,1,0.563241436925647,0.416885964912281,0.18796992481203,0.297484783387039,0.18796992481203,10,12,"D5",37.0236783111366,TRUE,5
-0.222758194951595,-0.990745139961104,1,0.436966935389648,0.287723449001052,0.0998948475289169,0.176693705873517,0.0998948475289169,10,12,"D6",31.9566423530282,TRUE,6
-0.281168755373534,-1.222025372551,1,0.37023702370237,0.235598559855986,0.054005400540054,0.135406397782635,0.054005400540054,10,12,"D7",36.3526313200167,TRUE,7
-0.0576565368798561,-0.252714325202232,1,0.833415278515284,0.746779554349322,0.558735028615257,0.656678251374104,0.558735028615257,10,13,"D0",47.6459355928731,TRUE,0
-0.112545104560063,-0.495978319616906,1,0.698199226559852,0.560913600232447,0.321897764771807,0.432105079542973,0.321897764771807,10,13,"D1",39.5204970991481,TRUE,1
-0.112206475722734,-0.514067673336417,1,0.588491743557586,0.465309504613455,0.290244557914539,0.371177316218972,0.290244557914539,10,13,"D3",19.8234043642122,TRUE,3
-0.15547555403374,-0.690185567340633,1,0.562553925798102,0.418895599654875,0.198446937014668,0.300135584863799,0.198446937014668,10,13,"D5",32.7374380090746,TRUE,5
-0.189816311406255,-0.861598409216321,1,0.458728701152944,0.304292929292929,0.133149678604224,0.200890579678458,0.133149678604224,10,13,"D6",23.1626989251536,TRUE,6
-0.243042836888316,-1.09352232144256,1,0.369622147399925,0.229587542087542,0.0757575757575758,0.136417080861525,0.0757575757575758,10,13,"D7",25.7552033569567,TRUE,7
-0.0580884317453634,-0.255447078754717,1,0.828647925033467,0.741043381446578,0.555290468805917,0.650650693296524,0.555290468805917,10,14,"D0",42.7252047448079,TRUE,0
-0.126204868728427,-0.553750665564787,1,0.677872952491359,0.532427384555935,0.282733303278161,0.397415766289341,0.282733303278161,10,14,"D1",44.3966118570464,TRUE,1
-0.113181230302106,-0.52050979079205,1,0.583502241877035,0.458724894048277,0.287451630735213,0.363043688085147,0.287451630735213,10,14,"D3",19.2712446252752,TRUE,3
-0.153896106729121,-0.690407967379316,1,0.548412698412698,0.403141534391534,0.198412698412698,0.288296800201562,0.198412698412698,10,14,"D5",27.329474800545,TRUE,5
-0.225624860859912,-1.00752378814942,1,0.439148395297108,0.276731808071179,0.0953288846520496,0.166995778292251,0.0953288846520496,10,14,"D6",29.6933552859846,TRUE,6
-0.281004246098698,-1.25044961325718,1,0.342739564961787,0.202601410934744,0.0529100529100529,0.110684191372022,0.0529100529100529,10,14,"D7",30.9809905662498,TRUE,7
-0.0575881104163943,-0.253892328199316,1,0.829102682579943,0.740596551249533,0.557423464873474,0.649882635371929,0.557423464873474,10,15,"D0",39.4985605945999,TRUE,0
-0.127195174428668,-0.556043433398915,1,0.682892236121749,0.538299931920688,0.282103650753127,0.40077642834855,0.282103650753127,10,15,"D1",49.3246927928417,TRUE,1
-0.106409269289886,-0.492433457058856,1,0.590080568575192,0.468477162025549,0.306038047973532,0.377000538290861,0.306038047973532,10,15,"D3",18.0119827468335,TRUE,3
-0.165322524231467,-0.728896052761551,1,0.560431499460626,0.41210355987055,0.18252427184466,0.288935120973956,0.18252427184466,10,15,"D5",38.5171661779155,TRUE,5
-0.218229815348764,-0.983353351716179,1,0.439055932751374,0.275137407048173,0.10184287099903,0.166235585731221,0.10184287099903,10,15,"D6",25.7232621021097,TRUE,6
-0.266277422581588,-1.21696438111799,1,0.316391639163916,0.182260726072607,0.0594059405940594,0.0994813767090995,0.0594059405940594,10,15,"D7",21.3375131749333,TRUE,7
-0.05701409032361,-0.252112222854883,1,0.827104657621201,0.7388171467111,0.559390621280647,0.649028198123652,0.559390621280647,10,16,"D0",36.650468413751,TRUE,0
-0.127741115252364,-0.557675469472358,1,0.683916985468253,0.538892041871611,0.280615462227267,0.401242075002953,0.280615462227267,10,16,"D1",52.1445935448207,TRUE,1
-0.116803936506508,-0.535370159132457,1,0.581946633969755,0.453757225433526,0.278507619548082,0.35669452576967,0.278507619548082,10,16,"D3",20.0431342348965,TRUE,3
-0.173386197498667,-0.766516088073956,1,0.537016206307545,0.385264341957255,0.164979377577803,0.267020193904333,0.164979377577803,10,16,"D5",35.152278739787,TRUE,5
-0.253833683756695,-1.1148003157284,1,0.417905347684948,0.257090381001196,0.0717580727831881,0.152343527535737,0.0717580727831881,10,16,"D6",38.6953816263422,TRUE,6
-0.23997953336463,-1.09237375419426,1,0.355253212396069,0.218739876903142,0.0777453838678328,0.128380150246039,0.0777453838678328,10,16,"D7",22.2903458105034,TRUE,7
-0.0559861361092515,-0.247630654092211,1,0.828586518782597,0.741567637155872,0.564468211527035,0.653670222297673,0.564468211527035,10,17,"D0",36.4328147828035,TRUE,0
-0.129967771062769,-0.566817062579859,1,0.682633462507676,0.536592338479131,0.275713105901785,0.396845564560449,0.275713105901785,10,17,"D1",52.326084997,TRUE,1
-0.109268611047889,-0.500670505670409,1,0.598760536904867,0.476649925103533,0.301348136399683,0.381216721422907,0.301348136399683,10,17,"D3",19.9670389724828,TRUE,3
-0.162496799483248,-0.71894540846324,1,0.553762063370057,0.407859338970023,0.184473481936972,0.288804094530459,0.184473481936972,10,17,"D5",34.6297589815649,TRUE,5
-0.236461458326616,-1.04361602824305,1,0.432724814063557,0.277003042596349,0.0862068965517241,0.167201938246563,0.0862068965517241,10,17,"D6",36.7535123496539,TRUE,6
-0.28784295927278,-1.3022620656981,1,0.300912810827825,0.169420837267863,0.0472143531633617,0.0901569315167049,0.0472143531633617,10,17,"D7",24.0836374072483,TRUE,7
-0.0589637387351143,-0.259170942522737,1,0.8273502244902,0.738389802013489,0.550050436124132,0.646731447182405,0.550050436124132,10,18,"D0",43.1723689783409,TRUE,0
-0.127309434740112,-0.554757189515299,1,0.688820871593062,0.544959085514398,0.2835904803548,0.405994346434099,0.2835904803548,10,18,"D1",53.6801168677922,TRUE,1
-0.112001564657418,-0.513839643605681,1,0.587687923463898,0.463992846549769,0.290499869144203,0.36987533388999,0.290499869144203,10,18,"D3",19.5704587657801,TRUE,3
-0.163444359087123,-0.717318601362066,1,0.563388676032354,0.418869731800766,0.183908045977011,0.298865778750836,0.183908045977011,10,18,"D5",39.6091309527172,TRUE,5
-0.194620756092637,-0.872162860418971,1,0.474681785337113,0.319326329831582,0.130065032516258,0.209251451122387,0.130065032516258,10,18,"D6",27.8681202582414,TRUE,6
-0.236352913056351,-1.06015254279372,1,0.366988586479368,0.235001463271876,0.0790166812993854,0.146675585657148,0.0790166812993854,10,18,"D7",25.4399954987286,TRUE,7
-0.0569618292166011,-0.250016384082315,1,0.833818821183016,0.747569280428279,0.562116202172886,0.658323398639884,0.562116202172886,10,19,"D0",45.3360120442944,TRUE,0
-0.114708535585711,-0.503501238769677,1,0.700420540061974,0.562842380478088,0.316857569721116,0.431569851546196,0.316857569721116,10,19,"D1",44.1279728903896,TRUE,1
-0.11634998029208,-0.530139320652666,1,0.586657356492392,0.46249018067557,0.280178057083006,0.365829582247493,0.280178057083006,10,19,"D3",21.0976105396728,TRUE,3
-0.148170976724793,-0.665748065412571,1,0.567937084089534,0.420780399274047,0.214156079854809,0.300867110304497,0.214156079854809,10,19,"D5",27.0035348214341,TRUE,5
-0.191825757249791,-0.858705347781152,1,0.463907700025082,0.317795334838224,0.130925507900677,0.214661937009567,0.130925507900677,10,19,"D6",27.3502401154274,TRUE,6
-0.245182175698998,-1.10436204200247,1,0.368406045052752,0.229968634160251,0.076988879384089,0.134628701780113,0.076988879384089,10,19,"D7",25.5969200046695,TRUE,7
-0.0585204494656082,-0.257089774987483,1,0.82958152958153,0.741174734356553,0.553128689492326,0.649627068458237,0.553128689492326,10,20,"D0",43.8918216871603,TRUE,0
-0.129652714018569,-0.568108827765568,1,0.675856093854304,0.527978397034386,0.274830627636457,0.390051009538418,0.274830627636457,10,20,"D1",45.239935989518,TRUE,1
-0.10961837890434,-0.505196321984022,1,0.592857142857143,0.467219387755102,0.298469387755102,0.371993440233236,0.298469387755102,10,20,"D3",18.9158635701414,TRUE,3
-0.151390216787541,-0.6726136779458,1,0.56768473866238,0.426092357153295,0.20604997807979,0.308239911484103,0.20604997807979,10,20,"D5",32.0317033853371,TRUE,5
-0.205381705721713,-0.925112430871274,1,0.457463321816634,0.295966651644885,0.117169896349707,0.186001845533166,0.117169896349707,10,20,"D6",25.951674379685,TRUE,6
-0.2966804778593,-1.28432868215134,1,0.362507759155804,0.223075729360646,0.0465549348230912,0.126326446158848,0.0465549348230912,10,20,"D7",35.1245646925685,TRUE,7
-0.0574174420257345,-0.252863999881431,1,0.829010623775892,0.741582091914456,0.557896611074841,0.651821454242963,0.557896611074841,10,21,"D0",40.7998325579482,TRUE,0
-0.127650073309812,-0.558360561421247,1,0.680862890984115,0.535517285613495,0.280289910846001,0.398362710273428,0.280289910846001,10,21,"D1",48.6443116254232,TRUE,1
-0.119997304946809,-0.544131225713756,1,0.593900822063113,0.464936356404137,0.274463007159905,0.362276016213964,0.274463007159905,10,21,"D3",22.8393138221978,TRUE,3
-0.14675985345509,-0.658401225512503,1,0.568513719198651,0.422189312600271,0.214735283228434,0.305515887707669,0.214735283228434,10,21,"D5",27.443417909672,TRUE,5
-0.212019498591643,-0.941302591150562,1,0.458764253513657,0.30346062052506,0.109785202863962,0.193696253362124,0.109785202863962,10,21,"D6",32.499623797496,TRUE,6
-0.288818955589904,-1.29589226790091,1,0.321959755030621,0.185367454068241,0.0492125984251969,0.0972534683164605,0.0492125984251969,10,21,"D7",27.3862640139329,TRUE,7
-0.0566566519886081,-0.249978005020717,1,0.828918518518518,0.741669135802469,0.561185185185185,0.653218106995885,0.561185185185185,10,22,"D0",38.7164639309012,TRUE,0
-0.112024577328,-0.491759464857239,1,0.704707541100297,0.569263069278469,0.324627325366515,0.439710112618823,0.324627325366515,10,22,"D1",44.4103792275911,TRUE,1
-0.116044863679382,-0.530978543428964,1,0.584528973417862,0.458103937270604,0.28028028028028,0.360876749765639,0.28028028028028,10,22,"D3",20.3079078679774,TRUE,3
-0.153327052421265,-0.679413443206409,1,0.569359756097561,0.424510924796748,0.201981707317073,0.307479190863337,0.201981707317073,10,22,"D5",33.3264690889298,TRUE,5
-0.205225655703173,-0.928362331346824,1,0.443019240256537,0.284369347146851,0.113468179575728,0.179560066091887,0.113468179575728,10,22,"D6",24.1910342252471,TRUE,6
-0.30734834988146,-1.36294227033699,1,0.344785575048733,0.194170321637427,0.043859649122807,0.0945071010860485,0.043859649122807,10,22,"D7",34.2722804353509,TRUE,7
-0.0584371374655271,-0.25656564509595,1,0.829987720715219,0.741824754250143,0.553749778381892,0.650834925700477,0.553749778381892,10,23,"D0",44.8394030680915,TRUE,0
-0.128710442333833,-0.563610045245355,1,0.678413040872588,0.531146223322123,0.277301859255029,0.393685341810223,0.277301859255029,10,23,"D1",46.4601046357871,TRUE,1
-0.119448274524734,-0.545855374385249,1,0.583069556042529,0.453027351676,0.272705137570002,0.352736906790961,0.272705137570002,10,23,"D3",20.8454846480006,TRUE,3
-0.16166797646475,-0.718936845472975,1,0.557296310448775,0.405043943446695,0.187237294612151,0.283994759539276,0.187237294612151,10,23,"D5",32.1581767801122,TRUE,5
-0.215980656651899,-0.955370515576334,1,0.445452712240371,0.297791893526921,0.104355716878403,0.192147034252297,0.104355716878403,10,23,"D6",33.1985829562968,TRUE,6
-0.324332672427458,-1.38892178276709,1,0.353721588137743,0.213418203102136,0.0351185250219491,0.114832002452722,0.0351185250219491,10,23,"D7",26.5947919270981,TRUE,7
-0.0580307362085129,-0.254713900180182,1,0.831998101002908,0.744960734278876,0.557236959230906,0.653430204792142,0.557236959230906,10,24,"D0",45.285468199896,TRUE,0
-0.112682053107548,-0.494981378262305,1,0.702355695620232,0.566232054213269,0.322560711858123,0.436716366086693,0.322560711858123,10,24,"D1",43.4345046250297,TRUE,1
-0.110122987327237,-0.509095498273127,1,0.589345047023709,0.461923466801825,0.296502787633046,0.366284121352545,0.296502787633046,10,24,"D3",18.4322903957882,TRUE,3
-0.148309044908845,-0.66371848721077,1,0.566059027777778,0.42060546875,0.2109375,0.305090525793651,0.2109375,10,24,"D5",28.3719819686115,TRUE,5
-0.174898434429291,-0.805390674542111,1,0.461155873868497,0.308751119068935,0.152193375111907,0.209976410737378,0.152193375111907,10,24,"D6",19.5887596244756,TRUE,6
-0.259744670249601,-1.14103139031945,1,0.360682208093652,0.234635180139267,0.0635785649409628,0.143592405172787,0.0635785649409628,10,24,"D7",30.1520537511046,TRUE,7
-0.056935494694938,-0.251033480991041,1,0.829533457919412,0.741816661748795,0.560047211566834,0.652711620696277,0.560047211566834,10,25,"D0",39.3975554157657,TRUE,0
-0.126123154520465,-0.55304742337899,1,0.678010095795331,0.532954741008432,0.282653588022716,0.398484811236489,0.282653588022716,10,25,"D1",45.6422642546919,TRUE,1
-0.124617389817755,-0.569673645132072,1,0.572508368426736,0.437196307094266,0.257531584062196,0.336597791043855,0.257531584062196,10,25,"D3",20.7781869200294,TRUE,3
-0.178937547622072,-0.782799585211532,1,0.54814253222138,0.396133434420015,0.159211523881729,0.271926182654007,0.159211523881729,10,25,"D5",45.0204603968938,TRUE,5
-0.187915084521208,-0.859578058493697,1,0.453217732363111,0.297801517262734,0.134695773339526,0.194431542550446,0.134695773339526,10,25,"D6",21.1458735830457,TRUE,6
-0.30421380571013,-1.34343791978243,1,0.348950562021287,0.199492688749627,0.044762757385855,0.100680678120248,0.044762757385855,10,25,"D7",37.9140427292103,TRUE,7
-0.0583352996129806,-0.256069343064437,1,0.83164625100109,0.743668517862066,0.555358619874749,0.651791458243071,0.555358619874749,10,26,"D0",45.0500523363411,TRUE,0
-0.127192141472385,-0.557413379752572,1,0.6781320861678,0.531855867346939,0.279974489795918,0.396273688046647,0.279974489795918,10,26,"D1",46.1462135065701,TRUE,1
-0.118533989295575,-0.544543020004463,1,0.580761064837498,0.44802384452066,0.27437530622244,0.348520022086901,0.27437530622244,10,26,"D3",19.7773106173927,TRUE,3
-0.157844501870801,-0.70377385107488,1,0.548070525615436,0.402133233532934,0.190868263473054,0.287861776447106,0.190868263473054,10,26,"D5",29.861427787573,TRUE,5
-0.191905791621362,-0.86868988338295,1,0.464740866610026,0.306959784763523,0.131690739167375,0.201025609904115,0.131690739167375,10,26,"D6",24.080699914673,TRUE,6
-0.286956938852757,-1.27479653430994,1,0.332990044627532,0.200995537246825,0.0514933058702369,0.108503751655142,0.0514933058702369,10,26,"D7",31.6932703452184,TRUE,7
-0.0567730546830401,-0.250323248460927,1,0.830852823056934,0.743414835813844,0.562248995983936,0.653901788292292,0.562248995983936,10,27,"D0",39.4689069832939,TRUE,0
-0.130622717011895,-0.571542907925221,1,0.676587809946765,0.528589119480741,0.272867025365104,0.38968802996474,0.272867025365104,10,27,"D1",47.0290216973595,TRUE,1
-0.113012869094854,-0.514459494998033,1,0.598578941479244,0.476292379993286,0.292044310171198,0.377983183874423,0.292044310171198,10,27,"D3",21.4612301857546,TRUE,3
-0.162825227121833,-0.720415873472819,1,0.557358656889851,0.406839764394759,0.183916336098089,0.288181386270099,0.183916336098089,10,27,"D5",34.6090583438645,TRUE,5
-0.18531488524767,-0.836611666553437,1,0.471932439145554,0.319754926312303,0.139095876800795,0.214636608079231,0.139095876800795,10,27,"D6",24.6556237443733,TRUE,6
-0.295706386257644,-1.32632628426199,1,0.317073170731707,0.179956222639149,0.0469043151969981,0.0932874713362518,0.0469043151969981,10,27,"D7",27.4864253373679,TRUE,7
-0.0561440377764675,-0.247844063685737,1,0.829724799746213,0.743224085970339,0.564477753985249,0.655342555770821,0.564477753985249,10,28,"D0",38.3009312072567,TRUE,0
-0.109054454706157,-0.479244115849735,1,0.708973393829647,0.575240594925634,0.333882683269243,0.447722619943825,0.333882683269243,10,28,"D1",43.0702384827256,TRUE,1
-0.119649709437651,-0.546298984406718,1,0.578731571141935,0.449162522899764,0.269562941638315,0.352687528819431,0.269562941638315,10,28,"D3",20.686435828211,TRUE,3
-0.160642644254186,-0.721305802174748,1,0.52900534480511,0.38381566940425,0.183809151349237,0.271570106337412,0.183809151349237,10,28,"D5",26.8054569790856,TRUE,5
-0.203023089284302,-0.917839451434727,1,0.44818450989559,0.289582359357955,0.116877045348294,0.184090622379542,0.116877045348294,10,28,"D6",24.4639666226273,TRUE,6
-0.293368268595889,-1.29447903622258,1,0.320852359208524,0.191628614916286,0.045662100456621,0.108356889178807,0.045662100456621,10,28,"D7",31.7842529695591,TRUE,7
-0.0580942717630694,-0.255640123692952,1,0.829575366114623,0.74120734132845,0.555325810834761,0.649729792076339,0.555325810834761,10,29,"D0",41.6833080878277,TRUE,0
-0.131703790513319,-0.574343399092311,1,0.681715893108298,0.533670886075949,0.271518987341772,0.392131303998393,0.271518987341772,10,29,"D1",50.7455828546914,TRUE,1
-0.110396199807193,-0.509416047875606,1,0.58763097218574,0.460927239296034,0.294194904123982,0.367368381552779,0.294194904123982,10,29,"D3",18.5825828408198,TRUE,3
-0.170079293241089,-0.74675720471338,1,0.555007760430932,0.40533415502602,0.172555464256368,0.284233934603696,0.172555464256368,10,29,"D5",40.4374070963971,TRUE,5
-0.194898963429227,-0.87733976067175,1,0.461684011352886,0.309129612109745,0.127719962157048,0.202467300385938,0.127719962157048,10,29,"D6",25.9016862765634,TRUE,6
-0.276942389015965,-1.22867342579507,1,0.342990749212158,0.20806648368405,0.0548947849954254,0.117341233535195,0.0548947849954254,10,29,"D7",31.5703848524785,TRUE,7
-0.0574361825619174,-0.252502474486319,1,0.831894342598068,0.744643209146462,0.559432288586635,0.654158805252832,0.559432288586635,10,30,"D0",42.988517209092,TRUE,0
-0.129956139930715,-0.568955557959121,1,0.675870125799604,0.528016412360559,0.273753045262213,0.390371069143989,0.273753045262213,10,30,"D1",46.9132997265832,TRUE,1
-0.121537875168419,-0.557066286934318,1,0.567842862563115,0.437439803870064,0.26267402153927,0.341455380856484,0.26267402153927,10,30,"D3",19.8849624991227,TRUE,3
-0.162930428983655,-0.722714258399604,1,0.552882779686903,0.402570955835561,0.183276059564719,0.284156681636636,0.183276059564719,10,30,"D5",33.0997975069476,TRUE,5
-0.232251873588817,-1.02620748678469,1,0.446580218662599,0.284210526315789,0.091533180778032,0.172296683738331,0.091533180778032,10,30,"D6",36.7982412132126,TRUE,6
-0.267724586928746,-1.18288556468565,1,0.344359626802375,0.214535623409669,0.0572519083969466,0.128589603780443,0.0572519083969466,10,30,"D7",29.0657612387891,TRUE,7
-0.0587637181624719,-0.257976513921958,1,0.829140151440524,0.74060720688772,0.551451031384834,0.649143397532782,0.551451031384834,10,31,"D0",44.8418835461704,TRUE,0
-0.130198749459039,-0.57099453067157,1,0.673581522128972,0.525026899074672,0.273079406068431,0.387131482676996,0.273079406068431,10,31,"D1",44.0023430367221,TRUE,1
-0.116135730951595,-0.533766907214744,1,0.578591484728669,0.450511432009627,0.278494069107788,0.354492579221821,0.278494069107788,10,31,"D3",19.4120062210127,TRUE,3
-0.15200965104836,-0.678901314052117,1,0.559139784946237,0.41410352588147,0.202550637659415,0.298780052155896,0.202550637659415,10,31,"D5",29.1581422785267,TRUE,5
-0.236003277735028,-1.05445820233405,1,0.42016711833785,0.260670731707317,0.0863821138211382,0.153790005161956,0.0863821138211382,10,31,"D6",29.5953297976771,TRUE,6
-0.278324114760114,-1.26904868166686,1,0.304135525660189,0.17473841554559,0.0538116591928251,0.0920706100078297,0.0538116591928251,10,31,"D7",21.8458198351848,TRUE,7
-0.0586572797672082,-0.258058756526703,1,0.82646513805633,0.737531406413833,0.550774526678141,0.646953283459901,0.550774526678141,10,32,"D0",41.9102239432967,TRUE,0
-0.116159347971994,-0.509577206989744,1,0.698585583541336,0.559713884935124,0.312519339068012,0.427986467809477,0.312519339068012,10,32,"D1",44.8927823293869,TRUE,1
-0.110177815415712,-0.507930712098386,1,0.586279790345467,0.461862566240987,0.294500912170967,0.369222400105903,0.294500912170967,10,32,"D3",18.6590719361616,TRUE,3
-0.153228813950845,-0.681433083237684,1,0.565672022443254,0.420874776842642,0.202754399387911,0.302871594952697,0.202754399387911,10,32,"D5",31.7089458720476,TRUE,5
-0.220551237727241,-0.979551527301741,1,0.459835547122075,0.298940543959519,0.104364326375712,0.182336375410379,0.104364326375712,10,32,"D6",33.3425891235694,TRUE,6
-0.265545106756358,-1.1683809467787,1,0.370502527505204,0.232827832292596,0.0624442462087422,0.137349022273197,0.0624442462087422,10,32,"D7",34.6107020705287,TRUE,7
-0.0587436743788339,-0.25749380580728,1,0.831153334251228,0.743184634448575,0.552900218327728,0.651414634420476,0.552900218327728,10,33,"D0",47.4749435859013,TRUE,0
-0.127474808630535,-0.556684246541928,1,0.68457790621379,0.539373665033296,0.281442392260334,0.401539536952277,0.281442392260334,10,33,"D1",51.1779690029541,TRUE,1
-0.105072620992391,-0.485891898386117,1,0.595560434199293,0.473998353457739,0.310098792535675,0.382145906295193,0.310098792535675,10,33,"D3",18.1104954632564,TRUE,3
-0.165356174456632,-0.727897461759738,1,0.561590074692999,0.414103051019116,0.182301557159134,0.291100742107199,0.182301557159134,10,33,"D5",39.6885955870261,TRUE,5
-0.204355648903611,-0.922502468030535,1,0.45283414608568,0.294714487966022,0.117980179329873,0.184835614283467,0.117980179329873,10,33,"D6",25.1675685571543,TRUE,6
-0.311861977468807,-1.33690043178207,1,0.372263442337639,0.227947238252267,0.0412201154163232,0.125001635718866,0.0412201154163232,10,33,"D7",29.7230204930431,TRUE,7
-0.0583616454449924,-0.25646005370778,1,0.83080524159878,0.742435449829378,0.55506242972957,0.650416526947683,0.55506242972957,10,34,"D0",43.4571302341744,TRUE,0
-0.131608000111578,-0.574288767758546,1,0.680773548537417,0.53304314672428,0.271970515346,0.391575409685596,0.271970515346,10,34,"D1",49.4670417064833,TRUE,1
-0.108831229383231,-0.498469965279114,1,0.603414075377867,0.480659626183891,0.30424943424692,0.383534689544245,0.30424943424692,10,34,"D3",20.196727614823,TRUE,3
-0.157316471682158,-0.703061209438444,1,0.55949091518044,0.408063300678222,0.195930670685757,0.287077905766677,0.195930670685757,10,34,"D5",29.5079304090682,TRUE,5
-0.19395866989373,-0.879175186228027,1,0.467732753713192,0.306241266884024,0.130414531904984,0.196083867485824,0.130414531904984,10,34,"D6",23.7391902394576,TRUE,6
-0.27094928671027,-1.19844316137655,1,0.387827317763624,0.238550197148923,0.0636942675159236,0.127930152952901,0.0636942675159236,10,34,"D7",36.1117417179357,TRUE,7
-0.0580362607745156,-0.255308846630232,1,0.829967324121098,0.741762135349002,0.555686783984882,0.650342318731359,0.555686783984882,10,35,"D0",42.0526693208034,TRUE,0
-0.12701899006801,-0.555497735320777,1,0.681966565842446,0.53697886921759,0.281743765467352,0.400373382002927,0.281743765467352,10,35,"D1",49.3177287824841,TRUE,1
-0.109389912033015,-0.50480471074066,1,0.587409625797864,0.463018422724385,0.296760141573645,0.370431592184927,0.296760141573645,10,35,"D3",18.4942671523072,TRUE,3
-0.151251643705315,-0.675637942328586,1,0.567687416331995,0.420776857429719,0.207078313253012,0.301115174985657,0.207078313253012,10,35,"D5",29.5877893560372,TRUE,5
-0.195929675861048,-0.885980626132541,1,0.460263286201853,0.303632374451487,0.126767430521697,0.195200947273107,0.126767430521697,10,35,"D6",24.4694365684324,TRUE,6
-0.278134372069611,-1.23494987026837,1,0.338410674223639,0.204215373715905,0.053134962805526,0.114619705480492,0.053134962805526,10,35,"D7",30.7413893927605,TRUE,7
-0.059229204871668,-0.259118166631226,1,0.831631915704282,0.743752709786764,0.551022821331441,0.651632159702397,0.551022821331441,10,36,"D0",51.376892058824,TRUE,0
-0.114532548466208,-0.503134263716482,1,0.697916884456432,0.560407911518117,0.316126199586025,0.430516851203046,0.316126199586025,10,36,"D1",43.473321180306,TRUE,1
-0.113687928191059,-0.523844650387073,1,0.581526529173277,0.454521417239556,0.285563194077208,0.358947562807954,0.285563194077208,10,36,"D3",18.9568959266814,TRUE,3
-0.159631559616529,-0.705738981851171,1,0.552300442112423,0.411164553272118,0.188019239177962,0.295597615230322,0.188019239177962,10,36,"D5",33.6908300600744,TRUE,5
-0.183066945643862,-0.844750699619105,1,0.454457215836526,0.297509578544061,0.142528735632184,0.19341361065499,0.142528735632184,10,36,"D6",19.254867357201,TRUE,6
-0.201558435944383,-0.927862141734844,1,0.366730892742453,0.244299935773924,0.10597302504817,0.162323760589657,0.10597302504817,10,36,"D7",18.6637580282732,TRUE,7
-0.0583369427865088,-0.255929225019116,1,0.831425550498782,0.743577240577654,0.554997340268337,0.652394180675994,0.554997340268337,10,37,"D0",46.0462150111087,TRUE,0
-0.127963457303437,-0.562162462093872,1,0.673579860431749,0.526283180069132,0.277832126785365,0.390466562937704,0.277832126785365,10,37,"D1",42.4174822431264,TRUE,1
-0.107350052168905,-0.494894198564067,1,0.59249033683048,0.471171544266519,0.303699613473219,0.37862752316093,0.303699613473219,10,37,"D3",18.6368976262885,TRUE,3
-0.170596603768368,-0.748091001187908,1,0.555256295156257,0.408682826728229,0.173143516737207,0.285549387126917,0.173143516737207,10,37,"D5",42.6466071630087,TRUE,5
-0.20142527889991,-0.906059024040773,1,0.462944825334639,0.304929807378387,0.122428991185113,0.194001368095394,0.122428991185113,10,37,"D6",26.5138714146269,TRUE,6
-0.268944497434263,-1.1937548100443,1,0.352574985851726,0.215690435766836,0.0594227504244482,0.124437437680222,0.0594227504244482,10,37,"D7",31.1526542275173,TRUE,7
-0.0585311297524543,-0.257549829477299,1,0.826679874525343,0.737959385834572,0.551560178306092,0.64736668317649,0.551560178306092,10,38,"D0",41.7316901077752,TRUE,0
-0.130560657506106,-0.568905181935263,1,0.682264404784428,0.535641462235396,0.27369615942486,0.396407475142419,0.27369615942486,10,38,"D1",55.1201263962236,TRUE,1
-0.112216734769178,-0.515523606856726,1,0.588374251244411,0.463152788323631,0.291065553024551,0.367869496571091,0.291065553024551,10,38,"D3",19.4790008954853,TRUE,3
-0.172926254779452,-0.767586259558747,1,0.533950617283951,0.382903439153439,0.166666666666667,0.262629125724364,0.166666666666667,10,38,"D5",33.2257803163433,TRUE,5
-0.196677537394997,-0.892658034426899,1,0.441733145628031,0.288831534490849,0.12200844673862,0.188841217700908,0.12200844673862,10,38,"D6",23.0098645576063,TRUE,6
-0.231929336959241,-1.03241403457978,1,0.396246534442312,0.260716570697377,0.0863723608445297,0.161624470645584,0.0863723608445297,10,38,"D7",29.4102663824547,TRUE,7
-0.0578135360646694,-0.254454271653512,1,0.828749802434013,0.740862573099415,0.555950687529635,0.650674170411012,0.555950687529635,10,39,"D0",41.508557492554,TRUE,0
-0.127374117206175,-0.556585192720662,1,0.682580926829612,0.537328094302554,0.280752899423284,0.400565046772031,0.280752899423284,10,39,"D1",51.0057680619106,TRUE,1
-0.113344934366891,-0.515591332042713,1,0.601486071664228,0.477171012995955,0.291763490833979,0.378167533473498,0.291763490833979,10,39,"D3",21.7414514381951,TRUE,3
-0.15189833859897,-0.670297206295524,1,0.580070546737213,0.437169312169312,0.206349206349206,0.316893424036281,0.206349206349206,10,39,"D5",36.3313703061456,TRUE,5
-0.175167596065277,-0.800473215451697,1,0.466230936819172,0.315891472868217,0.150478796169631,0.217702067907266,0.150478796169631,10,39,"D6",21.0651233952734,TRUE,6
-0.314894328288442,-1.34835037747736,1,0.368989205103042,0.225547922800131,0.0392541707556428,0.122786111500537,0.0392541707556428,10,39,"D7",27.4892106646351,TRUE,7
-0.0583720569612239,-0.256909135873023,1,0.82717585187818,0.738571964536066,0.552692376044073,0.647960090380563,0.552692376044073,10,40,"D0",41.5016046541261,TRUE,0
-0.130443253382056,-0.572050208113248,1,0.672694394213382,0.52373417721519,0.271893567553604,0.386258933953328,0.271893567553604,10,40,"D1",44.3544915700674,TRUE,1
-0.110038627386273,-0.503625705559751,1,0.597831545983633,0.474962332712931,0.297793140122308,0.379500554985798,0.297793140122308,10,40,"D3",20.0929905000776,TRUE,3
-0.16583066594141,-0.737040529569833,1,0.544330071588935,0.395126445545813,0.179184140297369,0.275841306150113,0.179184140297369,10,40,"D5",32.3608534136723,TRUE,5
-0.214926121649939,-0.961689531112909,1,0.450110487846337,0.29032806391297,0.107088220295767,0.180139708441595,0.107088220295767,10,40,"D6",28.8349645858523,TRUE,6
-0.303360386566913,-1.35291279792043,1,0.324681933842239,0.185178117048346,0.0458015267175573,0.0936932024718284,0.0458015267175573,10,40,"D7",29.8154551035473,TRUE,7
-0.0579658876006941,-0.252554721391885,1,0.837081828281014,0.751970703865573,0.55798359576124,0.662244402440774,0.55798359576124,10,41,"D0",62.3452444476565,TRUE,0
-0.130670213180958,-0.571826685332994,1,0.676653862569356,0.52836641058472,0.272727272727273,0.389302989655102,0.272727272727273,10,41,"D1",46.7216560960989,TRUE,1
-0.121076748252672,-0.552764220415138,1,0.577688013689023,0.448308507952537,0.267609189598586,0.349038041539935,0.267609189598586,10,41,"D3",20.965292848989,TRUE,3
-0.164378234939381,-0.726930476216054,1,0.5481057508858,0.401914690651404,0.17988552739166,0.285094550221288,0.17988552739166,10,41,"D5",34.246307189472,TRUE,5
-0.200801898773301,-0.902173774538852,1,0.459460973833137,0.303916624642797,0.121028744326778,0.195230891146171,0.121028744326778,10,41,"D6",26.7467127936604,TRUE,6
-0.270566612756893,-1.18535315191817,1,0.374180251077384,0.234822934232715,0.0590219224283305,0.136312535132097,0.0590219224283305,10,41,"D7",36.2845640515139,TRUE,7
-0.0560919513506856,-0.248265889787361,1,0.827969553535474,0.740622462519557,0.563840532351019,0.652379443449493,0.563840532351019,10,42,"D0",35.8604348324781,TRUE,0
-0.127330052699085,-0.557431546658085,1,0.680054400952017,0.534202473543287,0.280504908835905,0.397784193366241,0.280504908835905,10,42,"D1",47.5113223056306,TRUE,1
-0.113114023960801,-0.518769104709127,1,0.591115655532833,0.463978357191547,0.288854805725971,0.367104067257441,0.288854805725971,10,42,"D3",19.8710948928765,TRUE,3
-0.153746113214601,-0.682877291951807,1,0.564304129157686,0.421040953467732,0.201597565614302,0.303452939436203,0.201597565614302,10,42,"D5",32.2860469361606,TRUE,5
-0.233290827590831,-1.04071525441434,1,0.421467764060357,0.262431412894376,0.0874485596707819,0.158444379123391,0.0874485596707819,10,42,"D6",29.9658004281009,TRUE,6
-0.2897947699933,-1.31048310162424,1,0.302746566791511,0.170568039950062,0.0468164794007491,0.0891370905415849,0.0468164794007491,10,42,"D7",24.3525999301747,TRUE,7
-0.057569075418333,-0.253600158951297,1,0.829892303651169,0.741907998423956,0.557919621749409,0.650964857968404,0.557919621749409,10,43,"D0",40.4253032503408,TRUE,0
-0.128536373460888,-0.562014851911658,1,0.679606404459233,0.533646873133692,0.277706680317379,0.396353106552748,0.277706680317379,10,43,"D1",49.5045565184886,TRUE,1
-0.116871009146121,-0.53411411005989,1,0.584786411602054,0.458460301337396,0.279329608938547,0.360508516933098,0.279329608938547,10,43,"D3",20.6565913759879,TRUE,3
-0.179220635529501,-0.786506160024837,1,0.546696472925981,0.393722056631893,0.160208643815201,0.267576230690985,0.160208643815201,10,43,"D5",44.2805607289929,TRUE,5
-0.18263440625235,-0.829448925221745,1,0.462521427458314,0.311788997974131,0.140252454417952,0.211343381048851,0.140252454417952,10,43,"D6",22.6300966990218,TRUE,6
-0.280064776623939,-1.26082069472747,1,0.347014925373134,0.198072139303483,0.0559701492537313,0.102204750059228,0.0559701492537313,10,43,"D7",26.0967006014438,TRUE,7
-0.0556508637806562,-0.243098109092313,1,0.84146421235789,0.757825071627615,0.570469798657718,0.670106007001097,0.570469798657718,10,44,"D0",54.2718118789496,TRUE,0
-0.128214075421559,-0.559397568639626,1,0.685284759562614,0.539889958734525,0.280105039389771,0.401058134895824,0.280105039389771,10,44,"D1",52.1097337118298,TRUE,1
-0.117180805892313,-0.536319371195852,1,0.582352110687562,0.454066073697586,0.27700127064803,0.357142857142857,0.27700127064803,10,44,"D3",20.2710303251882,TRUE,3
-0.1514316474281,-0.675765133361715,1,0.571510815034131,0.422742413027387,0.207253886010363,0.302406800371271,0.207253886010363,10,44,"D5",30.168895600813,TRUE,5
-0.185724445752543,-0.842707424782629,1,0.475797336478451,0.318516880436385,0.141530296329058,0.208925675533371,0.141530296329058,10,44,"D6",23.4305209339945,TRUE,6
-0.306197749867232,-1.34072061347468,1,0.33079311318092,0.197219870166526,0.0423370025402202,0.106917731811889,0.0423370025402202,10,44,"D7",38.3653319995615,TRUE,7
-0.0564734036398152,-0.249066547598636,1,0.831711129500466,0.744473342002601,0.563896441659771,0.655019918674015,0.563896441659771,10,45,"D0",39.158274408406,TRUE,0
-0.115553822678512,-0.506863370296324,1,0.699966315384245,0.561591288745901,0.314298088226196,0.42995760452297,0.314298088226196,10,45,"D1",45.0890866608136,TRUE,1
-0.110435554827009,-0.507078951000992,1,0.596291504959034,0.471194480379474,0.297542043984476,0.374463541345818,0.297542043984476,10,45,"D3",19.6708182654432,TRUE,3
-0.171609674277141,-0.749418319971031,1,0.556713445417072,0.411143532027234,0.170904543559817,0.289389758960413,0.170904543559817,10,45,"D5",43.3423291941182,TRUE,5
-0.229472204820559,-1.02875059494842,1,0.425652346182147,0.264518593988793,0.0916963830871116,0.157961979154032,0.0916963830871116,10,45,"D6",27.9245344765888,TRUE,6
-0.29418614131238,-1.28412720263776,1,0.353756185335133,0.215452091767881,0.048582995951417,0.120461409935094,0.048582995951417,10,45,"D7",39.7646954717347,TRUE,7
-0.0566893307995066,-0.249928406450036,1,0.830307917215699,0.743067437606938,0.561685055165496,0.654079418460798,0.561685055165496,10,46,"D0",39.5332390923955,TRUE,0
-0.110600576277858,-0.484849836505422,1,0.708352021746517,0.574622833843017,0.329051987767584,0.446281733896413,0.329051987767584,10,46,"D1",46.8923192491015,TRUE,1
-0.122988518512462,-0.561854814962888,1,0.571308016877637,0.440379746835443,0.260759493670886,0.341942937512558,0.260759493670886,10,46,"D3",20.7175262605167,TRUE,3
-0.162155207166906,-0.714775195723026,1,0.55450643776824,0.411802575107296,0.184549356223176,0.294774848422917,0.184549356223176,10,46,"D5",35.8564496018326,TRUE,5
-0.210250953645058,-0.945824945902307,1,0.450625459896983,0.28719646799117,0.11037527593819,0.17989417989418,0.11037527593819,10,46,"D6",26.3203945598369,TRUE,6
-0.248333304384626,-1.1300330388367,1,0.347445835817929,0.208929636255218,0.0715563506261181,0.119863986143056,0.0715563506261181,10,46,"D7",22.4495841810727,TRUE,7
-0.0569363353506481,-0.250554841959747,1,0.831400195611219,0.744495972903251,0.56123353222662,0.655208500367123,0.56123353222662,10,47,"D0",41.7170325167768,TRUE,0
-0.127931004017878,-0.558658291306957,1,0.684448890000278,0.538744061015254,0.280695173793448,0.400509353528858,0.280695173793448,10,47,"D1",50.6384558643011,TRUE,1
-0.105969270728944,-0.487506963796767,1,0.607879818594104,0.485140306122449,0.313775510204082,0.387532393909945,0.313775510204082,10,47,"D3",19.4258374568016,TRUE,3
-0.147275654359013,-0.662608581374062,1,0.558912511915123,0.414459778689544,0.212607236105931,0.300364706369928,0.212607236105931,10,47,"D5",26.2120535787403,TRUE,5
-0.203828031977351,-0.920472275886312,1,0.451550054438141,0.293880006876397,0.118617844249613,0.185212472473947,0.118617844249613,10,47,"D6",25.0152514985041,TRUE,6
-0.235807500327137,-1.06506055628848,1,0.403055555555556,0.252708333333333,0.0875,0.142162698412698,0.0875,10,47,"D7",24.818927764676,TRUE,7
-0.0580533556137277,-0.255364352033102,1,0.829734792467712,0.741570541259982,0.555456965394854,0.650328868607484,0.555456965394854,10,48,"D0",42.1747992338744,TRUE,0
-0.130917567400197,-0.571022498098867,1,0.681976809636384,0.53489636102668,0.273556231003039,0.394114058152812,0.273556231003039,10,48,"D1",50.9621673136156,TRUE,1
-0.106532039900967,-0.4918759546698,1,0.596557628187799,0.474407497521853,0.308191403081914,0.380025489514541,0.308191403081914,10,48,"D3",18.5623496371025,TRUE,3
-0.152733352545201,-0.678904349245742,1,0.571543086172345,0.424916499665999,0.204408817635271,0.304656932913446,0.204408817635271,10,48,"D5",32.2116492732906,TRUE,5
-0.26958305611376,-1.17204643480024,1,0.415384615384615,0.255168269230769,0.0625,0.147702991452991,0.0625,10,48,"D6",43.3949508258769,TRUE,6
-0.270230979248782,-1.19606184293205,1,0.349082220049962,0.216845878136201,0.0586510263929619,0.126068674455771,0.0586510263929619,10,48,"D7",31.6874838067851,TRUE,7
-0.0581166811371537,-0.256417294768867,1,0.827019601627305,0.73804782849897,0.554564907275321,0.646485274249183,0.554564907275321,10,49,"D0",38.734047882052,TRUE,0
-0.128604908928489,-0.563827397818356,1,0.676458884056735,0.528976933572099,0.276925044768483,0.391899340959203,0.276925044768483,10,49,"D1",44.846523373074,TRUE,1
-0.108173132293205,-0.498788657884164,1,0.594235164900407,0.469298245614035,0.301896874165108,0.375908044222231,0.301896874165108,10,49,"D3",18.7107842899555,TRUE,3
-0.17036907027117,-0.748197173348146,1,0.548953613807983,0.402362459546926,0.170873786407767,0.282740021574973,0.170873786407767,10,49,"D5",38.9925929886512,TRUE,5
-0.203739618008247,-0.899618125972116,1,0.47993698452414,0.326939115929942,0.1209341117598,0.214216211922634,0.1209341117598,10,49,"D6",35.8699584592706,TRUE,6
-0.357790763164408,-1.53985823292218,1,0.309641873278237,0.173760330578512,0.0247933884297521,0.0873999737636101,0.0247933884297521,10,49,"D7",31.0711229958659,TRUE,7
-0.0565628996519408,-0.249504813522832,1,0.829631397190903,0.742811549245362,0.5625484698443,0.654230452745038,0.5625484698443,10,50,"D0",39.0741739581314,TRUE,0
-0.127716257162651,-0.558164090176926,1,0.68082788671024,0.535544520838638,0.27947542653425,0.399275871964948,0.27947542653425,10,50,"D1",51.1805980163473,TRUE,1
-0.11864788015859,-0.540701237106408,1,0.592753623188406,0.462600644122383,0.277777777777778,0.359510390307492,0.277777777777778,10,50,"D3",21.6794818731123,TRUE,3
-0.140501465787504,-0.633548625705537,1,0.566313730492835,0.425245567036612,0.225794106391121,0.31352699263147,0.225794106391121,10,50,"D5",25.2090841892037,TRUE,5
-0.210700640193725,-0.951551229790945,1,0.43743842364532,0.278694581280788,0.108374384236453,0.174075377277348,0.108374384236453,10,50,"D6",24.854765649196,TRUE,6
-0.270711455787948,-1.22861952602207,1,0.326947637292465,0.188888888888889,0.0574712643678161,0.101258894362343,0.0574712643678161,10,50,"D7",23.3144747508781,TRUE,7
-0.0583073797252862,-0.256180085620217,1,0.830078991451973,0.742640486264227,0.555390024432394,0.650944047642695,0.555390024432394,10,51,"D0",43.8703536986078,TRUE,0
-0.12908075508207,-0.565547036895996,1,0.678220976169237,0.530887600356824,0.277175990824519,0.392066728564753,0.277175990824519,10,51,"D1",44.6854131630844,TRUE,1
-0.111952637112594,-0.512392312198647,1,0.589922549106223,0.467687074829932,0.291545189504373,0.373444987147611,0.291545189504373,10,51,"D3",20.0164976813635,TRUE,3
-0.153598370559945,-0.691525994559742,1,0.54777990227321,0.398597833014659,0.198852772466539,0.284196788976904,0.198852772466539,10,51,"D5",25.9939366343296,TRUE,5
-0.18833427022218,-0.847551298744123,1,0.467477074002986,0.317538387715931,0.134357005758157,0.212960424092862,0.134357005758157,10,51,"D6",25.5383402378761,TRUE,6
-0.329333500389411,-1.42877383167569,1,0.338521781693588,0.197136563876652,0.0352422907488987,0.0996084189916789,0.0352422907488987,10,51,"D7",48.0489976505947,TRUE,7
-0.0570327007217254,-0.250219899114735,1,0.833467755155569,0.747201731090784,0.561227500737681,0.658306285039835,0.561227500737681,10,52,"D0",45.8800437586486,TRUE,0
-0.129717044707614,-0.569008097069726,1,0.673111411198994,0.524382140483999,0.273294321908559,0.387756414378497,0.273294321908559,10,52,"D1",44.3109940510195,TRUE,1
-0.117012377408927,-0.533217000273924,1,0.58374524430065,0.459647703783589,0.277702884874629,0.363433861007331,0.277702884874629,10,52,"D3",21.0058305219782,TRUE,3
-0.14622198742483,-0.653269338975671,1,0.567478831864524,0.424669517884914,0.213841368584759,0.312029425559752,0.213841368584759,10,52,"D5",28.6215050228889,TRUE,5
-0.196802431617049,-0.894805720193091,1,0.442523866011411,0.287917302152178,0.122013218098627,0.18632838663342,0.122013218098627,10,52,"D6",22.5801502036738,TRUE,6
-0.306217882121888,-1.36129721376038,1,0.33117350611951,0.186915046796256,0.0431965442764579,0.0928639994514725,0.0431965442764579,10,52,"D7",32.5835073143283,TRUE,7
-0.0583729596413368,-0.257168829711451,1,0.827509465020576,0.738656790123457,0.553481481481481,0.647033509700176,0.553481481481481,10,53,"D0",40.3430537367048,TRUE,0
-0.129697885889147,-0.564241792798616,1,0.687244085729977,0.542002961479906,0.277169492585872,0.401632091239799,0.277169492585872,10,53,"D1",56.2336358589954,TRUE,1
-0.113494711896202,-0.520246853413682,1,0.586377158278897,0.461703008556445,0.287054926856196,0.366606206379875,0.287054926856196,10,53,"D3",19.8352721917402,TRUE,3
-0.151137628529371,-0.677629866416425,1,0.556968529222864,0.410500963391137,0.204238921001927,0.295501116310365,0.204238921001927,10,53,"D5",27.5571934648742,TRUE,5
-0.19052934693927,-0.862867521827651,1,0.461021723820359,0.306029579067122,0.131643100926377,0.201740536942877,0.131643100926377,10,53,"D6",23.752151174799,TRUE,6
-0.330052259658848,-1.41495082821661,1,0.383819573763708,0.225481067659839,0.037243947858473,0.112507759155804,0.037243947858473,10,53,"D7",37.4918770890498,TRUE,7
-0.0579503630710773,-0.25322683450778,1,0.837133316342868,0.75126448273834,0.559313062400753,0.659218401234516,0.559313062400753,10,54,"D0",53.7740205011455,TRUE,0
-0.127439923359577,-0.560074879151184,1,0.674392124645076,0.527462489730618,0.279543390841873,0.391492524713435,0.279543390841873,10,54,"D1",41.8006599394764,TRUE,1
-0.115570869594694,-0.529046805546581,1,0.589707073245651,0.462218312808914,0.283990952500628,0.362408597517921,0.283990952500628,10,54,"D3",20.4580029647286,TRUE,3
-0.171065248967972,-0.753740053379776,1,0.55160744500846,0.400299362228296,0.171807887543928,0.277529858748133,0.171807887543928,10,54,"D5",38.9740325268341,TRUE,5
-0.217474657724273,-0.964939747101471,1,0.458452722063037,0.299068767908309,0.105062082139446,0.186777034914571,0.105062082139446,10,54,"D6",33.4477616953751,TRUE,6
-0.227833804529624,-1.02391836120832,1,0.41650913673598,0.266855702583491,0.0945179584120983,0.157754973444955,0.0945179584120983,10,54,"D7",26.852375621422,TRUE,7
-0.0578725931178286,-0.255065844293451,1,0.82849124471323,0.740118186489585,0.55614846436618,0.648966926981868,0.55614846436618,10,55,"D0",39.8942115297646,TRUE,0
-0.129138172810991,-0.566220571452239,1,0.675447354817695,0.527202430267882,0.275317060735453,0.390201945711473,0.275317060735453,10,55,"D1",44.7216429846765,TRUE,1
-0.123612717373266,-0.560790851705918,1,0.578542094455852,0.450526180698152,0.261806981519507,0.350155633779864,0.261806981519507,10,55,"D3",22.4072113764178,TRUE,3
-0.174424972569046,-0.772044386818386,1,0.536016567621106,0.385838735818476,0.16612641815235,0.264625299066142,0.16612641815235,10,55,"D5",35.4145241354923,TRUE,5
-0.197080954230655,-0.88896852838677,1,0.460485509571169,0.304379210779596,0.12512030798845,0.196254793223032,0.12512030798845,10,55,"D6",25.2752641296129,TRUE,6
-0.30750225074679,-1.35698862135123,1,0.324731182795699,0.18366935483871,0.0403225806451613,0.0973822324628776,0.0403225806451613,10,55,"D7",34.9569934169566,TRUE,7
-0.0583696335868214,-0.256849430042467,1,0.828040600700421,0.739622286856216,0.553214222116697,0.648243151953011,0.553214222116697,10,56,"D0",41.7384942469824,TRUE,0
-0.126353105379895,-0.552369014788344,1,0.684716169463217,0.540090317690899,0.284216509821259,0.403096205534152,0.284216509821259,10,56,"D1",49.5180354511866,TRUE,1
-0.117105587434242,-0.535725294002654,1,0.584065262499645,0.457128847957704,0.278843694039396,0.358442259823687,0.278843694039396,10,56,"D3",20.5082023541716,TRUE,3
-0.168152283255858,-0.740461437300102,1,0.542877192982456,0.398456140350877,0.172631578947368,0.282940685045948,0.172631578947368,10,56,"D5",35.6330443268061,TRUE,5
-0.209398172172497,-0.934862981506296,1,0.455410417674569,0.299064666989195,0.111272375423319,0.189792736962548,0.111272375423319,10,56,"D6",29.4626422743599,TRUE,6
-0.207028449023341,-0.939818182744075,1,0.384203480589023,0.256526104417671,0.103270223752151,0.170751031336229,0.103270223752151,10,56,"D7",21.5033166167858,TRUE,7
-0.0582696094864985,-0.255646166001976,1,0.831473251028807,0.744335802469136,0.555851851851852,0.652801881246326,0.555851851851852,10,57,"D0",46.0691044657862,TRUE,0
-0.114770972289458,-0.502780925179339,1,0.70336665377281,0.565977523972394,0.316985280644964,0.434321797694423,0.316985280644964,10,57,"D1",47.1863369700868,TRUE,1
-0.116226842993451,-0.528299230910983,1,0.590838105153566,0.466423737636648,0.28110359187923,0.369485552333028,0.28110359187923,10,57,"D3",21.6165752466212,TRUE,3
-0.177094503497058,-0.771729644660567,1,0.547658402203857,0.402307162534435,0.161157024793388,0.28099173553719,0.161157024793388,10,57,"D5",42.4684191651534,TRUE,5
-0.234028596948993,-1.03829633361907,1,0.432779493211783,0.27286428466402,0.0882223202470225,0.1643315758887,0.0882223202470225,10,57,"D6",33.4371477489912,TRUE,6
-0.265933445142625,-1.21470792990317,1,0.310708069982596,0.178002198406156,0.0577081615828524,0.0995825645454664,0.0577081615828524,10,57,"D7",21.3336978870147,TRUE,7
-0.0590592169862824,-0.257522451946287,1,0.836381456434382,0.75000980103891,0.553954719200235,0.656634603267946,0.553954719200235,10,58,"D0",59.854441969499,TRUE,0
-0.128193430443473,-0.5600908170299,1,0.683166380261816,0.537244855190913,0.279768640764491,0.39888611465375,0.279768640764491,10,58,"D1",49.7018399663681,TRUE,1
-0.109367728708201,-0.503710926257254,1,0.594486790700216,0.469490205720843,0.299975411851488,0.373886215415598,0.299975411851488,10,58,"D3",19.063163982093,TRUE,3
-0.152348291215398,-0.674875238258992,1,0.573379719108362,0.428875144955547,0.204870506378044,0.31051165473276,0.204870506378044,10,58,"D5",33.8658567969263,TRUE,5
-0.187408651403964,-0.846733073366053,1,0.465629265629266,0.316420966420966,0.137592137592138,0.210853710853711,0.137592137592138,10,58,"D6",24.5859164197171,TRUE,6
-0.283795803261097,-1.26248551249418,1,0.337211557106845,0.203025014543339,0.0523560209424084,0.108971162636084,0.0523560209424084,10,58,"D7",31.287640443876,TRUE,7
-0.0562908000345749,-0.248851462417606,1,0.82882490683025,0.741500939942614,0.563371920451172,0.652890264644494,0.563371920451172,10,59,"D0",36.8983199005171,TRUE,0
-0.129433463592361,-0.566611223771078,1,0.677617572715298,0.530305457652462,0.275552707465556,0.392090447200989,0.275552707465556,10,59,"D1",46.6762920153326,TRUE,1
-0.118788499508724,-0.54250135358869,1,0.578999418266434,0.452268760907504,0.272251308900524,0.35481592287875,0.272251308900524,10,59,"D3",20.6647778070906,TRUE,3
-0.14812039543894,-0.664116386638044,1,0.555866791160909,0.41359877284247,0.208083233293317,0.301803260986934,0.208083233293317,10,59,"D5",27.0591980626692,TRUE,5
-0.187927697774233,-0.851260479788028,1,0.465116279069767,0.311846983485002,0.136501516683519,0.206758470155841,0.136501516683519,10,59,"D6",23.8024631229741,TRUE,6
-0.261724936958852,-1.19056763845451,1,0.330898974091462,0.193466353677621,0.0625978090766823,0.10752788334948,0.0625978090766823,10,59,"D7",22.5783541883189,TRUE,7
-0.0577654051788042,-0.254066058968176,1,0.830814499550091,0.742931173769975,0.557427439853402,0.6519857455307,0.557427439853402,10,60,"D0",42.3446345829364,TRUE,0
-0.116159347971994,-0.509577206989744,1,0.698585583541336,0.559713884935124,0.312519339068012,0.427986467809477,0.312519339068012,10,60,"D1",44.8927823293869,TRUE,1
-0.117802261041411,-0.539772673219959,1,0.581126487840993,0.453015547582436,0.276781137878011,0.3542851447772,0.276781137878011,10,60,"D3",20.217817555454,TRUE,3
-0.163263285801391,-0.721872969695681,1,0.563364739835328,0.414183855360326,0.18716577540107,0.289661319073084,0.18716577540107,10,60,"D5",36.5520955341839,TRUE,5
-0.230019436402878,-1.02562017827588,1,0.43260332241191,0.27414209346439,0.0931195033626487,0.164272986311269,0.0931195033626487,10,60,"D6",30.7858968049669,TRUE,6
-0.209885768364471,-0.965002426762707,1,0.367385017259073,0.238245172124265,0.100755667506297,0.153832313781936,0.100755667506297,10,60,"D7",19.4243265995753,TRUE,7
-0.0567565373197252,-0.250176367475113,1,0.829652436497128,0.742411234136617,0.560719995263189,0.653766845518873,0.560719995263189,10,61,"D0",39.6538511211053,TRUE,0
-0.127336420026158,-0.558558329111024,1,0.676726928631904,0.530340867857676,0.279823269513991,0.394609659193126,0.279823269513991,10,61,"D1",44.599485137379,TRUE,1
-0.106606292543088,-0.491053078658253,1,0.594915404375941,0.473403312959518,0.305607228275312,0.382198853498349,0.305607228275312,10,61,"D3",18.6911494461515,TRUE,3
-0.143727001658299,-0.640588380531665,1,0.572021585720216,0.43437802684378,0.220008302200083,0.321825561551589,0.220008302200083,10,61,"D5",29.5399923694148,TRUE,5
-0.198762318454287,-0.889926791520789,1,0.466380070546737,0.31208664021164,0.124007936507937,0.203117126480222,0.124007936507937,10,61,"D6",28.1353496557377,TRUE,6
-0.257066580555968,-1.15342781929578,1,0.336341756919374,0.207430806257521,0.0631768953068592,0.123416996160678,0.0631768953068592,10,61,"D7",25.4506545732652,TRUE,7
-0.0557571438117933,-0.246767100012352,1,0.829915085603956,0.742616781921705,0.566227318399433,0.654190789541579,0.566227318399433,10,62,"D0",35.8760486045027,TRUE,0
-0.127690226670198,-0.55870076825699,1,0.679453970700519,0.533978763941515,0.279365487123499,0.397488004256998,0.279365487123499,10,62,"D1",48.7078496106823,TRUE,1
-0.111312119576774,-0.511559908892191,1,0.588125207522111,0.464457122158834,0.293398533007335,0.370381150739749,0.293398533007335,10,62,"D3",19.3361332757764,TRUE,3
-0.179960155817835,-0.788776495876581,1,0.544797314743093,0.392718822618126,0.158791634391944,0.267941671892098,0.158791634391944,10,62,"D5",45.0187276856185,TRUE,5
-0.195693368861525,-0.883532059606087,1,0.465406807474459,0.308400825790059,0.128632682229633,0.198204738462004,0.128632682229633,10,62,"D6",25.0855498087639,TRUE,6
-0.255453104957473,-1.13643529187048,1,0.361297817608497,0.226350510331093,0.0672143390589992,0.135228848821082,0.0672143390589992,10,62,"D7",29.3888240827376,TRUE,7
-0.0561995981674848,-0.24649832419419,1,0.8378351870378,0.752996331822907,0.567880892132054,0.663083491895356,0.567880892132054,10,63,"D0",46.3592200091078,TRUE,0
-0.114542630555352,-0.50192197699759,1,0.703552644227468,0.566761422156305,0.318254851069089,0.43487472853435,0.318254851069089,10,63,"D1",46.4901024429838,TRUE,1
-0.107857547599824,-0.499042566277111,1,0.591927484179921,0.466628185394219,0.30271934325295,0.37248446496779,0.30271934325295,10,63,"D3",18.2031763457392,TRUE,3
-0.149389478156507,-0.666767017094977,1,0.559384006538478,0.416021422118983,0.205187766163376,0.304893411745909,0.205187766163376,10,63,"D5",28.5127398660392,TRUE,5
-0.192660990113168,-0.876504855520891,1,0.449532658591892,0.297826447652232,0.129417620706819,0.193198069006929,0.129417620706819,10,63,"D6",22.5823277666871,TRUE,6
-0.251647428837416,-1.16783562403557,1,0.300191397199557,0.172257479601088,0.0634632819582956,0.0978212378937674,0.0634632819582956,10,63,"D7",18.0109002427153,TRUE,7
-0.0583471018972462,-0.256371236316339,1,0.830118616490841,0.741733585262163,0.554440245630609,0.650424848730234,0.554440245630609,10,64,"D0",43.6757539985427,TRUE,0
-0.129083067222881,-0.5653133300532,1,0.6768916593478,0.52991452991453,0.276331855279224,0.392474878690418,0.276331855279224,10,64,"D1",46.3511253474781,TRUE,1
-0.112276122084311,-0.511404312307242,1,0.600727026798546,0.477914447544171,0.294192239411615,0.379575619240849,0.294192239411615,10,64,"D3",21.3613203699146,TRUE,3
-0.154287820008531,-0.686812369530709,1,0.551901817500468,0.412767003934795,0.19814502529511,0.29827150084317,0.19814502529511,10,64,"D5",30.4487289605939,TRUE,5
-0.244557736947475,-1.0746593259762,1,0.425444031391987,0.270844397238449,0.079660116834838,0.162713164571901,0.079660116834838,10,64,"D6",39.4583578703377,TRUE,6
-0.197026920814307,-0.881865554023215,1,0.414356329249946,0.292472598323662,0.11605415860735,0.20251911209358,0.11605415860735,10,64,"D7",23.6557862625029,TRUE,7
-0.0566496644482977,-0.250017135624115,1,0.828672985781991,0.741256911532385,0.561018957345972,0.652878864816069,0.561018957345972,10,65,"D0",38.4047236301073,TRUE,0
-0.129798053376209,-0.569119039859449,1,0.674546887312845,0.526208897485493,0.274016763378466,0.388489760830186,0.274016763378466,10,65,"D1",44.407744374197,TRUE,1
-0.111042137604337,-0.510241160654967,1,0.592007951123973,0.466697360343769,0.294659300184162,0.371393492940454,0.294659300184162,10,65,"D3",19.4446716434121,TRUE,3
-0.143983346583499,-0.643166784550892,1,0.579111457521434,0.436152247336971,0.222135619641465,0.318821215157926,0.222135619641465,10,65,"D5",29.39425964944,TRUE,5
-0.211897930440239,-0.946493267498062,1,0.449902902430064,0.294520547945205,0.108644307982995,0.185516341633489,0.108644307982995,10,65,"D6",29.3055834905367,TRUE,6
-0.297643428254164,-1.31463541048971,1,0.309496996996997,0.184051238738739,0.0422297297297297,0.102759009009009,0.0422297297297297,10,65,"D7",30.2571838585255,TRUE,7
-0.0575335637275905,-0.251954600579698,1,0.836868865100838,0.750921460220366,0.56169862369133,0.65876470181846,0.56169862369133,10,66,"D0",48.6647230272544,TRUE,0
-0.108932015919668,-0.479696027563644,1,0.706228852450034,0.571929067521473,0.333497719146838,0.444874000230923,0.333497719146838,10,66,"D1",40.5229339807305,TRUE,1
-0.113573054941591,-0.52088255770173,1,0.589800192449199,0.462578536254033,0.287824758023433,0.365855630756293,0.287824758023433,10,66,"D3",19.889800285131,TRUE,3
-0.170933222304707,-0.753706013621607,1,0.547833059037009,0.397550322825674,0.170907709836688,0.276300797569313,0.170907709836688,10,66,"D5",37.7632621929829,TRUE,5
-0.20620860817845,-0.932763422773764,1,0.447219331714649,0.286723898716615,0.114464099895942,0.179005004707398,0.114464099895942,10,66,"D6",24.3879671586877,TRUE,6
-0.315614096223244,-1.38099077450479,1,0.32163177670424,0.190740740740741,0.0386473429951691,0.100414078674948,0.0386473429951691,10,66,"D7",39.5458380278087,TRUE,7
-0.058334296006361,-0.256840672307743,1,0.82693730838355,0.738503013003489,0.553044719314938,0.647762712760334,0.553044719314938,10,67,"D0",41.1100279426293,TRUE,0
-0.110107121715639,-0.485128762116071,1,0.702987122003153,0.567384272055361,0.329218106995885,0.440117655890643,0.329218106995885,10,67,"D1",39.9195617864488,TRUE,1
-0.112035133749395,-0.517281819745571,1,0.583318933241173,0.456972524624158,0.290305857957491,0.36160688571264,0.290305857957491,10,67,"D3",18.6082655897483,TRUE,3
-0.145762018954386,-0.651521756222457,1,0.566285912080305,0.424389927310488,0.21417445482866,0.312252756762103,0.21417445482866,10,67,"D5",28.2988295032188,TRUE,5
-0.211278095196043,-0.955837273820124,1,0.435158190260231,0.274416909620991,0.10689990281827,0.170877874959508,0.10689990281827,10,67,"D6",24.1917658914911,TRUE,6
-0.262496230291722,-1.20819836762832,1,0.317487922705314,0.178115942028986,0.0608695652173913,0.0964458247066943,0.0608695652173913,10,67,"D7",19.775315270743,TRUE,7
-0.0583393119109569,-0.256346012969503,1,0.829322946530373,0.741453625165589,0.554006761966902,0.650264989638618,0.554006761966902,10,68,"D0",43.7114422181803,TRUE,0
-0.128694245342401,-0.563797093189309,1,0.677216465169833,0.530532167530224,0.27720207253886,0.392967657702114,0.27720207253886,10,68,"D1",45.8006474133103,TRUE,1
-0.113072053042227,-0.518110543991839,1,0.587469200985568,0.462535198873636,0.287750791974657,0.368268215417107,0.287750791974657,10,68,"D3",19.8321194776452,TRUE,3
-0.145598662060518,-0.655241483183606,1,0.55473443104715,0.413943990665111,0.213924542979385,0.303476505343483,0.213924542979385,10,68,"D5",25.7898907197852,TRUE,5
-0.209329942557605,-0.932331491668163,1,0.469088994207478,0.308925750394945,0.113744075829384,0.193372451666291,0.113744075829384,10,68,"D6",31.1999796668587,TRUE,6
-0.306180111088979,-1.32838403448275,1,0.358272506082725,0.221943430656934,0.0456204379562044,0.118106244931062,0.0456204379562044,10,68,"D7",44.1033345899747,TRUE,7
-0.0583562703556097,-0.256709002814697,1,0.828986082184535,0.740722007339086,0.554596846176733,0.649180846592331,0.554596846176733,10,69,"D0",42.1917293686156,TRUE,0
-0.126132385888358,-0.551809513354354,1,0.682531580962103,0.538253370762622,0.283909659308409,0.402316747378633,0.283909659308409,10,69,"D1",49.0278807033278,TRUE,1
-0.114193165219632,-0.520371260636181,1,0.596000449387709,0.471288338388945,0.288169868554095,0.372811241112556,0.288169868554095,10,69,"D3",21.2829263309538,TRUE,3
-0.140320112290918,-0.634529868436457,1,0.567993676941636,0.425028079371022,0.228378884312991,0.31110160275267,0.228378884312991,10,69,"D5",24.4696623250164,TRUE,5
-0.235421348151924,-1.03576913046484,1,0.440166721509268,0.285538005923001,0.0888450148075025,0.173439727980695,0.0888450148075025,10,69,"D6",40.1230158034259,TRUE,6
-0.295330429645404,-1.30607618750826,1,0.321995464852608,0.188257911860396,0.0443655723158829,0.104259094942325,0.0443655723158829,10,69,"D7",31.8254469399041,TRUE,7
-0.0581726454335437,-0.255869097115405,1,0.828887167365208,0.741101046818823,0.555390024432394,0.650192063397474,0.555390024432394,10,70,"D0",42.4392026284713,TRUE,0
-0.129525101435581,-0.565259595997384,1,0.68107389009185,0.534884091198573,0.275761049547828,0.396726834919422,0.275761049547828,10,70,"D1",52.8249799137453,TRUE,1
-0.108381695806791,-0.500184794803334,1,0.590264720804608,0.466984510699257,0.300832661831856,0.374068957872342,0.300832661831856,10,70,"D3",18.5338146093653,TRUE,3
-0.150411821153169,-0.671861086901995,1,0.560076821510023,0.415736406193734,0.205257472092186,0.302227480837492,0.205257472092186,10,70,"D5",28.8453774600814,TRUE,5
-0.196103693953223,-0.886315986582012,1,0.458690842372241,0.302007446980735,0.126274890723652,0.195868698782735,0.126274890723652,10,70,"D6",24.5928080888147,TRUE,6
-0.212891097315301,-0.959941679739197,1,0.386766786375014,0.257427358798564,0.0979431929480901,0.170001399188471,0.0979431929480901,10,70,"D7",23.0248165565874,TRUE,7
-0.0561995981674848,-0.24649832419419,1,0.8378351870378,0.752996331822907,0.567880892132054,0.663083491895356,0.567880892132054,10,71,"D0",46.3592200091078,TRUE,0
-0.128956834236558,-0.560138591319173,1,0.691437536124185,0.547167863925357,0.279910824869953,0.406360215624521,0.279910824869953,10,71,"D1",57.3777433222549,TRUE,1
-0.106774248040364,-0.491211764449118,1,0.597897737395332,0.477128986281846,0.307322287546766,0.383855929687036,0.307322287546766,10,71,"D3",19.0824007819554,TRUE,3
-0.15096674943108,-0.676437223146533,1,0.552674897119342,0.409753086419753,0.203703703703704,0.296634332745444,0.203703703703704,10,71,"D5",27.605319385841,TRUE,5
-0.19455056208519,-0.881954308876577,1,0.467228464419476,0.307623283395755,0.131086142322097,0.195533113370192,0.131086142322097,10,71,"D6",23.7398044431039,TRUE,6
-0.255102687989725,-1.14846371942895,1,0.356373815676141,0.213662790697674,0.0678294573643411,0.123777224067922,0.0678294573643411,10,71,"D7",25.7605950398127,TRUE,7
-0.058243762752289,-0.256167516899027,1,0.829479181017234,0.741020645135896,0.554407510184802,0.64955001307366,0.554407510184802,10,72,"D0",42.3143646717799,TRUE,0
-0.11422249820963,-0.503092327639356,1,0.695758695758696,0.557477057477057,0.316890316890317,0.427625427625428,0.316890316890317,10,72,"D1",40.0378108452194,TRUE,1
-0.11196445269631,-0.509983345869019,1,0.604935187498265,0.481430593721376,0.297277042218336,0.381271585993045,0.297277042218336,10,72,"D3",21.5894199108934,TRUE,3
-0.163178785623891,-0.724927693217922,1,0.547732103287659,0.40038665038665,0.183150183150183,0.281734726179171,0.183150183150183,10,72,"D5",32.3916927914708,TRUE,5
-0.19691661946055,-0.893911223754203,1,0.448328347241904,0.290387340576287,0.122815304676429,0.188665452009807,0.122815304676429,10,72,"D6",23.0620107705979,TRUE,6
-0.24098644793975,-1.11428020408043,1,0.325544710637878,0.188627624963029,0.0709849157054126,0.110808298474669,0.0709849157054126,10,72,"D7",18.5774456256759,TRUE,7
-0.0587998109117356,-0.258060832820454,1,0.828854855092538,0.740838576912422,0.551466223435831,0.649400545369915,0.551466223435831,10,73,"D0",45.4553465822613,TRUE,0
-0.128273964689046,-0.559570540786838,1,0.683523630992956,0.53881752726653,0.279268916155419,0.40091081166618,0.279268916155419,10,73,"D1",53.9536402145117,TRUE,1
-0.114930879365469,-0.524182799819902,1,0.58552593367021,0.46242812336644,0.282279142707789,0.368437756702263,0.282279142707789,10,73,"D3",20.5983892503374,TRUE,3
-0.148970911827975,-0.660145525392364,1,0.581581581581582,0.439095345345345,0.213963963963964,0.318815839649173,0.213963963963964,10,73,"D5",34.1781490240849,TRUE,5
-0.233484048847119,-1.03557898843652,1,0.434815908966574,0.273756770064008,0.0886262924667651,0.165236454010457,0.0886262924667651,10,73,"D6",33.4991316054619,TRUE,6
-0.272203030796486,-1.22034767178104,1,0.330112721417069,0.195652173913043,0.0563607085346216,0.111507297497636,0.0563607085346216,10,73,"D7",26.8532360402043,TRUE,7
-0.0591332128792946,-0.259222511849779,1,0.829813338582161,0.741452612931798,0.550339533510481,0.649329134271561,0.550339533510481,10,74,"D0",47.3028758040789,TRUE,0
-0.112895426883498,-0.49768981376853,1,0.696506534917131,0.558882581730264,0.320403658152003,0.430393496618662,0.320403658152003,10,74,"D1",39.236969713182,TRUE,1
-0.113579241084898,-0.5193436499478,1,0.59257382540889,0.467696985051938,0.28882695718267,0.369891136929394,0.28882695718267,10,74,"D3",20.5083980962893,TRUE,3
-0.168559738085266,-0.742317071807403,1,0.54856317950106,0.402118013262958,0.174583840844499,0.283078449948121,0.174583840844499,10,74,"D5",37.789037976396,TRUE,5
-0.207127361129289,-0.926271428042509,1,0.460826925220105,0.302866934135741,0.115346038114343,0.191964783238605,0.115346038114343,10,74,"D6",28.9852183822196,TRUE,6
-0.267003994815434,-1.18427242723665,1,0.372366148531952,0.226597582037997,0.0621761658031088,0.127148614195246,0.0621761658031088,10,74,"D7",33.2488067388634,TRUE,7
-0.0580818991854184,-0.255652969602603,1,0.828864705727729,0.74034973582525,0.55476697421339,0.649314591383435,0.55476697421339,10,75,"D0",41.3479002058242,TRUE,0
-0.128040486426571,-0.561187338006034,1,0.678601693406539,0.531543079322353,0.278792539896174,0.394027807025308,0.278792539896174,10,75,"D1",45.0085360702475,TRUE,1
-0.110021880387887,-0.508463008737317,1,0.586517235523858,0.460477160808287,0.295466123280693,0.36674510184444,0.295466123280693,10,75,"D3",18.359970731365,TRUE,3
-0.174901391252015,-0.772400991749572,1,0.537037037037037,0.385832004253057,0.16347687400319,0.265784410521253,0.16347687400319,10,75,"D5",36.4141748802201,TRUE,5
-0.203161878619919,-0.913817965424688,1,0.465946189350445,0.306399864910503,0.121580547112462,0.191497402743603,0.121580547112462,10,75,"D6",26.5726549742895,TRUE,6
-0.234754485466304,-1.07194797522897,1,0.345084551447406,0.211163657208369,0.0773860705073087,0.129454475972103,0.0773860705073087,10,75,"D7",20.9264512953263,TRUE,7
-0.0566980759792717,-0.249170688987802,1,0.833336612688481,0.7469895519745,0.56313086594652,0.65806819746965,0.56313086594652,10,76,"D0",43.4832950394054,TRUE,0
-0.127753397078971,-0.55864177402151,1,0.680727630285152,0.534718710493047,0.279393173198483,0.398337948748821,0.279393173198483,10,76,"D1",49.7398965901669,TRUE,1
-0.109190209394282,-0.501193418051205,1,0.595618597320725,0.473498817966903,0.300709219858156,0.379004840706968,0.300709219858156,10,76,"D3",19.5732679785086,TRUE,3
-0.152157952752096,-0.679281543513141,1,0.568802183686577,0.420460019267823,0.205924855491329,0.300271240480778,0.205924855491329,10,76,"D5",29.978697102215,TRUE,5
-0.212094830603312,-0.946821331743728,1,0.45461285880733,0.296274229424849,0.109628217349857,0.186723561366078,0.109628217349857,10,76,"D6",29.7873588584154,TRUE,6
-0.246846506109215,-1.09734307213008,1,0.367606915377616,0.237261146496815,0.0727934485896269,0.144756416366971,0.0727934485896269,10,76,"D7",28.8424576397798,TRUE,7
-0.0583314931979599,-0.255861940833176,1,0.830592040389697,0.742984065002169,0.554372263637439,0.652446972557019,0.554372263637439,10,77,"D0",46.3444074164561,TRUE,0
-0.128809078578496,-0.565147074003187,1,0.67640419223121,0.528299683671953,0.2770524170435,0.390486704415754,0.2770524170435,10,77,"D1",43.1944391290853,TRUE,1
-0.110554857521257,-0.509152074796769,1,0.593272706074385,0.466181357117873,0.296432318992655,0.370103182931095,0.296432318992655,10,77,"D3",19.1118421662984,TRUE,3
-0.153204364323998,-0.683049789028231,1,0.557952405410032,0.413231895223421,0.200308166409861,0.298551495585394,0.200308166409861,10,77,"D5",29.8770967641444,TRUE,5
-0.212096530876891,-0.94299303025622,1,0.462732305258996,0.305011862396204,0.111209964412811,0.192410890809467,0.111209964412811,10,77,"D6",32.2836270120768,TRUE,6
-0.261545152523833,-1.15121074249779,1,0.385496183206107,0.243082061068702,0.066793893129771,0.141955955410154,0.066793893129771,10,77,"D7",37.2559534600365,TRUE,7
-0.0584825731103097,-0.257899881183499,1,0.826899752148922,0.737506921373201,0.552918841955387,0.645406279898449,0.552918841955387,10,78,"D0",39.2291086328568,TRUE,0
-0.128659394174705,-0.564910615967244,1,0.674467213997888,0.52656388044907,0.276682397052169,0.389493785317691,0.276682397052169,10,78,"D1",42.6529675381759,TRUE,1
-0.107841513837242,-0.495756931619272,1,0.604737704462773,0.479921686245105,0.307423144213947,0.382017590840385,0.307423144213947,10,78,"D3",19.5714876890124,TRUE,3
-0.147710068897482,-0.659674243967061,1,0.566670893030726,0.425288449347027,0.213008748573602,0.309807579682057,0.213008748573602,10,78,"D5",29.2902985133466,TRUE,5
-0.19983855954128,-0.905986334389994,1,0.443055555555556,0.288862179487179,0.120192307692308,0.185916514041514,0.120192307692308,10,78,"D6",23.5603544237197,TRUE,6
-0.212225075834079,-0.956599722350297,1,0.389144121150247,0.26059213884635,0.0995405819295559,0.171643695763144,0.0995405819295559,10,78,"D7",23.3439155024499,TRUE,7
-0.0581553127254001,-0.255931542140966,1,0.82892520270846,0.740315222307435,0.554539555188485,0.649242962675799,0.554539555188485,10,79,"D0",41.5738416282306,TRUE,0
-0.128749599408089,-0.562163294549194,1,0.682233230308932,0.536527795418942,0.278165883398958,0.39822408916147,0.278165883398958,10,79,"D1",51.3148479452231,TRUE,1
-0.108593105240342,-0.496944455080266,1,0.597267959507257,0.477794548115624,0.301866081229418,0.384628787482794,0.301866081229418,10,79,"D3",19.9459166437859,TRUE,3
-0.164980260515278,-0.733187850230977,1,0.547152945383034,0.398330651649236,0.181013676588898,0.277729890561749,0.181013676588898,10,79,"D5",32.5164723193243,TRUE,5
-0.190543115184773,-0.85942949271562,1,0.464332825976662,0.311453576864536,0.132420091324201,0.207218960643618,0.132420091324201,10,79,"D6",25.0365251716525,TRUE,6
-0.271101207742365,-1.23936480174522,1,0.324883819180397,0.180846007604563,0.0570342205323194,0.0948307079485787,0.0570342205323194,10,79,"D7",21.3533004199923,TRUE,7
-0.0583562703556097,-0.256709002814697,1,0.828986082184535,0.740722007339086,0.554596846176733,0.649180846592331,0.554596846176733,10,80,"D0",42.1917293686156,TRUE,0
-0.130166001858964,-0.569248241248082,1,0.678071782635249,0.530705398610934,0.274191486641953,0.391788357083001,0.274191486641953,10,80,"D1",47.8982225955619,TRUE,1
-0.11458581263266,-0.520397276894903,1,0.60076520652768,0.475384555321309,0.288123682361209,0.376458930569964,0.288123682361209,10,80,"D3",22.1052526493326,TRUE,3
-0.162997910980991,-0.721857482313395,1,0.555108967488389,0.40718783494105,0.184887459807074,0.287028530597662,0.184887459807074,10,80,"D5",34.5893886989153,TRUE,5
-0.232125356969582,-1.03985662119661,1,0.414104985975156,0.256912244547484,0.0875837197320969,0.154784393578829,0.0875837197320969,10,80,"D6",27.9588091375188,TRUE,6
-0.262253986602434,-1.16489683240307,1,0.361687045897572,0.224215842636895,0.0637958532695375,0.130218222323485,0.0637958532695375,10,80,"D7",31.0528783114283,TRUE,7
-0.0575335637275905,-0.251954600579698,1,0.836868865100838,0.750921460220366,0.56169862369133,0.65876470181846,0.56169862369133,10,81,"D0",48.6647230272544,TRUE,0
-0.128809078578496,-0.565147074003187,1,0.67640419223121,0.528299683671953,0.2770524170435,0.390486704415754,0.2770524170435,10,81,"D1",43.1944391290853,TRUE,1
-0.113998537632519,-0.524644794722502,1,0.58693507006118,0.458259325044405,0.286729256533875,0.359962220530604,0.286729256533875,10,81,"D3",19.3451678868975,TRUE,3
-0.150475673261141,-0.671032500760564,1,0.567685957375116,0.423742734394743,0.208491281273692,0.305486359315017,0.208491281273692,10,81,"D5",30.3182359810523,TRUE,5
-0.208983533911557,-0.939983302183657,1,0.455159981973862,0.291535226077813,0.112663361874718,0.182210633990715,0.112663361874718,10,81,"D6",26.4715571722804,TRUE,6
-0.245550225875125,-1.13330840215011,1,0.316990238016892,0.186327739387957,0.069101678183613,0.108862564440057,0.069101678183613,10,81,"D7",18.9936468633084,TRUE,7
-0.0575047670412544,-0.252770353217211,1,0.831505155723906,0.744204742739899,0.558712121212121,0.653857680224868,0.558712121212121,10,82,"D0",43.1580853501401,TRUE,0
-0.113097307519632,-0.497092867567517,1,0.701360572236638,0.564402364183039,0.321265290992216,0.434563771552527,0.321265290992216,10,82,"D1",42.5209979410589,TRUE,1
-0.118985068617247,-0.54270405103137,1,0.585672368930964,0.456485633615679,0.274040857000498,0.356618897351334,0.274040857000498,10,82,"D3",21.20270898053,TRUE,3
-0.168627166445301,-0.74247845485331,1,0.555418775361328,0.407981124333197,0.17644645055396,0.283509519250184,0.17644645055396,10,82,"D5",39.7464688664642,TRUE,5
-0.179316796906309,-0.821060128302885,1,0.466864197530864,0.310333333333333,0.146666666666667,0.208553791887125,0.146666666666667,10,82,"D6",20.8540289391507,TRUE,6
-0.205444447875344,-0.935725713597219,1,0.390578413834228,0.259317233154442,0.107334525939177,0.170443251838601,0.107334525939177,10,82,"D7",21.3721836397309,TRUE,7
-0.0579042776867706,-0.255440298818367,1,0.827181750413954,0.738377961170813,0.555126758890934,0.647506523834969,0.555126758890934,10,83,"D0",38.8906053586031,TRUE,0
-0.128079689342817,-0.562802163849207,1,0.673366834170854,0.525764506292144,0.277670403298544,0.38986395142174,0.277670403298544,10,83,"D1",42.0372808695236,TRUE,1
-0.113765398427667,-0.519881293237812,1,0.592386571147633,0.467530552043826,0.288242730720607,0.370196456163586,0.288242730720607,10,83,"D3",20.6107296400113,TRUE,3
-0.157087145862119,-0.706089990336394,1,0.537520391517129,0.391856987493203,0.191680261011419,0.278457495015407,0.191680261011419,10,83,"D5",26.5359745685388,TRUE,5
-0.203969015064439,-0.911729275794078,1,0.45578013046733,0.301411613731152,0.115495668912416,0.195815573582657,0.115495668912416,10,83,"D6",28.1956833446973,TRUE,6
-0.286154603785443,-1.26704284616627,1,0.338087341072416,0.200580431177446,0.0497512437810945,0.110913685540551,0.0497512437810945,10,83,"D7",32.6689808286493,TRUE,7
-0.0581553127254001,-0.255931542140966,1,0.82892520270846,0.740315222307435,0.554539555188485,0.649242962675799,0.554539555188485,10,84,"D0",41.5738416282306,TRUE,0
-0.130147183897295,-0.567015377541614,1,0.683605489355442,0.537234936847193,0.274888090284345,0.397756101368736,0.274888090284345,10,84,"D1",55.1463281037805,TRUE,1
-0.11239874777916,-0.514378646079793,1,0.595233993683606,0.469444444444444,0.291989664082687,0.372574955908289,0.291989664082687,10,84,"D3",20.3068421155211,TRUE,3
-0.159230589808532,-0.712489459969701,1,0.547742725621859,0.398517673888255,0.190041809198024,0.280341833933624,0.190041809198024,10,84,"D5",28.7345663707957,TRUE,5
-0.192210337651903,-0.875207529610838,1,0.453699271315356,0.296194351364289,0.12924844423169,0.192675921493538,0.12924844423169,10,84,"D6",22.2836517785456,TRUE,6
-0.284769917341207,-1.25968812634777,1,0.336075650118203,0.202978723404255,0.051063829787234,0.113677811550152,0.051063829787234,10,84,"D7",32.7907051991908,TRUE,7
-0.0570142409104092,-0.251737236038185,1,0.828262419776563,0.740452420568893,0.559781316852864,0.650821476677193,0.559781316852864,10,85,"D0",38.0541924745429,TRUE,0
-0.127747675810286,-0.560778414704825,1,0.676847710330138,0.529856230031949,0.279872204472843,0.392801359095289,0.279872204472843,10,85,"D1",42.7104938076775,TRUE,1
-0.113947784581192,-0.522783859170527,1,0.591102596849723,0.46264367816092,0.28735632183908,0.364231739950131,0.28735632183908,10,85,"D3",19.9252961347024,TRUE,3
-0.179908786525944,-0.790105607871451,1,0.539944182801326,0.387231815803244,0.156985871271586,0.264275123969001,0.156985871271586,10,85,"D5",41.6789113081403,TRUE,5
-0.180199381413416,-0.820999047251672,1,0.46390760346487,0.313723131215913,0.14436958614052,0.212181279313137,0.14436958614052,10,85,"D6",21.943834746781,TRUE,6
-0.314425659078986,-1.42473438467452,1,0.296653796653797,0.154761904761905,0.0386100386100386,0.0719724826867684,0.0386100386100386,10,85,"D7",23.7668426857745,TRUE,7
-0.0581804528375944,-0.256068218691085,1,0.829076491863755,0.740508260963746,0.554735038695575,0.649089788925554,0.554735038695575,10,86,"D0",41.4602327759589,TRUE,0
-0.128593649822273,-0.56185171816517,1,0.680814857006237,0.534850114971626,0.277830517055883,0.397428131432308,0.277830517055883,10,86,"D1",50.812255180371,TRUE,1
-0.114590657781957,-0.527924611314879,1,0.578324464218209,0.451670592340574,0.282648521329495,0.356208172879201,0.282648521329495,10,86,"D3",18.9637986432337,TRUE,3
-0.162147614189717,-0.717331357428419,1,0.547208310146541,0.404250139120757,0.183639398998331,0.289586480112357,0.183639398998331,10,86,"D5",33.538122367518,TRUE,5
-0.218602231851572,-0.975625497971538,1,0.43098311817279,0.278012247600132,0.099304865938431,0.176463170504879,0.099304865938431,10,86,"D6",28.8277528985778,TRUE,6
-0.229083501309933,-1.04026901777782,1,0.348919054801408,0.22315233785822,0.081447963800905,0.14088199382317,0.081447963800905,10,86,"D7",21.5939457334155,TRUE,7
-0.0600107420105676,-0.263022640554305,1,0.827314156261525,0.738052196933776,0.545282124229493,0.645335184808869,0.545282124229493,10,87,"D0",47.6157294973308,TRUE,0
-0.129525101435581,-0.565259595997384,1,0.68107389009185,0.534884091198573,0.275761049547828,0.396726834919422,0.275761049547828,10,87,"D1",52.8249799137453,TRUE,1
-0.111843140452112,-0.515950719791696,1,0.586741271016759,0.459063605694067,0.291286102196988,0.363402334520577,0.291286102196988,10,87,"D3",18.777435328222,TRUE,3
-0.154834622655415,-0.692859708550314,1,0.554890219560878,0.407840568862275,0.198353293413174,0.290104315179166,0.198353293413174,10,87,"D5",28.6420170225281,TRUE,5
-0.204209246146318,-0.917243106921938,1,0.453161261108281,0.29848021735439,0.117167600611309,0.190609611139412,0.117167600611309,10,87,"D6",26.9099419386986,TRUE,6
-0.292700486529652,-1.30196452289516,1,0.334928229665072,0.194736842105263,0.0478468899521531,0.10180754917597,0.0478468899521531,10,87,"D7",31.8064709843522,TRUE,7
-0.0565125310189414,-0.247845802296465,1,0.837673253402929,0.75237927042248,0.566315417672338,0.661663774632515,0.566315417672338,10,88,"D0",46.3553384529551,TRUE,0
-0.113284113858661,-0.497403767904514,1,0.702455212679528,0.565791919692651,0.320981534266948,0.435521897444069,0.320981534266948,10,88,"D1",43.8789633548143,TRUE,1
-0.108802584384627,-0.499568184030733,1,0.598441082072444,0.475286565795507,0.302613480055021,0.380079037575599,0.302613480055021,10,88,"D3",19.5984280356757,TRUE,3
-0.160052876431018,-0.70747206840361,1,0.563622754491018,0.416947355289421,0.190868263473054,0.296312137629503,0.190868263473054,10,88,"D5",35.8488761017426,TRUE,5
-0.244615570890308,-1.07865454665174,1,0.412241887905605,0.260047935103245,0.0774336283185841,0.157610795055485,0.0774336283185841,10,88,"D6",34.9931819771263,TRUE,6
-0.209454463354663,-0.949360050040763,1,0.380765639589169,0.25406162464986,0.100840336134454,0.169167667066827,0.100840336134454,10,88,"D7",21.7544451065834,TRUE,7
-0.0583085711402722,-0.257028235537649,1,0.827120251289042,0.738126987889923,0.55354708706217,0.646623374057737,0.55354708706217,10,89,"D0",39.7157192842312,TRUE,0
-0.115822759012202,-0.510274170881952,1,0.693168952069443,0.55303602130247,0.311988929425085,0.422187976125578,0.311988929425085,10,89,"D1",39.5700657400135,TRUE,1
-0.119884050523903,-0.547628291618063,1,0.580909768829232,0.45125623816899,0.27103768714507,0.351867558243397,0.27103768714507,10,89,"D3",20.8616144791997,TRUE,3
-0.170823795628303,-0.754600796649813,1,0.54679706217352,0.393425238600212,0.169671261930011,0.273204957722455,0.169671261930011,10,89,"D5",35.8169314745705,TRUE,5
-0.205242256574428,-0.9262587225432,1,0.457410732096549,0.293312387791741,0.116696588868941,0.183629705622524,0.116696588868941,10,89,"D6",25.1905573768841,TRUE,6
-0.318139019000828,-1.42945806080977,1,0.290774064552985,0.150457012282205,0.0342759211653813,0.0742304919682812,0.0342759211653813,10,89,"D7",26.3369580537229,TRUE,7
-0.0586632633289329,-0.257103592876075,1,0.831310743367481,0.743331363278172,0.553191489361702,0.651954576156704,0.553191489361702,10,90,"D0",47.7044778596808,TRUE,0
-0.130717232060486,-0.569453689893528,1,0.682742257040968,0.536217462724286,0.273565832701542,0.396369102775471,0.273565832701542,10,90,"D1",54.9276556652879,TRUE,1
-0.120135867010557,-0.548399451733996,1,0.581668199425912,0.452115207758549,0.270880361173815,0.352216130997169,0.270880361173815,10,90,"D3",21.0563019083176,TRUE,3
-0.144277974123368,-0.646888035138885,1,0.564449455092071,0.424339220844294,0.217963171739947,0.311927727373049,0.217963171739947,10,90,"D5",27.237230616884,TRUE,5
-0.214342161346654,-0.957622282031761,1,0.438570241064007,0.28595178719867,0.104738154613466,0.181668843763607,0.104738154613466,10,90,"D6",28.8146092407035,TRUE,6
-0.252881723531357,-1.1254364397455,1,0.353854332801701,0.224481658692185,0.0669856459330144,0.136287688919268,0.0669856459330144,10,90,"D7",27.7526693028837,TRUE,7
-0.0561538398261575,-0.248360577970577,1,0.828512723249565,0.741223131025763,0.563655761024182,0.6528897318371,0.563655761024182,10,91,"D0",36.4629854762034,TRUE,0
-0.115526407182701,-0.506551200235821,1,0.69930435260799,0.561257527014765,0.31365998515219,0.430289434094185,0.31365998515219,10,91,"D1",46.0799360654401,TRUE,1
-0.10775775385204,-0.497487538108491,1,0.593688913711254,0.469887368519036,0.304384250209439,0.376358027153894,0.304384250209439,10,91,"D3",18.5758973644408,TRUE,3
-0.151997715997052,-0.674545350711745,1,0.567973582624064,0.425980186968048,0.205106739221432,0.308640129694964,0.205106739221432,10,91,"D5",32.629365348409,TRUE,5
-0.248026612028476,-1.09098294970819,1,0.424955567812711,0.265765765765766,0.0772200772200772,0.157767096542607,0.0772200772200772,10,91,"D6",39.5796598352224,TRUE,6
-0.33887293813095,-1.48353019382993,1,0.334271771771772,0.183628941441441,0.0337837837837838,0.0864033676533676,0.0337837837837838,10,91,"D7",47.5391372713884,TRUE,7
-0.0561620628597394,-0.246282939287684,1,0.838299375809681,0.753542967063165,0.568248733953598,0.663505990469834,0.568248733953598,10,92,"D0",46.6515858037759,TRUE,0
-0.130170509968394,-0.568893208527698,1,0.679794740218089,0.533092794526406,0.27517639512508,0.393119317429773,0.27517639512508,10,92,"D1",47.9611587375584,TRUE,1
-0.111245935688042,-0.512025005057284,1,0.593470645929662,0.466330390920555,0.295081967213115,0.368692327708721,0.295081967213115,10,92,"D3",19.2941925823148,TRUE,3
-0.172631828327357,-0.765246661718159,1,0.536383611218819,0.384128215070441,0.166731291198139,0.26503751300184,0.166731291198139,10,92,"D5",33.8694186302853,TRUE,5
-0.190488206947551,-0.870321209485136,1,0.456091954022989,0.298505747126437,0.133333333333333,0.192282430213465,0.133333333333333,10,92,"D6",21.5002211590272,TRUE,6
-0.230546658590499,-1.0482112390611,1,0.361987219130076,0.227118119975263,0.0834879406307978,0.139551491592308,0.0834879406307978,10,92,"D7",22.2262464763337,TRUE,7
-0.0586855714026732,-0.258149168020386,1,0.827326079788988,0.73853115727003,0.5513353115727,0.647091517121191,0.5513353115727,10,93,"D0",42.1557503010051,TRUE,0
-0.128079689342817,-0.562802163849207,1,0.673366834170854,0.525764506292144,0.277670403298544,0.38986395142174,0.277670403298544,10,93,"D1",42.0372808695236,TRUE,1
-0.11764156051298,-0.541224821318722,1,0.576697690451568,0.445191313340227,0.274043433298862,0.348504620738333,0.274043433298862,10,93,"D3",19.2870181853161,TRUE,3
-0.150168937192053,-0.667759214111882,1,0.570190120595683,0.426902278872151,0.208574739281576,0.310118511161385,0.208574739281576,10,93,"D5",31.5350021896584,TRUE,5
-0.254593297759573,-1.12076848546577,1,0.424101713653952,0.263142620232172,0.0746268656716418,0.150418542209587,0.0746268656716418,10,93,"D6",41.3065291398836,TRUE,6
-0.328409835726426,-1.43589952335814,1,0.315472833239331,0.179639029892837,0.0338409475465313,0.0921897241694196,0.0338409475465313,10,93,"D7",41.3429347028544,TRUE,7
-0.0584119872264544,-0.256753515821572,1,0.829794003022349,0.741882406744611,0.554760200429492,0.649904557384872,0.554760200429492,10,94,"D0",43.1866111529587,TRUE,0
-0.127382576288372,-0.555800178995292,1,0.684841184302289,0.540364335679114,0.281493691751728,0.403064710742388,0.281493691751728,10,94,"D1",53.8371343373809,TRUE,1
-0.107691395362852,-0.498708656993107,1,0.58462962962963,0.461226851851852,0.3,0.371241181657848,0.3,10,94,"D3",17.7919355271334,TRUE,3
-0.155220888344702,-0.687376009259266,1,0.561482735911186,0.421747106971493,0.198983911939035,0.30445680953725,0.198983911939035,10,94,"D5",33.7542988324247,TRUE,5
-0.205857919350182,-0.922095790073835,1,0.460310332784513,0.302537045352492,0.116748989672205,0.191855368101439,0.116748989672205,10,94,"D6",28.2458633159149,TRUE,6
-0.26988950404823,-1.17528647466222,1,0.388888888888889,0.249406880189798,0.0622775800711744,0.146055753262159,0.0622775800711744,10,94,"D7",40.2946915194323,TRUE,7
-0.0577654051788042,-0.254066058968176,1,0.830814499550091,0.742931173769975,0.557427439853402,0.6519857455307,0.557427439853402,10,95,"D0",42.3446345829364,TRUE,0
-0.113262318819138,-0.496558350220256,1,0.703821699410475,0.567597925090879,0.321039088347016,0.437852406820671,0.321039088347016,10,95,"D1",46.4391641887427,TRUE,1
-0.102504641352417,-0.479691881566141,1,0.594618516551602,0.46924234377766,0.318640467339352,0.376499422569523,0.318640467339352,10,95,"D3",16.5286787905542,TRUE,3
-0.158761287464802,-0.704918820615745,1,0.556960947148759,0.411108981729909,0.191644308164048,0.292166310755809,0.191644308164048,10,95,"D5",32.6448352958175,TRUE,5
-0.251123832069584,-1.10276545195304,1,0.429213601988471,0.268522925590988,0.0761542122798667,0.156463664317067,0.0761542122798667,10,95,"D6",42.8918433138582,TRUE,6
-0.240135894656682,-1.10041575143162,1,0.325038402457757,0.201228878648233,0.0737327188940092,0.120766586204374,0.0737327188940092,10,95,"D7",20.2120762422198,TRUE,7
-0.0577328613868762,-0.253975259937186,1,0.830695386568289,0.743281169423619,0.55813399976199,0.652131513877319,0.55813399976199,10,96,"D0",42.1365423791598,TRUE,0
-0.113174908174446,-0.496640725781831,1,0.70304216621809,0.566521898703205,0.321140200636163,0.436658433049429,0.321140200636163,10,96,"D1",44.8661083695362,TRUE,1
-0.104865852390693,-0.484176533180524,1,0.599333873435953,0.478530920874966,0.313259519308669,0.38581973432095,0.313259519308669,10,96,"D3",18.4859875588493,TRUE,3
-0.153562767144894,-0.685608377529229,1,0.560923037910486,0.414067452770382,0.201597565614302,0.296464344581499,0.201597565614302,10,96,"D5",29.7121474285592,TRUE,5
-0.202999844224115,-0.907646208689342,1,0.46837118204436,0.308202318564396,0.119104335397808,0.197958967611183,0.119104335397808,10,96,"D6",28.7659337618288,TRUE,6
-0.25313164886993,-1.1387595734068,1,0.343591404815895,0.213232912212504,0.0680272108843537,0.126066299535687,0.0680272108843537,10,96,"D7",25.3374143630505,TRUE,7
-0.0581704239610899,-0.255368293905066,1,0.830076197244266,0.742478976667062,0.554897548264835,0.652148675807328,0.554897548264835,10,97,"D0",45.024146874788,TRUE,0
-0.128629483576728,-0.56376532973393,1,0.679673359430905,0.531880077450857,0.278444248011113,0.392799014626266,0.278444248011113,10,97,"D1",43.927469633477,TRUE,1
-0.120669986113692,-0.549388004238059,1,0.582897033158813,0.453772957699659,0.269259536275243,0.353897812760939,0.269259536275243,10,97,"D3",21.5746045742848,TRUE,3
-0.158789405974954,-0.707210244271011,1,0.545703106585584,0.404080045255268,0.190920661858294,0.287980416321528,0.190920661858294,10,97,"D5",30.65274523748,TRUE,5
-0.205208351948512,-0.924687567624455,1,0.455088033422859,0.294315129811996,0.116383169203223,0.185392420173083,0.116383169203223,10,97,"D6",25.754897447993,TRUE,6
-0.221407567243526,-1.01544927245023,1,0.362816281628163,0.226320132013201,0.0891089108910891,0.140656922835141,0.0891089108910891,10,97,"D7",20.0844538242867,TRUE,7
-0.0566787846367983,-0.248749019763464,1,0.833980282818729,0.748270970030147,0.563338653425548,0.659714891848249,0.563338653425548,10,98,"D0",45.4850824431446,TRUE,0
-0.127626675232238,-0.556863780914688,1,0.683414176074785,0.538926309546504,0.28023130202707,0.402148510587222,0.28023130202707,10,98,"D1",54.7065669903276,TRUE,1
-0.117611022113948,-0.536530817750468,1,0.590176941997937,0.460822819963501,0.278505117829088,0.360751219475333,0.278505117829088,10,98,"D3",21.2068353565554,TRUE,3
-0.148846018754533,-0.664104324649922,1,0.559044130472702,0.419348508634223,0.208006279434851,0.307555256534848,0.208006279434851,10,98,"D5",29.0192660396121,TRUE,5
-0.227698651833691,-1.00238145900844,1,0.454135338345865,0.296031746031746,0.0952380952380952,0.182221426582329,0.0952380952380952,10,98,"D6",39.1594567850926,TRUE,6
-0.302387548737199,-1.33520725392857,1,0.343999171585378,0.202469711090401,0.0465983224603914,0.102960102960103,0.0465983224603914,10,98,"D7",36.9246645303994,TRUE,7
-0.057902458616198,-0.254920112554891,1,0.828516985347263,0.740178395426769,0.555292726197516,0.649840894370758,0.555292726197516,10,99,"D0",41.0879278265595,TRUE,0
-0.108375928189004,-0.477657994705534,1,0.705881547227701,0.571935609796187,0.335305719921105,0.445570054945055,0.335305719921105,10,99,"D1",39.6038613574297,TRUE,1
-0.115515882011679,-0.527696712726867,1,0.583919926341739,0.459101844426624,0.280673616680032,0.364557477628849,0.280673616680032,10,99,"D3",20.3922684763083,TRUE,3
-0.156875835206395,-0.700252656595139,1,0.547208759648178,0.403809908454496,0.193861066235864,0.289012616355104,0.193861066235864,10,99,"D5",29.4931530406035,TRUE,5
-0.259738171322551,-1.1465113245205,1,0.41585445094217,0.250575934786461,0.0691121743753323,0.140186324396851,0.0691121743753323,10,99,"D6",37.5978226755112,TRUE,6
-0.243715657545633,-1.1182731815484,1,0.328770248688113,0.196098562628337,0.0718685831622177,0.116521625761872,0.0718685831622177,10,99,"D7",20.1609092167428,TRUE,7
-0.0571998629599288,-0.251158798057475,1,0.832652739145016,0.746029867234815,0.560454518553589,0.656637178948832,0.560454518553589,10,100,"D0",44.7223196289449,TRUE,0
-0.114884004874332,-0.506291299789164,1,0.693548726362508,0.554368860562462,0.314255064049978,0.424463195176895,0.314255064049978,10,100,"D1",39.4454088837905,TRUE,1
-0.0983636116056587,-0.461127306655966,1,0.59800853485064,0.477145566619251,0.330014224751067,0.388629230734494,0.330014224751067,10,100,"D3",16.1188965364574,TRUE,3
-0.145643143596464,-0.654067950951118,1,0.557620491191072,0.415809938051931,0.213523131672598,0.306100033264921,0.213523131672598,10,100,"D5",26.4000176430438,TRUE,5
-0.239067991081146,-1.05917996290132,1,0.430577404882596,0.268571927984618,0.0839014158363922,0.159354425217037,0.0839014158363922,10,100,"D6",34.2721791812246,TRUE,6
-0.206223915306592,-0.948444790918282,1,0.391236306729264,0.252071251035625,0.107705053852527,0.15915755973751,0.107705053852527,10,100,"D7",19.7829085685537,TRUE,7
-0.0492988231222564,-0.251910118254385,1,0.831650328331255,0.744006222424868,0.533412007670748,0.62466082867322,0.533412007670748,12,1,"D0",53.0159757620703,TRUE,0
-0.105174284349339,-0.53882564693883,1,0.681060321761549,0.536409936495714,0.265051198198681,0.363843843927477,0.265051198198681,12,1,"D1",48.410693233272,TRUE,1
-0.0857632233301439,-0.465123977245974,1,0.590753814620815,0.468623838015776,0.292416306080619,0.35379628342507,0.292416306080619,12,1,"D3",21.1973637129765,TRUE,3
-0.130822945872597,-0.683947120300159,1,0.543620314112117,0.395678092399404,0.174022698612863,0.252689933017802,0.174022698612863,12,1,"D5",32.7915547631133,TRUE,5
-0.156121949611991,-0.831384601708127,1,0.462585513787996,0.305839621976162,0.121024049650892,0.173274359465205,0.121024049650892,12,1,"D6",26.4862657366091,TRUE,6
-0.235126777743119,-1.21125146679867,1,0.371953888807821,0.222953451043339,0.0481540930979133,0.0976944403910696,0.0481540930979133,12,1,"D7",43.0994576098316,TRUE,7
-0.0492748728485875,-0.251569765362345,1,0.832184360843018,0.74490751517539,0.533582824502659,0.625726794379542,0.533582824502659,12,2,"D0",54.323788196051,TRUE,0
-0.105328548945253,-0.539500355516878,1,0.681184089341942,0.535799945029245,0.264148941812974,0.363530968580563,0.264148941812974,12,2,"D1",48.7280628892743,TRUE,1
-0.0922966492627918,-0.495264072214002,1,0.592801009022994,0.465854273794509,0.274066168623266,0.341448945931337,0.274066168623266,12,2,"D3",23.6779718453924,TRUE,3
-0.124718972020429,-0.654564309399993,1,0.552851989973712,0.409677813780033,0.189643577673167,0.264657333251819,0.189643577673167,12,2,"D5",31.4445341231612,TRUE,5
-0.164371849741978,-0.864999810419968,1,0.459452582603322,0.303871178801207,0.110355857656937,0.170383794534134,0.110355857656937,12,2,"D6",30.3182260963109,TRUE,6
-0.19244802951619,-1.00468476084747,1,0.404273448253261,0.25990692796749,0.0778658976207642,0.133549939606176,0.0778658976207642,12,2,"D7",33.6587047790248,TRUE,7
-0.048252766849754,-0.247271882718093,1,0.832406785730272,0.7453578622264,0.53943870014771,0.627505483192337,0.53943870014771,12,3,"D0",49.0170720169356,TRUE,0
-0.105345789572387,-0.536913651609017,1,0.688194245292037,0.545176369371953,0.266246056782334,0.370894615374111,0.266246056782334,12,3,"D1",55.8035656165219,TRUE,1
-0.0985053703855711,-0.523702624023712,1,0.588165985492838,0.457649397989617,0.255164034021871,0.330001104606208,0.255164034021871,12,3,"D3",25.9248447202177,TRUE,3
-0.119481837733508,-0.632155471630223,1,0.562197928653625,0.414252013808976,0.20126582278481,0.269838073319086,0.20126582278481,12,3,"D5",28.5293761510455,TRUE,5
-0.177125634356146,-0.931698205874771,1,0.43592552026287,0.280409411942441,0.0947237224761113,0.149709451329726,0.0947237224761113,12,3,"D6",30.6964492751979,TRUE,6
-0.175621198994795,-0.918364185475412,1,0.393166564978645,0.263502135448444,0.0885906040268456,0.154362416107383,0.0885906040268456,12,3,"D7",28.9696525669141,TRUE,7
-0.0484990027976564,-0.248740104936854,1,0.830352094346566,0.742779956739874,0.53726922697206,0.625017789989653,0.53726922697206,12,4,"D0",48.0309976119598,TRUE,0
-0.0960976777505494,-0.493059462230362,1,0.699915890177946,0.561970143362607,0.295859823228407,0.394554275000856,0.295859823228407,12,4,"D1",47.0247722452587,TRUE,1
-0.0947406422379956,-0.505079302798289,1,0.590175799478125,0.463870635963659,0.266499057196732,0.340195526242038,0.266499057196732,12,4,"D3",24.9713447163872,TRUE,3
-0.131718065781338,-0.687776132134227,1,0.54437157812406,0.398874917273329,0.174718729318332,0.25252477502643,0.174718729318332,12,4,"D5",33.7643009775735,TRUE,5
-0.197909579963119,-1.01794649867213,1,0.434730494063003,0.276413080121362,0.0741656365883807,0.141567538353694,0.0741656365883807,12,4,"D6",42.405425623816,TRUE,6
-0.223450524263957,-1.14600460085331,1,0.372143219908583,0.225495175215846,0.0502793296089385,0.111124210984546,0.0502793296089385,12,4,"D7",38.4569618846996,TRUE,7
-0.0493472798830426,-0.252451815852238,1,0.830194612661503,0.742269402864382,0.532516307570666,0.622913259896854,0.532516307570666,12,5,"D0",51.3022805269488,TRUE,0
-0.0960976777505494,-0.493059462230362,1,0.699915890177946,0.561970143362607,0.295859823228407,0.394554275000856,0.295859823228407,12,5,"D1",47.0247722452587,TRUE,1
-0.0955085154730847,-0.513444938021267,1,0.582091821222256,0.450182426269383,0.260869565217391,0.326790057768319,0.260869565217391,12,5,"D3",23.2498847264302,TRUE,3
-0.138437061676064,-0.713796917081586,1,0.555718012671655,0.404111120667412,0.162724692526017,0.25202013376091,0.162724692526017,12,5,"D5",41.2678905771465,TRUE,5
-0.184351237860307,-0.958225992467469,1,0.443748650399482,0.28168862016843,0.0855106888361045,0.150070436293714,0.0855106888361045,12,5,"D6",35.1526009409558,TRUE,6
-0.221623916958526,-1.12519545758641,1,0.382761139517896,0.242326847732253,0.0525931336742148,0.122736284898447,0.0525931336742148,12,5,"D7",39.9841101694771,TRUE,7
-0.047937712866037,-0.24644294700447,1,0.829413638831675,0.741790180795068,0.539612024285503,0.625460032834533,0.539612024285503,12,6,"D0",45.3191392441696,TRUE,0
-0.105174284349339,-0.53882564693883,1,0.681060321761549,0.536409936495714,0.265051198198681,0.363843843927477,0.265051198198681,12,6,"D1",48.410693233272,TRUE,1
-0.0930174703614657,-0.49823186905609,1,0.590217581861036,0.465535578627501,0.272551960574245,0.34090700385965,0.272551960574245,12,6,"D3",24.0682416390864,TRUE,3
-0.141729553029338,-0.727043087125574,1,0.54930537041974,0.400977517106549,0.156402737047898,0.250430573011218,0.156402737047898,12,6,"D5",44.3829514253595,TRUE,5
-0.187228937652665,-0.973681983544169,1,0.443181818181818,0.280583985550873,0.0844370860927152,0.146023264814656,0.0844370860927152,12,6,"D6",35.9131440794267,TRUE,6
-0.259773792189894,-1.34734302241552,1,0.298659486038752,0.165287127553708,0.0309079201545396,0.0698438715180505,0.0309079201545396,12,6,"D7",35.7405785725162,TRUE,7
-0.0487345237340862,-0.249007228377062,1,0.832993880903675,0.746254011880089,0.537101777537052,0.628089523357631,0.537101777537052,12,7,"D0",53.1518364326121,TRUE,0
-0.10669456326752,-0.54474264708627,1,0.685327917811492,0.540161987815076,0.262391590013141,0.364020683652747,0.262391590013141,12,7,"D1",52.0681852373036,TRUE,1
-0.0974108530325587,-0.516377146192885,1,0.593186372745491,0.464904354162871,0.259719438877756,0.337789865445176,0.259719438877756,12,7,"D3",26.5744007764965,TRUE,3
-0.132166573846079,-0.67895654005557,1,0.563592881324347,0.422033108674721,0.176289716433208,0.27248767631412,0.176289716433208,12,7,"D5",42.7325874338834,TRUE,5
-0.161908001327125,-0.857059854366985,1,0.450106602355737,0.295082310999266,0.110726643598616,0.1680123029604,0.110726643598616,12,7,"D6",27.9620946185379,TRUE,6
-0.220333469867328,-1.1249664292531,1,0.389649507119387,0.244016976998905,0.0542168674698795,0.11907369738695,0.0542168674698795,12,7,"D7",43.3540921779574,TRUE,7
-0.0480719815148017,-0.246163009630822,1,0.833114934457976,0.746551161240983,0.54075859694003,0.629462828213259,0.54075859694003,12,8,"D0",49.9777953620499,TRUE,0
-0.1051292085351,-0.538589153196747,1,0.683094132545378,0.537960013814805,0.265934993668214,0.364272283225428,0.265934993668214,12,8,"D1",48.0508320854881,TRUE,1
-0.088123081776467,-0.474669621107875,1,0.589728046154811,0.467267292376513,0.284203265118418,0.352246971239843,0.284203265118418,12,8,"D3",22.2613818350729,TRUE,3
-0.141044233995809,-0.729150284285417,1,0.542816023027105,0.394213240585272,0.158311345646438,0.242517047596203,0.158311345646438,12,8,"D5",39.8651738897481,TRUE,5
-0.181429131732343,-0.942901852079719,1,0.439877894423349,0.284252847889212,0.0884520884520884,0.154397608943063,0.0884520884520884,12,8,"D6",35.0999958686371,TRUE,6
-0.241719046913094,-1.24809190351746,1,0.355963064117571,0.207023019898556,0.0429184549356223,0.089227653605336,0.0429184549356223,12,8,"D7",40.9952801507398,TRUE,7
-0.0486245848150914,-0.249563657643425,1,0.828755150736269,0.740711149855532,0.535613662201572,0.623248878055857,0.535613662201572,12,9,"D0",47.108194230863,TRUE,0
-0.107257534900504,-0.547916628412854,1,0.682568367567049,0.536659396495937,0.260058001581861,0.361209473363441,0.260058001581861,12,9,"D1",51.5755806489948,TRUE,1
-0.0953614360799059,-0.50766003220129,1,0.588010306787986,0.461160318866253,0.263064658990257,0.339315909953642,0.263064658990257,12,9,"D3",25.0407540554309,TRUE,3
-0.128225432234891,-0.663080674728215,1,0.563042263462839,0.420234698979442,0.182465221611129,0.273710437087985,0.182465221611129,12,9,"D5",38.062894234417,TRUE,5
-0.178480076971731,-0.935261386459957,1,0.426049313005835,0.272998306041784,0.0894409937888199,0.149896480331263,0.0894409937888199,12,9,"D6",31.1804135872225,TRUE,6
-0.222221985276927,-1.13445865156849,1,0.379264097031897,0.23808968452971,0.053880692751764,0.118107678082021,0.053880692751764,12,9,"D7",43.4060729442896,TRUE,7
-0.049000053567746,-0.251329625785593,1,0.828612832166107,0.740138990457305,0.533583378571781,0.621834563797748,0.533583378571781,12,10,"D0",47.8697832807702,TRUE,0
-0.105079868548767,-0.536694719228551,1,0.685151867922531,0.541598437545099,0.266059900518573,0.368585007964837,0.266059900518573,12,10,"D1",52.6366177454733,TRUE,1
-0.0940977059897185,-0.501164618267267,1,0.58822332546594,0.462806217953935,0.265890778871979,0.343016428513295,0.265890778871979,12,10,"D3",24.6688377868945,TRUE,3
-0.148222114097028,-0.757652174003472,1,0.544301242683736,0.39250929850359,0.144624167459562,0.239886976328461,0.144624167459562,12,10,"D5",47.568137029639,TRUE,5
-0.183015371846892,-0.949904268375766,1,0.439661798616449,0.284550345887779,0.0876249039200615,0.15363806063268,0.0876249039200615,12,10,"D6",36.1308588409879,TRUE,6
-0.241905387560695,-1.26324453582524,1,0.339886528565774,0.195619474864758,0.0435413642960813,0.0809190809190809,0.0435413642960813,12,10,"D7",33.8803940340563,TRUE,7
-0.0474878125092366,-0.244316956383284,1,0.829515169461868,0.742237596575767,0.541901095647024,0.627201196789589,0.541901095647024,12,11,"D0",44.4565323431356,TRUE,0
-0.10680932685174,-0.546318393340611,1,0.681096681096681,0.53503308285917,0.260551043159739,0.360693826532336,0.260551043159739,12,11,"D1",50.142809869271,TRUE,1
-0.095945042706119,-0.513591123087522,1,0.582716814502072,0.453724290196382,0.26075841499787,0.330482683060442,0.26075841499787,12,11,"D3",24.099316839753,TRUE,3
-0.129756109830145,-0.67076142475944,1,0.569277022190408,0.422121689334288,0.181417322834646,0.271037938439513,0.181417322834646,12,11,"D5",39.3538579146674,TRUE,5
-0.164972649124126,-0.86728500751292,1,0.450748268930087,0.300469064105428,0.108108108108108,0.169474669474669,0.108108108108108,12,11,"D6",30.405757257493,TRUE,6
-0.251096791953327,-1.30003096188489,1,0.330405504318548,0.194027228809837,0.0386473429951691,0.0789781876738399,0.0386473429951691,12,11,"D7",38.7299435934964,TRUE,7
-0.0484676838062407,-0.248717456690795,1,0.83009144329573,0.742390274778799,0.537454940496766,0.624622032453744,0.537454940496766,12,12,"D0",47.4088429398009,TRUE,0
-0.105079868548767,-0.536694719228551,1,0.685151867922531,0.541598437545099,0.266059900518573,0.368585007964837,0.266059900518573,12,12,"D1",52.6366177454733,TRUE,1
-0.0916016990964163,-0.491959384640664,1,0.590648357378759,0.46432585897213,0.275334608030593,0.342951503563358,0.275334608030593,12,12,"D3",23.3200970980905,TRUE,3
-0.134508935279212,-0.694642900387126,1,0.557512780617915,0.407940653478551,0.168704156479218,0.258978185628552,0.168704156479218,12,12,"D5",39.1522144654225,TRUE,5
-0.165329650387318,-0.87151590012643,1,0.450983186092904,0.296622969506982,0.108150470219436,0.166871921182266,0.108150470219436,12,12,"D6",29.5792380091032,TRUE,6
-0.225916081106257,-1.20743273270202,1,0.315897065897066,0.178030303030303,0.0476190476190476,0.0763416477702192,0.0476190476190476,12,12,"D7",25.5422355187858,TRUE,7
-0.0478226309823377,-0.245183665340747,1,0.83264188182221,0.746042614895074,0.541722049918771,0.629433137629859,0.541722049918771,12,13,"D0",48.3706998354793,TRUE,0
-0.0920479865847231,-0.472642028978658,1,0.707127492020424,0.572826233407825,0.310318393213063,0.40894256762811,0.310318393213063,12,13,"D1",46.4674170933246,TRUE,1
-0.0965526906035749,-0.515192998573265,1,0.585692681712896,0.457658071555734,0.260265319014529,0.332269541366193,0.260265319014529,12,13,"D3",24.911447369639,TRUE,3
-0.134416862621095,-0.690694916922328,1,0.555046009051944,0.41257081197734,0.170128585558853,0.266026093919269,0.170128585558853,12,13,"D5",41.6636894440563,TRUE,5
-0.167690731938994,-0.882594206754952,1,0.463471074380165,0.301134986225895,0.106666666666667,0.164885215794307,0.106666666666667,12,13,"D6",30.3952533742718,TRUE,6
-0.212650539076873,-1.07043577518675,1,0.399774138904574,0.263466967814794,0.0579710144927536,0.141485843349197,0.0579710144927536,12,13,"D7",33.311449467174,TRUE,7
-0.0475897958799522,-0.244956152729713,1,0.829081196773352,0.741613683576291,0.54129983183302,0.626078343458895,0.54129983183302,12,14,"D0",44.073642740435,TRUE,0
-0.105702644960552,-0.540125707420883,1,0.684029173605927,0.539705966806409,0.264687302590019,0.366090058604272,0.264687302590019,12,14,"D1",51.6490252238366,TRUE,1
-0.0949811929786662,-0.507071943304347,1,0.589853761495553,0.462788331071913,0.266169154228856,0.337724257500377,0.266169154228856,12,14,"D3",24.8119118119966,TRUE,3
-0.135273228971716,-0.700855047151693,1,0.555589680589681,0.406750614250614,0.17027027027027,0.254119866619867,0.17027027027027,12,14,"D5",38.5096125860416,TRUE,5
-0.151120684754401,-0.798751857636406,1,0.475985663082437,0.321720430107527,0.129032258064516,0.191234929944607,0.129032258064516,12,14,"D6",28.4616880539328,TRUE,6
-0.187135971805415,-0.98465282423337,1,0.375366568914956,0.241285222491394,0.0757363253856942,0.130607821351159,0.0757363253856942,12,14,"D7",28.5518348290006,TRUE,7
-0.0482913096988743,-0.247969884522369,1,0.82919946264189,0.741770576938682,0.537935138351681,0.624789571234082,0.537935138351681,12,15,"D0",46.6809569687275,TRUE,0
-0.105790794863196,-0.542210791782573,1,0.68016077123874,0.534189943594965,0.263043362878828,0.361204529773077,0.263043362878828,12,15,"D1",47.7636004000612,TRUE,1
-0.0942922561152877,-0.508065477902205,1,0.583172744111209,0.451159048812887,0.264251903683886,0.328516102132072,0.264251903683886,12,15,"D3",22.7690038887953,TRUE,3
-0.149604385072934,-0.763616335528919,1,0.541166103686297,0.391775591129388,0.14345718901454,0.239149864674905,0.14345718901454,12,15,"D5",49.4613797647217,TRUE,5
-0.20125992555681,-1.02722742930495,1,0.445225238553147,0.287107034543975,0.0732302685109845,0.145620449526064,0.0732302685109845,12,15,"D6",50.4333202249051,TRUE,6
-0.282328348349073,-1.43831568913022,1,0.322661295923328,0.179512466143482,0.027501909854851,0.0696973004077664,0.027501909854851,12,15,"D7",53.8129319284092,TRUE,7
-0.0493067535058812,-0.252538819533965,1,0.828968711700671,0.740818974839593,0.532315622521808,0.621775775770621,0.532315622521808,12,16,"D0",49.7595547776043,TRUE,0
-0.106246360358389,-0.541462756140139,1,0.686513820767271,0.542520246378465,0.263488080301129,0.368034621171384,0.263488080301129,12,16,"D1",55.8567617175787,TRUE,1
-0.093711990239643,-0.503509186038785,1,0.585871118129183,0.457241145950823,0.267990074441687,0.334356503711342,0.267990074441687,12,16,"D3",23.3532566176286,TRUE,3
-0.122082843831953,-0.634378690741327,1,0.565399624223154,0.425125018066195,0.194594594594595,0.284021225197696,0.194594594594595,12,16,"D5",34.6862800564384,TRUE,5
-0.181609937851463,-0.949697591338721,1,0.436108294844354,0.280027036160865,0.0892193308550186,0.148124902771743,0.0892193308550186,12,16,"D6",33.0585019595865,TRUE,6
-0.211006091495727,-1.0945972798083,1,0.359170653907496,0.226564593301435,0.0589473684210526,0.11444976076555,0.0589473684210526,12,16,"D7",34.5551002981547,TRUE,7
-0.0494827403414181,-0.253083094483653,1,0.829823000098883,0.741773414956447,0.531592999110056,0.62238908130335,0.531592999110056,12,17,"D0",51.6410912908659,TRUE,0
-0.104885087361638,-0.535722461256065,1,0.685986586318812,0.542578130617998,0.267046353425091,0.36932550126665,0.267046353425091,12,17,"D1",52.4444440832563,TRUE,1
-0.0886419830303668,-0.47661201868939,1,0.593810014757313,0.471841833949906,0.28552368245497,0.353072322385198,0.28552368245497,12,17,"D3",22.9150412355342,TRUE,3
-0.141858060861862,-0.720996939922586,1,0.557010264921015,0.414954822054214,0.158215010141988,0.262655532432409,0.158215010141988,12,17,"D5",49.8149272004833,TRUE,5
-0.187320262152169,-0.962880886772738,1,0.462160685006376,0.301147750045546,0.0865731462925852,0.158384301069672,0.0865731462925852,12,17,"D6",43.8737224545156,TRUE,6
-0.251583777548105,-1.29749829963474,1,0.35542618301239,0.205329153605016,0.0394088669950739,0.0822404196788433,0.0394088669950739,12,17,"D7",42.4075455541255,TRUE,7
-0.0486131389700124,-0.249246323158395,1,0.829694480310603,0.742125366097257,0.536249814420745,0.624619602696507,0.536249814420745,12,18,"D0",48.3837627290199,TRUE,0
-0.1051292085351,-0.538589153196747,1,0.683094132545378,0.537960013814805,0.265934993668214,0.364272283225428,0.265934993668214,12,18,"D1",48.0508320854881,TRUE,1
-0.0879377645701572,-0.473754452028241,1,0.595416144549093,0.47299810016573,0.288128056914184,0.35354241134588,0.288128056914184,12,18,"D3",22.6193172432989,TRUE,3
-0.132494946587388,-0.680402831005949,1,0.565465439637625,0.420710415412402,0.174077578051088,0.271625567746665,0.174077578051088,12,18,"D5",42.1353972562154,TRUE,5
-0.149756736389437,-0.809589347640746,1,0.462560800164417,0.303370555593615,0.13112283345893,0.170910852523513,0.13112283345893,12,18,"D6",22.8588306142717,TRUE,6
-0.207025272810999,-1.1108078675058,1,0.329617834394904,0.19203821656051,0.0573248407643312,0.09043345189842,0.0573248407643312,12,18,"D7",24.3067927149255,TRUE,7
-0.0487106482401741,-0.24859836885067,1,0.834874469114564,0.748416751787538,0.538734476641041,0.63004997171171,0.538734476641041,12,19,"D0",55.2095699815169,TRUE,0
-0.106564897353137,-0.544221554668557,1,0.683554733720724,0.538274562029634,0.261790588607261,0.363829351867503,0.261790588607261,12,19,"D1",52.3674385559464,TRUE,1
-0.0917918412867554,-0.493310057254186,1,0.590802230468826,0.463607219879928,0.274417610600556,0.341295592631348,0.274417610600556,12,19,"D3",23.2304560965464,TRUE,3
-0.122585791563555,-0.637247328713507,1,0.564827096893605,0.42559151062714,0.195453003053953,0.282796945165456,0.195453003053953,12,19,"D5",35.1027439653124,TRUE,5
-0.214666560908359,-1.09088242965456,1,0.425691699604743,0.270450592885375,0.0626086956521739,0.133026538678713,0.0626086956521739,12,19,"D6",54.5517710041652,TRUE,6
-0.233255659977822,-1.18365061817358,1,0.368316368316368,0.228746928746929,0.0463320463320463,0.111216968359826,0.0463320463320463,12,19,"D7",42.7367683186676,TRUE,7
-0.0495617209547265,-0.25343707597965,1,0.829575757575758,0.741400673400673,0.530962962962963,0.622124098124098,0.530962962962963,12,20,"D0",51.8840495003739,TRUE,0
-0.106211731198208,-0.543680114685396,1,0.682608904011118,0.536897493650261,0.263152345809172,0.361901567067619,0.263152345809172,12,20,"D1",48.7809051988632,TRUE,1
-0.0926623642019218,-0.494572302532206,1,0.596227726403985,0.47158825459951,0.275217668294755,0.347135769306081,0.275217668294755,12,20,"D3",24.8419329235861,TRUE,3
-0.119876295702364,-0.622818413895824,1,0.570524522331751,0.432621394669587,0.200803212851406,0.290712634086128,0.200803212851406,12,20,"D5",34.8606459654452,TRUE,5
-0.135773716938192,-0.731030786945427,1,0.475209661187521,0.325823549144582,0.150553505535055,0.203483969904634,0.150553505535055,12,20,"D6",23.2868793349712,TRUE,6
-0.238357477017981,-1.23690718640665,1,0.342284050469104,0.20109996764801,0.0427046263345196,0.0867611036650183,0.0427046263345196,12,20,"D7",37.0083493479194,TRUE,7
-0.0492988231222564,-0.251910118254385,1,0.831650328331255,0.744006222424868,0.533412007670748,0.62466082867322,0.533412007670748,12,21,"D0",53.0159757620703,TRUE,0
-0.10669456326752,-0.54474264708627,1,0.685327917811492,0.540161987815076,0.262391590013141,0.364020683652747,0.262391590013141,12,21,"D1",52.0681852373036,TRUE,1
-0.0922652335605484,-0.49500891904048,1,0.59535500995355,0.46769172433406,0.275286757038582,0.34211773627832,0.275286757038582,12,21,"D3",23.8263529916562,TRUE,3
-0.154947263685203,-0.788177680961259,1,0.548504992949437,0.392696192696193,0.136752136752137,0.232771343882455,0.136752136752137,12,21,"D5",57.4541622440651,TRUE,5
-0.158174195264612,-0.836752737337542,1,0.457502784498982,0.304205553635211,0.11660329531052,0.175733434288567,0.11660329531052,12,21,"D6",28.1646999037718,TRUE,6
-0.210498735856774,-1.11214807042866,1,0.331052965653431,0.199139572607377,0.0558572536850271,0.0987879459562935,0.0558572536850271,12,21,"D7",27.9024408344891,TRUE,7
-0.047937712866037,-0.24644294700447,1,0.829413638831675,0.741790180795068,0.539612024285503,0.625460032834533,0.539612024285503,12,22,"D0",45.3191392441696,TRUE,0
-0.106661226136408,-0.545470424289428,1,0.684153904266459,0.538379960122978,0.262557197706832,0.361877485056363,0.262557197706832,12,22,"D1",49.4934378853146,TRUE,1
-0.0915192360434424,-0.490065538957387,1,0.590104673565456,0.466359465310743,0.275289490932925,0.346532209324431,0.275289490932925,12,22,"D3",23.7220075909785,TRUE,3
-0.119977912646691,-0.623659141823558,1,0.570643756757547,0.431489436311037,0.200578592092575,0.289980671851453,0.200578592092575,12,22,"D5",34.7019328215088,TRUE,5
-0.177777741087185,-0.928021999768004,1,0.447287691732136,0.288709315375982,0.0938271604938272,0.156325156325156,0.0938271604938272,12,22,"D6",33.6736554261617,TRUE,6
-0.227371494058153,-1.20940273364254,1,0.31040131040131,0.176945126945127,0.045045045045045,0.0773760773760774,0.045045045045045,12,22,"D7",26.6525470427309,TRUE,7
-0.0486056728077376,-0.248661983959754,1,0.832844286199925,0.745840117371312,0.537886242865578,0.627462382136659,0.537886242865578,12,23,"D0",51.3175124666833,TRUE,0
-0.0951996790789112,-0.487699756146017,1,0.703706818415422,0.567331034676086,0.299722479185939,0.400199964492286,0.299722479185939,12,23,"D1",48.9252262138498,TRUE,1
-0.0961966410542106,-0.5126971110594,1,0.584703191884443,0.458704872852368,0.260589120619222,0.334523786254597,0.260589120619222,12,23,"D3",24.992518147567,TRUE,3
-0.128637134602135,-0.663887650082205,1,0.574050098508303,0.429389248522375,0.185758513931889,0.276711833058582,0.185758513931889,12,23,"D5",40.8399028081773,TRUE,5
-0.168825575209756,-0.886571404809433,1,0.452848685946985,0.296798763244222,0.104520945665699,0.164942067472138,0.104520945665699,12,23,"D6",31.1108775825998,TRUE,6
-0.205487342923529,-1.07079508338335,1,0.372478585244543,0.233434650455927,0.0638297872340425,0.117356807326412,0.0638297872340425,12,23,"D7",33.6045423203783,TRUE,7
-0.049000053567746,-0.251329625785593,1,0.828612832166107,0.740138990457305,0.533583378571781,0.621834563797748,0.533583378571781,12,24,"D0",47.8697832807702,TRUE,0
-0.105252479797052,-0.540024364663221,1,0.679195897755247,0.533807517538653,0.264583110349995,0.361551324625284,0.264583110349995,12,24,"D1",46.6455142810061,TRUE,1
-0.0936607891235061,-0.50056932475828,1,0.58875019626315,0.463966085727744,0.269430051813472,0.340937128501895,0.269430051813472,12,24,"D3",24.3676481037581,TRUE,3
-0.143452705162063,-0.738107045658687,1,0.548493615031706,0.3974401683177,0.154291224686596,0.242795777029143,0.154291224686596,12,24,"D5",43.5843308056124,TRUE,5
-0.190669696901383,-0.982583263149582,1,0.451347647327547,0.291365920511649,0.083494395052184,0.150999754014829,0.083494395052184,12,24,"D6",42.4615228841357,TRUE,6
-0.226497620391033,-1.1784381342649,1,0.361071741918067,0.218343794290342,0.0534521158129176,0.0981594500525458,0.0534521158129176,12,24,"D7",35.3873441337691,TRUE,7
-0.049718768573017,-0.254086328255525,1,0.828986679246131,0.740796549632725,0.529577464788732,0.621727815056206,0.529577464788732,12,25,"D0",52.6165294096137,TRUE,0
-0.104841438745202,-0.536124120222972,1,0.685770647403857,0.541666468130119,0.267309607421773,0.36792611445371,0.267309607421773,12,25,"D1",50.4799539765631,TRUE,1
-0.0908701815579511,-0.487129163566528,1,0.596198134197275,0.46933916234045,0.278231000429369,0.348195814490361,0.278231000429369,12,25,"D3",23.6540500704094,TRUE,3
-0.13362255378621,-0.695662451841206,1,0.542639454117071,0.396322021969952,0.169639851901717,0.25092779990121,0.169639851901717,12,25,"D5",34.9732128869748,TRUE,5
-0.166851445467315,-0.880756908172648,1,0.465674230380113,0.303815580286169,0.109697933227345,0.163901678607561,0.109697933227345,12,25,"D6",29.4798921391826,TRUE,6
-0.204304137477205,-1.08369305501316,1,0.364124684626028,0.220232766338406,0.0644583706356312,0.103721703542653,0.0644583706356312,12,25,"D7",27.7327068105858,TRUE,7
-0.0473378279941544,-0.243648259598537,1,0.829147016378113,0.741989201145524,0.542406409178577,0.62753072060228,0.542406409178577,12,26,"D0",43.9869281487004,TRUE,0
-0.105543414131023,-0.541523610855503,1,0.679551116186511,0.533543416354674,0.263952933693751,0.360654451288892,0.263952933693751,12,26,"D1",46.4684433067029,TRUE,1
-0.0942812343683141,-0.504379973611441,1,0.586049785877706,0.458550225855023,0.265863626586363,0.337315942822503,0.265863626586363,12,26,"D3",24.0487116378998,TRUE,3
-0.137798936577402,-0.70735202431514,1,0.559474796928897,0.412462445754979,0.165238678090575,0.259410418223148,0.165238678090575,12,26,"D5",44.595879339949,TRUE,5
-0.160088206752342,-0.853972325915322,1,0.449202517117188,0.29497763881743,0.114932520679147,0.163867042839616,0.114932520679147,12,26,"D6",26.052242550246,TRUE,6
-0.264748254809926,-1.34295754279272,1,0.343801652892562,0.200073461891644,0.0323232323232323,0.0838952293497748,0.0323232323232323,12,26,"D7",52.6612461014019,TRUE,7
-0.048252766849754,-0.247271882718093,1,0.832406785730272,0.7453578622264,0.53943870014771,0.627505483192337,0.53943870014771,12,27,"D0",49.0170720169356,TRUE,0
-0.106295952900212,-0.543378603441861,1,0.682736212714007,0.537515260461226,0.262662577984562,0.363431746428468,0.262662577984562,12,27,"D1",50.9565083381751,TRUE,1
-0.0876615774114458,-0.471908538067907,1,0.595571095571096,0.473264235764236,0.288461538461538,0.355572998430141,0.288461538461538,12,27,"D3",22.6264708250017,TRUE,3
-0.141113167401462,-0.722446317150591,1,0.555186170212766,0.408710106382979,0.159574468085106,0.255025559546836,0.159574468085106,12,27,"D5",47.0827826994318,TRUE,5
-0.157580312168466,-0.837163914676291,1,0.455926621099975,0.298905691114495,0.116867939228672,0.172681233842122,0.116867939228672,12,27,"D6",26.8673390177975,TRUE,6
-0.208426674929786,-1.11400128541313,1,0.333707444818556,0.198294051627385,0.0592592592592593,0.0928330928330928,0.0592592592592593,12,27,"D7",25.3979418894288,TRUE,7
-0.0493497864652057,-0.252014304104399,1,0.831859833929003,0.744441458630049,0.533254507833284,0.625082376486456,0.533254507833284,12,28,"D0",54.0146239302772,TRUE,0
-0.105674479144842,-0.541213824818637,1,0.68205284523343,0.536963116717228,0.264410027143541,0.362851157039246,0.264410027143541,12,28,"D1",48.3799196073394,TRUE,1
-0.0966950948396567,-0.518850089012839,1,0.57966532928858,0.449374694197084,0.258342303552207,0.324845875330267,0.258342303552207,12,28,"D3",23.7284969980521,TRUE,3
-0.132250037252446,-0.688603296349382,1,0.548996068309373,0.402851226027192,0.174314955430835,0.254783842766675,0.174314955430835,12,28,"D5",35.2374826360661,TRUE,5
-0.162511468165481,-0.857614173570394,1,0.468941324420029,0.307336929542973,0.113578449217328,0.171431408053177,0.113578449217328,12,28,"D6",29.3996404133708,TRUE,6
-0.234282825066829,-1.19617599938301,1,0.349660889223813,0.216660957731041,0.0452147701582517,0.104140772565791,0.0452147701582517,12,28,"D7",41.216308971406,TRUE,7
-0.0483596218005089,-0.248141518292058,1,0.830003552365921,0.742529914068718,0.537765247069298,0.625223468226881,0.537765247069298,12,29,"D0",47.455258865902,TRUE,0
-0.105422297015005,-0.540503215157851,1,0.680138624021065,0.534822508978616,0.264508572037057,0.362120682001419,0.264508572037057,12,29,"D1",47.3833596920503,TRUE,1
-0.0878650915442923,-0.477607047172266,1,0.586486221437678,0.460311856428361,0.284789644012945,0.342761876742459,0.284789644012945,12,29,"D3",21.0213833496307,TRUE,3
-0.142938738700708,-0.730315401025673,1,0.554447830074254,0.407679791734461,0.15619915392125,0.253227735492623,0.15619915392125,12,29,"D5",48.9069421820969,TRUE,5
-0.139672407743367,-0.755295769548571,1,0.45933014354067,0.30960275954156,0.141982864137087,0.189813858112512,0.141982864137087,12,29,"D6",22.4514821951339,TRUE,6
-0.220855868604565,-1.1501339676596,1,0.364752668666713,0.221530733272867,0.0552570990023024,0.102151877286183,0.0552570990023024,12,29,"D7",35.218325625542,TRUE,7
-0.0492988231222564,-0.251910118254385,1,0.831650328331255,0.744006222424868,0.533412007670748,0.62466082867322,0.533412007670748,12,30,"D0",53.0159757620703,TRUE,0
-0.0949793267875851,-0.486756004747675,1,0.703032791091497,0.566492346879272,0.299892235849541,0.400393469105944,0.299892235849541,12,30,"D1",48.5973936997973,TRUE,1
-0.0889384132394865,-0.477363378359599,1,0.596001840994137,0.474100014007564,0.285274047985912,0.354116937431928,0.285274047985912,12,30,"D3",23.3226048018923,TRUE,3
-0.139995469066563,-0.723404115454128,1,0.545039841227524,0.397298498178264,0.160312805474096,0.245471048990111,0.160312805474096,12,30,"D5",40.101156930415,TRUE,5
-0.187372937691306,-0.968708734638876,1,0.450876170227358,0.290730770549707,0.0860052810260279,0.152326737766195,0.0860052810260279,12,30,"D6",39.8377467603279,TRUE,6
-0.226624850660533,-1.15855680302685,1,0.387363568571622,0.241814114297336,0.0536912751677852,0.113144871534133,0.0536912751677852,12,30,"D7",48.7763722085981,TRUE,7
-0.0487987148807134,-0.248903661200591,1,0.834692444297325,0.748313822672923,0.537912709737736,0.630059602356999,0.537912709737736,12,31,"D0",56.1871938562958,TRUE,0
-0.1051292085351,-0.538589153196747,1,0.683094132545378,0.537960013814805,0.265934993668214,0.364272283225428,0.265934993668214,12,31,"D1",48.0508320854881,TRUE,1
-0.0949377800410177,-0.507647406628989,1,0.585634070994191,0.45832637121374,0.264159008335114,0.335403002639592,0.264159008335114,12,31,"D3",24.2510455138648,TRUE,3
-0.124474653606574,-0.647396865548738,1,0.558132237110491,0.420679700003138,0.190541939937867,0.27621498280801,0.190541939937867,12,31,"D5",34.9908373676278,TRUE,5
-0.186778079026283,-0.970418032786642,1,0.433375938648346,0.277975714970443,0.0843585237258348,0.147233697760939,0.0843585237258348,12,31,"D6",36.0581844025866,TRUE,6
-0.221238822279278,-1.14552165806144,1,0.353752113408766,0.21810378462739,0.0515021459227468,0.10435129963027,0.0515021459227468,12,31,"D7",36.1109668019023,TRUE,7
-0.0491236542180321,-0.251447185098495,1,0.830287464190457,0.742579005505016,0.534031413612565,0.623683883043757,0.534031413612565,12,32,"D0",50.6138937200599,TRUE,0
-0.0942610333909408,-0.484778185102164,1,0.699985445531074,0.56273962055091,0.301192996952952,0.398013080242074,0.301192996952952,12,32,"D1",44.7355294849478,TRUE,1
-0.0954852770689147,-0.509445750407345,1,0.583317966685107,0.457717130739443,0.262339418526031,0.335941273060949,0.262339418526031,12,32,"D3",24.6032521289004,TRUE,3
-0.127346117841635,-0.657218547329758,1,0.570362682673698,0.426316232363749,0.185128046899105,0.279030441943123,0.185128046899105,12,32,"D5",39.1511134844838,TRUE,5
-0.15335302047595,-0.820195128565079,1,0.452236313901027,0.297665991687094,0.121922626025791,0.173444375085641,0.121922626025791,12,32,"D6",25.0672639654871,TRUE,6
-0.220727584436705,-1.17240108929752,1,0.34435049961568,0.202669275382573,0.0553420445810915,0.0869560877247272,0.0553420445810915,12,32,"D7",27.092412213223,TRUE,7
-0.0494971740437049,-0.25302584158518,1,0.829053578078799,0.740906623113819,0.530674695227284,0.622679230842698,0.530674695227284,12,33,"D0",52.0617921611617,TRUE,0
-0.10518900149887,-0.539638855721776,1,0.679385252102276,0.534154233590536,0.264776936704783,0.361887052658513,0.264776936704783,12,33,"D1",46.7862692980283,TRUE,1
-0.090606431307195,-0.489523990647685,1,0.58935097910976,0.46253991459239,0.279305966991113,0.339965155453941,0.279305966991113,12,33,"D3",22.3561100176236,TRUE,3
-0.139621336066081,-0.718078572341264,1,0.552867611691141,0.404295051353875,0.160597572362278,0.252185722773958,0.160597572362278,12,33,"D5",42.9861312267545,TRUE,5
-0.166881907694212,-0.870769212269976,1,0.467864780700109,0.312572693505422,0.108955839867932,0.1755256711922,0.108955839867932,12,33,"D6",33.9802862159759,TRUE,6
-0.217547731829224,-1.12930331058722,1,0.353106353106353,0.22032994032994,0.0555984555984556,0.10718547861405,0.0555984555984556,12,33,"D7",35.2918891567464,TRUE,7
-0.049527595711059,-0.25234671067072,1,0.833153765339652,0.74620649574178,0.532874354561102,0.626778090363042,0.532874354561102,12,34,"D0",58.1321633743834,TRUE,0
-0.10618587675666,-0.543491983804662,1,0.680942618008153,0.535361682626209,0.262350756168745,0.361905910486436,0.262350756168745,12,34,"D1",49.4210166137308,TRUE,1
-0.0951907836790881,-0.507987782637208,1,0.589186323880201,0.462023399341184,0.264889629321116,0.337224208527832,0.264889629321116,12,34,"D3",24.8370887577563,TRUE,3
-0.147014265782582,-0.744022720605193,1,0.558025448413307,0.413128928407175,0.149747048903879,0.256406999408686,0.149747048903879,12,34,"D5",54.1133951473871,TRUE,5
-0.164420209951232,-0.871039729782222,1,0.445679158292942,0.292209481026126,0.109232769830949,0.163365026824065,0.109232769830949,12,34,"D6",28.008667821957,TRUE,6
-0.219784990229012,-1.12996075765333,1,0.369417108251325,0.230734292202877,0.0545041635124905,0.11362899023762,0.0545041635124905,12,34,"D7",39.9201255581487,TRUE,7
-0.0495617209547265,-0.25343707597965,1,0.829575757575758,0.741400673400673,0.530962962962963,0.622124098124098,0.530962962962963,12,35,"D0",51.8840495003739,TRUE,0
-0.106306367600956,-0.54234817389046,1,0.686183441132247,0.541668297572734,0.263376214229457,0.366313549931297,0.263376214229457,12,35,"D1",53.6180970327652,TRUE,1
-0.091240883219701,-0.489893606794957,1,0.591844369622147,0.466116722783389,0.276543209876543,0.344567366789589,0.276543209876543,12,35,"D3",23.3634305721963,TRUE,3
-0.126594901485591,-0.661885854370053,1,0.558041077864866,0.410618456433434,0.185022026431718,0.264223190277312,0.185022026431718,12,35,"D5",33.0148507510681,TRUE,5
-0.170026698623382,-0.894811524767327,1,0.457314779992478,0.296871687920955,0.103798420458819,0.160982304645336,0.103798420458819,12,35,"D6",30.5021817125807,TRUE,6
-0.28249027863338,-1.41291010976203,1,0.362456683624567,0.217120106171201,0.0291970802919708,0.0838520765528065,0.0291970802919708,12,35,"D7",55.022671212108,TRUE,7
-0.049000053567746,-0.251329625785593,1,0.828612832166107,0.740138990457305,0.533583378571781,0.621834563797748,0.533583378571781,12,36,"D0",47.8697832807702,TRUE,0
-0.105382951730812,-0.539540417647073,1,0.682606051027104,0.537319137319137,0.264896475422791,0.364272680062154,0.264896475422791,12,36,"D1",49.0562134217317,TRUE,1
-0.0932467076746067,-0.499266051208932,1,0.585337755973544,0.459173337040936,0.26742407690627,0.339475468817833,0.26742407690627,12,36,"D3",23.6333942013281,TRUE,3
-0.145454027263362,-0.74332260991722,1,0.550205278592375,0.400627565982405,0.150967741935484,0.247017176372015,0.150967741935484,12,36,"D5",48.5063813483343,TRUE,5
-0.173267267142312,-0.911008571473688,1,0.444807733314379,0.288272087568413,0.0985144644253323,0.155930465156423,0.0985144644253323,12,36,"D6",30.7400030216577,TRUE,6
-0.212215810076565,-1.13700118156206,1,0.316929292929293,0.184387878787879,0.0533333333333333,0.0860606060606061,0.0533333333333333,12,36,"D7",24.5592450998388,TRUE,7
-0.0495084781411223,-0.252445381386313,1,0.83258250533483,0.745383861746245,0.532650952216918,0.625929161631145,0.532650952216918,12,37,"D0",56.5894105667232,TRUE,0
-0.105637592300467,-0.538957239018126,1,0.686152979964978,0.54241994818282,0.265155093686034,0.368492946197245,0.265155093686034,12,37,"D1",54.0631269979496,TRUE,1
-0.0983698439196188,-0.525352615733842,1,0.581298482937827,0.4509916313195,0.254728877679697,0.324918251147759,0.254728877679697,12,37,"D3",24.8441435993509,TRUE,3
-0.138201585006101,-0.704185368076196,1,0.562601099967648,0.421805241022323,0.166548042704626,0.268697139159773,0.166548042704626,12,37,"D5",49.581324084106,TRUE,5
-0.164578626592647,-0.865542914564139,1,0.46049028121034,0.303126043684457,0.110213078618663,0.171145166369266,0.110213078618663,12,37,"D6",30.5116679092488,TRUE,6
-0.235740034073145,-1.23528602964433,1,0.340944326990839,0.198900634249471,0.0465116279069767,0.083247759991946,0.0465116279069767,12,37,"D7",32.1928493037744,TRUE,7
-0.0488499306475794,-0.250495561063929,1,0.829166365802585,0.741400101090331,0.53494837172359,0.623089083275739,0.53494837172359,12,38,"D0",48.293505995444,TRUE,0
-0.106411029630798,-0.543996493896674,1,0.683334613022113,0.538169917076167,0.262880067567568,0.363113290847666,0.262880067567568,12,38,"D1",50.523006211441,TRUE,1
-0.0928484130996271,-0.498726634417933,1,0.586572438162544,0.458381360896431,0.269382664726668,0.337584053859256,0.269382664726668,12,38,"D3",23.2024941954934,TRUE,3
-0.144961339154029,-0.740344239179367,1,0.554672812177815,0.404251319061192,0.152101400933956,0.24907947289535,0.152101400933956,12,38,"D5",49.5026149633425,TRUE,5
-0.160798850034014,-0.854655199319758,1,0.446287635194388,0.290156387021339,0.110932475884244,0.165699252515973,0.110932475884244,12,38,"D6",26.6633998849507,TRUE,6
-0.196340972015248,-1.0473726295225,1,0.372592924317062,0.229789520824004,0.070935960591133,0.107798605335551,0.070935960591133,12,38,"D7",26.0424315153232,TRUE,7
-0.0484262900443426,-0.247630431173455,1,0.833400434817618,0.746842204149556,0.539120165338057,0.629057243317651,0.539120165338057,12,39,"D0",51.9957023079,TRUE,0
-0.104433974773243,-0.536357787756152,1,0.679138663839638,0.533859186710369,0.26639563496309,0.362786726486309,0.26639563496309,12,39,"D1",45.7349098303674,TRUE,1
-0.0951956270360002,-0.509687326898178,1,0.579100469903782,0.451815537338026,0.260460953233386,0.332120553422858,0.260460953233386,12,39,"D3",23.6674433818653,TRUE,3
-0.139233942523233,-0.719907197193221,1,0.543883501012115,0.393854799238648,0.159521435692921,0.246071309879884,0.159521435692921,12,39,"D5",38.8990519816758,TRUE,5
-0.164047590579984,-0.866122970470351,1,0.462947658402204,0.306053719008264,0.113636363636364,0.168772136953955,0.113636363636364,12,39,"D6",29.3980733354013,TRUE,6
-0.180375299558549,-1.00263056058234,1,0.316032478904633,0.184508836172584,0.0735551663747811,0.0940591807491983,0.0735551663747811,12,39,"D7",18.0709611973552,TRUE,7
-0.0490035493969358,-0.25069065130666,1,0.832169552634051,0.744650261906573,0.535550853712543,0.625178049820081,0.535550853712543,12,40,"D0",51.3628989317997,TRUE,0
-0.106726206533572,-0.544571956279734,1,0.687693711851838,0.54296172348881,0.263543191800878,0.365097097004648,0.263543191800878,12,40,"D1",52.067588856518,TRUE,1
-0.0953424427016069,-0.511139295210095,1,0.580543628203385,0.452614194952301,0.261594357768754,0.330470768812295,0.261594357768754,12,40,"D3",23.6725145631602,TRUE,3
-0.146769720297852,-0.748447098444179,1,0.549754880880709,0.399380751698633,0.147587511825922,0.246384646573861,0.147587511825922,12,40,"D5",48.8517818014992,TRUE,5
-0.170473998582986,-0.897443968589074,1,0.450213251838667,0.291567317056789,0.101957886959734,0.159451925983141,0.101957886959734,12,40,"D6",30.2417506895617,TRUE,6
-0.232804570108072,-1.23200328275942,1,0.306950317124736,0.175964587737844,0.0436046511627907,0.0770254454847478,0.0436046511627907,12,40,"D7",28.2268462675821,TRUE,7
-0.0487691958623564,-0.250041408986795,1,0.829282098047231,0.74135943613633,0.534861886643277,0.623544760818072,0.534861886643277,12,41,"D0",48.2861412711048,TRUE,0
-0.104918025644236,-0.537494804900332,1,0.682166048237477,0.537337662337662,0.26594387755102,0.364838711458609,0.26594387755102,12,41,"D1",48.4144319233913,TRUE,1
-0.090889631446688,-0.488321735201994,1,0.592731782479612,0.466702995227179,0.277800744109136,0.345200066572534,0.277800744109136,12,41,"D3",23.2458693217137,TRUE,3
-0.138254761404107,-0.715610322560877,1,0.543959821828944,0.395091327613524,0.16178888523512,0.247210205118788,0.16178888523512,12,41,"D5",38.4157066950772,TRUE,5
-0.152685157488727,-0.813595094306347,1,0.465156985012581,0.308872114648288,0.125150421179302,0.179104088851381,0.125150421179302,12,41,"D6",26.1823843719961,TRUE,6
-0.252564458093865,-1.28408855864226,1,0.353503639217925,0.209661766804624,0.0376766091051805,0.0922750718669086,0.0376766091051805,12,41,"D7",50.3888595991096,TRUE,7
-0.0495617209547265,-0.25343707597965,1,0.829575757575758,0.741400673400673,0.530962962962963,0.622124098124098,0.530962962962963,12,42,"D0",51.8840495003739,TRUE,0
-0.104968094913111,-0.53462889787745,1,0.690233236151603,0.547777441217674,0.268013327780092,0.373339436490207,0.268013327780092,12,42,"D1",56.8643164592984,TRUE,1
-0.0946622115261819,-0.506196493761114,1,0.587305277842362,0.46019530341781,0.265984654731458,0.336649284219617,0.265984654731458,12,42,"D3",24.3328402820494,TRUE,3
-0.145471109104179,-0.742087634482666,1,0.557504101374668,0.407902924704418,0.153080273802116,0.250038387250584,0.153080273802116,12,42,"D5",52.4191358596015,TRUE,5
-0.147082887830964,-0.796363458077439,1,0.454688618468146,0.299506084466714,0.132283464566929,0.17394416607015,0.132283464566929,12,42,"D6",22.4892775505913,TRUE,6
-0.248210544605461,-1.29794071126066,1,0.30940243557066,0.17536108751062,0.0373831775700935,0.0734818141360197,0.0373831775700935,12,42,"D7",32.9981515919983,TRUE,7
-0.0490871331295316,-0.251452243036197,1,0.829162220931646,0.741373023054794,0.53365027484772,0.622884617981929,0.53365027484772,12,43,"D0",49.5816479383783,TRUE,0
-0.104841438745202,-0.536124120222972,1,0.685770647403857,0.541666468130119,0.267309607421773,0.36792611445371,0.267309607421773,12,43,"D1",50.4799539765631,TRUE,1
-0.0913492496317208,-0.4889188936845,1,0.597546259050684,0.47266291230893,0.278761061946903,0.348554763820251,0.278761061946903,12,43,"D3",24.2075722332612,TRUE,3
-0.13571594061098,-0.699391338249577,1,0.556763018534863,0.408296557811121,0.16747572815534,0.259200447610642,0.16747572815534,12,43,"D5",40.8102144867855,TRUE,5
-0.158023178600443,-0.831708342944932,1,0.480226340007462,0.322329312274593,0.12311901504788,0.183723595146304,0.12311901504788,12,43,"D6",30.5343302641914,TRUE,6
-0.230263432068224,-1.19529526494243,1,0.348279608837378,0.209880478087649,0.047808764940239,0.0942619133854194,0.047808764940239,12,43,"D7",36.6699958166473,TRUE,7
-0.0484262900443426,-0.247630431173455,1,0.833400434817618,0.746842204149556,0.539120165338057,0.629057243317651,0.539120165338057,12,44,"D0",51.9957023079,TRUE,0
-0.105490455576926,-0.54027766823621,1,0.681827848884421,0.536884691233904,0.26478094427903,0.363460284929872,0.26478094427903,12,44,"D1",48.5312466934506,TRUE,1
-0.0848084103582715,-0.457534859072657,1,0.602724617552746,0.482441126610976,0.299258593574478,0.364613817995081,0.299258593574478,12,44,"D3",22.230691735609,TRUE,3
-0.138858999795443,-0.708681046160718,1,0.556339588013796,0.413941714394203,0.16289592760181,0.264233504052509,0.16289592760181,12,44,"D5",46.5641040879654,TRUE,5
-0.163978109930009,-0.86293509921263,1,0.460365404449683,0.305481066745248,0.111831442463533,0.171504346544865,0.111831442463533,12,44,"D6",30.4136830333761,TRUE,6
-0.222586222312883,-1.17050262340491,1,0.321291086763399,0.190287237192775,0.0488599348534202,0.0905177884005246,0.0488599348534202,12,44,"D7",29.6547082072997,TRUE,7
-0.0484262900443426,-0.247630431173455,1,0.833400434817618,0.746842204149556,0.539120165338057,0.629057243317651,0.539120165338057,12,45,"D0",51.9957023079,TRUE,0
-0.105637592300467,-0.538957239018126,1,0.686152979964978,0.54241994818282,0.265155093686034,0.368492946197245,0.265155093686034,12,45,"D1",54.0631269979496,TRUE,1
-0.0983000708632936,-0.526045850431335,1,0.5779589961523,0.446310227990582,0.252684775742262,0.322192231857425,0.252684775742262,12,45,"D3",24.2201321480001,TRUE,3
-0.140056902666054,-0.72326897041459,1,0.545575838437746,0.397101097701498,0.160106737825217,0.246255079143672,0.160106737825217,12,45,"D5",40.4230418169764,TRUE,5
-0.152986731266023,-0.817961050538574,1,0.455911967779056,0.302092922899885,0.123417721518987,0.174523261548578,0.123417721518987,12,45,"D6",25.2619565024623,TRUE,6
-0.230750950562885,-1.21450341257599,1,0.33624484662148,0.192649011250087,0.0461183704842429,0.0830130668716372,0.0461183704842429,12,45,"D7",30.4873783590219,TRUE,7
-0.049202681116461,-0.251341255610312,1,0.831664743090784,0.744284295568618,0.533805727782699,0.625505977144595,0.533805727782699,12,46,"D0",53.4410670193957,TRUE,0
-0.104433974773243,-0.536357787756152,1,0.679138663839638,0.533859186710369,0.26639563496309,0.362786726486309,0.26639563496309,12,46,"D1",45.7349098303674,TRUE,1
-0.0974761711523179,-0.521766663935298,1,0.579712324903638,0.44893108959293,0.255635987590486,0.324903638243866,0.255635987590486,12,46,"D3",24.1753631563347,TRUE,3
-0.127532428793368,-0.656277884476009,1,0.568568033273916,0.42807486631016,0.184313725490196,0.281852134793311,0.184313725490196,12,46,"D5",40.1544133788962,TRUE,5
-0.168761993881865,-0.892120099383776,1,0.447982013997172,0.292156507234289,0.105305145592341,0.158372142416817,0.105305145592341,12,46,"D6",28.9264626839323,TRUE,6
-0.19526093165767,-1.0420176212238,1,0.348325358851675,0.21456017666544,0.0680161943319838,0.107913139492087,0.0680161943319838,12,46,"D7",25.4677919452932,TRUE,7
-0.0495084781411223,-0.252445381386313,1,0.83258250533483,0.745383861746245,0.532650952216918,0.625929161631145,0.532650952216918,12,47,"D0",56.5894105667232,TRUE,0
-0.105286189189001,-0.540604808453425,1,0.678553383341755,0.532596486454973,0.264215476699444,0.360329228274932,0.264215476699444,12,47,"D1",45.7890956321343,TRUE,1
-0.0996129520845899,-0.529832453395732,1,0.577890131259115,0.448766164316966,0.248983957219251,0.324653100909785,0.248983957219251,12,47,"D3",25.4390300957158,TRUE,3
-0.119379683305551,-0.628152299836917,1,0.568082074665147,0.422325448845825,0.203134796238245,0.277242193543134,0.203134796238245,12,47,"D5",30.4781459671647,TRUE,5
-0.178660047225603,-0.930855157084599,1,0.442155545603821,0.288602776533811,0.0935960591133005,0.157049026507155,0.0935960591133005,12,47,"D6",34.6150343276391,TRUE,6
-0.188850302311073,-1.00738960750224,1,0.348059824936246,0.217437452615618,0.0727824109173616,0.116410503825212,0.0727824109173616,12,47,"D7",25.0149212743245,TRUE,7
-0.0494489332524972,-0.253250454982061,1,0.82899214365881,0.74053872053872,0.531555555555556,0.621016514349848,0.531555555555556,12,48,"D0",49.8218461853452,TRUE,0
-0.105079868548767,-0.536694719228551,1,0.685151867922531,0.541598437545099,0.266059900518573,0.368585007964837,0.266059900518573,12,48,"D1",52.6366177454733,TRUE,1
-0.0899680428531777,-0.482830714133025,1,0.587130753377605,0.465079001602931,0.277536065949164,0.348957202632495,0.277536065949164,12,48,"D3",22.8918976109078,TRUE,3
-0.141373799845875,-0.727249219200485,1,0.551411967409397,0.401670414391262,0.15804690009637,0.247938056161635,0.15804690009637,12,48,"D5",43.4797522148953,TRUE,5
-0.165989405919551,-0.86767368137947,1,0.452901859089083,0.30145732130465,0.106066693451185,0.173798479543759,0.106066693451185,12,48,"D6",31.9793486510018,TRUE,6
-0.26624844629151,-1.37801755082133,1,0.320468587017572,0.179138249217684,0.0317740511915269,0.0680987150537018,0.0317740511915269,12,48,"D7",39.5333773394468,TRUE,7
-0.0493252162606403,-0.252527688221728,1,0.82928360927078,0.741120585636301,0.532293876745448,0.622134760685113,0.532293876745448,12,49,"D0",50.2769634946093,TRUE,0
-0.105345789572387,-0.536913651609017,1,0.688194245292037,0.545176369371953,0.266246056782334,0.370894615374111,0.266246056782334,12,49,"D1",55.8035656165219,TRUE,1
-0.0950400299099825,-0.508004776036528,1,0.583089915548932,0.456047690014903,0.262295081967213,0.335047902916755,0.262295081967213,12,49,"D3",24.1141660592333,TRUE,3
-0.146860031752154,-0.743479963035946,1,0.561324709546053,0.41401365432986,0.150197628458498,0.256596170627791,0.150197628458498,12,49,"D5",54.9379782326122,TRUE,5
-0.14838190249792,-0.787541293615097,1,0.462522298138736,0.312308572582545,0.12884116993706,0.19104997187189,0.12884116993706,12,49,"D6",26.4806476624014,TRUE,6
-0.208974664007334,-1.10597419953474,1,0.333585019631531,0.205949864089399,0.0598006644518272,0.0999590110885792,0.0598006644518272,12,49,"D7",27.7897919711755,TRUE,7
-0.0478254162499553,-0.245248125194588,1,0.832139966099724,0.745413400000894,0.541348944753284,0.629116541941848,0.541348944753284,12,50,"D0",48.0742093120483,TRUE,0
-0.106306367600956,-0.54234817389046,1,0.686183441132247,0.541668297572734,0.263376214229457,0.366313549931297,0.263376214229457,12,50,"D1",53.6180970327652,TRUE,1
-0.0933135379156079,-0.498863862920016,1,0.589454469395904,0.46429236941682,0.271072997280904,0.342299198396249,0.271072997280904,12,50,"D3",24.2963538712786,TRUE,3
-0.141964503883482,-0.7284100168817,1,0.553838092742992,0.404279102261811,0.157540826128722,0.25007589272719,0.157540826128722,12,50,"D5",45.6540704288481,TRUE,5
-0.1651973482402,-0.871281621168112,1,0.458273807449737,0.300993065960486,0.110387121502491,0.167283081043142,0.110387121502491,12,50,"D6",29.672717091531,TRUE,6
-0.197734553315247,-1.02979253425164,1,0.353815937149271,0.226936026936027,0.0648148148148148,0.125220458553792,0.0648148148148148,12,50,"D7",29.4534419203839,TRUE,7
-0.0487641051842351,-0.249954063335095,1,0.829495290186724,0.742073580405012,0.53568771390308,0.624097444146053,0.53568771390308,12,51,"D0",48.8246367320105,TRUE,0
-0.105818665696087,-0.541725381190865,1,0.683239690448426,0.538203405838305,0.264602989504929,0.363142793811722,0.264602989504929,12,51,"D1",48.5744905739776,TRUE,1
-0.0899999846229405,-0.484087806432105,1,0.59181332036947,0.467095770539621,0.279786096256684,0.346960205569831,0.279786096256684,12,51,"D3",22.8961266390998,TRUE,3
-0.125100046085686,-0.651900102170444,1,0.558989253557944,0.415277374382806,0.187859424920128,0.272187876021742,0.187859424920128,12,51,"D5",34.0200112040741,TRUE,5
-0.17345368422139,-0.915509293963711,1,0.430844830844831,0.274065394065394,0.0948024948024948,0.150897750897751,0.0948024948024948,12,51,"D6",28.7499713787755,TRUE,6
-0.216622201787509,-1.12623989129576,1,0.368417121087622,0.230686486890267,0.0591618734593262,0.108143294667535,0.0591618734593262,12,51,"D7",35.7091221568469,TRUE,7
-0.0488499306475794,-0.250495561063929,1,0.829166365802585,0.741400101090331,0.53494837172359,0.623089083275739,0.53494837172359,12,52,"D0",48.293505995444,TRUE,0
-0.104701212305929,-0.535126803915933,1,0.686283706816507,0.54268620712761,0.267874065494367,0.369156903957367,0.267874065494367,12,52,"D1",51.3046786951055,TRUE,1
-0.097494345274726,-0.517748450653811,1,0.587800011622726,0.460562152528912,0.258256978478585,0.334845210191471,0.258256978478585,12,52,"D3",25.9956917081026,TRUE,3
-0.121083699808578,-0.633158511976049,1,0.558483290488432,0.418538209862117,0.196658097686375,0.279095583080159,0.196658097686375,12,52,"D5",32.2288740773471,TRUE,5
-0.205636995884433,-1.05646206659633,1,0.433641225085075,0.270438652256834,0.0691073632250103,0.133497518524256,0.0691073632250103,12,52,"D6",44.9998898736478,TRUE,6
-0.206461344824301,-1.07694566444501,1,0.388275276125743,0.239932030586236,0.0654205607476635,0.116660597969009,0.0654205607476635,12,52,"D7",34.3655538129126,TRUE,7
-0.0491236542180321,-0.251447185098495,1,0.830287464190457,0.742579005505016,0.534031413612565,0.623683883043757,0.534031413612565,12,53,"D0",50.6138937200599,TRUE,0
-0.0949793267875851,-0.486756004747675,1,0.703032791091497,0.566492346879272,0.299892235849541,0.400393469105944,0.299892235849541,12,53,"D1",48.5973936997973,TRUE,1
-0.0994578887664351,-0.530076376872511,1,0.584778526455319,0.452568209433337,0.25273390036452,0.323904730344585,0.25273390036452,12,53,"D3",25.5115536717209,TRUE,3
-0.140608530338093,-0.717709493665549,1,0.558983225649892,0.413395213395213,0.16016016016016,0.259930926597593,0.16016016016016,12,53,"D5",48.5755370842002,TRUE,5
-0.168335081544007,-0.887924736803087,1,0.446032228640924,0.29295378534509,0.105351170568562,0.161099769795422,0.105351170568562,12,53,"D6",29.5887861565134,TRUE,6
-0.234882524709969,-1.22580002416944,1,0.34297194518189,0.204061132237928,0.0473559589581689,0.0870242622413104,0.0473559589581689,12,53,"D7",33.9749494555619,TRUE,7
-0.0495617209547265,-0.25343707597965,1,0.829575757575758,0.741400673400673,0.530962962962963,0.622124098124098,0.530962962962963,12,54,"D0",51.8840495003739,TRUE,0
-0.10589553585309,-0.540311058119786,1,0.68705167809833,0.543095545221311,0.26514477197759,0.367723067026695,0.26514477197759,12,54,"D1",53.2964320480332,TRUE,1
-0.0988272675873857,-0.526758886770362,1,0.581718408227484,0.451824705476035,0.253271422541157,0.325519562750462,0.253271422541157,12,54,"D3",25.2611808065372,TRUE,3
-0.148565482474935,-0.764783618299526,1,0.535211267605634,0.384194384063365,0.145430723878153,0.230788536717132,0.145430723878153,12,54,"D5",43.4068861026299,TRUE,5
-0.157599505119584,-0.837700466583403,1,0.455870659952293,0.303850668282155,0.119950020824656,0.172622878995224,0.119950020824656,12,54,"D6",27.0390180810205,TRUE,6
-0.199587882291854,-1.05608060347009,1,0.347509633223919,0.21749678892536,0.0659340659340659,0.110206120410202,0.0659340659340659,12,54,"D7",27.6770699286985,TRUE,7
-0.0494827403414181,-0.253083094483653,1,0.829823000098883,0.741773414956447,0.531592999110056,0.62238908130335,0.531592999110056,12,55,"D0",51.6410912908659,TRUE,0
-0.105637592300467,-0.538957239018126,1,0.686152979964978,0.54241994818282,0.265155093686034,0.368492946197245,0.265155093686034,12,55,"D1",54.0631269979496,TRUE,1
-0.0952601283743495,-0.508630974662636,1,0.585957446808511,0.458355899419729,0.262978723404255,0.335968499585521,0.262978723404255,12,55,"D3",24.4922728891527,TRUE,3
-0.126158367825826,-0.654686528550884,1,0.558931634403332,0.417379318794413,0.185983827493261,0.274687576574369,0.185983827493261,12,55,"D5",35.7646109202762,TRUE,5
-0.161885843613467,-0.856708900332655,1,0.449805780264424,0.296824774598197,0.112896903175225,0.169233353866831,0.112896903175225,12,55,"D6",28.2542267143596,TRUE,6
-0.255225550011907,-1.31811923173568,1,0.335889010587806,0.197590361445783,0.0385542168674699,0.0786627027590883,0.0385542168674699,12,55,"D7",39.6681333281458,TRUE,7
-0.0491236542180321,-0.251447185098495,1,0.830287464190457,0.742579005505016,0.534031413612565,0.623683883043757,0.534031413612565,12,56,"D0",50.6138937200599,TRUE,0
-0.105609004553571,-0.541129549859062,1,0.681417552395571,0.536071128616525,0.264415418923224,0.362433785817029,0.264415418923224,12,56,"D1",47.8980124561648,TRUE,1
-0.0898697356059735,-0.482880297160675,1,0.59409732504195,0.469671305892804,0.2814332247557,0.349115162795945,0.2814332247557,12,56,"D3",23.1655452194929,TRUE,3
-0.144176842471314,-0.73836139534045,1,0.551061273528234,0.403980160808355,0.15452389020671,0.247430983113803,0.15452389020671,12,56,"D5",48.0212661852898,TRUE,5
-0.171516004279872,-0.896678810593207,1,0.450416515755161,0.295545092357841,0.100398406374502,0.164552180886842,0.100398406374502,12,56,"D6",32.6821979353188,TRUE,6
-0.254398096710067,-1.32882589159354,1,0.332858364206327,0.184796238244514,0.0376175548589342,0.0709909213044009,0.0376175548589342,12,56,"D7",33.7173213151671,TRUE,7
-0.0486245848150914,-0.249563657643425,1,0.828755150736269,0.740711149855532,0.535613662201572,0.623248878055857,0.535613662201572,12,57,"D0",47.108194230863,TRUE,0
-0.105051540429194,-0.537059216230219,1,0.684144075811183,0.54019788101216,0.266145640808998,0.367417870190221,0.266145640808998,12,57,"D1",51.2116801920079,TRUE,1
-0.0916871200718069,-0.492927367623566,1,0.586365603241415,0.459505920302112,0.27260926006058,0.34087677791702,0.27260926006058,12,57,"D3",22.8816656394023,TRUE,3
-0.120468527628367,-0.629565249180584,1,0.565744977123533,0.424018869533093,0.198812128790247,0.281678933757708,0.198812128790247,12,57,"D5",32.715401570052,TRUE,5
-0.158070060006045,-0.840560790015864,1,0.447479572099633,0.294824931906999,0.114633087277464,0.169902611500527,0.114633087277464,12,57,"D6",26.4877352257775,TRUE,6
-0.199912762121738,-1.07646856664165,1,0.338518878625831,0.20068060281964,0.0641711229946524,0.0959325879111975,0.0641711229946524,12,57,"D7",23.6057154025065,TRUE,7
-0.0487325580176813,-0.249842954273991,1,0.829742771041114,0.741903745425845,0.535714285714286,0.624064027921565,0.535714285714286,12,58,"D0",48.4816117970548,TRUE,0
-0.10618587675666,-0.543491983804662,1,0.680942618008153,0.535361682626209,0.262350756168745,0.361905910486436,0.262350756168745,12,58,"D1",49.4210166137308,TRUE,1
-0.0943479622718936,-0.500736108078761,1,0.598911004010154,0.472940657076634,0.269526507486847,0.347553700851961,0.269526507486847,12,58,"D3",26.1004882321456,TRUE,3
-0.141597621787349,-0.729067992566935,1,0.543500148060409,0.39594314480308,0.156351791530945,0.245864884301366,0.156351791530945,12,58,"D5",42.0244462632707,TRUE,5
-0.154046566953555,-0.815540406864461,1,0.465179316096747,0.312718932443703,0.123853211009174,0.183242980261329,0.123853211009174,12,58,"D6",28.0104833680984,TRUE,6
-0.235094219487193,-1.19848112900012,1,0.369853550704615,0.226139817629179,0.0455927051671733,0.105336912327794,0.0455927051671733,12,58,"D7",45.6332228550251,TRUE,7
-0.0483240373542519,-0.247912068561333,1,0.829437657204456,0.741915199425081,0.537154150197628,0.625384348852728,0.537154150197628,12,59,"D0",47.4415180764006,TRUE,0
-0.104433974773243,-0.536357787756152,1,0.679138663839638,0.533859186710369,0.26639563496309,0.362786726486309,0.26639563496309,12,59,"D1",45.7349098303674,TRUE,1
-0.0927940474875049,-0.495738890363168,1,0.593761640559139,0.466759464387241,0.271727409963338,0.344804214547583,0.271727409963338,12,59,"D3",24.3508974686913,TRUE,3
-0.141088343087817,-0.727127329287797,1,0.553770306792195,0.403682694306673,0.160731786997713,0.247130850201742,0.160731786997713,12,59,"D5",42.7584434005301,TRUE,5
-0.14611776292764,-0.787936747426366,1,0.453995323889424,0.30072204648604,0.131618759455371,0.179249268129752,0.131618759455371,12,59,"D6",23.1185675319244,TRUE,6
-0.234682633467091,-1.21684021424813,1,0.350773233126174,0.211547911547912,0.0476947535771065,0.0923956806309748,0.0476947535771065,12,59,"D7",37.5716207654151,TRUE,7
-0.048796280553814,-0.250384356774243,1,0.829070101169549,0.740859761785176,0.535122336227309,0.622662312036819,0.535122336227309,12,60,"D0",47.4676060775636,TRUE,0
-0.106564897353137,-0.544221554668557,1,0.683554733720724,0.538274562029634,0.261790588607261,0.363829351867503,0.261790588607261,12,60,"D1",52.3674385559464,TRUE,1
-0.0956443641189805,-0.512698654756619,1,0.577844671884407,0.449416014449127,0.259602649006622,0.329437229437229,0.259602649006622,12,60,"D3",23.5492927875404,TRUE,3
-0.142867985672557,-0.733903887982243,1,0.547858185251953,0.398506309554468,0.154863078375826,0.24615642462668,0.154863078375826,12,60,"D5",44.2122704743616,TRUE,5
-0.173911032354527,-0.911397417481877,1,0.449887182473251,0.295130649974525,0.100880704563651,0.159410645399436,0.100880704563651,12,60,"D6",32.3378806145655,TRUE,6
-0.248015206019568,-1.23960348925495,1,0.362187613183629,0.228134733792104,0.0382470119521912,0.110218864800538,0.0382470119521912,12,60,"D7",33.1956692494455,TRUE,7
-0.0487641051842351,-0.249954063335095,1,0.829495290186724,0.742073580405012,0.53568771390308,0.624097444146053,0.53568771390308,12,61,"D0",48.8246367320105,TRUE,0
-0.107043475205602,-0.547153438074516,1,0.683220033029919,0.537368936513423,0.261089987325729,0.36116597808613,0.261089987325729,12,61,"D1",50.385641866121,TRUE,1
-0.0990787439510359,-0.528279733490589,1,0.575672103986272,0.446482179135683,0.24994575829898,0.323489051629646,0.24994575829898,12,61,"D3",24.8403044948544,TRUE,3
-0.146931795237819,-0.753020058477222,1,0.548125780319967,0.396695798612119,0.149473011817311,0.240473356091369,0.149473011817311,12,61,"D5",47.6398341778833,TRUE,5
-0.157161603628992,-0.830193612369624,1,0.463744160977363,0.308149478979518,0.118577075098814,0.179528771623633,0.118577075098814,12,61,"D6",28.5701782745013,TRUE,6
-0.232757202844788,-1.20956629092953,1,0.338786498239801,0.20103541105819,0.0455580865603645,0.0909485351398791,0.0455580865603645,12,61,"D7",35.6552892160341,TRUE,7
-0.0484727296682923,-0.248638552033683,1,0.829627368780129,0.74203524331894,0.53678285770712,0.624816133802013,0.53678285770712,12,62,"D0",47.7728195524816,TRUE,0
-0.105818665696087,-0.541725381190865,1,0.683239690448426,0.538203405838305,0.264602989504929,0.363142793811722,0.264602989504929,12,62,"D1",48.5744905739776,TRUE,1
-0.090526181573135,-0.486144165141846,1,0.591873669974742,0.467353473479048,0.278276088383286,0.346808081439453,0.278276088383286,12,62,"D3",23.2180344093409,TRUE,3
-0.13070306121698,-0.682868137462206,1,0.552970538454918,0.404090765655928,0.177974124329441,0.25491674623893,0.177974124329441,12,62,"D5",33.7152390459236,TRUE,5
-0.162392675484726,-0.851677192479821,1,0.454070638080281,0.30384601336791,0.110887906789875,0.176908266502481,0.110887906789875,12,62,"D6",30.7504805875914,TRUE,6
-0.206115396394477,-1.119179284238,1,0.337051184110008,0.193063407181054,0.0605042016806723,0.083760777038088,0.0605042016806723,12,62,"D7",21.9284939920719,TRUE,7
-0.0490871331295316,-0.251452243036197,1,0.829162220931646,0.741373023054794,0.53365027484772,0.622884617981929,0.53365027484772,12,63,"D0",49.5816479383783,TRUE,0
-0.106411029630798,-0.543996493896674,1,0.683334613022113,0.538169917076167,0.262880067567568,0.363113290847666,0.262880067567568,12,63,"D1",50.523006211441,TRUE,1
-0.0936656886813752,-0.503443455889897,1,0.584933755870337,0.455984880302394,0.267114657706846,0.333773324533509,0.267114657706846,12,63,"D3",23.1987119889276,TRUE,3
-0.136740168857532,-0.706064760185849,1,0.555194805194805,0.406806375442739,0.167532467532468,0.254908078934053,0.167532467532468,12,63,"D5",40.6166573802252,TRUE,5
-0.19793798476509,-1.01406942084127,1,0.443590236402076,0.286680761099366,0.0761099365750529,0.146261772054584,0.0761099365750529,12,63,"D6",47.1585044223009,TRUE,6
-0.159540901848619,-0.854779874127636,1,0.392709915382946,0.262529832935561,0.105011933174224,0.156660364297596,0.105011933174224,12,63,"D7",23.4786787346931,TRUE,7
-0.0490521656784459,-0.25096832185764,1,0.83182735641752,0.744222016353164,0.535223748338502,0.624787657574543,0.535223748338502,12,64,"D0",51.2264536859607,TRUE,0
-0.104648548615196,-0.534642472799849,1,0.686160699381412,0.542527101983584,0.267562037668538,0.369781364954756,0.267562037668538,12,64,"D1",52.177972535909,TRUE,1
-0.0992434531806376,-0.528178533083131,1,0.577985550361241,0.4489742301897,0.249893752656184,0.325213460572577,0.249893752656184,12,64,"D3",25.2671392640672,TRUE,3
-0.131132374870909,-0.675150537409144,1,0.56758943535803,0.423585505403687,0.179275270184361,0.272809834793306,0.179275270184361,12,64,"D5",41.9388605005697,TRUE,5
-0.184767884700284,-0.969960567633634,1,0.445695897023331,0.27950522928399,0.0884955752212389,0.140932076772785,0.0884955752212389,12,64,"D6",31.6688927413044,TRUE,6
-0.271473426469855,-1.35573727697987,1,0.366865816244147,0.224576134345228,0.0319715808170515,0.0925930197688635,0.0319715808170515,12,64,"D7",47.3323167954632,TRUE,7
-0.0493676752982655,-0.252419531926111,1,0.829992329671611,0.742202505640607,0.532293876745448,0.623408022381723,0.532293876745448,12,65,"D0",52.0719989265245,TRUE,0
-0.106919755848333,-0.545214615651943,1,0.686861303474889,0.542034241016124,0.262517621260377,0.36526304583528,0.262517621260377,12,65,"D1",53.654379644558,TRUE,1
-0.0955976799667818,-0.509396516417123,1,0.588173670119893,0.461878710278198,0.263764404609475,0.337570879824401,0.263764404609475,12,65,"D3",25.1217253830869,TRUE,3
-0.129938044624638,-0.674302421139704,1,0.56553262688232,0.418909795403176,0.182111721020342,0.265896196151282,0.182111721020342,12,65,"D5",37.4902024679933,TRUE,5
-0.158037637346108,-0.842346629814246,1,0.456817334101929,0.297528059407955,0.116374487131667,0.168366135915558,0.116374487131667,12,65,"D6",26.0893981924405,TRUE,6
-0.239414825408035,-1.22914423785985,1,0.362802972428641,0.219306896312244,0.0458365164247517,0.0966039308285298,0.0458365164247517,12,65,"D7",45.2410013725155,TRUE,7
-0.0497415129085881,-0.254196919156435,1,0.829651319938733,0.7417749346788,0.530426164519326,0.621896438546587,0.530426164519326,12,66,"D0",53.0010514736551,TRUE,0
-0.0949793267875851,-0.486756004747675,1,0.703032791091497,0.566492346879272,0.299892235849541,0.400393469105944,0.299892235849541,12,66,"D1",48.5973936997973,TRUE,1
-0.0989821823302989,-0.527225249732393,1,0.575410950685918,0.447954245490541,0.250769907611087,0.325083847081207,0.250769907611087,12,66,"D3",25.0428522633789,TRUE,3
-0.119500879116975,-0.629436305396007,1,0.56347515688871,0.418728769647072,0.201393286890437,0.275063125601441,0.201393286890437,12,66,"D5",29.9902592965597,TRUE,5
-0.184052425030054,-0.952592410900622,1,0.442923862278701,0.286086673183447,0.0860215053763441,0.154695961147574,0.0860215053763441,12,66,"D6",37.0579986314194,TRUE,6
-0.205315089984067,-1.07863055708707,1,0.365404710232296,0.225415963346998,0.0636604774535809,0.110510179475697,0.0636604774535809,12,66,"D7",30.7334542725727,TRUE,7
-0.0489592386387425,-0.250591746227593,1,0.831937210259715,0.744321537883263,0.535735380980508,0.624864159270539,0.535735380980508,12,67,"D0",50.6554995378121,TRUE,0
-0.104932646259185,-0.538390773366025,1,0.680007138068574,0.53455355721789,0.265478274709534,0.36263730963715,0.265478274709534,12,67,"D1",46.6652639887819,TRUE,1
-0.0932261694463285,-0.499490118425304,1,0.588779776373359,0.462230432668935,0.26951871657754,0.339218001250087,0.26951871657754,12,67,"D3",23.823691864502,TRUE,3
-0.147980667951604,-0.756452478120603,1,0.547603147411515,0.39406521297291,0.145640370488662,0.240821778030338,0.145640370488662,12,67,"D5",48.0677345322238,TRUE,5
-0.198038560101913,-1.01963641587937,1,0.436363636363636,0.274523007856341,0.0740740740740741,0.140671262893485,0.0740740740740741,12,67,"D6",41.5344090149992,TRUE,6
-0.209853007197593,-1.12848309409806,1,0.325887176587021,0.18760073519016,0.0559875583203732,0.0863747450061602,0.0559875583203732,12,67,"D7",23.9203713076994,TRUE,7
-0.0491236542180321,-0.251447185098495,1,0.830287464190457,0.742579005505016,0.534031413612565,0.623683883043757,0.534031413612565,12,68,"D0",50.6138937200599,TRUE,0
-0.0960976777505494,-0.493059462230362,1,0.699915890177946,0.561970143362607,0.295859823228407,0.394554275000856,0.295859823228407,12,68,"D1",47.0247722452587,TRUE,1
-0.0890402633357296,-0.482093682478707,1,0.589203810419852,0.46248382923674,0.282018111254851,0.342957387588694,0.282018111254851,12,68,"D3",21.7591252666208,TRUE,3
-0.112776636110323,-0.600006641597322,1,0.56349229217692,0.422377179080824,0.216798732171157,0.282437689093791,0.216798732171157,12,68,"D5",26.669607897486,TRUE,5
-0.166656977028397,-0.881805077476537,1,0.44853599283979,0.292417849379875,0.106891701828411,0.160812464609933,0.106891701828411,12,68,"D6",28.5079116637172,TRUE,6
-0.214825426797472,-1.14291143461072,1,0.321585012467147,0.18793719253319,0.0533728687916976,0.0894939012062807,0.0533728687916976,12,68,"D7",26.3701310591371,TRUE,7
-0.0493145370364364,-0.251609616616228,1,0.832720473110198,0.745602168719972,0.533805727782699,0.626370627699237,0.533805727782699,12,69,"D0",55.5244057832365,TRUE,0
-0.0920479865847231,-0.472642028978658,1,0.707127492020424,0.572826233407825,0.310318393213063,0.40894256762811,0.310318393213063,12,69,"D1",46.4674170933246,TRUE,1
-0.0899244293237083,-0.483597288555399,1,0.593777237255498,0.468543630282761,0.280936454849498,0.34783477392173,0.280936454849498,12,69,"D3",23.0082394123961,TRUE,3
-0.133900389015036,-0.686794167535679,1,0.571204583144882,0.426413387607417,0.175124378109453,0.270819064848916,0.175124378109453,12,69,"D5",45.9723390539304,TRUE,5
-0.18930902010904,-0.980130517276427,1,0.439232409381663,0.280286877301803,0.0818763326226013,0.147127073353086,0.0818763326226013,12,69,"D6",37.9765214944132,TRUE,6
-0.197371431729559,-1.02077173958773,1,0.408166409861325,0.260847457627119,0.0711864406779661,0.134844816200748,0.0711864406779661,12,69,"D7",36.8864875082773,TRUE,7
-0.0497415129085881,-0.254196919156435,1,0.829651319938733,0.7417749346788,0.530426164519326,0.621896438546587,0.530426164519326,12,70,"D0",53.0010514736551,TRUE,0
-0.105102070222694,-0.537962661683012,1,0.683591248410931,0.538962540981256,0.266218063295132,0.365713247954863,0.266218063295132,12,70,"D1",49.3166088979493,TRUE,1
-0.0939629285994861,-0.504962566472099,1,0.574826438811979,0.449020252228567,0.262991414369634,0.331908263449158,0.262991414369634,12,70,"D3",22.7862203953541,TRUE,3
-0.149475715921543,-0.756402642775576,1,0.554051582220596,0.406731296872142,0.144869215291751,0.250873204595539,0.144869215291751,12,70,"D5",53.4614925244025,TRUE,5
-0.175187682632514,-0.913355503500817,1,0.467248908296943,0.303751488685987,0.100436681222707,0.163273407814893,0.100436681222707,12,70,"D6",34.9134375516283,TRUE,6
-0.215933994745935,-1.11336002335949,1,0.372219535783366,0.229896034816248,0.0558510638297872,0.114802086211661,0.0558510638297872,12,70,"D7",37.5652648014589,TRUE,7
-0.0478646183827591,-0.245409201729055,1,0.832391680022922,0.745692719572361,0.541317837092485,0.629112244989326,0.541317837092485,12,71,"D0",48.2988459724362,TRUE,0
-0.104968094913111,-0.53462889787745,1,0.690233236151603,0.547777441217674,0.268013327780092,0.373339436490207,0.268013327780092,12,71,"D1",56.8643164592984,TRUE,1
-0.0889228023925596,-0.481315948237792,1,0.587645943518611,0.461858097994212,0.281888035126235,0.343592740958273,0.281888035126235,12,71,"D3",21.7289614123287,TRUE,3
-0.128732146752945,-0.672277929629722,1,0.55659121171771,0.411287979663479,0.18375499334221,0.260950766942778,0.18375499334221,12,71,"D5",33.9612020929417,TRUE,5
-0.158208626670773,-0.837021853108534,1,0.465324890698025,0.3099276345545,0.119402985074627,0.176503844414292,0.119402985074627,12,71,"D6",28.5045453809377,TRUE,6
-0.203305289631107,-1.0801808541937,1,0.332552997789049,0.199336714787359,0.0600858369098712,0.102168218048046,0.0600858369098712,12,71,"D7",26.0799747708518,TRUE,7
-0.0490790036574684,-0.251416210792947,1,0.829478639350669,0.741399368456041,0.533623202727407,0.622919745406034,0.533623202727407,12,72,"D0",49.4704602858881,TRUE,0
-0.104918194244686,-0.536852427494338,1,0.682968960342773,0.538923334507433,0.266227907223608,0.366565868715436,0.266227907223608,12,72,"D1",50.0587568853366,TRUE,1
-0.0893353979867669,-0.481160955266275,1,0.588040652328055,0.464983562880041,0.280784684471756,0.347641250264744,0.280784684471756,12,72,"D3",22.4597880170296,TRUE,3
-0.146349711513749,-0.746495422896612,1,0.550343382609708,0.402019555348621,0.149807938540333,0.247480752282289,0.149807938540333,12,72,"D5",50.4077600228153,TRUE,5
-0.168269355375446,-0.886927074615383,1,0.449876193845065,0.290894941634241,0.10272373540856,0.161220880287028,0.10272373540856,12,72,"D6",29.4143457770474,TRUE,6
-0.223869422598299,-1.16591658383213,1,0.327821503357643,0.196346306592534,0.0476568705321684,0.0964587437979019,0.0476568705321684,12,72,"D7",31.9838556885414,TRUE,7
-0.0495084781411223,-0.252445381386313,1,0.83258250533483,0.745383861746245,0.532650952216918,0.625929161631145,0.532650952216918,12,73,"D0",56.5894105667232,TRUE,0
-0.104918194244686,-0.536852427494338,1,0.682968960342773,0.538923334507433,0.266227907223608,0.366565868715436,0.266227907223608,12,73,"D1",50.0587568853366,TRUE,1
-0.0892817100966853,-0.480684945877838,1,0.593999835160307,0.46891535481744,0.28286491387126,0.348998010149415,0.28286491387126,12,73,"D3",22.7583701581973,TRUE,3
-0.136011246373525,-0.703266621892708,1,0.554449879125204,0.404638218923933,0.166975881261596,0.254198491675301,0.166975881261596,12,73,"D5",39.2116787676589,TRUE,5
-0.154578238724277,-0.819049254772414,1,0.460172191715816,0.304921700223714,0.120805369127517,0.181106365670124,0.120805369127517,12,73,"D6",27.3616583201036,TRUE,6
-0.236599899863582,-1.20821458520323,1,0.374849288642392,0.230624547865927,0.0477453580901857,0.104094181680389,0.0477453580901857,12,73,"D7",50.2178554787736,TRUE,7
-0.0483240373542519,-0.247912068561333,1,0.829437657204456,0.741915199425081,0.537154150197628,0.625384348852728,0.537154150197628,12,74,"D0",47.4415180764006,TRUE,0
-0.10618587675666,-0.543491983804662,1,0.680942618008153,0.535361682626209,0.262350756168745,0.361905910486436,0.262350756168745,12,74,"D1",49.4210166137308,TRUE,1
-0.0935783397108822,-0.499911468596545,1,0.592967738194189,0.466506871822628,0.270465660216883,0.342069582554379,0.270465660216883,12,74,"D3",24.5920448113841,TRUE,3
-0.129041298404138,-0.66206431633674,1,0.569684701263649,0.429444239970556,0.182186234817814,0.282160821634506,0.182186234817814,12,74,"D5",42.1510148266206,TRUE,5
-0.163720866826434,-0.870498383931534,1,0.445887445887446,0.290795169742538,0.110275689223058,0.161046555783398,0.110275689223058,12,74,"D6",26.9721862927657,TRUE,6
-0.233352833332079,-1.23089333939132,1,0.320926496184228,0.182313562725934,0.0441826215022091,0.0792609452403267,0.0441826215022091,12,74,"D7",29.5413740535525,TRUE,7
-0.0483996702893068,-0.247940615860407,1,0.832100313479624,0.744948499776086,0.538522167487685,0.627027701362677,0.538522167487685,12,75,"D0",49.4544431573311,TRUE,0
-0.105345789572387,-0.536913651609017,1,0.688194245292037,0.545176369371953,0.266246056782334,0.370894615374111,0.266246056782334,12,75,"D1",55.8035656165219,TRUE,1
-0.0927979056237489,-0.495563444055644,1,0.591476799636666,0.466997199303611,0.272273105745212,0.345258821112277,0.272273105745212,12,75,"D3",24.4314899074085,TRUE,3
-0.152862633035784,-0.773707659738393,1,0.549045424621462,0.398767131486025,0.138248847926267,0.242799004813488,0.138248847926267,12,75,"D5",53.276421939942,TRUE,5
-0.176164970191595,-0.930913779234262,1,0.424581411397232,0.267170304725239,0.0910906911705953,0.145295774940202,0.0910906911705953,12,75,"D6",28.4122832382126,TRUE,6
-0.221891873820532,-1.15531205903598,1,0.352835283528353,0.21046676096181,0.0509193776520509,0.0996436378331711,0.0509193776520509,12,75,"D7",34.0559275071011,TRUE,7
-0.0478254162499553,-0.245248125194588,1,0.832139966099724,0.745413400000894,0.541348944753284,0.629116541941848,0.541348944753284,12,76,"D0",48.0742093120483,TRUE,0
-0.0952320662365962,-0.488836193924897,1,0.700314714307252,0.563192559927635,0.298507462686567,0.397087210053628,0.298507462686567,12,76,"D1",46.6938277331181,TRUE,1
-0.0942959394896735,-0.507947159566604,1,0.580680864056179,0.451041905198076,0.26448362720403,0.328704460946275,0.26448362720403,12,76,"D3",22.8116202002938,TRUE,3
-0.130379982583618,-0.67929794205356,1,0.560227272727273,0.410539772727273,0.18,0.259679383116883,0.18,12,76,"D5",35.1806682594052,TRUE,5
-0.1932151718746,-1.00202180769071,1,0.426369863013699,0.268430884184309,0.0770547945205479,0.13950475893969,0.0770547945205479,12,76,"D6",36.7499357162907,TRUE,6
-0.228720051107487,-1.19167095790738,1,0.333309603474051,0.199814907097601,0.0469851213782302,0.0922311830690844,0.0469851213782302,12,76,"D7",33.8655867666551,TRUE,7
-0.0493067535058812,-0.252538819533965,1,0.828968711700671,0.740818974839593,0.532315622521808,0.621775775770621,0.532315622521808,12,77,"D0",49.7595547776043,TRUE,0
-0.106117009828299,-0.543009755647259,1,0.681330254398593,0.536002280215268,0.262727176107982,0.362501086967024,0.262727176107982,12,77,"D1",49.7258903881584,TRUE,1
-0.0880057479600598,-0.47468838636559,1,0.58783908659671,0.466377805614309,0.284617122204653,0.351030717644677,0.284617122204653,12,77,"D3",22.0543593262839,TRUE,3
-0.136252043746048,-0.704878457298496,1,0.547898181818182,0.399307636363636,0.16512,0.252554805194805,0.16512,12,77,"D5",38.2948039568674,TRUE,5
-0.144932601429008,-0.773600967132617,1,0.463400458135321,0.315128722349482,0.135389244076721,0.192446139794767,0.135389244076721,12,77,"D6",25.3028944003578,TRUE,6
-0.205252543069152,-1.07107931791577,1,0.373344428264337,0.232951945080092,0.0640732265446224,0.116576025042844,0.0640732265446224,12,77,"D7",33.2114589261823,TRUE,7
-0.0494971740437049,-0.25302584158518,1,0.829053578078799,0.740906623113819,0.530674695227284,0.622679230842698,0.530674695227284,12,78,"D0",52.0617921611617,TRUE,0
-0.105441731303508,-0.537102382418452,1,0.689203212737224,0.546088563508423,0.266458170445661,0.371574112621806,0.266458170445661,12,78,"D1",56.6304425654736,TRUE,1
-0.0955307381199825,-0.512274627776897,1,0.579919647077359,0.45017724909406,0.259965337954939,0.329444169348849,0.259965337954939,12,78,"D3",23.5237109919747,TRUE,3
-0.140740457338014,-0.725625914793867,1,0.547387571777816,0.39665700153505,0.157598499061914,0.246241563314734,0.157598499061914,12,78,"D5",41.0722909551,TRUE,5
-0.169220726408141,-0.88424239499967,1,0.453258648096283,0.302725001892362,0.104912572855953,0.169317776311948,0.104912572855953,12,78,"D6",33.1773428637712,TRUE,6
-0.193835375828662,-1.0320867027952,1,0.376564434053088,0.229321963966442,0.0726172465960666,0.113100968622905,0.0726172465960666,12,78,"D7",26.5300444706892,TRUE,7
-0.0494827403414181,-0.253083094483653,1,0.829823000098883,0.741773414956447,0.531592999110056,0.62238908130335,0.531592999110056,12,79,"D0",51.6410912908659,TRUE,0
-0.10518900149887,-0.539638855721776,1,0.679385252102276,0.534154233590536,0.264776936704783,0.361887052658513,0.264776936704783,12,79,"D1",46.7862692980283,TRUE,1
-0.0937781719093366,-0.5027747889634,1,0.583242655059848,0.456567415174597,0.266376496191512,0.336212427398499,0.266376496191512,12,79,"D3",23.5213467130993,TRUE,3
-0.115152948293279,-0.600985557452905,1,0.568861726508785,0.432953399541635,0.209747899159664,0.298461202662883,0.209747899159664,12,79,"D5",31.8709064250073,TRUE,5
-0.174526608071295,-0.912677876795342,1,0.444969955417717,0.291475092072107,0.097228144989339,0.159216902500485,0.097228144989339,12,79,"D6",32.7912519557515,TRUE,6
-0.181722099896345,-0.966928741917974,1,0.37020316027088,0.236938231069157,0.0812641083521445,0.128502047237939,0.0812641083521445,12,79,"D7",25.8360555670162,TRUE,7
-0.0497415129085881,-0.254196919156435,1,0.829651319938733,0.7417749346788,0.530426164519326,0.621896438546587,0.530426164519326,12,80,"D0",53.0010514736551,TRUE,0
-0.10583141444108,-0.540910717866043,1,0.683972652584407,0.539295631690829,0.264166842216137,0.365227252208504,0.264166842216137,12,80,"D1",51.2036658704672,TRUE,1
-0.0923753661603007,-0.494958102664257,1,0.593030170875788,0.467109384292114,0.274749236807676,0.34323548235454,0.274749236807676,12,80,"D3",23.9842980213417,TRUE,3
-0.141631355341056,-0.720004976507966,1,0.554725381964563,0.41211917904303,0.156994297215699,0.262336791018441,0.156994297215699,12,80,"D5",47.2893935397817,TRUE,5
-0.176560068694013,-0.916985316728431,1,0.454435439510066,0.30018702556016,0.0968132311415894,0.163765238392104,0.0968132311415894,12,80,"D6",36.4407856859333,TRUE,6
-0.188439182041529,-1.01766736699711,1,0.341938549255622,0.21000950269243,0.0731707317073171,0.106814787999457,0.0731707317073171,12,80,"D7",22.7871919018176,TRUE,7
-0.0478226309823377,-0.245183665340747,1,0.83264188182221,0.746042614895074,0.541722049918771,0.629433137629859,0.541722049918771,12,81,"D0",48.3706998354793,TRUE,0
-0.0960976777505494,-0.493059462230362,1,0.699915890177946,0.561970143362607,0.295859823228407,0.394554275000856,0.295859823228407,12,81,"D1",47.0247722452587,TRUE,1
-0.0929496843660657,-0.499170644404761,1,0.582979959337787,0.45664827185594,0.268370607028754,0.337125707093758,0.268370607028754,12,81,"D3",23.1283916715865,TRUE,3
-0.130958872243507,-0.67408885650296,1,0.569870291349931,0.423884477350439,0.179048803232826,0.27344989483628,0.179048803232826,12,81,"D5",41.8650257833646,TRUE,5
-0.155215507819367,-0.821713718745841,1,0.465305226174791,0.308498023715415,0.120772946859903,0.180929376581551,0.120772946859903,12,81,"D6",27.7845880226991,TRUE,6
-0.269153236154165,-1.38890575033218,1,0.310762973563305,0.176922497552158,0.0298260149130075,0.0672806894845006,0.0298260149130075,12,81,"D7",41.2529422751733,TRUE,7
-0.0493472798830426,-0.252451815852238,1,0.830194612661503,0.742269402864382,0.532516307570666,0.622913259896854,0.532516307570666,12,82,"D0",51.3022805269488,TRUE,0
-0.0920479865847231,-0.472642028978658,1,0.707127492020424,0.572826233407825,0.310318393213063,0.40894256762811,0.310318393213063,12,82,"D1",46.4674170933246,TRUE,1
-0.093461427890219,-0.496714397858142,1,0.600625955309702,0.475842492175559,0.273819055244195,0.34952637434623,0.273819055244195,12,82,"D3",25.9392377054118,TRUE,3
-0.137557667852745,-0.70799314782931,1,0.556703974417542,0.409210826861581,0.165829145728643,0.256836128695425,0.165829145728643,12,82,"D5",42.7958654994961,TRUE,5
-0.159380584616877,-0.845017907552021,1,0.465838068181818,0.306072443181818,0.1171875,0.17208299512987,0.1171875,12,82,"D6",27.8144061322363,TRUE,6
-0.270941581842821,-1.35826454857226,1,0.36871945259042,0.223695014662757,0.0344086021505376,0.0919052273890984,0.0344086021505376,12,82,"D7",53.0999742102204,TRUE,7
-0.0489592386387425,-0.250591746227593,1,0.831937210259715,0.744321537883263,0.535735380980508,0.624864159270539,0.535735380980508,12,83,"D0",50.6554995378121,TRUE,0
-0.10589553585309,-0.540311058119786,1,0.68705167809833,0.543095545221311,0.26514477197759,0.367723067026695,0.26514477197759,12,83,"D1",53.2964320480332,TRUE,1
-0.0956085669017237,-0.51249407765637,1,0.5815547894798,0.452109075415424,0.26075841499787,0.329791001499566,0.26075841499787,12,83,"D3",23.7281365209327,TRUE,3
-0.126161644712904,-0.654668853378769,1,0.567511994516792,0.425073213284317,0.189170664838931,0.275500031154589,0.189170664838931,12,83,"D5",36.9877614599089,TRUE,5
-0.174340252736946,-0.91496238003921,1,0.456916996047431,0.295623427955444,0.0996047430830039,0.156870797187003,0.0996047430830039,12,83,"D6",31.7496170770545,TRUE,6
-0.228159916252794,-1.18315326894966,1,0.349602370185561,0.215047559644472,0.0514579759862779,0.0986500634871132,0.0514579759862779,12,83,"D7",36.6134406109253,TRUE,7
-0.0491326655419653,-0.251320251354243,1,0.830601975913782,0.743065673772236,0.533846837505555,0.624320527149738,0.533846837505555,12,84,"D0",51.4963697747854,TRUE,0
-0.0952336054928764,-0.488686669166464,1,0.701078662027058,0.563915303664258,0.29877576321091,0.397627735145169,0.29877576321091,12,84,"D1",47.0182919686326,TRUE,1
-0.0964288049759541,-0.51497395148961,1,0.585016311214196,0.457238219154834,0.261356565028002,0.331986412260214,0.261356565028002,12,84,"D3",24.7783413222632,TRUE,3
-0.12391339936467,-0.646055197931593,1,0.560932218466465,0.419249243906778,0.191780821917808,0.27517557458849,0.191780821917808,12,84,"D5",34.0014452341246,TRUE,5
-0.174548995832032,-0.914626596228834,1,0.435286638495195,0.279593134138589,0.0937885643767997,0.156378380977311,0.0937885643767997,12,84,"D6",30.8964562518656,TRUE,6
-0.204467794262133,-1.09315345900286,1,0.342849223946785,0.208079268292683,0.0640243902439024,0.0973333069369655,0.0640243902439024,12,84,"D7",25.3129543705485,TRUE,7
-0.048868200362183,-0.249219999477676,1,0.834487819721133,0.748074961069645,0.537507383343178,0.629856705609807,0.537507383343178,12,85,"D0",56.482485583415,TRUE,0
-0.10612767796823,-0.541993162974777,1,0.684563693961793,0.539988480368628,0.263569165786695,0.365408878344464,0.263569165786695,12,85,"D1",52.2558192986773,TRUE,1
-0.0963438576749674,-0.514848113663914,1,0.586488465076117,0.45581439002872,0.260169316539335,0.331333749875976,0.260169316539335,12,85,"D3",24.5316106298121,TRUE,3
-0.126246977323089,-0.658590313217191,1,0.56881508584295,0.421131438221221,0.189473684210526,0.269072413654457,0.189473684210526,12,85,"D5",34.5552175131317,TRUE,5
-0.161696876913444,-0.846908654150379,1,0.468990193479989,0.313676119798569,0.113702623906706,0.180204270947711,0.113702623906706,12,85,"D6",31.7983309061394,TRUE,6
-0.260182236879104,-1.32349371398346,1,0.316869161731485,0.187117650650223,0.0322364002686367,0.0842018961562279,0.0322364002686367,12,85,"D7",41.5298098952645,TRUE,7
-0.0487269978970079,-0.249914090476188,1,0.828983967809594,0.741173293485404,0.535300524804436,0.623518723083036,0.535300524804436,12,86,"D0",47.9805968118094,TRUE,0
-0.104433974773243,-0.536357787756152,1,0.679138663839638,0.533859186710369,0.26639563496309,0.362786726486309,0.26639563496309,12,86,"D1",45.7349098303674,TRUE,1
-0.0950908448305455,-0.507958036657284,1,0.586082817705854,0.458718705378391,0.263874345549738,0.336147412796627,0.263874345549738,12,86,"D3",24.4420993169247,TRUE,3
-0.13920242829778,-0.714668180873956,1,0.556622448075162,0.41011020179041,0.163795905102372,0.256325734713775,0.163795905102372,12,86,"D5",45.1445668624163,TRUE,5
-0.194349101123823,-1.00761966209248,1,0.430842607313196,0.267199017199017,0.0763116057233704,0.138851609439845,0.0763116057233704,12,86,"D6",36.912226706038,TRUE,6
-0.2620456996743,-1.35186633398096,1,0.327679782903664,0.188222523744912,0.0358208955223881,0.0748885442915294,0.0358208955223881,12,86,"D7",40.0372510311455,TRUE,7
-0.0486131389700124,-0.249246323158395,1,0.829694480310603,0.742125366097257,0.536249814420745,0.624619602696507,0.536249814420745,12,87,"D0",48.3837627290199,TRUE,0
-0.105852184113056,-0.542052621058209,1,0.683667673744851,0.538063259783216,0.264608599779493,0.36269337844389,0.264608599779493,12,87,"D1",48.0847753220729,TRUE,1
-0.0906580524449997,-0.488828182826294,1,0.584395323864903,0.459229693863079,0.275462447069311,0.340976384880998,0.275462447069311,12,87,"D3",22.3268150831896,TRUE,3
-0.137357468821345,-0.705014470206788,1,0.560218920036911,0.416221720176918,0.168008400420021,0.26114032974376,0.168008400420021,12,87,"D5",45.4397944655412,TRUE,5
-0.178028099467879,-0.930896107563547,1,0.443860707820099,0.285634162791523,0.093713393205779,0.154424255947099,0.093713393205779,12,87,"D6",33.0078873178831,TRUE,6
-0.218087748881998,-1.1262523963436,1,0.351569385126432,0.220540980272524,0.0536912751677852,0.110220130354359,0.0536912751677852,12,87,"D7",35.8418791436873,TRUE,7
-0.0487691958623564,-0.250041408986795,1,0.829282098047231,0.74135943613633,0.534861886643277,0.623544760818072,0.534861886643277,12,88,"D0",48.2861412711048,TRUE,0
-0.104885087361638,-0.535722461256065,1,0.685986586318812,0.542578130617998,0.267046353425091,0.36932550126665,0.267046353425091,12,88,"D1",52.4444440832563,TRUE,1
-0.0933141478303124,-0.501366843747802,1,0.581913084740401,0.453695282533908,0.266202696824706,0.335131593069827,0.266202696824706,12,88,"D3",22.9674898518334,TRUE,3
-0.129823513470295,-0.67256987459981,1,0.552480507240168,0.408979521891869,0.177191328934967,0.266851903986683,0.177191328934967,12,88,"D5",36.4221580947398,TRUE,5
-0.196972434481332,-1.01201376839377,1,0.439934383702743,0.280509670774043,0.0755350398657155,0.144317704955556,0.0755350398657155,12,88,"D6",43.4883102881635,TRUE,6
-0.19947959140263,-1.03021123759261,1,0.408325212306836,0.266754837811499,0.0735068912710567,0.135120622103777,0.0735068912710567,12,88,"D7",39.6784222444129,TRUE,7
-0.0490035493969358,-0.25069065130666,1,0.832169552634051,0.744650261906573,0.535550853712543,0.625178049820081,0.535550853712543,12,89,"D0",51.3628989317997,TRUE,0
-0.105183597642779,-0.538738645070969,1,0.682169715718172,0.537547214639326,0.265614166088858,0.364349821600875,0.265614166088858,12,89,"D1",48.5272567498583,TRUE,1
-0.0986848695593218,-0.527758142971387,1,0.572421645592377,0.443470965422185,0.25049439683586,0.321122516244467,0.25049439683586,12,89,"D3",24.184761659676,TRUE,3
-0.140496476198473,-0.723917725246156,1,0.542185503283901,0.394531784005468,0.156914024190912,0.247088641988936,0.156914024190912,12,89,"D5",40.6799954197495,TRUE,5
-0.180025359398672,-0.942671755452584,1,0.43601552017986,0.279820139971716,0.0909453530115676,0.14942576370578,0.0909453530115676,12,89,"D6",32.4019024769009,TRUE,6
-0.194080849530766,-1.00939393929855,1,0.386410050126864,0.25107989355777,0.0735194009530293,0.133751204547665,0.0735194009530293,12,89,"D7",33.5232762056962,TRUE,7
-0.0485263268598228,-0.24910619371357,1,0.828748866849775,0.74102206767782,0.536389343652329,0.623693615507874,0.536389343652329,12,90,"D0",46.9833660370738,TRUE,0
-0.104433974773243,-0.536357787756152,1,0.679138663839638,0.533859186710369,0.26639563496309,0.362786726486309,0.26639563496309,12,90,"D1",45.7349098303674,TRUE,1
-0.0928966858940476,-0.496618297348118,1,0.594817816875708,0.468943395501604,0.273822100147898,0.344148984334913,0.273822100147898,12,90,"D3",24.5187832204655,TRUE,3
-0.122393363398064,-0.637789598756187,1,0.557905274354001,0.420221485328161,0.194081211286992,0.279555956775503,0.194081211286992,12,90,"D5",33.6492148548273,TRUE,5
-0.158862186253976,-0.841553567157584,1,0.458848642970894,0.30224646765832,0.116287737607156,0.173565160147344,0.116287737607156,12,90,"D6",27.8644674677006,TRUE,6
-0.244650392856405,-1.26829145093426,1,0.341049259110933,0.203331998398078,0.0422907488986784,0.0834601521826192,0.0422907488986784,12,90,"D7",37.7993525196491,TRUE,7
-0.0482913096988743,-0.247969884522369,1,0.82919946264189,0.741770576938682,0.537935138351681,0.624789571234082,0.537935138351681,12,91,"D0",46.6809569687275,TRUE,0
-0.10669456326752,-0.54474264708627,1,0.685327917811492,0.540161987815076,0.262391590013141,0.364020683652747,0.262391590013141,12,91,"D1",52.0681852373036,TRUE,1
-0.0935057418072681,-0.500911452964005,1,0.591532273293802,0.464882728405786,0.271707519734109,0.33934573942883,0.271707519734109,12,91,"D3",24.157305617016,TRUE,3
-0.135015630447606,-0.691995438752029,1,0.567464114832536,0.421418519560934,0.170897832817337,0.26839692814925,0.170897832817337,12,91,"D5",45.2788076358744,TRUE,5
-0.16372643938292,-0.864226535411012,1,0.45981045981046,0.302695682695683,0.111196911196911,0.168414982700697,0.111196911196911,12,91,"D6",29.308656683643,TRUE,6
-0.196549411579459,-1.03172289343036,1,0.364806553060777,0.227967527243473,0.0675784392598552,0.120769817471346,0.0675784392598552,12,91,"D7",29.4623575281653,TRUE,7
-0.0497200029491563,-0.253811213247921,1,0.829715362357849,0.741885472040912,0.529977794226499,0.623080546396609,0.529977794226499,12,92,"D0",54.3711015309762,TRUE,0
-0.0951996790789112,-0.487699756146017,1,0.703706818415422,0.567331034676086,0.299722479185939,0.400199964492286,0.299722479185939,12,92,"D1",48.9252262138498,TRUE,1
-0.0939145337906566,-0.505751955336065,1,0.579095603191989,0.449225473321859,0.263339070567986,0.329861188725216,0.263339070567986,12,92,"D3",22.592210812234,TRUE,3
-0.140579591130394,-0.723724301308059,1,0.559981698075438,0.407915582372959,0.162315193457062,0.250033703320901,0.162315193457062,12,92,"D5",43.840048742114,TRUE,5
-0.167616376810946,-0.87831391597195,1,0.462259544966312,0.304149985352993,0.107411385606874,0.169947131279032,0.107411385606874,12,92,"D6",32.1063849727874,TRUE,6
-0.203808066031396,-1.07671178606012,1,0.370308590492077,0.223519599666389,0.0642201834862385,0.107440724413201,0.0642201834862385,12,92,"D7",28.9249945426168,TRUE,7
-0.0474878125092366,-0.244316956383284,1,0.829515169461868,0.742237596575767,0.541901095647024,0.627201196789589,0.541901095647024,12,93,"D0",44.4565323431356,TRUE,0
-0.105861685472712,-0.542071667947802,1,0.680071987937157,0.534743907777616,0.262600321027287,0.362113221182242,0.262600321027287,12,93,"D1",49.0945523654922,TRUE,1
-0.0936493230802615,-0.504316239590668,1,0.578397761752768,0.450526066910982,0.265279583875163,0.331140684196601,0.265279583875163,12,93,"D3",22.6509738748957,TRUE,3
-0.141475823803615,-0.7198191357091,1,0.562897462297862,0.417848706922658,0.159893404397069,0.26260847746524,0.159893404397069,12,93,"D5",51.9047678199539,TRUE,5
-0.183336578734921,-0.955895378211587,1,0.438279250268351,0.280579638345306,0.0871934604904632,0.148507260223881,0.0871934604904632,12,93,"D6",34.2442753472088,TRUE,6
-0.224968721476478,-1.16852645893825,1,0.335769757880311,0.20831429876656,0.050251256281407,0.098522917618395,0.050251256281407,12,93,"D7",34.7615663894738,TRUE,7
-0.0486538680784934,-0.249483694962701,1,0.830007902015014,0.742295535361517,0.536349269063611,0.624357961280126,0.536349269063611,12,94,"D0",48.2931412101109,TRUE,0
-0.1051292085351,-0.538589153196747,1,0.683094132545378,0.537960013814805,0.265934993668214,0.364272283225428,0.265934993668214,12,94,"D1",48.0508320854881,TRUE,1
-0.086493092165968,-0.469062683350219,1,0.587201066577785,0.464836263644696,0.288725939505041,0.350601735569655,0.288725939505041,12,94,"D3",21.1393352557324,TRUE,3
-0.146629964219777,-0.747373395830252,1,0.551329316907952,0.403291070946857,0.150346191889219,0.248324705297999,0.150346191889219,12,94,"D5",51.7530154701998,TRUE,5
-0.17341243533078,-0.905896783504283,1,0.456057007125891,0.297063269272295,0.0997624703087886,0.163057449280727,0.0997624703087886,12,94,"D6",33.4347632550864,TRUE,6
-0.193825053866952,-1.04225392560048,1,0.349898458965476,0.213558714609963,0.0709592641261498,0.104467805519054,0.0709592641261498,12,94,"D7",23.9134613505838,TRUE,7
-0.0488488887610265,-0.250341789939317,1,0.829046749271857,0.741096007216361,0.53433381053463,0.62358754934161,0.53433381053463,12,95,"D0",48.7839590040054,TRUE,0
-0.0938390249858523,-0.481333751161073,1,0.704235590140254,0.568673407576534,0.303844182470528,0.403473410239171,0.303844182470528,12,95,"D1",47.6071170068719,TRUE,1
-0.0938451958952496,-0.500725145034371,1,0.586220773471769,0.462622238319449,0.268260292164675,0.342201180846599,0.268260292164675,12,95,"D3",24.4986883885427,TRUE,3
-0.125981511090164,-0.654380141404548,1,0.558119081821113,0.416416991586292,0.18574653337633,0.273648634499973,0.18574653337633,12,95,"D5",35.2418901125894,TRUE,5
-0.158150583700104,-0.83488031927737,1,0.467267926339975,0.310339151606598,0.117691437193512,0.178339955027997,0.117691437193512,12,95,"D6",28.9378064597661,TRUE,6
-0.23002824832387,-1.21876185138786,1,0.329038228803303,0.186872641845234,0.0469851213782302,0.079386549237763,0.0469851213782302,12,95,"D7",28.1595235492983,TRUE,7
-0.0494971740437049,-0.25302584158518,1,0.829053578078799,0.740906623113819,0.530674695227284,0.622679230842698,0.530674695227284,12,96,"D0",52.0617921611617,TRUE,0
-0.105397311043219,-0.538333393970214,1,0.685014354066986,0.540878468899522,0.265263157894737,0.367561859193438,0.265263157894737,12,96,"D1",52.4559387095187,TRUE,1
-0.0988113859579351,-0.527192418576435,1,0.572930354796321,0.444785569227094,0.249671484888305,0.323324288501687,0.249671484888305,12,96,"D3",24.5221691874946,TRUE,3
-0.118210718421621,-0.620469799532291,1,0.566927747953885,0.425785443984863,0.205227492739593,0.283212431324726,0.205227492739593,12,96,"D5",31.1743170121321,TRUE,5
-0.15950332078577,-0.855614111854169,1,0.435919055649241,0.28043078338188,0.111298482293423,0.158554346159742,0.111298482293423,12,96,"D6",24.3642942978223,TRUE,6
-0.214314029348179,-1.11191818426357,1,0.361783596837945,0.224481225296443,0.0570652173913043,0.110963085827216,0.0570652173913043,12,96,"D7",35.3128388463666,TRUE,7
-0.0483744560657038,-0.247859278230846,1,0.831851281959528,0.744629725716126,0.538476677819327,0.62691603810478,0.538476677819327,12,97,"D0",49.1890639716467,TRUE,0
-0.10592112765647,-0.54141270690705,1,0.685103907778542,0.54043005273506,0.264607900163926,0.364983755074179,0.264607900163926,12,97,"D1",50.5786010726797,TRUE,1
-0.094200083276516,-0.504273835306403,1,0.580780632411067,0.454557806324111,0.263586956521739,0.336036020139281,0.263586956521739,12,97,"D3",23.5876241874389,TRUE,3
-0.142527813848801,-0.729365591534311,1,0.544120449780827,0.400686106346484,0.155136268343816,0.25152241189977,0.155136268343816,12,97,"D5",45.3291305695564,TRUE,5
-0.173260970037693,-0.913667342708271,1,0.435165743003683,0.276610099480224,0.0954184021204089,0.15238718116416,0.0954184021204089,12,97,"D6",29.0786069520705,TRUE,6
-0.219079647150265,-1.14727787764992,1,0.324657534246575,0.192963885429639,0.0493150684931507,0.0964330190357588,0.0493150684931507,12,97,"D7",29.6547135572444,TRUE,7
-0.0482913096988743,-0.247969884522369,1,0.82919946264189,0.741770576938682,0.537935138351681,0.624789571234082,0.537935138351681,12,98,"D0",46.6809569687275,TRUE,0
-0.105328548945253,-0.539500355516878,1,0.681184089341942,0.535799945029245,0.264148941812974,0.363530968580563,0.264148941812974,12,98,"D1",48.7280628892743,TRUE,1
-0.0901245502768142,-0.485014572219236,1,0.594610224381217,0.46734906315059,0.279898218829517,0.34623222409482,0.279898218829517,12,98,"D3",22.9044330130748,TRUE,3
-0.135960013376199,-0.698618862208295,1,0.5622818271325,0.41624250380404,0.169346898588776,0.262838900515304,0.169346898588776,12,98,"D5",43.9976790882097,TRUE,5
-0.162646823419829,-0.864561482075854,1,0.441654523035534,0.285640623248515,0.108508014796547,0.162388372006128,0.108508014796547,12,98,"D6",26.6493734330796,TRUE,6
-0.203273472511772,-1.0781187166864,1,0.343301435406699,0.2061004784689,0.0614035087719298,0.103924584187742,0.0614035087719298,12,98,"D7",26.9396608519998,TRUE,7
-0.0492447770534683,-0.250774191011826,1,0.834405195060933,0.747930344651656,0.535223748338502,0.629280973543269,0.535223748338502,12,99,"D0",59.2835304103108,TRUE,0
-0.106283744593638,-0.54350794631304,1,0.684296304084959,0.539105581868843,0.263708532674413,0.363262204385174,0.263708532674413,12,99,"D1",49.7512123401085,TRUE,1
-0.0925027762866174,-0.495222070169592,1,0.589954664757814,0.465640658554044,0.272965879265092,0.343167331356308,0.272965879265092,12,99,"D3",23.9718346915022,TRUE,3
-0.130809236765614,-0.671628230898267,1,0.567406045282151,0.424709803470865,0.178255372945638,0.276569195658955,0.178255372945638,12,99,"D5",42.2598635355299,TRUE,5
-0.167237397156381,-0.881704828326085,1,0.454090734198468,0.295204449263703,0.106194690265487,0.163604383304268,0.106194690265487,12,99,"D6",29.6533897252369,TRUE,6
-0.213136706593933,-1.10503278550832,1,0.363265558370929,0.224670910326927,0.0571040108769545,0.112601198937025,0.0571040108769545,12,99,"D7",34.9746799972146,TRUE,7
-0.0492065627761547,-0.251950710756549,1,0.829951599638683,0.741938441211762,0.533293786148599,0.622779563607088,0.533293786148599,12,100,"D0",50.138401767891,TRUE,0
-0.106246360358389,-0.541462756140139,1,0.686513820767271,0.542520246378465,0.263488080301129,0.368034621171384,0.263488080301129,12,100,"D1",55.8567617175787,TRUE,1
-0.0962734327951323,-0.512817281391567,1,0.583050583050583,0.457458757458757,0.25997425997426,0.334937906366478,0.25997425997426,12,100,"D3",24.9878975720979,TRUE,3
-0.139936685988995,-0.724039466246042,1,0.540008783487044,0.391374615722442,0.158454106280193,0.243557730514252,0.158454106280193,12,100,"D5",38.6686055640507,TRUE,5
-0.171964918419226,-0.896040918746259,1,0.443449959316517,0.29185590650196,0.097640358014646,0.166501114833092,0.097640358014646,12,100,"D6",32.8228773639673,TRUE,6
-0.153044787520488,-0.820456161221526,1,0.403070001323276,0.274593092497023,0.11353711790393,0.167564604245827,0.11353711790393,12,100,"D7",23.1474273369279,TRUE,7
-0.0423473013931004,-0.24706636260323,1,0.830800464603281,0.743340848974652,0.517531616123165,0.603512329230639,0.517531616123165,14,1,"D0",58.7796732357995,TRUE,0
-0.0890468728957195,-0.521619395643518,1,0.686104834202844,0.542404709590306,0.254591399305086,0.341841072153784,0.254591399305086,14,1,"D1",53.0512436652593,TRUE,1
-0.0730134169460114,-0.450804139990669,1,0.594298179174115,0.470013936437725,0.275699094131548,0.336226073257188,0.275699094131548,14,1,"D3",25.6127613215209,TRUE,3
-0.123461443306562,-0.71608138876745,1,0.554625121713729,0.408871578491832,0.141772151898734,0.233290014064698,0.141772151898734,14,1,"D5",57.3278334512304,TRUE,5
-0.135946521029388,-0.829326470197576,1,0.442838929026774,0.285831916702082,0.101519337016575,0.147145027624309,0.101519337016575,14,1,"D6",29.9401309925588,TRUE,6
-0.187450466321102,-1.07938281376635,1,0.397740488453231,0.260757600930387,0.0503959683225342,0.114116630669546,0.0503959683225342,14,1,"D7",50.4498697563605,TRUE,7
-0.0423613649112082,-0.247077165547399,1,0.830800464603281,0.743340848974652,0.517531616123165,0.603864061244343,0.517531616123165,14,2,"D0",59.2692585752122,TRUE,0
-0.0889736982682832,-0.521493211196556,1,0.686104834202844,0.542404709590306,0.254591399305086,0.340626235278191,0.254591399305086,14,2,"D1",52.3159786673208,TRUE,1
-0.075165405039252,-0.463689642259254,1,0.594296842398108,0.469418556127417,0.270886075949367,0.329050632911392,0.270886075949367,14,2,"D3",26.4148897508346,TRUE,3
-0.118357075340756,-0.691230932831482,1,0.566492829204694,0.420686657974794,0.154237288135593,0.240716949152542,0.154237288135593,14,2,"D5",54.5884316738012,TRUE,5
-0.148662040114541,-0.887808066399102,1,0.441656804733728,0.28586456278764,0.0861538461538462,0.142479316239316,0.0861538461538462,14,2,"D6",37.1222266778203,TRUE,6
-0.181947394303665,-1.08182701100595,1,0.37173633064044,0.233491394450299,0.0532724505327245,0.095261796042618,0.0532724505327245,14,2,"D7",40.6024725191465,TRUE,7
-0.0423170991162963,-0.246951423217795,1,0.830800464603281,0.743340848974652,0.517531616123165,0.603469102905723,0.517531616123165,14,3,"D0",58.2694098538385,TRUE,0
-0.0890427178640986,-0.521761914867838,1,0.686104834202844,0.542404709590306,0.254591399305086,0.340909254997518,0.254591399305086,14,3,"D1",52.6136794665849,TRUE,1
-0.0803913889169768,-0.491674245308725,1,0.584760945022954,0.456233904378009,0.249636098981077,0.315178311499272,0.249636098981077,14,3,"D3",28.1344244362962,TRUE,3
-0.104198525263522,-0.623727040954707,1,0.557600190736285,0.41553416997204,0.181459566074951,0.251538461538462,0.181459566074951,14,3,"D5",36.8239342332924,TRUE,5
-0.131668784414392,-0.799111740945917,1,0.462218766703921,0.306319549054862,0.110549589387239,0.161057485786481,0.110549589387239,14,3,"D6",31.5098258075244,TRUE,6
-0.204224940257626,-1.21038773319261,1,0.334141201264489,0.201159114857745,0.0383561643835616,0.0730109589041096,0.0383561643835616,14,3,"D7",42.4781744397289,TRUE,7
-0.0422959828549692,-0.24688969385737,1,0.830800464603281,0.743340848974652,0.517531616123165,0.603506407816267,0.517531616123165,14,4,"D0",57.7970893050931,TRUE,0
-0.0891969851013923,-0.522362674657225,1,0.686104834202844,0.542404709590306,0.254591399305086,0.340338161635305,0.254591399305086,14,4,"D1",53.0501502090201,TRUE,1
-0.0784582260698469,-0.479016830531834,1,0.590060267790874,0.466874981444646,0.259359320725589,0.325074488614435,0.259359320725589,14,4,"D3",28.5640865296514,TRUE,3
-0.111388260142461,-0.658446048916757,1,0.552012754085293,0.411274965679111,0.165227403569372,0.24262233736327,0.165227403569372,14,4,"D5",43.1022447666761,TRUE,5
-0.13589072402482,-0.826823312119377,1,0.451526667540296,0.297143231555497,0.104940374787053,0.149444633730835,0.104940374787053,14,4,"D6",31.1286794444967,TRUE,6
-0.164090917392431,-0.978665273361463,1,0.384931074397559,0.248395243607282,0.06703146374829,0.115121751025992,0.06703146374829,14,4,"D7",37.3002732661974,TRUE,7
-0.0423112386994793,-0.246954052822358,1,0.830800464603281,0.743340848974652,0.517531616123165,0.603142832973819,0.517531616123165,14,5,"D0",57.9847838934337,TRUE,0
-0.0891428558080673,-0.522436512549758,1,0.686104834202844,0.542404709590306,0.254591399305086,0.341654076982086,0.254591399305086,14,5,"D1",52.3466225535614,TRUE,1
-0.0790185839345473,-0.483876096651485,1,0.590912143557508,0.462881626841815,0.256678889470927,0.319504103370002,0.256678889470927,14,5,"D3",28.1362986327229,TRUE,3
-0.118632512976278,-0.69445540669654,1,0.556649913227704,0.41087245599405,0.151772634046294,0.236941693524758,0.151772634046294,14,5,"D5",51.0592371207782,TRUE,5
-0.173527587862907,-1.01573481905816,1,0.439894319682959,0.279519357788843,0.0647291941875826,0.121889696169089,0.0647291941875826,14,5,"D6",53.0381991182041,TRUE,6
-0.162490503334628,-1.00565181868501,1,0.338638373121132,0.203138815207781,0.0625798212005109,0.0885415070242656,0.0625798212005109,14,5,"D7",26.4117178971393,TRUE,7
-0.0423361910126694,-0.247019042988051,1,0.830800464603281,0.743340848974652,0.517531616123165,0.603929196802436,0.517531616123165,14,6,"D0",58.653592881426,TRUE,0
-0.0890235841278086,-0.521987006913017,1,0.686104834202844,0.542404709590306,0.254591399305086,0.341755155453274,0.254591399305086,14,6,"D1",51.728596423218,TRUE,1
-0.0768448288132874,-0.469818706798381,1,0.598150782361309,0.473567950541635,0.266358463726885,0.330682788051209,0.266358463726885,14,6,"D3",28.3582154788001,TRUE,3
-0.116016263506556,-0.686451057720313,1,0.551641766024768,0.403369444502651,0.156360664669028,0.232489239989104,0.156360664669028,14,6,"D5",43.8131243873331,TRUE,5
-0.150895530534144,-0.899106373749195,1,0.444696689720712,0.290731745947944,0.0864790665751544,0.1402306108442,0.0864790665751544,14,6,"D6",39.23459720596,TRUE,6
-0.196969195876297,-1.18031018575555,1,0.336069584126121,0.194808371840174,0.0395759717314488,0.0731660777385159,0.0395759717314488,14,6,"D7",36.6772906120876,TRUE,7
-0.0423184896293066,-0.246935555344029,1,0.830800464603281,0.743340848974652,0.517531616123165,0.603797741403375,0.517531616123165,14,7,"D0",58.4257676339643,TRUE,0
-0.0890971404791799,-0.522307204888227,1,0.686104834202844,0.542404709590306,0.254591399305086,0.33936275438834,0.254591399305086,14,7,"D1",51.7893850053043,TRUE,1
-0.0804051556120343,-0.491724794449128,1,0.587950607724111,0.459374438252741,0.251662771885673,0.315111989933489,0.251662771885673,14,7,"D3",28.4988261726205,TRUE,3
-0.113265832858263,-0.668995274926535,1,0.564034640855833,0.417228731533367,0.16317880794702,0.240503311258278,0.16317880794702,14,7,"D5",45.1062925422017,TRUE,5
-0.127411319813365,-0.783855894009904,1,0.461912004055605,0.304170335387817,0.116545265348595,0.156918487686438,0.116545265348595,14,7,"D6",27.9976971757906,TRUE,6
-0.185475042760957,-1.1179683009146,1,0.340927365317609,0.205923344947735,0.0487804878048781,0.0798829268292683,0.0487804878048781,14,7,"D7",34.3139006896447,TRUE,7
-0.0423479928823493,-0.247048343031359,1,0.830800464603281,0.743340848974652,0.517531616123165,0.603419955166434,0.517531616123165,14,8,"D0",58.8850646295816,TRUE,0
-0.0890405769216814,-0.521666570732006,1,0.686104834202844,0.542404709590306,0.254591399305086,0.34225359866432,0.254591399305086,14,8,"D1",52.9140211615949,TRUE,1
-0.0807763662071138,-0.49394306495118,1,0.58050636157693,0.452370097026515,0.246341915169476,0.311474717540285,0.246341915169476,14,8,"D3",27.9818263821613,TRUE,3
-0.119339537585774,-0.706390262106761,1,0.546390864037923,0.396143072613661,0.149019607843137,0.221203921568627,0.149019607843137,14,8,"D5",43.9191998105912,TRUE,5
-0.137587052172497,-0.831904886388727,1,0.454602999862392,0.29622953075547,0.100178890876565,0.151791055456172,0.100178890876565,14,8,"D6",32.4094782242906,TRUE,6
-0.197805758168461,-1.14939424847094,1,0.347059096606471,0.218583166983891,0.0422450211225106,0.0944598672299336,0.0422450211225106,14,8,"D7",46.5430780602966,TRUE,7
-0.042342165467683,-0.247039385252465,1,0.830800464603281,0.743340848974652,0.517531616123165,0.60337199171002,0.517531616123165,14,9,"D0",58.7657425401946,TRUE,0
-0.0892893799340507,-0.522905413399974,1,0.686104834202844,0.542404709590306,0.254591399305086,0.339828978836695,0.254591399305086,14,9,"D1",52.821837178088,TRUE,1
-0.0759611001448374,-0.469089793837984,1,0.585040659751157,0.459742536134019,0.264101606275682,0.322546507284273,0.264101606275682,14,9,"D3",25.9044475281961,TRUE,3
-0.111210054892835,-0.65598005412295,1,0.559609574715315,0.416115606447933,0.165339192529525,0.247059049711618,0.165339192529525,14,9,"D5",44.0997115917738,TRUE,5
-0.14489863049013,-0.876993358799194,1,0.446609570205076,0.285298970692229,0.09056860742254,0.138012257405516,0.09056860742254,14,9,"D6",32.5838707295373,TRUE,6
-0.162815706516162,-1.00756918868816,1,0.342962926876796,0.20385346129488,0.0620645978467384,0.0895326155794807,0.0620645978467384,14,9,"D7",26.4902651301186,TRUE,7
-0.0423077189584289,-0.246938002634838,1,0.830800464603281,0.743340848974652,0.517531616123165,0.603316922556359,0.517531616123165,14,10,"D0",58.0377066644661,TRUE,0
-0.089073367565951,-0.522064623023566,1,0.686104834202844,0.542404709590306,0.254591399305086,0.338716483913181,0.254591399305086,14,10,"D1",52.101639564967,TRUE,1
-0.0778579158810718,-0.476091800484905,1,0.589811397518235,0.464829560315016,0.259161314695882,0.324874574990555,0.259161314695882,14,10,"D3",27.9349614862427,TRUE,3
-0.12399953298572,-0.722097732021785,1,0.546112195015016,0.399500186334042,0.139640923339983,0.227239669421488,0.139640923339983,14,10,"D5",53.7046950595404,TRUE,5
-0.139944162916312,-0.840614447032453,1,0.460544123739815,0.30600745753349,0.100538599640934,0.153502333931777,0.100538599640934,14,10,"D6",35.6282325500792,TRUE,6
-0.20706434187834,-1.22049605894522,1,0.346864634338967,0.210366977307429,0.0383299110198494,0.074570841889117,0.0383299110198494,14,10,"D7",46.4303433318592,TRUE,7
-0.0423427711324414,-0.247054049063006,1,0.830800464603281,0.743340848974652,0.517531616123165,0.603439495833862,0.517531616123165,14,11,"D0",58.7063892212012,TRUE,0
-0.0890059969470761,-0.521434195201553,1,0.686104834202844,0.542404709590306,0.254591399305086,0.342959252741302,0.254591399305086,14,11,"D1",52.9699177607833,TRUE,1
-0.0789773387799063,-0.482920309626407,1,0.589865645156747,0.463059459763964,0.256316367630904,0.321351519589894,0.256316367630904,14,11,"D3",28.2999357025425,TRUE,3
-0.115850080517182,-0.681888308005935,1,0.558732501178544,0.411178749308246,0.156674660271783,0.236261657340794,0.156674660271783,14,11,"D5",47.0874551741968,TRUE,5
-0.169909170356178,-0.995054303377167,1,0.442217042217042,0.281649831649832,0.065993265993266,0.124906397306397,0.065993265993266,14,11,"D6",49.9673464281438,TRUE,6
-0.207854623571851,-1.23141963927817,1,0.330059321209764,0.193231547213848,0.0353982300884956,0.0706106194690266,0.0353982300884956,14,11,"D7",42.6298557844346,TRUE,7
-0.042322634492953,-0.246961047232075,1,0.830800464603281,0.743340848974652,0.517531616123165,0.603566806242863,0.517531616123165,14,12,"D0",58.3990513723073,TRUE,0
-0.0891628290804522,-0.52239457009153,1,0.686104834202844,0.542404709590306,0.254591399305086,0.341632597806958,0.254591399305086,14,12,"D1",52.7703602825602,TRUE,1
-0.0812832890682667,-0.495334467974764,1,0.580322003577817,0.453173524150268,0.244837209302326,0.314464744186046,0.244837209302326,14,12,"D3",28.5989344007002,TRUE,3
-0.106721804174901,-0.638025308623408,1,0.561905354144643,0.416889496921833,0.177310697925088,0.246261924009701,0.177310697925088,14,12,"D5",38.0680483242379,TRUE,5
-0.171598083001319,-0.998808764903612,1,0.445617682459788,0.285247291826239,0.0647226173541963,0.128379800853485,0.0647226173541963,14,12,"D6",53.3840012029213,TRUE,6
-0.204136464775003,-1.22229186458413,1,0.330666666666667,0.191205128205128,0.0373333333333333,0.0674333333333333,0.0373333333333333,14,12,"D7",37.4173168539448,TRUE,7
-0.0423023100263818,-0.246955962350525,1,0.830800464603281,0.743340848974652,0.517531616123165,0.603738527259654,0.517531616123165,14,13,"D0",57.7509392920819,TRUE,0
-0.0890610403464164,-0.521743070825949,1,0.686104834202844,0.542404709590306,0.254591399305086,0.344330761247236,0.254591399305086,14,13,"D1",53.0345576968714,TRUE,1
-0.0789831947036886,-0.483656866288469,1,0.583777467438082,0.458118391427024,0.254168210448314,0.318037050759541,0.254168210448314,14,13,"D3",27.68076652351,TRUE,3
-0.11463164900183,-0.681039248987318,1,0.550171955944452,0.401288581254625,0.158460667798529,0.23096830786644,0.158460667798529,14,13,"D5",41.4330886618043,TRUE,5
-0.136782720248995,-0.832855223366039,1,0.45865609800036,0.297269475255424,0.103044496487119,0.147419203747073,0.103044496487119,14,13,"D6",30.9061989411386,TRUE,6
-0.181695672938414,-1.07712864127972,1,0.372079772079772,0.228964862298196,0.0518518518518519,0.0978444444444445,0.0518518518518519,14,13,"D7",41.0951873540737,TRUE,7
-0.0422733303000039,-0.24682119416779,1,0.830800464603281,0.743340848974652,0.517531616123165,0.60409618068773,0.517531616123165,14,14,"D0",57.3048253005264,TRUE,0
-0.0890402447112262,-0.521939337462093,1,0.686104834202844,0.542404709590306,0.254591399305086,0.341820224719101,0.254591399305086,14,14,"D1",52.0684622169555,TRUE,1
-0.0782764918729517,-0.480581925945028,1,0.581834894008158,0.45628913655426,0.256161314413742,0.318126213592233,0.256161314413742,14,14,"D3",27.0616939859065,TRUE,3
-0.112694067368131,-0.66884606705675,1,0.552884615384615,0.405513686763687,0.161599099099099,0.235717905405405,0.161599099099099,14,14,"D5",41.368452946439,TRUE,5
-0.146532071700005,-0.878336907231328,1,0.45333491855903,0.29604089882297,0.0919629057187017,0.143305255023184,0.0919629057187017,14,14,"D6",36.7879063151129,TRUE,6
-0.197885555721885,-1.16459150086434,1,0.33190486393829,0.200423184058282,0.0389972144846797,0.0831323119777159,0.0389972144846797,14,14,"D7",41.5014680929719,TRUE,7
-0.0423675271771241,-0.247135056802993,1,0.830800464603281,0.743340848974652,0.517531616123165,0.603839783445417,0.517531616123165,14,15,"D0",59.128604453799,TRUE,0
-0.0889315664404122,-0.521666919206696,1,0.686104834202844,0.542404709590306,0.254591399305086,0.340789224312982,0.254591399305086,14,15,"D1",51.2534129997642,TRUE,1
-0.0756774622675711,-0.467357908866208,1,0.59005016722408,0.463057413600892,0.266304347826087,0.324140579710145,0.266304347826087,14,15,"D3",26.0312896079211,TRUE,3
-0.113586858656637,-0.672876685045895,1,0.550057982218786,0.404715887127947,0.160245672808487,0.236209938581798,0.160245672808487,14,15,"D5",42.3789226613959,TRUE,5
-0.130072167634749,-0.800488500534352,1,0.454588859416446,0.296140583554377,0.111034482758621,0.151190344827586,0.111034482758621,14,15,"D6",27.871073522048,TRUE,6
-0.181777379155473,-1.13920758672558,1,0.314850287327352,0.172749269079544,0.0458715596330275,0.0596697247706422,0.0458715596330275,14,15,"D7",24.1576882767401,TRUE,7
-0.0423555770429885,-0.247064640115125,1,0.830800464603281,0.743340848974652,0.517531616123165,0.603395085226071,0.517531616123165,14,16,"D0",59.1356232192726,TRUE,0
-0.0890352573158447,-0.52178118771286,1,0.686104834202844,0.542404709590306,0.254591399305086,0.341174585984387,0.254591399305086,14,16,"D1",52.5923947536462,TRUE,1
-0.0749298982063979,-0.463287298497611,1,0.584685888867672,0.460326669702266,0.26732862325759,0.325574183692954,0.26732862325759,14,16,"D3",25.5063066510056,TRUE,3
-0.119648223980864,-0.705228393405558,1,0.550635814050448,0.400750469043152,0.147967479674797,0.226287804878049,0.147967479674797,14,16,"D5",46.4077138595936,TRUE,5
-0.134331446241037,-0.812796666739795,1,0.465820777160983,0.312397568067671,0.110652920962199,0.159648109965636,0.110652920962199,14,16,"D6",33.1293384041991,TRUE,6
-0.215929027380003,-1.22204009474041,1,0.389212758898526,0.246172804398313,0.0345040049291436,0.0973099199014171,0.0345040049291436,14,16,"D7",42.3616126254367,TRUE,7
-0.0423300171024389,-0.246962172839072,1,0.830800464603281,0.743340848974652,0.517531616123165,0.603376728841518,0.517531616123165,14,17,"D0",58.6667701390714,TRUE,0
-0.0890359888630528,-0.521387362623625,1,0.686104834202844,0.542404709590306,0.254591399305086,0.344062271558143,0.254591399305086,14,17,"D1",53.6316489442302,TRUE,1
-0.0766037419510754,-0.472140335620442,1,0.585771437520466,0.459630689502983,0.261706459374422,0.321670923560985,0.261706459374422,14,17,"D3",26.2716238181283,TRUE,3
-0.108220060988084,-0.641451472533498,1,0.562172143186873,0.417757774140753,0.171849427168576,0.249693398799782,0.171849427168576,14,17,"D5",41.4616282602946,TRUE,5
-0.154441294725527,-0.920003115736155,1,0.447115384615385,0.288474746407439,0.0817307692307692,0.134355769230769,0.0817307692307692,14,17,"D6",39.7709428817226,TRUE,6
-0.186428486603026,-1.12211208772428,1,0.364146583030703,0.217205898536371,0.050071530758226,0.0802346208869814,0.050071530758226,14,17,"D7",35.2578459459667,TRUE,7
-0.0423402976887679,-0.247030728496829,1,0.830800464603281,0.743340848974652,0.517531616123165,0.60272004398765,0.517531616123165,14,18,"D0",58.7084626971362,TRUE,0
-0.0892209079166411,-0.522356240995997,1,0.686104834202844,0.542404709590306,0.254591399305086,0.342821533324308,0.254591399305086,14,18,"D1",53.6849403642276,TRUE,1
-0.078276283021087,-0.480077940442207,1,0.586149853113146,0.459734462793417,0.256952169076752,0.319778272154245,0.256952169076752,14,18,"D3",27.4042063148723,TRUE,3
-0.117651443439483,-0.686310923323347,1,0.55765995081755,0.414793563139048,0.153112731351655,0.242997756590017,0.153112731351655,14,18,"D5",51.9019161716776,TRUE,5
-0.144971613126134,-0.865389775983343,1,0.451090853221346,0.29897316398648,0.0932090545938748,0.148966711051931,0.0932090545938748,14,18,"D6",38.0271979730942,TRUE,6
-0.187207265309669,-1.12230919318062,1,0.350492414160234,0.211338834176204,0.0484429065743945,0.0827114186851211,0.0484429065743945,14,18,"D7",36.6507829140824,TRUE,7
-0.0423045220143178,-0.246911146438685,1,0.830800464603281,0.743340848974652,0.517531616123165,0.603794188554752,0.517531616123165,14,19,"D0",57.994223028294,TRUE,0
-0.0890983016165623,-0.521677334458392,1,0.686104834202844,0.542404709590306,0.254591399305086,0.342360362799513,0.254591399305086,14,19,"D1",53.584168561468,TRUE,1
-0.0742667434102114,-0.457940019488601,1,0.590755999278282,0.46677091477717,0.270914777169664,0.331999218139171,0.270914777169664,14,19,"D3",25.9062421730559,TRUE,3
-0.114389870847763,-0.678828422595242,1,0.554316239316239,0.405555555555556,0.159444444444444,0.230214444444444,0.159444444444444,14,19,"D5",42.1847437679702,TRUE,5
-0.169577268918278,-0.992638124233055,1,0.437129910205443,0.277529120680548,0.0657752078062884,0.128858691723889,0.0657752078062884,14,19,"D6",48.9634469978549,TRUE,6
-0.183997699186703,-1.12194812855686,1,0.326688102893891,0.188523373732377,0.045016077170418,0.0731331189710611,0.045016077170418,14,19,"D7",30.186446179657,TRUE,7
-0.0423509515459651,-0.24705358924978,1,0.830800464603281,0.743340848974652,0.517531616123165,0.604103286384977,0.517531616123165,14,20,"D0",59.0110421568066,TRUE,0
-0.0892052433615797,-0.522071671223969,1,0.686104834202844,0.542404709590306,0.254591399305086,0.343807048418393,0.254591399305086,14,20,"D1",53.9217277079125,TRUE,1
-0.0789737252901334,-0.483610554253718,1,0.58476596812649,0.458338561927469,0.253761102048215,0.318581837955411,0.253761102048215,14,20,"D3",27.6508774870636,TRUE,3
-0.111604621687022,-0.652681703606675,1,0.569699336196798,0.427361273807974,0.165820642978003,0.255498025944726,0.165820642978003,14,20,"D5",48.5007114588063,TRUE,5
-0.166894506351132,-0.98388631941144,1,0.421501804227046,0.266323958989633,0.0677587490692479,0.124822040208488,0.0677587490692479,14,20,"D6",44.4414155486561,TRUE,6
-0.210257469851024,-1.23488599104985,1,0.364411749027134,0.216749293672371,0.0388080388080388,0.0762189882189882,0.0388080388080388,14,20,"D7",49.3885348480339,TRUE,7
-0.042400464954663,-0.247204630846425,1,0.830800464603281,0.743340848974652,0.517531616123165,0.603714841602166,0.517531616123165,14,21,"D0",60.0075935083,TRUE,0
-0.0889082987140477,-0.521539959301141,1,0.686104834202844,0.542404709590306,0.254591399305086,0.342014800776138,0.254591399305086,14,21,"D1",51.433377017766,TRUE,1
-0.0781676007347928,-0.480103946735603,1,0.588409452272603,0.459605789791107,0.256949394155381,0.3192982893799,0.256949394155381,14,21,"D3",27.1615792251974,TRUE,3
-0.122975943964231,-0.717559827186658,1,0.553260961750488,0.405298532779238,0.142778390297685,0.227700661521499,0.142778390297685,14,21,"D5",54.5802057361161,TRUE,5
-0.143978551177408,-0.865600802003216,1,0.450930166369117,0.295259903231649,0.0941809619912546,0.143870837537841,0.0941809619912546,14,21,"D6",35.3421767989751,TRUE,6
-0.183795441748417,-1.09220874351341,1,0.331740403884692,0.202276347566929,0.0467601870407482,0.0913787575150301,0.0467601870407482,14,21,"D7",36.2425543378659,TRUE,7
-0.0422840577114572,-0.246891333852246,1,0.830800464603281,0.743340848974652,0.517531616123165,0.603935710358246,0.517531616123165,14,22,"D0",57.3733128223824,TRUE,0
-0.0890849500335002,-0.521871879717792,1,0.686104834202844,0.542404709590306,0.254591399305086,0.342768467126935,0.254591399305086,14,22,"D1",52.9702104232536,TRUE,1
-0.0780976073924278,-0.480708937351707,1,0.589172551149737,0.460166576136158,0.258555133079848,0.31723700887199,0.258555133079848,14,22,"D3",26.9490306358969,TRUE,3
-0.12764237203753,-0.740288508210473,1,0.541468232195764,0.395259519367936,0.131811697574893,0.223724393723252,0.131811697574893,14,22,"D5",55.2822979504183,TRUE,5
-0.123487891492752,-0.764566274318748,1,0.453446686469323,0.298102529960053,0.121171770972037,0.159876830892144,0.121171770972037,14,22,"D6",26.3312262502279,TRUE,6
-0.22693634505468,-1.31724545590783,1,0.32182103610675,0.187205651491366,0.0267857142857143,0.066125,0.0267857142857143,14,22,"D7",52.8353558560972,TRUE,7
-0.0423751750112252,-0.247167956588931,1,0.830800464603281,0.743340848974652,0.517531616123165,0.603185467157298,0.517531616123165,14,23,"D0",59.2849316059173,TRUE,0
-0.0892242917786117,-0.522367097402554,1,0.686104834202844,0.542404709590306,0.254591399305086,0.342037543432156,0.254591399305086,14,23,"D1",53.6754228583503,TRUE,1
-0.0771851143066384,-0.472855354792173,1,0.58878476958662,0.464711464325959,0.261757902852737,0.325224749421743,0.261757902852737,14,23,"D3",27.5482235245839,TRUE,3
-0.108693566848273,-0.642910300472284,1,0.562814070351759,0.418885927613777,0.170325310764348,0.251570483998942,0.170325310764348,14,23,"D5",42.178026109853,TRUE,5
-0.14205803691847,-0.86507258409899,1,0.440408278120283,0.279744698268144,0.0931160625207848,0.137071499833721,0.0931160625207848,14,23,"D6",30.6603360355781,TRUE,6
-0.191424342714574,-1.11270594679073,1,0.367661115862555,0.232907380389395,0.0457815565729235,0.101928057553957,0.0457815565729235,14,23,"D7",47.7709990147863,TRUE,7
-0.0423360763946485,-0.246995486135166,1,0.830800464603281,0.743340848974652,0.517531616123165,0.60365858816563,0.517531616123165,14,24,"D0",58.7661409385727,TRUE,0
-0.0890782490537143,-0.521884969235198,1,0.686104834202844,0.542404709590306,0.254591399305086,0.343084969089843,0.254591399305086,14,24,"D1",52.8246445200432,TRUE,1
-0.0790274532221186,-0.485412678374601,1,0.584421867440735,0.456327320478264,0.254088050314465,0.315438993710692,0.254088050314465,14,24,"D3",27.2001103584259,TRUE,3
-0.110916467496759,-0.649649365345083,1,0.564658387818684,0.424557900741586,0.167712492869367,0.255793496862521,0.167712492869367,14,24,"D5",47.7117954498746,TRUE,5
-0.139877397136467,-0.838160255900872,1,0.463704526520411,0.308442099416829,0.101083032490975,0.15601155234657,0.101083032490975,14,24,"D6",36.5315778952765,TRUE,6
-0.19296661246874,-1.14534288914122,1,0.352515169309062,0.211734194558622,0.044529262086514,0.0842226463104326,0.044529262086514,14,24,"D7",41.2292227209045,TRUE,7
-0.0423309599827114,-0.247009518004472,1,0.830800464603281,0.743340848974652,0.517531616123165,0.603107896629023,0.517531616123165,14,25,"D0",58.4787917255967,TRUE,0
-0.0891065438609273,-0.521986357601795,1,0.686104834202844,0.542404709590306,0.254591399305086,0.342123460132666,0.254591399305086,14,25,"D1",52.9738513361287,TRUE,1
-0.0765459165914644,-0.471757415594092,1,0.588951151865059,0.461368653421634,0.262693156732892,0.32176821192053,0.262693156732892,14,25,"D3",26.3916782074851,TRUE,3
-0.121766723865276,-0.706987169508709,1,0.560378918206394,0.415838155454769,0.146383967470229,0.238605866976474,0.146383967470229,14,25,"D5",58.0412275220562,TRUE,5
-0.12617114036921,-0.778443229034865,1,0.45335186901452,0.296480794974771,0.117135207496653,0.157982597054886,0.117135207496653,14,25,"D6",27.1401104482461,TRUE,6
-0.193359364591291,-1.10020222923394,1,0.404044409199048,0.262316613798573,0.0451030927835052,0.117538659793814,0.0451030927835052,14,25,"D7",39.0233649780955,TRUE,7
-0.0423222597274856,-0.246968872820455,1,0.830800464603281,0.743340848974652,0.517531616123165,0.60363312608383,0.517531616123165,14,26,"D0",58.3399094246232,TRUE,0
-0.089065338093612,-0.521901521558123,1,0.686104834202844,0.542404709590306,0.254591399305086,0.341843599115563,0.254591399305086,14,26,"D1",52.5424805672804,TRUE,1
-0.0741988579498652,-0.45853828483503,1,0.592258696717295,0.467620914117729,0.272611464968153,0.330308280254777,0.272611464968153,14,26,"D3",25.8188831953939,TRUE,3
-0.125010492657781,-0.72626878504249,1,0.557238373955952,0.409234614316536,0.13996112191058,0.228327131352402,0.13996112191058,14,26,"D5",60.1395652535517,TRUE,5
-0.134004674400072,-0.816663396295255,1,0.44959456497918,0.293460990576375,0.104700854700855,0.151611823361823,0.104700854700855,14,26,"D6",30.1783855946939,TRUE,6
-0.232712936314752,-1.35365659970234,1,0.313957971852709,0.184162328899171,0.0263157894736842,0.0624912280701754,0.0263157894736842,14,26,"D7",54.8621757337881,TRUE,7
-0.0423393077568465,-0.247076837089628,1,0.830800464603281,0.743340848974652,0.517531616123165,0.604041111534069,0.517531616123165,14,27,"D0",58.3991142274662,TRUE,0
-0.0890765628607566,-0.521876749281087,1,0.686104834202844,0.542404709590306,0.254591399305086,0.341930147556518,0.254591399305086,14,27,"D1",52.9397115381375,TRUE,1
-0.0806564888362643,-0.491900957989609,1,0.581866184552251,0.455720086665806,0.248088043275508,0.316886774855437,0.248088043275508,14,27,"D3",28.497830941955,TRUE,3
-0.107125102376375,-0.638681358668634,1,0.561715393040694,0.417495155446963,0.176341730558598,0.247725629791895,0.176341730558598,14,27,"D5",39.2466114817735,TRUE,5
-0.142146338210431,-0.860973731097935,1,0.440963606286187,0.284170802315964,0.0940860215053763,0.140926747311828,0.0940860215053763,14,27,"D6",32.3435076792672,TRUE,6
-0.217425118414421,-1.26985789741203,1,0.335108705142757,0.198135859600105,0.0317820658342792,0.0717956867196368,0.0317820658342792,14,27,"D7",52.6919942760516,TRUE,7
-0.0423387745815135,-0.247034119306753,1,0.830800464603281,0.743340848974652,0.517531616123165,0.604169606225944,0.517531616123165,14,28,"D0",58.6458667961669,TRUE,0
-0.0891175944448732,-0.522085578949706,1,0.686104834202844,0.542404709590306,0.254591399305086,0.34135842245386,0.254591399305086,14,28,"D1",52.811990883104,TRUE,1
-0.0790830379924506,-0.485386146707518,1,0.582146072393147,0.454379170894125,0.252275682704811,0.315079323797139,0.252275682704811,14,28,"D3",27.1550566845311,TRUE,3
-0.0999278753015469,-0.601724936943083,1,0.563921993499458,0.422160180015001,0.193391115926327,0.258871072589382,0.193391115926327,14,28,"D5",34.536723279017,TRUE,5
-0.167982847978006,-0.997501734366732,1,0.432752278906125,0.268764326456634,0.0679140679140679,0.118340263340263,0.0679140679140679,14,28,"D6",41.9438558497126,TRUE,6
-0.183237517701873,-1.12656069748335,1,0.327293918203009,0.191883873702056,0.0482093663911846,0.0697878787878788,0.0482093663911846,14,28,"D7",28.3349533764628,TRUE,7
-0.0422948997352043,-0.246869261942391,1,0.830800464603281,0.743340848974652,0.517531616123165,0.603875904073087,0.517531616123165,14,29,"D0",57.8840671546198,TRUE,0
-0.089086172245792,-0.522061813722874,1,0.686104834202844,0.542404709590306,0.254591399305086,0.342849329903885,0.254591399305086,14,29,"D1",52.5773706733126,TRUE,1
-0.0828880236286974,-0.505695351168255,1,0.579815026963592,0.450634273100673,0.241554667635307,0.307000726480203,0.241554667635307,14,29,"D3",28.9704558842372,TRUE,3
-0.113492664471424,-0.675466180915186,1,0.549726424203412,0.402328076386654,0.160111576011158,0.231021478382148,0.160111576011158,14,29,"D5",40.2870367373118,TRUE,5
-0.152339713140533,-0.908738133676788,1,0.462517716789074,0.296456642185285,0.0844221105527638,0.137894137353434,0.0844221105527638,14,29,"D6",38.8126636070393,TRUE,6
-0.205184119124424,-1.22653487904737,1,0.332151949283682,0.188638746068986,0.036340038935756,0.0676924075275795,0.036340038935756,14,29,"D7",38.2100065083292,TRUE,7
-0.0423049961739552,-0.246954363398478,1,0.830800464603281,0.743340848974652,0.517531616123165,0.603508184240579,0.517531616123165,14,30,"D0",57.8494909873628,TRUE,0
-0.0891010646139382,-0.522487730764663,1,0.686104834202844,0.542404709590306,0.254591399305086,0.340697621948468,0.254591399305086,14,30,"D1",51.6113706130641,TRUE,1
-0.0791202520758177,-0.484036560321811,1,0.58464985350721,0.457912046877693,0.253547423450336,0.318019044062733,0.253547423450336,14,30,"D3",27.8686036249547,TRUE,3
-0.120494670680072,-0.699680636104806,1,0.564742102445119,0.419462787792254,0.150232018561485,0.240598607888631,0.150232018561485,14,30,"D5",59.0435100626248,TRUE,5
-0.120605290891887,-0.748089655614715,1,0.455747111027697,0.305024532804247,0.126873475078425,0.164837922621122,0.126873475078425,14,30,"D6",26.0120696459851,TRUE,6
-0.160327703959074,-0.994939084765117,1,0.342910101946247,0.208809597363814,0.0655957161981258,0.0907001338688086,0.0655957161981258,14,30,"D7",25.9729163274315,TRUE,7
-0.0423538668506947,-0.247036417049324,1,0.830800464603281,0.743340848974652,0.517531616123165,0.604122234910967,0.517531616123165,14,31,"D0",59.1914711671425,TRUE,0
-0.0893642764600232,-0.522822869794142,1,0.686104834202844,0.542404709590306,0.254591399305086,0.342608636794368,0.254591399305086,14,31,"D1",54.2710405037048,TRUE,1
-0.0790183412246896,-0.485524075368302,1,0.585599633767757,0.457933362898957,0.255160870373814,0.314787799888414,0.255160870373814,14,31,"D3",27.2924524976191,TRUE,3
-0.126331459676822,-0.7329563717659,1,0.560129136400323,0.410566834295648,0.139359698681733,0.228086629001883,0.139359698681733,14,31,"D5",64.0849921630182,TRUE,5
-0.136766554555479,-0.826371693161859,1,0.458864598549182,0.301799905919636,0.103636948825233,0.154063083360155,0.103636948825233,14,31,"D6",33.2184536397408,TRUE,6
-0.181804100367486,-1.09636654240574,1,0.327745574181419,0.195806569533657,0.0475220638153428,0.0833727087576375,0.0475220638153428,14,31,"D7",32.9719758456691,TRUE,7
-0.0423165184179027,-0.246959079721658,1,0.830800464603281,0.743340848974652,0.517531616123165,0.603810176373557,0.517531616123165,14,32,"D0",58.1751572121166,TRUE,0
-0.0890426202249471,-0.521608750840377,1,0.686104834202844,0.542404709590306,0.254591399305086,0.342443120797798,0.254591399305086,14,32,"D1",52.9388517912398,TRUE,1
-0.0772880616109796,-0.471873536038058,1,0.593951398332644,0.470606929580796,0.263643351268255,0.329642966948501,0.263643351268255,14,32,"D3",28.4503043510947,TRUE,3
-0.122120120174747,-0.710814723852741,1,0.554231840582815,0.408238697235912,0.144289693593315,0.232715877437326,0.144289693593315,14,32,"D5",55.1705057071877,TRUE,5
-0.169694913765155,-0.985766555934834,1,0.449795233631026,0.292001776286574,0.0673508659397049,0.133574727389352,0.0673508659397049,14,32,"D6",55.3298273584205,TRUE,6
-0.193952368484504,-1.13694636532436,1,0.367897368553967,0.22874892671347,0.0459619172685489,0.0947458962573867,0.0459619172685489,14,32,"D7",48.194385005836,TRUE,7
-0.0423249971880115,-0.246982982169459,1,0.830800464603281,0.743340848974652,0.517531616123165,0.603833269889608,0.517531616123165,14,33,"D0",58.3767663614713,TRUE,0
-0.0889675284049754,-0.521736418644823,1,0.686104834202844,0.542404709590306,0.254591399305086,0.340325526826407,0.254591399305086,14,33,"D1",51.7349884416269,TRUE,1
-0.0806844466834862,-0.491989064397094,1,0.586768461813089,0.459252190151869,0.249910746162085,0.317341663691539,0.249910746162085,14,33,"D3",28.9608625144721,TRUE,3
-0.11852635270315,-0.693130302676043,1,0.561782906472285,0.415027857913629,0.152304609218437,0.236813627254509,0.152304609218437,14,33,"D5",52.5899621845367,TRUE,5
-0.138427861483833,-0.839199460604601,1,0.445787273039693,0.291626095423564,0.0990320178704393,0.147198064035741,0.0990320178704393,14,33,"D6",31.919754180585,TRUE,6
-0.199610906910878,-1.20368362920964,1,0.324846642418978,0.188806253732154,0.0395201129146083,0.0667297106563162,0.0395201129146083,14,33,"D7",34.3978103516684,TRUE,7
-0.0423193377335528,-0.246890245554357,1,0.830800464603281,0.743340848974652,0.517531616123165,0.604468045510299,0.517531616123165,14,34,"D0",58.555765606173,TRUE,0
-0.0890394776477748,-0.521658930941066,1,0.686104834202844,0.542404709590306,0.254591399305086,0.343179730156581,0.254591399305086,14,34,"D1",52.7257394581049,TRUE,1
-0.079781648534055,-0.487766532212813,1,0.587283462373977,0.460897900072411,0.253439536567705,0.317554670528602,0.253439536567705,14,34,"D3",28.4046810930925,TRUE,3
-0.116788650968654,-0.686357973492734,1,0.554659213618751,0.408329627982807,0.154142581888247,0.235583815028902,0.154142581888247,14,34,"D5",47.5828018873048,TRUE,5
-0.138835173246228,-0.841292344738683,1,0.445317357146894,0.290284293223309,0.097722263041881,0.14655767817781,0.097722263041881,14,34,"D6",31.8577656107037,TRUE,6
-0.189291808682694,-1.11905517559065,1,0.363626751255617,0.225852498017446,0.0481099656357388,0.0916302405498282,0.0481099656357388,14,34,"D7",43.7800586556626,TRUE,7
-0.0423134321001767,-0.246966083109362,1,0.830800464603281,0.743340848974652,0.517531616123165,0.603772279321575,0.517531616123165,14,35,"D0",58.0605824706638,TRUE,0
-0.089088702777092,-0.521895871236961,1,0.686104834202844,0.542404709590306,0.254591399305086,0.341945309327196,0.254591399305086,14,35,"D1",53.008967448979,TRUE,1
-0.0803799853477658,-0.489790934243629,1,0.590950385767943,0.463457131622124,0.251718667371761,0.319050943063635,0.251718667371761,14,35,"D3",29.1250158315619,TRUE,3
-0.111115595293477,-0.65839262567517,1,0.552591973244147,0.407044314381271,0.163586956521739,0.241347826086957,0.163586956521739,14,35,"D5",41.2730628716836,TRUE,5
-0.123852251550236,-0.759006127626706,1,0.465124993308709,0.311158396231465,0.12178148921364,0.169295755045233,0.12178148921364,14,35,"D6",28.5671119788941,TRUE,6
-0.166315308640188,-0.991735413971494,1,0.368754465348893,0.231983805668016,0.0606811145510836,0.111393188854489,0.0606811145510836,14,35,"D7",34.9288044525342,TRUE,7
-0.0423117041601141,-0.246937211088733,1,0.830800464603281,0.743340848974652,0.517531616123165,0.603207968531912,0.517531616123165,14,36,"D0",58.1295691483813,TRUE,0
-0.0890558657119018,-0.522068463579122,1,0.686104834202844,0.542404709590306,0.254591399305086,0.340784802129868,0.254591399305086,14,36,"D1",51.9194846354033,TRUE,1
-0.0781010072625674,-0.479833830791669,1,0.586979174101089,0.459147551279672,0.257190573390239,0.318931898311375,0.257190573390239,14,36,"D3",27.0793511179825,TRUE,3
-0.120274944536729,-0.706779186701275,1,0.550918127560463,0.401532638758916,0.147607461476075,0.226217896728846,0.147607461476075,14,36,"D5",48.8015279637424,TRUE,5
-0.142628578792782,-0.858389098705697,1,0.450235478806907,0.293642072213501,0.0952380952380952,0.145995238095238,0.0952380952380952,14,36,"D6",34.6694579077633,TRUE,6
-0.18714326195852,-1.08925373231894,1,0.371911015813455,0.23956043956044,0.0487804878048781,0.105482926829268,0.0487804878048781,14,36,"D7",47.3304670291732,TRUE,7
-0.042347615356712,-0.247043747469934,1,0.830800464603281,0.743340848974652,0.517531616123165,0.604238294632661,0.517531616123165,14,37,"D0",58.8371759378389,TRUE,0
-0.0889267611549013,-0.521355057474698,1,0.686104834202844,0.542404709590306,0.254591399305086,0.342484815667163,0.254591399305086,14,37,"D1",52.1509210957985,TRUE,1
-0.0783045551618947,-0.477832022982092,1,0.588950259703324,0.465557501459428,0.258805215022378,0.326500486475968,0.258805215022378,14,37,"D3",28.439653013371,TRUE,3
-0.118299881680453,-0.691436963774853,1,0.558394725780403,0.413840401761023,0.153005464480874,0.238583836640782,0.153005464480874,14,37,"D5",52.4264226636932,TRUE,5
-0.164673549130431,-0.971996396508561,1,0.445265204109969,0.283310191613441,0.0707581227436823,0.124503971119134,0.0707581227436823,14,37,"D6",44.6342046231707,TRUE,6
-0.204387238446264,-1.23197711731951,1,0.319458176784655,0.178193593039351,0.0359897172236504,0.0633149100257069,0.0359897172236504,14,37,"D7",34.6182296311794,TRUE,7
-0.0423643155464335,-0.247143161078026,1,0.830800464603281,0.743340848974652,0.517531616123165,0.603700630207673,0.517531616123165,14,38,"D0",58.9653363109907,TRUE,0
-0.0890039005610795,-0.52182233718352,1,0.686104834202844,0.542404709590306,0.254591399305086,0.34131988628672,0.254591399305086,14,38,"D1",52.0196433516402,TRUE,1
-0.0813747588357839,-0.498408177085756,1,0.577482131483971,0.448000849196801,0.244710211591536,0.308023183072677,0.244710211591536,14,38,"D3",27.7762302680483,TRUE,3
-0.10915043436664,-0.6486336180811,1,0.557435897435897,0.412884615384615,0.171111111111111,0.244988333333333,0.171111111111111,14,38,"D5",40.6791474598086,TRUE,5
-0.128941656487207,-0.78818562725476,1,0.453215379380742,0.30275865679064,0.114324600204151,0.159220823409323,0.114324600204151,14,38,"D6",29.5463485776941,TRUE,6
-0.179010765249004,-1.06834219346941,1,0.351997652696953,0.21981514988508,0.0534011443102352,0.0959262555626192,0.0534011443102352,14,38,"D7",37.3919583887415,TRUE,7
-0.0423437074453988,-0.247037465803085,1,0.830800464603281,0.743340848974652,0.517531616123165,0.603950513894176,0.517531616123165,14,39,"D0",58.8196314961806,TRUE,0
-0.0890348523235877,-0.521672031433839,1,0.686104834202844,0.542404709590306,0.254591399305086,0.341570055502911,0.254591399305086,14,39,"D1",52.8411775947198,TRUE,1
-0.0800845938803216,-0.48967211382838,1,0.583541910006118,0.455392402247066,0.250542299349241,0.315597252349964,0.250542299349241,14,39,"D3",28.079980694122,TRUE,3
-0.128543003933322,-0.739837519504787,1,0.557826338701722,0.409362870193648,0.132701421800948,0.230525787566211,0.132701421800948,14,39,"D5",59.2298414607949,TRUE,5
-0.174676389993313,-1.01342052169696,1,0.444415083370769,0.284094812779114,0.0625214702851254,0.127803503950532,0.0625214702851254,14,39,"D6",54.3850747564019,TRUE,6
-0.192042863515014,-1.1358212666611,1,0.371883289124668,0.23159151193634,0.0482758620689655,0.0891075862068966,0.0482758620689655,14,39,"D7",44.3561255991065,TRUE,7
-0.0423655955934022,-0.247156944488577,1,0.830800464603281,0.743340848974652,0.517531616123165,0.602971704098465,0.517531616123165,14,40,"D0",58.9801973237951,TRUE,0
-0.0889118733233549,-0.521160738215052,1,0.686104834202844,0.542404709590306,0.254591399305086,0.343798204052164,0.254591399305086,14,40,"D1",52.3242568867841,TRUE,1
-0.0833137758637742,-0.507853825867443,1,0.580463672519158,0.450320801518784,0.239596469104666,0.306035308953342,0.239596469104666,14,40,"D3",29.1262219614715,TRUE,3
-0.10948777051868,-0.64822203065861,1,0.562831108285654,0.416857385039203,0.16969696969697,0.248741046831956,0.16969696969697,14,40,"D5",42.3136139708661,TRUE,5
-0.13930605428239,-0.84107589871971,1,0.455445544554455,0.298335328038298,0.099009900990099,0.149925742574257,0.099009900990099,14,40,"D6",33.3403317483235,TRUE,6
-0.174152511912047,-1.05271985268991,1,0.346704011203361,0.211713514054216,0.0546163849154746,0.090927178153446,0.0546163849154746,14,40,"D7",32.6535997393293,TRUE,7
-0.0423009146371569,-0.246888208233912,1,0.830800464603281,0.743340848974652,0.517531616123165,0.603893076174766,0.517531616123165,14,41,"D0",58.0162809497438,TRUE,0
-0.0890951893586457,-0.522335603887054,1,0.686104834202844,0.542404709590306,0.254591399305086,0.341558684174902,0.254591399305086,14,41,"D1",51.9356047736066,TRUE,1
-0.0818389005575888,-0.500538537396282,1,0.577776513427401,0.448786697769686,0.243343195266272,0.307197485207101,0.243343195266272,14,41,"D3",28.0698119280363,TRUE,3
-0.120300402816618,-0.700703044183756,1,0.552469752469752,0.408436008436008,0.145454545454545,0.235733333333333,0.145454545454545,14,41,"D5",51.4192022615383,TRUE,5
-0.141980466322278,-0.852140178821897,1,0.459077778966513,0.302637209799936,0.0973574408901252,0.150475660639777,0.0973574408901252,14,41,"D6",35.9339604250473,TRUE,6
-0.164272080744155,-1.01026492214525,1,0.359957293202501,0.21938075143627,0.0647719762062128,0.0928922670191672,0.0647719762062128,14,41,"D7",28.2043623920061,TRUE,7
-0.0423024100287026,-0.246919502232456,1,0.830800464603281,0.743340848974652,0.517531616123165,0.604466861227425,0.517531616123165,14,42,"D0",57.8857718044781,TRUE,0
-0.0891338983978895,-0.522265956483541,1,0.686104834202844,0.542404709590306,0.254591399305086,0.342238436893642,0.254591399305086,14,42,"D1",52.6163683697118,TRUE,1
-0.0757145322295171,-0.465519549501047,1,0.596123022124803,0.471073361189123,0.269278717720392,0.330434906500445,0.269278717720392,14,42,"D3",27.0728604080564,TRUE,3
-0.11388288159376,-0.677497496154964,1,0.546735432898058,0.400757160100955,0.159771754636234,0.229659914407989,0.159771754636234,14,42,"D5",40.6081711421481,TRUE,5
-0.136489830172708,-0.822577124427818,1,0.454791258402997,0.30208617567534,0.103837471783296,0.157006772009029,0.103837471783296,14,42,"D6",33.8391355502177,TRUE,6
-0.17724255010109,-1.09259941577832,1,0.336653870450459,0.194567277321541,0.0530638029058749,0.0755893872394188,0.0530638029058749,14,42,"D7",27.6687217712543,TRUE,7
-0.0422771819756625,-0.2467985039909,1,0.830800464603281,0.743340848974652,0.517531616123165,0.603978936683162,0.517531616123165,14,43,"D0",57.5242626780733,TRUE,0
-0.0889895843147471,-0.521302023808601,1,0.686104834202844,0.542404709590306,0.254591399305086,0.340705834574252,0.254591399305086,14,43,"D1",53.0774528633007,TRUE,1
-0.0801526581571586,-0.489681469392805,1,0.586990474314418,0.459287191681558,0.250960307298335,0.315938540332907,0.250960307298335,14,43,"D3",28.4428570646849,TRUE,3
-0.0992413770731651,-0.594437848757882,1,0.569784423567365,0.429234692765438,0.194389345423633,0.267440068007934,0.194389345423633,14,43,"D5",36.1297041932655,TRUE,5
-0.130345385704557,-0.802195046122788,1,0.443089983946015,0.287883322902778,0.108949416342412,0.150117438981252,0.108949416342412,14,43,"D6",27.7276649287751,TRUE,6
-0.21680402049339,-1.2355667462067,1,0.358055325797261,0.225369910853782,0.033452807646356,0.0910501792114695,0.033452807646356,14,43,"D7",46.3883910152441,TRUE,7
-0.0423482398244047,-0.247103865863955,1,0.830800464603281,0.743340848974652,0.517531616123165,0.603812544939305,0.517531616123165,14,44,"D0",58.6257809947072,TRUE,0
-0.0892264449963893,-0.522815124688218,1,0.686104834202844,0.542404709590306,0.254591399305086,0.341414647353459,0.254591399305086,14,44,"D1",52.4537586103864,TRUE,1
-0.0786010491254213,-0.482185615157879,1,0.581454443971152,0.455817335233031,0.253962192094711,0.31831621157151,0.253962192094711,14,44,"D3",27.1190457990449,TRUE,3
-0.11217392025709,-0.658653818000411,1,0.567244294167371,0.423341081994928,0.165384615384615,0.2511,0.165384615384615,14,44,"D5",47.831035003187,TRUE,5
-0.145939516881974,-0.881136023923277,1,0.446362584976446,0.289018645454289,0.0924092409240924,0.137946461312798,0.0924092409240924,14,44,"D6",33.9658314746776,TRUE,6
-0.165718611616267,-0.978571343486369,1,0.40197157988569,0.261470295212626,0.0668029993183367,0.121781867757328,0.0668029993183367,14,44,"D7",41.7860013493867,TRUE,7
-0.0423388803607051,-0.247062623041944,1,0.830800464603281,0.743340848974652,0.517531616123165,0.60344423296536,0.517531616123165,14,45,"D0",58.5406734970144,TRUE,0
-0.0889479138374011,-0.521534970018237,1,0.686104834202844,0.542404709590306,0.254591399305086,0.341332521095618,0.254591399305086,14,45,"D1",51.9733249451761,TRUE,1
-0.0780932892237095,-0.47918826688708,1,0.588851727982163,0.461594202898551,0.258695652173913,0.320858695652174,0.258695652173913,14,45,"D3",27.4339943114075,TRUE,3
-0.111889262966633,-0.656727247661377,1,0.5601105481345,0.418909433879494,0.163672654690619,0.251145708582834,0.163672654690619,14,45,"D5",46.2098645085965,TRUE,5
-0.150080018834298,-0.897051956975308,1,0.454898002549936,0.294066085847854,0.0870165745856354,0.140343232044199,0.0870165745856354,14,45,"D6",38.034120651921,TRUE,6
-0.153069970877614,-0.946197066609076,1,0.362785196865914,0.223328241265461,0.0717488789237668,0.101659192825112,0.0717488789237668,14,45,"D7",26.590134641956,TRUE,7
-0.0423462081102224,-0.247031012521194,1,0.830800464603281,0.743340848974652,0.517531616123165,0.604530812502644,0.517531616123165,14,46,"D0",58.9208087061369,TRUE,0
-0.0891623648150466,-0.522106849184507,1,0.686104834202844,0.542404709590306,0.254591399305086,0.342732457921574,0.254591399305086,14,46,"D1",53.4222452683333,TRUE,1
-0.0768174150525531,-0.470340487704544,1,0.591938392831582,0.46751452864218,0.263118719761816,0.328815035355415,0.263118719761816,14,46,"D3",27.597149642106,TRUE,3
-0.124839154154578,-0.729194378674151,1,0.556242860529776,0.405435696273466,0.141216026898291,0.222925189128607,0.141216026898291,14,46,"D5",56.0109623172172,TRUE,5
-0.127822251902212,-0.787246050584052,1,0.454743674255869,0.299148116221287,0.115359261700725,0.154987475280158,0.115359261700725,14,46,"D6",27.7267414857032,TRUE,6
-0.189939505964575,-1.12773069817082,1,0.351521147662627,0.21219391540935,0.045016077170418,0.0854405144694534,0.045016077170418,14,46,"D7",40.2498298448536,TRUE,7
-0.0423447914383688,-0.247081640592674,1,0.830800464603281,0.743340848974652,0.517531616123165,0.603351858901155,0.517531616123165,14,47,"D0",58.6429815235496,TRUE,0
-0.0889493289130117,-0.521494586269948,1,0.686104834202844,0.542404709590306,0.254591399305086,0.340879563196607,0.254591399305086,14,47,"D1",51.9356713036627,TRUE,1
-0.0770456814475038,-0.471739023684974,1,0.593256658066209,0.467558781941954,0.262649232518476,0.328210725791169,0.262649232518476,14,47,"D3",27.6970947417494,TRUE,3
-0.120499185084345,-0.699514172457284,1,0.55959232087159,0.41657514387383,0.14791547687036,0.239671045117076,0.14791547687036,14,47,"D5",56.076929100294,TRUE,5
-0.156525742794677,-0.92759324533404,1,0.442673605464303,0.284870168591099,0.0789288231148696,0.136097956307259,0.0789288231148696,14,47,"D6",41.7137770441091,TRUE,6
-0.240985570924648,-1.38864750205302,1,0.338461538461538,0.197135122941575,0.024633431085044,0.0640551319648094,0.024633431085044,14,47,"D7",72.5028202601551,TRUE,7
-0.0422866473607834,-0.246784274729178,1,0.830800464603281,0.743340848974652,0.517531616123165,0.604697796387937,0.517531616123165,14,48,"D0",57.9106899023915,TRUE,0
-0.0892415284296572,-0.522400116232869,1,0.686104834202844,0.542404709590306,0.254591399305086,0.343575199675105,0.254591399305086,14,48,"D1",53.6409370852817,TRUE,1
-0.0779846004615595,-0.480691447386954,1,0.581668095743289,0.45448269848421,0.256565274891366,0.31574985830342,0.256565274891366,14,48,"D3",26.3878459735557,TRUE,3
-0.113800989905961,-0.672616059300397,1,0.559925558312655,0.412727460711332,0.161827956989247,0.238545698924731,0.161827956989247,14,48,"D5",44.586539851203,TRUE,5
-0.163149042940274,-0.94985054653908,1,0.449515055975633,0.295896010901221,0.0729419937478291,0.141843001042028,0.0729419937478291,14,48,"D6",50.2340634220394,TRUE,6
-0.199089658446329,-1.20344113574013,1,0.320403243480167,0.18310322156476,0.0398860398860399,0.0661150997150997,0.0398860398860399,14,48,"D7",33.4054943244032,TRUE,7
-0.042349462651498,-0.247097280699711,1,0.830800464603281,0.743340848974652,0.517531616123165,0.603581609778793,0.517531616123165,14,49,"D0",58.7029098078778,TRUE,0
-0.0891861664615006,-0.522208824385389,1,0.686104834202844,0.542404709590306,0.254591399305086,0.341722936690583,0.254591399305086,14,49,"D1",53.2553168663944,TRUE,1
-0.0803409752927446,-0.49256876185916,1,0.57676251642096,0.449445336447234,0.247058823529412,0.31152789373814,0.247058823529412,14,49,"D3",27.3129525290241,TRUE,3
-0.111032347138233,-0.662850935043588,1,0.547402159244264,0.401537196356275,0.165021929824561,0.23303399122807,0.165021929824561,14,49,"D5",38.5743071421436,TRUE,5
-0.149204303509244,-0.889525365103235,1,0.446851477877731,0.289320464738126,0.0859188544152745,0.140897374701671,0.0859188544152745,14,49,"D6",37.97437611285,TRUE,6
-0.152123100680473,-0.904440622425,1,0.419955406911929,0.277591973244147,0.0811594202898551,0.138427536231884,0.0811594202898551,14,49,"D7",38.2245550201565,TRUE,7
-0.042376267699561,-0.247123035974277,1,0.830800464603281,0.743340848974652,0.517531616123165,0.603646153195449,0.517531616123165,14,50,"D0",59.5302737934581,TRUE,0
-0.089021466217659,-0.521478042624529,1,0.686104834202844,0.542404709590306,0.254591399305086,0.341391904697441,0.254591399305086,14,50,"D1",52.974285566974,TRUE,1
-0.0764997507605307,-0.472567812003269,1,0.583551433773327,0.456112027765134,0.26146449704142,0.319778846153846,0.26146449704142,14,50,"D3",25.7836866184858,TRUE,3
-0.116178241511741,-0.683961822624639,1,0.558240492591198,0.411880661808678,0.157212784336309,0.237020443420674,0.157212784336309,14,50,"D5",47.4364058499944,TRUE,5
-0.138768747841295,-0.841327718719868,1,0.445226648351648,0.29090831043956,0.0989583333333333,0.147265625,0.0989583333333333,14,50,"D6",31.9380441779748,TRUE,6
-0.186045674156663,-1.13267256121709,1,0.332899328159992,0.197307431904588,0.0473933649289099,0.0733270142180095,0.0473933649289099,14,50,"D7",31.005981760449,TRUE,7
-0.0423632517593149,-0.247034990017069,1,0.830800464603281,0.743340848974652,0.517531616123165,0.604730956308421,0.517531616123165,14,51,"D0",59.4790587085846,TRUE,0
-0.0890836307217356,-0.521985413061956,1,0.686104834202844,0.542404709590306,0.254591399305086,0.341810748612427,0.254591399305086,14,51,"D1",52.6475747161056,TRUE,1
-0.0801576293970898,-0.489300227527995,1,0.588795986622074,0.460597826086957,0.251086956521739,0.31751847826087,0.251086956521739,14,51,"D3",28.6176340134645,TRUE,3
-0.120125267847955,-0.706149151116938,1,0.551221493149807,0.402344668390792,0.147818838566268,0.225536537927202,0.147818838566268,14,51,"D5",48.6789279962881,TRUE,5
-0.128928066395528,-0.796535274105484,1,0.451693136772288,0.293597948027049,0.113169417312226,0.150171101380936,0.113169417312226,14,51,"D6",27.0228908427877,TRUE,6
-0.165622999970242,-1.00045312109011,1,0.372627947096032,0.232140487459636,0.0644048303622772,0.103683726279471,0.0644048303622772,14,51,"D7",33.1130601487931,TRUE,7
-0.0423110425524298,-0.246959521757135,1,0.830800464603281,0.743340848974652,0.517531616123165,0.603492196421774,0.517531616123165,14,52,"D0",58.0269399731786,TRUE,0
-0.0891193859429136,-0.521806238403362,1,0.686104834202844,0.542404709590306,0.254591399305086,0.343546139614638,0.254591399305086,14,52,"D1",53.636217871429,TRUE,1
-0.0766320659933817,-0.472232929137825,1,0.581989775855289,0.457636347136937,0.261502162799843,0.321413684624459,0.261502162799843,14,52,"D3",26.2082998206962,TRUE,3
-0.114083534311966,-0.675898988015956,1,0.557421307753666,0.408074775530239,0.16006381281574,0.2355655410795,0.16006381281574,14,52,"D5",42.9892927286114,TRUE,5
-0.160332755366156,-0.941262978924983,1,0.438878089419606,0.288031102471536,0.075812274368231,0.136745126353791,0.075812274368231,14,52,"D6",47.1806680581718,TRUE,6
-0.187087339905605,-1.13308221034856,1,0.327549894694614,0.19060274796911,0.045632333767927,0.075612777053455,0.045632333767927,14,52,"D7",32.3928017970623,TRUE,7
-0.0423278567651591,-0.247009133463113,1,0.830800464603281,0.743340848974652,0.517531616123165,0.603405151630504,0.517531616123165,14,53,"D0",58.3891503845411,TRUE,0
-0.0892489948156457,-0.522585727296977,1,0.686104834202844,0.542404709590306,0.254591399305086,0.34204449257705,0.254591399305086,14,53,"D1",53.4041188735738,TRUE,1
-0.0769898171704844,-0.470615925084362,1,0.593712834216747,0.469900303933516,0.264554304256537,0.329848444359611,0.264554304256537,14,53,"D3",28.1616668680116,TRUE,3
-0.12284340341442,-0.713135639180161,1,0.558329088130413,0.413065627145673,0.145119493233516,0.233759285919954,0.145119493233516,14,53,"D5",59.2550417953195,TRUE,5
-0.166856941322989,-0.988701012445271,1,0.433817476965561,0.270584955258756,0.0676561960648947,0.119582326544701,0.0676561960648947,14,53,"D6",42.4143083115975,TRUE,6
-0.219851231778959,-1.26302518498478,1,0.337321937321937,0.200569800569801,0.0282828282828283,0.0805023569023569,0.0282828282828283,14,53,"D7",42.8706398133145,TRUE,7
-0.0423429195833157,-0.247047576758528,1,0.830800464603281,0.743340848974652,0.517531616123165,0.603419363024997,0.517531616123165,14,54,"D0",58.7519224529989,TRUE,0
-0.0889503561688694,-0.52139669451065,1,0.686104834202844,0.542404709590306,0.254591399305086,0.34144307567348,0.254591399305086,14,54,"D1",52.2701054768798,TRUE,1
-0.074489570084459,-0.45930891581338,1,0.591317824923603,0.46811077157019,0.271431286827599,0.331343090667174,0.271431286827599,14,54,"D3",26.1088071938322,TRUE,3
-0.122211209143397,-0.71206429414425,1,0.554896645205015,0.406218231108099,0.142621145374449,0.231824889867841,0.142621145374449,14,54,"D5",53.0433667726702,TRUE,5
-0.146108814365073,-0.87240109699687,1,0.458472779296426,0.300871164703778,0.0929923613417469,0.148299568249751,0.0929923613417469,14,54,"D6",38.4137927271887,TRUE,6
-0.207680307224796,-1.22760400059519,1,0.344066785927251,0.201152852315643,0.0361757105943152,0.0718720930232558,0.0361757105943152,14,54,"D7",44.6882656230784,TRUE,7
-0.0423626667592312,-0.247160213681603,1,0.830800464603281,0.743340848974652,0.517531616123165,0.603194349278856,0.517531616123165,14,55,"D0",58.823919123813,TRUE,0
-0.0891059999902754,-0.521850192765964,1,0.686104834202844,0.542404709590306,0.254591399305086,0.340824601777898,0.254591399305086,14,55,"D1",53.2442951218254,TRUE,1
-0.0798959470527874,-0.489198294240485,1,0.584025828186412,0.455481471083661,0.25036496350365,0.315099635036496,0.25036496350365,14,55,"D3",27.7648066815692,TRUE,3
-0.118436272633516,-0.691492496116706,1,0.569073164817846,0.421076559374432,0.154452324665091,0.240702915681639,0.154452324665091,14,55,"D5",55.1755868576131,TRUE,5
-0.151061681057287,-0.897606104606373,1,0.457302195887069,0.300426307745931,0.0878354827466016,0.143454862321366,0.0878354827466016,14,55,"D6",41.2325393023426,TRUE,6
-0.193288157679328,-1.14307901339234,1,0.342657342657343,0.209913326110509,0.0448143405889885,0.0851830985915493,0.0448143405889885,14,55,"D7",41.9930214854237,TRUE,7
-0.0423168457317753,-0.246971784046598,1,0.830800464603281,0.743340848974652,0.517531616123165,0.603848665566975,0.517531616123165,14,56,"D0",58.1759499292755,TRUE,0
-0.0891972451175022,-0.522379868620589,1,0.686104834202844,0.542404709590306,0.254591399305086,0.342415955958666,0.254591399305086,14,56,"D1",53.105012002561,TRUE,1
-0.0790618112930887,-0.487095832034527,1,0.583414417169386,0.453393011036668,0.252981568485725,0.312363932056379,0.252981568485725,14,56,"D3",26.6403239495309,TRUE,3
-0.114762106104776,-0.677035927460007,1,0.561061354314891,0.413001171842304,0.159956474428727,0.238224700761698,0.159956474428727,14,56,"D5",45.9589055118167,TRUE,5
-0.181934485784051,-1.05892653853825,1,0.424309392265193,0.266270009916419,0.0567219152854512,0.115867403314917,0.0567219152854512,14,56,"D6",56.396114652011,TRUE,6
-0.162678096987784,-1.00282097635791,1,0.353324641460235,0.213997866540239,0.0647149460708783,0.0922295839753467,0.0647149460708783,14,56,"D7",27.5204618385684,TRUE,7
-0.0423408102004089,-0.247022713471001,1,0.830800464603281,0.743340848974652,0.517531616123165,0.603501078543332,0.517531616123165,14,57,"D0",58.7930267970091,TRUE,0
-0.0889678577761192,-0.521662718730751,1,0.686104834202844,0.542404709590306,0.254591399305086,0.343710392130319,0.254591399305086,14,57,"D1",51.8333370714398,TRUE,1
-0.0797836143545243,-0.489991191451614,1,0.584471603163192,0.455268760714483,0.251617541337168,0.312858734723221,0.251617541337168,14,57,"D3",27.3962004010948,TRUE,3
-0.120768676651899,-0.706133220648043,1,0.549139246023099,0.404173022444977,0.146742209631728,0.230484419263456,0.146742209631728,14,57,"D5",51.7102362056794,TRUE,5
-0.151441901466096,-0.907457589568646,1,0.438657233177781,0.277924130663857,0.0821917808219178,0.134593607305936,0.0821917808219178,14,57,"D6",35.9967867909275,TRUE,6
-0.191437024786408,-1.12181240926609,1,0.354983922829582,0.22099925797675,0.045016077170418,0.09348038585209,0.045016077170418,14,57,"D7",45.1682715584808,TRUE,7
-0.0423291716883153,-0.247007637325439,1,0.830800464603281,0.743340848974652,0.517531616123165,0.603268959099945,0.517531616123165,14,58,"D0",58.4621716079522,TRUE,0
-0.0889519624875365,-0.521757812643096,1,0.686104834202844,0.542404709590306,0.254591399305086,0.340475881052299,0.254591399305086,14,58,"D1",51.4792666387819,TRUE,1
-0.077497191529443,-0.47559617452778,1,0.587134365252192,0.46138396798305,0.259755164498852,0.32240168324407,0.259755164498852,14,58,"D3",27.2115291566135,TRUE,3
-0.111344319538077,-0.658382533173407,1,0.564692674712321,0.42076685593385,0.168958742632613,0.244939096267191,0.168958742632613,14,58,"D5",44.4865451997651,TRUE,5
-0.18147287699311,-1.05059966247114,1,0.43381003699065,0.279046398508723,0.0583112457402499,0.120900416508898,0.0583112457402499,14,58,"D6",63.4324968434799,TRUE,6
-0.201046972570363,-1.22397478310307,1,0.321734228463076,0.177778916619689,0.0373084610259827,0.060271818787475,0.0373084610259827,14,58,"D7",31.2018355691737,TRUE,7
-0.0422888540764192,-0.246785776034973,1,0.830800464603281,0.743340848974652,0.517531616123165,0.604369157890285,0.517531616123165,14,59,"D0",57.965705887203,TRUE,0
-0.0891092852715072,-0.522045846093412,1,0.686104834202844,0.542404709590306,0.254591399305086,0.341987004196562,0.254591399305086,14,59,"D1",52.8373807408966,TRUE,1
-0.0781341070479181,-0.479216597491031,1,0.586637801101642,0.459791455427366,0.256857855361596,0.320980049875312,0.256857855361596,14,59,"D3",27.3229786453505,TRUE,3
-0.12878124561348,-0.745729909614715,1,0.547201388458439,0.398334676336288,0.131614289551437,0.221213537469782,0.131614289551437,14,59,"D5",59.751177424964,TRUE,5
-0.157020019131183,-0.929683027809758,1,0.449401344923733,0.290880761030015,0.0796019900497512,0.135965174129353,0.0796019900497512,14,59,"D6",43.0794166634961,TRUE,6
-0.23065129395604,-1.35772765825245,1,0.324588706091596,0.184575860876439,0.0269749518304432,0.0579961464354528,0.0269749518304432,14,59,"D7",48.345181377616,TRUE,7
-0.0423259623112739,-0.247022927980577,1,0.830800464603281,0.743340848974652,0.517531616123165,0.602723596836273,0.517531616123165,14,60,"D0",58.2685337856917,TRUE,0
-0.0891564821542971,-0.521716766435458,1,0.686104834202844,0.542404709590306,0.254591399305086,0.344103966427508,0.254591399305086,14,60,"D1",54.5026192700615,TRUE,1
-0.0811579391760981,-0.496183074452311,1,0.58652501344809,0.456004572350726,0.247202797202797,0.312474125874126,0.247202797202797,14,60,"D3",28.3734892691199,TRUE,3
-0.111283147062672,-0.65569714866129,1,0.563119193342433,0.421535819646867,0.168288494562106,0.249619919862622,0.168288494562106,14,60,"D5",45.878058140999,TRUE,5
-0.13929418735765,-0.838941455065091,1,0.445169573125067,0.291457152027388,0.0973574408901252,0.151556328233658,0.0973574408901252,14,60,"D6",33.4646705245827,TRUE,6
-0.202338797112573,-1.19486897578192,1,0.345030491066652,0.206831068792126,0.0389429763560501,0.0779054242002782,0.0389429763560501,14,60,"D7",44.7358749474971,TRUE,7
-0.0423273437017233,-0.246956913035091,1,0.830800464603281,0.743340848974652,0.517531616123165,0.604414160639513,0.517531616123165,14,61,"D0",58.6249534397461,TRUE,0
-0.089105407764666,-0.522100594031742,1,0.686104834202844,0.542404709590306,0.254591399305086,0.342764676684265,0.254591399305086,14,61,"D1",52.728337340422,TRUE,1
-0.0747139856549048,-0.458323038662493,1,0.596646942800789,0.473858406550714,0.271950271950272,0.336097902097902,0.271950271950272,14,61,"D3",27.1245517976777,TRUE,3
-0.123382179349724,-0.718626208650124,1,0.554717143842704,0.40530139703346,0.141255605381166,0.229681614349776,0.141255605381166,14,61,"D5",55.03517198973,TRUE,5
-0.140788765078204,-0.853715543319275,1,0.44926522043387,0.291408731226786,0.0979706088173548,0.143624912526242,0.0979706088173548,14,61,"D6",32.3101339875152,TRUE,6
-0.185949614098488,-1.13940251370517,1,0.326104746317512,0.189238952536825,0.0465425531914894,0.0694414893617021,0.0465425531914894,14,61,"D7",29.227063973178,TRUE,7
-0.0423715642248205,-0.247138907258426,1,0.830800464603281,0.743340848974652,0.517531616123165,0.603170663621368,0.517531616123165,14,62,"D0",59.2950191657774,TRUE,0
-0.0892204933448808,-0.522520312034134,1,0.686104834202844,0.542404709590306,0.254591399305086,0.342909345246153,0.254591399305086,14,62,"D1",53.1794793312746,TRUE,1
-0.0794376676602466,-0.487463702657417,1,0.584991783823261,0.456749202960633,0.253058243563995,0.313324447690341,0.253058243563995,14,62,"D3",27.536173752914,TRUE,3
-0.113650293941565,-0.668967012503944,1,0.563185346420798,0.414667953509384,0.160704751735184,0.243340630005339,0.160704751735184,14,62,"D5",45.9703898846385,TRUE,5
-0.138059631002613,-0.834456465971197,1,0.458624127617149,0.300828284377636,0.102359587902958,0.152566965769359,0.102359587902958,14,62,"D6",33.2570760900139,TRUE,6
-0.144456284547698,-0.878552579312226,1,0.385185185185185,0.256151256151256,0.0848484848484849,0.129422222222222,0.0848484848484849,14,62,"D7",29.799289245595,TRUE,7
-0.0423555558750795,-0.247091091804123,1,0.830800464603281,0.743340848974652,0.517531616123165,0.604446728418559,0.517531616123165,14,63,"D0",58.962378847995,TRUE,0
-0.0891073750668465,-0.522065709306691,1,0.686104834202844,0.542404709590306,0.254591399305086,0.340844817472136,0.254591399305086,14,63,"D1",52.8398334233884,TRUE,1
-0.0823418258623157,-0.501589260247206,1,0.581282836824376,0.451605971970002,0.24220580284736,0.310406920165796,0.24220580284736,14,63,"D3",28.9694772477249,TRUE,3
-0.10665436883192,-0.639448694898691,1,0.553552714315657,0.408572626283798,0.175476839237057,0.243355858310627,0.175476839237057,14,63,"D5",36.4659196890911,TRUE,5
-0.137222055156323,-0.835471914950079,1,0.461701376632545,0.299845230660621,0.103776914931168,0.146883868690434,0.103776914931168,14,63,"D6",31.0584532055754,TRUE,6
-0.191635349223052,-1.13926092908866,1,0.356960574970054,0.218348002708192,0.0473933649289099,0.0849289099526066,0.0473933649289099,14,63,"D7",40.7299640059221,TRUE,7
-0.042260875735569,-0.246746687924017,1,0.830800464603281,0.743340848974652,0.517531616123165,0.603850441991287,0.517531616123165,14,64,"D0",57.2315623475421,TRUE,0
-0.0890030797067494,-0.521548529356896,1,0.686104834202844,0.542404709590306,0.254591399305086,0.341921934930734,0.254591399305086,14,64,"D1",52.7445064769453,TRUE,1
-0.0785376223011802,-0.480192944541409,1,0.592616159240867,0.466711853153141,0.259305880237367,0.324442006833303,0.259305880237367,14,64,"D3",28.4045151603412,TRUE,3
-0.118504110675306,-0.691467429644028,1,0.556199607757681,0.41235563303552,0.15070821529745,0.24016940509915,0.15070821529745,14,64,"D5",51.7074501354047,TRUE,5
-0.147608416189719,-0.881795399382553,1,0.440534011443102,0.28723458359822,0.0879338842975207,0.14608132231405,0.0879338842975207,14,64,"D6",37.0901998145804,TRUE,6
-0.189817078559018,-1.11239058293401,1,0.375224227076079,0.232589427033871,0.0480109739368999,0.0978655692729767,0.0480109739368999,14,64,"D7",48.1636758949881,TRUE,7
-0.042376332510726,-0.247149242911606,1,0.830800464603281,0.743340848974652,0.517531616123165,0.603843336294041,0.517531616123165,14,65,"D0",59.4398642943003,TRUE,0
-0.0889917475344948,-0.521871557989795,1,0.686104834202844,0.542404709590306,0.254591399305086,0.341053291818961,0.254591399305086,14,65,"D1",51.8167497726198,TRUE,1
-0.0727463134459579,-0.449960300720195,1,0.595079438762522,0.471369101990087,0.27798325871131,0.337496204010123,0.27798325871131,14,65,"D3",25.4716297192776,TRUE,3
-0.132317656322287,-0.769116010388264,1,0.544215960057544,0.391681475839892,0.127062706270627,0.210311881188119,0.127062706270627,14,65,"D5",62.1616417240016,TRUE,5
-0.137686930542065,-0.832663098949178,1,0.455879997864731,0.298604067688037,0.102012491325468,0.151337959750173,0.102012491325468,14,65,"D6",32.8847893474997,TRUE,6
-0.200455460565624,-1.19989022467288,1,0.346208712827828,0.201305826840777,0.0399429386590585,0.0700199714693295,0.0399429386590585,14,65,"D7",37.7735112708605,TRUE,7
-0.0423696559253363,-0.24711678143124,1,0.830800464603281,0.743340848974652,0.517531616123165,0.603970054561604,0.517531616123165,14,66,"D0",59.3765550309218,TRUE,0
-0.0890432735100043,-0.521751640406,1,0.686104834202844,0.542404709590306,0.254591399305086,0.341130995893687,0.254591399305086,14,66,"D1",52.6607077122791,TRUE,1
-0.0786543912995289,-0.480194355259243,1,0.587736474052263,0.464482885535517,0.257224880382775,0.323805933014354,0.257224880382775,14,66,"D3",28.4169021197532,TRUE,3
-0.119630839528437,-0.703644813469596,1,0.542921766334792,0.395163506457818,0.146194009343226,0.226085188238527,0.146194009343226,14,66,"D5",46.5542113193941,TRUE,5
-0.14613154449915,-0.87056599679558,1,0.451582152786972,0.299007017079306,0.091566265060241,0.148559036144578,0.091566265060241,14,66,"D6",38.8719247764769,TRUE,6
-0.142263825032974,-0.876987866514729,1,0.378080069710026,0.246042503751755,0.0881057268722467,0.124537444933921,0.0881057268722467,14,66,"D7",26.9046792009559,TRUE,7
-0.0422908433199815,-0.24688537490963,1,0.830800464603281,0.743340848974652,0.517531616123165,0.603149938671065,0.517531616123165,14,67,"D0",57.6403634036759,TRUE,0
-0.0890827030953533,-0.521935955571009,1,0.686104834202844,0.542404709590306,0.254591399305086,0.342749514913587,0.254591399305086,14,67,"D1",52.7969386464425,TRUE,1
-0.0766951726954221,-0.467980215405381,1,0.589959060547296,0.468741342690923,0.263305322128852,0.332991596638655,0.263305322128852,14,67,"D3",27.9449329256478,TRUE,3
-0.117522364664742,-0.693701774934622,1,0.551025991792066,0.403714616436915,0.153214774281806,0.22926292749658,0.153214774281806,14,67,"D5",45.6329273474282,TRUE,5
-0.131566350254068,-0.798321912724673,1,0.465864271355505,0.308570192625767,0.111147866357923,0.16121071782997,0.111147866357923,14,67,"D6",31.6812328084227,TRUE,6
-0.184136921314247,-1.08795493745567,1,0.344985197112138,0.212720095569522,0.0472653612424038,0.0957312626603646,0.0472653612424038,14,67,"D7",38.5733874007245,TRUE,7
-0.0423522211656557,-0.247119884479689,1,0.830800464603281,0.743340848974652,0.517531616123165,0.603315738273485,0.517531616123165,14,68,"D0",58.6816604361476,TRUE,0
-0.0891501520148447,-0.522233497053941,1,0.686104834202844,0.542404709590306,0.254591399305086,0.341709670141239,0.254591399305086,14,68,"D1",52.8596978425329,TRUE,1
-0.0805986582194405,-0.494510129526963,1,0.576850970551758,0.448710738080817,0.246719160104987,0.308724409448819,0.246719160104987,14,68,"D3",27.3005575278017,TRUE,3
-0.111005440268841,-0.651287473774234,1,0.565373402108096,0.424770127831352,0.16734693877551,0.254991836734694,0.16734693877551,14,68,"D5",47.3367862232668,TRUE,5
-0.135281492051014,-0.825432271103106,1,0.460037035183424,0.298871427856464,0.104749512036435,0.1484619388419,0.104749512036435,14,68,"D6",30.1849852100561,TRUE,6
-0.187790724167766,-1.11572712770773,1,0.368461538461538,0.227857142857143,0.05,0.09084,0.05,14,68,"D7",41.3462837925241,TRUE,7
-0.0423334003605999,-0.24702798875422,1,0.830800464603281,0.743340848974652,0.517531616123165,0.604139407012646,0.517531616123165,14,69,"D0",58.4884098229088,TRUE,0
-0.0892440928825761,-0.522309726504922,1,0.686104834202844,0.542404709590306,0.254591399305086,0.343235323315735,0.254591399305086,14,69,"D1",54.1193951970603,TRUE,1
-0.0765987081149344,-0.46998771450225,1,0.594103976965463,0.469423698095558,0.266007980239407,0.327636709101273,0.266007980239407,14,69,"D3",27.5340667082748,TRUE,3
-0.110406185807074,-0.658788502663285,1,0.549096655704096,0.404401400931107,0.167129372570794,0.235924486396446,0.167129372570794,14,69,"D5",38.8061224478244,TRUE,5
-0.169752172207118,-0.994822794304047,1,0.441575430115171,0.281544149011801,0.0672828096118299,0.126424399260628,0.0672828096118299,14,69,"D6",50.65045890624,TRUE,6
-0.16950547672793,-1.02278950053817,1,0.367993815229996,0.228546579049092,0.0615577889447236,0.0993718592964824,0.0615577889447236,14,69,"D7",33.6694506864328,TRUE,7
-0.0423520490632644,-0.247032197838419,1,0.830800464603281,0.743340848974652,0.517531616123165,0.60452725965402,0.517531616123165,14,70,"D0",59.0208046963897,TRUE,0
-0.0891707282989973,-0.522308880765489,1,0.686104834202844,0.542404709590306,0.254591399305086,0.341695771851451,0.254591399305086,14,70,"D1",53.0480293744696,TRUE,1
-0.077116804711361,-0.473471103000957,1,0.591146398252997,0.466701375330817,0.263207369806355,0.325337469449145,0.263207369806355,14,70,"D3",27.3517144077245,TRUE,3
-0.119560893367892,-0.702237853287944,1,0.561375235025517,0.409120023140974,0.150416330915928,0.230178350792372,0.150416330915928,14,70,"D5",49.910019160216,TRUE,5
-0.14957133397504,-0.894013473228614,1,0.442842968301217,0.285589325813358,0.0855397148676171,0.140213849287169,0.0855397148676171,14,70,"D6",37.0745392235565,TRUE,6
-0.225854485889766,-1.30655315907389,1,0.355968548963545,0.210699950514103,0.0300214438884918,0.0718213009292352,0.0300214438884918,14,70,"D7",68.5362753220263,TRUE,7
-0.0423318459327823,-0.247064040771443,1,0.830800464603281,0.743340848974652,0.517531616123165,0.603719578733663,0.517531616123165,14,71,"D0",58.291060210162,TRUE,0
-0.0890676306673763,-0.521644801405889,1,0.686104834202844,0.542404709590306,0.254591399305086,0.341305356256487,0.254591399305086,14,71,"D1",53.3855662171876,TRUE,1
-0.077240162805062,-0.472185947193632,1,0.595482317573868,0.470550166316405,0.263434051022254,0.328973403292926,0.263434051022254,14,71,"D3",28.2225004369985,TRUE,3
-0.117580423620532,-0.68994982217762,1,0.556493951152705,0.411618351974435,0.153709198813056,0.236645697329377,0.153709198813056,14,71,"D5",49.4036265470039,TRUE,5
-0.149647192429003,-0.89681753221761,1,0.42497577329038,0.269676016867028,0.0810350697991147,0.136725229826353,0.0810350697991147,14,71,"D6",34.3199904283413,TRUE,6
-0.196986575500035,-1.13109589234428,1,0.371895092279939,0.236551181830797,0.042092603728202,0.104389657245941,0.042092603728202,14,71,"D7",44.6284975300797,TRUE,7
-0.0423347169810725,-0.246986448611321,1,0.830800464603281,0.743340848974652,0.517531616123165,0.603529501332318,0.517531616123165,14,72,"D0",58.7571975784876,TRUE,0
-0.088971913596941,-0.521582037478874,1,0.686104834202844,0.542404709590306,0.254591399305086,0.341226388700871,0.254591399305086,14,72,"D1",52.1938695350663,TRUE,1
-0.0773749153572526,-0.475552079181359,1,0.586998422989311,0.460676946440044,0.26044039483675,0.321649202733485,0.26044039483675,14,72,"D3",26.961044259996,TRUE,3
-0.127956982380409,-0.743607551968772,1,0.546976163214323,0.396669095451233,0.132611637347767,0.219676860622463,0.132611637347767,14,72,"D5",57.6254937388994,TRUE,5
-0.144099413113115,-0.867636701859686,1,0.453130761855594,0.293949897976744,0.0939597315436242,0.143069351230425,0.0939597315436242,14,72,"D6",34.7546445266056,TRUE,6
-0.174156073157464,-1.07690804156703,1,0.320693391115926,0.185500965660182,0.0514390691977955,0.0747323943661972,0.0514390691977955,14,72,"D7",26.7119921948961,TRUE,7
-0.0423441572398953,-0.247040082420181,1,0.830800464603281,0.743340848974652,0.517531616123165,0.603337647506662,0.517531616123165,14,73,"D0",58.7622657068288,TRUE,0
-0.0890780810298148,-0.522276115651248,1,0.686104834202844,0.542404709590306,0.254591399305086,0.341585217273589,0.254591399305086,14,73,"D1",51.8568603119666,TRUE,1
-0.0771222543053673,-0.470093073348831,1,0.599283790911362,0.475369902562252,0.265247203175749,0.333776975821003,0.265247203175749,14,73,"D3",28.9128559839472,TRUE,3
-0.12433106154844,-0.723233117320228,1,0.550238440804478,0.401948994401825,0.139622641509434,0.230075471698113,0.139622641509434,14,73,"D5",55.2809927167893,TRUE,5
-0.165882184607096,-0.966984606526767,1,0.442726452776704,0.289498775930937,0.0703517587939698,0.136449581239531,0.0703517587939698,14,73,"D6",51.5346684258861,TRUE,6
-0.14687305819292,-0.903076857318883,1,0.358193572566289,0.226412442612199,0.0767356881851401,0.115998781973203,0.0767356881851401,14,73,"D7",26.6119912456314,TRUE,7
-0.0423348993650538,-0.247025622890512,1,0.830800464603281,0.743340848974652,0.517531616123165,0.604207503277926,0.517531616123165,14,74,"D0",58.5004281066743,TRUE,0
-0.0890225812664962,-0.521989465356884,1,0.686104834202844,0.542404709590306,0.254591399305086,0.342411533775552,0.254591399305086,14,74,"D1",51.778362833791,TRUE,1
-0.0775744247913937,-0.47649256433738,1,0.587030913012221,0.460941768511862,0.259065420560748,0.321594392523364,0.259065420560748,14,74,"D3",27.0201960880368,TRUE,3
-0.119171845791427,-0.692379173967069,1,0.557283856672859,0.415769566482397,0.15071283095723,0.243421588594705,0.15071283095723,14,74,"D5",53.8934068611073,TRUE,5
-0.157744882186364,-0.943051041118303,1,0.420354697859954,0.261710958977953,0.0735809390329362,0.125901892081289,0.0735809390329362,14,74,"D6",36.1811137217391,TRUE,6
-0.177388384949566,-1.07208784551035,1,0.354597845151591,0.214783262340266,0.0547231270358306,0.0882228013029316,0.0547231270358306,14,74,"D7",33.3555858045085,TRUE,7
-0.0423599960130679,-0.24707009380574,1,0.830800464603281,0.743340848974652,0.517531616123165,0.603470287188597,0.517531616123165,14,75,"D0",59.2504426586749,TRUE,0
-0.0890458152177155,-0.521723820305574,1,0.686104834202844,0.542404709590306,0.254591399305086,0.342040070393935,0.254591399305086,14,75,"D1",52.6213391374192,TRUE,1
-0.0766445173099806,-0.470825875269873,1,0.591117561683599,0.466574746008708,0.264150943396226,0.326215849056604,0.264150943396226,14,75,"D3",27.1060213429911,TRUE,3
-0.118214143719696,-0.689100746749258,1,0.559188523147333,0.415122777679986,0.152173913043478,0.242052631578947,0.152173913043478,14,75,"D5",52.8743397971203,TRUE,5
-0.148695571145412,-0.886457628280473,1,0.438456280561544,0.28648982596351,0.0861244019138756,0.142602870813397,0.0861244019138756,14,75,"D6",37.651613887303,TRUE,6
-0.164476774527072,-1.00760488602588,1,0.357703520968827,0.214481946624804,0.0612244897959184,0.0931530612244898,0.0612244897959184,14,75,"D7",28.8036031523342,TRUE,7
-0.0422849998808333,-0.246877949939856,1,0.830800464603281,0.743340848974652,0.517531616123165,0.60383919130398,0.517531616123165,14,76,"D0",57.4791870940086,TRUE,0
-0.0890982639801012,-0.522028613608174,1,0.686104834202844,0.542404709590306,0.254591399305086,0.340467668426515,0.254591399305086,14,76,"D1",52.7191980786739,TRUE,1
-0.0803731320323302,-0.491107937068907,1,0.586853457480887,0.460064921197625,0.251341847121969,0.314428650749584,0.251341847121969,14,76,"D3",28.6212251482035,TRUE,3
-0.121475375509265,-0.705206663142601,1,0.561762974911176,0.416276129651023,0.146783791442335,0.238722017568716,0.146783791442335,14,76,"D5",57.8649835545557,TRUE,5
-0.126092692105696,-0.779664376274249,1,0.45050589050589,0.295121275121275,0.116036036036036,0.154645765765766,0.116036036036036,14,76,"D6",26.6665728965492,TRUE,6
-0.175182940220611,-1.07153563918536,1,0.34254532652702,0.201108959690195,0.053394355453852,0.0823554538520214,0.053394355453852,14,76,"D7",29.5309904281542,TRUE,7
-0.0423067137819773,-0.246907667754002,1,0.830800464603281,0.743340848974652,0.517531616123165,0.602224421604703,0.517531616123165,14,77,"D0",58.0222246235192,TRUE,0
-0.0890148294793714,-0.521721355634181,1,0.686104834202844,0.542404709590306,0.254591399305086,0.341186589052841,0.254591399305086,14,77,"D1",52.4512106032396,TRUE,1
-0.0794018342983031,-0.487494178496284,1,0.582618478413725,0.455097735902123,0.253382084095064,0.313876416819013,0.253382084095064,14,77,"D3",27.3358371867571,TRUE,3
-0.115289019612744,-0.682798822814229,1,0.551235221648259,0.403008623857177,0.157347569542006,0.231442540039337,0.157347569542006,14,77,"D5",43.1796191983552,TRUE,5
-0.162006346625535,-0.9475615440715,1,0.436010891763104,0.285852053551169,0.0722713864306785,0.13866814159292,0.0722713864306785,14,77,"D6",46.5657036996565,TRUE,6
-0.169927238809753,-1.05799336689967,1,0.31243049847701,0.179857854276459,0.0527969830295412,0.0758516656191075,0.0527969830295412,14,77,"D7",25.0975652448599,TRUE,7
-0.0423190251431682,-0.246935704607555,1,0.830800464603281,0.743340848974652,0.517531616123165,0.603450746521169,0.517531616123165,14,78,"D0",58.4189951040579,TRUE,0
-0.0889337867521577,-0.521077746825885,1,0.686104834202844,0.542404709590306,0.254591399305086,0.340849871395695,0.254591399305086,14,78,"D1",52.7889060725398,TRUE,1
-0.0795038101465242,-0.486654444389564,1,0.58349850262583,0.456865496737605,0.252774120744781,0.317373706977619,0.252774120744781,14,78,"D3",27.8649526610965,TRUE,3
-0.112253967645395,-0.666469115029052,1,0.557480980557904,0.410608622147084,0.165384615384615,0.238088461538462,0.165384615384615,14,78,"D5",41.8227998914745,TRUE,5
-0.162412234963213,-0.951872774788627,1,0.451803440072192,0.294730509447893,0.0746533949520085,0.138078919303235,0.0746533949520085,14,78,"D6",49.5404290881874,TRUE,6
-0.185464615111608,-1.09648355483539,1,0.379615384615385,0.237764423076923,0.0525,0.0967925,0.0525,14,78,"D7",44.2211335599982,TRUE,7
-0.0423550307046168,-0.24702170279815,1,0.830800464603281,0.743340848974652,0.517531616123165,0.603306264010489,0.517531616123165,14,79,"D0",59.3037935986072,TRUE,0
-0.0891809649642651,-0.522204921090317,1,0.686104834202844,0.542404709590306,0.254591399305086,0.342103876178873,0.254591399305086,14,79,"D1",53.5124552804171,TRUE,1
-0.0761953783537258,-0.469006511730719,1,0.589103740296401,0.463697953422724,0.264587155963303,0.325038899082569,0.264587155963303,14,79,"D3",26.5931700008176,TRUE,3
-0.113885974470796,-0.668355564964682,1,0.55984990619137,0.415488847196164,0.159349593495935,0.245447696476965,0.159349593495935,14,79,"D5",46.9433581039872,TRUE,5
-0.135420739012969,-0.812825010581662,1,0.465894346617238,0.310275718257646,0.105421686746988,0.162922891566265,0.105421686746988,14,79,"D6",34.9719554745865,TRUE,6
-0.156642878609046,-0.944065949804246,1,0.380908860116781,0.248235592790048,0.0739273927392739,0.117553795379538,0.0739273927392739,14,79,"D7",33.3538933116772,TRUE,7
-0.0422931920954001,-0.246819853981565,1,0.830800464603281,0.743340848974652,0.517531616123165,0.604390474982024,0.517531616123165,14,80,"D0",57.9799281634267,TRUE,0
-0.0891922379107538,-0.522394712100406,1,0.686104834202844,0.542404709590306,0.254591399305086,0.342055232164614,0.254591399305086,14,80,"D1",53.1359582048315,TRUE,1
-0.0806757045438347,-0.48980893501151,1,0.591325665255626,0.466113652884081,0.251621271076524,0.321763942931258,0.251621271076524,14,80,"D3",29.936992152867,TRUE,3
-0.107888244274497,-0.641298928005039,1,0.56326023642282,0.419532722288847,0.175389755011136,0.247669821826281,0.175389755011136,14,80,"D5",40.8156604898642,TRUE,5
-0.162301532966223,-0.966369858254279,1,0.434022551427289,0.272122316406559,0.0720906282183316,0.12214555441126,0.0720906282183316,14,80,"D6",39.8721098152784,TRUE,6
-0.199922442311786,-1.17965640231607,1,0.332617103566824,0.198861194671251,0.0391061452513966,0.0806368715083799,0.0391061452513966,14,80,"D7",42.68837292115,TRUE,7
-0.0423521265952571,-0.247084558771662,1,0.830800464603281,0.743340848974652,0.517531616123165,0.603017891130567,0.517531616123165,14,81,"D0",58.8940867377653,TRUE,0
-0.0890920825468002,-0.522088024427004,1,0.686104834202844,0.542404709590306,0.254591399305086,0.340154325165832,0.254591399305086,14,81,"D1",52.5328232994872,TRUE,1
-0.0774233233686468,-0.47467715905456,1,0.593625220863419,0.468209580255158,0.263338759269307,0.325542412732863,0.263338759269307,14,81,"D3",27.7894200877309,TRUE,3
-0.108186031793916,-0.645368951517112,1,0.560575373041789,0.413611375191171,0.173025255239119,0.244857066093498,0.173025255239119,14,81,"D5",38.9744755124046,TRUE,5
-0.137792277422893,-0.831349061161594,1,0.464118690533785,0.304668601838413,0.10272536687631,0.153819007686932,0.10272536687631,14,81,"D6",33.7661412361878,TRUE,6
-0.220130123509572,-1.27395462647719,1,0.357800184932412,0.211549469420105,0.0320549513451631,0.0772925014310246,0.0320549513451631,14,81,"D7",62.2458298818549,TRUE,7
-0.0423660114572591,-0.247126111661487,1,0.830800464603281,0.743340848974652,0.517531616123165,0.603308632576238,0.517531616123165,14,82,"D0",59.071047235204,TRUE,0
-0.0890283303954667,-0.521869872304245,1,0.686104834202844,0.542404709590306,0.254591399305086,0.343137403546771,0.254591399305086,14,82,"D1",52.2503185581679,TRUE,1
-0.0790689858083275,-0.483127772831275,1,0.592296827466319,0.465307203389831,0.257062146892655,0.32181709039548,0.257062146892655,14,82,"D3",28.5870907057787,TRUE,3
-0.129192921625016,-0.746254938918994,1,0.549419116352755,0.402294930469988,0.132151029748284,0.224300343249428,0.132151029748284,14,82,"D5",62.2163354958267,TRUE,5
-0.152652314764086,-0.909088705785084,1,0.449617002912936,0.29211619376416,0.0834502103786816,0.137555399719495,0.0834502103786816,14,82,"D6",39.6568348385486,TRUE,6
-0.220712923331855,-1.29958444969077,1,0.328676348776851,0.189022033243139,0.0301507537688442,0.0644723618090452,0.0301507537688442,14,82,"D7",47.7383394236736,TRUE,7
-0.0423123371076838,-0.246910947007903,1,0.830800464603281,0.743340848974652,0.517531616123165,0.603290276191685,0.517531616123165,14,83,"D0",58.2341320508376,TRUE,0
-0.0890969362738213,-0.522001400506696,1,0.686104834202844,0.542404709590306,0.254591399305086,0.343009160236451,0.254591399305086,14,83,"D1",52.8938090390312,TRUE,1
-0.0763204136706982,-0.469076595670715,1,0.593414962798055,0.468722537934267,0.266565118050267,0.327277989337395,0.266565118050267,14,83,"D3",27.1385366185386,TRUE,3
-0.110841441918265,-0.661387879590059,1,0.555293815316087,0.408964365256125,0.167594654788419,0.236405902004454,0.167594654788419,14,83,"D5",39.1669103019638,TRUE,5
-0.16923301401983,-0.987844870596286,1,0.438874623199732,0.281427933459864,0.0660377358490566,0.128499274310595,0.0660377358490566,14,83,"D6",49.8476124489291,TRUE,6
-0.185146596704873,-1.10093426311407,1,0.371012549094741,0.229835233259891,0.0523038605230386,0.0920547945205479,0.0523038605230386,14,83,"D7",40.7186384631307,TRUE,7
-0.0423023464362605,-0.246873891383994,1,0.830800464603281,0.743340848974652,0.517531616123165,0.603811360656431,0.517531616123165,14,84,"D0",58.0741683745881,TRUE,0
-0.0892871766606449,-0.52264708832211,1,0.686104834202844,0.542404709590306,0.254591399305086,0.341632597806958,0.254591399305086,14,84,"D1",53.5230653235521,TRUE,1
-0.0760777874206542,-0.466771951074661,1,0.589147286821705,0.464467799642218,0.263178294573643,0.329588759689923,0.263178294573643,14,84,"D3",26.7415763626491,TRUE,3
-0.121290146485478,-0.710040977732233,1,0.555282450253275,0.40798726141877,0.147818838566268,0.228955821061406,0.147818838566268,14,84,"D5",52.8139404365337,TRUE,5
-0.152152392326322,-0.899610132683302,1,0.45528329197684,0.296603598014888,0.0846774193548387,0.14664247311828,0.0846774193548387,14,84,"D6",42.5015455364197,TRUE,6
-0.180607395645035,-1.08041302001217,1,0.355662787397105,0.218611032264169,0.0516605166051661,0.0907244772447725,0.0516605166051661,14,84,"D7",37.0256717770371,TRUE,7
-0.0423415173105135,-0.246932534653698,1,0.830800464603281,0.743340848974652,0.517531616123165,0.603993148077655,0.517531616123165,14,85,"D0",59.2473812036245,TRUE,0
-0.0890194918748694,-0.521824314364704,1,0.686104834202844,0.542404709590306,0.254591399305086,0.341856233924462,0.254591399305086,14,85,"D1",52.2574767747778,TRUE,1
-0.0775915894167676,-0.477837269069945,1,0.581750824071643,0.454894839707126,0.257489571482746,0.317885475919606,0.257489571482746,14,85,"D3",26.3717189637503,TRUE,3
-0.126397767749755,-0.736565939906324,1,0.557803041488262,0.405865727362848,0.138195777351248,0.222295585412668,0.138195777351248,14,85,"D5",58.8670450477171,TRUE,5
-0.138869361675279,-0.838515731498981,1,0.460061200801942,0.301031444549963,0.10082304526749,0.150802469135802,0.10082304526749,14,85,"D6",33.521702963762,TRUE,6
-0.194884131322935,-1.15097750624898,1,0.360388809394582,0.221838456604332,0.0449005772931366,0.0855625400898012,0.0449005772931366,14,85,"D7",44.8772054063374,TRUE,7
-0.0422812312909165,-0.246836351231143,1,0.830800464603281,0.743340848974652,0.517531616123165,0.603910840417883,0.517531616123165,14,86,"D0",57.5225183728309,TRUE,0
-0.0891847179496009,-0.522515486506146,1,0.686104834202844,0.542404709590306,0.254591399305086,0.342643382518839,0.254591399305086,14,86,"D1",52.6212933266704,TRUE,1
-0.0771455465797748,-0.473774358224366,1,0.585962224887643,0.460505209612856,0.260379485252677,0.323691151606237,0.260379485252677,14,86,"D3",26.9166932127484,TRUE,3
-0.122636739146225,-0.719117613460699,1,0.548532977956437,0.398673890721604,0.143141153081511,0.225212723658052,0.143141153081511,14,86,"D5",50.6602420733743,TRUE,5
-0.133603477417255,-0.812606142581599,1,0.451658918005072,0.299159974640744,0.105769230769231,0.153509615384615,0.105769230769231,14,86,"D6",30.8292299597593,TRUE,6
-0.202415578496665,-1.21875008972382,1,0.321570943451942,0.182194005610512,0.035828534868842,0.0645271912987844,0.035828534868842,14,86,"D7",34.8543284221094,TRUE,7
-0.0423544789349534,-0.247031166473896,1,0.830800464603281,0.743340848974652,0.517531616123165,0.603579833354481,0.517531616123165,14,87,"D0",59.2444057392986,TRUE,0
-0.0890115821812513,-0.521820687161263,1,0.686104834202844,0.542404709590306,0.254591399305086,0.341167005099048,0.254591399305086,14,87,"D1",52.0246943758565,TRUE,1
-0.0770883939988245,-0.471678596894739,1,0.590853739051336,0.46611599348582,0.261682242990654,0.329172229639519,0.261682242990654,14,87,"D3",27.6425251391562,TRUE,3
-0.120777855833491,-0.705608670540242,1,0.560771814971143,0.411534154535274,0.148936170212766,0.232728443449048,0.148936170212766,14,87,"D5",54.6388090783509,TRUE,5
-0.134157924799194,-0.811278151334871,1,0.460367786937223,0.303448612262816,0.106531388712746,0.158793912492074,0.106531388712746,14,87,"D6",32.5387614420462,TRUE,6
-0.206804791436646,-1.23533732048508,1,0.339085239085239,0.198752598752599,0.0378378378378378,0.0685527027027027,0.0378378378378378,14,87,"D7",38.4797104335998,TRUE,7
-0.0423441639605476,-0.247121492653343,1,0.830800464603281,0.743340848974652,0.517531616123165,0.603632533942393,0.517531616123165,14,88,"D0",58.445414308302,TRUE,0
-0.0887800838793952,-0.520598112423337,1,0.686104834202844,0.542404709590306,0.254591399305086,0.342843012499436,0.254591399305086,14,88,"D1",51.8394786188935,TRUE,1
-0.0801412948548192,-0.488243445674687,1,0.583989827387129,0.458045279819933,0.250047501425043,0.319334600038001,0.250047501425043,14,88,"D3",28.6018977043124,TRUE,3
-0.115455751597562,-0.67492617982068,1,0.558772065826486,0.416376885423819,0.157212784336309,0.245348689893464,0.157212784336309,14,88,"D5",49.3880687259167,TRUE,5
-0.128819880786007,-0.796194454418274,1,0.456687006101831,0.296238871661498,0.113784135240572,0.150208712613784,0.113784135240572,14,88,"D6",26.9595348091491,TRUE,6
-0.186950760957031,-1.13368088089272,1,0.335429985564034,0.198417199422561,0.046916890080429,0.0756018766756032,0.046916890080429,14,88,"D7",32.3289710902337,TRUE,7
-0.0422917232570281,-0.246809665017018,1,0.830800464603281,0.743340848974652,0.517531616123165,0.603502262826207,0.517531616123165,14,89,"D0",57.9784685090608,TRUE,0
-0.089170760936019,-0.522393750301457,1,0.686104834202844,0.542404709590306,0.254591399305086,0.340864401425928,0.254591399305086,14,89,"D1",52.7650899186137,TRUE,1
-0.0816117968735231,-0.498994858714836,1,0.583874948580831,0.452714932126697,0.244563279857398,0.309005704099822,0.244563279857398,14,89,"D3",28.3032060617849,TRUE,3
-0.117893915089287,-0.690682944085767,1,0.556800363595046,0.41105556186797,0.153028064992614,0.237065288035451,0.153028064992614,14,89,"D5",50.1967404038386,TRUE,5
-0.137488670368785,-0.833354680578847,1,0.45127864835894,0.296309529886172,0.102189781021898,0.150553417385534,0.102189781021898,14,89,"D6",32.1966893780598,TRUE,6
-0.187751286446445,-1.10446303219595,1,0.351968985921241,0.219470516221179,0.0464190981432361,0.095474801061008,0.0464190981432361,14,89,"D7",42.2204645469148,TRUE,7
-0.0423425659746913,-0.247060967722164,1,0.830800464603281,0.743340848974652,0.517531616123165,0.60337613670008,0.517531616123165,14,90,"D0",58.6419353882366,TRUE,0
-0.0890673052903352,-0.522122429586845,1,0.686104834202844,0.542404709590306,0.254591399305086,0.339729163846397,0.254591399305086,14,90,"D1",52.0648938359555,TRUE,1
-0.0799623290729987,-0.491000524385042,1,0.583895312608184,0.454753167624455,0.252025202520252,0.312148334833483,0.252025202520252,14,90,"D3",27.4983834011255,TRUE,3
-0.114236206063625,-0.673508376789554,1,0.561381993487546,0.415422675180784,0.161627267729522,0.240832325453546,0.161627267729522,14,90,"D5",46.3739331832801,TRUE,5
-0.167005892270445,-0.981524899905191,1,0.438287914244735,0.27808812058076,0.0686947988223749,0.125294733398757,0.0686947988223749,14,90,"D6",47.431761622812,TRUE,6
-0.21979017208304,-1.29755057606946,1,0.333994671503883,0.192222663114336,0.0309506263817244,0.0623139277818718,0.0309506263817244,14,90,"D7",46.1701088781342,TRUE,7
-0.0423556188591723,-0.247067290725935,1,0.830800464603281,0.743340848974652,0.517531616123165,0.60371188089498,0.517531616123165,14,91,"D0",59.0822013219051,TRUE,0
-0.0890940162084491,-0.52170294999934,1,0.686104834202844,0.542404709590306,0.254591399305086,0.34284743468255,0.254591399305086,14,91,"D1",53.5547440921115,TRUE,1
-0.0803454380151747,-0.493654002616133,1,0.57621187983614,0.446276172052799,0.245931952662722,0.30824075443787,0.245931952662722,14,91,"D3",26.8561137623691,TRUE,3
-0.106229313881408,-0.637155492566909,1,0.55889097352512,0.413425057327496,0.178319783197832,0.243061246612466,0.178319783197832,14,91,"D5",36.6346677185323,TRUE,5
-0.138805250855101,-0.840020204898866,1,0.455642990797939,0.300758721451824,0.102632455848051,0.149376874375208,0.102632455848051,14,91,"D6",33.055604618322,TRUE,6
-0.169342788378627,-1.02216009409478,1,0.365621344622069,0.227065114465549,0.0608254887762491,0.0987907313540912,0.0608254887762491,14,91,"D7",33.4649955188238,TRUE,7
-0.0423006326221044,-0.246985122846181,1,0.830800464603281,0.743340848974652,0.517531616123165,0.603101975214651,0.517531616123165,14,92,"D0",57.5651393753865,TRUE,0
-0.0891409371748885,-0.522203838635372,1,0.686104834202844,0.542404709590306,0.254591399305086,0.343527819141736,0.254591399305086,14,92,"D1",52.6603572100175,TRUE,1
-0.0807834477823965,-0.493470438264763,1,0.580467754178423,0.454205634246595,0.247626140383541,0.313953453733011,0.247626140383541,14,92,"D3",28.2541879368262,TRUE,3
-0.120951982079357,-0.70751575381419,1,0.554159704602183,0.405233409658188,0.146419951729686,0.231137034057388,0.146419951729686,14,92,"D5",51.8853401544906,TRUE,5
-0.128159802122331,-0.789375583555979,1,0.462627813126687,0.304869896759179,0.117154811715481,0.155149018345671,0.117154811715481,14,92,"D6",27.8649109823068,TRUE,6
-0.170503898085098,-1.04090686886265,1,0.366679387232187,0.221256064983918,0.0595322466335932,0.0885145287030475,0.0595322466335932,14,92,"D7",30.2493315260028,TRUE,7
-0.0423112911555957,-0.247002605217776,1,0.830800464603281,0.743340848974652,0.517531616123165,0.602662014126803,0.517531616123165,14,93,"D0",57.8473061425981,TRUE,0
-0.0891362006342771,-0.521795587752234,1,0.686104834202844,0.542404709590306,0.254591399305086,0.343176571454357,0.254591399305086,14,93,"D1",53.9292539935843,TRUE,1
-0.0759134779451131,-0.466125078576614,1,0.592084386202033,0.468311100664042,0.267379679144385,0.329374331550802,0.267379679144385,14,93,"D3",27.1327505577029,TRUE,3
-0.114289943595448,-0.674978710444846,1,0.558792947058693,0.412889095373996,0.161058383664078,0.239904515386828,0.161058383664078,14,93,"D5",45.0931780836627,TRUE,5
-0.126874185047273,-0.783180165726007,1,0.447374369019815,0.292197192295136,0.114267058439438,0.154306235716618,0.114267058439438,14,93,"D6",26.9296955187436,TRUE,6
-0.225353052889881,-1.30467600081549,1,0.333457545914293,0.199574128293851,0.0290657439446367,0.0707944636678201,0.0290657439446367,14,93,"D7",58.8425242702406,TRUE,7
-0.0423111712404633,-0.246938554502019,1,0.830800464603281,0.743340848974652,0.517531616123165,0.603510552806327,0.517531616123165,14,94,"D0",58.1259744598385,TRUE,0
-0.0891474644621014,-0.522448825916721,1,0.686104834202844,0.542404709590306,0.254591399305086,0.340335634673526,0.254591399305086,14,94,"D1",52.2437405722884,TRUE,1
-0.0756921321300235,-0.463159341717733,1,0.594991189809064,0.472284005892718,0.268118663161848,0.334643634998122,0.268118663161848,14,94,"D3",27.6298599149299,TRUE,3
-0.120375932178494,-0.70532325877515,1,0.5510900515139,0.40240615558502,0.146369030799661,0.229368183102571,0.146369030799661,14,94,"D5",49.9412865052741,TRUE,5
-0.167893657865617,-0.978011090994516,1,0.446169855118867,0.289015181835161,0.0679847381200139,0.13373083593479,0.0679847381200139,14,94,"D6",51.4287643639183,TRUE,6
-0.17613937874889,-1.0759901600924,1,0.341999804515688,0.200860130974489,0.0533672172808132,0.0819097839898348,0.0533672172808132,14,94,"D7",29.9348776035583,TRUE,7
-0.0423419959109008,-0.247042665257917,1,0.830800464603281,0.743340848974652,0.517531616123165,0.604009728037897,0.517531616123165,14,95,"D0",58.7127379892812,TRUE,0
-0.0890037008746924,-0.521507365396705,1,0.686104834202844,0.542404709590306,0.254591399305086,0.342665493434412,0.254591399305086,14,95,"D1",52.724021090028,TRUE,1
-0.0753654978382909,-0.466281693475293,1,0.587091724187006,0.461574041130008,0.266790009250694,0.323929694727105,0.266790009250694,14,95,"D3",25.626462508327,TRUE,3
-0.110097222560045,-0.651393403583742,1,0.552836735613537,0.4130390698932,0.16813122437024,0.246960164030463,0.16813122437024,14,95,"D5",42.2126122993412,TRUE,5
-0.129765456452032,-0.790822868747594,1,0.465743698970536,0.309084951257475,0.114305999290025,0.161767838125666,0.114305999290025,14,95,"D6",30.4908473792973,TRUE,6
-0.168626338083984,-1.04515884216875,1,0.354149133142569,0.210851147393817,0.0612691466083151,0.0825499635302699,0.0612691466083151,14,95,"D7",26.371589835939,TRUE,7
-0.0423482209135516,-0.247056817380743,1,0.830800464603281,0.743340848974652,0.517531616123165,0.603574504081546,0.517531616123165,14,96,"D0",58.9110505951143,TRUE,0
-0.0890683071180007,-0.521851240554656,1,0.686104834202844,0.542404709590306,0.254591399305086,0.340946527683769,0.254591399305086,14,96,"D1",52.790895160384,TRUE,1
-0.0755630622128936,-0.464078392610358,1,0.588567395906845,0.464428895328759,0.26507905524107,0.330958032402889,0.26507905524107,14,96,"D3",26.4959709282461,TRUE,3
-0.109936242459199,-0.651771680339657,1,0.558277936055714,0.414150047483381,0.168998628257888,0.245835390946502,0.168998628257888,14,96,"D5",41.8477723593244,TRUE,5
-0.141465366834537,-0.84737875064062,1,0.471153846153846,0.312940495368506,0.100785340314136,0.154361910994764,0.100785340314136,14,96,"D6",37.1839687427677,TRUE,6
-0.191417369882644,-1.14785182162054,1,0.336604941256104,0.200527002852584,0.043997485857951,0.0773739786297926,0.043997485857951,14,96,"D7",36.3167478613123,TRUE,7
-0.0423706409361636,-0.24717970517039,1,0.830800464603281,0.743340848974652,0.517531616123165,0.603555555555556,0.517531616123165,14,97,"D0",59.0724660537545,TRUE,0
-0.0890665357141119,-0.521963730105245,1,0.686104834202844,0.542404709590306,0.254591399305086,0.34178800595641,0.254591399305086,14,97,"D1",52.437908122116,TRUE,1
-0.0748232191863333,-0.463292995815664,1,0.584738204202184,0.457649174623134,0.266109104732941,0.324591902680099,0.266109104732941,14,97,"D3",25.1233427995832,TRUE,3
-0.11868162251301,-0.69477236798908,1,0.552073268075453,0.406051758181742,0.149098853085745,0.234490442381212,0.149098853085745,14,97,"D5",49.5409175364684,TRUE,5
-0.183691239782576,-1.0619176065618,1,0.425678772681927,0.268489309498773,0.0539782684893095,0.117019978969506,0.0539782684893095,14,97,"D6",55.6881592737972,TRUE,6
-0.210255907625845,-1.2440549141081,1,0.351191428114505,0.20939282477744,0.0388080388080388,0.0722411642411642,0.0388080388080388,14,97,"D7",42.6301146133317,TRUE,7
-0.0423641805703451,-0.247100296496281,1,0.830800464603281,0.743340848974652,0.517531616123165,0.603550818424058,0.517531616123165,14,98,"D0",59.2248784585036,TRUE,0
-0.088995141871674,-0.521820477933552,1,0.686104834202844,0.542404709590306,0.254591399305086,0.342225170344299,0.254591399305086,14,98,"D1",51.7236938553712,TRUE,1
-0.0811855369803848,-0.496962737821904,1,0.580541808507595,0.45266327201991,0.247303830420231,0.309439568612867,0.247303830420231,14,98,"D3",28.1505962564542,TRUE,3
-0.129382809792944,-0.750604758652059,1,0.554139194139194,0.403066457352172,0.133333333333333,0.219847619047619,0.133333333333333,14,98,"D5",64.729459897553,TRUE,5
-0.14314507383199,-0.85674358913214,1,0.448938758956334,0.29487630120319,0.0934973637961336,0.149113532513181,0.0934973637961336,14,98,"D6",36.1016536644193,TRUE,6
-0.203283683360899,-1.22372365080211,1,0.325960897008262,0.185303022527839,0.0373582388258839,0.0653115410273516,0.0373582388258839,14,98,"D7",35.1869052527923,TRUE,7
-0.0422831467941032,-0.246867092620707,1,0.830800464603281,0.743340848974652,0.517531616123165,0.603235799179461,0.517531616123165,14,99,"D0",57.4327917680874,TRUE,0
-0.0891138167032188,-0.521796749696775,1,0.686104834202844,0.542404709590306,0.254591399305086,0.34288976129236,0.254591399305086,14,99,"D1",53.6724528686233,TRUE,1
-0.080250879975748,-0.492498938956074,1,0.583549665254816,0.452698456073234,0.248667850799289,0.312391474245115,0.248667850799289,14,99,"D3",27.3833185617854,TRUE,3
-0.11753809447234,-0.689837497153967,1,0.558782069354384,0.411550389278046,0.153932901043135,0.23779080913448,0.153932901043135,14,99,"D5",49.4191854982428,TRUE,5
-0.149005745480283,-0.88933173713515,1,0.439477303988996,0.286636334779388,0.0866574965612105,0.141396148555708,0.0866574965612105,14,99,"D6",37.8786969453429,TRUE,6
-0.186183271158459,-1.12821522235562,1,0.322137481690994,0.19064094146169,0.0459619172685489,0.0754602757715036,0.0459619172685489,14,99,"D7",32.1020253031086,TRUE,7
-0.0423245564920762,-0.247049695253385,1,0.830800464603281,0.743340848974652,0.517531616123165,0.604089074990483,0.517531616123165,14,100,"D0",58.0217159745644,TRUE,0
-0.0890071759259606,-0.521647698567862,1,0.686104834202844,0.542404709590306,0.254591399305086,0.341976264608998,0.254591399305086,14,100,"D1",52.3696938564765,TRUE,1
-0.0783028684292176,-0.479606160031675,1,0.587644186540231,0.461672917698677,0.257589696412144,0.321026310947562,0.257589696412144,14,100,"D3",27.6967519650275,TRUE,3
-0.105862223986326,-0.622944555601854,1,0.573019910534164,0.433218577317779,0.179589509692132,0.266917901938426,0.179589509692132,14,100,"D5",44.5030341205258,TRUE,5
-0.167991846205393,-0.980550931671331,1,0.437837265897789,0.281954290551264,0.0674002751031637,0.131074277854195,0.0674002751031637,14,100,"D6",50.174101688977,TRUE,6
-0.168310426484424,-1.01199866775576,1,0.346479397265371,0.21979350758069,0.0592503022974607,0.101233373639661,0.0592503022974607,14,100,"D7",33.2434777043668,TRUE,7
