"Common_n","Iteration","Mean_Zeta_last_D3D7","Mean_Zeta_last_D5D7","D0_Zeta_last","D1_Zeta_last","D7_Zeta_last","Mean_Exp_slope_D3D7","D0_Exp_slope","D7_Exp_slope","Mean_Power_slope_D3D7","D0_Power_slope","D7_Power_slope","Spearman_ZetaLast_vs_DilutionRank","Spearman_ExpSlope_vs_DilutionRank","Spearman_PowerSlope_vs_DilutionRank","Prop_Groups_PowerLawBetter","ZetaLast_D3D7_minus_D0","ZetaLast_D5D7_minus_D0","ZetaLast_D7_minus_D0","ExpSlope_D3D7_minus_D0","ExpSlope_D7_minus_D0","PowerSlope_D3D7_minus_D0","PowerSlope_D7_minus_D0","Stronger_lower_high_order_zeta","D7_lower_high_order_zeta","Stronger_more_negative_exp_slope","D7_more_negative_exp_slope","ZetaLast_decreases_with_dilution"
8,1,0.183266082802249,0.143805558649725,0.582310124255569,0.292013243963498,0.0817369093231162,-0.232460000666479,-0.0717782809106461,-0.326361372959905,-0.87174869805773,-0.261784864731356,-1.22165738246294,-0.942857142857143,-0.942857142857143,-0.942857142857143,1,-0.39904404145332,-0.438504565605844,-0.500573214932453,-0.160681719755833,-0.254583092049259,-0.609963833326374,-0.959872517731584,TRUE,TRUE,TRUE,TRUE,TRUE
8,2,0.169506674112027,0.124266887487619,0.578155267471316,0.352795798578931,0.0677146311970979,-0.252383139745077,-0.0722796704679792,-0.343903964469086,-0.936971440169421,-0.265408021587986,-1.30320822158421,-1,-1,-1,1,-0.408648593359289,-0.453888379983697,-0.510440636274218,-0.180103469277097,-0.271624294001107,-0.671563418581435,-1.03780019999622,TRUE,TRUE,TRUE,TRUE,TRUE
8,3,0.17904607593469,0.134540383720712,0.585840707964602,0.363552621478468,0.0791208791208791,-0.233508964957042,-0.0700486997150724,-0.3191336984336,-0.875708413976974,-0.258232837275365,-1.19955927490202,-1,-1,-1,1,-0.406794632029912,-0.45130032424389,-0.506719828843723,-0.16346026524197,-0.249084998718528,-0.617475576701608,-0.941326437626655,TRUE,TRUE,TRUE,TRUE,TRUE
8,4,0.179487710375869,0.133904772497238,0.578027835356826,0.357859015887706,0.045933014354067,-0.251067745623002,-0.0722386036765665,-0.40221202549246,-0.927566278543612,-0.265132308375199,-1.45804367336978,-1,-1,-1,1,-0.398540124980957,-0.444123062859588,-0.532094821002759,-0.178829141946435,-0.329973421815894,-0.662433970168413,-1.19291136499458,TRUE,TRUE,TRUE,TRUE,TRUE
8,5,0.160977198482364,0.104232867615551,0.585423255129808,0.288020256369679,0.0244897959183673,-0.284274181367657,-0.0707135869086512,-0.470299657352357,-1.03389142346916,-0.257572654055023,-1.67522642363239,-0.942857142857143,-0.942857142857143,-0.942857142857143,1,-0.424446056647444,-0.481190387514257,-0.560933459211441,-0.213560594459006,-0.399586070443706,-0.776318769414137,-1.41765376957737,TRUE,TRUE,TRUE,TRUE,TRUE
8,6,0.171664113504775,0.126388199113859,0.583475109105703,0.294673334921013,0.0529801324503311,-0.246061465460801,-0.0708521355490094,-0.37141756792639,-0.914779666196674,-0.260380196555331,-1.3712708535456,-0.942857142857143,-0.942857142857143,-0.942857142857143,1,-0.411810995600928,-0.457086909991844,-0.530494976655372,-0.175209329911792,-0.300565432377381,-0.654399469641343,-1.11089065699027,TRUE,TRUE,TRUE,TRUE,TRUE
8,7,0.183665202775299,0.142786645605735,0.599487742407611,0.299770260635348,0.0767386091127098,-0.228378886933136,-0.0686573341557466,-0.324121326814274,-0.848739409100204,-0.247773689388153,-1.18479913066157,-0.942857142857143,-0.942857142857143,-0.942857142857143,1,-0.415822539632312,-0.456701096801876,-0.522749133294901,-0.159721552777389,-0.255463992658527,-0.600965719712051,-0.937025441273417,TRUE,TRUE,TRUE,TRUE,TRUE
8,8,0.180887171755721,0.139838987324438,0.585537918871252,0.343952984843798,0.0903387703889586,-0.227655522971346,-0.0707257398325949,-0.298302070484924,-0.853629687330517,-0.257515253857746,-1.13099839596248,-1,-1,-1,1,-0.404650747115531,-0.445698931546814,-0.495199148482293,-0.156929783138751,-0.227576330652329,-0.596114433472771,-0.873483142104734,TRUE,TRUE,TRUE,TRUE,TRUE
8,9,0.168926432233182,0.127614742672512,0.588235294117647,0.339409176618479,0.0506329113924051,-0.252513228334986,-0.0701331247575275,-0.37592338643205,-0.947114473105629,-0.255135748013076,-1.41122613707625,-1,-1,-1,1,-0.419308861884465,-0.460620551445135,-0.537602382725242,-0.182380103577459,-0.305790261674523,-0.691978725092553,-1.15609038906317,TRUE,TRUE,TRUE,TRUE,TRUE
8,10,0.179968950075233,0.142628712072748,0.586222288349948,0.34325689856199,0.0509013785790032,-0.245132186282965,-0.0699999058490244,-0.388561252299183,-0.90834132420226,-0.258063639764011,-1.41512295431537,-1,-1,-1,1,-0.406253338274715,-0.4435935762772,-0.535320909770945,-0.175132280433941,-0.318561346450159,-0.650277684438249,-1.15705931455136,TRUE,TRUE,TRUE,TRUE,TRUE
8,11,0.192234584842148,0.151497843661133,0.620150464670305,0.360488483536868,0.072562358276644,-0.227328179940217,-0.0625061756880943,-0.334689707512787,-0.852285212391179,-0.228981788660739,-1.24905812375005,-1,-1,-1,1,-0.427915879828157,-0.468652621009172,-0.547588106393661,-0.164822004252122,-0.272183531824693,-0.62330342373044,-1.02007633508931,TRUE,TRUE,TRUE,TRUE,TRUE
8,12,0.186359204216812,0.144866123686492,0.584930896121266,0.297392983585452,0.0649651972157773,-0.235103680786033,-0.0706449062459759,-0.345488336142901,-0.874480060334008,-0.258233328858121,-1.27097537052923,-0.942857142857143,-0.942857142857143,-0.942857142857143,1,-0.398571691904454,-0.440064772434774,-0.519965698905489,-0.164458774540057,-0.274843429896925,-0.616246731475887,-1.01274204167111,TRUE,TRUE,TRUE,TRUE,TRUE
8,13,0.178398935421619,0.137899019603023,0.580490724117295,0.339141257000622,0.0690505548705302,-0.237478336402386,-0.0716712270012017,-0.344454236772028,-0.88664063249216,-0.26121142284696,-1.26812408177841,-1,-1,-1,1,-0.402091788695676,-0.442591704514272,-0.511440169246765,-0.165807109401184,-0.272783009770826,-0.6254292096452,-1.00691265893145,TRUE,TRUE,TRUE,TRUE,TRUE
8,14,0.191269076423603,0.1544460102834,0.587721247130267,0.367746797287114,0.0521512385919166,-0.236334938487205,-0.0696274467183621,-0.388466438164945,-0.872417562269046,-0.256570213394068,-1.39260039396523,-1,-1,-1,1,-0.396452170706664,-0.433275236846867,-0.53557000853835,-0.166707491768843,-0.318838991446583,-0.615847348874978,-1.13603018057116,TRUE,TRUE,TRUE,TRUE,TRUE
8,15,0.186251160184582,0.14865465089337,0.589783167952958,0.301899148657498,0.126582278481013,-0.22089017544662,-0.0696561114545718,-0.255478228091971,-0.825991331321911,-0.253788353474231,-0.963733598134859,-1,-0.885714285714286,-0.942857142857143,1,-0.403532007768376,-0.441128517059588,-0.463200889471945,-0.151234063992048,-0.185822116637399,-0.57220297784768,-0.709945244660628,TRUE,TRUE,TRUE,TRUE,TRUE
8,16,0.193362269473509,0.150526720535303,0.587872559095581,0.369674656247652,0.106925880923451,-0.225489328530999,-0.0704003160145101,-0.280742989530881,-0.841978217497897,-0.257437481440503,-1.06153845394701,-0.942857142857143,-0.942857142857143,-0.942857142857143,1,-0.394510289622072,-0.437345838560278,-0.48094667817213,-0.155089012516489,-0.210342673516371,-0.584540736057394,-0.804100972506507,TRUE,TRUE,TRUE,TRUE,TRUE
8,17,0.211177493061203,0.178706168422146,0.590265031935981,0.300585350419237,0.133971291866029,-0.202015870960058,-0.0695300203559503,-0.248027857000749,-0.762912675212019,-0.253184751597052,-0.939697028897219,-0.942857142857143,-0.942857142857143,-0.942857142857143,1,-0.379087538874778,-0.411558863513835,-0.456293740069952,-0.132485850604108,-0.178497836644799,-0.509727923614967,-0.686512277300167,TRUE,TRUE,TRUE,TRUE,TRUE
8,18,0.177414734735607,0.125842991681171,0.582098399525785,0.347771500313873,0.0665280665280665,-0.246252395024707,-0.0710318250960014,-0.356031691688061,-0.915457342277524,-0.261460509027339,-1.31934823321403,-1,-0.942857142857143,-1,1,-0.404683664790178,-0.456255407844614,-0.515570332997718,-0.175220569928706,-0.28499986659206,-0.653996833250185,-1.05788772418669,TRUE,TRUE,TRUE,TRUE,TRUE
8,19,0.191682121995047,0.151617262690283,0.57999261720192,0.301637279596977,0.0825806451612903,-0.225660164349841,-0.0716999486781144,-0.322613396121226,-0.844306124546309,-0.263380636749382,-1.19489837112596,-0.942857142857143,-0.942857142857143,-0.942857142857143,1,-0.388310495206873,-0.428375354511637,-0.49741197204063,-0.153960215671727,-0.250913447443112,-0.580925487796927,-0.931517734376578,TRUE,TRUE,TRUE,TRUE,TRUE
8,20,0.184798526631042,0.142147337400703,0.586402893629586,0.300377111001804,0.0978260869565217,-0.238005730526883,-0.0700016852669606,-0.292883700365665,-0.879030090709511,-0.257971292511925,-1.0895312930553,-0.885714285714286,-0.885714285714286,-0.885714285714286,1,-0.401604366998544,-0.444255556228883,-0.488576806673064,-0.168004045259922,-0.222882015098704,-0.621058798197586,-0.831560000543375,TRUE,TRUE,TRUE,TRUE,TRUE
8,21,0.180759816961299,0.137510407047588,0.585683618328522,0.298868886410706,0.111627906976744,-0.231554845454969,-0.0702001161469366,-0.275399418624525,-0.86410658357418,-0.258666419653799,-1.03956596255961,-0.885714285714286,-0.885714285714286,-0.885714285714286,1,-0.404923801367224,-0.448173211280934,-0.474055711351778,-0.161354729308033,-0.205199302477588,-0.605440163920381,-0.780899542905811,TRUE,TRUE,TRUE,TRUE,TRUE
8,22,0.173036656001773,0.130954101300998,0.575295604967651,0.289180327868852,0.0609911054637865,-0.24556722676635,-0.072757684873171,-0.36051126202936,-0.90355495743485,-0.267255390465685,-1.30202623908116,-0.942857142857143,-0.942857142857143,-0.942857142857143,1,-0.402258948965878,-0.444341503666653,-0.514304499503864,-0.172809541893179,-0.287753577156189,-0.636299566969165,-1.03477084861548,TRUE,TRUE,TRUE,TRUE,TRUE
8,23,0.186178274772375,0.140703530488322,0.583419535983449,0.300432688382725,0.0546341463414634,-0.236933872485617,-0.0708501484543867,-0.370225164377458,-0.88243666128101,-0.26035628888639,-1.36197149371308,-0.942857142857143,-0.942857142857143,-0.942857142857143,1,-0.397241261211074,-0.442716005495127,-0.528785389641986,-0.16608372403123,-0.299375015923071,-0.62208037239462,-1.10161520482669,TRUE,TRUE,TRUE,TRUE,TRUE
8,24,0.182356613347422,0.140212104638384,0.586291218969989,0.299513051808095,0.100227790432802,-0.227784378766101,-0.0700326253197881,-0.293962425092893,-0.849037263720567,-0.257648343106105,-1.08943843007199,-0.942857142857143,-0.942857142857143,-0.942857142857143,1,-0.403934605622567,-0.446079114331605,-0.486063428537187,-0.157751753446313,-0.223929799773105,-0.591388920614462,-0.831790086965885,TRUE,TRUE,TRUE,TRUE,TRUE
8,25,0.161801733731171,0.115296222501574,0.582280351732801,0.345812182741117,0.0554272517321016,-0.258841844955001,-0.0711422165598388,-0.365209055225572,-0.961029860470556,-0.259884808445296,-1.36878998891659,-1,-1,-1,1,-0.42047861800163,-0.466984129231227,-0.526853100000699,-0.187699628395162,-0.294066838665733,-0.70114505202526,-1.10890518047129,TRUE,TRUE,TRUE,TRUE,TRUE
8,26,0.177828564699028,0.136080211592985,0.5814639905549,0.34003627474174,0.0736842105263158,-0.236168162965946,-0.0711895888176772,-0.33145228109373,-0.887150957830289,-0.262435705402263,-1.26038102070285,-1,-1,-1,1,-0.403635425855872,-0.445383778961915,-0.507779780028584,-0.164978574148268,-0.260262692276053,-0.624715252428026,-0.997945315300587,TRUE,TRUE,TRUE,TRUE,TRUE
8,27,0.199572983357596,0.163854950274401,0.582334664891256,0.303244458721491,0.1,-0.213840920442458,-0.0708841969270047,-0.289961198861562,-0.800408951072037,-0.261064390165994,-1.08921169064848,-0.942857142857143,-0.942857142857143,-0.942857142857143,1,-0.38276168153366,-0.418479714616855,-0.482334664891256,-0.142956723515454,-0.219077001934557,-0.539344560906043,-0.828147300482486,TRUE,TRUE,TRUE,TRUE,TRUE
8,28,0.179446396375687,0.135066380045407,0.576095025983667,0.297006780221597,0.070440251572327,-0.232533033864986,-0.0725691371713116,-0.332951676077969,-0.876335390676913,-0.26668272197673,-1.25849475209388,-0.942857142857143,-0.885714285714286,-0.942857142857143,1,-0.39664862960798,-0.44102864593826,-0.50565477441134,-0.159963896693675,-0.260382538906657,-0.609652668700183,-0.99181203011715,TRUE,TRUE,TRUE,TRUE,TRUE
8,29,0.182245064979052,0.139239153760465,0.588513913558319,0.300484396093068,0.0791100123609394,-0.231388785570611,-0.0694713897141098,-0.322896582498434,-0.86782278969229,-0.256419387444873,-1.20786469495046,-0.942857142857143,-0.942857142857143,-0.942857142857143,1,-0.406268848579267,-0.449274759797853,-0.50940390119738,-0.161917395856502,-0.253425192784324,-0.611403402247417,-0.951445307505587,TRUE,TRUE,TRUE,TRUE,TRUE
8,30,0.189165034279638,0.155027600581121,0.58507639816051,0.295469468154957,0.0644418872266974,-0.232411924324991,-0.0707945825263526,-0.355692372055956,-0.863285539967602,-0.259120524456304,-1.30993783352085,-1,-0.942857142857143,-0.942857142857143,1,-0.395911363880872,-0.430048797579389,-0.520634510933813,-0.161617341798639,-0.284897789529603,-0.604165015511299,-1.05081730906455,TRUE,TRUE,TRUE,TRUE,TRUE
8,31,0.174867588077625,0.134232052920705,0.586237712243074,0.301266026933312,0.0511727078891258,-0.246328042512688,-0.0700109438890278,-0.382683787844636,-0.917752742799952,-0.258344731115589,-1.41394367159699,-1,-0.942857142857143,-0.942857142857143,1,-0.411370124165448,-0.452005659322369,-0.535065004353948,-0.176317098623661,-0.312672843955608,-0.659408011684363,-1.1555989404814,TRUE,TRUE,TRUE,TRUE,TRUE
8,32,0.171286156114048,0.131663061347228,0.580215880526394,0.294233289646134,0.0526893523600439,-0.248814300888074,-0.0718146537220113,-0.381350159298743,-0.928691528834032,-0.262217075002921,-1.40833451749247,-1,-0.942857142857143,-0.942857142857143,1,-0.408929724412346,-0.448552819179166,-0.52752652816635,-0.176999647166062,-0.309535505576732,-0.666474453831111,-1.14611744248955,TRUE,TRUE,TRUE,TRUE,TRUE
8,33,0.192757017294349,0.152344965038655,0.588027130639929,0.305562038117464,0.111757857974389,-0.22050354342787,-0.0702463154472142,-0.27783511609963,-0.822770886069552,-0.256123452251176,-1.0256778030286,-0.942857142857143,-0.942857142857143,-0.942857142857143,1,-0.395270113345579,-0.435682165601274,-0.47626927266554,-0.150257227980656,-0.207588800652416,-0.566647433818376,-0.769554350777424,TRUE,TRUE,TRUE,TRUE,TRUE
8,34,0.203401204908387,0.161785985430014,0.595914152961133,0.301922771333227,0.112337011033099,-0.211253544858119,-0.0682421335426011,-0.270926438476843,-0.793381213036859,-0.250648473471309,-1.02156354906301,-0.942857142857143,-0.942857142857143,-0.942857142857143,1,-0.392512948052746,-0.434128167531119,-0.483577141928034,-0.143011411315518,-0.202684304934242,-0.54273273956555,-0.770915075591701,TRUE,TRUE,TRUE,TRUE,TRUE
8,35,0.162759658491747,0.11635175621463,0.581277860326895,0.3613464977066,0.0612244897959184,-0.25686104472051,-0.0712169191942139,-0.358822339490034,-0.955416543017875,-0.262220468943942,-1.35229553834162,-1,-1,-1,1,-0.418518201835148,-0.464926104112265,-0.520053370530977,-0.185644125526296,-0.28760542029582,-0.693196074073933,-1.09007506939768,TRUE,TRUE,TRUE,TRUE,TRUE
8,36,0.170469652391849,0.122945043768842,0.586718342401431,0.29137822529893,0.0640732265446224,-0.24760653747142,-0.0702714847810803,-0.354660657921473,-0.920990295919252,-0.258341668267578,-1.32013265566451,-0.942857142857143,-0.942857142857143,-0.942857142857143,1,-0.416248690009582,-0.463773298632589,-0.522645115856809,-0.17733505269034,-0.284389173140393,-0.662648627651674,-1.06179098739693,TRUE,TRUE,TRUE,TRUE,TRUE
8,37,0.193664113636692,0.154643477080772,0.58133971291866,0.289991099603528,0.117400419287212,-0.217941602970283,-0.0723318126665006,-0.265954546905661,-0.825834231112443,-0.262169537807596,-1.01774496671803,-0.885714285714286,-0.885714285714286,-0.885714285714286,1,-0.387675599281968,-0.426696235837888,-0.463939293631448,-0.145609790303782,-0.19362273423916,-0.563664693304847,-0.755575428910434,TRUE,TRUE,TRUE,TRUE,TRUE
8,38,0.160887649733917,0.121022192612437,0.590521047983515,0.341577228184788,0.0437636761487965,-0.263447595537148,-0.0696690832273489,-0.411871558455743,-0.973595399685202,-0.255297030181664,-1.49292173042182,-1,-1,-1,1,-0.429633398249598,-0.469498855371078,-0.546757371834719,-0.193778512309799,-0.342202475228394,-0.718298369503538,-1.23762470024016,TRUE,TRUE,TRUE,TRUE,TRUE
8,39,0.170873126234557,0.131077174890294,0.576880408253827,0.340117878192534,0.0570071258907363,-0.242823900762423,-0.0724096997397059,-0.358312865534221,-0.909611945291524,-0.265589375820229,-1.34237453244266,-1,-1,-1,1,-0.40600728201927,-0.445803233363533,-0.519873282363091,-0.170414201022717,-0.285903165794515,-0.644022569471295,-1.07678515662243,TRUE,TRUE,TRUE,TRUE,TRUE
8,40,0.17947422681111,0.135414911110466,0.576983008087853,0.355848434925865,0.0527306967984934,-0.24664795494149,-0.072236171096545,-0.37736942494293,-0.91320615242189,-0.265609378253198,-1.3812254176163,-1,-1,-1,1,-0.397508781276743,-0.441568096977387,-0.52425231128936,-0.174411783844944,-0.305133253846385,-0.647596774168692,-1.1156160393631,TRUE,TRUE,TRUE,TRUE,TRUE
8,41,0.1697205278685,0.120045397924384,0.582098399525785,0.296872568850163,0.0464576074332172,-0.258134024192036,-0.0711761147826447,-0.390606778938871,-0.968638724010075,-0.259550987125624,-1.48875224451798,-0.942857142857143,-0.942857142857143,-0.942857142857143,1,-0.412377871657285,-0.462053001601401,-0.535640792092568,-0.186957909409392,-0.319430664156226,-0.709087736884451,-1.22920125739236,TRUE,TRUE,TRUE,TRUE,TRUE
8,42,0.194447799671067,0.159314936171766,0.585537918871252,0.300327868852459,0.0673886883273165,-0.22713075136486,-0.0707257398325949,-0.347201704770544,-0.845741603548828,-0.257515253857746,-1.26907694480508,-1,-0.942857142857143,-0.942857142857143,1,-0.391090119200185,-0.426222982699486,-0.518149230543935,-0.156405011532266,-0.276475964937949,-0.588226349691082,-1.01156169094733,TRUE,TRUE,TRUE,TRUE,TRUE
8,43,0.199712135066241,0.162965100150669,0.585796206440229,0.295242611032085,0.0850159404888417,-0.217213929923028,-0.0706998366510889,-0.317677354692598,-0.815124732464954,-0.25728310404315,-1.17472934013618,-0.942857142857143,-0.942857142857143,-0.942857142857143,1,-0.386084071373988,-0.42283110628956,-0.500780265951387,-0.146514093271939,-0.246977518041509,-0.557841628421804,-0.91744623609303,TRUE,TRUE,TRUE,TRUE,TRUE
8,44,0.21194549568302,0.178801579074365,0.587106848092795,0.293730960397627,0.162566844919786,-0.200293867743541,-0.069625748559474,-0.218279688357411,-0.756828143341327,-0.256757524187191,-0.84874668139718,-0.885714285714286,-0.885714285714286,-0.885714285714286,1,-0.375161352409775,-0.40830526901843,-0.424540003173009,-0.130668119184067,-0.148653939797937,-0.500070619154136,-0.591989157209989,TRUE,TRUE,TRUE,TRUE,TRUE
8,45,0.191054954259801,0.15606821225785,0.584058941728064,0.342480790340285,0.0516129032258065,-0.234772344675869,-0.0715595228348304,-0.385264529786744,-0.873213542644788,-0.259743224398663,-1.3975364724787,-1,-1,-1,1,-0.393003987468263,-0.427990729470215,-0.532446038502258,-0.163212821841038,-0.313705006951914,-0.613470318246125,-1.13779324808004,TRUE,TRUE,TRUE,TRUE,TRUE
8,46,0.198477640067407,0.161506098358753,0.586998371094328,0.298896851598357,0.087378640776699,-0.216380965627288,-0.0698149241665517,-0.306677517540988,-0.816473002620923,-0.257596979773521,-1.15804150398365,-0.942857142857143,-0.942857142857143,-0.942857142857143,1,-0.388520731026921,-0.425492272735575,-0.499619730317629,-0.146566041460737,-0.236862593374436,-0.558876022847402,-0.900444524210129,TRUE,TRUE,TRUE,TRUE,TRUE
8,47,0.184084445855164,0.136446286358337,0.58671012667605,0.308135810377963,0.0746791131855309,-0.23705162447935,-0.0696727834540544,-0.336164856512744,-0.879843585212109,-0.257326505358317,-1.24294971243925,-0.942857142857143,-0.942857142857143,-0.942857142857143,1,-0.402625680820886,-0.450263840317713,-0.512031013490519,-0.167378841025296,-0.26649207305869,-0.622517079853792,-0.985623207080933,TRUE,TRUE,TRUE,TRUE,TRUE
8,48,0.180140244541899,0.142005971464588,0.582910134687569,0.294060370009737,0.0846063454759107,-0.2316926482898,-0.071697828367833,-0.314772204864536,-0.867921348694282,-0.261375367735429,-1.19147841675285,-0.942857142857143,-0.942857142857143,-0.942857142857143,1,-0.40276989014567,-0.440904163222981,-0.498303789211658,-0.159994819921967,-0.243074376496703,-0.606545980958852,-0.930103049017421,TRUE,TRUE,TRUE,TRUE,TRUE
8,49,0.173275946994726,0.12341554837392,0.589392706561136,0.293318324354748,0.06,-0.243498644598533,-0.0693301562490804,-0.351553551232058,-0.909119943211143,-0.25589191257797,-1.31835305084497,-0.942857142857143,-0.942857142857143,-0.942857142857143,1,-0.41611675956641,-0.465977158187216,-0.529392706561136,-0.174168488349453,-0.282223394982978,-0.653228030633173,-1.062461138267,TRUE,TRUE,TRUE,TRUE,TRUE
8,50,0.177831523772809,0.128920637085351,0.574595433385059,0.343699903815325,0.0552359033371692,-0.246094899343925,-0.0729384343521241,-0.372401416059905,-0.909207635972481,-0.267536684400578,-1.36446371646476,-1,-0.942857142857143,-1,1,-0.39676390961225,-0.445674796299708,-0.51935953004789,-0.1731564649918,-0.299462981707781,-0.641670951571903,-1.09692703206418,TRUE,TRUE,TRUE,TRUE,TRUE
8,51,0.190394761820912,0.14650463223325,0.592791182603515,0.339545810493344,0.0825806451612903,-0.227043598152063,-0.068283225787826,-0.321195039070742,-0.858992094652914,-0.253020420735858,-1.22120243218011,-1,-0.942857142857143,-1,1,-0.402396420782603,-0.446286550370265,-0.510210537442225,-0.158760372364237,-0.252911813282916,-0.605971673917056,-0.968182011444252,TRUE,TRUE,TRUE,TRUE,TRUE
8,52,0.179261187447792,0.129462478387303,0.584483014389556,0.290920767439994,0.0698254364089776,-0.24018354459338,-0.070644466341703,-0.329151934063895,-0.899549960845832,-0.258329660599035,-1.23960744372076,-0.942857142857143,-0.942857142857143,-0.942857142857143,1,-0.405221826941764,-0.455020536002253,-0.514657577980578,-0.169539078251677,-0.258507467722192,-0.641220300246798,-0.981277783121725,TRUE,TRUE,TRUE,TRUE,TRUE
8,53,0.174398636236696,0.137698688234541,0.577853898279842,0.300048394902404,0.0709534368070953,-0.237773702535204,-0.0723515097424796,-0.338840971963104,-0.885036207520477,-0.263877053040244,-1.25579747379493,-1,-0.942857142857143,-1,1,-0.403455262043146,-0.440155210045301,-0.506900461472747,-0.165422192792724,-0.266489462220624,-0.621159154480233,-0.991920420754686,TRUE,TRUE,TRUE,TRUE,TRUE
8,54,0.172574053416816,0.126341162131512,0.590149451520283,0.339409176618479,0.067065868263473,-0.249615450253652,-0.0698799921449438,-0.357338118016783,-0.917050607876794,-0.255804441230403,-1.29092782064149,-1,-1,-1,1,-0.417575398103467,-0.463808289388771,-0.52308358325681,-0.179735458108708,-0.287458125871839,-0.661246166646391,-1.03512337941109,TRUE,TRUE,TRUE,TRUE,TRUE
8,55,0.172132355474723,0.126256473966298,0.597181444509689,0.355731828235832,0.0627099664053751,-0.244317085469263,-0.0677694056964352,-0.350905667714557,-0.908500988819748,-0.247397600130886,-1.30268531174621,-1,-1,-1,1,-0.425049089034966,-0.470924970543391,-0.534471478104314,-0.176547679772828,-0.283136262018122,-0.661103388688862,-1.05528771161532,TRUE,TRUE,TRUE,TRUE,TRUE
8,56,0.180577676128116,0.139843761350399,0.600058599472605,0.303927881519639,0.058968058968059,-0.244204945028373,-0.0684689733486623,-0.370626701943947,-0.910065515700938,-0.247538661989504,-1.37558272835336,-1,-0.942857142857143,-0.942857142857143,1,-0.419480923344489,-0.460214838122206,-0.541090540504546,-0.17573597167971,-0.302157728595285,-0.662526853711434,-1.12804406636386,TRUE,TRUE,TRUE,TRUE,TRUE
8,57,0.196539348972646,0.155245724215663,0.584379876644126,0.372529719088362,0.0637087599544937,-0.22808476883352,-0.0705350440093568,-0.354244792947374,-0.850106539322701,-0.259871066895307,-1.30161385762267,-1,-1,-1,1,-0.38784052767148,-0.429134152428463,-0.520671116689632,-0.157549724824163,-0.283709748938017,-0.590235472427394,-1.04174279072736,TRUE,TRUE,TRUE,TRUE,TRUE
8,58,0.186803042651428,0.145275718669847,0.583785390503084,0.303847418612299,0.0509013785790032,-0.238757572795458,-0.0705793782642435,-0.386359694001576,-0.893500266638457,-0.260439676389793,-1.44714652587934,-0.942857142857143,-0.942857142857143,-0.942857142857143,1,-0.396982347851656,-0.438509671833237,-0.532884011924081,-0.168178194531215,-0.315780315737333,-0.633060590248664,-1.18670684948955,TRUE,TRUE,TRUE,TRUE,TRUE
8,59,0.164495639780233,0.127746710049364,0.582844411437059,0.361812147873736,0.0494335736354274,-0.253741969074575,-0.0708251380265521,-0.389424979305598,-0.941190639825017,-0.261281607661271,-1.42485055969616,-1,-1,-1,1,-0.418348771656826,-0.455097701387695,-0.533410837801632,-0.182916831048023,-0.318599841279046,-0.679909032163746,-1.16356895203489,TRUE,TRUE,TRUE,TRUE,TRUE
8,60,0.191639409404972,0.148921318708027,0.579339089014588,0.293970052610279,0.0967351874244256,-0.227127350363856,-0.0720886815211548,-0.298201580775071,-0.842655346492141,-0.264418688018712,-1.10340224813164,-0.942857142857143,-0.942857142857143,-0.942857142857143,1,-0.387699679609616,-0.430417770306561,-0.482603901590162,-0.155038668842701,-0.226112899253916,-0.57823665847343,-0.838983560112928,TRUE,TRUE,TRUE,TRUE,TRUE
8,61,0.170789916107159,0.123846456609873,0.572235014484142,0.298856091512679,0.0825593395252838,-0.242156444485156,-0.0734558964008939,-0.305715866263442,-0.907337652526306,-0.268922528181875,-1.17036599058916,-0.942857142857143,-0.885714285714286,-0.942857142857143,1,-0.401445098376983,-0.448388557874269,-0.489675674958858,-0.168700548084262,-0.232259969862548,-0.638415124344431,-0.901443462407285,TRUE,TRUE,TRUE,TRUE,TRUE
8,62,0.198134987117116,0.162465021261615,0.589777581381647,0.303505682727709,0.0946236559139785,-0.216392079918724,-0.0696144892114586,-0.297818427878482,-0.808694139550563,-0.253875955145369,-1.09572945477025,-0.942857142857143,-0.942857142857143,-0.942857142857143,1,-0.391642594264531,-0.427312560120032,-0.495153925467669,-0.146777590707265,-0.228203938667023,-0.554818184405194,-0.841853499624881,TRUE,TRUE,TRUE,TRUE,TRUE
8,63,0.184294651595389,0.139641291422447,0.580055030861902,0.295514511873351,0.0892494929006085,-0.230374251345356,-0.0715978907105612,-0.302368999434273,-0.860981130388889,-0.263299617404581,-1.14375542439175,-0.942857142857143,-0.942857142857143,-0.942857142857143,1,-0.395760379266513,-0.440413739439454,-0.490805537961294,-0.158776360634795,-0.230771108723712,-0.597681512984308,-0.880455806987169,TRUE,TRUE,TRUE,TRUE,TRUE
8,64,0.168577225603927,0.121209763588408,0.576971492039985,0.332968920818366,0.0503778337531486,-0.252577778984237,-0.0724464392856596,-0.381972498680278,-0.942266151622986,-0.265628980954012,-1.42838079049284,-1,-0.942857142857143,-1,1,-0.408394266436058,-0.455761728451577,-0.526593658286836,-0.180131339698578,-0.309526059394618,-0.676637170668974,-1.16275180953883,TRUE,TRUE,TRUE,TRUE,TRUE
8,65,0.180209398901113,0.132716173324733,0.579337173636568,0.367871728936621,0.048661800486618,-0.246997885596289,-0.0720852032790129,-0.398334943223001,-0.924855550380787,-0.263096172104979,-1.47836292817331,-1,-1,-1,1,-0.399127774735455,-0.446621000311835,-0.53067537314995,-0.174912682317276,-0.326249739943988,-0.661759378275808,-1.21526675606833,TRUE,TRUE,TRUE,TRUE,TRUE
8,66,0.180339825315581,0.140441735492943,0.59526957543705,0.298613350532086,0.0635641316685585,-0.238800193773623,-0.0685397588443526,-0.354314359895326,-0.895329889723975,-0.251819049164392,-1.32756379539845,-0.942857142857143,-0.942857142857143,-0.942857142857143,1,-0.414929750121469,-0.454827839944107,-0.531705443768491,-0.170260434929271,-0.285774601050973,-0.643510840559583,-1.07574474623406,TRUE,TRUE,TRUE,TRUE,TRUE
8,67,0.184084476376443,0.14343793637341,0.58238448541835,0.290288840614691,0.0728929384965831,-0.235627736504202,-0.071467327068822,-0.329821856068061,-0.885148549094866,-0.259843911735856,-1.23453165103533,-0.942857142857143,-0.942857142857143,-0.942857142857143,1,-0.398300009041907,-0.43894654904494,-0.509491546921767,-0.16416040943538,-0.258354528999239,-0.62530463735901,-0.974687739299474,TRUE,TRUE,TRUE,TRUE,TRUE
8,68,0.159384171867855,0.120363093055291,0.587868901082604,0.300332441417336,0.0387409200968523,-0.270684834324552,-0.069608292892458,-0.421274252009455,-1.00299774656089,-0.256760721409816,-1.56067556308014,-1,-1,-1,1,-0.428484729214749,-0.467505808027313,-0.549127980985752,-0.201076541432094,-0.351665959116997,-0.746237025151069,-1.30391484167032,TRUE,TRUE,TRUE,TRUE,TRUE
8,69,0.184327854642697,0.143307418669738,0.58133971291866,0.301484828921885,0.041407867494824,-0.245751285780444,-0.0723318126665006,-0.421026208116277,-0.911205938189167,-0.262169537807596,-1.52751293255549,-0.942857142857143,-0.942857142857143,-0.942857142857143,1,-0.397011858275963,-0.438032294248922,-0.539931845423836,-0.173419473113943,-0.348694395449776,-0.649036400381571,-1.26534339474789,TRUE,TRUE,TRUE,TRUE,TRUE
8,70,0.169258159186142,0.123014728770486,0.590536650180852,0.29775414649631,0.0444444444444444,-0.258735416305409,-0.0689094066072662,-0.401362920564631,-0.948581758607613,-0.254049856654533,-1.43236399224846,-0.942857142857143,-0.942857142857143,-0.942857142857143,1,-0.42127849099471,-0.467521921410366,-0.546092205736408,-0.189826009698143,-0.332453513957365,-0.69453190195308,-1.17831413559393,TRUE,TRUE,TRUE,TRUE,TRUE
8,71,0.171038235570906,0.133232152451015,0.591956151396193,0.345426356589147,0.0732984293193717,-0.241903737080963,-0.0687356441888882,-0.330097798895586,-0.904356518461087,-0.251800734868384,-1.24518754390744,-1,-1,-1,1,-0.420917915825287,-0.458723998945178,-0.518657722076821,-0.173168092892075,-0.261362154706698,-0.652555783592703,-0.993386809039056,TRUE,TRUE,TRUE,TRUE,TRUE
8,72,0.172574474375664,0.123081755307904,0.591219942642841,0.29745088488391,0.0636042402826855,-0.247792443030435,-0.0696146097548346,-0.342692949043251,-0.926260925629995,-0.255375755736813,-1.28886573733102,-0.942857142857143,-0.942857142857143,-0.942857142857143,1,-0.418645468267177,-0.468138187334937,-0.527615702360155,-0.1781778332756,-0.273078339288416,-0.670885169893181,-1.03348998159421,TRUE,TRUE,TRUE,TRUE,TRUE
8,73,0.197098167613464,0.163966760435865,0.579400415553577,0.29997611655123,0.0946745562130177,-0.215549375894406,-0.0718912864793221,-0.296106268232713,-0.809065174307135,-0.264143158136879,-1.09416558083291,-1,-0.942857142857143,-0.942857142857143,1,-0.382302247940113,-0.415433655117712,-0.484725859340559,-0.143658089415084,-0.224214981753391,-0.544922016170256,-0.830022422696031,TRUE,TRUE,TRUE,TRUE,TRUE
8,74,0.197021012384255,0.153200125575816,0.584366416747086,0.290288840614691,0.0786240786240786,-0.222612065355936,-0.071452110353661,-0.318492385385267,-0.83141958506075,-0.259378510903642,-1.1806708721397,-0.942857142857143,-0.942857142857143,-0.942857142857143,1,-0.387345404362831,-0.43116629117127,-0.505742338123007,-0.151159955002274,-0.247040275031606,-0.572041074157108,-0.921292361236058,TRUE,TRUE,TRUE,TRUE,TRUE
8,75,0.168078739080772,0.121922162068615,0.586579765960598,0.296720789557466,0.0706401766004415,-0.249509030343788,-0.0699406830605127,-0.338842487283816,-0.931324090373748,-0.257881043270595,-1.28374577634462,-0.942857142857143,-0.942857142857143,-0.942857142857143,1,-0.418501026879826,-0.464657603891983,-0.515939589360156,-0.179568347283276,-0.268901804223303,-0.673443047103153,-1.02586473307402,TRUE,TRUE,TRUE,TRUE,TRUE
8,76,0.189459727367712,0.139962923655564,0.586128104960566,0.302405498281787,0.0572109654350417,-0.233803469271337,-0.0704473150478936,-0.357481418314407,-0.873065190101384,-0.256603143496657,-1.32315221094489,-0.942857142857143,-0.942857142857143,-0.942857142857143,1,-0.396668377592854,-0.446165181305002,-0.528917139525524,-0.163356154223443,-0.287034103266513,-0.616462046604727,-1.06654906744823,TRUE,TRUE,TRUE,TRUE,TRUE
8,77,0.186801864751598,0.149695372076147,0.588539741219963,0.295268138801262,0.0842105263157895,-0.224596306471783,-0.0696163419870172,-0.304802215583901,-0.841663485872816,-0.254817207704539,-1.14107161838707,-0.942857142857143,-0.942857142857143,-0.942857142857143,1,-0.401737876468365,-0.438844369143816,-0.504329214904173,-0.154979964484766,-0.235185873596884,-0.586846278168278,-0.886254410682531,TRUE,TRUE,TRUE,TRUE,TRUE
8,78,0.187013017856358,0.139845653243432,0.579736076940282,0.29520295202952,0.0857142857142857,-0.229200723476014,-0.071625271999266,-0.312885297238448,-0.854383619803974,-0.263344348356675,-1.16731400261978,-0.942857142857143,-0.942857142857143,-0.942857142857143,1,-0.392723059083924,-0.43989042369685,-0.494021791225996,-0.157575451476748,-0.241260025239182,-0.591039271447299,-0.903969654263105,TRUE,TRUE,TRUE,TRUE,TRUE
8,79,0.185132741233874,0.143824866715886,0.595370990548486,0.368385294783725,0.0540540540540541,-0.244482300862115,-0.0676697141659435,-0.376821442165403,-0.905715370735436,-0.250748564854636,-1.37523631058757,-1,-1,-1,1,-0.410238249314612,-0.4515461238326,-0.541316936494432,-0.176812586696171,-0.309151727999459,-0.6549668058808,-1.12448774573293,TRUE,TRUE,TRUE,TRUE,TRUE
8,80,0.187238701997401,0.152548379488987,0.589089276360099,0.288526706470873,0.0864864864864865,-0.226173121834297,-0.0695190365650478,-0.311344994435479,-0.852285154726733,-0.254296697537548,-1.18468207202849,-0.942857142857143,-0.942857142857143,-0.942857142857143,1,-0.401850574362698,-0.436540896871113,-0.502602789873613,-0.156654085269249,-0.241825957870431,-0.597988457189185,-0.930385374490942,TRUE,TRUE,TRUE,TRUE,TRUE
8,81,0.17957285343468,0.134120341839725,0.573171639014954,0.303707301278938,0.061742006615215,-0.244522129993366,-0.0736808779244939,-0.350274120634212,-0.911275552031194,-0.269362849980403,-1.29512755033434,-0.942857142857143,-0.942857142857143,-0.942857142857143,1,-0.393598785580274,-0.439051297175229,-0.511429632399739,-0.170841252068872,-0.276593242709718,-0.641912702050791,-1.02576470035394,TRUE,TRUE,TRUE,TRUE,TRUE
8,82,0.193122882778251,0.161355494558225,0.577227942810579,0.344177561568866,0.0912981455064194,-0.220791668100593,-0.072097493167173,-0.303964053822947,-0.833214149716276,-0.264950493182016,-1.16209572231899,-1,-1,-1,1,-0.384105060032328,-0.415872448252354,-0.48592979730416,-0.14869417493342,-0.231866560655774,-0.56826365653426,-0.897145229136974,TRUE,TRUE,TRUE,TRUE,TRUE
8,83,0.181504124265612,0.127785579619549,0.578780971987354,0.355011476664116,0.072480181200453,-0.242107795496108,-0.0724304621098939,-0.338544617338754,-0.898201531866132,-0.262864690591453,-1.24456760541831,-1,-0.942857142857143,-1,1,-0.397276847721742,-0.450995392367805,-0.506300790786901,-0.169677333386214,-0.26611415522886,-0.635336841274679,-0.981702914826857,TRUE,TRUE,TRUE,TRUE,TRUE
8,84,0.179798448002009,0.144171200896977,0.59283196239718,0.29966900783079,0.0585365853658537,-0.237096967964537,-0.0691389972238061,-0.36227227066385,-0.889923781750585,-0.254000288091244,-1.36017649414776,-1,-0.942857142857143,-1,1,-0.413033514395171,-0.448660761500203,-0.534295377031326,-0.167957970740731,-0.293133273440044,-0.635923493659341,-1.10617620605652,TRUE,TRUE,TRUE,TRUE,TRUE
8,85,0.196933443927674,0.157449720108694,0.590747330960854,0.289273580326808,0.0950323974082073,-0.221194659864503,-0.0687676534705351,-0.295913238737813,-0.82990565219475,-0.254427348013337,-1.10840296182885,-0.942857142857143,-0.942857142857143,-0.942857142857143,1,-0.39381388703318,-0.43329761085216,-0.495714933552647,-0.152427006393968,-0.227145585267278,-0.575478304181413,-0.853975613815513,TRUE,TRUE,TRUE,TRUE,TRUE
8,86,0.175657840408289,0.134915197750654,0.585394581861013,0.301762477351342,0.0623376623376623,-0.240703475018281,-0.0708315630559571,-0.357389391359228,-0.898262347580884,-0.257776168943079,-1.33552775062828,-1,-0.942857142857143,-0.942857142857143,1,-0.409736741452724,-0.450479384110359,-0.523056919523351,-0.169871911962324,-0.286557828303271,-0.640486178637805,-1.0777515816852,TRUE,TRUE,TRUE,TRUE,TRUE
8,87,0.187874308128084,0.141889805980934,0.598832483558708,0.352279825109307,0.0858369098712446,-0.226922677167735,-0.0672776298933866,-0.309607933669638,-0.847600050955431,-0.245865777044233,-1.15619278487467,-1,-1,-1,1,-0.410958175430624,-0.456942677577774,-0.512995573687463,-0.159645047274348,-0.242330303776251,-0.601734273911198,-0.910327007830437,TRUE,TRUE,TRUE,TRUE,TRUE
8,88,0.166438841600517,0.123409058189326,0.586606808829031,0.297752356400548,0.060377358490566,-0.252781762246309,-0.0701592800384051,-0.366071826888735,-0.933389492586919,-0.256363270873891,-1.33592787124133,-1,-0.942857142857143,-0.942857142857143,1,-0.420167967228514,-0.463197750639705,-0.526229450338465,-0.182622482207904,-0.29591254685033,-0.677026221713028,-1.07956460036744,TRUE,TRUE,TRUE,TRUE,TRUE
8,89,0.202583908428232,0.172009937192004,0.593641661134469,0.359950093574548,0.152477763659466,-0.205662079011925,-0.0688374743919236,-0.234553059020933,-0.774602093599487,-0.252579444263422,-0.888747808819064,-0.942857142857143,-0.942857142857143,-0.942857142857143,1,-0.391057752706237,-0.421631723942465,-0.441163897475003,-0.136824604620001,-0.165715584629009,-0.522022649336065,-0.636168364555642,TRUE,TRUE,TRUE,TRUE,TRUE
8,90,0.182074590408664,0.137328179490506,0.585293682497411,0.370426597844239,0.0827943078913325,-0.230067159453401,-0.0703565962792756,-0.312141238599149,-0.857800552346755,-0.259559488348972,-1.16835261607405,-1,-1,-1,1,-0.403219092088747,-0.447965503006905,-0.502499374606079,-0.159710563174125,-0.241784642319873,-0.598241063997783,-0.908793127725078,TRUE,TRUE,TRUE,TRUE,TRUE
8,91,0.165433809175984,0.118886811569738,0.581441774491682,0.292284272093582,0.0586080586080586,-0.25374701967902,-0.0711563094521835,-0.359725416004758,-0.946502950759152,-0.262127381783494,-1.35496105333947,-0.942857142857143,-0.942857142857143,-0.942857142857143,1,-0.416007965315698,-0.462554962921944,-0.522833715883623,-0.182590710226837,-0.288569106552575,-0.684375568975659,-1.09283367155598,TRUE,TRUE,TRUE,TRUE,TRUE
8,92,0.17444523866825,0.131432789202774,0.584670231729055,0.367613550053167,0.0785169029443839,-0.239839028800216,-0.0703578761147067,-0.317877579702241,-0.895648005308744,-0.259001417530959,-1.19727942610775,-1,-1,-1,1,-0.410224993060805,-0.453237442526281,-0.506153328784671,-0.16948115268551,-0.247519703587534,-0.636646587777785,-0.938278008576791,TRUE,TRUE,TRUE,TRUE,TRUE
8,93,0.193862692893301,0.155274024759769,0.586437156848197,0.295264161897653,0.0739030023094688,-0.224517736114986,-0.0709636754307154,-0.329537816000074,-0.845170394303627,-0.257791316719918,-1.2385512299338,-0.942857142857143,-0.942857142857143,-0.942857142857143,1,-0.392574463954896,-0.431163132088428,-0.512534154538728,-0.15355406068427,-0.258574140569359,-0.587379077583708,-0.980759913213882,TRUE,TRUE,TRUE,TRUE,TRUE
8,94,0.182168200089356,0.141147343708885,0.58078376176013,0.305323925593329,0.0859444941808415,-0.229353979585569,-0.0713052577611992,-0.308251476610244,-0.860609593258759,-0.262178102873855,-1.15754213070295,-1,-0.942857142857143,-0.942857142857143,1,-0.398615561670774,-0.439636418051245,-0.494839267579289,-0.15804872182437,-0.236946218849045,-0.598431490384904,-0.895364027829095,TRUE,TRUE,TRUE,TRUE,TRUE
8,95,0.195029302771458,0.153956345301116,0.585827237124067,0.365371506475801,0.0791100123609394,-0.230442369211694,-0.06996014144079,-0.327530128976625,-0.858551822626215,-0.257512570408675,-1.21776694723762,-1,-1,-1,1,-0.390797934352609,-0.431870891822951,-0.506717224763128,-0.160482227770904,-0.257569987535835,-0.60103925221754,-0.960254376828945,TRUE,TRUE,TRUE,TRUE,TRUE
8,96,0.18694503599511,0.146063700961516,0.583216266173752,0.354319637556632,0.0837209302325581,-0.225404848642985,-0.0710434188888565,-0.312728895618384,-0.846334802576874,-0.25925820074381,-1.17890913097564,-1,-1,-1,1,-0.396271230178642,-0.437152565212236,-0.499495335941194,-0.154361429754128,-0.241685476729528,-0.587076601833064,-0.91965093023183,TRUE,TRUE,TRUE,TRUE,TRUE
8,97,0.173323518248987,0.130796637954647,0.585207100591716,0.350424025519334,0.054421768707483,-0.24676973202601,-0.0703510024473082,-0.372341646513291,-0.914656580963171,-0.259150365719049,-1.36866498602739,-1,-1,-1,1,-0.411883582342729,-0.454410462637069,-0.530785331884233,-0.176418729578702,-0.301990644065983,-0.655506215244122,-1.10951462030834,TRUE,TRUE,TRUE,TRUE,TRUE
8,98,0.182543202264017,0.14732468376403,0.590742101396032,0.352007397703629,0.0628507295173962,-0.236342564219329,-0.069453356590226,-0.360174972438661,-0.876475122472506,-0.253418722006777,-1.31529841479209,-1,-1,-1,1,-0.408198899132015,-0.443417417632002,-0.527891371878636,-0.166889207629103,-0.290721615848435,-0.623056400465729,-1.06187969278531,TRUE,TRUE,TRUE,TRUE,TRUE
8,99,0.192691971862614,0.148649326377831,0.578838785735337,0.35350863544422,0.0655737704918033,-0.229251967603662,-0.0726821293602958,-0.350479198764267,-0.863848216049902,-0.264916051661516,-1.3218853199884,-1,-1,-1,1,-0.386146813872723,-0.430189459357506,-0.513265015243534,-0.156569838243366,-0.277797069403971,-0.598932164388386,-1.05696926832688,TRUE,TRUE,TRUE,TRUE,TRUE
8,100,0.174027354342939,0.129574288511133,0.582852065748556,0.29519595448799,0.0882352941176471,-0.240207379442788,-0.0707524189930213,-0.308373577811763,-0.887272290810291,-0.260708400682893,-1.12291699572372,-0.942857142857143,-0.942857142857143,-0.942857142857143,1,-0.408824711405617,-0.453277777237423,-0.494616771630909,-0.169454960449766,-0.237621158818742,-0.626563890127398,-0.862208595040827,TRUE,TRUE,TRUE,TRUE,TRUE
10,1,0.176645533073709,0.136192489291334,0.5637735400701,0.272919469536806,0.144014401440144,-0.170031949345829,-0.0561112377562256,-0.172316310453122,-0.770527042816939,-0.248620606681357,-0.806382955242914,-0.885714285714286,-0.885714285714286,-0.885714285714286,1,-0.387128006996391,-0.427581050778766,-0.419759138629956,-0.113920711589603,-0.116205072696896,-0.521906436135582,-0.557762348561557,TRUE,TRUE,TRUE,TRUE,TRUE
10,2,0.175540059692329,0.135629930648043,0.552538370720189,0.280746127094531,0.0507185122569738,-0.184077779889826,-0.0587724254746312,-0.288571700929109,-0.833000690775259,-0.257545515321602,-1.30385643306545,-0.942857142857143,-0.942857142857143,-0.942857142857143,1,-0.37699831102786,-0.416908440072146,-0.501819858463215,-0.125305354415195,-0.229799275454478,-0.575455175453657,-1.04631091774385,TRUE,TRUE,TRUE,TRUE,TRUE
10,3,0.16134727332298,0.117965832217755,0.552172627845108,0.333946078431373,0.0555555555555556,-0.189713158329422,-0.0588611623560078,-0.274045507017077,-0.85350930015035,-0.258049526949221,-1.24554003762895,-1,-1,-1,1,-0.390825354522128,-0.434206795627353,-0.496617072289552,-0.130851995973415,-0.215184344661069,-0.595459773201129,-0.987490510679729,TRUE,TRUE,TRUE,TRUE,TRUE
10,4,0.165756761267415,0.125958212007815,0.561837665028714,0.333882683269243,0.0932835820895522,-0.180975983128643,-0.0565998970661011,-0.224253499269208,-0.809962969567077,-0.250020261905057,-1.00978936458585,-1,-1,-1,1,-0.396080903761299,-0.435879453020899,-0.468554082939162,-0.124376086062542,-0.167653602203107,-0.55994270766202,-0.759769102680793,TRUE,TRUE,TRUE,TRUE,TRUE
10,5,0.170855671866735,0.139628542440731,0.548668367044309,0.276172125883109,0.0740740740740741,-0.176222599322445,-0.0594264615350158,-0.246627557977052,-0.795708633280861,-0.260647085553911,-1.10717579097205,-1,-0.942857142857143,-0.942857142857143,1,-0.377812695177574,-0.409039824603578,-0.474594292970235,-0.11679613778743,-0.187201096442036,-0.53506154772695,-0.846528705418139,TRUE,TRUE,TRUE,TRUE,TRUE
10,6,0.158399058093659,0.115158153384642,0.56400808272911,0.273998850354474,0.0486381322957198,-0.198287406081467,-0.0559987082012003,-0.295626143413289,-0.883309845997374,-0.248185019375651,-1.31184620333664,-0.942857142857143,-0.942857142857143,-0.942857142857143,1,-0.405609024635451,-0.448849929344468,-0.51536995043339,-0.142288697880266,-0.239627435212089,-0.635124826621723,-1.06366118396099,TRUE,TRUE,TRUE,TRUE,TRUE
10,7,0.164811310411767,0.120311595860532,0.565458623539133,0.277025750802745,0.0499583680266445,-0.189004353328299,-0.0560918420453976,-0.287064679520272,-0.845784457529361,-0.247566778989845,-1.27806867075705,-0.942857142857143,-0.942857142857143,-0.942857142857143,1,-0.400647313127366,-0.445147027678601,-0.515500255512488,-0.132912511282902,-0.230972837474874,-0.598217678539516,-1.03050189176721,TRUE,TRUE,TRUE,TRUE,TRUE
10,8,0.192020702221444,0.157360936295259,0.559432288586635,0.27675870502671,0.114660114660115,-0.157157139193252,-0.0574361825619174,-0.195226983239034,-0.723411511070837,-0.252502474486319,-0.906007165303199,-0.942857142857143,-0.942857142857143,-0.942857142857143,1,-0.367411586365191,-0.402071352291376,-0.44477217392652,-0.0997209566313348,-0.137790800677117,-0.470909036584518,-0.65350469081688,TRUE,TRUE,TRUE,TRUE,TRUE
10,9,0.185162228928233,0.15636742684331,0.559432288586635,0.278308495733028,0.083594566353187,-0.166330550236481,-0.0574361825619174,-0.228838540503381,-0.757159583989356,-0.252502474486319,-1.05161253076869,-1,-0.942857142857143,-0.942857142857143,1,-0.374270059658402,-0.403064861743325,-0.475837722233448,-0.108894367674564,-0.171402357941464,-0.504657109503037,-0.799110056282371,TRUE,TRUE,TRUE,TRUE,TRUE
10,10,0.163389157959345,0.120995485466262,0.556543385490754,0.276172125883109,0.0466926070038911,-0.191174761298469,-0.0579067055218019,-0.299372611037586,-0.852290435263023,-0.254378552901336,-1.31043840105295,-0.942857142857143,-0.942857142857143,-0.942857142857143,1,-0.393154227531409,-0.435547900024492,-0.509850778486863,-0.133268055776667,-0.241465905515784,-0.597911882361687,-1.05605984815161,TRUE,TRUE,TRUE,TRUE,TRUE
10,11,0.164181151593802,0.124756472992351,0.557066824364281,0.316471467729878,0.0685602350636631,-0.180093892715455,-0.0577862489071135,-0.243471146290577,-0.81339604826616,-0.254099490473016,-1.10987836413194,-1,-0.942857142857143,-1,1,-0.392885672770479,-0.43231035137193,-0.488506589300618,-0.122307643808342,-0.185684897383463,-0.559296557793144,-0.855778873658924,TRUE,TRUE,TRUE,TRUE,TRUE
10,12,0.154009259126655,0.113956724293667,0.567698487712665,0.274475082216038,0.054005400540054,-0.196092679600984,-0.055801297342734,-0.281168755373534,-0.867259933510735,-0.245754927106557,-1.222025372551,-1,-0.942857142857143,-0.942857142857143,1,-0.41368922858601,-0.453741763418998,-0.513693087172611,-0.14029138225825,-0.2253674580308,-0.621505006404178,-0.976270445444443,TRUE,TRUE,TRUE,TRUE,TRUE
10,13,0.174399687322752,0.135784730458823,0.558735028615257,0.321897764771807,0.0757575757575758,-0.175135294512761,-0.0576565368798561,-0.243042836888316,-0.789843492833983,-0.252714325202232,-1.09352232144256,-1,-0.942857142857143,-1,1,-0.384335341292505,-0.422950298156434,-0.482977452857681,-0.117478757632905,-0.18538630000846,-0.537129167631751,-0.840807996240328,TRUE,TRUE,TRUE,TRUE,TRUE
10,14,0.158525816677503,0.115550545324934,0.555290468805917,0.282733303278161,0.0529100529100529,-0.193426610997459,-0.0580884317453634,-0.281004246098698,-0.867222789894492,-0.255447078754717,-1.25044961325718,-0.942857142857143,-0.942857142857143,-0.942857142857143,1,-0.396764652128414,-0.439739923480984,-0.502380415895864,-0.135338179252096,-0.222915814353335,-0.611775711139775,-0.995002534502463,TRUE,TRUE,TRUE,TRUE,TRUE
10,15,0.16245278285282,0.114591027812583,0.557423464873474,0.282103650753127,0.0594059405940594,-0.189059757862926,-0.0575881104163943,-0.266277422581588,-0.855411810663644,-0.253892328199316,-1.21696438111799,-0.942857142857143,-0.942857142857143,-0.942857142857143,1,-0.394970682020654,-0.442832437060891,-0.498017524279415,-0.131471647446532,-0.208689312165194,-0.601519482464328,-0.963072052918674,TRUE,TRUE,TRUE,TRUE,TRUE
10,16,0.148247613444226,0.104827611409608,0.559390621280647,0.280615462227267,0.0777453838678328,-0.196000837781625,-0.05701409032361,-0.23997953336463,-0.877265079282268,-0.252112222854883,-1.09237375419426,-0.942857142857143,-0.885714285714286,-0.885714285714286,1,-0.41114300783642,-0.454563009871039,-0.481645237412814,-0.138986747458015,-0.18296544304102,-0.625152856427385,-0.840261531339377,TRUE,TRUE,TRUE,TRUE,TRUE
10,17,0.154810717012935,0.105964910550686,0.564468211527035,0.275713105901785,0.0472143531633617,-0.199017457032633,-0.0559861361092515,-0.28784295927278,-0.8913735020187,-0.247630654092211,-1.3022620656981,-0.942857142857143,-0.942857142857143,-0.942857142857143,1,-0.4096574945141,-0.458503300976349,-0.517253858363673,-0.143031320923382,-0.231856823163528,-0.643742847926489,-1.05463141160589,TRUE,TRUE,TRUE,TRUE,TRUE
10,18,0.170872407234214,0.130996586597551,0.550050436124132,0.2835904803548,0.0790166812993854,-0.176604898223382,-0.0589637387351143,-0.236352913056351,-0.790868412045109,-0.259170942522737,-1.06015254279372,-0.942857142857143,-0.942857142857143,-0.942857142857143,1,-0.379178028889918,-0.41905384952658,-0.471033754824747,-0.117641159488268,-0.177389174321237,-0.531697469522373,-0.800981600270983,TRUE,TRUE,TRUE,TRUE,TRUE
10,19,0.175562131055645,0.140690155713192,0.562116202172886,0.316857569721116,0.076988879384089,-0.175382222491415,-0.0569618292166011,-0.245182175698998,-0.789738693962215,-0.250016384082315,-1.10436204200247,-1,-1,-1,1,-0.386554071117241,-0.421426046459694,-0.485127322788797,-0.118420393274814,-0.188220346482397,-0.5397223098799,-0.854345657920155,TRUE,TRUE,TRUE,TRUE,TRUE
10,20,0.167061049251923,0.123258269750863,0.553128689492326,0.274830627636457,0.0465549348230912,-0.190767694818224,-0.0585204494656082,-0.2966804778593,-0.846812778238109,-0.257089774987483,-1.28432868215134,-0.942857142857143,-0.942857142857143,-0.942857142857143,1,-0.386067640240403,-0.429870419741463,-0.506573754669235,-0.132247245352615,-0.238160028393692,-0.589723003250626,-1.02723890716386,TRUE,TRUE,TRUE,TRUE,TRUE
10,21,0.162049022919374,0.124577694839198,0.557896611074841,0.280289910846001,0.0492125984251969,-0.191898903145861,-0.0574174420257345,-0.288818955589904,-0.859931827569433,-0.252863999881431,-1.29589226790091,-1,-0.942857142857143,-0.942857142857143,1,-0.395847588155467,-0.433318916235643,-0.508684012649644,-0.134481461120127,-0.231401513564169,-0.607067827688002,-1.04302826801948,TRUE,TRUE,TRUE,TRUE,TRUE
10,22,0.159897454073972,0.119769845338536,0.561185185185185,0.324627325366515,0.043859649122807,-0.19548648042132,-0.0566566519886081,-0.30734834988146,-0.875424147079797,-0.249978005020717,-1.36294227033699,-1,-1,-1,1,-0.401287731111213,-0.441415339846649,-0.517325536062378,-0.138829828432712,-0.250691697892852,-0.62544614205908,-1.11296426531627,TRUE,TRUE,TRUE,TRUE,TRUE
10,23,0.149854168520626,0.108903845504168,0.553749778381892,0.277301859255029,0.0351185250219491,-0.20535739501721,-0.0584371374655271,-0.324332672427458,-0.902271129550412,-0.25656564509595,-1.38892178276709,-1,-0.942857142857143,-0.942857142857143,1,-0.403895609861266,-0.444845932877724,-0.518631253359943,-0.146920257551683,-0.265895534961931,-0.645705484454462,-1.13235613767114,TRUE,TRUE,TRUE,TRUE,TRUE
10,24,0.180803056921479,0.142236480017623,0.557236959230906,0.322560711858123,0.0635785649409628,-0.173268784228744,-0.0580307362085129,-0.259744670249601,-0.779809012586364,-0.254713900180182,-1.14103139031945,-1,-0.942857142857143,-1,1,-0.376433902309427,-0.415000479213283,-0.493658394289943,-0.115238048020231,-0.201713934041088,-0.525095112406182,-0.886317490139268,TRUE,TRUE,TRUE,TRUE,TRUE
10,25,0.149050409667326,0.11289001820237,0.560047211566834,0.282653588022716,0.044762757385855,-0.198920956917791,-0.056935494694938,-0.30421380571013,-0.888872302154933,-0.251033480991041,-1.34343791978243,-1,-0.942857142857143,-1,1,-0.410996801899507,-0.447157193364464,-0.515284454180979,-0.141985462222853,-0.247278311015192,-0.637838821163892,-1.09240443879139,TRUE,TRUE,TRUE,TRUE,TRUE
10,26,0.162106903683276,0.124684102836889,0.555358619874749,0.279974489795918,0.0514933058702369,-0.188810305410124,-0.0583352996129806,-0.286956938852757,-0.847950822193058,-0.256069343064437,-1.27479653430994,-1,-0.942857142857143,-0.942857142857143,1,-0.393251716191473,-0.43067451703786,-0.503865314004512,-0.130475005797143,-0.228621639239776,-0.591881479128621,-1.0187271912455,TRUE,TRUE,TRUE,TRUE,TRUE
10,27,0.16549020956677,0.123305509365294,0.562248995983936,0.272867025365104,0.0469043151969981,-0.1892148419305,-0.0567730546830401,-0.295706386257644,-0.84945332982157,-0.250323248460927,-1.32632628426199,-0.942857142857143,-0.942857142857143,-0.942857142857143,1,-0.396758786417166,-0.438943486618642,-0.515344680786938,-0.13244178724746,-0.238933331574604,-0.599130081360643,-1.07600303580106,TRUE,TRUE,TRUE,TRUE,TRUE
10,28,0.153977809698117,0.115449432384717,0.564477753985249,0.333882683269243,0.045662100456621,-0.194170927893007,-0.0561440377764675,-0.293368268595889,-0.869980818559693,-0.247844063685737,-1.29447903622258,-1,-1,-1,1,-0.410499944287132,-0.449028321600532,-0.518815653528628,-0.138026890116539,-0.237224230819421,-0.622136754873956,-1.04663497253684,TRUE,TRUE,TRUE,TRUE,TRUE
10,29,0.162341278883206,0.118390070469614,0.555325810834761,0.271518987341772,0.0548947849954254,-0.188079211373368,-0.0580942717630694,-0.276942389015965,-0.840546609763952,-0.255640123692952,-1.22867342579507,-0.942857142857143,-0.942857142857143,-0.942857142857143,1,-0.392984531951555,-0.436935740365147,-0.500431025839336,-0.129984939610299,-0.218848117252896,-0.584906486071,-0.973033302102118,TRUE,TRUE,TRUE,TRUE,TRUE
10,30,0.148683792569742,0.110687049579899,0.559432288586635,0.273753045262213,0.0572519083969466,-0.196111191167409,-0.0574361825619174,-0.267724586928746,-0.872218399201065,-0.252502474486319,-1.18288556468565,-1,-0.942857142857143,-0.942857142857143,1,-0.410748496016893,-0.448745239006736,-0.502180380189688,-0.138675008605492,-0.210288404366829,-0.619715924714746,-0.930383090199331,TRUE,TRUE,TRUE,TRUE,TRUE
10,31,0.155309619945292,0.114248136891126,0.551451031384834,0.273079406068431,0.0538116591928251,-0.195618193623774,-0.0587637181624719,-0.278324114760114,-0.884043776316943,-0.257976513921958,-1.26904868166686,-0.942857142857143,-0.942857142857143,-0.942857142857143,1,-0.396141411439542,-0.437202894493708,-0.497639372192009,-0.136854475461302,-0.219560396597642,-0.626067262394985,-1.0110721677449,TRUE,TRUE,TRUE,TRUE,TRUE
10,32,0.166015971035833,0.123187657324122,0.550774526678141,0.312519339068012,0.0624442462087422,-0.187375743462539,-0.0586572797672082,-0.265545106756358,-0.834324067354128,-0.258058756526703,-1.1683809467787,-1,-0.942857142857143,-0.942857142857143,1,-0.384758555642308,-0.427586869354019,-0.488330280469399,-0.128718463695331,-0.20688782698915,-0.576265310827425,-0.910322190251997,TRUE,TRUE,TRUE,TRUE,TRUE
10,33,0.162900161110251,0.11383395063511,0.552900218327728,0.281442392260334,0.0412201154163232,-0.19666160545536,-0.0587436743788339,-0.311861977468807,-0.868298064989615,-0.25749380580728,-1.33690043178207,-0.942857142857143,-0.942857142857143,-0.942857142857143,1,-0.390000057217477,-0.439066267692618,-0.511680102911405,-0.137917931076526,-0.253118303089973,-0.610804259182335,-1.07940662597479,TRUE,TRUE,TRUE,TRUE,TRUE
10,34,0.173572226088396,0.130013156702222,0.55506242972957,0.271970515346,0.0636942675159236,-0.182763914417347,-0.0583616454449924,-0.27094928671027,-0.819787380580534,-0.25646005370778,-1.19844316137655,-0.942857142857143,-0.942857142857143,-0.942857142857143,1,-0.381490203641174,-0.425049273027348,-0.491368162213646,-0.124402268972355,-0.212587641265278,-0.563327326872754,-0.94198310766877,TRUE,TRUE,TRUE,TRUE,TRUE
10,35,0.17093521203847,0.128993568860078,0.555686783984882,0.281743765467352,0.053134962805526,-0.183676400917247,-0.0580362607745156,-0.278134372069611,-0.825343287367539,-0.255308846630232,-1.23494987026837,-0.942857142857143,-0.942857142857143,-0.942857142857143,1,-0.384751571946412,-0.426693215124804,-0.502551821179356,-0.125640140142732,-0.220098111295095,-0.570034440737307,-0.979641023638138,TRUE,TRUE,TRUE,TRUE,TRUE
10,36,0.180521048483881,0.145506999952772,0.551022821331441,0.316126199586025,0.10597302504817,-0.164486217348958,-0.059229204871668,-0.201558435944383,-0.750549118398048,-0.259118166631226,-0.927862141734844,-1,-0.942857142857143,-1,1,-0.37050177284756,-0.405515821378669,-0.445049796283271,-0.10525701247729,-0.142329231072715,-0.491430951766822,-0.668743975103618,TRUE,TRUE,TRUE,TRUE,TRUE
10,37,0.164673717954997,0.118331752782256,0.554997340268337,0.277832126785365,0.0594227504244482,-0.187079108067861,-0.0583369427865088,-0.268944497434263,-0.835699758459262,-0.255929225019116,-1.1937548100443,-0.942857142857143,-0.942857142857143,-0.942857142857143,1,-0.39032362231334,-0.436665587486081,-0.495574589843889,-0.128742165281353,-0.210607554647754,-0.579770533440146,-0.937825585025184,TRUE,TRUE,TRUE,TRUE,TRUE
10,38,0.166528256818592,0.125015824749939,0.551560178306092,0.27369615942486,0.0863723608445297,-0.178437465975717,-0.0585311297524543,-0.231929336959241,-0.802045483855538,-0.257549829477299,-1.03241403457978,-0.942857142857143,-0.942857142857143,-0.942857142857143,1,-0.3850319214875,-0.426544353556153,-0.465187817461562,-0.119906336223263,-0.173398207206787,-0.544495654378239,-0.774864205102481,TRUE,TRUE,TRUE,TRUE,TRUE
10,39,0.171961416027115,0.132027391091493,0.555950687529635,0.280752899423284,0.0392541707556428,-0.188826299329895,-0.0578135360646694,-0.314894328288442,-0.833678032816824,-0.254454271653512,-1.34835037747736,-0.942857142857143,-0.942857142857143,-0.942857142857143,1,-0.38398927150252,-0.423923296438142,-0.516696516773992,-0.131012763265226,-0.257080792223773,-0.579223761163312,-1.09389610582385,TRUE,TRUE,TRUE,TRUE,TRUE
10,40,0.15746675685825,0.110691295770231,0.552692376044073,0.271893567553604,0.0458015267175573,-0.198538950386134,-0.0583720569612239,-0.303360386566913,-0.888817141040731,-0.256909135873023,-1.35291279792043,-0.942857142857143,-0.942857142857143,-0.942857142857143,1,-0.395225619185823,-0.442001080273842,-0.506890849326516,-0.14016689342491,-0.244988329605689,-0.631908005167708,-1.09600366204741,TRUE,TRUE,TRUE,TRUE,TRUE
10,41,0.156886345936339,0.119978731382256,0.55798359576124,0.272727272727273,0.0590219224283305,-0.189205873680562,-0.0579658876006941,-0.270566612756893,-0.841805405772053,-0.252554721391885,-1.18535315191817,-1,-0.942857142857143,-0.942857142857143,1,-0.401097249824901,-0.438004864378984,-0.49896167333291,-0.131239986079868,-0.212600725156199,-0.589250684380168,-0.932798430526285,TRUE,TRUE,TRUE,TRUE,TRUE
10,42,0.156179352602951,0.111954201561944,0.563840532351019,0.280504908835905,0.0468164794007491,-0.197486433689883,-0.0560919513506856,-0.2897947699933,-0.888211188174879,-0.248265889787361,-1.31048310162424,-0.942857142857143,-0.942857142857143,-0.942857142857143,1,-0.407661179748068,-0.451886330789075,-0.51702405295027,-0.141394482339198,-0.233702818642614,-0.639945298387518,-1.06221721183688,TRUE,TRUE,TRUE,TRUE,TRUE
10,43,0.158940214106358,0.118810415828961,0.557919621749409,0.277706680317379,0.0559701492537313,-0.189697706887978,-0.057569075418333,-0.280064776623939,-0.852722472508485,-0.253600158951297,-1.26082069472747,-0.942857142857143,-0.942857142857143,-0.942857142857143,1,-0.398979407643051,-0.439109205920448,-0.501949472495678,-0.132128631469645,-0.222495701205606,-0.599122313557188,-1.00722053577617,TRUE,TRUE,TRUE,TRUE,TRUE
10,44,0.167030613881918,0.130373728293214,0.570469798657718,0.280105039389771,0.0423370025402202,-0.190133662235047,-0.0556508637806562,-0.306197749867232,-0.848878135703719,-0.243098109092313,-1.34072061347468,-1,-0.942857142857143,-0.942857142857143,1,-0.4034391847758,-0.440096070364504,-0.528132796117498,-0.134482798454391,-0.250546886086576,-0.605780026611406,-1.09762250438237,TRUE,TRUE,TRUE,TRUE,TRUE
10,45,0.152181491645705,0.103727974199449,0.563896441659771,0.314298088226196,0.048582995951417,-0.201425893809272,-0.0564734036398152,-0.29418614131238,-0.892343767139551,-0.249066547598636,-1.28412720263776,-1,-0.942857142857143,-1,1,-0.411714950014066,-0.460168467460323,-0.515313445708354,-0.144952490169457,-0.237712737672565,-0.643277219540915,-1.03506065503912,TRUE,TRUE,TRUE,TRUE,TRUE
10,46,0.156810119114593,0.122160327595828,0.561685055165496,0.329051987767584,0.0715563506261181,-0.185931995927263,-0.0566893307995066,-0.248333304384626,-0.83812199885623,-0.249928406450036,-1.1300330388367,-1,-1,-1,1,-0.404874936050904,-0.439524727569668,-0.490128704539378,-0.129242665127756,-0.191643973585119,-0.588193592406194,-0.880104632386664,TRUE,TRUE,TRUE,TRUE,TRUE
10,47,0.183125147639907,0.139575026785181,0.56123353222662,0.280695173793448,0.0875,-0.173220114348111,-0.0569363353506481,-0.235807500327137,-0.783912094336405,-0.250554841959747,-1.06506055628848,-0.942857142857143,-0.942857142857143,-0.942857142857143,1,-0.378108384586713,-0.421658505441439,-0.47373353222662,-0.116283778997463,-0.178871164976489,-0.533357252376658,-0.814505714328733,TRUE,TRUE,TRUE,TRUE,TRUE
10,48,0.158437811777537,0.108519948009411,0.555456965394854,0.273556231003039,0.0586510263929619,-0.199769856952177,-0.0580533556137277,-0.270230979248782,-0.884722145411958,-0.255364352033102,-1.19606184293205,-0.942857142857143,-0.942857142857143,-0.942857142857143,1,-0.397019153617317,-0.446937017385443,-0.496805939001892,-0.14171650133845,-0.212177623635054,-0.629357793378856,-0.940697490898948,TRUE,TRUE,TRUE,TRUE,TRUE
10,49,0.154624540190607,0.105533762199106,0.554564907275321,0.276925044768483,0.0247933884297521,-0.210018145934257,-0.0581166811371537,-0.357790763164408,-0.921615547531651,-0.256417294768867,-1.53985823292218,-0.942857142857143,-0.942857142857143,-0.942857142857143,1,-0.399940367084714,-0.449031145076215,-0.529771518845569,-0.151901464797104,-0.299674082027254,-0.665198252762784,-1.28344093815331,TRUE,TRUE,TRUE,TRUE,TRUE
10,50,0.167354383193292,0.130546584998463,0.5625484698443,0.27947542653425,0.0574712643678161,-0.185140360481942,-0.0565628996519408,-0.270711455787948,-0.83860515465624,-0.249504813522832,-1.22861952602207,-1,-0.942857142857143,-0.942857142857143,1,-0.395194086651008,-0.432001884845837,-0.505077205476484,-0.128577460830001,-0.214148556136007,-0.589100341133408,-0.979114712499238,TRUE,TRUE,TRUE,TRUE,TRUE
10,51,0.164999314619492,0.122817356324532,0.555390024432394,0.277175990824519,0.0352422907488987,-0.195804694571033,-0.0583073797252862,-0.329333500389411,-0.87006085929455,-0.256180085620217,-1.42877383167569,-0.942857142857143,-0.942857142857143,-0.942857142857143,1,-0.390390709812902,-0.432572668107862,-0.520147733683495,-0.137497314845746,-0.271026120664125,-0.613880773674333,-1.17259374605547,TRUE,TRUE,TRUE,TRUE,TRUE
10,52,0.164188503958618,0.126350376986615,0.561227500737681,0.273294321908559,0.0431965442764579,-0.191563669643174,-0.0570327007217254,-0.306217882121888,-0.860647318300767,-0.250219899114735,-1.36129721376038,-0.942857142857143,-0.942857142857143,-0.942857142857143,1,-0.397038996779063,-0.434877123751066,-0.518030956461223,-0.134530968921448,-0.249185181400163,-0.610427419186031,-1.11107731464564,TRUE,TRUE,TRUE,TRUE,TRUE
10,53,0.165045224160743,0.124375323262259,0.553481481481481,0.277169492585872,0.037243947858473,-0.196303486755923,-0.0583729596413368,-0.330052259658848,-0.868923767468592,-0.257168829711451,-1.41495082821661,-0.942857142857143,-0.942857142857143,-0.942857142857143,1,-0.388436257320738,-0.429106158219222,-0.516237533623008,-0.137930527114586,-0.271679300017511,-0.611754937757141,-1.15778199850516,TRUE,TRUE,TRUE,TRUE,TRUE
10,54,0.163844720149025,0.123795976031824,0.559313062400753,0.279543390841873,0.0945179584120983,-0.182986145204141,-0.0579503630710773,-0.227833804529624,-0.817911241809037,-0.25322683450778,-1.02391836120832,-0.942857142857143,-0.942857142857143,-0.942857142857143,1,-0.395468342251728,-0.435517086368929,-0.464795103988655,-0.125035782133063,-0.169883441458547,-0.564684407301257,-0.77069152670054,TRUE,TRUE,TRUE,TRUE,TRUE
10,55,0.148344072076367,0.110523102261987,0.55614846436618,0.275317060735453,0.0403225806451613,-0.200655223729939,-0.0578725931178286,-0.30750225074679,-0.894698097065576,-0.255065844293451,-1.35698862135123,-1,-0.942857142857143,-0.942857142857143,1,-0.407804392289813,-0.445625362104193,-0.515825883721019,-0.142782630612111,-0.249629657628961,-0.639632252772125,-1.10192277705778,TRUE,TRUE,TRUE,TRUE,TRUE
10,56,0.166504468040559,0.129058059374279,0.553214222116697,0.284216509821259,0.103270223752151,-0.175421122971484,-0.0583696335868214,-0.207028449023341,-0.787716973888282,-0.256849430042467,-0.939818182744075,-1,-0.885714285714286,-0.942857142857143,1,-0.386709754076139,-0.424156162742418,-0.449943998364546,-0.117051489384663,-0.14865881543652,-0.530867543845815,-0.682968752701608,TRUE,TRUE,TRUE,TRUE,TRUE
10,57,0.147047774625623,0.102362502207754,0.555851851851852,0.316985280644964,0.0577081615828524,-0.198320847145532,-0.0582696094864985,-0.265933445142625,-0.888258284773447,-0.255646166001976,-1.21470792990317,-1,-1,-1,1,-0.408804077226229,-0.453489349644098,-0.498143690269,-0.140051237659033,-0.207663835656127,-0.632612118771471,-0.959061763901194,TRUE,TRUE,TRUE,TRUE,TRUE
10,58,0.17369851919102,0.13160622163753,0.553954719200235,0.279768640764491,0.0523560209424084,-0.183230118647165,-0.0590592169862824,-0.283795803261097,-0.82195118759412,-0.257522451946287,-1.26248551249418,-0.942857142857143,-0.942857142857143,-0.942857142857143,1,-0.380256200009215,-0.422348497562705,-0.501598698257827,-0.124170901660883,-0.224736586274815,-0.564428735647833,-1.00496306054789,TRUE,TRUE,TRUE,TRUE,TRUE
10,59,0.169858466988511,0.135727519684506,0.563371920451172,0.275552707465556,0.0625978090766823,-0.179140382420187,-0.0562908000345749,-0.261724936958852,-0.812111464617318,-0.248851462417606,-1.19056763845451,-1,-0.942857142857143,-0.942857142857143,1,-0.393513453462661,-0.427644400766666,-0.50077411137449,-0.122849582385612,-0.205434136924277,-0.563260002199712,-0.941716176036904,TRUE,TRUE,TRUE,TRUE,TRUE
10,60,0.164455521037007,0.127013648756672,0.557427439853402,0.312519339068012,0.100755667506297,-0.180242687902538,-0.0577654051788042,-0.209885768364471,-0.813067061988557,-0.254066058968176,-0.965002426762707,-0.942857142857143,-0.942857142857143,-0.942857142857143,1,-0.392971918816395,-0.43041379109673,-0.456671772347105,-0.122477282723734,-0.152120363185667,-0.559001003020381,-0.710936367794531,TRUE,TRUE,TRUE,TRUE,TRUE
10,61,0.178200090572548,0.135731044671626,0.560719995263189,0.279823269513991,0.0631768953068592,-0.17654054830291,-0.0567565373197252,-0.257066580555968,-0.793749017501622,-0.250176367475113,-1.15342781929578,-0.942857142857143,-0.942857142857143,-0.942857142857143,1,-0.382519904690641,-0.424988950591563,-0.49754309995633,-0.119784010983185,-0.200310043236243,-0.543572650026509,-0.903251451820667,TRUE,TRUE,TRUE,TRUE,TRUE
10,62,0.162009297171978,0.118212885226859,0.566227318399433,0.279365487123499,0.0672143390589992,-0.185604687303402,-0.0557571438117933,-0.255453104957473,-0.830075939061335,-0.246767100012352,-1.13643529187048,-0.942857142857143,-0.942857142857143,-0.942857142857143,1,-0.404218021227455,-0.448014433172574,-0.499012979340434,-0.129847543491608,-0.19969596114568,-0.583308839048983,-0.889668191858128,TRUE,TRUE,TRUE,TRUE,TRUE
10,63,0.17519700302036,0.132689556276164,0.567880892132054,0.318254851069089,0.0634632819582956,-0.175388861176729,-0.0561995981674848,-0.251647428837416,-0.802537515732137,-0.24649832419419,-1.16783562403557,-1,-0.942857142857143,-0.942857142857143,1,-0.392683889111694,-0.43519133585589,-0.504417610173758,-0.119189263009244,-0.195447830669931,-0.556039191537947,-0.92133729984138,TRUE,TRUE,TRUE,TRUE,TRUE
10,64,0.172012885037228,0.131286433579099,0.554440245630609,0.276331855279224,0.11605415860735,-0.177037149963656,-0.0583471018972462,-0.197026920814307,-0.788685390459341,-0.256371236316339,-0.881865554023215,-0.885714285714286,-0.885714285714286,-0.885714285714286,1,-0.382427360593381,-0.42315381205151,-0.438386087023259,-0.11869004806641,-0.138679818917061,-0.532314154143003,-0.625494317706876,TRUE,TRUE,TRUE,TRUE,TRUE
10,65,0.166917239384588,0.124336552451397,0.561018957345972,0.274016763378466,0.0422297297297297,-0.19114171072056,-0.0566496644482977,-0.297643428254164,-0.853634155798408,-0.250017135624115,-1.31463541048971,-0.942857142857143,-0.942857142857143,-0.942857142857143,1,-0.394101717961384,-0.436682404894575,-0.518789227616242,-0.134492046272262,-0.240993763805866,-0.603617020174293,-1.0646182748656,TRUE,TRUE,TRUE,TRUE,TRUE
10,66,0.152960977687808,0.1080063842426,0.56169862369133,0.333497719146838,0.0386473429951691,-0.201582245411998,-0.0575335637275905,-0.315614096223244,-0.897085692150473,-0.251954600579698,-1.38099077450479,-1,-1,-1,1,-0.408737646003522,-0.45369223944873,-0.523051280696161,-0.144048681684407,-0.258080532495653,-0.645131091570775,-1.12903617392509,TRUE,TRUE,TRUE,TRUE,TRUE
10,67,0.168062445205453,0.127314640954774,0.553044719314938,0.329218106995885,0.0608695652173913,-0.182892869547886,-0.058334296006361,-0.262496230291722,-0.833209804354118,-0.256840672307743,-1.20819836762832,-1,-1,-1,1,-0.384982274109485,-0.425730078360164,-0.492175154097547,-0.124558573541525,-0.204161934285361,-0.576369132046375,-0.951357695320577,TRUE,TRUE,TRUE,TRUE,TRUE
10,68,0.165259962184908,0.124429685588324,0.554006761966902,0.27720207253886,0.0456204379562044,-0.193545192187332,-0.0583393119109569,-0.306180111088979,-0.858516888331589,-0.256346012969503,-1.32838403448275,-0.942857142857143,-0.942857142857143,-0.942857142857143,1,-0.388746799781994,-0.429577076378578,-0.508386324010698,-0.135205880276375,-0.247840799178022,-0.602170875362086,-1.07203802151325,TRUE,TRUE,TRUE,TRUE,TRUE
10,69,0.162439834997618,0.120529823812125,0.554596846176733,0.283909659308409,0.0443655723158829,-0.19631626382697,-0.0583562703556097,-0.295330429645404,-0.874186611761435,-0.256709002814697,-1.30607618750826,-0.942857142857143,-0.942857142857143,-0.942857142857143,1,-0.392157011179115,-0.434067022364608,-0.51023127386085,-0.13795999347136,-0.236974159289794,-0.617477608946738,-1.04936718469356,TRUE,TRUE,TRUE,TRUE,TRUE
10,70,0.182577054398946,0.143158518587976,0.555390024432394,0.275761049547828,0.0979431929480901,-0.166947077057121,-0.0581726454335437,-0.212891097315301,-0.754575887006634,-0.255869097115405,-0.959941679739197,-0.942857142857143,-0.942857142857143,-0.942857142857143,1,-0.372812970033448,-0.412231505844418,-0.457446831484304,-0.108774431623577,-0.154718451881757,-0.498706789891229,-0.704072582623792,TRUE,TRUE,TRUE,TRUE,TRUE
10,71,0.177485397734227,0.134206434463381,0.567880892132054,0.279910824869953,0.0678294573643411,-0.17684856188659,-0.0561995981674848,-0.255102687989725,-0.799516753975295,-0.24649832419419,-1.14846371942895,-0.942857142857143,-0.942857142857143,-0.942857142857143,1,-0.390395494397827,-0.433674457668673,-0.500051434767713,-0.120648963719105,-0.19890308982224,-0.553018429781104,-0.90196539523476,TRUE,TRUE,TRUE,TRUE,TRUE
10,72,0.16855686143759,0.125650134510675,0.554407510184802,0.316890316890317,0.0709849157054126,-0.178261576430125,-0.058243762752289,-0.24098644793975,-0.810775616730393,-0.256167516899027,-1.11428020408043,-1,-0.942857142857143,-1,1,-0.385850648747212,-0.428757375674127,-0.483422594479389,-0.120017813677836,-0.182742685187461,-0.554608099831366,-0.858112687181403,TRUE,TRUE,TRUE,TRUE,TRUE
10,73,0.160307526918285,0.119650321655117,0.551466223435831,0.279268916155419,0.0563607085346216,-0.192397217709262,-0.0587998109117356,-0.272203030796486,-0.860063746357457,-0.258060832820454,-1.22034767178104,-0.942857142857143,-0.942857142857143,-0.942857142857143,1,-0.391158696517546,-0.431815901780714,-0.495105514901209,-0.133597406797527,-0.21340321988475,-0.602002913537003,-0.962286838960586,TRUE,TRUE,TRUE,TRUE,TRUE
10,74,0.160233250486155,0.117368681587317,0.550339533510481,0.320403658152003,0.0621761658031088,-0.189067583778722,-0.0591332128792946,-0.267003994815434,-0.843051144258591,-0.259222511849779,-1.18427242723665,-1,-1,-1,1,-0.390106283024326,-0.432970851923164,-0.488163367707372,-0.129934370899427,-0.207870781936139,-0.583828632408812,-0.925049915386871,TRUE,TRUE,TRUE,TRUE,TRUE
10,75,0.164477403725913,0.120814497207654,0.55476697421339,0.278792539896174,0.0773860705073087,-0.180709908931531,-0.0580818991854184,-0.234754485466304,-0.816657485285137,-0.255652969602603,-1.07194797522897,-0.942857142857143,-0.942857142857143,-0.942857142857143,1,-0.390289570487477,-0.433952477005736,-0.477380903706081,-0.122628009746113,-0.176672586280886,-0.561004515682534,-0.816295005626367,TRUE,TRUE,TRUE,TRUE,TRUE
10,76,0.172263935322242,0.129448840476938,0.56313086594652,0.279393173198483,0.0727934485896269,-0.180072374714726,-0.0566980759792717,-0.246846506109215,-0.806159841359539,-0.249170688987802,-1.09734307213008,-0.942857142857143,-0.942857142857143,-0.942857142857143,1,-0.390866930624278,-0.433682025469582,-0.490337417356893,-0.123374298735455,-0.190148430129943,-0.556989152371737,-0.848172383142278,TRUE,TRUE,TRUE,TRUE,TRUE
10,77,0.168686085736274,0.126104007984148,0.554372263637439,0.2770524170435,0.066793893129771,-0.184350226311495,-0.0583314931979599,-0.261545152523833,-0.821601409144753,-0.255861940833176,-1.15121074249779,-0.942857142857143,-0.942857142857143,-0.942857142857143,1,-0.385686177901164,-0.428268255653291,-0.487578370507668,-0.126018733113535,-0.203213659325873,-0.565739468311577,-0.895348801664614,TRUE,TRUE,TRUE,TRUE,TRUE
10,78,0.185041195602353,0.144247212731822,0.552918841955387,0.276682397052169,0.0995405819295559,-0.166903804527521,-0.0584825731103097,-0.212225075834079,-0.754504308081656,-0.257899881183499,-0.956599722350297,-0.942857142857143,-0.942857142857143,-0.942857142857143,1,-0.367877646353034,-0.408671629223565,-0.453378260025831,-0.108421231417211,-0.153742502723769,-0.496604426898157,-0.698699841166798,TRUE,TRUE,TRUE,TRUE,TRUE
10,79,0.168083517418709,0.123489329481806,0.554539555188485,0.278165883398958,0.0570342205323194,-0.18380442217069,-0.0581553127254001,-0.271101207742365,-0.832231649943021,-0.255931542140966,-1.23936480174522,-0.942857142857143,-0.942857142857143,-0.942857142857143,1,-0.386456037769776,-0.431050225706679,-0.497505334656166,-0.125649109445289,-0.212945895016965,-0.576300107802055,-0.983433259604254,TRUE,TRUE,TRUE,TRUE,TRUE
10,80,0.156097678792479,0.112089010936236,0.554596846176733,0.274191486641953,0.0637958532695375,-0.192990766796417,-0.0583562703556097,-0.262253986602434,-0.861752053201994,-0.256709002814697,-1.16489683240307,-0.942857142857143,-0.942857142857143,-0.942857142857143,1,-0.398499167384254,-0.442507835240497,-0.490800992907195,-0.134634496440807,-0.203897716246824,-0.605043050387297,-0.908187829588373,TRUE,TRUE,TRUE,TRUE,TRUE
10,81,0.169246394466474,0.130085440444008,0.56169862369133,0.2770524170435,0.069101678183613,-0.179751992670086,-0.0575335637275905,-0.245550225875125,-0.817242249954208,-0.251954600579698,-1.13330840215011,-0.942857142857143,-0.942857142857143,-0.942857142857143,1,-0.392452229224855,-0.431613183247322,-0.492596945507717,-0.122218428942495,-0.188016662147535,-0.56528764937451,-0.881353801570412,TRUE,TRUE,TRUE,TRUE,TRUE
10,82,0.176122125040076,0.143482547719935,0.558712121212121,0.321265290992216,0.107334525939177,-0.16809336996105,-0.0575047670412544,-0.205444447875344,-0.760492086946196,-0.252770353217211,-0.935725713597219,-1,-1,-1,1,-0.382589996172045,-0.415229573492186,-0.451377595272944,-0.110588602919796,-0.14793968083409,-0.507721733728985,-0.682955360380008,TRUE,TRUE,TRUE,TRUE,TRUE
10,83,0.161292476106384,0.11897572456831,0.555126758890934,0.277670403298544,0.0497512437810945,-0.190244040784917,-0.0579042776867706,-0.286154603785443,-0.851185851383638,-0.255440298818367,-1.26704284616627,-0.942857142857143,-0.942857142857143,-0.942857142857143,1,-0.39383428278455,-0.436151034322624,-0.505375515109839,-0.132339763098146,-0.228250326098672,-0.595745552565272,-1.0116025473479,TRUE,TRUE,TRUE,TRUE,TRUE
10,84,0.165585936824909,0.123451361072316,0.554539555188485,0.274888090284345,0.051063829787234,-0.1871523981452,-0.0581553127254001,-0.284769917341207,-0.840440940502025,-0.255931542140966,-1.25968812634777,-0.942857142857143,-0.942857142857143,-0.942857142857143,1,-0.388953618363576,-0.431088194116169,-0.503475725401251,-0.1289970854198,-0.226614604615807,-0.584509398361059,-1.0037565842068,TRUE,TRUE,TRUE,TRUE,TRUE
10,85,0.156830454465306,0.113321832007382,0.559781316852864,0.279872204472843,0.0386100386100386,-0.197120402899885,-0.0570142409104092,-0.314425659078986,-0.889655724742042,-0.251737236038185,-1.42473438467452,-0.942857142857143,-0.942857142857143,-0.942857142857143,1,-0.402950862387558,-0.446459484845482,-0.521171278242825,-0.140106161989475,-0.257411418168577,-0.637918488703857,-1.17299714863633,TRUE,TRUE,TRUE,TRUE,TRUE
10,86,0.16176018751679,0.121464076245889,0.554735038695575,0.277830517055883,0.081447963800905,-0.181106001283295,-0.0581804528375944,-0.229083501309933,-0.815287621123164,-0.256068218691085,-1.04026901777782,-0.942857142857143,-0.942857142857143,-0.942857142857143,1,-0.392974851178784,-0.433270962449686,-0.47328707489467,-0.1229255484457,-0.170903048472339,-0.559219402432079,-0.784200799086735,TRUE,TRUE,TRUE,TRUE,TRUE
10,87,0.163663471543406,0.121122594658879,0.545282124229493,0.275761049547828,0.0478468899521531,-0.190896873945874,-0.0600107420105676,-0.292700486529652,-0.857004514539777,-0.263022640554305,-1.30196452289516,-0.942857142857143,-0.942857142857143,-0.942857142857143,1,-0.381618652686087,-0.424159529570614,-0.49743523427734,-0.130886131935307,-0.232689744519084,-0.593981873985472,-1.03894188234085,TRUE,TRUE,TRUE,TRUE,TRUE
10,88,0.167938926995278,0.123047409308697,0.566315417672338,0.320981534266948,0.100840336134454,-0.180731373765154,-0.0565125310189414,-0.209454463354663,-0.808763712281712,-0.247845802296465,-0.949360050040763,-0.942857142857143,-0.885714285714286,-0.942857142857143,1,-0.39837649067706,-0.443268008363641,-0.465475081537884,-0.124218842746213,-0.152941932335722,-0.560917909985246,-0.701514247744298,TRUE,TRUE,TRUE,TRUE,TRUE
10,89,0.147920364777351,0.106881257321444,0.55354708706217,0.311988929425085,0.0342759211653813,-0.203522280431865,-0.0583085711402722,-0.318139019000828,-0.914486467905211,-0.257028235537649,-1.42945806080977,-1,-1,-1,1,-0.405626722284819,-0.446665829740726,-0.519271165896789,-0.145213709291593,-0.259830447860556,-0.657458232367563,-1.17242982527212,TRUE,TRUE,TRUE,TRUE,TRUE
10,90,0.165141833365061,0.129895657428809,0.553191489361702,0.273565832701542,0.0669856459330144,-0.182909431502984,-0.0586632633289329,-0.252881723531357,-0.819586552162536,-0.257103592876075,-1.1254364397455,-1,-0.942857142857143,-0.942857142857143,1,-0.388049655996641,-0.423295831932893,-0.486205843428688,-0.124246168174051,-0.194218460202424,-0.562482959286461,-0.868332846869425,TRUE,TRUE,TRUE,TRUE,TRUE
10,91,0.155123712608683,0.105370200075098,0.563655761024182,0.31365998515219,0.0337837837837838,-0.21166375500213,-0.0561538398261575,-0.33887293813095,-0.936636508089589,-0.248360577970577,-1.48353019382993,-1,-0.942857142857143,-0.942857142857143,1,-0.408532048415499,-0.458285560949084,-0.529871977240398,-0.155509915175972,-0.282719098304792,-0.688275930119012,-1.23516961585935,TRUE,TRUE,TRUE,TRUE,TRUE
10,92,0.169658633093846,0.12785085505409,0.568248733953598,0.27517639512508,0.0834879406307978,-0.176228157388362,-0.0561620628597394,-0.230546658590499,-0.79895102883042,-0.246282939287684,-1.0482112390611,-0.942857142857143,-0.942857142857143,-0.942857142857143,1,-0.398590100859752,-0.440397878899508,-0.4847607933228,-0.120066094528623,-0.17438459573076,-0.552668089542736,-0.801928299773416,TRUE,TRUE,TRUE,TRUE,TRUE
10,93,0.147771496449653,0.10568085083325,0.5513353115727,0.277670403298544,0.0338409475465313,-0.212703407797758,-0.0586855714026732,-0.328409835726426,-0.941413011063629,-0.258149168020386,-1.43589952335814,-1,-0.942857142857143,-0.942857142857143,1,-0.403563815123047,-0.44565446073945,-0.517494364026169,-0.154017836395085,-0.269724264323753,-0.683263843043243,-1.17775035533775,TRUE,TRUE,TRUE,TRUE,TRUE
10,94,0.169502620420604,0.126003493894138,0.554760200429492,0.281493691751728,0.0622775800711744,-0.184664926776491,-0.0584119872264544,-0.26988950404823,-0.820866732747107,-0.256753515821572,-1.17528647466222,-0.942857142857143,-0.942857142857143,-0.942857142857143,1,-0.385257580008888,-0.428756706535354,-0.492482620358318,-0.126252939550037,-0.211477516821776,-0.564113216925535,-0.918532958840648,TRUE,TRUE,TRUE,TRUE,TRUE
10,95,0.165042926669319,0.113843746445975,0.557427439853402,0.321039088347016,0.0737327188940092,-0.188131413885871,-0.0577654051788042,-0.240135894656682,-0.846947976391637,-0.254066058968176,-1.10041575143162,-1,-0.885714285714286,-0.885714285714286,1,-0.392384513184083,-0.443583693407427,-0.483694720959393,-0.130366008707067,-0.182370489477878,-0.592881917423461,-0.846349692463444,TRUE,TRUE,TRUE,TRUE,TRUE
10,96,0.175497157801283,0.129576370632155,0.55813399976199,0.321140200636163,0.0680272108843537,-0.178640028157408,-0.0577328613868762,-0.25313164886993,-0.804047673201474,-0.253975259937186,-1.1387595734068,-1,-0.942857142857143,-0.942857142857143,1,-0.382636841960707,-0.428557629129835,-0.490106788877636,-0.120907166770532,-0.195398787483054,-0.550072413264288,-0.884784313469614,TRUE,TRUE,TRUE,TRUE,TRUE
10,97,0.166418069556962,0.132137580650869,0.554897548264835,0.278444248011113,0.0891089108910891,-0.176518827820171,-0.0581704239610899,-0.221407567243526,-0.799183772145939,-0.255368293905066,-1.01544927245023,-1,-0.942857142857143,-0.942857142857143,1,-0.388479478707873,-0.422759967613966,-0.465788637373746,-0.118348403859081,-0.163237143282436,-0.543815478240873,-0.760080978545164,TRUE,TRUE,TRUE,TRUE,TRUE
10,98,0.157086953740606,0.116614232377779,0.563338653425548,0.28023130202707,0.0465983224603914,-0.199135810359843,-0.0566787846367983,-0.302387548737199,-0.88455596383435,-0.248749019763464,-1.33520725392857,-1,-0.942857142857143,-0.942857142857143,1,-0.406251699684942,-0.446724421047769,-0.516740330965157,-0.142457025723044,-0.245708764100401,-0.635806944070886,-1.08645823416511,TRUE,TRUE,TRUE,TRUE,TRUE
10,99,0.153878860113361,0.111613941257805,0.555292726197516,0.335305719921105,0.0718685831622177,-0.193961386521564,-0.057902458616198,-0.243715657545633,-0.873183468847726,-0.254920112554891,-1.1182731815484,-0.942857142857143,-0.942857142857143,-0.942857142857143,1,-0.401413866084155,-0.443678784939711,-0.483424143035298,-0.136058927905367,-0.185813198929435,-0.618263356292835,-0.863353068993509,TRUE,TRUE,TRUE,TRUE,TRUE
10,100,0.183785956528146,0.135043200453839,0.560454518553589,0.314255064049978,0.107705053852527,-0.172324665397465,-0.0571998629599288,-0.206223915306592,-0.780705002856672,-0.251158798057475,-0.948444790918282,-0.885714285714286,-0.885714285714286,-0.885714285714286,1,-0.376668562025443,-0.42541131809975,-0.452749464701062,-0.115124802437536,-0.149024052346663,-0.529546204799197,-0.697285992860807,TRUE,TRUE,TRUE,TRUE,TRUE
12,1,0.158904286860572,0.114400280453889,0.533412007670748,0.265051198198681,0.0481540930979133,-0.151958724139463,-0.0492988231222564,-0.235126777743119,-0.797926791513233,-0.251910118254385,-1.21125146679867,-0.942857142857143,-0.942857142857143,-0.942857142857143,1,-0.374507720810176,-0.419011727216859,-0.485257914572835,-0.102659901017206,-0.185827954620863,-0.546016673258848,-0.959341348544285,TRUE,TRUE,TRUE,TRUE,TRUE
12,2,0.162982875393534,0.125955110983623,0.533582824502659,0.264148941812974,0.0778658976207642,-0.143458875135347,-0.0492748728485875,-0.19244802951619,-0.754878238220358,-0.251569765362345,-1.00468476084747,-0.942857142857143,-0.942857142857143,-0.942857142857143,1,-0.370599949109126,-0.407627713519036,-0.455716926881895,-0.0941840022867597,-0.143173156667602,-0.503308472858013,-0.753114995485125,TRUE,TRUE,TRUE,TRUE,TRUE
12,3,0.159936045827409,0.128193383095922,0.53943870014771,0.266246056782334,0.0885906040268456,-0.142683510367505,-0.048252766849754,-0.175621198994795,-0.75148012175103,-0.247271882718093,-0.918364185475412,-1,-0.885714285714286,-0.885714285714286,1,-0.379502654320301,-0.411245317051788,-0.450848096120864,-0.094430743517751,-0.127368432145041,-0.504208239032937,-0.671092302757319,TRUE,TRUE,TRUE,TRUE,TRUE
12,4,0.141415688178096,0.0997212318385504,0.53726922697206,0.295859823228407,0.0502793296089385,-0.161954703061602,-0.0484990027976564,-0.223450524263957,-0.839201633614489,-0.248740104936854,-1.14600460085331,-1,-0.942857142857143,-1,1,-0.395853538793964,-0.43754799513351,-0.486989897363122,-0.113455700263946,-0.174951521466301,-0.590461528677635,-0.897264495916456,TRUE,TRUE,TRUE,TRUE,TRUE
12,5,0.140424520063432,0.100276171678779,0.532516307570666,0.295859823228407,0.0525931336742148,-0.159980182991995,-0.0493472798830426,-0.221623916958526,-0.827665826289183,-0.252451815852238,-1.12519545758641,-1,-0.942857142857143,-1,1,-0.392091787507234,-0.432240135891887,-0.479923173896451,-0.110632903108953,-0.172276637075483,-0.575214010436945,-0.872743641734172,TRUE,TRUE,TRUE,TRUE,TRUE
12,6,0.136074925967349,0.0905825810983843,0.539612024285503,0.265051198198681,0.0309079201545396,-0.170437438308341,-0.047937712866037,-0.259773792189894,-0.886574990535338,-0.24644294700447,-1.34734302241552,-0.942857142857143,-0.942857142857143,-0.942857142857143,1,-0.403537098318154,-0.449029443187119,-0.508704104130963,-0.122499725442304,-0.211836079323857,-0.640132043530868,-1.10090007541105,TRUE,TRUE,TRUE,TRUE,TRUE
12,7,0.150238166594865,0.113744409167235,0.537101777537052,0.262391590013141,0.0542168674698795,-0.152954724518273,-0.0487345237340862,-0.220333469867328,-0.794339992467135,-0.249007228377062,-1.1249664292531,-1,-0.942857142857143,-0.942857142857143,1,-0.386863610942187,-0.423357368369818,-0.482884910067172,-0.104220200784186,-0.171598946133242,-0.545332764090073,-0.875959200876038,TRUE,TRUE,TRUE,TRUE,TRUE
12,8,0.143471288538142,0.0965606296780496,0.54075859694003,0.265934993668214,0.0429184549356223,-0.163078873604428,-0.0480719815148017,-0.241719046913094,-0.848703415247618,-0.246163009630822,-1.24809190351746,-0.942857142857143,-0.942857142857143,-0.942857142857143,1,-0.397287308401888,-0.44419796726198,-0.497840142004408,-0.115006892089627,-0.193647065398292,-0.602540405616796,-1.00192889388664,TRUE,TRUE,TRUE,TRUE,TRUE
12,9,0.147212891785492,0.108595636050571,0.535613662201572,0.260058001581861,0.053880692751764,-0.156072232640864,-0.0486245848150914,-0.222221985276927,-0.810115186239488,-0.249563657643425,-1.13445865156849,-0.942857142857143,-0.942857142857143,-0.942857142857143,1,-0.38840077041608,-0.427018026151001,-0.481732969449808,-0.107447647825772,-0.173597400461836,-0.560551528596063,-0.884894993925065,TRUE,TRUE,TRUE,TRUE,TRUE
12,10,0.135420303636921,0.0919301452252349,0.533583378571781,0.266059900518573,0.0435413642960813,-0.166810144873583,-0.049000053567746,-0.241905387560695,-0.867991399117936,-0.251329625785593,-1.26324453582524,-1,-0.942857142857143,-0.942857142857143,1,-0.39816307493486,-0.441653233346546,-0.4900420142757,-0.117810091305837,-0.192905333992949,-0.616661773332343,-1.01191491003965,TRUE,TRUE,TRUE,TRUE,TRUE
12,11,0.147232797233948,0.109390924645974,0.541901095647024,0.260551043159739,0.0386473429951691,-0.160442648403429,-0.0474878125092366,-0.251096791953327,-0.837917129311193,-0.244316956383284,-1.30003096188489,-0.942857142857143,-0.942857142857143,-0.942857142857143,1,-0.394668298413076,-0.43251017100105,-0.503253752651855,-0.112954835894193,-0.20360897944409,-0.593600172927909,-1.05571400550161,TRUE,TRUE,TRUE,TRUE,TRUE
12,12,0.149952070587074,0.108157891439234,0.537454940496766,0.266059900518573,0.0476190476190476,-0.154339091467301,-0.0484676838062407,-0.225916081106257,-0.81638772946406,-0.248717456690795,-1.20743273270202,-0.942857142857143,-0.942857142857143,-0.942857142857143,1,-0.387502869909692,-0.429297049057532,-0.489835892877718,-0.10587140766106,-0.177448397300016,-0.567670272773265,-0.958715276011225,TRUE,TRUE,TRUE,TRUE,TRUE
12,13,0.148757896433201,0.111588755572758,0.541722049918771,0.310318393213063,0.0579710144927536,-0.152827706060134,-0.0478226309823377,-0.212650539076873,-0.789729474359324,-0.245183665340747,-1.07043577518675,-1,-1,-1,1,-0.39296415348557,-0.430133294346013,-0.483751035426017,-0.105005075077797,-0.164827908094535,-0.544545809018577,-0.825252109846003,TRUE,TRUE,TRUE,TRUE,TRUE
12,14,0.160302001987334,0.12501295124016,0.54129983183302,0.264687302590019,0.0757363253856942,-0.14212776962755,-0.0475897958799522,-0.187135971805415,-0.747832918081454,-0.244956152729713,-0.98465282423337,-0.942857142857143,-0.942857142857143,-0.942857142857143,1,-0.380997829845686,-0.41628688059286,-0.465563506447326,-0.0945379737475974,-0.139546175925463,-0.502876765351741,-0.739696671503657,TRUE,TRUE,TRUE,TRUE,TRUE
12,15,0.127110317766065,0.0813964557934585,0.537935138351681,0.263043362878828,0.027501909854851,-0.181871228773526,-0.0482913096988743,-0.282328348349073,-0.934306232966573,-0.247969884522369,-1.43831568913022,-0.942857142857143,-0.942857142857143,-0.942857142857143,1,-0.410824820585616,-0.456538682558223,-0.51043322849683,-0.133579919074652,-0.234037038650199,-0.686336348444204,-1.19034580460785,TRUE,TRUE,TRUE,TRUE,TRUE
12,16,0.152687842078088,0.114253764623555,0.532315622521808,0.263488080301129,0.0589473684210526,-0.152102715854697,-0.0493067535058812,-0.211006091495727,-0.795545686981783,-0.252538819533965,-1.0945972798083,-0.942857142857143,-0.942857142857143,-0.942857142857143,1,-0.37962778044372,-0.418061857898253,-0.473368254100755,-0.102795962348815,-0.161699337989846,-0.543006867447818,-0.842058460274335,TRUE,TRUE,TRUE,TRUE,TRUE
12,17,0.142430176471154,0.0947323411432157,0.531592999110056,0.267046353425091,0.0394088669950739,-0.167351020898126,-0.0494827403414181,-0.251583777548105,-0.864497036254864,-0.253083094483653,-1.29749829963474,-0.942857142857143,-0.942857142857143,-0.942857142857143,1,-0.389162822638902,-0.43686065796684,-0.492184132114982,-0.117868280556708,-0.202101037206687,-0.611413941771211,-1.04441520515109,TRUE,TRUE,TRUE,TRUE,TRUE
12,18,0.162663327297133,0.120841750758116,0.536249814420745,0.265934993668214,0.0573248407643312,-0.144303680089495,-0.0486131389700124,-0.207025272810999,-0.768638624545184,-0.249246323158395,-1.1108078675058,-0.942857142857143,-0.942857142857143,-0.942857142857143,1,-0.373586487123612,-0.415408063662629,-0.478924973656414,-0.0956905411194829,-0.158412133840987,-0.519392301386789,-0.861561544347405,TRUE,TRUE,TRUE,TRUE,TRUE
12,19,0.144702838909682,0.101464581679391,0.538734476641041,0.261790588607261,0.0463320463320463,-0.165574963434123,-0.0487106482401741,-0.233255659977822,-0.851272608448958,-0.24859836885067,-1.18365061817358,-0.942857142857143,-0.942857142857143,-0.942857142857143,1,-0.394031637731359,-0.43726989496165,-0.492402430308995,-0.116864315193949,-0.184545011737648,-0.602674239598288,-0.93505224932291,TRUE,TRUE,TRUE,TRUE,TRUE
12,20,0.167319753253934,0.13135378157366,0.530962962962963,0.263152345809172,0.0427046263345196,-0.146667463465115,-0.0495617209547265,-0.238357477017981,-0.771332172445027,-0.25343707597965,-1.23690718640665,-0.942857142857143,-0.942857142857143,-0.942857142857143,1,-0.363643209709029,-0.399609181389303,-0.488258336628443,-0.0971057425103882,-0.188795756063254,-0.517895096465377,-0.983470110427,TRUE,TRUE,TRUE,TRUE,TRUE
12,21,0.146124860696567,0.103070895249228,0.533412007670748,0.262391590013141,0.0558572536850271,-0.153971357091784,-0.0492988231222564,-0.210498735856774,-0.808021851941985,-0.251910118254385,-1.11214807042866,-0.942857142857143,-0.942857142857143,-0.942857142857143,1,-0.387287146974182,-0.43034111242152,-0.477554753985721,-0.104672533969528,-0.161199912734518,-0.5561117336876,-0.860237952174275,TRUE,TRUE,TRUE,TRUE,TRUE
12,22,0.153685072141093,0.113150265877149,0.539612024285503,0.262557197706832,0.045045045045045,-0.154161595958868,-0.047937712866037,-0.227371494058153,-0.812787353547872,-0.24644294700447,-1.20940273364254,-0.942857142857143,-0.942857142857143,-0.942857142857143,1,-0.38592695214441,-0.426461758408354,-0.494566979240458,-0.106223883092831,-0.179433781192116,-0.566344406543402,-0.96295978663807,TRUE,TRUE,TRUE,TRUE,TRUE
12,23,0.153674591862713,0.118036415610543,0.537886242865578,0.299722479185939,0.0638297872340425,-0.149786673447408,-0.0486056728077376,-0.205487342923529,-0.783487812333597,-0.248661983959754,-1.07079508338335,-1,-1,-1,1,-0.384211651002865,-0.419849827255034,-0.474056455631535,-0.10118100063967,-0.156881670115791,-0.534825828373843,-0.822133099423596,TRUE,TRUE,TRUE,TRUE,TRUE
12,24,0.140166946841292,0.0970792451838992,0.533583378571781,0.264583110349995,0.0534521158129176,-0.163570202894496,-0.049000053567746,-0.226497620391033,-0.849924441957862,-0.251329625785593,-1.1784381342649,-0.942857142857143,-0.942857142857143,-0.942857142857143,1,-0.393416431730489,-0.436504133387882,-0.480131262758863,-0.11457014932675,-0.177497566823287,-0.598594816172269,-0.927108508479307,TRUE,TRUE,TRUE,TRUE,TRUE
12,25,0.155506789048516,0.114598718588231,0.529577464788732,0.267309607421773,0.0644583706356312,-0.14891207957217,-0.049718768573017,-0.204304137477205,-0.786810394648386,-0.254086328255525,-1.08369305501316,-0.942857142857143,-0.942857142857143,-0.942857142857143,1,-0.374070675740216,-0.414978746200501,-0.465119094153101,-0.0991933109991533,-0.154585368904188,-0.532724066392861,-0.829606726757635,TRUE,TRUE,TRUE,TRUE,TRUE
12,26,0.144589514419829,0.104164810364318,0.542406409178577,0.263952933693751,0.0323232323232323,-0.164229158126996,-0.0473378279941544,-0.264748254809926,-0.852165466658656,-0.243648259598537,-1.34295754279272,-0.942857142857143,-0.942857142857143,-0.942857142857143,1,-0.397816894758748,-0.438241598814259,-0.510083176855345,-0.116891330132842,-0.217410426815772,-0.608517207060119,-1.09930928319418,TRUE,TRUE,TRUE,TRUE,TRUE
12,27,0.156040801258644,0.111900555524346,0.53943870014771,0.262662577984562,0.0592592592592593,-0.14869543297779,-0.048252766849754,-0.208426674929786,-0.78638001382698,-0.247271882718093,-1.11400128541313,-0.942857142857143,-0.942857142857143,-0.942857142857143,1,-0.383397898889066,-0.427538144623364,-0.480179440888451,-0.100442666128036,-0.160173908080032,-0.539108131108887,-0.866729402695037,TRUE,TRUE,TRUE,TRUE,TRUE
12,28,0.147862619589655,0.111036058268805,0.533254507833284,0.264410027143541,0.0452147701582517,-0.156434856331103,-0.0493497864652057,-0.234282825066829,-0.815310889578906,-0.252014304104399,-1.19617599938301,-1,-0.942857142857143,-0.942857142857143,1,-0.385391888243629,-0.422218449564479,-0.488039737675032,-0.107085069865897,-0.184933038601623,-0.563296585474507,-0.944161695278611,TRUE,TRUE,TRUE,TRUE,TRUE
12,29,0.159557190268396,0.117813039020213,0.537765247069298,0.264508572037057,0.0552570990023024,-0.147833026648233,-0.0483596218005089,-0.220855868604565,-0.778338046351527,-0.248141518292058,-1.1501339676596,-0.942857142857143,-0.885714285714286,-0.942857142857143,1,-0.378208056800902,-0.419952208049085,-0.482508148066996,-0.0994734048477242,-0.172496246804056,-0.530196528059469,-0.901992449367542,TRUE,TRUE,TRUE,TRUE,TRUE
12,30,0.146320852413455,0.10000312055597,0.533412007670748,0.299892235849541,0.0536912751677852,-0.160732917664472,-0.0492988231222564,-0.226624850660533,-0.832008257869863,-0.251910118254385,-1.15855680302685,-1,-0.942857142857143,-0.942857142857143,1,-0.387091155257293,-0.433408887114778,-0.479720732502963,-0.111434094542216,-0.177326027538277,-0.580098139615478,-0.906646684772465,TRUE,TRUE,TRUE,TRUE,TRUE
12,31,0.147640404480391,0.10880086986215,0.537912709737736,0.265934993668214,0.0515021459227468,-0.156857333738288,-0.0487987148807134,-0.221238822279278,-0.817745990756452,-0.248903661200591,-1.14552165806144,-1,-0.942857142857143,-0.942857142857143,1,-0.390272305257345,-0.429111839875586,-0.486410563814989,-0.108058618857575,-0.172440107398565,-0.568842329555861,-0.896617996860849,TRUE,TRUE,TRUE,TRUE,TRUE
12,32,0.156183034008005,0.120797572501996,0.534031413612565,0.301192996952952,0.0553420445810915,-0.149227999955801,-0.0491236542180321,-0.220727584436705,-0.789815128899926,-0.251447185098495,-1.17240108929752,-1,-1,-1,1,-0.37784837960456,-0.413233841110569,-0.478689369031474,-0.100104345737769,-0.171603930218673,-0.538367943801431,-0.920953904199025,TRUE,TRUE,TRUE,TRUE,TRUE
12,33,0.151114458704945,0.108383955942889,0.530674695227284,0.264776936704783,0.0555984555984556,-0.153664351724178,-0.0494971740437049,-0.217547731829224,-0.801918771461536,-0.25302584158518,-1.12930331058722,-0.942857142857143,-0.942857142857143,-0.942857142857143,1,-0.379560236522339,-0.422290739284396,-0.475076239628828,-0.104167177680473,-0.168050557785519,-0.548892929876356,-0.87627746900204,TRUE,TRUE,TRUE,TRUE,TRUE
12,34,0.144593402892109,0.104494660749106,0.532874354561102,0.262350756168745,0.0545041635124905,-0.156602562410479,-0.049527595711059,-0.219784990229012,-0.813252747669488,-0.25234671067072,-1.12996075765333,-0.942857142857143,-0.942857142857143,-0.942857142857143,1,-0.388280951668993,-0.428379693811996,-0.478370191048612,-0.10707496669942,-0.170257394517953,-0.560906036998768,-0.87761404698261,TRUE,TRUE,TRUE,TRUE,TRUE
12,35,0.148640184264763,0.106005842394169,0.530962962962963,0.263376214229457,0.0291970802919708,-0.167588190490513,-0.0495617209547265,-0.28249027863338,-0.864875273923592,-0.25343707597965,-1.41291010976203,-0.942857142857143,-0.942857142857143,-0.942857142857143,1,-0.3823227786982,-0.424957120568794,-0.501765882670992,-0.118026469535787,-0.232928557678654,-0.611438197943942,-1.15947303378238,TRUE,TRUE,TRUE,TRUE,TRUE
12,36,0.142559904150105,0.100938513231383,0.533583378571781,0.264896475422791,0.0533333333333333,-0.156045953039211,-0.049000053567746,-0.212215810076565,-0.822649603540475,-0.251329625785593,-1.13700118156206,-0.942857142857143,-0.942857142857143,-0.942857142857143,1,-0.391023474421676,-0.432644865340398,-0.480250045238448,-0.107045899471465,-0.163215756508819,-0.571319977754882,-0.885671555776467,TRUE,TRUE,TRUE,TRUE,TRUE
12,37,0.144500406727491,0.107757583076755,0.532650952216918,0.265155093686034,0.0465116279069767,-0.159222522397878,-0.0495084781411223,-0.235740034073145,-0.832591732004627,-0.252445381386313,-1.23528602964433,-1,-0.942857142857143,-0.942857142857143,1,-0.388150545489427,-0.424893369140163,-0.486139324309941,-0.109714044256756,-0.186231555932023,-0.580146350618314,-0.982840648258017,TRUE,TRUE,TRUE,TRUE,TRUE
12,38,0.150838125534,0.111323279136444,0.53494837172359,0.262880067567568,0.070935960591133,-0.14873739357573,-0.0488499306475794,-0.196340972015248,-0.78527467560989,-0.250495561063929,-1.0473726295225,-0.942857142857143,-0.942857142857143,-0.942857142857143,1,-0.38411024618959,-0.423625092587146,-0.464012411132457,-0.0998874629281501,-0.147491041367669,-0.53477911454596,-0.796877068458571,TRUE,TRUE,TRUE,TRUE,TRUE
12,39,0.151793479734363,0.115570988568022,0.539120165338057,0.26639563496309,0.0735551663747811,-0.144713114924442,-0.0484262900443426,-0.180375299558549,-0.774587013786022,-0.247630431173455,-1.00263056058234,-1,-0.942857142857143,-0.942857142857143,1,-0.387326685603694,-0.423549176770035,-0.465564998963276,-0.096286824880099,-0.131949009514206,-0.526956582612568,-0.755000129408885,TRUE,TRUE,TRUE,TRUE,TRUE
12,40,0.1386861019293,0.0977166833161489,0.535550853712543,0.263543191800878,0.0436046511627907,-0.161347682922629,-0.0490035493969358,-0.232804570108072,-0.847258411250692,-0.25069065130666,-1.23200328275942,-1,-0.942857142857143,-0.942857142857143,1,-0.396864751783243,-0.437834170396394,-0.491946202549752,-0.112344133525693,-0.183801020711136,-0.596567759944032,-0.98131263145276,TRUE,TRUE,TRUE,TRUE,TRUE
12,41,0.150604164907185,0.108205305173201,0.534861886643277,0.26594387755102,0.0376766091051805,-0.158598502108347,-0.0487691958623564,-0.252564458093865,-0.82540392767787,-0.250041408986795,-1.28408855864226,-0.942857142857143,-0.942857142857143,-0.942857142857143,1,-0.384257721736092,-0.426656581470076,-0.497185277538097,-0.10982930624599,-0.203795262231509,-0.575362518691074,-1.03404714965546,TRUE,TRUE,TRUE,TRUE,TRUE
12,42,0.147182892667649,0.107582305313046,0.530962962962963,0.268013327780092,0.0373831775700935,-0.158856688266696,-0.0495617209547265,-0.248210544605461,-0.83564707439547,-0.25343707597965,-1.29794071126066,-1,-0.942857142857143,-0.942857142857143,1,-0.383780070295314,-0.423380657649917,-0.493579785392869,-0.10929496731197,-0.198648823650734,-0.58220999841582,-1.04450363528101,TRUE,TRUE,TRUE,TRUE,TRUE
12,43,0.15429114252259,0.112801169381153,0.53365027484772,0.267309607421773,0.047808764940239,-0.153837950227842,-0.0490871331295316,-0.230263432068224,-0.80382845995536,-0.251452243036197,-1.19529526494243,-0.942857142857143,-0.942857142857143,-0.942857142857143,1,-0.37935913232513,-0.420849105466567,-0.485841509907481,-0.10475081709831,-0.181176298938692,-0.552376216919163,-0.943843021906233,TRUE,TRUE,TRUE,TRUE,TRUE
12,44,0.15571147462331,0.107862434972921,0.539120165338057,0.26478094427903,0.0488599348534202,-0.152557935599152,-0.0484262900443426,-0.222586222312883,-0.799913406962729,-0.247630431173455,-1.17050262340491,-0.942857142857143,-0.942857142857143,-0.942857142857143,1,-0.383408690714747,-0.431257730365136,-0.490260230484637,-0.104131645554809,-0.17415993226854,-0.552282975789274,-0.922872192231455,TRUE,TRUE,TRUE,TRUE,TRUE
12,45,0.145581901392677,0.109880943276149,0.539120165338057,0.265155093686034,0.0461183704842429,-0.155523663839564,-0.0484262900443426,-0.230750950562885,-0.820444820990122,-0.247630431173455,-1.21450341257599,-1,-0.942857142857143,-0.942857142857143,1,-0.39353826394538,-0.429239222061908,-0.493001794853814,-0.107097373795221,-0.182324660518542,-0.572814389816667,-0.966872981402535,TRUE,TRUE,TRUE,TRUE,TRUE
12,46,0.153317763251252,0.119211688471507,0.533805727782699,0.26639563496309,0.0680161943319838,-0.147257881371305,-0.049202681116461,-0.19526093165767,-0.778045567254721,-0.251341255610312,-1.0420176212238,-1,-0.942857142857143,-0.942857142857143,1,-0.380487964531447,-0.414594039311192,-0.465789533450715,-0.0980552002548442,-0.146058250541209,-0.526704311644409,-0.790676365613488,TRUE,TRUE,TRUE,TRUE,TRUE
12,47,0.15462430587204,0.123171088756302,0.532650952216918,0.264215476699444,0.0727824109173616,-0.146625746231704,-0.0495084781411223,-0.188850302311073,-0.774057379454872,-0.252445381386313,-1.00738960750224,-1,-0.942857142857143,-0.942857142857143,1,-0.378026646344878,-0.409479863460616,-0.459868541299556,-0.0971172680905819,-0.139341824169951,-0.521611998068559,-0.754944226115927,TRUE,TRUE,TRUE,TRUE,TRUE
12,48,0.143355927672061,0.0986292149130273,0.531555555555556,0.266059900518573,0.0317740511915269,-0.165894923727528,-0.0494489332524972,-0.26624844629151,-0.863942791383577,-0.253250454982061,-1.37801755082133,-0.942857142857143,-0.942857142857143,-0.942857142857143,1,-0.388199627883494,-0.432926340642529,-0.499781504364029,-0.116445990475031,-0.216799513039013,-0.610692336401516,-1.12476709583927,TRUE,TRUE,TRUE,TRUE,TRUE
12,49,0.15028363620365,0.112946487615795,0.532293876745448,0.266246056782334,0.0598006644518272,-0.149814157041848,-0.0493252162606403,-0.208974664007334,-0.786250058055578,-0.252527688221728,-1.10597419953474,-1,-0.942857142857143,-0.942857142857143,1,-0.382010240541798,-0.419347389129653,-0.472493212293621,-0.100488940781207,-0.159649447746694,-0.53372236983385,-0.853446511313012,TRUE,TRUE,TRUE,TRUE,TRUE
12,50,0.150953939931733,0.110914254148676,0.541348944753284,0.263376214229457,0.0648148148148148,-0.149552485838634,-0.0478254162499553,-0.197734553315247,-0.782087008805367,-0.245248125194588,-1.02979253425164,-0.942857142857143,-0.942857142857143,-0.942857142857143,1,-0.390395004821551,-0.430434690604608,-0.476534129938469,-0.101727069588679,-0.149909137065292,-0.536838883610779,-0.784544409057052,TRUE,TRUE,TRUE,TRUE,TRUE
12,51,0.155402472359658,0.113941264393983,0.53568771390308,0.264602989504929,0.0591618734593262,-0.151293979179381,-0.0487641051842351,-0.216622201787509,-0.794434273465505,-0.249954063335095,-1.12623989129576,-0.942857142857143,-0.942857142857143,-0.942857142857143,1,-0.380285241543422,-0.421746449509097,-0.476525840443754,-0.102529873995146,-0.167858096603274,-0.54448021013041,-0.876285827960665,TRUE,TRUE,TRUE,TRUE,TRUE
12,52,0.147360750034408,0.110395340553016,0.53494837172359,0.267874065494367,0.0654205607476635,-0.157669096448009,-0.0488499306475794,-0.206461344824301,-0.8210786734178,-0.250495561063929,-1.07694566444501,-1,-0.942857142857143,-0.942857142857143,1,-0.387587621689182,-0.424553031170574,-0.469527810975926,-0.10881916580043,-0.157611414176722,-0.570583112353871,-0.826450103381081,TRUE,TRUE,TRUE,TRUE,TRUE
12,53,0.141400297512853,0.104289096562297,0.534031413612565,0.299892235849541,0.0473559589581689,-0.160821006339626,-0.0491236542180321,-0.234882524709969,-0.840377657877647,-0.251447185098495,-1.22580002416944,-1,-1,-1,1,-0.392631116099712,-0.429742317050268,-0.486675454654396,-0.111697352121594,-0.185758870491937,-0.588930472779152,-0.974352839070945,TRUE,TRUE,TRUE,TRUE,TRUE
12,54,0.146146558294508,0.110438270212292,0.530962962962963,0.26514477197759,0.0659340659340659,-0.15114503436844,-0.0495617209547265,-0.199587882291854,-0.796330893780845,-0.25343707597965,-1.05608060347009,-1,-0.942857142857143,-0.942857142857143,1,-0.384816404668455,-0.420524692750671,-0.465028897028897,-0.101583313413713,-0.150026161337128,-0.542893817801195,-0.80264352749044,TRUE,TRUE,TRUE,TRUE,TRUE
12,55,0.150103417735053,0.112478315845319,0.531592999110056,0.265155093686034,0.0385542168674699,-0.159632472456387,-0.0494827403414181,-0.255225550011907,-0.834536408820464,-0.253083094483653,-1.31811923173568,-1,-0.942857142857143,-0.942857142857143,1,-0.381489581375003,-0.419114683264737,-0.493038782242586,-0.110149732114969,-0.205742809670489,-0.581453314336811,-1.06503613725203,TRUE,TRUE,TRUE,TRUE,TRUE
12,56,0.143493269048962,0.0975132838133821,0.534031413612565,0.264415418923224,0.0376175548589342,-0.164990169766807,-0.0491236542180321,-0.254398096710067,-0.861686598671968,-0.251447185098495,-1.32882589159354,-0.942857142857143,-0.942857142857143,-0.942857142857143,1,-0.390538144563603,-0.436518129799183,-0.496413858753631,-0.115866515548775,-0.205274442492035,-0.610239413573473,-1.07737870649505,TRUE,TRUE,TRUE,TRUE,TRUE
12,57,0.162556399780736,0.125872113020788,0.535613662201572,0.266145640808998,0.0641711229946524,-0.142534617456989,-0.0486245848150914,-0.199912762121738,-0.759880493365416,-0.249563657643425,-1.07646856664165,-0.942857142857143,-0.942857142857143,-0.942857142857143,1,-0.373057262420836,-0.409741549180784,-0.47144253920692,-0.0939100326418978,-0.151288177306647,-0.510316835721991,-0.826904908998225,TRUE,TRUE,TRUE,TRUE,TRUE
12,58,0.148831053798535,0.108599235902431,0.535714285714286,0.262350756168745,0.0455927051671733,-0.156271592624998,-0.0487325580176813,-0.235094219487193,-0.810956409127569,-0.249842954273991,-1.19848112900012,-0.942857142857143,-0.942857142857143,-0.942857142857143,1,-0.386883231915751,-0.427115049811855,-0.490121580547113,-0.107539034607316,-0.186361661469512,-0.561113454853578,-0.948638174726129,TRUE,TRUE,TRUE,TRUE,TRUE
12,59,0.152943177498382,0.113348433343397,0.537154150197628,0.26639563496309,0.0476947535771065,-0.153670696742513,-0.0483240373542519,-0.234682633467091,-0.806910795331365,-0.247912068561333,-1.21684021424813,-0.942857142857143,-0.942857142857143,-0.942857142857143,1,-0.384210972699246,-0.423805716854231,-0.489459396620522,-0.105346659388261,-0.186358596112839,-0.558998726770032,-0.968928145686797,TRUE,TRUE,TRUE,TRUE,TRUE
12,60,0.138398360974573,0.0979969316305561,0.535122336227309,0.261790588607261,0.0382470119521912,-0.165109647041408,-0.048796280553814,-0.248015206019568,-0.849400862368922,-0.250384356774243,-1.23960348925495,-1,-0.942857142857143,-0.942857142857143,1,-0.396723975252736,-0.437125404596753,-0.496875324275118,-0.116313366487594,-0.199218925465754,-0.599016505594679,-0.989219132480707,TRUE,TRUE,TRUE,TRUE,TRUE
12,61,0.140888482943867,0.104536057825497,0.53568771390308,0.261089987325729,0.0455580865603645,-0.158982336415659,-0.0487641051842351,-0.232757202844788,-0.830264923816741,-0.249954063335095,-1.20956629092953,-1,-0.942857142857143,-0.942857142857143,1,-0.394799230959213,-0.431151656077583,-0.490129627342715,-0.110218231231424,-0.183993097660553,-0.580310860481646,-0.959612227594435,TRUE,TRUE,TRUE,TRUE,TRUE
12,62,0.156910580295819,0.116455410933329,0.53678285770712,0.264602989504929,0.0605042016806723,-0.14743432866733,-0.0484727296682923,-0.206115396394477,-0.784967194830468,-0.248638552033683,-1.119179284238,-0.942857142857143,-0.942857142857143,-0.942857142857143,1,-0.379872277411301,-0.420327446773791,-0.476278656026448,-0.0989615989990372,-0.157642666726185,-0.536328642796785,-0.870540732204317,TRUE,TRUE,TRUE,TRUE,TRUE
12,63,0.153942248747148,0.116218112427248,0.53365027484772,0.262880067567568,0.105011933174224,-0.146971186038154,-0.0490871331295316,-0.159540901848619,-0.769589377761163,-0.251452243036197,-0.854779874127636,-0.885714285714286,-0.885714285714286,-0.885714285714286,1,-0.379708026100572,-0.417432162420472,-0.428638341673496,-0.0978840529086225,-0.110453768719087,-0.518137134724966,-0.603327631091439,TRUE,TRUE,TRUE,TRUE,TRUE
12,64,0.137409044719709,0.0999141420742171,0.535223748338502,0.267562037668538,0.0319715808170515,-0.171654284805421,-0.0490521656784459,-0.271473426469855,-0.882256728776445,-0.25096832185764,-1.35573727697987,-1,-0.942857142857143,-0.942857142857143,1,-0.397814703618793,-0.435309606264285,-0.50325216752145,-0.122602119126975,-0.222421260791409,-0.631288406918805,-1.10476895512223,TRUE,TRUE,TRUE,TRUE,TRUE
12,65,0.152021782296559,0.114774241525587,0.532293876745448,0.262517621260377,0.0458365164247517,-0.155747046836391,-0.0493676752982655,-0.239414825408035,-0.813797451307731,-0.252419531926111,-1.22914423785985,-0.942857142857143,-0.942857142857143,-0.942857142857143,1,-0.380272094448889,-0.417519635219861,-0.486457360320696,-0.106379371538125,-0.190047150109769,-0.56137791938162,-0.976724705933739,TRUE,TRUE,TRUE,TRUE,TRUE
12,66,0.150461294332862,0.117025089906787,0.530426164519326,0.299892235849541,0.0636604774535809,-0.151962644115349,-0.0497415129085881,-0.205315089984067,-0.796971130779023,-0.254196919156435,-1.07863055708707,-1,-1,-1,1,-0.379964870186464,-0.413401074612539,-0.466765687065745,-0.102221131206761,-0.155573577075479,-0.542774211622588,-0.824433637930635,TRUE,TRUE,TRUE,TRUE,TRUE
12,67,0.136305179865162,0.0919006676277031,0.535735380980508,0.265478274709534,0.0559875583203732,-0.16227460117436,-0.0489592386387425,-0.209853007197593,-0.851015526630834,-0.250591746227593,-1.12848309409806,-0.942857142857143,-0.942857142857143,-0.942857142857143,1,-0.399430201115346,-0.443834713352805,-0.479747822660135,-0.113315362535617,-0.160893768558851,-0.600423780403241,-0.877891347870467,TRUE,TRUE,TRUE,TRUE,TRUE
12,68,0.164770353511529,0.125687767597089,0.534031413612565,0.295859823228407,0.0533728687916976,-0.14582482581798,-0.0491236542180321,-0.214825426797472,-0.776704209040821,-0.251447185098495,-1.14291143461072,-1,-0.942857142857143,-0.942857142857143,1,-0.369261060101036,-0.408343646015476,-0.480658544820867,-0.0967011715999483,-0.16570177257944,-0.525257023942326,-0.891464249512225,TRUE,TRUE,TRUE,TRUE,TRUE
12,69,0.15228090156488,0.109395717136673,0.533805727782699,0.310318393213063,0.0711864406779661,-0.152626317544336,-0.0493145370364364,-0.197371431729559,-0.792823428238809,-0.251609616616228,-1.02077173958773,-1,-0.942857142857143,-1,1,-0.381524826217819,-0.424410010646026,-0.462619287104733,-0.103311780507899,-0.148056894693123,-0.541213811622581,-0.769162122971502,TRUE,TRUE,TRUE,TRUE,TRUE
12,70,0.14103709367847,0.100385653448082,0.530426164519326,0.266218063295132,0.0558510638297872,-0.15864008047487,-0.0497415129085881,-0.215933994745935,-0.822020184026996,-0.254196919156435,-1.11336002335949,-1,-0.942857142857143,-0.942857142857143,1,-0.389389070840856,-0.430040511071244,-0.474575100689539,-0.108898567566281,-0.166192481837347,-0.567823264870561,-0.859163104203055,TRUE,TRUE,TRUE,TRUE,TRUE
12,71,0.161282962613236,0.121081271775569,0.541317837092485,0.268013327780092,0.0600858369098712,-0.144792216361846,-0.0478646183827591,-0.203305289631107,-0.767699146292437,-0.245409201729055,-1.0801808541937,-0.942857142857143,-0.942857142857143,-0.942857142857143,1,-0.380034874479249,-0.420236565316916,-0.481232000182614,-0.0969275979790871,-0.155440671248348,-0.522289944563382,-0.834771652464645,TRUE,TRUE,TRUE,TRUE,TRUE
12,72,0.145243307238204,0.100062848160354,0.533623202727407,0.266227907223608,0.0476568705321684,-0.156955971868565,-0.0490790036574684,-0.223869422598299,-0.8201250091526,-0.251416210792947,-1.16591658383213,-0.942857142857143,-0.942857142857143,-0.942857142857143,1,-0.388379895489203,-0.433560354567053,-0.485966332195239,-0.107876968211097,-0.174790418940831,-0.568708798359653,-0.914500373039183,TRUE,TRUE,TRUE,TRUE,TRUE
12,73,0.15459788058764,0.111842202826433,0.532650952216918,0.266227907223608,0.0477453580901857,-0.154117773764517,-0.0495084781411223,-0.236599899863582,-0.802803851936547,-0.252445381386313,-1.20821458520323,-0.942857142857143,-0.942857142857143,-0.942857142857143,1,-0.378053071629278,-0.420808749390485,-0.484905594126732,-0.104609295623395,-0.18709142172246,-0.550358470550234,-0.955769203816917,TRUE,TRUE,TRUE,TRUE,TRUE
12,74,0.151777551439991,0.11221484851436,0.537154150197628,0.262350756168745,0.0441826215022091,-0.154923334568383,-0.0483240373542519,-0.233352833332079,-0.815841877064035,-0.247912068561333,-1.23089333939132,-0.942857142857143,-0.942857142857143,-0.942857142857143,1,-0.385376598757637,-0.424939301683268,-0.492971528695419,-0.106599297214131,-0.185028795977827,-0.567929808502702,-0.982981270829987,TRUE,TRUE,TRUE,TRUE,TRUE
12,75,0.138133005623531,0.0934196389163044,0.538522167487685,0.266246056782334,0.0509193776520509,-0.160929345667915,-0.0483996702893068,-0.221891873820532,-0.83887423551607,-0.247940615860407,-1.15531205903598,-0.942857142857143,-0.942857142857143,-0.942857142857143,1,-0.400389161864154,-0.445102528571381,-0.487602789835634,-0.112529675378608,-0.173492203531225,-0.590933619655663,-0.907371443175573,TRUE,TRUE,TRUE,TRUE,TRUE
12,76,0.142130885775702,0.101346638632926,0.541348944753284,0.298507462686567,0.0469851213782302,-0.161652786263845,-0.0478254162499553,-0.228720051107487,-0.845234466804563,-0.245248125194588,-1.19167095790738,-1,-0.942857142857143,-1,1,-0.399218058977582,-0.440002306120358,-0.494363823375054,-0.113827370013889,-0.180894634857532,-0.599986341609976,-0.946422832712792,TRUE,TRUE,TRUE,TRUE,TRUE
12,77,0.162299898206499,0.121527490207114,0.532315622521808,0.262727176107982,0.0640732265446224,-0.143610734051067,-0.0493067535058812,-0.205252543069152,-0.756061782178118,-0.252538819533965,-1.07107931791577,-0.942857142857143,-0.942857142857143,-0.942857142857143,1,-0.370015724315309,-0.410788132314694,-0.468242395977186,-0.0943039805451857,-0.155945789563271,-0.503522962644153,-0.818540498381805,TRUE,TRUE,TRUE,TRUE,TRUE
12,78,0.148773414117218,0.111709439504645,0.530674695227284,0.266458170445661,0.0726172465960666,-0.1498318244237,-0.0494971740437049,-0.193835375828662,-0.788557410091409,-0.25302584158518,-1.0320867027952,-1,-0.942857142857143,-0.942857142857143,1,-0.381901281110066,-0.41896525572264,-0.458057448631217,-0.100334650379995,-0.144338201784957,-0.535531568506229,-0.77906086121002,TRUE,TRUE,TRUE,TRUE,TRUE
12,79,0.163654162173165,0.129413384167049,0.531592999110056,0.264776936704783,0.0812641083521445,-0.141294957042564,-0.0494827403414181,-0.181722099896345,-0.745841741282405,-0.253083094483653,-0.966928741917974,-0.942857142857143,-0.942857142857143,-0.942857142857143,1,-0.367938836936891,-0.402179614943007,-0.450328890757911,-0.0918122167011458,-0.132239359554927,-0.492758646798752,-0.713845647434321,TRUE,TRUE,TRUE,TRUE,TRUE
12,80,0.15043187421807,0.108992753354868,0.530426164519326,0.264166842216137,0.0731707317073171,-0.149751493059225,-0.0497415129085881,-0.188439182041529,-0.787403940724441,-0.254196919156435,-1.01766736699711,-0.942857142857143,-0.942857142857143,-0.942857142857143,1,-0.379994290301256,-0.421433411164458,-0.457255432812009,-0.100009980150637,-0.138697669132941,-0.533207021568006,-0.763470447840675,TRUE,TRUE,TRUE,TRUE,TRUE
12,81,0.149504593008623,0.109882588335246,0.541722049918771,0.295859823228407,0.0298260149130075,-0.162069325145776,-0.0478226309823377,-0.269153236154165,-0.845969742496436,-0.245183665340747,-1.38890575033218,-1,-0.942857142857143,-1,1,-0.392217456910148,-0.431839461583526,-0.511896035005764,-0.114246694163438,-0.221330605171827,-0.600786077155689,-1.14372208499143,TRUE,TRUE,TRUE,TRUE,TRUE
12,82,0.147811075780844,0.105808415959727,0.532516307570666,0.310318393213063,0.0344086021505376,-0.165335315550665,-0.0493472798830426,-0.270941581842821,-0.851997500452933,-0.252451815852238,-1.35826454857226,-1,-1,-1,1,-0.384705231789822,-0.426707891610939,-0.498107705420128,-0.115988035667623,-0.221594301959778,-0.599545684600695,-1.10581273272002,TRUE,TRUE,TRUE,TRUE,TRUE
12,83,0.150247949726521,0.113411127969404,0.535735380980508,0.26514477197759,0.0514579759862779,-0.156067595151092,-0.0489592386387425,-0.228159916252794,-0.816319645006002,-0.250591746227593,-1.18315326894966,-1,-0.942857142857143,-0.942857142857143,1,-0.385487431253987,-0.422324253011104,-0.48427740499423,-0.107108356512349,-0.179200677614052,-0.565727898778409,-0.932561522722067,TRUE,TRUE,TRUE,TRUE,TRUE
12,84,0.152737585391628,0.11653125884617,0.533846837505555,0.29877576321091,0.0640243902439024,-0.149839748608697,-0.0491326655419653,-0.204467794262133,-0.792202301163224,-0.251320251354243,-1.09315345900286,-1,-1,-1,1,-0.381109252113927,-0.417315578659385,-0.469822447261653,-0.100707083066732,-0.155335128720168,-0.540882049808981,-0.841833207648617,TRUE,TRUE,TRUE,TRUE,TRUE
12,85,0.148895506231301,0.111804236128623,0.537507383343178,0.263569165786695,0.0322364002686367,-0.161117487197651,-0.048868200362183,-0.260182236879104,-0.835960198753736,-0.249219999477676,-1.32349371398346,-1,-0.942857142857143,-0.942857142857143,1,-0.388611877111877,-0.425703147214555,-0.505270983074541,-0.112249286835468,-0.211314036516921,-0.58674019927606,-1.07427371450578,TRUE,TRUE,TRUE,TRUE,TRUE
12,86,0.134950687974467,0.0919761354493768,0.535300524804436,0.26639563496309,0.0358208955223881,-0.172672018481612,-0.0487269978970079,-0.2620456996743,-0.89552805340117,-0.249914090476188,-1.35186633398096,-1,-0.942857142857143,-0.942857142857143,1,-0.400349836829969,-0.443324389355059,-0.499479629282048,-0.123945020584604,-0.213318701777292,-0.645613962924982,-1.10195224350477,TRUE,TRUE,TRUE,TRUE,TRUE
12,87,0.147718878965724,0.105137689597862,0.536249814420745,0.264608599779493,0.0536912751677852,-0.156032842404055,-0.0486131389700124,-0.218087748881998,-0.812747789235057,-0.249246323158395,-1.1262523963436,-0.942857142857143,-0.942857142857143,-0.942857142857143,1,-0.388530935455021,-0.431112124822883,-0.48255853925296,-0.107419703434043,-0.169474609911986,-0.563501466076662,-0.877006073185205,TRUE,TRUE,TRUE,TRUE,TRUE
12,88,0.148108989224111,0.108744420023913,0.534861886643277,0.267046353425091,0.0735068912710567,-0.154897421796142,-0.0487691958623564,-0.19947959140263,-0.804040431083498,-0.250041408986795,-1.03021123759261,-1,-0.942857142857143,-0.942857142857143,1,-0.386752897419166,-0.426117466619364,-0.46135499537222,-0.106128225933786,-0.150710395540274,-0.553999022096703,-0.780169828605815,TRUE,TRUE,TRUE,TRUE,TRUE
12,89,0.142968293747842,0.10712625938517,0.535550853712543,0.265614166088858,0.0735194009530293,-0.153321888671808,-0.0490035493969358,-0.194080849530766,-0.800935390742169,-0.25069065130666,-1.00939393929855,-1,-0.942857142857143,-0.942857142857143,1,-0.392582559964701,-0.428424594327373,-0.462031452759514,-0.104318339274872,-0.14507730013383,-0.550244739435509,-0.75870328799189,TRUE,TRUE,TRUE,TRUE,TRUE
12,90,0.156620449485181,0.117553232597609,0.536389343652329,0.26639563496309,0.0422907488986784,-0.154700657100623,-0.0485263268598228,-0.244650392856405,-0.811063228549037,-0.24910619371357,-1.26829145093426,-0.942857142857143,-0.942857142857143,-0.942857142857143,1,-0.379768894167148,-0.41883611105472,-0.494098594753651,-0.1061743302408,-0.196124065996582,-0.561957034835467,-1.01918525722069,TRUE,TRUE,TRUE,TRUE,TRUE
12,91,0.155345175752053,0.116557727758034,0.537935138351681,0.262391590013141,0.0675784392598552,-0.147199305804313,-0.0482913096988743,-0.196549411579459,-0.772214080139351,-0.247969884522369,-1.03172289343036,-0.942857142857143,-0.942857142857143,-0.942857142857143,1,-0.382589962599628,-0.421377410593647,-0.470356699091826,-0.098907996105439,-0.148258101880585,-0.524244195616982,-0.783753008907991,TRUE,TRUE,TRUE,TRUE,TRUE
12,92,0.14932145827954,0.111315587516725,0.529977794226499,0.299722479185939,0.0642201834862385,-0.151479641940848,-0.0497200029491563,-0.203808066031396,-0.796125489669049,-0.253811213247921,-1.07671178606012,-1,-0.942857142857143,-1,1,-0.380656335946959,-0.418662206709774,-0.465757610740261,-0.101759638991692,-0.15408806308224,-0.542314276421128,-0.822900572812199,TRUE,TRUE,TRUE,TRUE,TRUE
12,93,0.140654426261026,0.0991127070563131,0.541901095647024,0.262600321027287,0.050251256281407,-0.160857611773819,-0.0474878125092366,-0.224968721476478,-0.837139303112401,-0.244316956383284,-1.16852645893825,-0.942857142857143,-0.942857142857143,-0.942857142857143,1,-0.401246669385999,-0.442788388590711,-0.491649839365617,-0.113369799264582,-0.177480908967241,-0.592822346729117,-0.924209502554966,TRUE,TRUE,TRUE,TRUE,TRUE
12,94,0.1524484664573,0.107022642108052,0.536349269063611,0.265934993668214,0.0709592641261498,-0.150090136395869,-0.0486538680784934,-0.193825053866952,-0.791146697071308,-0.249483694962701,-1.04225392560048,-0.942857142857143,-0.942857142857143,-0.942857142857143,1,-0.383900802606311,-0.429326626955559,-0.465390004937461,-0.101436268317376,-0.145171185788459,-0.541663002108608,-0.792770230637779,TRUE,TRUE,TRUE,TRUE,TRUE
12,95,0.154670846028187,0.116807697316024,0.53433381053463,0.303844182470528,0.0469851213782302,-0.152001384752347,-0.0488488887610265,-0.23002824832387,-0.802186864276037,-0.250341789939317,-1.21876185138786,-1,-1,-1,1,-0.379662964506443,-0.417526113218606,-0.4873486891564,-0.10315249599132,-0.181179359562844,-0.55184507433672,-0.968420061448543,TRUE,TRUE,TRUE,TRUE,TRUE
12,96,0.155815669328156,0.124530397474773,0.530674695227284,0.265263157894737,0.0570652173913043,-0.147709863628376,-0.0494971740437049,-0.214314029348179,-0.778798628556616,-0.25302584158518,-1.11191818426357,-1,-0.942857142857143,-0.942857142857143,1,-0.374859025899128,-0.406144297752511,-0.47360947783598,-0.0982126895846714,-0.164816855304474,-0.525772786971436,-0.85889234267839,TRUE,TRUE,TRUE,TRUE,TRUE
12,97,0.140864173869779,0.0999565796524585,0.538476677819327,0.264607900163926,0.0493150684931507,-0.157267128578319,-0.0483744560657038,-0.219079647150265,-0.823646161799726,-0.247859278230846,-1.14727787764992,-1,-0.942857142857143,-0.942857142857143,1,-0.397612503949548,-0.438520098166868,-0.489161609326176,-0.108892672512615,-0.170705191084561,-0.57578688356888,-0.899418599419074,TRUE,TRUE,TRUE,TRUE,TRUE
12,98,0.154789160246692,0.113086140719084,0.537935138351681,0.264148941812974,0.0614035087719298,-0.148001214896154,-0.0482913096988743,-0.203273472511772,-0.781578408297446,-0.247969884522369,-1.0781187166864,-0.942857142857143,-0.942857142857143,-0.942857142857143,1,-0.383145978104989,-0.424848997632597,-0.476531629579751,-0.0997099051972793,-0.154982162812898,-0.533608523775077,-0.830148832164031,TRUE,TRUE,TRUE,TRUE,TRUE
12,99,0.153629988338293,0.11385135802936,0.535223748338502,0.263708532674413,0.0571040108769545,-0.150921529200636,-0.0492447770534683,-0.213136706593933,-0.788396978725566,-0.250774191011826,-1.10503278550832,-0.942857142857143,-0.942857142857143,-0.942857142857143,1,-0.381593760000209,-0.421372390309142,-0.478119737461547,-0.101676752147168,-0.163891929540465,-0.53762278771374,-0.854258594496494,TRUE,TRUE,TRUE,TRUE,TRUE
12,100,0.157401460543257,0.12321052739959,0.533293786148599,0.263488080301129,0.11353711790393,-0.14030495618096,-0.0492065627761547,-0.153044787520488,-0.738338456901348,-0.251950710756549,-0.820456161221526,-0.942857142857143,-0.885714285714286,-0.885714285714286,1,-0.375892325605342,-0.410083258749009,-0.419756668244669,-0.0910983934048056,-0.103838224744333,-0.486387746144799,-0.568505450464977,TRUE,TRUE,TRUE,TRUE,TRUE
14,1,0.142346637842348,0.0978958190792811,0.517531616123165,0.254591399305086,0.0503959683225342,-0.129967961900766,-0.0423473013931004,-0.187450466321102,-0.768898703180511,-0.24706636260323,-1.07938281376635,-0.942857142857143,-0.942857142857143,-0.942857142857143,1,-0.375184978280817,-0.419635797043884,-0.467135647800631,-0.0876206605076654,-0.145103164928002,-0.521832340577281,-0.83231645116312,TRUE,TRUE,TRUE,TRUE,TRUE
14,2,0.141137415192883,0.0978878616073879,0.517531616123165,0.254591399305086,0.0532724505327245,-0.131032978699553,-0.0423613649112082,-0.181947394303665,-0.781138913123947,-0.247077165547399,-1.08182701100595,-0.942857142857143,-0.942857142857143,-0.942857142857143,1,-0.376394200930282,-0.419643754515777,-0.464259165590441,-0.0886716137883453,-0.139586029392457,-0.534061747576548,-0.834749845458551,TRUE,TRUE,TRUE,TRUE,TRUE
14,3,0.145000354706707,0.110121773281917,0.517531616123165,0.254591399305086,0.0383561643835616,-0.130120909713129,-0.0423170991162963,-0.204224940257626,-0.78122519010049,-0.246951423217795,-1.21038773319261,-1,-0.942857142857143,-0.942857142857143,1,-0.372531261416458,-0.407409842841248,-0.479175451739603,-0.0878038105968329,-0.16190784114133,-0.534273766882695,-0.963436309974815,TRUE,TRUE,TRUE,TRUE,TRUE
14,4,0.149139640707576,0.112399747368238,0.517531616123165,0.254591399305086,0.06703146374829,-0.12245703190739,-0.0422959828549692,-0.164090917392431,-0.735737866232358,-0.24688969385737,-0.978665273361463,-0.942857142857143,-0.942857142857143,-0.942857142857143,1,-0.368391975415589,-0.405131868754927,-0.450500152374875,-0.0801610490524205,-0.121794934537462,-0.488848172374988,-0.731775579504093,TRUE,TRUE,TRUE,TRUE,TRUE
14,5,0.133940134726329,0.0930272164781292,0.517531616123165,0.254591399305086,0.0625798212005109,-0.13341729702709,-0.0423112386994793,-0.162490503334628,-0.799929535272799,-0.246954052822358,-1.00565181868501,-0.942857142857143,-0.885714285714286,-0.885714285714286,1,-0.383591481396836,-0.424504399645036,-0.454951794922654,-0.0911060583276108,-0.120179264635149,-0.552975482450441,-0.758697765862652,TRUE,TRUE,TRUE,TRUE,TRUE
14,6,0.137193541675629,0.0941385676585437,0.517531616123165,0.254591399305086,0.0395759717314488,-0.135181454682571,-0.0423361910126694,-0.196969195876297,-0.80892158100586,-0.247019042988051,-1.18031018575555,-0.942857142857143,-0.942857142857143,-0.942857142857143,1,-0.380338074447536,-0.423393048464621,-0.477955644391716,-0.0928452636699017,-0.154633004863628,-0.561902538017809,-0.933291142767499,TRUE,TRUE,TRUE,TRUE,TRUE
14,7,0.145041833246542,0.109501520366831,0.517531616123165,0.254591399305086,0.0487804878048781,-0.126639337761155,-0.0423184896293066,-0.185475042760957,-0.765636066075042,-0.246935555344029,-1.1179683009146,-1,-0.942857142857143,-0.942857142857143,1,-0.372489782876623,-0.408030095756334,-0.468751128318287,-0.0843208481318482,-0.14315655313165,-0.518700510731013,-0.871032745570571,TRUE,TRUE,TRUE,TRUE,TRUE
14,8,0.134446358752922,0.0971478399474042,0.517531616123165,0.254591399305086,0.0422450211225106,-0.133877178533461,-0.0423479928823493,-0.197805758168461,-0.795408115479402,-0.247048343031359,-1.14939424847094,-1,-0.942857142857143,-0.942857142857143,1,-0.383085257370243,-0.420383776175761,-0.475286595000654,-0.0915291856511121,-0.155457765286112,-0.548359772448043,-0.902345905439581,TRUE,TRUE,TRUE,TRUE,TRUE
14,9,0.145518501018621,0.105990799266268,0.517531616123165,0.254591399305086,0.0620645978467384,-0.123721373010991,-0.042342165467683,-0.162815706516162,-0.752408098862072,-0.247039385252465,-1.00756918868816,-0.942857142857143,-0.942857142857143,-0.942857142857143,1,-0.372013115104544,-0.411540816856897,-0.455467018276427,-0.0813792075433081,-0.120473541048479,-0.505368713609607,-0.760529803435695,TRUE,TRUE,TRUE,TRUE,TRUE
14,10,0.134417687174162,0.0928364780002555,0.517531616123165,0.254591399305086,0.0383299110198494,-0.137216488415361,-0.0423077189584289,-0.20706434187834,-0.814825009621091,-0.246938002634838,-1.22049605894522,-0.942857142857143,-0.942857142857143,-0.942857142857143,1,-0.383113928949003,-0.42469513812291,-0.479201705103316,-0.094908769456932,-0.164756622919911,-0.567887006986253,-0.973558056310382,TRUE,TRUE,TRUE,TRUE,TRUE
14,11,0.128595630996112,0.0860220521178482,0.517531616123165,0.254591399305086,0.0353982300884956,-0.143147803306279,-0.0423427711324414,-0.207854623571851,-0.84782064007192,-0.247054049063006,-1.23141963927817,-0.942857142857143,-0.942857142857143,-0.942857142857143,1,-0.388935985127053,-0.431509564005317,-0.482133386034669,-0.100805032173838,-0.16551185243941,-0.600766591008914,-0.984365590215164,TRUE,TRUE,TRUE,TRUE,TRUE
14,12,0.131050964478736,0.0931222162042059,0.517531616123165,0.254591399305086,0.0373333333333333,-0.140934910254872,-0.042322634492953,-0.204136464775003,-0.838615101521479,-0.246961047232075,-1.22229186458413,-1,-0.942857142857143,-0.942857142857143,1,-0.386480651644429,-0.424409399918959,-0.480198282789832,-0.0986122757619194,-0.16181383028205,-0.591654054289404,-0.975330817352055,TRUE,TRUE,TRUE,TRUE,TRUE
14,13,0.141881306646453,0.1044523387125,0.517531616123165,0.254591399305086,0.0518518518518519,-0.128023309223232,-0.0423023100263818,-0.181695672938414,-0.768669994980387,-0.246955962350525,-1.07712864127972,-1,-0.942857142857143,-0.942857142857143,1,-0.375650309476712,-0.413079277410665,-0.465679764271313,-0.0857209991968501,-0.139393362912032,-0.521714032629862,-0.830172678929195,TRUE,TRUE,TRUE,TRUE,TRUE
14,14,0.137180133429056,0.0975197397674935,0.517531616123165,0.254591399305086,0.0389972144846797,-0.133847046665743,-0.0422733303000039,-0.197885555721885,-0.798089100274362,-0.24682119416779,-1.16459150086434,-0.942857142857143,-0.942857142857143,-0.942857142857143,1,-0.380351482694109,-0.420011876355672,-0.478534401638485,-0.0915737163657393,-0.155612225421881,-0.551267906106572,-0.91777030669655,TRUE,TRUE,TRUE,TRUE,TRUE
14,15,0.145864015756556,0.105717238400045,0.517531616123165,0.254591399305086,0.0458715596330275,-0.125278466928608,-0.0423675271771241,-0.181777379155473,-0.769982670293009,-0.247135056802993,-1.13920758672558,-0.942857142857143,-0.942857142857143,-0.942857142857143,1,-0.371667600366609,-0.41181437772312,-0.471660056490138,-0.0829109397514834,-0.139409851978349,-0.522847613490016,-0.892072529922587,TRUE,TRUE,TRUE,TRUE,TRUE
14,16,0.140113257205932,0.0977081351887132,0.517531616123165,0.254591399305086,0.0345040049291436,-0.136209648952075,-0.0423555770429885,-0.215929027380003,-0.800838113345844,-0.247064640115125,-1.22204009474041,-0.942857142857143,-0.942857142857143,-0.942857142857143,1,-0.377418358917233,-0.419823480934452,-0.483027611194021,-0.093854071909087,-0.173573450337014,-0.553773473230719,-0.974975454625285,TRUE,TRUE,TRUE,TRUE,TRUE
14,17,0.141339546632998,0.101217242385857,0.517531616123165,0.254591399305086,0.050071530758226,-0.131423396066928,-0.0423300171024389,-0.186428486603026,-0.788926752903594,-0.246962172839072,-1.12211208772428,-0.942857142857143,-0.942857142857143,-0.942857142857143,1,-0.376192069490167,-0.416314373737308,-0.467460085364939,-0.0890933789644892,-0.144098469500587,-0.541964580064522,-0.875149914885208,TRUE,TRUE,TRUE,TRUE,TRUE
14,18,0.137929215399169,0.0982548975066414,0.517531616123165,0.254591399305086,0.0484429065743945,-0.132026651224093,-0.0423402976887679,-0.187207265309669,-0.788521958232379,-0.247030728496829,-1.12230919318062,-0.942857142857143,-0.942857142857143,-0.942857142857143,1,-0.379602400723996,-0.419276718616524,-0.469088709548771,-0.0896863535353253,-0.144866967620901,-0.54149122973555,-0.875278464683791,TRUE,TRUE,TRUE,TRUE,TRUE
14,19,0.135287626647704,0.0900785764737168,0.517531616123165,0.254591399305086,0.045016077170418,-0.135557895590739,-0.0423045220143178,-0.183997699186703,-0.81283867371844,-0.246911146438685,-1.12194812855686,-0.942857142857143,-0.942857142857143,-0.942857142857143,1,-0.382243989475461,-0.427453039649448,-0.472515538952747,-0.0932533735764211,-0.141693177172385,-0.565927527279755,-0.875036982118175,TRUE,TRUE,TRUE,TRUE,TRUE
14,20,0.131537133225876,0.0907958102850966,0.517531616123165,0.254591399305086,0.0388080388080388,-0.141932580794828,-0.0423509515459651,-0.210257469851024,-0.838766142080421,-0.24705358924978,-1.23488599104985,-1,-0.942857142857143,-0.942857142857143,1,-0.385994482897289,-0.426735805838068,-0.478723577315126,-0.0995816292488627,-0.167906518305059,-0.591712552830641,-0.98783240180007,TRUE,TRUE,TRUE,TRUE,TRUE
14,21,0.135167233371267,0.0945731797765626,0.517531616123165,0.254591399305086,0.0467601870407482,-0.132229384406212,-0.042400464954663,-0.183795441748417,-0.788868329859722,-0.247204630846425,-1.09220874351341,-0.942857142857143,-0.942857142857143,-0.942857142857143,1,-0.382364382751898,-0.422958436346602,-0.470771429082417,-0.0898289194515492,-0.141394976793754,-0.541663699013297,-0.845004112666985,TRUE,TRUE,TRUE,TRUE,TRUE
14,22,0.134581078978123,0.0932563942775481,0.517531616123165,0.254591399305086,0.0267857142857143,-0.139041053994347,-0.0422840577114572,-0.22693634505468,-0.82570229394719,-0.246891333852246,-1.31724545590783,-0.942857142857143,-0.885714285714286,-0.942857142857143,1,-0.382950537145042,-0.424275221845617,-0.490745901837451,-0.0967569962828903,-0.184652287343223,-0.578810960094944,-1.07035412205558,TRUE,TRUE,TRUE,TRUE,TRUE
14,23,0.142745208177698,0.103074309952685,0.517531616123165,0.254591399305086,0.0457815565729235,-0.129840265196989,-0.0423751750112252,-0.191424342714574,-0.773386046538544,-0.247167956588931,-1.11270594679073,-0.942857142857143,-0.942857142857143,-0.942857142857143,1,-0.374786407945467,-0.41445730617048,-0.471750059550242,-0.0874650901857636,-0.149049167703349,-0.526218089949613,-0.865537990201799,TRUE,TRUE,TRUE,TRUE,TRUE
14,24,0.14185320944033,0.104441595815619,0.517531616123165,0.254591399305086,0.044529262086514,-0.130696982581021,-0.0423360763946485,-0.19296661246874,-0.779641297190444,-0.246995486135166,-1.14534288914122,-1,-0.942857142857143,-0.942857142857143,1,-0.375678406682835,-0.413090020307546,-0.473002354036651,-0.0883609061863726,-0.150630536074091,-0.532645811055278,-0.898347403006054,TRUE,TRUE,TRUE,TRUE,TRUE
14,25,0.14282885612082,0.102874089250129,0.517531616123165,0.254591399305086,0.0451030927835052,-0.12946078635431,-0.0423309599827114,-0.193359364591291,-0.764347510842901,-0.247009518004472,-1.10020222923394,-0.942857142857143,-0.942857142857143,-0.942857142857143,1,-0.374702760002345,-0.414657526873036,-0.47242852333966,-0.087129826371599,-0.15102840460858,-0.517337992838429,-0.853192711229468,TRUE,TRUE,TRUE,TRUE,TRUE
14,26,0.135897307763318,0.0903259220283731,0.517531616123165,0.254591399305086,0.0263157894736842,-0.141481740330618,-0.0423222597274856,-0.232712936314752,-0.838781766468779,-0.246968872820455,-1.35365659970234,-0.942857142857143,-0.942857142857143,-0.942857142857143,1,-0.381634308359847,-0.427205694094792,-0.491215826649481,-0.099159480603132,-0.190390676587266,-0.591812893648324,-1.10668772688188,TRUE,TRUE,TRUE,TRUE,TRUE
14,27,0.13757446529344,0.100736605966084,0.517531616123165,0.254591399305086,0.0317820658342792,-0.136838261959373,-0.0423393077568465,-0.217425118414421,-0.815353486292052,-0.247076837089628,-1.26985789741203,-1,-0.942857142857143,-0.942857142857143,1,-0.379957150829725,-0.416795010157081,-0.485749550288886,-0.0944989542025263,-0.175085810657575,-0.568276649202424,-1.0227810603224,TRUE,TRUE,TRUE,TRUE,TRUE
14,28,0.140447558234098,0.10317151674386,0.517531616123165,0.254591399305086,0.0482093663911846,-0.132557819743469,-0.0423387745815135,-0.183237517701873,-0.802793378875171,-0.247034119306753,-1.12656069748335,-1,-0.942857142857143,-0.942857142857143,1,-0.377084057889067,-0.414360099379305,-0.46932224973198,-0.0902190451619556,-0.140898743120359,-0.555759259568418,-0.879526578176597,TRUE,TRUE,TRUE,TRUE,TRUE
14,29,0.130607098283746,0.0936245751665593,0.517531616123165,0.254591399305086,0.036340038935756,-0.13847613009127,-0.0422948997352043,-0.205184119124424,-0.8291086362019,-0.246869261942391,-1.22653487904737,-1,-0.942857142857143,-0.942857142857143,1,-0.386924517839419,-0.423907040956606,-0.481191577187409,-0.0961812303560653,-0.16288921938922,-0.582239374259509,-0.979665617104979,TRUE,TRUE,TRUE,TRUE,TRUE
14,30,0.149062158322093,0.114233736612679,0.517531616123165,0.254591399305086,0.0655957161981258,-0.120136979401713,-0.0423049961739552,-0.160327703959074,-0.731686484201612,-0.246954363398478,-0.994939084765117,-1,-0.942857142857143,-0.942857142857143,1,-0.368469457801072,-0.403297879510486,-0.451935899925039,-0.0778319832277575,-0.118022707785119,-0.484732120803134,-0.747984721366639,TRUE,TRUE,TRUE,TRUE,TRUE
14,31,0.136419895424031,0.0968395704407696,0.517531616123165,0.254591399305086,0.0475220638153428,-0.130980113956119,-0.0423538668506947,-0.181804100367486,-0.78530467067545,-0.247036417049324,-1.09636654240574,-0.942857142857143,-0.942857142857143,-0.942857142857143,1,-0.381111720699134,-0.420692045682395,-0.470009552307822,-0.0886262471054245,-0.139450233516791,-0.538268253626126,-0.849330125356416,TRUE,TRUE,TRUE,TRUE,TRUE
14,32,0.130311457017456,0.0858674922671896,0.517531616123165,0.254591399305086,0.0459619172685489,-0.140763866008846,-0.0423165184179027,-0.193952368484504,-0.826350295287498,-0.246959079721658,-1.13694636532436,-0.942857142857143,-0.942857142857143,-0.942857142857143,1,-0.387220159105709,-0.431664123855975,-0.471569698854616,-0.0984473475909437,-0.151635850066601,-0.57939121556584,-0.889987285602702,TRUE,TRUE,TRUE,TRUE,TRUE
14,33,0.135191871541392,0.0969522466678282,0.517531616123165,0.254591399305086,0.0395201129146083,-0.134312391945337,-0.0423249971880115,-0.199610906910878,-0.807000614221845,-0.246982982169459,-1.20368362920964,-1,-0.942857142857143,-0.942857142857143,1,-0.382339744581773,-0.420579369455337,-0.478011503208557,-0.0919873947573253,-0.157285909722866,-0.560017632052386,-0.956700647040181,TRUE,TRUE,TRUE,TRUE,TRUE
14,34,0.138353586783393,0.0999916035219556,0.517531616123165,0.254591399305086,0.0481099656357388,-0.131174320357908,-0.0423193377335528,-0.189291808682694,-0.78361800650872,-0.246890245554357,-1.11905517559065,-1,-0.942857142857143,-0.942857142857143,1,-0.379178029339772,-0.417540012601209,-0.469421650487426,-0.0888549826243549,-0.146972470949141,-0.536727760954363,-0.872164930036293,TRUE,TRUE,TRUE,TRUE,TRUE
14,35,0.149442056914556,0.115349853428821,0.517531616123165,0.254591399305086,0.0606811145510836,-0.120415785207917,-0.0423134321001767,-0.166315308640188,-0.72473127537925,-0.246966083109362,-0.991735413971494,-1,-0.942857142857143,-0.942857142857143,1,-0.368089559208609,-0.402181762694344,-0.456850501572081,-0.07810235310774,-0.124001876540011,-0.477765192269888,-0.744769330862132,TRUE,TRUE,TRUE,TRUE,TRUE
14,36,0.137204154477322,0.0972086815063494,0.517531616123165,0.254591399305086,0.0487804878048781,-0.13203694813765,-0.0423117041601141,-0.18714326195852,-0.783563962129395,-0.246937211088733,-1.08925373231894,-0.942857142857143,-0.942857142857143,-0.942857142857143,1,-0.380327461645843,-0.420322934616816,-0.468751128318287,-0.0897252439775355,-0.144831557798406,-0.536626751040662,-0.842316521230207,TRUE,TRUE,TRUE,TRUE,TRUE
14,37,0.129639629867646,0.0865844348160689,0.517531616123165,0.254591399305086,0.0359897172236504,-0.141416306104761,-0.042347615356712,-0.204387238446264,-0.843310625146254,-0.247043747469934,-1.23197711731951,-0.942857142857143,-0.942857142857143,-0.942857142857143,1,-0.387891986255519,-0.430947181307096,-0.481541898899515,-0.0990686907480487,-0.162039623089552,-0.59626687767632,-0.984933369849576,TRUE,TRUE,TRUE,TRUE,TRUE
14,38,0.145886766804258,0.112945618541832,0.517531616123165,0.254591399305086,0.0534011443102352,-0.124619403734659,-0.0423643155464335,-0.179010765249004,-0.750892403972756,-0.247143161078026,-1.06834219346941,-1,-0.942857142857143,-0.942857142857143,1,-0.371644849318907,-0.404585997581333,-0.46413047181293,-0.0822550881882252,-0.136646449702571,-0.50374924289473,-0.821199032391384,TRUE,TRUE,TRUE,TRUE,TRUE
14,39,0.12351026337607,0.081166251385013,0.517531616123165,0.254591399305086,0.0482758620689655,-0.143836712830493,-0.0423437074453988,-0.192042863515014,-0.844687855422807,-0.247037465803085,-1.1358212666611,-1,-0.942857142857143,-0.942857142857143,1,-0.394021352747095,-0.436365364738152,-0.4692557540542,-0.101493005385094,-0.149699156069615,-0.597650389619722,-0.888783800858015,TRUE,TRUE,TRUE,TRUE,TRUE
14,40,0.140729931176802,0.107774418534181,0.517531616123165,0.254591399305086,0.0546163849154746,-0.126565028144223,-0.0423655955934022,-0.174152511912047,-0.762467901983918,-0.247156944488577,-1.05271985268991,-1,-0.942857142857143,-0.942857142857143,1,-0.376801684946363,-0.409757197588984,-0.46291523120769,-0.0841994325508206,-0.131786916318645,-0.515310957495341,-0.805562908201333,TRUE,TRUE,TRUE,TRUE,TRUE
14,41,0.137731789454289,0.102527987516961,0.517531616123165,0.254591399305086,0.0647719762062128,-0.12709796261016,-0.0423009146371569,-0.164272080744155,-0.765911670636796,-0.246888208233912,-1.01026492214525,-1,-0.942857142857143,-0.942857142857143,1,-0.379799826668876,-0.415003628606204,-0.452759639916952,-0.0847970479730031,-0.121971166106998,-0.519023462402884,-0.763376713911338,TRUE,TRUE,TRUE,TRUE,TRUE
14,42,0.146487936761449,0.105557676441802,0.517531616123165,0.254591399305086,0.0530638029058749,-0.125832448524269,-0.0423024100287026,-0.17724255010109,-0.764548396465537,-0.246919502232456,-1.09259941577832,-0.942857142857143,-0.942857142857143,-0.942857142857143,1,-0.371043679361716,-0.411973939681363,-0.46446781321729,-0.0835300384955662,-0.134940140072387,-0.517628894233081,-0.845679913545864,TRUE,TRUE,TRUE,TRUE,TRUE
14,43,0.146937969177684,0.1122638564708,0.517531616123165,0.254591399305086,0.033452807646356,-0.131635860357068,-0.0422771819756625,-0.21680402049339,-0.780470277620044,-0.2467985039909,-1.2355667462067,-1,-0.942857142857143,-0.942857142857143,1,-0.370593646945481,-0.405267759652365,-0.484078808476809,-0.0893586783814052,-0.174526838517728,-0.533671773629144,-0.9887682422158,TRUE,TRUE,TRUE,TRUE,TRUE
14,44,0.144639761930439,0.108198951875681,0.517531616123165,0.254591399305086,0.0668029993183367,-0.125608274470188,-0.0423482398244047,-0.165718611616267,-0.750136700141984,-0.247103865863955,-0.978571343486369,-1,-0.942857142857143,-0.942857142857143,1,-0.372891854192726,-0.409332664247484,-0.450728616804828,-0.0832600346457834,-0.123370371791862,-0.503032834278029,-0.731467477622414,TRUE,TRUE,TRUE,TRUE,TRUE
14,45,0.145283440093484,0.107479369400007,0.517531616123165,0.254591399305086,0.0717488789237668,-0.123283135475564,-0.0423388803607051,-0.153069970877614,-0.74479113453321,-0.247062623041944,-0.946197066609076,-0.942857142857143,-0.942857142857143,-0.942857142857143,1,-0.372248176029681,-0.410052246723158,-0.445782737199398,-0.0809442551148585,-0.110731090516909,-0.497728511491266,-0.699134443567132,TRUE,TRUE,TRUE,TRUE,TRUE
14,46,0.141177521382813,0.100530455256478,0.517531616123165,0.254591399305086,0.045016077170418,-0.12985458176848,-0.0423462081102224,-0.189939505964575,-0.778627903783392,-0.247031012521194,-1.12773069817082,-0.942857142857143,-0.942857142857143,-0.942857142857143,1,-0.376354094740353,-0.417001160866687,-0.472515538952747,-0.0875083736582571,-0.147593297854353,-0.531596891262198,-0.880699685649626,TRUE,TRUE,TRUE,TRUE,TRUE
14,47,0.128531740897187,0.0838259103567579,0.517531616123165,0.254591399305086,0.024633431085044,-0.148764045062793,-0.0423447914383688,-0.240985570924648,-0.871873485882329,-0.247081640592674,-1.38864750205302,-0.942857142857143,-0.942857142857143,-0.942857142857143,1,-0.388999875225978,-0.433705705766407,-0.492898185038121,-0.106419253624425,-0.198640779486279,-0.624791845289655,-1.14156586146035,TRUE,TRUE,TRUE,TRUE,TRUE
14,48,0.132805316378621,0.091551996874372,0.517531616123165,0.254591399305086,0.0398860398860399,-0.138506072938531,-0.0422866473607834,-0.199089658446329,-0.82664979724164,-0.246784274729178,-1.20344113574013,-0.942857142857143,-0.942857142857143,-0.942857142857143,1,-0.384726299744545,-0.425979619248793,-0.477645576237125,-0.0962194255777475,-0.156803011085546,-0.579865522512462,-0.956656861010952,TRUE,TRUE,TRUE,TRUE,TRUE
14,49,0.144789757014776,0.110700068176564,0.517531616123165,0.254591399305086,0.0811594202898551,-0.123175181655174,-0.042349462651498,-0.152123100680473,-0.737346421107746,-0.247097280699711,-0.904440622425,-1,-0.942857142857143,-0.942857142857143,1,-0.372741859108389,-0.406831547946601,-0.43637219583331,-0.0808257190036756,-0.109773638028975,-0.490249140408035,-0.657343341725289,TRUE,TRUE,TRUE,TRUE,TRUE
14,50,0.141257244909993,0.101188160866184,0.517531616123165,0.254591399305086,0.0473933649289099,-0.129373103567557,-0.042376267699561,-0.186045674156663,-0.782632478641217,-0.247123035974277,-1.13267256121709,-0.942857142857143,-0.942857142857143,-0.942857142857143,1,-0.376274371213172,-0.416343455256981,-0.470138251194255,-0.0869968358679964,-0.143669406457102,-0.53550944266694,-0.885549525242813,TRUE,TRUE,TRUE,TRUE,TRUE
14,51,0.144120010690628,0.108464362080257,0.517531616123165,0.254591399305086,0.0644048303622772,-0.123708490902704,-0.0423632517593149,-0.165622999970242,-0.748109443460132,-0.247034990017069,-1.00045312109011,-1,-0.942857142857143,-0.942857142857143,1,-0.373411605432537,-0.409067254042908,-0.453126785760888,-0.0813452391433888,-0.123259748210927,-0.501074453443063,-0.753418131073041,TRUE,TRUE,TRUE,TRUE,TRUE
14,52,0.135752645937935,0.0938361403172993,0.517531616123165,0.254591399305086,0.045632333767927,-0.134533923894277,-0.0423110425524298,-0.187087339905605,-0.805619276606831,-0.246959521757135,-1.13308221034856,-0.942857142857143,-0.942857142857143,-0.942857142857143,1,-0.38177897018523,-0.423695475805866,-0.471899282355238,-0.0922228813418474,-0.144776297353175,-0.558659754849696,-0.886122688591425,TRUE,TRUE,TRUE,TRUE,TRUE
14,53,0.126403205459444,0.0803528391937463,0.517531616123165,0.254591399305086,0.0282828282828283,-0.146635348421713,-0.0423278567651591,-0.219851231778959,-0.858869440423643,-0.247009133463113,-1.26302518498478,-0.942857142857143,-0.942857142857143,-0.942857142857143,1,-0.391128410663721,-0.437178776929419,-0.489248787840337,-0.104307491656554,-0.1775233750138,-0.61186030696053,-1.01601605152167,TRUE,TRUE,TRUE,TRUE,TRUE
14,54,0.135805126034528,0.0905964057701704,0.517531616123165,0.254591399305086,0.0361757105943152,-0.137622475204431,-0.0423429195833157,-0.207680307224796,-0.817844576887423,-0.247047576758528,-1.22760400059519,-0.942857142857143,-0.942857142857143,-0.942857142857143,1,-0.381726490088637,-0.426935210352995,-0.48135590552885,-0.0952795556211155,-0.16533738764148,-0.570797000128894,-0.980556423836662,TRUE,TRUE,TRUE,TRUE,TRUE
14,55,0.134366777876083,0.095700716000227,0.517531616123165,0.254591399305086,0.0448143405889885,-0.13567051460573,-0.0423626667592312,-0.193288157679328,-0.805343977088976,-0.247160213681603,-1.14307901339234,-1,-0.942857142857143,-0.942857142857143,1,-0.383164838247082,-0.421830900122938,-0.472717275534177,-0.0933078478464984,-0.150925490920097,-0.558183763407373,-0.895918799710737,TRUE,TRUE,TRUE,TRUE,TRUE
14,56,0.133593726067695,0.0937977785950188,0.517531616123165,0.254591399305086,0.0647149460708783,-0.134609125042425,-0.0423168457317753,-0.162678096987784,-0.806469818597674,-0.246971784046598,-1.00282097635791,-0.942857142857143,-0.885714285714286,-0.885714285714286,1,-0.38393789005547,-0.423733837528146,-0.452816670052287,-0.0922922793106496,-0.120361251256009,-0.559498034551075,-0.755849192311312,TRUE,TRUE,TRUE,TRUE,TRUE
14,57,0.131391902240308,0.0913166892080213,0.517531616123165,0.254591399305086,0.045016077170418,-0.135857804314732,-0.0423408102004089,-0.191437024786408,-0.806348602733598,-0.247022713471001,-1.12181240926609,-1,-0.942857142857143,-0.942857142857143,1,-0.386139713882857,-0.426214926915144,-0.472515538952747,-0.0935169941143229,-0.149096214585999,-0.559325889262597,-0.874789695795089,TRUE,TRUE,TRUE,TRUE,TRUE
14,58,0.131083403474424,0.0881928164662819,0.517531616123165,0.254591399305086,0.0373084610259827,-0.142840340157748,-0.0423291716883153,-0.201046972570363,-0.852138288318849,-0.247007637325439,-1.22397478310307,-0.942857142857143,-0.942857142857143,-0.942857142857143,1,-0.386448212648741,-0.429338799656883,-0.480223155097182,-0.100511168469433,-0.158717800882048,-0.60513065099341,-0.976967145777631,TRUE,TRUE,TRUE,TRUE,TRUE
14,59,0.123762271698307,0.0793970771438771,0.517531616123165,0.254591399305086,0.0269749518304432,-0.148646666437155,-0.0422888540764192,-0.23065129395604,-0.878089298291988,-0.246785776034973,-1.35772765825245,-0.942857142857143,-0.942857142857143,-0.942857142857143,1,-0.393769344424858,-0.438134538979288,-0.490556664292722,-0.106357812360736,-0.188362439879621,-0.631303522257015,-1.11094188221748,TRUE,TRUE,TRUE,TRUE,TRUE
14,60,0.13794792725277,0.101529637269427,0.517531616123165,0.254591399305086,0.0389429763560501,-0.133518517677248,-0.0423259623112739,-0.202338797112573,-0.796422663490153,-0.247022927980577,-1.19486897578192,-1,-0.942857142857143,-0.942857142857143,1,-0.379583688870395,-0.416001978853738,-0.478588639767115,-0.0911925553659744,-0.160012834801299,-0.549399735509576,-0.947846047801343,TRUE,TRUE,TRUE,TRUE,TRUE
14,61,0.139429759835071,0.0952562557966701,0.517531616123165,0.254591399305086,0.0465425531914894,-0.13120863604533,-0.0423273437017233,-0.185949614098488,-0.792516826084266,-0.246956913035091,-1.13940251370517,-0.942857142857143,-0.942857142857143,-0.942857142857143,1,-0.378101856288094,-0.422275360326495,-0.470989062931676,-0.0888812923436069,-0.143622270396765,-0.545559913049175,-0.892445600670079,TRUE,TRUE,TRUE,TRUE,TRUE
14,62,0.150242767012655,0.115970941495542,0.517531616123165,0.254591399305086,0.0848484848484849,-0.118900969288031,-0.0423715642248205,-0.144456284547698,-0.717359940111196,-0.247138907258426,-0.878552579312226,-1,-0.942857142857143,-0.942857142857143,1,-0.36728884911051,-0.401560674627623,-0.43268313127468,-0.0765294050632102,-0.102084720322877,-0.47022103285277,-0.6314136720538,TRUE,TRUE,TRUE,TRUE,TRUE
14,63,0.142213230486124,0.108882373032378,0.517531616123165,0.254591399305086,0.0473933649289099,-0.129463399768403,-0.0423555558750795,-0.191635349223052,-0.778942699796159,-0.247091091804123,-1.13926092908866,-1,-0.942857142857143,-0.942857142857143,1,-0.375318385637041,-0.408649243090787,-0.470138251194255,-0.0871078438933232,-0.149279793347973,-0.531851607992036,-0.892169837284537,TRUE,TRUE,TRUE,TRUE,TRUE
14,64,0.136489738442309,0.0955510245106235,0.517531616123165,0.254591399305086,0.0480109739368999,-0.133616806931306,-0.042260875735569,-0.189817078559018,-0.7914615891255,-0.246746687924017,-1.11239058293401,-0.942857142857143,-0.942857142857143,-0.942857142857143,1,-0.381041877680856,-0.421980591612541,-0.469520642186265,-0.0913559311957368,-0.147556202823449,-0.544714901201483,-0.865643895009993,TRUE,TRUE,TRUE,TRUE,TRUE
14,65,0.136750348741616,0.0896727120850512,0.517531616123165,0.254591399305086,0.0399429386590585,-0.135801590218983,-0.042376332510726,-0.200455460565624,-0.812907408682629,-0.247149242911606,-1.19989022467288,-0.942857142857143,-0.942857142857143,-0.942857142857143,1,-0.380781267381549,-0.427858904038114,-0.477588677464106,-0.0934252577082575,-0.158079128054898,-0.565758165771023,-0.952740981761274,TRUE,TRUE,TRUE,TRUE,TRUE
14,66,0.145772720414622,0.108622000425238,0.517531616123165,0.254591399305086,0.0881057268722467,-0.121670150090022,-0.0423696559253363,-0.142263825032974,-0.732848258009787,-0.24711678143124,-0.876987866514729,-0.942857142857143,-0.885714285714286,-0.942857142857143,1,-0.371758895708543,-0.408909615697927,-0.429425889250918,-0.0793004941646862,-0.0998941691076377,-0.485731476578547,-0.629871085083489,TRUE,TRUE,TRUE,TRUE,TRUE
14,67,0.143733331002746,0.103876000627378,0.517531616123165,0.254591399305086,0.0472653612424038,-0.12748020223212,-0.0422908433199815,-0.184136921314247,-0.761989710130087,-0.24688537490963,-1.08795493745567,-0.942857142857143,-0.942857142857143,-0.942857142857143,1,-0.373798285120419,-0.413655615495787,-0.470266254880761,-0.0851893589121383,-0.141846077994265,-0.515104335220457,-0.84106956254604,TRUE,TRUE,TRUE,TRUE,TRUE
14,68,0.142203902729233,0.107365483603982,0.517531616123165,0.254591399305086,0.05,-0.128669078676765,-0.0423522211656557,-0.187790724167766,-0.771739250528008,-0.247119884479689,-1.11572712770773,-1,-0.942857142857143,-0.942857142857143,1,-0.375327713393932,-0.410166132519183,-0.467531616123165,-0.0863168575111097,-0.14543850300211,-0.524619366048319,-0.868607243228041,TRUE,TRUE,TRUE,TRUE,TRUE
14,69,0.140494487841689,0.0986566570424492,0.517531616123165,0.254591399305086,0.0615577889447236,-0.131565635714264,-0.0423334003605999,-0.16950547672793,-0.786597128001938,-0.24702798875422,-1.02278950053817,-0.942857142857143,-0.885714285714286,-0.942857142857143,1,-0.377037128281476,-0.418874959080716,-0.455973827178441,-0.0892322353536642,-0.12717207636733,-0.539569139247718,-0.77576151178395,TRUE,TRUE,TRUE,TRUE,TRUE
14,70,0.132296214869598,0.0886591632240123,0.517531616123165,0.254591399305086,0.0300214438884918,-0.143025879486015,-0.0423520490632644,-0.225854485889766,-0.844068897147851,-0.247032197838419,-1.30655315907389,-0.942857142857143,-0.942857142857143,-0.942857142857143,1,-0.385235401253567,-0.428872452899153,-0.487510172234673,-0.10067383042275,-0.183502436826502,-0.597036699309432,-1.05952096123547,TRUE,TRUE,TRUE,TRUE,TRUE
14,71,0.135067730840657,0.0922789574467909,0.517531616123165,0.254591399305086,0.042092603728202,-0.135363588588658,-0.0423318459327823,-0.196986575500035,-0.797512298483286,-0.247064040771443,-1.13109589234428,-0.942857142857143,-0.942857142857143,-0.942857142857143,1,-0.382463885282508,-0.425252658676374,-0.475439012394963,-0.0930317426558757,-0.154654729567253,-0.550448257711843,-0.884031851572837,TRUE,TRUE,TRUE,TRUE,TRUE
14,72,0.134612708231484,0.0926701460297289,0.517531616123165,0.254591399305086,0.0514390691977955,-0.13089684600206,-0.0423347169810725,-0.174156073157464,-0.790926093644212,-0.246986448611321,-1.07690804156703,-0.942857142857143,-0.942857142857143,-0.942857142857143,1,-0.382918907891681,-0.424861470093436,-0.466092546925369,-0.0885621290209876,-0.131821356176392,-0.543939645032891,-0.829921592955709,TRUE,TRUE,TRUE,TRUE,TRUE
14,73,0.137989322916073,0.0955700294961813,0.517531616123165,0.254591399305086,0.0767356881851401,-0.128552139663456,-0.0423441572398953,-0.14687305819292,-0.765846913628677,-0.247040082420181,-0.903076857318883,-0.885714285714286,-0.885714285714286,-0.885714285714286,1,-0.379542293207092,-0.421961586626984,-0.440795927938025,-0.0862079824235605,-0.104528900953025,-0.518806831208496,-0.656036774898702,TRUE,TRUE,TRUE,TRUE,TRUE
14,74,0.134520579396686,0.0930056323419989,0.517531616123165,0.254591399305086,0.0547231270358306,-0.132969884429688,-0.0423348993650538,-0.177388384949566,-0.796002656233275,-0.247025622890512,-1.07208784551035,-0.942857142857143,-0.942857142857143,-0.942857142857143,1,-0.383011036726479,-0.424525983781166,-0.462808489087334,-0.0906349850646339,-0.135053485584512,-0.548977033342763,-0.825062222619838,TRUE,TRUE,TRUE,TRUE,TRUE
14,75,0.140918437037374,0.0998409349177573,0.517531616123165,0.254591399305086,0.0612244897959184,-0.12700775167554,-0.0423599960130679,-0.164476774527072,-0.763497284081371,-0.24707009380574,-1.00760488602588,-0.942857142857143,-0.942857142857143,-0.942857142857143,1,-0.376613179085791,-0.417690681205408,-0.456307126327247,-0.0846477556624723,-0.122116778514004,-0.516427190275631,-0.76053479222014,TRUE,TRUE,TRUE,TRUE,TRUE
14,76,0.141889007513548,0.105404727644074,0.517531616123165,0.254591399305086,0.053394355453852,-0.125781034966976,-0.0422849998808333,-0.175182940220611,-0.761878653917779,-0.246877949939856,-1.07153563918536,-1,-0.942857142857143,-0.942857142857143,1,-0.375642608609617,-0.412126888479091,-0.464137260669313,-0.0834960350861423,-0.132897940339778,-0.515000703977923,-0.824657689245504,TRUE,TRUE,TRUE,TRUE,TRUE
14,77,0.133949505774322,0.0941386463340752,0.517531616123165,0.254591399305086,0.0527969830295412,-0.131656109836584,-0.0423067137819773,-0.169927238809753,-0.793961978070421,-0.246907667754002,-1.05799336689967,-1,-0.942857142857143,-0.942857142857143,1,-0.383582110348843,-0.42339296978909,-0.464734633093624,-0.0893493960546065,-0.127620525027776,-0.547054310316419,-0.811085699145668,TRUE,TRUE,TRUE,TRUE,TRUE
14,78,0.136328032770351,0.0975126701122078,0.517531616123165,0.254591399305086,0.0525,-0.134908656966685,-0.0423190251431682,-0.185464615111608,-0.800369972260658,-0.246935704607555,-1.09648355483539,-1,-0.942857142857143,-0.942857142857143,1,-0.381203583352814,-0.420018946010957,-0.465031616123165,-0.0925896318235168,-0.14314558996844,-0.553434267653103,-0.849547850227835,TRUE,TRUE,TRUE,TRUE,TRUE
14,79,0.150821457236375,0.112899557660732,0.517531616123165,0.254591399305086,0.0739273927392739,-0.120536242611634,-0.0423550307046168,-0.156642878609046,-0.723563259270327,-0.24702170279815,-0.944065949804246,-0.942857142857143,-0.942857142857143,-0.942857142857143,1,-0.36671015888679,-0.404632058462433,-0.443604223383891,-0.0781812119070174,-0.114287847904429,-0.476541556472177,-0.697044247006096,TRUE,TRUE,TRUE,TRUE,TRUE
14,80,0.134551949889347,0.0955288428269547,0.517531616123165,0.254591399305086,0.0391061452513966,-0.137696981024085,-0.0422931920954001,-0.199922442311786,-0.819283530896725,-0.246819853981565,-1.17965640231607,-1,-0.942857142857143,-0.942857142857143,1,-0.382979666233818,-0.42200277329621,-0.478425470871768,-0.0954037889286851,-0.157629250216386,-0.57246367691516,-0.932836548334505,TRUE,TRUE,TRUE,TRUE,TRUE
14,81,0.142786083182475,0.102601857820197,0.517531616123165,0.254591399305086,0.0320549513451631,-0.135882939023757,-0.0423521265952571,-0.220130123509572,-0.806337449552614,-0.247084558771662,-1.27395462647719,-0.942857142857143,-0.942857142857143,-0.942857142857143,1,-0.37474553294069,-0.414929758302968,-0.485476664778002,-0.0935308124284999,-0.177777996914315,-0.559252890780952,-1.02687006770553,TRUE,TRUE,TRUE,TRUE,TRUE
14,82,0.125703535197116,0.0819173312986033,0.517531616123165,0.254591399305086,0.0301507537688442,-0.145406786382321,-0.0423660114572591,-0.220712923331855,-0.859513966806531,-0.247126111661487,-1.29958444969077,-0.942857142857143,-0.942857142857143,-0.942857142857143,1,-0.391828080926049,-0.435614284824562,-0.487380862354321,-0.103040774925062,-0.178346911874596,-0.612387855145044,-1.05245833802928,TRUE,TRUE,TRUE,TRUE,TRUE
14,83,0.138125342302695,0.0953120837201714,0.517531616123165,0.254591399305086,0.0523038605230386,-0.135385366578417,-0.0423123371076838,-0.185146596704873,-0.804810902242783,-0.246910947007903,-1.10093426311407,-0.942857142857143,-0.942857142857143,-0.942857142857143,1,-0.37940627382047,-0.422219532402994,-0.465227755600126,-0.0930730294707327,-0.142834259597189,-0.55789995523488,-0.854023316106167,TRUE,TRUE,TRUE,TRUE,TRUE
14,84,0.136833767274979,0.0947189248420909,0.517531616123165,0.254591399305086,0.0516605166051661,-0.132531930469372,-0.0423023464362605,-0.180607395645035,-0.789209020375591,-0.246873891383994,-1.08041302001217,-0.942857142857143,-0.942857142857143,-0.942857142857143,1,-0.380697848848186,-0.422812691281074,-0.465871099517999,-0.0902295840331118,-0.138305049208775,-0.542335128991598,-0.833539128628176,TRUE,TRUE,TRUE,TRUE,TRUE
14,85,0.135352242848655,0.0946397999706249,0.517531616123165,0.254591399305086,0.0449005772931366,-0.134435712541184,-0.0423415173105135,-0.194884131322935,-0.800974111681057,-0.246932534653698,-1.15097750624898,-0.942857142857143,-0.942857142857143,-0.942857142857143,1,-0.38217937327451,-0.42289181615254,-0.472631038830028,-0.0920941952306706,-0.152542614012422,-0.554041577027359,-0.904044971595282,TRUE,TRUE,TRUE,TRUE,TRUE
14,86,0.136279600993065,0.094912972906528,0.517531616123165,0.254591399305086,0.035828534868842,-0.13395033540998,-0.0422812312909165,-0.202415578496665,-0.806062050997621,-0.246836351231143,-1.21875008972382,-0.942857142857143,-0.942857142857143,-0.942857142857143,1,-0.3812520151301,-0.422618643216637,-0.481703081254323,-0.0916691041190634,-0.160134347205748,-0.559225699766478,-0.971913738492677,TRUE,TRUE,TRUE,TRUE,TRUE
14,87,0.138746909938501,0.0977684655877833,0.517531616123165,0.254591399305086,0.0378378378378378,-0.134707241517039,-0.0423544789349534,-0.206804791436646,-0.805975684813733,-0.247031166473896,-1.23533732048508,-0.942857142857143,-0.942857142857143,-0.942857142857143,1,-0.378784706184664,-0.419763150535382,-0.479693778285327,-0.0923527625820855,-0.164450312501693,-0.558944518339837,-0.988306154011184,TRUE,TRUE,TRUE,TRUE,TRUE
14,88,0.141990327770588,0.10597126988577,0.517531616123165,0.254591399305086,0.046916890080429,-0.127841922048855,-0.0423441639605476,-0.186950760957031,-0.77326124020159,-0.247121492653343,-1.13368088089272,-1,-0.942857142857143,-0.942857142857143,1,-0.375541288352577,-0.411560346237395,-0.470614726042736,-0.0854977580883072,-0.144606596996483,-0.526139747548247,-0.886559388239377,TRUE,TRUE,TRUE,TRUE,TRUE
14,89,0.136550056003787,0.100545648052583,0.517531616123165,0.254591399305086,0.0464190981432361,-0.13118641719451,-0.0422917232570281,-0.187751286446445,-0.78187387889385,-0.246809665017018,-1.10446303219595,-1,-0.942857142857143,-0.942857142857143,1,-0.380981560119378,-0.416985968070582,-0.471112517979929,-0.0888946939374819,-0.145459563189417,-0.535064213876832,-0.857653367178932,TRUE,TRUE,TRUE,TRUE,TRUE
14,90,0.128324473863468,0.0870908976445404,0.517531616123165,0.254591399305086,0.0309506263817244,-0.145248649872527,-0.0423425659746913,-0.21979017208304,-0.860896094287312,-0.247060967722164,-1.29755057606946,-1,-0.942857142857143,-0.942857142857143,1,-0.389207142259697,-0.430440718478625,-0.486580989741441,-0.102906083897836,-0.177447606108349,-0.613835126565148,-1.0504896083473,TRUE,TRUE,TRUE,TRUE,TRUE
14,91,0.146927420121214,0.113925909274044,0.517531616123165,0.254591399305086,0.0608254887762491,-0.123680697782578,-0.0423556188591723,-0.169342788378627,-0.748247448544172,-0.247067290725935,-1.02216009409478,-1,-0.942857142857143,-0.942857142857143,1,-0.370604196001951,-0.403605706849121,-0.456706127346916,-0.0813250789234054,-0.126987169519455,-0.501180157818237,-0.775092803368845,TRUE,TRUE,TRUE,TRUE,TRUE
14,92,0.142683287615575,0.10770233669292,0.517531616123165,0.254591399305086,0.0595322466335932,-0.125099782517296,-0.0423006326221044,-0.170503898085098,-0.757817161124395,-0.246985122846181,-1.04090686886265,-1,-0.942857142857143,-0.942857142857143,1,-0.37484832850759,-0.409829279430245,-0.457999369489572,-0.0827991498951912,-0.128203265462994,-0.510832038278214,-0.793921746016469,TRUE,TRUE,TRUE,TRUE,TRUE
14,93,0.142942716298134,0.101463728682718,0.517531616123165,0.254591399305086,0.0290657439446367,-0.135607664869429,-0.0423112911555957,-0.225353052889881,-0.807239988890739,-0.247002605217776,-1.30467600081549,-0.942857142857143,-0.942857142857143,-0.942857142857143,1,-0.374588899825031,-0.416067887440447,-0.488465872178528,-0.0932963737138331,-0.183041761734285,-0.560237383672963,-1.05767339559771,TRUE,TRUE,TRUE,TRUE,TRUE
14,94,0.133959912340584,0.089240328733496,0.517531616123165,0.254591399305086,0.0533672172808132,-0.135025275230756,-0.0423111712404633,-0.17613937874889,-0.80562096289495,-0.246938554502019,-1.0759901600924,-0.942857142857143,-0.942857142857143,-0.942857142857143,1,-0.383571703782581,-0.428291287389669,-0.464164398842352,-0.0927141039902928,-0.133828207508427,-0.558682408392931,-0.829051605590381,TRUE,TRUE,TRUE,TRUE,TRUE
14,95,0.152624094879819,0.114568790089527,0.517531616123165,0.254591399305086,0.0612691466083151,-0.120963628733588,-0.0423419959109008,-0.168626338083984,-0.738414201993845,-0.247042665257917,-1.04515884216875,-0.942857142857143,-0.942857142857143,-0.942857142857143,1,-0.364907521243346,-0.402962826033638,-0.45626246951485,-0.0786216328226872,-0.126284342173083,-0.491371536735928,-0.798116176910833,TRUE,TRUE,TRUE,TRUE,TRUE
14,96,0.144715127417761,0.104593818143325,0.517531616123165,0.254591399305086,0.043997485857951,-0.129595510347318,-0.0423482209135516,-0.191417369882644,-0.777770161302794,-0.247056817380743,-1.14785182162054,-0.942857142857143,-0.942857142857143,-0.942857142857143,1,-0.372816488705404,-0.41293779797984,-0.473534130265214,-0.0872472894337668,-0.149069148969092,-0.530713343922051,-0.900795004239797,TRUE,TRUE,TRUE,TRUE,TRUE
14,97,0.126998566279009,0.0806283867943644,0.517531616123165,0.254591399305086,0.0388080388080388,-0.146862997276941,-0.0423706409361636,-0.210255907625845,-0.866009471118661,-0.24717970517039,-1.2440549141081,-0.942857142857143,-0.942857142857143,-0.942857142857143,1,-0.390533049844156,-0.436903229328801,-0.478723577315126,-0.104492356340777,-0.167885266689681,-0.618829765948271,-0.99687520893771,TRUE,TRUE,TRUE,TRUE,TRUE
14,98,0.127873191593895,0.0880629786517835,0.517531616123165,0.254591399305086,0.0373582388258839,-0.139249275991554,-0.0423641805703451,-0.203283683360899,-0.832008684102053,-0.247100296496281,-1.22372365080211,-1,-0.942857142857143,-0.942857142857143,1,-0.38965842452927,-0.429468637471382,-0.480173377297281,-0.0968850954212093,-0.160919502790554,-0.584908387605772,-0.976623354305829,TRUE,TRUE,TRUE,TRUE,TRUE
14,99,0.133805041418046,0.0955174382909648,0.517531616123165,0.254591399305086,0.0459619172685489,-0.133244497771707,-0.0422831467941032,-0.186183271158459,-0.799970848900203,-0.246867092620707,-1.12821522235562,-1,-0.942857142857143,-0.942857142857143,1,-0.383726574705119,-0.4220141778322,-0.471569698854616,-0.0909613509776043,-0.143900124364356,-0.553103756279496,-0.881348129734913,TRUE,TRUE,TRUE,TRUE,TRUE
14,100,0.140957445876225,0.102080029030919,0.517531616123165,0.254591399305086,0.0592503022974607,-0.13011684127634,-0.0423245564920762,-0.168310426484424,-0.773775078765155,-0.247049695253385,-1.01199866775576,-0.942857142857143,-0.942857142857143,-0.942857142857143,1,-0.37657417024694,-0.415451587092246,-0.458281313825704,-0.087792284784264,-0.125985869992348,-0.52672538351177,-0.764948972502375,TRUE,TRUE,TRUE,TRUE,TRUE
