"Model","AIC","Common_n","Iteration","Group"
"Exponential",-37.4186686831373,10,1,"D0"
"PowerLaw",-72.3887541711785,10,1,"D0"
"Exponential",-22.6821439147152,10,1,"D1"
"PowerLaw",-67.9980844725035,10,1,"D1"
"Exponential",-18.0245477863985,10,1,"D3"
"PowerLaw",-37.4591399821363,10,1,"D3"
"Exponential",-16.4548350250367,10,1,"D5"
"PowerLaw",-56.8711234043899,10,1,"D5"
"Exponential",-7.35602039079594,10,1,"D6"
"PowerLaw",-34.4327001709721,10,1,"D6"
"Exponential",-6.78260162125521,10,1,"D7"
"PowerLaw",-23.0652564840576,10,1,"D7"
"Exponential",-38.5450879523895,10,2,"D0"
"PowerLaw",-86.5572964191917,10,2,"D0"
"Exponential",-23.5118575351588,10,2,"D1"
"PowerLaw",-72.4868831287132,10,2,"D1"
"Exponential",-18.535555643609,10,2,"D3"
"PowerLaw",-38.9547139951853,10,2,"D3"
"Exponential",-17.8910864855774,10,2,"D5"
"PowerLaw",-47.991822169401,10,2,"D5"
"Exponential",-8.01595226064129,10,2,"D6"
"PowerLaw",-30.2896462130991,10,2,"D6"
"Exponential",-1.44099105934765,10,2,"D7"
"PowerLaw",-26.2154301307989,10,2,"D7"
"Exponential",-38.4283619871455,10,3,"D0"
"PowerLaw",-85.6487226381567,10,3,"D0"
"Exponential",-25.5188527030887,10,3,"D1"
"PowerLaw",-67.705685261884,10,3,"D1"
"Exponential",-18.7345007023061,10,3,"D3"
"PowerLaw",-39.6944790859107,10,3,"D3"
"Exponential",-16.740070539883,10,3,"D5"
"PowerLaw",-51.8774786500601,10,3,"D5"
"Exponential",-9.47797438987363,10,3,"D6"
"PowerLaw",-38.5672131832524,10,3,"D6"
"Exponential",-1.58928310709326,10,3,"D7"
"PowerLaw",-24.5115686407247,10,3,"D7"
"Exponential",-37.793038655653,10,4,"D0"
"PowerLaw",-75.3709159510214,10,4,"D0"
"Exponential",-25.6307755975681,10,4,"D1"
"PowerLaw",-68.7010140802937,10,4,"D1"
"Exponential",-18.4097163412825,10,4,"D3"
"PowerLaw",-39.6163039132212,10,4,"D3"
"Exponential",-14.3604937857696,10,4,"D5"
"PowerLaw",-45.4296455070769,10,4,"D5"
"Exponential",-11.0168384409909,10,4,"D6"
"PowerLaw",-48.0692160594046,10,4,"D6"
"Exponential",-6.9649267461317,10,4,"D7"
"PowerLaw",-32.3861357121428,10,4,"D7"
"Exponential",-38.1491792808317,10,5,"D0"
"PowerLaw",-84.6332493074233,10,5,"D0"
"Exponential",-23.1249147697678,10,5,"D1"
"PowerLaw",-71.6671244590485,10,5,"D1"
"Exponential",-16.5575881765698,10,5,"D3"
"PowerLaw",-36.7945595605301,10,5,"D3"
"Exponential",-16.2747475328318,10,5,"D5"
"PowerLaw",-46.4275072936257,10,5,"D5"
"Exponential",-9.30850197422203,10,5,"D6"
"PowerLaw",-31.6371790761374,10,5,"D6"
"Exponential",-5.51562246344438,10,5,"D7"
"PowerLaw",-31.7208223551658,10,5,"D7"
"Exponential",-37.4139938498441,10,6,"D0"
"PowerLaw",-72.1897001483383,10,6,"D0"
"Exponential",-22.8642417477217,10,6,"D1"
"PowerLaw",-69.8711278400963,10,6,"D1"
"Exponential",-18.1364071686629,10,6,"D3"
"PowerLaw",-38.1647963510002,10,6,"D3"
"Exponential",-17.8594309372289,10,6,"D5"
"PowerLaw",-52.8393833691281,10,6,"D5"
"Exponential",-8.63860411675703,10,6,"D6"
"PowerLaw",-42.0248259261002,10,6,"D6"
"Exponential",-3.88993434714797,10,6,"D7"
"PowerLaw",-36.9388660151005,10,6,"D7"
"Exponential",-38.1281978110353,10,7,"D0"
"PowerLaw",-76.5637163839191,10,7,"D0"
"Exponential",-23.3391346056408,10,7,"D1"
"PowerLaw",-72.7416674536495,10,7,"D1"
"Exponential",-18.510975122587,10,7,"D3"
"PowerLaw",-38.4490668774048,10,7,"D3"
"Exponential",-16.4048739983001,10,7,"D5"
"PowerLaw",-57.3554778556525,10,7,"D5"
"Exponential",-10.1253319904474,10,7,"D6"
"PowerLaw",-34.7155934324304,10,7,"D6"
"Exponential",-3.90385878956502,10,7,"D7"
"PowerLaw",-34.8437945558319,10,7,"D7"
"Exponential",-38.3874773437213,10,8,"D0"
"PowerLaw",-81.3759945528133,10,8,"D0"
"Exponential",-23.4384228002856,10,8,"D1"
"PowerLaw",-74.8137012506231,10,8,"D1"
"Exponential",-16.8613296780377,10,8,"D3"
"PowerLaw",-34.4328784748103,10,8,"D3"
"Exponential",-15.4043724515067,10,8,"D5"
"PowerLaw",-42.3791552519671,10,8,"D5"
"Exponential",-8.05865523144163,10,8,"D6"
"PowerLaw",-26.4409971918153,10,8,"D6"
"Exponential",-5.374809790759,10,8,"D7"
"PowerLaw",-23.0404589106331,10,8,"D7"
"Exponential",-38.3874773437213,10,9,"D0"
"PowerLaw",-81.3759945528133,10,9,"D0"
"Exponential",-22.8540655258624,10,9,"D1"
"PowerLaw",-67.5430874206749,10,9,"D1"
"Exponential",-18.7197285553889,10,9,"D3"
"PowerLaw",-42.3521207555357,10,9,"D3"
"Exponential",-16.880847623548,10,9,"D5"
"PowerLaw",-41.7813896080303,10,9,"D5"
"Exponential",-9.71839818402389,10,9,"D6"
"PowerLaw",-32.2107987608075,10,9,"D6"
"Exponential",-3.56302852531145,10,9,"D7"
"PowerLaw",-23.3278529850988,10,9,"D7"
"Exponential",-38.3678954810656,10,10,"D0"
"PowerLaw",-82.4216154304688,10,10,"D0"
"Exponential",-23.1249147697678,10,10,"D1"
"PowerLaw",-71.6671244590485,10,10,"D1"
"Exponential",-17.5691421770693,10,10,"D3"
"PowerLaw",-36.5995927760893,10,10,"D3"
"Exponential",-15.8429045258277,10,10,"D5"
"PowerLaw",-48.7384536260296,10,10,"D5"
"Exponential",-9.71242831252348,10,10,"D6"
"PowerLaw",-34.3055027950228,10,10,"D6"
"Exponential",-6.17440249713545,10,10,"D7"
"PowerLaw",-53.214042884816,10,10,"D7"
"Exponential",-38.2224447447622,10,11,"D0"
"PowerLaw",-80.8812405053242,10,11,"D0"
"Exponential",-24.4928948140313,10,11,"D1"
"PowerLaw",-66.139130081763,10,11,"D1"
"Exponential",-17.505031589682,10,11,"D3"
"PowerLaw",-36.9157818391632,10,11,"D3"
"Exponential",-15.8318772220564,10,11,"D5"
"PowerLaw",-49.3003161734017,10,11,"D5"
"Exponential",-9.83510790533326,10,11,"D6"
"PowerLaw",-36.6419443802111,10,11,"D6"
"Exponential",-3.3412464001246,10,11,"D7"
"PowerLaw",-24.0892683048518,10,11,"D7"
"Exponential",-38.629883091283,10,12,"D0"
"PowerLaw",-79.427915050865,10,12,"D0"
"Exponential",-23.4866584467224,10,12,"D1"
"PowerLaw",-76.6096013454274,10,12,"D1"
"Exponential",-17.1770757806154,10,12,"D3"
"PowerLaw",-37.8661405201371,10,12,"D3"
"Exponential",-17.1913889477307,10,12,"D5"
"PowerLaw",-54.2150672588673,10,12,"D5"
"Exponential",-9.17045174192244,10,12,"D6"
"PowerLaw",-41.1270940949506,10,12,"D6"
"Exponential",-8.63307627073505,10,12,"D7"
"PowerLaw",-44.9857075907518,10,12,"D7"
"Exponential",-38.883802534008,10,13,"D0"
"PowerLaw",-86.5297381268811,10,13,"D0"
"Exponential",-24.4694276869723,10,13,"D1"
"PowerLaw",-63.9899247861205,10,13,"D1"
"Exponential",-18.1474261990862,10,13,"D3"
"PowerLaw",-37.9708305632984,10,13,"D3"
"Exponential",-16.673752587403,10,13,"D5"
"PowerLaw",-49.4111905964776,10,13,"D5"
"Exponential",-9.11067595617358,10,13,"D6"
"PowerLaw",-32.2733748813272,10,13,"D6"
"Exponential",-5.48483064548708,10,13,"D7"
"PowerLaw",-31.2400340024437,10,13,"D7"
"Exponential",-38.1065602436477,10,14,"D0"
"PowerLaw",-80.8317649884556,10,14,"D0"
"Exponential",-22.9963789078535,10,14,"D1"
"PowerLaw",-67.3929907648998,10,14,"D1"
"Exponential",-17.4835090740813,10,14,"D3"
"PowerLaw",-36.7547536993565,10,14,"D3"
"Exponential",-15.1201409111456,10,14,"D5"
"PowerLaw",-42.4496157116906,10,14,"D5"
"Exponential",-8.23736787532936,10,14,"D6"
"PowerLaw",-37.930723161314,10,14,"D6"
"Exponential",-4.40586257148728,10,14,"D7"
"PowerLaw",-35.3868531377371,10,14,"D7"
"Exponential",-37.8015281660414,10,15,"D0"
"PowerLaw",-77.3000887606413,10,15,"D0"
"Exponential",-23.5528769628422,10,15,"D1"
"PowerLaw",-72.8775697556839,10,15,"D1"
"Exponential",-17.8561911726491,10,15,"D3"
"PowerLaw",-35.8681739194827,10,15,"D3"
"Exponential",-16.6832857362366,10,15,"D5"
"PowerLaw",-55.2004519141521,10,15,"D5"
"Exponential",-7.44695865012292,10,15,"D6"
"PowerLaw",-33.1702207522326,10,15,"D6"
"Exponential",-1.34869038372956,10,15,"D7"
"PowerLaw",-22.6862035586628,10,15,"D7"
"Exponential",-37.4595204301655,10,16,"D0"
"PowerLaw",-74.1099888439165,10,16,"D0"
"Exponential",-23.7399293286688,10,16,"D1"
"PowerLaw",-75.8845228734895,10,16,"D1"
"Exponential",-17.3312626560738,10,16,"D3"
"PowerLaw",-37.3743968909703,10,16,"D3"
"Exponential",-15.2104631512719,10,16,"D5"
"PowerLaw",-50.3627418910589,10,16,"D5"
"Exponential",-8.76425283318429,10,16,"D6"
"PowerLaw",-47.4596344595264,10,16,"D6"
"Exponential",-3.99667785263271,10,16,"D7"
"PowerLaw",-26.2870236631361,10,16,"D7"
"Exponential",-37.7771760798773,10,17,"D0"
"PowerLaw",-74.2099908626808,10,17,"D0"
"Exponential",-23.5917624494296,10,17,"D1"
"PowerLaw",-75.9178474464296,10,17,"D1"
"Exponential",-18.6874853625065,10,17,"D3"
"PowerLaw",-38.6545243349893,10,17,"D3"
"Exponential",-16.3671825221358,10,17,"D5"
"PowerLaw",-50.9969415037007,10,17,"D5"
"Exponential",-9.31668629934424,10,17,"D6"
"PowerLaw",-46.0701986489981,10,17,"D6"
"Exponential",-1.26803548603657,10,17,"D7"
"PowerLaw",-25.3516728932848,10,17,"D7"
"Exponential",-37.8959926110577,10,18,"D0"
"PowerLaw",-81.0683615893986,10,18,"D0"
"Exponential",-24.1761227962175,10,18,"D1"
"PowerLaw",-77.8562396640097,10,18,"D1"
"Exponential",-17.9959925076569,10,18,"D3"
"PowerLaw",-37.5664512734371,10,18,"D3"
"Exponential",-17.7094790392948,10,18,"D5"
"PowerLaw",-57.318609992012,10,18,"D5"
"Exponential",-10.6038982017785,10,18,"D6"
"PowerLaw",-38.4720184600199,10,18,"D6"
"Exponential",-6.41487854928921,10,18,"D7"
"PowerLaw",-31.8548740480178,10,18,"D7"
"Exponential",-38.8585319694393,10,19,"D0"
"PowerLaw",-84.1945440137337,10,19,"D0"
"Exponential",-24.8361679371314,10,19,"D1"
"PowerLaw",-68.964140827521,10,19,"D1"
"Exponential",-18.2110095236324,10,19,"D3"
"PowerLaw",-39.3086200633051,10,19,"D3"
"Exponential",-15.6548895249772,10,19,"D5"
"PowerLaw",-42.6584243464113,10,19,"D5"
"Exponential",-11.0033036109546,10,19,"D6"
"PowerLaw",-38.3535437263821,10,19,"D6"
"Exponential",-5.15733029207877,10,19,"D7"
"PowerLaw",-30.7542502967482,10,19,"D7"
"Exponential",-38.1448873991414,10,20,"D0"
"PowerLaw",-82.0367090863017,10,20,"D0"
"Exponential",-22.7074174882989,10,20,"D1"
"PowerLaw",-67.947353477817,10,20,"D1"
"Exponential",-17.8436763965786,10,20,"D3"
"PowerLaw",-36.75953996672,10,20,"D3"
"Exponential",-17.0533000568709,10,20,"D5"
"PowerLaw",-49.0850034422081,10,20,"D5"
"Exponential",-8.72617709041797,10,20,"D6"
"PowerLaw",-34.677851470103,10,20,"D6"
"Exponential",-8.37616899779389,10,20,"D7"
"PowerLaw",-43.5007336903624,10,20,"D7"
"Exponential",-38.0645440432063,10,21,"D0"
"PowerLaw",-78.8643766011544,10,21,"D0"
"Exponential",-23.3672163702072,10,21,"D1"
"PowerLaw",-72.0115279956303,10,21,"D1"
"Exponential",-18.3645659814909,10,21,"D3"
"PowerLaw",-41.2038798036887,10,21,"D3"
"Exponential",-16.0760487069413,10,21,"D5"
"PowerLaw",-43.5194666166133,10,21,"D5"
"Exponential",-10.4434556027861,10,21,"D6"
"PowerLaw",-42.9430794002821,10,21,"D6"
"Exponential",-2.51398722821244,10,21,"D7"
"PowerLaw",-29.9002512421453,10,21,"D7"
"Exponential",-37.9865549400798,10,22,"D0"
"PowerLaw",-76.7030188709809,10,22,"D0"
"Exponential",-25.2992029592525,10,22,"D1"
"PowerLaw",-69.7095821868436,10,22,"D1"
"Exponential",-17.6863366923074,10,22,"D3"
"PowerLaw",-37.9942445602848,10,22,"D3"
"Exponential",-17.248110840042,10,22,"D5"
"PowerLaw",-50.5745799289717,10,22,"D5"
"Exponential",-8.06043913279681,10,22,"D6"
"PowerLaw",-32.2514733580439,10,22,"D6"
"Exponential",-3.25757110645279,10,22,"D7"
"PowerLaw",-37.5298515418037,10,22,"D7"
"Exponential",-38.2914080003246,10,23,"D0"
"PowerLaw",-83.130811068416,10,23,"D0"
"Exponential",-22.9842510868521,10,23,"D1"
"PowerLaw",-69.4443557226392,10,23,"D1"
"Exponential",-17.3253560765883,10,23,"D3"
"PowerLaw",-38.1708407245889,10,23,"D3"
"Exponential",-15.6104189912683,10,23,"D5"
"PowerLaw",-47.7685957713805,10,23,"D5"
"Exponential",-10.660457128506,10,23,"D6"
"PowerLaw",-43.8590400848028,10,23,"D6"
"Exponential",-8.89972122706067,10,23,"D7"
"PowerLaw",-35.4945131541588,10,23,"D7"
"Exponential",-38.4821214402422,10,24,"D0"
"PowerLaw",-83.7675896401381,10,24,"D0"
"Exponential",-25.0522180878411,10,24,"D1"
"PowerLaw",-68.4867227128708,10,24,"D1"
"Exponential",-17.352725478308,10,24,"D3"
"PowerLaw",-35.7850158740962,10,24,"D3"
"Exponential",-16.2537967147451,10,24,"D5"
"PowerLaw",-44.6257786833566,10,24,"D5"
"Exponential",-8.69820959488893,10,24,"D6"
"PowerLaw",-28.2869692193646,10,24,"D6"
"Exponential",-7.9709293180057,10,24,"D7"
"PowerLaw",-38.1229830691103,10,24,"D7"
"Exponential",-38.0155109098382,10,25,"D0"
"PowerLaw",-77.4130663256038,10,25,"D0"
"Exponential",-23.1332832604946,10,25,"D1"
"PowerLaw",-68.7755475151865,10,25,"D1"
"Exponential",-16.4308519373581,10,25,"D3"
"PowerLaw",-37.2090388573875,10,25,"D3"
"Exponential",-16.5547775916369,10,25,"D5"
"PowerLaw",-61.5752379885308,10,25,"D5"
"Exponential",-8.19847990397641,10,25,"D6"
"PowerLaw",-29.3443534870221,10,25,"D6"
"Exponential",-4.21083113522,10,25,"D7"
"PowerLaw",-42.1248738644302,10,25,"D7"
"Exponential",-38.3621321505698,10,26,"D0"
"PowerLaw",-83.4121844869109,10,26,"D0"
"Exponential",-23.0724011301046,10,26,"D1"
"PowerLaw",-69.2186146366747,10,26,"D1"
"Exponential",-16.7543185632604,10,26,"D3"
"PowerLaw",-36.5316291806531,10,26,"D3"
"Exponential",-15.605483786656,10,26,"D5"
"PowerLaw",-45.466911574229,10,26,"D5"
"Exponential",-9.31144546726845,10,26,"D6"
"PowerLaw",-33.3921453819414,10,26,"D6"
"Exponential",-4.26412916604892,10,26,"D7"
"PowerLaw",-35.9573995112673,10,26,"D7"
"Exponential",-38.0701626755045,10,27,"D0"
"PowerLaw",-77.5390696587984,10,27,"D0"
"Exponential",-22.83532350115,10,27,"D1"
"PowerLaw",-69.8643451985095,10,27,"D1"
"Exponential",-18.9460666059469,10,27,"D3"
"PowerLaw",-40.4072967917016,10,27,"D3"
"Exponential",-16.3223754965659,10,27,"D5"
"PowerLaw",-50.9314338404303,10,27,"D5"
"Exponential",-10.3897577772924,10,27,"D6"
"PowerLaw",-35.0453815216657,10,27,"D6"
"Exponential",-2.09595937951451,10,27,"D7"
"PowerLaw",-29.5823847168824,10,27,"D7"
"Exponential",-38.0761937893506,10,28,"D0"
"PowerLaw",-76.3771249966072,10,28,"D0"
"Exponential",-25.6307755975681,10,28,"D1"
"PowerLaw",-68.7010140802937,10,28,"D1"
"Exponential",-17.3645592697224,10,28,"D3"
"PowerLaw",-38.0509950979334,10,28,"D3"
"Exponential",-14.110123780728,10,28,"D5"
"PowerLaw",-40.9155807598137,10,28,"D5"
"Exponential",-8.37600075982131,10,28,"D6"
"PowerLaw",-32.8399673824486,10,28,"D6"
"Exponential",-4.87163714485571,10,28,"D7"
"PowerLaw",-36.6558901144148,10,28,"D7"
"Exponential",-37.9783870091565,10,29,"D0"
"PowerLaw",-79.6616950969842,10,29,"D0"
"Exponential",-23.332339304178,10,29,"D1"
"PowerLaw",-74.0779221588694,10,29,"D1"
"Exponential",-17.5157703839705,10,29,"D3"
"PowerLaw",-36.0983532247904,10,29,"D3"
"Exponential",-16.8544310200712,10,29,"D5"
"PowerLaw",-57.2918381164684,10,29,"D5"
"Exponential",-9.84959416048737,10,29,"D6"
"PowerLaw",-35.7512804370507,10,29,"D6"
"Exponential",-5.16686798463139,10,29,"D7"
"PowerLaw",-36.7372528371099,10,29,"D7"
"Exponential",-38.3874773437213,10,30,"D0"
"PowerLaw",-81.3759945528133,10,30,"D0"
"Exponential",-22.8307858407748,10,30,"D1"
"PowerLaw",-69.744085567358,10,30,"D1"
"Exponential",-16.5121728291782,10,30,"D3"
"PowerLaw",-36.3971353283009,10,30,"D3"
"Exponential",-15.8680028425668,10,30,"D5"
"PowerLaw",-48.9678003495144,10,30,"D5"
"Exponential",-9.49478323364388,10,30,"D6"
"PowerLaw",-46.2930244468565,10,30,"D6"
"Exponential",-6.35327522457291,10,30,"D7"
"PowerLaw",-35.419036463362,10,30,"D7"
"Exponential",-38.1954737964505,10,31,"D0"
"PowerLaw",-83.0373573426209,10,31,"D0"
"Exponential",-22.4549456126075,10,31,"D1"
"PowerLaw",-66.4572886493296,10,31,"D1"
"Exponential",-17.0560624084261,10,31,"D3"
"PowerLaw",-36.4680686294387,10,31,"D3"
"Exponential",-16.0847851878283,10,31,"D5"
"PowerLaw",-45.242927466355,10,31,"D5"
"Exponential",-7.25539583084787,10,31,"D6"
"PowerLaw",-36.8507256285249,10,31,"D6"
"Exponential",-0.788120534265943,10,31,"D7"
"PowerLaw",-22.6339403694507,10,31,"D7"
"Exponential",-37.8274129682856,10,32,"D0"
"PowerLaw",-79.7376369115823,10,32,"D0"
"Exponential",-24.6943727204514,10,32,"D1"
"PowerLaw",-69.5871550498382,10,32,"D1"
"Exponential",-17.6643538132825,10,32,"D3"
"PowerLaw",-36.3234257494441,10,32,"D3"
"Exponential",-16.6580666406668,10,32,"D5"
"PowerLaw",-48.3670125127145,10,32,"D5"
"Exponential",-9.63084628611474,10,32,"D6"
"PowerLaw",-42.9734354096842,10,32,"D6"
"Exponential",-7.44022109363195,10,32,"D7"
"PowerLaw",-42.0509231641606,10,32,"D7"
"Exponential",-38.4987062276277,10,33,"D0"
"PowerLaw",-85.9736498135291,10,33,"D0"
"Exponential",-23.7175630435765,10,33,"D1"
"PowerLaw",-74.8955320465306,10,33,"D1"
"Exponential",-18.2005812093127,10,33,"D3"
"PowerLaw",-36.3110766725691,10,33,"D3"
"Exponential",-16.9634463524496,10,33,"D5"
"PowerLaw",-56.6520419394757,10,33,"D5"
"Exponential",-8.48913141056702,10,33,"D6"
"PowerLaw",-33.6566999677213,10,33,"D6"
"Exponential",-9.59122657761626,10,33,"D7"
"PowerLaw",-39.3142470706593,10,33,"D7"
"Exponential",-38.1480918820433,10,34,"D0"
"PowerLaw",-81.6052221162178,10,34,"D0"
"Exponential",-23.2160802432305,10,34,"D1"
"PowerLaw",-72.6831219497139,10,34,"D1"
"Exponential",-18.8454332017478,10,34,"D3"
"PowerLaw",-39.0421608165708,10,34,"D3"
"Exponential",-15.3282916487961,10,34,"D5"
"PowerLaw",-44.8362220578643,10,34,"D5"
"Exponential",-8.90314957892699,10,34,"D6"
"PowerLaw",-32.6423398183846,10,34,"D6"
"Exponential",-6.22986735275462,10,34,"D7"
"PowerLaw",-42.3416090706903,10,34,"D7"
"Exponential",-38.054209814427,10,35,"D0"
"PowerLaw",-80.1068791352304,10,35,"D0"
"Exponential",-23.5054636883444,10,35,"D1"
"PowerLaw",-72.8231924708285,10,35,"D1"
"Exponential",-17.676110533198,10,35,"D3"
"PowerLaw",-36.1703776855052,10,35,"D3"
"Exponential",-16.1838855573042,10,35,"D5"
"PowerLaw",-45.7716749133414,10,35,"D5"
"Exponential",-9.05921476225412,10,35,"D6"
"PowerLaw",-33.5286513306865,10,35,"D6"
"Exponential",-4.92298357502608,10,35,"D7"
"PowerLaw",-35.6643729677866,10,35,"D7"
"Exponential",-38.7143664416595,10,36,"D0"
"PowerLaw",-90.0912585004835,10,36,"D0"
"Exponential",-24.718663828496,10,36,"D1"
"PowerLaw",-68.191985008802,10,36,"D1"
"Exponential",-17.1426634856483,10,36,"D3"
"PowerLaw",-36.0995594123297,10,36,"D3"
"Exponential",-16.8084352003668,10,36,"D5"
"PowerLaw",-50.4992652604413,10,36,"D5"
"Exponential",-7.5196265636243,10,36,"D6"
"PowerLaw",-26.7744939208253,10,36,"D6"
"Exponential",-5.73295138141455,10,36,"D7"
"PowerLaw",-24.3967094096877,10,36,"D7"
"Exponential",-38.4730173995934,10,37,"D0"
"PowerLaw",-84.5192324107021,10,37,"D0"
"Exponential",-22.4780400648461,10,37,"D1"
"PowerLaw",-64.8955223079725,10,37,"D1"
"Exponential",-18.1803494622054,10,37,"D3"
"PowerLaw",-36.8172470884939,10,37,"D3"
"Exponential",-17.0488509109468,10,37,"D5"
"PowerLaw",-59.6954580739555,10,37,"D5"
"Exponential",-9.33122055957076,10,37,"D6"
"PowerLaw",-35.8450919741976,10,37,"D6"
"Exponential",-5.66321113022131,10,37,"D7"
"PowerLaw",-36.8158653577386,10,37,"D7"
"Exponential",-37.8375774384569,10,38,"D0"
"PowerLaw",-79.5692675462321,10,38,"D0"
"Exponential",-23.6847660413676,10,38,"D1"
"PowerLaw",-78.8048924375912,10,38,"D1"
"Exponential",-17.8005265857412,10,38,"D3"
"PowerLaw",-37.2795274812265,10,38,"D3"
"Exponential",-14.5778248205917,10,38,"D5"
"PowerLaw",-47.803605136935,10,38,"D5"
"Exponential",-8.39461707195002,10,38,"D6"
"PowerLaw",-31.4044816295563,10,38,"D6"
"Exponential",-8.11579533878376,10,38,"D7"
"PowerLaw",-37.5260617212384,10,38,"D7"
"Exponential",-38.0398375112907,10,39,"D0"
"PowerLaw",-79.5483950038447,10,39,"D0"
"Exponential",-23.6167939126919,10,39,"D1"
"PowerLaw",-74.6225619746025,10,39,"D1"
"Exponential",-19.0075182120755,10,39,"D3"
"PowerLaw",-40.7489696502706,10,39,"D3"
"Exponential",-18.181443494875,10,39,"D5"
"PowerLaw",-54.5128138010207,10,39,"D5"
"Exponential",-9.70014344025574,10,39,"D6"
"PowerLaw",-30.7652668355292,10,39,"D6"
"Exponential",-9.58706311536492,10,39,"D7"
"PowerLaw",-37.07627378,10,39,"D7"
"Exponential",-37.8496243646858,10,40,"D0"
"PowerLaw",-79.3512290188119,10,40,"D0"
"Exponential",-22.4268614626916,10,40,"D1"
"PowerLaw",-66.781353032759,10,40,"D1"
"Exponential",-18.6886313001276,10,40,"D3"
"PowerLaw",-38.7816218002053,10,40,"D3"
"Exponential",-15.1911826118885,10,40,"D5"
"PowerLaw",-47.5520360255607,10,40,"D5"
"Exponential",-8.88394940832925,10,40,"D6"
"PowerLaw",-37.7189139941815,10,40,"D6"
"Exponential",-2.50203639397341,10,40,"D7"
"PowerLaw",-32.3174914975207,10,40,"D7"
"Exponential",-39.9655037486354,10,41,"D0"
"PowerLaw",-102.310748196292,10,41,"D0"
"Exponential",-22.8008304274631,10,41,"D1"
"PowerLaw",-69.522486523562,10,41,"D1"
"Exponential",-17.1771657244076,10,41,"D3"
"PowerLaw",-38.1424585733967,10,41,"D3"
"Exponential",-16.1971160605748,10,41,"D5"
"PowerLaw",-50.4434232500468,10,41,"D5"
"Exponential",-9.56434606283216,10,41,"D6"
"PowerLaw",-36.3110588564926,10,41,"D6"
"Exponential",-7.86572453873865,10,41,"D7"
"PowerLaw",-44.1502885902525,10,41,"D7"
"Exponential",-37.6187626855881,10,42,"D0"
"PowerLaw",-73.4791975180662,10,42,"D0"
"Exponential",-23.2532124364653,10,42,"D1"
"PowerLaw",-70.7645347420959,10,42,"D1"
"Exponential",-17.8824317710878,10,42,"D3"
"PowerLaw",-37.7535266639644,10,42,"D3"
"Exponential",-16.7990597247455,10,42,"D5"
"PowerLaw",-49.0851066609061,10,42,"D5"
"Exponential",-7.7228664943522,10,42,"D6"
"PowerLaw",-37.6886669224531,10,42,"D6"
"Exponential",-1.21503876739695,10,42,"D7"
"PowerLaw",-25.5676386975716,10,42,"D7"
"Exponential",-37.9605243646903,10,43,"D0"
"PowerLaw",-78.3858276150312,10,43,"D0"
"Exponential",-23.3085392736962,10,43,"D1"
"PowerLaw",-72.8130957921848,10,43,"D1"
"Exponential",-17.7270583444553,10,43,"D3"
"PowerLaw",-38.3836497204432,10,43,"D3"
"Exponential",-15.9500820802681,10,43,"D5"
"PowerLaw",-60.230642809261,10,43,"D5"
"Exponential",-9.7590969595633,10,43,"D6"
"PowerLaw",-32.3891936585851,10,43,"D6"
"Exponential",-2.60380705814377,10,43,"D7"
"PowerLaw",-28.7005076595876,10,43,"D7"
"Exponential",-40.2555016073537,10,44,"D0"
"PowerLaw",-94.5273134863033,10,44,"D0"
"Exponential",-23.7832063764638,10,44,"D1"
"PowerLaw",-75.8929400882936,10,44,"D1"
"Exponential",-17.4571243068391,10,44,"D3"
"PowerLaw",-37.7281546320273,10,44,"D3"
"Exponential",-16.3298192216155,10,44,"D5"
"PowerLaw",-46.4987148224285,10,44,"D5"
"Exponential",-9.61929479933654,10,44,"D6"
"PowerLaw",-33.049815733331,10,44,"D6"
"Exponential",-5.54132162726777,10,44,"D7"
"PowerLaw",-43.9066536268293,10,44,"D7"
"Exponential",-38.1275610463442,10,45,"D0"
"PowerLaw",-77.2858354547502,10,45,"D0"
"Exponential",-24.8211008196401,10,45,"D1"
"PowerLaw",-69.9101874804536,10,45,"D1"
"Exponential",-18.2060712501553,10,45,"D3"
"PowerLaw",-37.8768895155985,10,45,"D3"
"Exponential",-17.7004568642166,10,45,"D5"
"PowerLaw",-61.0427860583348,10,45,"D5"
"Exponential",-7.26062865847638,10,45,"D6"
"PowerLaw",-35.1851631350652,10,45,"D6"
"Exponential",-6.9495871312008,10,45,"D7"
"PowerLaw",-46.7142826029355,10,45,"D7"
"Exponential",-38.1177361526172,10,46,"D0"
"PowerLaw",-77.6509752450127,10,46,"D0"
"Exponential",-25.8204823879678,10,46,"D1"
"PowerLaw",-72.7128016370693,10,46,"D1"
"Exponential",-16.7577030277861,10,46,"D3"
"PowerLaw",-37.4752292883029,10,46,"D3"
"Exponential",-17.0395957896642,10,46,"D5"
"PowerLaw",-52.8960453914967,10,46,"D5"
"Exponential",-8.44982957406164,10,46,"D6"
"PowerLaw",-34.7702241338986,10,46,"D6"
"Exponential",-3.36813126269379,10,46,"D7"
"PowerLaw",-25.8177154437665,10,46,"D7"
"Exponential",-38.3747802737127,10,47,"D0"
"PowerLaw",-80.0918127904894,10,47,"D0"
"Exponential",-23.6489454012596,10,47,"D1"
"PowerLaw",-74.2874012655607,10,47,"D1"
"Exponential",-18.7916229347347,10,47,"D3"
"PowerLaw",-38.2174603915363,10,47,"D3"
"Exponential",-15.5456735505193,10,47,"D5"
"PowerLaw",-41.7577271292596,10,47,"D5"
"Exponential",-8.48051782914819,10,47,"D6"
"PowerLaw",-33.4957693276523,10,47,"D6"
"Exponential",-5.52834747583903,10,47,"D7"
"PowerLaw",-30.347275240515,10,47,"D7"
"Exponential",-38.0631871798394,10,48,"D0"
"PowerLaw",-80.2379864137139,10,48,"D0"
"Exponential",-23.4168391026418,10,48,"D1"
"PowerLaw",-74.3790064162574,10,48,"D1"
"Exponential",-18.1652698950832,10,48,"D3"
"PowerLaw",-36.7276195321857,10,48,"D3"
"Exponential",-16.8142422995447,10,48,"D5"
"PowerLaw",-49.0258915728353,10,48,"D5"
"Exponential",-9.5447576585725,10,48,"D6"
"PowerLaw",-52.9397084844494,10,48,"D6"
"Exponential",-6.02368324759286,10,48,"D7"
"PowerLaw",-37.711167054378,10,48,"D7"
"Exponential",-37.4796938735206,10,49,"D0"
"PowerLaw",-76.2137417555726,10,49,"D0"
"Exponential",-22.7671137977782,10,49,"D1"
"PowerLaw",-67.6136371708521,10,49,"D1"
"Exponential",-18.0207889722465,10,49,"D3"
"PowerLaw",-36.731573262202,10,49,"D3"
"Exponential",-16.7537157287615,10,49,"D5"
"PowerLaw",-55.7463087174126,10,49,"D5"
"Exponential",-12.1967003153995,10,49,"D6"
"PowerLaw",-48.0666587746701,10,49,"D6"
"Exponential",-5.86199488657373,10,49,"D7"
"PowerLaw",-36.9331178824396,10,49,"D7"
"Exponential",-38.0658046772113,10,50,"D0"
"PowerLaw",-77.1399786353427,10,50,"D0"
"Exponential",-23.5360386789536,10,50,"D1"
"PowerLaw",-74.7166366953009,10,50,"D1"
"Exponential",-17.8785493241904,10,50,"D3"
"PowerLaw",-39.5580311973027,10,50,"D3"
"Exponential",-16.1226912344896,10,50,"D5"
"PowerLaw",-41.3317754236933,10,50,"D5"
"Exponential",-7.79733267022264,10,50,"D6"
"PowerLaw",-32.6520983194186,10,50,"D6"
"Exponential",-2.04344391987613,10,50,"D7"
"PowerLaw",-25.3579186707542,10,50,"D7"
"Exponential",-38.1998508294848,10,51,"D0"
"PowerLaw",-82.0702045280925,10,51,"D0"
"Exponential",-22.8072403093567,10,51,"D1"
"PowerLaw",-67.492653472441,10,51,"D1"
"Exponential",-18.3304677701692,10,51,"D3"
"PowerLaw",-38.3469654515327,10,51,"D3"
"Exponential",-14.6013228779567,10,51,"D5"
"PowerLaw",-40.5952595122862,10,51,"D5"
"Exponential",-10.5402854234764,10,51,"D6"
"PowerLaw",-36.0786256613525,10,51,"D6"
"Exponential",-6.03574336400782,10,51,"D7"
"PowerLaw",-54.0847410146025,10,51,"D7"
"Exponential",-38.9147502558691,10,52,"D0"
"PowerLaw",-84.7947940145177,10,52,"D0"
"Exponential",-22.4936898874168,10,52,"D1"
"PowerLaw",-66.8046839384363,10,52,"D1"
"Exponential",-18.0722200716117,10,52,"D3"
"PowerLaw",-39.0780505935898,10,52,"D3"
"Exponential",-16.7837650527179,10,52,"D5"
"PowerLaw",-45.4052700756068,10,52,"D5"
"Exponential",-8.12885862023801,10,52,"D6"
"PowerLaw",-30.7090088239118,10,52,"D6"
"Exponential",-2.901265214205,10,52,"D7"
"PowerLaw",-35.4847725285333,10,52,"D7"
"Exponential",-37.6640586942029,10,53,"D0"
"PowerLaw",-78.0071124309077,10,53,"D0"
"Exponential",-24.1416378341502,10,53,"D1"
"PowerLaw",-80.3752736931456,10,53,"D1"
"Exponential",-17.8642083929108,10,53,"D3"
"PowerLaw",-37.699480584651,10,53,"D3"
"Exponential",-15.5758421652069,10,53,"D5"
"PowerLaw",-43.133035630081,10,53,"D5"
"Exponential",-9.36592087118322,10,53,"D6"
"PowerLaw",-33.1180720459822,10,53,"D6"
"Exponential",-8.73052797284942,10,53,"D7"
"PowerLaw",-46.2224050618992,10,53,"D7"
"Exponential",-39.3811005822555,10,54,"D0"
"PowerLaw",-93.155121083401,10,54,"D0"
"Exponential",-22.4855745539131,10,54,"D1"
"PowerLaw",-64.2862344933895,10,54,"D1"
"Exponential",-17.7423523510924,10,54,"D3"
"PowerLaw",-38.200355315821,10,54,"D3"
"Exponential",-16.1135293909543,10,54,"D5"
"PowerLaw",-55.0875619177884,10,54,"D5"
"Exponential",-10.0618259221085,10,54,"D6"
"PowerLaw",-43.5095876174836,10,54,"D6"
"Exponential",-7.00912150231069,10,54,"D7"
"PowerLaw",-33.8614971237327,10,54,"D7"
"Exponential",-37.7624326813902,10,55,"D0"
"PowerLaw",-77.6566442111549,10,55,"D0"
"Exponential",-22.665577832991,10,55,"D1"
"PowerLaw",-67.3872208176676,10,55,"D1"
"Exponential",-17.6651989255936,10,55,"D3"
"PowerLaw",-40.0724103020114,10,55,"D3"
"Exponential",-14.9096161802368,10,55,"D5"
"PowerLaw",-50.3241403157291,10,55,"D5"
"Exponential",-9.31978692099964,10,55,"D6"
"PowerLaw",-34.5950510506126,10,55,"D6"
"Exponential",-4.03091918421207,10,55,"D7"
"PowerLaw",-38.9879126011687,10,55,"D7"
"Exponential",-37.8862523571163,10,56,"D0"
"PowerLaw",-79.6247466040986,10,56,"D0"
"Exponential",-23.6848358321917,10,56,"D1"
"PowerLaw",-73.2028712833783,10,56,"D1"
"Exponential",-17.5558004213191,10,56,"D3"
"PowerLaw",-38.0640027754907,10,56,"D3"
"Exponential",-16.4737306765253,10,56,"D5"
"PowerLaw",-52.1067750033314,10,56,"D5"
"Exponential",-9.74722613958096,10,56,"D6"
"PowerLaw",-39.2098684139408,10,56,"D6"
"Exponential",-7.16381728621277,10,56,"D7"
"PowerLaw",-28.6671339029985,10,56,"D7"
"Exponential",-38.4878532911121,10,57,"D0"
"PowerLaw",-84.5569577568983,10,57,"D0"
"Exponential",-25.2079245138581,10,57,"D1"
"PowerLaw",-72.3942614839449,10,57,"D1"
"Exponential",-18.5760919389915,10,57,"D3"
"PowerLaw",-40.1926671856127,10,57,"D3"
"Exponential",-17.4694341082627,10,57,"D5"
"PowerLaw",-59.9378532734161,10,57,"D5"
"Exponential",-8.60773506983574,10,57,"D6"
"PowerLaw",-42.0448828188269,10,57,"D6"
"Exponential",-1.43565817218169,10,57,"D7"
"PowerLaw",-22.7693560591964,10,57,"D7"
"Exponential",-39.4307632893632,10,58,"D0"
"PowerLaw",-99.2852052588622,10,58,"D0"
"Exponential",-23.5050191651637,10,58,"D1"
"PowerLaw",-73.2068591315318,10,58,"D1"
"Exponential",-17.9821796536819,10,58,"D3"
"PowerLaw",-37.0453436357749,10,58,"D3"
"Exponential",-17.441152075418,10,58,"D5"
"PowerLaw",-51.3070088723444,10,58,"D5"
"Exponential",-10.0619404875292,10,58,"D6"
"PowerLaw",-34.6478569072463,10,58,"D6"
"Exponential",-4.26669910384159,10,58,"D7"
"PowerLaw",-35.5543395477176,10,58,"D7"
"Exponential",-37.7606994372213,10,59,"D0"
"PowerLaw",-74.6590193377384,10,59,"D0"
"Exponential",-22.9271650793442,10,59,"D1"
"PowerLaw",-69.6034570946768,10,59,"D1"
"Exponential",-17.4786294309596,10,59,"D3"
"PowerLaw",-38.1434072380503,10,59,"D3"
"Exponential",-15.9415727625234,10,59,"D5"
"PowerLaw",-43.0007708251926,10,59,"D5"
"Exponential",-9.62158448925029,10,59,"D6"
"PowerLaw",-33.4240476122244,10,59,"D6"
"Exponential",-2.3713849442786,10,59,"D7"
"PowerLaw",-24.9497391325975,10,59,"D7"
"Exponential",-38.1862360371443,10,60,"D0"
"PowerLaw",-80.5308706200807,10,60,"D0"
"Exponential",-24.6943727204514,10,60,"D1"
"PowerLaw",-69.5871550498382,10,60,"D1"
"Exponential",-17.222187603033,10,60,"D3"
"PowerLaw",-37.440005158487,10,60,"D3"
"Exponential",-16.429864759894,10,60,"D5"
"PowerLaw",-52.9819602940779,10,60,"D5"
"Exponential",-8.11529438644263,10,60,"D6"
"PowerLaw",-38.9011911914095,10,60,"D6"
"Exponential",-5.18389797955311,10,60,"D7"
"PowerLaw",-24.6082245791284,10,60,"D7"
"Exponential",-38.1280213141591,10,61,"D0"
"PowerLaw",-77.7818724352645,10,61,"D0"
"Exponential",-22.8698089181135,10,61,"D1"
"PowerLaw",-67.4692940554925,10,61,"D1"
"Exponential",-18.414698367802,10,61,"D3"
"PowerLaw",-37.1058478139536,10,61,"D3"
"Exponential",-17.5150302056386,10,61,"D5"
"PowerLaw",-47.0550225750535,10,61,"D5"
"Exponential",-10.3194434637632,10,61,"D6"
"PowerLaw",-38.4547931195008,10,61,"D6"
"Exponential",-4.69406942947764,10,61,"D7"
"PowerLaw",-30.1447240027429,10,61,"D7"
"Exponential",-37.7495619579745,10,62,"D0"
"PowerLaw",-73.6256105624773,10,62,"D0"
"Exponential",-23.3071771317519,10,62,"D1"
"PowerLaw",-72.0150267424342,10,62,"D1"
"Exponential",-17.8993193904083,10,62,"D3"
"PowerLaw",-37.2354526661847,10,62,"D3"
"Exponential",-16.0948178200945,10,62,"D5"
"PowerLaw",-61.113545505713,10,62,"D5"
"Exponential",-9.32969673213937,10,62,"D6"
"PowerLaw",-34.4152465409033,10,62,"D6"
"Exponential",-6.27047109477838,10,62,"D7"
"PowerLaw",-35.6592951775159,10,62,"D7"
"Exponential",-39.2614081111732,10,63,"D0"
"PowerLaw",-85.620628120281,10,63,"D0"
"Exponential",-25.1906395009075,10,63,"D1"
"PowerLaw",-71.6807419438913,10,63,"D1"
"Exponential",-17.641559164193,10,63,"D3"
"PowerLaw",-35.8447355099322,10,63,"D3"
"Exponential",-16.4841615838838,10,63,"D5"
"PowerLaw",-44.9969014499229,10,63,"D5"
"Exponential",-8.48556909322427,10,63,"D6"
"PowerLaw",-31.0678968599113,10,63,"D6"
"Exponential",-0.367773205271812,10,63,"D7"
"PowerLaw",-18.3786734479872,10,63,"D7"
"Exponential",-38.1726022049183,10,64,"D0"
"PowerLaw",-81.848356203461,10,64,"D0"
"Exponential",-22.9024275683623,10,64,"D1"
"PowerLaw",-69.2535529158404,10,64,"D1"
"Exponential",-18.9976526729732,10,64,"D3"
"PowerLaw",-40.3589730428877,10,64,"D3"
"Exponential",-16.3201660093953,10,64,"D5"
"PowerLaw",-46.7688949699892,10,64,"D5"
"Exponential",-9.42857266752768,10,64,"D6"
"PowerLaw",-48.8869305378653,10,64,"D6"
"Exponential",-10.1719185007452,10,64,"D7"
"PowerLaw",-33.827704763248,10,64,"D7"
"Exponential",-37.937110925791,10,65,"D0"
"PowerLaw",-76.3418345558983,10,65,"D0"
"Exponential",-22.5583485254613,10,65,"D1"
"PowerLaw",-66.9660928996583,10,65,"D1"
"Exponential",-17.9820304566103,10,65,"D3"
"PowerLaw",-37.4267021000225,10,65,"D3"
"Exponential",-17.1589532104563,10,65,"D5"
"PowerLaw",-46.5532128598963,10,65,"D5"
"Exponential",-9.43235721289578,10,65,"D6"
"PowerLaw",-38.7379407034325,10,65,"D6"
"Exponential",-4.35250763413806,10,65,"D7"
"PowerLaw",-34.6096914926636,10,65,"D7"
"Exponential",-39.0922931863803,10,66,"D0"
"PowerLaw",-87.7570162136347,10,66,"D0"
"Exponential",-25.2646667399092,10,66,"D1"
"PowerLaw",-65.7876007206397,10,66,"D1"
"Exponential",-17.8027310190329,10,66,"D3"
"PowerLaw",-37.692531304164,10,66,"D3"
"Exponential",-15.9830137280162,10,66,"D5"
"PowerLaw",-53.746275920999,10,66,"D5"
"Exponential",-7.9897644361834,10,66,"D6"
"PowerLaw",-32.3777315948711,10,66,"D6"
"Exponential",-5.08695692129654,10,66,"D7"
"PowerLaw",-44.6327949491053,10,66,"D7"
"Exponential",-37.7925467671006,10,67,"D0"
"PowerLaw",-78.9025747097299,10,67,"D0"
"Exponential",-24.9509360721733,10,67,"D1"
"PowerLaw",-64.8704978586221,10,67,"D1"
"Exponential",-17.1669624807557,10,67,"D3"
"PowerLaw",-35.775228070504,10,67,"D3"
"Exponential",-16.7621008009143,10,67,"D5"
"PowerLaw",-45.0609303041332,10,67,"D5"
"Exponential",-7.46713293692458,10,67,"D6"
"PowerLaw",-31.6588988284157,10,67,"D6"
"Exponential",-0.656385899938422,10,67,"D7"
"PowerLaw",-20.4317011706814,10,67,"D7"
"Exponential",-38.169693803544,10,68,"D0"
"PowerLaw",-81.8811360217243,10,68,"D0"
"Exponential",-22.8974744050374,10,68,"D1"
"PowerLaw",-68.6981218183477,10,68,"D1"
"Exponential",-17.9792031217937,10,68,"D3"
"PowerLaw",-37.8113225994388,10,68,"D3"
"Exponential",-15.7063547730771,10,68,"D5"
"PowerLaw",-41.4962454928623,10,68,"D5"
"Exponential",-10.1776951408397,10,68,"D6"
"PowerLaw",-41.3776748076984,10,68,"D6"
"Exponential",-7.44427774667872,10,68,"D7"
"PowerLaw",-51.5476123366535,10,68,"D7"
"Exponential",-37.9513281712605,10,69,"D0"
"PowerLaw",-80.1430575398761,10,69,"D0"
"Exponential",-23.5801106346671,10,69,"D1"
"PowerLaw",-72.6079913379949,10,69,"D1"
"Exponential",-18.5977640298024,10,69,"D3"
"PowerLaw",-39.8806903607562,10,69,"D3"
"Exponential",-15.7335630216833,10,69,"D5"
"PowerLaw",-40.2032253466997,10,69,"D5"
"Exponential",-9.99606505758065,10,69,"D6"
"PowerLaw",-50.1190808610066,10,69,"D6"
"Exponential",-4.38176771777054,10,69,"D7"
"PowerLaw",-36.2072146576747,10,69,"D7"
"Exponential",-38.0392442447205,10,70,"D0"
"PowerLaw",-80.4784468731918,10,70,"D0"
"Exponential",-23.5352117690424,10,70,"D1"
"PowerLaw",-76.3601916827876,10,70,"D1"
"Exponential",-17.8620883065332,10,70,"D3"
"PowerLaw",-36.3959029158985,10,70,"D3"
"Exponential",-16.258195043237,10,70,"D5"
"PowerLaw",-45.1035725033184,10,70,"D5"
"Exponential",-9.11470874316826,10,70,"D6"
"PowerLaw",-33.707516831983,10,70,"D6"
"Exponential",-7.59909502524518,10,70,"D7"
"PowerLaw",-30.6239115818326,10,70,"D7"
"Exponential",-39.2614081111732,10,71,"D0"
"PowerLaw",-85.620628120281,10,71,"D0"
"Exponential",-24.5829344438937,10,71,"D1"
"PowerLaw",-81.9606777661486,10,71,"D1"
"Exponential",-18.5813158732224,10,71,"D3"
"PowerLaw",-37.6637166551778,10,71,"D3"
"Exponential",-15.6853210095381,10,71,"D5"
"PowerLaw",-43.2906403953791,10,71,"D5"
"Exponential",-8.82942321242682,10,71,"D6"
"PowerLaw",-32.5692276555308,10,71,"D6"
"Exponential",-4.44156948206093,10,71,"D7"
"PowerLaw",-30.2021645218736,10,71,"D7"
"Exponential",-38.0224865091288,10,72,"D0"
"PowerLaw",-80.3368511809087,10,72,"D0"
"Exponential",-24.2747055805982,10,72,"D1"
"PowerLaw",-64.3125164258176,10,72,"D1"
"Exponential",-19.0837039903024,10,72,"D3"
"PowerLaw",-40.6731239011958,10,72,"D3"
"Exponential",-15.5810715284243,10,72,"D5"
"PowerLaw",-47.9727643198952,10,72,"D5"
"Exponential",-8.35424220326112,10,72,"D6"
"PowerLaw",-31.4162529738591,10,72,"D6"
"Exponential",-1.6985689762157,10,72,"D7"
"PowerLaw",-20.2760146018916,10,72,"D7"
"Exponential",-38.2401255407225,10,73,"D0"
"PowerLaw",-83.6954721229838,10,73,"D0"
"Exponential",-23.8135529741053,10,73,"D1"
"PowerLaw",-77.767193188617,10,73,"D1"
"Exponential",-18.2769409113395,10,73,"D3"
"PowerLaw",-38.8753301616769,10,73,"D3"
"Exponential",-17.8467088450193,10,73,"D5"
"PowerLaw",-52.0248578691042,10,73,"D5"
"Exponential",-8.70033131527662,10,73,"D6"
"PowerLaw",-42.1994629207385,10,73,"D6"
"Exponential",-3.76799096640521,10,73,"D7"
"PowerLaw",-30.6212270066095,10,73,"D7"
"Exponential",-38.3504033803391,10,74,"D0"
"PowerLaw",-85.653279184418,10,74,"D0"
"Exponential",-24.3463456711515,10,74,"D1"
"PowerLaw",-63.5833153843334,10,74,"D1"
"Exponential",-18.2194353794294,10,74,"D3"
"PowerLaw",-38.7278334757187,10,74,"D3"
"Exponential",-16.4679905914504,10,74,"D5"
"PowerLaw",-54.2570285678464,10,74,"D5"
"Exponential",-9.70848526277797,10,74,"D6"
"PowerLaw",-38.6937036449975,10,74,"D6"
"Exponential",-6.00539227404219,10,74,"D7"
"PowerLaw",-39.2541990129056,10,74,"D7"
"Exponential",-37.9331201077406,10,75,"D0"
"PowerLaw",-79.2810203135648,10,75,"D0"
"Exponential",-22.9094971525338,10,75,"D1"
"PowerLaw",-67.9180332227813,10,75,"D1"
"Exponential",-17.389654211467,10,75,"D3"
"PowerLaw",-35.749624942832,10,75,"D3"
"Exponential",-15.2395753763622,10,75,"D5"
"PowerLaw",-51.6537502565823,10,75,"D5"
"Exponential",-9.17133071944573,10,75,"D6"
"PowerLaw",-35.7439856937352,10,75,"D6"
"Exponential",-3.9089585121248,10,75,"D7"
"PowerLaw",-24.8354098074511,10,75,"D7"
"Exponential",-38.7124202281932,10,76,"D0"
"PowerLaw",-82.1957152675986,10,76,"D0"
"Exponential",-23.4156436249664,10,76,"D1"
"PowerLaw",-73.1555402151334,10,76,"D1"
"Exponential",-18.451976813775,10,76,"D3"
"PowerLaw",-38.0252447922836,10,76,"D3"
"Exponential",-16.1678119690613,10,76,"D5"
"PowerLaw",-46.1465090712763,10,76,"D5"
"Exponential",-9.52087919127287,10,76,"D6"
"PowerLaw",-39.3082380496883,10,76,"D6"
"Exponential",-7.03112045450844,10,76,"D7"
"PowerLaw",-35.8735780942882,10,76,"D7"
"Exponential",-38.5077347534579,10,77,"D0"
"PowerLaw",-84.852142169914,10,77,"D0"
"Exponential",-22.5819817199883,10,77,"D1"
"PowerLaw",-65.7764208490735,10,77,"D1"
"Exponential",-17.780025657226,10,77,"D3"
"PowerLaw",-36.8918678235244,10,77,"D3"
"Exponential",-16.2103578800285,10,77,"D5"
"PowerLaw",-46.0874546441729,10,77,"D5"
"Exponential",-10.2165233555918,10,77,"D6"
"PowerLaw",-42.5001503676687,10,77,"D6"
"Exponential",-7.75620189856754,10,77,"D7"
"PowerLaw",-45.0121553586041,10,77,"D7"
"Exponential",-37.4473484497662,10,78,"D0"
"PowerLaw",-76.6764570826229,10,78,"D0"
"Exponential",-22.4676505387217,10,78,"D1"
"PowerLaw",-65.1206180768976,10,78,"D1"
"Exponential",-18.5412753934209,10,78,"D3"
"PowerLaw",-38.1127630824332,10,78,"D3"
"Exponential",-16.6712643847825,10,78,"D5"
"PowerLaw",-45.9615628981291,10,78,"D5"
"Exponential",-8.26666625500542,10,78,"D6"
"PowerLaw",-31.8270206787251,10,78,"D6"
"Exponential",-7.74069401157904,10,78,"D7"
"PowerLaw",-31.0846095140289,10,78,"D7"
"Exponential",-37.9406801070493,10,79,"D0"
"PowerLaw",-79.51452173528,10,79,"D0"
"Exponential",-23.5490899852151,10,79,"D1"
"PowerLaw",-74.8639379304383,10,79,"D1"
"Exponential",-18.9443184919893,10,79,"D3"
"PowerLaw",-38.8902351357752,10,79,"D3"
"Exponential",-15.3149409806837,10,79,"D5"
"PowerLaw",-47.8314133000079,10,79,"D5"
"Exponential",-9.98057303240274,10,79,"D6"
"PowerLaw",-35.0170982040552,10,79,"D6"
"Exponential",-0.960570672013516,10,79,"D7"
"PowerLaw",-22.3138710920058,10,79,"D7"
"Exponential",-37.9513281712605,10,80,"D0"
"PowerLaw",-80.1430575398761,10,80,"D0"
"Exponential",-23.0089484139024,10,80,"D1"
"PowerLaw",-70.9071710094642,10,80,"D1"
"Exponential",-19.0203453312995,10,80,"D3"
"PowerLaw",-41.1255979806321,10,80,"D3"
"Exponential",-16.1553320503868,10,80,"D5"
"PowerLaw",-50.7447207493021,10,80,"D5"
"Exponential",-7.13363664044816,10,80,"D6"
"PowerLaw",-35.092445777967,10,80,"D6"
"Exponential",-6.05542681904642,10,80,"D7"
"PowerLaw",-37.1083051304747,10,80,"D7"
"Exponential",-39.0922931863803,10,81,"D0"
"PowerLaw",-87.7570162136347,10,81,"D0"
"Exponential",-22.5819817199883,10,81,"D1"
"PowerLaw",-65.7764208490735,10,81,"D1"
"Exponential",-17.2781625500135,10,81,"D3"
"PowerLaw",-36.623330436911,10,81,"D3"
"Exponential",-16.5615058540517,10,81,"D5"
"PowerLaw",-46.8797418351039,10,81,"D5"
"Exponential",-8.6013777693318,10,81,"D6"
"PowerLaw",-35.0729349416122,10,81,"D6"
"Exponential",-1.58072334956786,10,81,"D7"
"PowerLaw",-20.5743702128763,10,81,"D7"
"Exponential",-38.3886343254156,10,82,"D0"
"PowerLaw",-81.5467196755557,10,82,"D0"
"Exponential",-24.8666846103457,10,82,"D1"
"PowerLaw",-67.3876825514046,10,82,"D1"
"Exponential",-17.6626221717536,10,82,"D3"
"PowerLaw",-38.8653311522836,10,82,"D3"
"Exponential",-16.5318497902279,10,82,"D5"
"PowerLaw",-56.2783186566922,10,82,"D5"
"Exponential",-8.98763884515991,10,82,"D6"
"PowerLaw",-29.8416677843106,10,82,"D6"
"Exponential",-6.92073403790671,10,82,"D7"
"PowerLaw",-28.2929176776376,10,82,"D7"
"Exponential",-37.5814804490781,10,83,"D0"
"PowerLaw",-76.4720858076812,10,83,"D0"
"Exponential",-22.4147671307881,10,83,"D1"
"PowerLaw",-64.4520480003117,10,83,"D1"
"Exponential",-18.2673971029645,10,83,"D3"
"PowerLaw",-38.8781267429758,10,83,"D3"
"Exponential",-14.4004823958293,10,83,"D5"
"PowerLaw",-40.9364569643682,10,83,"D5"
"Exponential",-10.0303337640412,10,83,"D6"
"PowerLaw",-38.2260171087384,10,83,"D6"
"Exponential",-4.85835375321984,10,83,"D7"
"PowerLaw",-37.5273345818691,10,83,"D7"
"Exponential",-37.9406801070493,10,84,"D0"
"PowerLaw",-79.51452173528,10,84,"D0"
"Exponential",-23.7789794478707,10,84,"D1"
"PowerLaw",-78.9253075516512,10,84,"D1"
"Exponential",-18.3071579111704,10,84,"D3"
"PowerLaw",-38.6140000266915,10,84,"D3"
"Exponential",-14.8748407300127,10,84,"D5"
"PowerLaw",-43.6094071008084,10,84,"D5"
"Exponential",-8.39941062129199,10,84,"D6"
"PowerLaw",-30.6830623998376,10,84,"D6"
"Exponential",-5.11067863190941,10,84,"D7"
"PowerLaw",-37.9013838311002,10,84,"D7"
"Exponential",-37.7300940458076,10,85,"D0"
"PowerLaw",-75.7842865203505,10,85,"D0"
"Exponential",-22.6507637653586,10,85,"D1"
"PowerLaw",-65.3612575730361,10,85,"D1"
"Exponential",-17.7055300061007,10,85,"D3"
"PowerLaw",-37.6308261408031,10,85,"D3"
"Exponential",-15.7096709845601,10,85,"D5"
"PowerLaw",-57.3885822927003,10,85,"D5"
"Exponential",-9.58201490898636,10,85,"D6"
"PowerLaw",-31.5258496557674,10,85,"D6"
"Exponential",0.71520736880469,10,85,"D7"
"PowerLaw",-23.0516353169698,10,85,"D7"
"Exponential",-37.9131612513129,10,86,"D0"
"PowerLaw",-79.3733940272717,10,86,"D0"
"Exponential",-23.4459026402033,10,86,"D1"
"PowerLaw",-74.2581578205743,10,86,"D1"
"Exponential",-17.0010556238742,10,86,"D3"
"PowerLaw",-35.964854267108,10,86,"D3"
"Exponential",-16.3878314930327,10,86,"D5"
"PowerLaw",-49.9259538605507,10,86,"D5"
"Exponential",-8.89741278806247,10,86,"D6"
"PowerLaw",-37.7251656866403,10,86,"D6"
"Exponential",-5.11422512308996,10,86,"D7"
"PowerLaw",-26.7081708565054,10,86,"D7"
"Exponential",-38.0902057988215,10,87,"D0"
"PowerLaw",-85.7059352961523,10,87,"D0"
"Exponential",-23.5352117690424,10,87,"D1"
"PowerLaw",-76.3601916827876,10,87,"D1"
"Exponential",-17.3186675989698,10,87,"D3"
"PowerLaw",-36.0961029271918,10,87,"D3"
"Exponential",-15.421318237781,10,87,"D5"
"PowerLaw",-44.0633352603091,10,87,"D5"
"Exponential",-9.27354833280818,10,87,"D6"
"PowerLaw",-36.1834902715068,10,87,"D6"
"Exponential",-3.68686054865547,10,87,"D7"
"PowerLaw",-35.4933315330076,10,87,"D7"
"Exponential",-39.1682047093228,10,88,"D0"
"PowerLaw",-85.5235431622779,10,88,"D0"
"Exponential",-25.0287386045365,10,88,"D1"
"PowerLaw",-68.9077019593508,10,88,"D1"
"Exponential",-18.4948716831352,10,88,"D3"
"PowerLaw",-38.0932997188109,10,88,"D3"
"Exponential",-16.8535118528301,10,88,"D5"
"PowerLaw",-52.7023879545726,10,88,"D5"
"Exponential",-8.73105017658417,10,88,"D6"
"PowerLaw",-43.7242321537104,10,88,"D6"
"Exponential",-7.14468703211162,10,88,"D7"
"PowerLaw",-28.899132138695,10,88,"D7"
"Exponential",-37.5828364707042,10,89,"D0"
"PowerLaw",-77.2985557549354,10,89,"D0"
"Exponential",-23.9442367740222,10,89,"D1"
"PowerLaw",-63.5143025140357,10,89,"D1"
"Exponential",-17.2984676182895,10,89,"D3"
"PowerLaw",-38.1600820974892,10,89,"D3"
"Exponential",-15.6510016499084,10,89,"D5"
"PowerLaw",-51.4679331244789,10,89,"D5"
"Exponential",-8.43723483754313,10,89,"D6"
"PowerLaw",-33.6277922144273,10,89,"D6"
"Exponential",-0.320399243117832,10,89,"D7"
"PowerLaw",-26.6573572968407,10,89,"D7"
"Exponential",-38.5543069842236,10,90,"D0"
"PowerLaw",-86.2587848439044,10,90,"D0"
"Exponential",-23.7063811911208,10,90,"D1"
"PowerLaw",-78.6340368564087,10,90,"D1"
"Exponential",-17.3598007920404,10,90,"D3"
"PowerLaw",-38.416102700358,10,90,"D3"
"Exponential",-16.4799461198453,10,90,"D5"
"PowerLaw",-43.7171767367293,10,90,"D5"
"Exponential",-9.14416357940687,10,90,"D6"
"PowerLaw",-37.9587728201103,10,90,"D6"
"Exponential",-6.31638239266232,10,90,"D7"
"PowerLaw",-34.069051695546,10,90,"D7"
"Exponential",-37.7256193775567,10,91,"D0"
"PowerLaw",-74.1886048537601,10,91,"D0"
"Exponential",-24.903390240411,10,91,"D1"
"PowerLaw",-70.9833263058511,10,91,"D1"
"Exponential",-17.9485900964546,10,91,"D3"
"PowerLaw",-36.5244874608953,10,91,"D3"
"Exponential",-17.1664855248957,10,91,"D5"
"PowerLaw",-49.7958508733047,10,91,"D5"
"Exponential",-8.98046534898088,10,91,"D6"
"PowerLaw",-48.5601251842032,10,91,"D6"
"Exponential",-3.67707174061185,10,91,"D7"
"PowerLaw",-51.2162090120002,10,91,"D7"
"Exponential",-39.3140460628856,10,92,"D0"
"PowerLaw",-85.9656318666615,10,92,"D0"
"Exponential",-23.1314021514499,10,92,"D1"
"PowerLaw",-71.0925608890083,10,92,"D1"
"Exponential",-17.7486868901528,10,92,"D3"
"PowerLaw",-37.0428794724676,10,92,"D3"
"Exponential",-14.8380266060079,10,92,"D5"
"PowerLaw",-48.7074452362933,10,92,"D5"
"Exponential",-8.10253821676518,10,92,"D6"
"PowerLaw",-29.6027593757924,10,92,"D6"
"Exponential",-4.92383774024238,10,92,"D7"
"PowerLaw",-27.1500842165761,10,92,"D7"
"Exponential",-37.8437646729708,10,93,"D0"
"PowerLaw",-79.9995149739759,10,93,"D0"
"Exponential",-22.4147671307881,10,93,"D1"
"PowerLaw",-64.4520480003117,10,93,"D1"
"Exponential",-16.6745315935801,10,93,"D3"
"PowerLaw",-35.9615497788962,10,93,"D3"
"Exponential",-17.0682242990292,10,93,"D5"
"PowerLaw",-48.6032264886875,10,93,"D5"
"Exponential",-8.35349010665151,10,93,"D6"
"PowerLaw",-49.6600192465351,10,93,"D6"
"Exponential",-4.46307691662021,10,93,"D7"
"PowerLaw",-45.8060116194746,10,93,"D7"
"Exponential",-38.0790504666252,10,94,"D0"
"PowerLaw",-81.2656616195839,10,94,"D0"
"Exponential",-23.9114861066145,10,94,"D1"
"PowerLaw",-77.7486204439954,10,94,"D1"
"Exponential",-17.5053113797759,10,94,"D3"
"PowerLaw",-35.2972469069093,10,94,"D3"
"Exponential",-17.1136883720175,10,94,"D5"
"PowerLaw",-50.8679872044421,10,94,"D5"
"Exponential",-9.56688769697253,10,94,"D6"
"PowerLaw",-37.8127510128875,10,94,"D6"
"Exponential",-9.14539855597709,10,94,"D7"
"PowerLaw",-49.4400900754094,10,94,"D7"
"Exponential",-38.1862360371443,10,95,"D0"
"PowerLaw",-80.5308706200807,10,95,"D0"
"Exponential",-25.3262185764929,10,95,"D1"
"PowerLaw",-71.7653827652355,10,95,"D1"
"Exponential",-17.2294366014103,10,95,"D3"
"PowerLaw",-33.7581153919646,10,95,"D3"
"Exponential",-16.2207551362486,10,95,"D5"
"PowerLaw",-48.8655904320661,10,95,"D5"
"Exponential",-9.07268104408649,10,95,"D6"
"PowerLaw",-51.9645243579446,10,95,"D6"
"Exponential",-2.96693522454285,10,95,"D7"
"PowerLaw",-23.1790114667627,10,95,"D7"
"Exponential",-38.1595689310725,10,96,"D0"
"PowerLaw",-80.2961113102323,10,96,"D0"
"Exponential",-25.1594655893045,10,96,"D1"
"PowerLaw",-70.0255739588407,10,96,"D1"
"Exponential",-18.4676556182074,10,96,"D3"
"PowerLaw",-36.9536431770567,10,96,"D3"
"Exponential",-15.9586160422774,10,96,"D5"
"PowerLaw",-45.6707634708366,10,96,"D5"
"Exponential",-10.1231872541973,10,96,"D6"
"PowerLaw",-38.8891210160261,10,96,"D6"
"Exponential",-4.65353709131663,10,96,"D7"
"PowerLaw",-29.9909514543671,10,96,"D7"
"Exponential",-38.4029565081287,10,97,"D0"
"PowerLaw",-83.4271033829167,10,97,"D0"
"Exponential",-22.8059991858507,10,97,"D1"
"PowerLaw",-66.7334688193277,10,97,"D1"
"Exponential",-17.635085637286,10,97,"D3"
"PowerLaw",-39.2096902115708,10,97,"D3"
"Exponential",-15.682274512599,10,97,"D5"
"PowerLaw",-46.335019750079,10,97,"D5"
"Exponential",-8.6787395149288,10,97,"D6"
"PowerLaw",-34.4336369629218,10,97,"D6"
"Exponential",-4.48175714362017,10,97,"D7"
"PowerLaw",-24.5662109679068,10,97,"D7"
"Exponential",-38.9773593540761,10,98,"D0"
"PowerLaw",-84.4624417972206,10,98,"D0"
"Exponential",-23.8775415504199,10,98,"D1"
"PowerLaw",-78.5841085407475,10,98,"D1"
"Exponential",-17.8760443359942,10,98,"D3"
"PowerLaw",-39.0828796925496,10,98,"D3"
"Exponential",-16.6371002047482,10,98,"D5"
"PowerLaw",-45.6563662443603,10,98,"D5"
"Exponential",-10.5457841991126,10,98,"D6"
"PowerLaw",-49.7052409842053,10,98,"D6"
"Exponential",-4.32706175004396,10,98,"D7"
"PowerLaw",-41.2517262804434,10,98,"D7"
"Exponential",-37.9533591256563,10,99,"D0"
"PowerLaw",-79.0412869522158,10,99,"D0"
"Exponential",-25.2077965287705,10,99,"D1"
"PowerLaw",-64.8116578862002,10,99,"D1"
"Exponential",-17.9678527173515,10,99,"D3"
"PowerLaw",-38.3601211936598,10,99,"D3"
"Exponential",-15.5490041645939,10,99,"D5"
"PowerLaw",-45.0421572051974,10,99,"D5"
"Exponential",-7.43689651589583,10,99,"D6"
"PowerLaw",-45.0347191914071,10,99,"D6"
"Exponential",-2.52528252346413,10,99,"D7"
"PowerLaw",-22.6861917402069,10,99,"D7"
"Exponential",-38.7005195525597,10,100,"D0"
"PowerLaw",-83.4228391815045,10,100,"D0"
"Exponential",-24.0547497779503,10,100,"D1"
"PowerLaw",-63.5001586617408,10,100,"D1"
"Exponential",-17.7956576069494,10,100,"D3"
"PowerLaw",-33.9145541434069,10,100,"D3"
"Exponential",-16.0178898965556,10,100,"D5"
"PowerLaw",-42.4179075395994,10,100,"D5"
"Exponential",-8.421524679695,10,100,"D6"
"PowerLaw",-42.6937038609196,10,100,"D6"
"Exponential",-5.56427032784556,10,100,"D7"
"PowerLaw",-25.3471788963993,10,100,"D7"
"Exponential",-45.289824083085,12,1,"D0"
"PowerLaw",-98.3057998451553,12,1,"D0"
"Exponential",-26.5584022964323,12,1,"D1"
"PowerLaw",-74.9690955297042,12,1,"D1"
"Exponential",-21.6748087475964,12,1,"D3"
"PowerLaw",-42.8721724605729,12,1,"D3"
"Exponential",-17.479434283041,12,1,"D5"
"PowerLaw",-50.2709890461542,12,1,"D5"
"Exponential",-10.2185258479466,12,1,"D6"
"PowerLaw",-36.7047915845557,12,1,"D6"
"Exponential",-6.16885857503146,12,1,"D7"
"PowerLaw",-49.2683161848631,12,1,"D7"
"Exponential",-45.4793193848877,12,2,"D0"
"PowerLaw",-99.8031075809387,12,2,"D0"
"Exponential",-26.5675837168294,12,2,"D1"
"PowerLaw",-75.2956466061037,12,2,"D1"
"Exponential",-21.5367797769979,12,2,"D3"
"PowerLaw",-45.2147516223904,12,2,"D3"
"Exponential",-17.9821627833227,12,2,"D5"
"PowerLaw",-49.4266969064839,12,2,"D5"
"Exponential",-10.8966698165664,12,2,"D6"
"PowerLaw",-41.2148959128773,12,2,"D6"
"Exponential",-8.48078087147197,12,2,"D7"
"PowerLaw",-42.1394856504967,12,2,"D7"
"Exponential",-45.2218215994362,12,3,"D0"
"PowerLaw",-94.2388936163718,12,3,"D0"
"Exponential",-27.5869151364734,12,3,"D1"
"PowerLaw",-83.3904807529953,12,3,"D1"
"Exponential",-21.4007343038444,12,3,"D3"
"PowerLaw",-47.3255790240621,12,3,"D3"
"Exponential",-17.6771694659212,12,3,"D5"
"PowerLaw",-46.2065456169667,12,3,"D5"
"Exponential",-9.19597891939044,12,3,"D6"
"PowerLaw",-39.8924281945883,12,3,"D6"
"Exponential",-10.0617554072874,12,3,"D7"
"PowerLaw",-39.0314079742015,12,3,"D7"
"Exponential",-44.9336004041441,12,4,"D0"
"PowerLaw",-92.9645980161039,12,4,"D0"
"Exponential",-28.4314792027841,12,4,"D1"
"PowerLaw",-75.4562514480428,12,4,"D1"
"Exponential",-21.8700041132726,12,4,"D3"
"PowerLaw",-46.8413488296598,12,4,"D3"
"Exponential",-17.5588809430116,12,4,"D5"
"PowerLaw",-51.3231819205851,12,4,"D5"
"Exponential",-10.5479951140243,12,4,"D6"
"PowerLaw",-52.9534207378403,12,4,"D6"
"Exponential",-7.9976306176516,12,4,"D7"
"PowerLaw",-46.4545925023512,12,4,"D7"
"Exponential",-45.027733164582,12,5,"D0"
"PowerLaw",-96.3300136915308,12,5,"D0"
"Exponential",-28.4314792027841,12,5,"D1"
"PowerLaw",-75.4562514480428,12,5,"D1"
"Exponential",-20.435627791886,12,5,"D3"
"PowerLaw",-43.6855125183163,12,5,"D3"
"Exponential",-18.675241334151,12,5,"D5"
"PowerLaw",-59.9431319112975,12,5,"D5"
"Exponential",-10.2512411167341,12,5,"D6"
"PowerLaw",-45.4038420576899,12,5,"D6"
"Exponential",-10.1842633355765,12,5,"D7"
"PowerLaw",-50.1683735050537,12,5,"D7"
"Exponential",-44.7421499004204,12,6,"D0"
"PowerLaw",-90.06128914459,12,6,"D0"
"Exponential",-26.5584022964323,12,6,"D1"
"PowerLaw",-74.9690955297042,12,6,"D1"
"Exponential",-21.6199043709988,12,6,"D3"
"PowerLaw",-45.6881460100852,12,6,"D3"
"Exponential",-19.0814652080571,12,6,"D5"
"PowerLaw",-63.4644166334166,12,6,"D5"
"Exponential",-9.84336783776801,12,6,"D6"
"PowerLaw",-45.7565119171947,12,6,"D6"
"Exponential",-2.3851804571667,12,6,"D7"
"PowerLaw",-38.1257590296829,12,6,"D7"
"Exponential",-45.5823311650682,12,7,"D0"
"PowerLaw",-98.7341675976803,12,7,"D0"
"Exponential",-26.9037913025707,12,7,"D1"
"PowerLaw",-78.9719765398743,12,7,"D1"
"Exponential",-22.1140846463713,12,7,"D3"
"PowerLaw",-48.6884854228677,12,7,"D3"
"Exponential",-20.4617670149327,12,7,"D5"
"PowerLaw",-63.1943544488161,12,7,"D5"
"Exponential",-10.259788830071,12,7,"D6"
"PowerLaw",-38.2218834486089,12,7,"D6"
"Exponential",-9.32479014909308,12,7,"D7"
"PowerLaw",-52.6788823270505,12,7,"D7"
"Exponential",-45.4615600415347,12,8,"D0"
"PowerLaw",-95.4393554035847,12,8,"D0"
"Exponential",-26.5639699942462,12,8,"D1"
"PowerLaw",-74.6148020797344,12,8,"D1"
"Exponential",-21.9731481670307,12,8,"D3"
"PowerLaw",-44.2345300021036,12,8,"D3"
"Exponential",-17.7475894341024,12,8,"D5"
"PowerLaw",-57.6127633238504,12,8,"D5"
"Exponential",-10.6536151950593,12,8,"D6"
"PowerLaw",-45.7536110636964,12,8,"D6"
"Exponential",-5.05609725321783,12,8,"D7"
"PowerLaw",-46.0513774039576,12,8,"D7"
"Exponential",-44.7262803270219,12,9,"D0"
"PowerLaw",-91.8344745578848,12,9,"D0"
"Exponential",-26.6678848662052,12,9,"D1"
"PowerLaw",-78.2434655152001,12,9,"D1"
"Exponential",-21.8968413124522,12,9,"D3"
"PowerLaw",-46.9375953678831,12,9,"D3"
"Exponential",-19.912930161816,12,9,"D5"
"PowerLaw",-57.975824396233,12,9,"D5"
"Exponential",-9.57588475747341,12,9,"D6"
"PowerLaw",-40.7562983446959,12,9,"D6"
"Exponential",-9.14639580022095,12,9,"D7"
"PowerLaw",-52.5524687445105,12,9,"D7"
"Exponential",-44.6699325403604,12,10,"D0"
"PowerLaw",-92.5397158211306,12,10,"D0"
"Exponential",-27.2082551412496,12,10,"D1"
"PowerLaw",-79.844872886723,12,10,"D1"
"Exponential",-22.1070680706232,12,10,"D3"
"PowerLaw",-46.7759058575177,12,10,"D3"
"Exponential",-18.7224680320063,12,10,"D5"
"PowerLaw",-66.2906050616453,12,10,"D5"
"Exponential",-10.70099528361,12,10,"D6"
"PowerLaw",-46.8318541245979,12,10,"D6"
"Exponential",-2.96365782211727,12,10,"D7"
"PowerLaw",-36.8440518561735,12,10,"D7"
"Exponential",-44.8159502684494,12,11,"D0"
"PowerLaw",-89.2724826115851,12,11,"D0"
"Exponential",-26.5119802903943,12,11,"D1"
"PowerLaw",-76.6547901596654,12,11,"D1"
"Exponential",-20.9538560430854,12,11,"D3"
"PowerLaw",-45.0531728828383,12,11,"D3"
"Exponential",-19.7380122343521,12,11,"D5"
"PowerLaw",-59.0918701490195,12,11,"D5"
"Exponential",-10.9532783195178,12,11,"D6"
"PowerLaw",-41.3590355770107,12,11,"D6"
"Exponential",-3.62051233890481,12,11,"D7"
"PowerLaw",-42.3504559324012,12,11,"D7"
"Exponential",-44.8388464238467,12,12,"D0"
"PowerLaw",-92.2476893636476,12,12,"D0"
"Exponential",-27.2082551412496,12,12,"D1"
"PowerLaw",-79.844872886723,12,12,"D1"
"Exponential",-21.5609211330889,12,12,"D3"
"PowerLaw",-44.8810182311794,12,12,"D3"
"Exponential",-19.0275830798927,12,12,"D5"
"PowerLaw",-58.1797975453152,12,12,"D5"
"Exponential",-10.4644746621433,12,12,"D6"
"PowerLaw",-40.0437126712465,12,12,"D6"
"Exponential",-0.792910212498507,12,12,"D7"
"PowerLaw",-26.3351457312843,12,12,"D7"
"Exponential",-45.3405047957327,12,13,"D0"
"PowerLaw",-93.711204631212,12,13,"D0"
"Exponential",-29.3187307824232,12,13,"D1"
"PowerLaw",-75.7861478757477,12,13,"D1"
"Exponential",-21.3011283530752,12,13,"D3"
"PowerLaw",-46.2125757227142,12,13,"D3"
"Exponential",-19.9789131242809,12,13,"D5"
"PowerLaw",-61.6426025683372,12,13,"D5"
"Exponential",-10.4039254765098,12,13,"D6"
"PowerLaw",-40.7991788507816,12,13,"D6"
"Exponential",-12.718336795113,12,13,"D7"
"PowerLaw",-46.029786262287,12,13,"D7"
"Exponential",-44.6748908446248,12,14,"D0"
"PowerLaw",-88.7485335850597,12,14,"D0"
"Exponential",-26.9666549325111,12,14,"D1"
"PowerLaw",-78.6156801563478,12,14,"D1"
"Exponential",-21.6184360254868,12,14,"D3"
"PowerLaw",-46.4303478374834,12,14,"D3"
"Exponential",-18.3456407948305,12,14,"D5"
"PowerLaw",-56.8552533808721,12,14,"D5"
"Exponential",-12.1610466552914,12,14,"D6"
"PowerLaw",-40.6227347092242,12,14,"D6"
"Exponential",-7.63673117839051,12,14,"D7"
"PowerLaw",-36.1885660073911,12,14,"D7"
"Exponential",-44.7998234378804,12,15,"D0"
"PowerLaw",-91.4807804066079,12,15,"D0"
"Exponential",-26.3309104298897,12,15,"D1"
"PowerLaw",-74.0945108299509,12,15,"D1"
"Exponential",-20.404707381367,12,15,"D3"
"PowerLaw",-43.1737112701623,12,15,"D3"
"Exponential",-18.8041610950657,12,15,"D5"
"PowerLaw",-68.2655408597874,12,15,"D5"
"Exponential",-11.7104995416172,12,15,"D6"
"PowerLaw",-62.1438197665222,12,15,"D6"
"Exponential",-3.99010295317633,12,15,"D7"
"PowerLaw",-57.8030348815855,12,15,"D7"
"Exponential",-44.8114292620683,12,16,"D0"
"PowerLaw",-94.5709840396727,12,16,"D0"
"Exponential",-27.3977293386356,12,16,"D1"
"PowerLaw",-83.2544910562143,12,16,"D1"
"Exponential",-20.9710692850308,12,16,"D3"
"PowerLaw",-44.3243259026594,12,16,"D3"
"Exponential",-20.1606939007898,12,16,"D5"
"PowerLaw",-54.8469739572282,12,16,"D5"
"Exponential",-9.59008507291992,12,16,"D6"
"PowerLaw",-42.6485870325064,12,16,"D6"
"Exponential",-7.28096793804376,12,16,"D7"
"PowerLaw",-41.8360682361985,12,16,"D7"
"Exponential",-45.0115574182048,12,17,"D0"
"PowerLaw",-96.6526487090707,12,17,"D0"
"Exponential",-27.2424203252277,12,17,"D1"
"PowerLaw",-79.686864408484,12,17,"D1"
"Exponential",-22.1498197811437,12,17,"D3"
"PowerLaw",-45.0648610166779,12,17,"D3"
"Exponential",-20.9191013205893,12,17,"D5"
"PowerLaw",-70.7340285210726,12,17,"D5"
"Exponential",-12.0164820704632,12,17,"D6"
"PowerLaw",-55.8902045249788,12,17,"D6"
"Exponential",-4.33557206189334,12,17,"D7"
"PowerLaw",-46.7431176160188,12,17,"D7"
"Exponential",-44.9402587289573,12,18,"D0"
"PowerLaw",-93.3240214579772,12,18,"D0"
"Exponential",-26.5639699942462,12,18,"D1"
"PowerLaw",-74.6148020797344,12,18,"D1"
"Exponential",-22.0694012312849,12,18,"D3"
"PowerLaw",-44.6887184745839,12,18,"D3"
"Exponential",-20.4460434712104,12,18,"D5"
"PowerLaw",-62.5814407274257,12,18,"D5"
"Exponential",-8.95536429285623,12,18,"D6"
"PowerLaw",-31.8141949071279,12,18,"D6"
"Exponential",-2.25660488210088,12,18,"D7"
"PowerLaw",-26.5633975970264,12,18,"D7"
"Exponential",-45.8342285541919,12,19,"D0"
"PowerLaw",-101.043798535709,12,19,"D0"
"Exponential",-26.8880451965713,12,19,"D1"
"PowerLaw",-79.2554837525178,12,19,"D1"
"Exponential",-21.4203234505238,12,19,"D3"
"PowerLaw",-44.6507795470702,12,19,"D3"
"Exponential",-20.0250764083803,12,19,"D5"
"PowerLaw",-55.1278203736927,12,19,"D5"
"Exponential",-11.0699216810139,12,19,"D6"
"PowerLaw",-65.621692685179,12,19,"D6"
"Exponential",-9.15150180267072,12,19,"D7"
"PowerLaw",-51.8882701213383,12,19,"D7"
"Exponential",-45.0129944779775,12,20,"D0"
"PowerLaw",-96.8970439783514,12,20,"D0"
"Exponential",-26.4830151576725,12,20,"D1"
"PowerLaw",-75.2639203565357,12,20,"D1"
"Exponential",-22.2449338945743,12,20,"D3"
"PowerLaw",-47.0868668181605,12,20,"D3"
"Exponential",-20.6317688398989,12,20,"D5"
"PowerLaw",-55.492414805344,12,20,"D5"
"Exponential",-11.8265769026472,12,20,"D6"
"PowerLaw",-35.1134562376184,12,20,"D6"
"Exponential",-4.43381203547021,12,20,"D7"
"PowerLaw",-41.4421613833896,12,20,"D7"
"Exponential",-45.289824083085,12,21,"D0"
"PowerLaw",-98.3057998451553,12,21,"D0"
"Exponential",-26.9037913025707,12,21,"D1"
"PowerLaw",-78.9719765398743,12,21,"D1"
"Exponential",-21.5887644574418,12,21,"D3"
"PowerLaw",-45.415117449098,12,21,"D3"
"Exponential",-18.7245659422151,12,21,"D5"
"PowerLaw",-76.1787281862801,12,21,"D5"
"Exponential",-10.9243388960042,12,21,"D6"
"PowerLaw",-39.089038799776,12,21,"D6"
"Exponential",-4.20055470924531,12,21,"D7"
"PowerLaw",-32.1029955437344,12,21,"D7"
"Exponential",-44.7421499004204,12,22,"D0"
"PowerLaw",-90.06128914459,12,22,"D0"
"Exponential",-26.5654899644824,12,22,"D1"
"PowerLaw",-76.0589278497969,12,22,"D1"
"Exponential",-21.9883595585492,12,22,"D3"
"PowerLaw",-45.7103671495277,12,22,"D3"
"Exponential",-20.5256942205032,12,22,"D5"
"PowerLaw",-55.227627042012,12,22,"D5"
"Exponential",-10.3966277947078,12,22,"D6"
"PowerLaw",-44.0702832208696,12,22,"D6"
"Exponential",-1.35756192942003,12,22,"D7"
"PowerLaw",-28.0101089721509,12,22,"D7"
"Exponential",-45.3883364700911,12,23,"D0"
"PowerLaw",-96.7058489367744,12,23,"D0"
"Exponential",-28.9678810030753,12,23,"D1"
"PowerLaw",-77.893107216925,12,23,"D1"
"Exponential",-21.5409246689474,12,23,"D3"
"PowerLaw",-46.5334428165144,12,23,"D3"
"Exponential",-20.2680095343647,12,23,"D5"
"PowerLaw",-61.107912342542,12,23,"D5"
"Exponential",-10.6072654406013,12,23,"D6"
"PowerLaw",-41.7181430232011,12,23,"D6"
"Exponential",-7.17256621137096,12,23,"D7"
"PowerLaw",-40.7771085317493,12,23,"D7"
"Exponential",-44.6699325403604,12,24,"D0"
"PowerLaw",-92.5397158211306,12,24,"D0"
"Exponential",-26.2419371338718,12,24,"D1"
"PowerLaw",-72.8874514148778,12,24,"D1"
"Exponential",-21.759204237875,12,24,"D3"
"PowerLaw",-46.1268523416331,12,24,"D3"
"Exponential",-18.2449129352184,12,24,"D5"
"PowerLaw",-61.8292437408308,12,24,"D5"
"Exponential",-11.1201034831036,12,24,"D6"
"PowerLaw",-53.5816263672393,12,24,"D6"
"Exponential",-5.1761390670179,12,24,"D7"
"PowerLaw",-40.563483200787,12,24,"D7"
"Exponential",-45.0589993389954,12,25,"D0"
"PowerLaw",-97.6755287486092,12,25,"D0"
"Exponential",-27.0077833626599,12,25,"D1"
"PowerLaw",-77.487737339223,12,25,"D1"
"Exponential",-22.019981692928,12,25,"D3"
"PowerLaw",-45.6740317633375,12,25,"D3"
"Exponential",-17.7227273358821,12,25,"D5"
"PowerLaw",-52.6959402228569,12,25,"D5"
"Exponential",-10.0528758955341,12,25,"D6"
"PowerLaw",-39.5327680347166,12,25,"D6"
"Exponential",-4.39447909307055,12,25,"D7"
"PowerLaw",-32.1271859036564,12,25,"D7"
"Exponential",-44.8076777796226,12,26,"D0"
"PowerLaw",-88.794605928323,12,26,"D0"
"Exponential",-26.1698182812811,12,26,"D1"
"PowerLaw",-72.638261587984,12,26,"D1"
"Exponential",-21.4364362149575,12,26,"D3"
"PowerLaw",-45.4851478528573,12,26,"D3"
"Exponential",-19.6438373851285,12,26,"D5"
"PowerLaw",-64.2397167250776,12,26,"D5"
"Exponential",-9.35431641116115,12,26,"D6"
"PowerLaw",-35.4065589614071,12,26,"D6"
"Exponential",-6.38505972876594,12,26,"D7"
"PowerLaw",-59.0463058301679,12,26,"D7"
"Exponential",-45.2218215994362,12,27,"D0"
"PowerLaw",-94.2388936163718,12,27,"D0"
"Exponential",-26.7467189093366,12,27,"D1"
"PowerLaw",-77.7032272475117,12,27,"D1"
"Exponential",-22.2306776080063,12,27,"D3"
"PowerLaw",-44.857148433008,12,27,"D3"
"Exponential",-19.6039071063424,12,27,"D5"
"PowerLaw",-66.6866898057742,12,27,"D5"
"Exponential",-10.3324281149765,12,27,"D6"
"PowerLaw",-37.199767132774,12,27,"D6"
"Exponential",-2.70260710852622,12,27,"D7"
"PowerLaw",-28.100548997955,12,27,"D7"
"Exponential",-45.3929572796677,12,28,"D0"
"PowerLaw",-99.4075812099448,12,28,"D0"
"Exponential",-26.5022320319676,12,28,"D1"
"PowerLaw",-74.882151639307,12,28,"D1"
"Exponential",-20.4311431062961,12,28,"D3"
"PowerLaw",-44.1596401043482,12,28,"D3"
"Exponential",-17.9667409387721,12,28,"D5"
"PowerLaw",-53.2042235748382,12,28,"D5"
"Exponential",-10.7135044545086,12,28,"D6"
"PowerLaw",-40.1131448678795,12,28,"D6"
"Exponential",-7.78839472536511,12,28,"D7"
"PowerLaw",-49.0047036967711,12,28,"D7"
"Exponential",-44.9085701684786,12,29,"D0"
"PowerLaw",-92.3638290343807,12,29,"D0"
"Exponential",-26.3472960736394,12,29,"D1"
"PowerLaw",-73.7306557656897,12,29,"D1"
"Exponential",-20.8180364721112,12,29,"D3"
"PowerLaw",-41.839419821742,12,29,"D3"
"Exponential",-19.7023766749272,12,29,"D5"
"PowerLaw",-68.6093188570241,12,29,"D5"
"Exponential",-10.5238673936916,12,29,"D6"
"PowerLaw",-32.9753495888255,12,29,"D6"
"Exponential",-5.63533311741532,12,29,"D7"
"PowerLaw",-40.8536587429573,12,29,"D7"
"Exponential",-45.289824083085,12,30,"D0"
"PowerLaw",-98.3057998451553,12,30,"D0"
"Exponential",-28.9492651957069,12,30,"D1"
"PowerLaw",-77.5466588955043,12,30,"D1"
"Exponential",-22.3392784986469,12,30,"D3"
"PowerLaw",-45.6618833005392,12,30,"D3"
"Exponential",-18.0080847225496,12,30,"D5"
"PowerLaw",-58.1092416529646,12,30,"D5"
"Exponential",-10.9207414683701,12,30,"D6"
"PowerLaw",-50.7584882286979,12,30,"D6"
"Exponential",-8.53203454576237,12,30,"D7"
"PowerLaw",-57.3084067543604,12,30,"D7"
"Exponential",-45.9108279505005,12,31,"D0"
"PowerLaw",-102.098021806796,12,31,"D0"
"Exponential",-26.5639699942462,12,31,"D1"
"PowerLaw",-74.6148020797344,12,31,"D1"
"Exponential",-21.3577047809191,12,31,"D3"
"PowerLaw",-45.6087502947839,12,31,"D3"
"Exponential",-19.5743205528074,12,31,"D5"
"PowerLaw",-54.5651579204352,12,31,"D5"
"Exponential",-10.0528390053919,12,31,"D6"
"PowerLaw",-46.1110234079785,12,31,"D6"
"Exponential",-6.52657700151148,12,31,"D7"
"PowerLaw",-42.6375438034138,12,31,"D7"
"Exponential",-45.0251529229512,12,32,"D0"
"PowerLaw",-95.6390466430111,12,32,"D0"
"Exponential",-28.4320198200832,12,32,"D1"
"PowerLaw",-73.167549305031,12,32,"D1"
"Exponential",-21.5351992494018,12,32,"D3"
"PowerLaw",-46.1384513783022,12,32,"D3"
"Exponential",-20.4491041524222,12,32,"D5"
"PowerLaw",-59.600217636906,12,32,"D5"
"Exponential",-9.94163891817219,12,32,"D6"
"PowerLaw",-35.0089028836592,12,32,"D6"
"Exponential",-2.29652866423554,12,32,"D7"
"PowerLaw",-29.3889408774585,12,32,"D7"
"Exponential",-45.1060931780832,12,33,"D0"
"PowerLaw",-97.1678853392449,12,33,"D0"
"Exponential",-26.2789798270942,12,33,"D1"
"PowerLaw",-73.0652491251225,12,33,"D1"
"Exponential",-20.9908511676831,12,33,"D3"
"PowerLaw",-43.3469611853068,12,33,"D3"
"Exponential",-18.953066728066,12,33,"D5"
"PowerLaw",-61.9391979548204,12,33,"D5"
"Exponential",-11.9968537173339,12,33,"D6"
"PowerLaw",-45.9771399333098,12,33,"D6"
"Exponential",-6.48486894819475,12,33,"D7"
"PowerLaw",-41.7767581049411,12,33,"D7"
"Exponential",-45.7817003289001,12,34,"D0"
"PowerLaw",-103.913863703283,12,34,"D0"
"Exponential",-26.5184758369774,12,34,"D1"
"PowerLaw",-75.9394924507082,12,34,"D1"
"Exponential",-21.6168383468845,12,34,"D3"
"PowerLaw",-46.4539271046408,12,34,"D3"
"Exponential",-21.0079730422197,12,34,"D5"
"PowerLaw",-75.1213681896068,12,34,"D5"
"Exponential",-9.79563677437146,12,34,"D6"
"PowerLaw",-37.8043045963285,12,34,"D6"
"Exponential",-8.02491063199829,12,34,"D7"
"PowerLaw",-47.945036190147,12,34,"D7"
"Exponential",-45.0129944779775,12,35,"D0"
"PowerLaw",-96.8970439783514,12,35,"D0"
"Exponential",-27.1548544244498,12,35,"D1"
"PowerLaw",-80.772951457215,12,35,"D1"
"Exponential",-21.6925979044414,12,35,"D3"
"PowerLaw",-45.0560284766377,12,35,"D3"
"Exponential",-18.273947916487,12,35,"D5"
"PowerLaw",-51.2887986675551,12,35,"D5"
"Exponential",-10.0927203697692,12,35,"D6"
"PowerLaw",-40.5949020823499,12,35,"D6"
"Exponential",-8.15235010298929,12,35,"D7"
"PowerLaw",-63.1750213150973,12,35,"D7"
"Exponential",-44.6699325403604,12,36,"D0"
"PowerLaw",-92.5397158211306,12,36,"D0"
"Exponential",-26.6410927062446,12,36,"D1"
"PowerLaw",-75.6973061279763,12,36,"D1"
"Exponential",-21.5368459279999,12,36,"D3"
"PowerLaw",-45.170240129328,12,36,"D3"
"Exponential",-19.2375094033797,12,36,"D5"
"PowerLaw",-67.743890751714,12,36,"D5"
"Exponential",-9.78679992583173,12,36,"D6"
"PowerLaw",-40.5268029474894,12,36,"D6"
"Exponential",-1.86787275741689,12,36,"D7"
"PowerLaw",-26.4271178572557,12,36,"D7"
"Exponential",-45.6276385867152,12,37,"D0"
"PowerLaw",-102.217049153438,12,37,"D0"
"Exponential",-27.303951226439,12,37,"D1"
"PowerLaw",-81.3670782243886,12,37,"D1"
"Exponential",-20.7388025763921,12,37,"D3"
"PowerLaw",-45.582946175743,12,37,"D3"
"Exponential",-21.0433820645334,12,37,"D5"
"PowerLaw",-70.6247061486395,12,37,"D5"
"Exponential",-10.9681384033436,12,37,"D6"
"PowerLaw",-41.4798063125924,12,37,"D6"
"Exponential",-2.97853082149289,12,37,"D7"
"PowerLaw",-35.1713801252673,12,37,"D7"
"Exponential",-44.7969425152026,12,38,"D0"
"PowerLaw",-93.0904485106466,12,38,"D0"
"Exponential",-26.7042251745068,12,38,"D1"
"PowerLaw",-77.2272313859478,12,38,"D1"
"Exponential",-21.2003908411732,12,38,"D3"
"PowerLaw",-44.4028850366666,12,38,"D3"
"Exponential",-19.452507308927,12,38,"D5"
"PowerLaw",-68.9551222722696,12,38,"D5"
"Exponential",-9.7658318874543,12,38,"D6"
"PowerLaw",-36.429231772405,12,38,"D6"
"Exponential",-4.45237707604359,12,38,"D7"
"PowerLaw",-30.4948085913668,12,38,"D7"
"Exponential",-45.5711163969203,12,39,"D0"
"PowerLaw",-97.5668187048203,12,39,"D0"
"Exponential",-26.2346016030585,12,39,"D1"
"PowerLaw",-71.969511433426,12,39,"D1"
"Exponential",-21.0490456416157,12,39,"D3"
"PowerLaw",-44.7164890234811,12,39,"D3"
"Exponential",-17.9940071968009,12,39,"D5"
"PowerLaw",-56.8930591784767,12,39,"D5"
"Exponential",-10.4267309576567,12,39,"D6"
"PowerLaw",-39.824804293058,12,39,"D6"
"Exponential",-0.65560088494485,12,39,"D7"
"PowerLaw",-18.7265620823001,12,39,"D7"
"Exponential",-45.1983252841083,12,40,"D0"
"PowerLaw",-96.561224215908,12,40,"D0"
"Exponential",-27.012368496602,12,40,"D1"
"PowerLaw",-79.07995735312,12,40,"D1"
"Exponential",-20.861899784188,12,40,"D3"
"PowerLaw",-44.5344143473482,12,40,"D3"
"Exponential",-19.4314787079485,12,40,"D5"
"PowerLaw",-68.2832605094477,12,40,"D5"
"Exponential",-9.9654674529441,12,40,"D6"
"PowerLaw",-40.2072181425058,12,40,"D6"
"Exponential",-1.6079301119203,12,40,"D7"
"PowerLaw",-29.8347763795025,12,40,"D7"
"Exponential",-44.8651681000545,12,41,"D0"
"PowerLaw",-93.1513093711594,12,41,"D0"
"Exponential",-26.6230559242933,12,41,"D1"
"PowerLaw",-75.0374878476846,12,41,"D1"
"Exponential",-21.6923640821842,12,41,"D3"
"PowerLaw",-44.9382334038979,12,41,"D3"
"Exponential",-17.9716310867289,12,41,"D5"
"PowerLaw",-56.3873377818061,12,41,"D5"
"Exponential",-10.6383443821356,12,41,"D6"
"PowerLaw",-36.8207287541316,12,41,"D6"
"Exponential",-7.01756517140308,12,41,"D7"
"PowerLaw",-57.4064247705126,12,41,"D7"
"Exponential",-45.0129944779775,12,42,"D0"
"PowerLaw",-96.8970439783514,12,42,"D0"
"Exponential",-27.8137523942252,12,42,"D1"
"PowerLaw",-84.6780688535236,12,42,"D1"
"Exponential",-21.4346694437032,12,42,"D3"
"PowerLaw",-45.7675097257526,12,42,"D3"
"Exponential",-19.6303571383487,12,42,"D5"
"PowerLaw",-72.0494929979502,12,42,"D5"
"Exponential",-9.15539706330323,12,42,"D6"
"PowerLaw",-31.6446746138945,12,42,"D6"
"Exponential",-2.09164043070103,12,42,"D7"
"PowerLaw",-35.0897920226993,12,42,"D7"
"Exponential",-44.888153290824,12,43,"D0"
"PowerLaw",-94.4698012292024,12,43,"D0"
"Exponential",-27.0077833626599,12,43,"D1"
"PowerLaw",-77.487737339223,12,43,"D1"
"Exponential",-22.1655603159899,12,43,"D3"
"PowerLaw",-46.3731325492511,12,43,"D3"
"Exponential",-19.2258329435865,12,43,"D5"
"PowerLaw",-60.0360474303719,12,43,"D5"
"Exponential",-11.8415027297608,12,43,"D6"
"PowerLaw",-42.3758329939522,12,43,"D6"
"Exponential",-5.19597183109512,12,43,"D7"
"PowerLaw",-41.8659676477424,12,43,"D7"
"Exponential",-45.5711163969203,12,44,"D0"
"PowerLaw",-97.5668187048203,12,44,"D0"
"Exponential",-26.5446583105673,12,44,"D1"
"PowerLaw",-75.0759050040178,12,44,"D1"
"Exponential",-22.7134809088343,12,44,"D3"
"PowerLaw",-44.9441726444433,12,44,"D3"
"Exponential",-20.5625147983359,12,44,"D5"
"PowerLaw",-67.1266188863012,12,44,"D5"
"Exponential",-10.9613436991422,12,44,"D6"
"PowerLaw",-41.3750267325184,12,44,"D6"
"Exponential",-3.65863866617546,12,44,"D7"
"PowerLaw",-33.3133468734752,12,44,"D7"
"Exponential",-45.5711163969203,12,45,"D0"
"PowerLaw",-97.5668187048203,12,45,"D0"
"Exponential",-27.303951226439,12,45,"D1"
"PowerLaw",-81.3670782243886,12,45,"D1"
"Exponential",-20.4241436137349,12,45,"D3"
"PowerLaw",-44.644275761735,12,45,"D3"
"Exponential",-18.1111616851427,12,45,"D5"
"PowerLaw",-58.5342035021191,12,45,"D5"
"Exponential",-10.0657950170675,12,45,"D6"
"PowerLaw",-35.3277515195297,12,45,"D6"
"Exponential",-2.74961935102437,12,45,"D7"
"PowerLaw",-33.2369977100463,12,45,"D7"
"Exponential",-45.3995418906111,12,46,"D0"
"PowerLaw",-98.8406089100068,12,46,"D0"
"Exponential",-26.2346016030585,12,46,"D1"
"PowerLaw",-71.969511433426,12,46,"D1"
"Exponential",-20.5902164631779,12,46,"D3"
"PowerLaw",-44.7655796195126,12,46,"D3"
"Exponential",-20.9375138783903,12,46,"D5"
"PowerLaw",-61.0919272572865,12,46,"D5"
"Exponential",-9.53993946259864,12,46,"D6"
"PowerLaw",-38.4664021465309,12,46,"D6"
"Exponential",-4.46200659537964,12,46,"D7"
"PowerLaw",-29.9297985406729,12,46,"D7"
"Exponential",-45.6276385867152,12,47,"D0"
"PowerLaw",-102.217049153438,12,47,"D0"
"Exponential",-26.0828105543928,12,47,"D1"
"PowerLaw",-71.8719061865271,12,47,"D1"
"Exponential",-21.0116105198279,12,47,"D3"
"PowerLaw",-46.4506406155437,12,47,"D3"
"Exponential",-18.6029544217678,12,47,"D5"
"PowerLaw",-49.0811003889325,12,47,"D5"
"Exponential",-10.6154625426696,12,47,"D6"
"PowerLaw",-45.2304968703088,12,47,"D6"
"Exponential",-5.2497831117088,12,47,"D7"
"PowerLaw",-30.2647043860333,12,47,"D7"
"Exponential",-44.7551796971002,12,48,"D0"
"PowerLaw",-94.5770258824455,12,48,"D0"
"Exponential",-27.2082551412496,12,48,"D1"
"PowerLaw",-79.844872886723,12,48,"D1"
"Exponential",-22.0034888673399,12,48,"D3"
"PowerLaw",-44.8953864782478,12,48,"D3"
"Exponential",-18.6303385547361,12,48,"D5"
"PowerLaw",-62.1100907696315,12,48,"D5"
"Exponential",-11.7275849234376,12,48,"D6"
"PowerLaw",-43.7069335744394,12,48,"D6"
"Exponential",-2.29945234938511,12,48,"D7"
"PowerLaw",-41.8328296888319,12,48,"D7"
"Exponential",-44.8865554242377,12,49,"D0"
"PowerLaw",-95.163518918847,12,49,"D0"
"Exponential",-27.5869151364734,12,49,"D1"
"PowerLaw",-83.3904807529953,12,49,"D1"
"Exponential",-21.3547038497546,12,49,"D3"
"PowerLaw",-45.4688699089879,12,49,"D3"
"Exponential",-20.9733746692674,12,49,"D5"
"PowerLaw",-75.9113529018797,12,49,"D5"
"Exponential",-11.8481313993374,12,49,"D6"
"PowerLaw",-38.3287790617388,12,49,"D6"
"Exponential",-4.14356629035182,12,49,"D7"
"PowerLaw",-31.9333582615273,12,49,"D7"
"Exponential",-45.2971563407781,12,50,"D0"
"PowerLaw",-93.3713656528264,12,50,"D0"
"Exponential",-27.1548544244498,12,50,"D1"
"PowerLaw",-80.772951457215,12,50,"D1"
"Exponential",-21.8019899258225,12,50,"D3"
"PowerLaw",-46.0983437971011,12,50,"D3"
"Exponential",-19.0329587359471,12,50,"D5"
"PowerLaw",-64.6870291647952,12,50,"D5"
"Exponential",-10.4220372257227,12,50,"D6"
"PowerLaw",-40.0947543172537,12,50,"D6"
"Exponential",-7.85717174088398,12,50,"D7"
"PowerLaw",-37.3106136612679,12,50,"D7"
"Exponential",-44.9211018997534,12,51,"D0"
"PowerLaw",-93.7457386317639,12,51,"D0"
"Exponential",-26.5490763239038,12,51,"D1"
"PowerLaw",-75.1235668978814,12,51,"D1"
"Exponential",-21.7411454361509,12,51,"D3"
"PowerLaw",-44.6372720752506,12,51,"D3"
"Exponential",-19.1086820612146,12,51,"D5"
"PowerLaw",-53.1286932652887,12,51,"D5"
"Exponential",-9.0648748662643,12,51,"D6"
"PowerLaw",-37.8148462450398,12,51,"D6"
"Exponential",-6.37330606656752,12,51,"D7"
"PowerLaw",-42.0824282234144,12,51,"D7"
"Exponential",-44.7969425152026,12,52,"D0"
"PowerLaw",-93.0904485106466,12,52,"D0"
"Exponential",-27.1491045622634,12,52,"D1"
"PowerLaw",-78.4537832573688,12,52,"D1"
"Exponential",-21.7958074278738,12,52,"D3"
"PowerLaw",-47.7914991359764,12,52,"D3"
"Exponential",-19.2669272092429,12,52,"D5"
"PowerLaw",-51.4958012865901,12,52,"D5"
"Exponential",-9.89987864273679,12,52,"D6"
"PowerLaw",-54.8997685163846,12,52,"D6"
"Exponential",-6.95950077106776,12,52,"D7"
"PowerLaw",-41.3250545839804,12,52,"D7"
"Exponential",-45.0251529229512,12,53,"D0"
"PowerLaw",-95.6390466430111,12,53,"D0"
"Exponential",-28.9492651957069,12,53,"D1"
"PowerLaw",-77.5466588955043,12,53,"D1"
"Exponential",-20.8133330457907,12,53,"D3"
"PowerLaw",-46.3248867175115,12,53,"D3"
"Exponential",-20.2746730527581,12,53,"D5"
"PowerLaw",-68.8502101369583,12,53,"D5"
"Exponential",-9.94872198342956,12,53,"D6"
"PowerLaw",-39.537508139943,12,53,"D6"
"Exponential",-3.76808641143232,12,53,"D7"
"PowerLaw",-37.7430358669942,12,53,"D7"
"Exponential",-45.0129944779775,12,54,"D0"
"PowerLaw",-96.8970439783514,12,54,"D0"
"Exponential",-27.2232261802597,12,54,"D1"
"PowerLaw",-80.519658228293,12,54,"D1"
"Exponential",-20.921702004111,12,54,"D3"
"PowerLaw",-46.1828828106482,12,54,"D3"
"Exponential",-17.3171645675824,12,54,"D5"
"PowerLaw",-60.7240506702123,12,54,"D5"
"Exponential",-10.2856792627672,12,54,"D6"
"PowerLaw",-37.3246973437877,12,54,"D6"
"Exponential",-5.26024662082283,12,54,"D7"
"PowerLaw",-32.9373165495213,12,54,"D7"
"Exponential",-45.0115574182048,12,55,"D0"
"PowerLaw",-96.6526487090707,12,55,"D0"
"Exponential",-27.303951226439,12,55,"D1"
"PowerLaw",-81.3670782243886,12,55,"D1"
"Exponential",-21.4847103379699,12,55,"D3"
"PowerLaw",-45.9769832271226,12,55,"D3"
"Exponential",-19.6371754150657,12,55,"D5"
"PowerLaw",-55.4017863353419,12,55,"D5"
"Exponential",-10.3290044980276,12,55,"D6"
"PowerLaw",-38.5832312123872,12,55,"D6"
"Exponential",-3.6677014773249,12,55,"D7"
"PowerLaw",-43.3358348054707,12,55,"D7"
"Exponential",-45.0251529229512,12,56,"D0"
"PowerLaw",-95.6390466430111,12,56,"D0"
"Exponential",-26.4243939895506,12,56,"D1"
"PowerLaw",-74.3224064457154,12,56,"D1"
"Exponential",-21.9406644795523,12,56,"D3"
"PowerLaw",-45.1062096990452,12,56,"D3"
"Exponential",-19.0499571015502,12,56,"D5"
"PowerLaw",-67.0712232868401,12,56,"D5"
"Exponential",-10.9739211530993,12,56,"D6"
"PowerLaw",-43.6561190884181,12,56,"D6"
"Exponential",-1.70734439563888,12,56,"D7"
"PowerLaw",-35.424665710806,12,56,"D7"
"Exponential",-44.7262803270219,12,57,"D0"
"PowerLaw",-91.8344745578848,12,57,"D0"
"Exponential",-27.0185013461593,12,57,"D1"
"PowerLaw",-78.2301815381672,12,57,"D1"
"Exponential",-21.3466000188417,12,57,"D3"
"PowerLaw",-44.228265658244,12,57,"D3"
"Exponential",-19.5097649155426,12,57,"D5"
"PowerLaw",-52.2251664855946,12,57,"D5"
"Exponential",-10.09510211261,12,57,"D6"
"PowerLaw",-36.5828373383875,12,57,"D6"
"Exponential",-2.58333407012174,12,57,"D7"
"PowerLaw",-26.1890494726283,12,57,"D7"
"Exponential",-44.8943253076124,12,58,"D0"
"PowerLaw",-93.3759371046673,12,58,"D0"
"Exponential",-26.5184758369774,12,58,"D1"
"PowerLaw",-75.9394924507082,12,58,"D1"
"Exponential",-22.6720661987332,12,58,"D3"
"PowerLaw",-48.7725544308788,12,58,"D3"
"Exponential",-18.3938252714265,12,58,"D5"
"PowerLaw",-60.4182715346971,12,58,"D5"
"Exponential",-11.4446734628961,12,58,"D6"
"PowerLaw",-39.4551568309945,12,58,"D6"
"Exponential",-8.12033465995542,12,58,"D7"
"PowerLaw",-53.7535575149805,12,58,"D7"
"Exponential",-44.9594299895135,12,59,"D0"
"PowerLaw",-92.4009480659141,12,59,"D0"
"Exponential",-26.2346016030585,12,59,"D1"
"PowerLaw",-71.969511433426,12,59,"D1"
"Exponential",-22.0270427652626,12,59,"D3"
"PowerLaw",-46.377940233954,12,59,"D3"
"Exponential",-18.3444162181387,12,59,"D5"
"PowerLaw",-61.1028596186688,12,59,"D5"
"Exponential",-9.86515215155052,12,59,"D6"
"PowerLaw",-32.9837196834749,12,59,"D6"
"Exponential",-4.96049942469799,12,59,"D7"
"PowerLaw",-42.532120190113,12,59,"D7"
"Exponential",-44.6914767046487,12,60,"D0"
"PowerLaw",-92.1590827822124,12,60,"D0"
"Exponential",-26.8880451965713,12,60,"D1"
"PowerLaw",-79.2554837525178,12,60,"D1"
"Exponential",-20.77932030195,12,60,"D3"
"PowerLaw",-44.3286130894904,12,60,"D3"
"Exponential",-18.6402635871104,12,60,"D5"
"PowerLaw",-62.852534061472,12,60,"D5"
"Exponential",-10.2745772803366,12,60,"D6"
"PowerLaw",-42.6124578949021,12,60,"D6"
"Exponential",-10.8083918550667,12,60,"D7"
"PowerLaw",-44.0040611045122,12,60,"D7"
"Exponential",-44.9211018997534,12,61,"D0"
"PowerLaw",-93.7457386317639,12,61,"D0"
"Exponential",-26.5858151183204,12,61,"D1"
"PowerLaw",-76.9714569844414,12,61,"D1"
"Exponential",-20.75999333887,12,61,"D3"
"PowerLaw",-45.6002978337244,12,61,"D3"
"Exponential",-18.4566240166622,12,61,"D5"
"PowerLaw",-66.0964581945454,12,61,"D5"
"Exponential",-11.3076450984367,12,61,"D6"
"PowerLaw",-39.8778233729379,12,61,"D6"
"Exponential",-4.71676550661824,12,61,"D7"
"PowerLaw",-40.3720547226523,12,61,"D7"
"Exponential",-44.9180156246826,12,62,"D0"
"PowerLaw",-92.6908351771642,12,62,"D0"
"Exponential",-26.5490763239038,12,62,"D1"
"PowerLaw",-75.1235668978814,12,62,"D1"
"Exponential",-21.8363572645759,12,62,"D3"
"PowerLaw",-45.0543916739168,12,62,"D3"
"Exponential",-17.6583305223011,12,62,"D5"
"PowerLaw",-51.3735695682247,12,62,"D5"
"Exponential",-11.6903009039422,12,62,"D6"
"PowerLaw",-42.4407814915336,12,62,"D6"
"Exponential",-0.649037175286174,12,62,"D7"
"PowerLaw",-22.5775311673581,12,62,"D7"
"Exponential",-44.888153290824,12,63,"D0"
"PowerLaw",-94.4698012292024,12,63,"D0"
"Exponential",-26.7042251745068,12,63,"D1"
"PowerLaw",-77.2272313859478,12,63,"D1"
"Exponential",-20.915823179038,12,63,"D3"
"PowerLaw",-44.1145351679656,12,63,"D3"
"Exponential",-18.7108736241179,12,63,"D5"
"PowerLaw",-59.3275310043431,12,63,"D5"
"Exponential",-11.3586211161822,12,63,"D6"
"PowerLaw",-58.5171255384832,12,63,"D6"
"Exponential",-8.54649812317323,12,63,"D7"
"PowerLaw",-32.0251768578664,12,63,"D7"
"Exponential",-45.1513944958924,12,64,"D0"
"PowerLaw",-96.3778481818531,12,64,"D0"
"Exponential",-27.2481852584677,12,64,"D1"
"PowerLaw",-79.4261577943767,12,64,"D1"
"Exponential",-21.0049904902533,12,64,"D3"
"PowerLaw",-46.2721297543206,12,64,"D3"
"Exponential",-20.2422701397293,12,64,"D5"
"PowerLaw",-62.181130640299,12,64,"D5"
"Exponential",-8.53247871531998,12,64,"D6"
"PowerLaw",-40.2013714566244,12,64,"D6"
"Exponential",-9.40715768839678,12,64,"D7"
"PowerLaw",-56.7394744838599,12,64,"D7"
"Exponential",-45.1281831859386,12,65,"D0"
"PowerLaw",-97.2001821124631,12,65,"D0"
"Exponential",-27.1095339843042,12,65,"D1"
"PowerLaw",-80.7639136288622,12,65,"D1"
"Exponential",-21.7347813766571,12,65,"D3"
"PowerLaw",-46.856506759744,12,65,"D3"
"Exponential",-19.0139918693276,12,65,"D5"
"PowerLaw",-56.5041943373208,12,65,"D5"
"Exponential",-9.76651223676688,12,65,"D6"
"PowerLaw",-35.8559104292074,12,65,"D6"
"Exponential",-6.3767102356298,12,65,"D7"
"PowerLaw",-51.6177116081453,12,65,"D7"
"Exponential",-45.0569395227748,12,66,"D0"
"PowerLaw",-98.0579909964299,12,66,"D0"
"Exponential",-28.9492651957069,12,66,"D1"
"PowerLaw",-77.5466588955043,12,66,"D1"
"Exponential",-20.9358920025069,12,66,"D3"
"PowerLaw",-45.9787442658857,12,66,"D3"
"Exponential",-18.3981013657564,12,66,"D5"
"PowerLaw",-48.3883606623161,12,66,"D5"
"Exponential",-11.0548822019232,12,66,"D6"
"PowerLaw",-48.1128808333426,12,66,"D6"
"Exponential",-5.82426311777002,12,66,"D7"
"PowerLaw",-36.5577173903427,12,66,"D7"
"Exponential",-45.1163286496566,12,67,"D0"
"PowerLaw",-95.7718281874687,12,67,"D0"
"Exponential",-26.3129593822078,12,67,"D1"
"PowerLaw",-72.9782233709897,12,67,"D1"
"Exponential",-21.495059848036,12,67,"D3"
"PowerLaw",-45.3187517125381,12,67,"D3"
"Exponential",-18.7625897267517,12,67,"D5"
"PowerLaw",-66.8303242589755,12,67,"D5"
"Exponential",-10.3333732190422,12,67,"D6"
"PowerLaw",-51.8677822340414,12,67,"D6"
"Exponential",-1.61902747839942,12,67,"D7"
"PowerLaw",-25.5393987860988,12,67,"D7"
"Exponential",-45.0251529229512,12,68,"D0"
"PowerLaw",-95.6390466430111,12,68,"D0"
"Exponential",-28.4314792027841,12,68,"D1"
"PowerLaw",-75.4562514480428,12,68,"D1"
"Exponential",-21.0649230487379,12,68,"D3"
"PowerLaw",-42.8240483153587,12,68,"D3"
"Exponential",-18.1590887115323,12,68,"D5"
"PowerLaw",-44.8286966090183,12,68,"D5"
"Exponential",-9.68041387239956,12,68,"D6"
"PowerLaw",-38.1883255361167,12,68,"D6"
"Exponential",-2.65901533796533,12,68,"D7"
"PowerLaw",-29.0291463971024,12,68,"D7"
"Exponential",-45.5951748498495,12,69,"D0"
"PowerLaw",-101.119580633086,12,69,"D0"
"Exponential",-29.3187307824232,12,69,"D1"
"PowerLaw",-75.7861478757477,12,69,"D1"
"Exponential",-21.8002980583553,12,69,"D3"
"PowerLaw",-44.8085374707513,12,69,"D3"
"Exponential",-20.505465265975,12,69,"D5"
"PowerLaw",-66.4778043199055,12,69,"D5"
"Exponential",-10.3673200973262,12,69,"D6"
"PowerLaw",-48.3438415917394,12,69,"D6"
"Exponential",-9.48826233640486,12,69,"D7"
"PowerLaw",-46.3747498446821,12,69,"D7"
"Exponential",-45.0569395227748,12,70,"D0"
"PowerLaw",-98.0579909964299,12,70,"D0"
"Exponential",-26.756871858846,12,70,"D1"
"PowerLaw",-76.0734807567952,12,70,"D1"
"Exponential",-20.7861693837178,12,70,"D3"
"PowerLaw",-43.572389779072,12,70,"D3"
"Exponential",-20.6239889748442,12,70,"D5"
"PowerLaw",-74.0854814992467,12,70,"D5"
"Exponential",-11.0080414970969,12,70,"D6"
"PowerLaw",-45.9214790487252,12,70,"D6"
"Exponential",-7.86411979581159,12,70,"D7"
"PowerLaw",-45.4293845972704,12,70,"D7"
"Exponential",-45.3106626328282,12,71,"D0"
"PowerLaw",-93.6095086052645,12,71,"D0"
"Exponential",-27.8137523942252,12,71,"D1"
"PowerLaw",-84.6780688535236,12,71,"D1"
"Exponential",-21.1223347991999,12,71,"D3"
"PowerLaw",-42.8512962115286,12,71,"D3"
"Exponential",-18.1015912657526,12,71,"D5"
"PowerLaw",-52.0627933586943,12,71,"D5"
"Exponential",-10.9411630227818,12,71,"D6"
"PowerLaw",-39.4457084037196,12,71,"D6"
"Exponential",-4.10920887724466,12,71,"D7"
"PowerLaw",-30.1891836480965,12,71,"D7"
"Exponential",-44.8862729531319,12,72,"D0"
"PowerLaw",-94.35673323902,12,72,"D0"
"Exponential",-26.868518635185,12,72,"D1"
"PowerLaw",-76.9272755205216,12,72,"D1"
"Exponential",-21.6906235702926,12,72,"D3"
"PowerLaw",-44.1504115873222,12,72,"D3"
"Exponential",-19.4767114808386,12,72,"D5"
"PowerLaw",-69.8844715036538,12,72,"D5"
"Exponential",-10.0387738494607,12,72,"D6"
"PowerLaw",-39.4531196265081,12,72,"D6"
"Exponential",-5.08850069320437,12,72,"D7"
"PowerLaw",-37.0723563817458,12,72,"D7"
"Exponential",-45.6276385867152,12,73,"D0"
"PowerLaw",-102.217049153438,12,73,"D0"
"Exponential",-26.868518635185,12,73,"D1"
"PowerLaw",-76.9272755205216,12,73,"D1"
"Exponential",-21.8018880179541,12,73,"D3"
"PowerLaw",-44.5602581761514,12,73,"D3"
"Exponential",-18.5634694069815,12,73,"D5"
"PowerLaw",-57.7751481746404,12,73,"D5"
"Exponential",-11.1824664639849,12,73,"D6"
"PowerLaw",-38.5441247840885,12,73,"D6"
"Exponential",-7.72876245792586,12,73,"D7"
"PowerLaw",-57.9466179366995,12,73,"D7"
"Exponential",-44.9594299895135,12,74,"D0"
"PowerLaw",-92.4009480659141,12,74,"D0"
"Exponential",-26.5184758369774,12,74,"D1"
"PowerLaw",-75.9394924507082,12,74,"D1"
"Exponential",-21.8652403575576,12,74,"D3"
"PowerLaw",-46.4572851689418,12,74,"D3"
"Exponential",-21.240670721887,12,74,"D5"
"PowerLaw",-63.3916855485076,12,74,"D5"
"Exponential",-9.32638599345004,12,74,"D6"
"PowerLaw",-36.2985722862157,12,74,"D6"
"Exponential",-2.10426263176421,12,74,"D7"
"PowerLaw",-31.6456366853167,12,74,"D7"
"Exponential",-45.2173121445164,12,75,"D0"
"PowerLaw",-94.6717553018476,12,75,"D0"
"Exponential",-27.5869151364734,12,75,"D1"
"PowerLaw",-83.3904807529953,12,75,"D1"
"Exponential",-22.085100082775,12,75,"D3"
"PowerLaw",-46.5165899901834,12,75,"D3"
"Exponential",-20.0379070105285,12,75,"D5"
"PowerLaw",-73.3143289504705,12,75,"D5"
"Exponential",-8.50498872125173,12,75,"D6"
"PowerLaw",-36.9172719594643,12,75,"D6"
"Exponential",-5.48236514700503,12,75,"D7"
"PowerLaw",-39.5382926541061,12,75,"D7"
"Exponential",-45.2971563407781,12,76,"D0"
"PowerLaw",-93.3713656528264,12,76,"D0"
"Exponential",-28.5631050667106,12,76,"D1"
"PowerLaw",-75.2569327998286,12,76,"D1"
"Exponential",-20.4414915582376,12,76,"D3"
"PowerLaw",-43.2531117585314,12,76,"D3"
"Exponential",-18.2106846940183,12,76,"D5"
"PowerLaw",-53.3913529534235,12,76,"D5"
"Exponential",-9.55794975093658,12,76,"D6"
"PowerLaw",-46.3078854672273,12,76,"D6"
"Exponential",-4.64214063793372,12,76,"D7"
"PowerLaw",-38.5077274045888,12,76,"D7"
"Exponential",-44.8114292620683,12,77,"D0"
"PowerLaw",-94.5709840396727,12,77,"D0"
"Exponential",-26.5827395649925,12,77,"D1"
"PowerLaw",-76.3086299531509,12,77,"D1"
"Exponential",-21.8144464156699,12,77,"D3"
"PowerLaw",-43.8688057419538,12,77,"D3"
"Exponential",-18.3995648314454,12,77,"D5"
"PowerLaw",-56.6943687883129,12,77,"D5"
"Exponential",-11.5679668503999,12,77,"D6"
"PowerLaw",-36.8708612507578,12,77,"D6"
"Exponential",-6.96692017797337,12,77,"D7"
"PowerLaw",-40.1783791041557,12,77,"D7"
"Exponential",-45.1060931780832,12,78,"D0"
"PowerLaw",-97.1678853392449,12,78,"D0"
"Exponential",-27.6813898946276,12,78,"D1"
"PowerLaw",-84.3118324601013,12,78,"D1"
"Exponential",-20.7620440815645,12,78,"D3"
"PowerLaw",-44.2857550735392,12,78,"D3"
"Exponential",-18.2835847105636,12,78,"D5"
"PowerLaw",-59.3558756656635,12,78,"D5"
"Exponential",-11.4022621232028,12,78,"D6"
"PowerLaw",-44.5796049869741,12,78,"D6"
"Exponential",-5.04635888195834,12,78,"D7"
"PowerLaw",-31.5764033526476,12,78,"D7"
"Exponential",-45.0115574182048,12,79,"D0"
"PowerLaw",-96.6526487090707,12,79,"D0"
"Exponential",-26.2789798270942,12,79,"D1"
"PowerLaw",-73.0652491251225,12,79,"D1"
"Exponential",-21.2293597506413,12,79,"D3"
"PowerLaw",-44.7507064637405,12,79,"D3"
"Exponential",-20.7242250397216,12,79,"D5"
"PowerLaw",-52.5951314647289,12,79,"D5"
"Exponential",-10.5231854338371,12,79,"D6"
"PowerLaw",-43.3144373895887,12,79,"D6"
"Exponential",-6.59005082776827,12,79,"D7"
"PowerLaw",-32.4261063947844,12,79,"D7"
"Exponential",-45.0569395227748,12,80,"D0"
"PowerLaw",-98.0579909964299,12,80,"D0"
"Exponential",-26.8874241424868,12,80,"D1"
"PowerLaw",-78.091090012954,12,80,"D1"
"Exponential",-21.7342820987227,12,80,"D3"
"PowerLaw",-45.7185801200644,12,80,"D3"
"Exponential",-20.8676469365967,12,80,"D5"
"PowerLaw",-68.1570404763784,12,80,"D5"
"Exponential",-11.4802008162235,12,80,"D6"
"PowerLaw",-47.9209865021568,12,80,"D6"
"Exponential",-3.539662772454,12,80,"D7"
"PowerLaw",-26.3268546742716,12,80,"D7"
"Exponential",-45.3405047957327,12,81,"D0"
"PowerLaw",-93.711204631212,12,81,"D0"
"Exponential",-28.4314792027841,12,81,"D1"
"PowerLaw",-75.4562514480428,12,81,"D1"
"Exponential",-21.1844120767163,12,81,"D3"
"PowerLaw",-44.3128037483028,12,81,"D3"
"Exponential",-20.3141336876327,12,81,"D5"
"PowerLaw",-62.1791594709973,12,81,"D5"
"Exponential",-11.2411143257787,12,81,"D6"
"PowerLaw",-39.0257023484778,12,81,"D6"
"Exponential",-2.58402864100465,12,81,"D7"
"PowerLaw",-43.8369709161779,12,81,"D7"
"Exponential",-45.027733164582,12,82,"D0"
"PowerLaw",-96.3300136915308,12,82,"D0"
"Exponential",-29.3187307824232,12,82,"D1"
"PowerLaw",-75.7861478757477,12,82,"D1"
"Exponential",-22.7068330473496,12,82,"D3"
"PowerLaw",-48.6460707527613,12,82,"D3"
"Exponential",-19.1773519247556,12,82,"D5"
"PowerLaw",-61.9732174242518,12,82,"D5"
"Exponential",-10.4205076303801,12,82,"D6"
"PowerLaw",-38.2349137626164,12,82,"D6"
"Exponential",-8.53618823194088,12,82,"D7"
"PowerLaw",-61.6361624421613,12,82,"D7"
"Exponential",-45.1163286496566,12,83,"D0"
"PowerLaw",-95.7718281874687,12,83,"D0"
"Exponential",-27.2232261802597,12,83,"D1"
"PowerLaw",-80.519658228293,12,83,"D1"
"Exponential",-20.8201470210688,12,83,"D3"
"PowerLaw",-44.5482835420015,12,83,"D3"
"Exponential",-19.7067968876387,12,83,"D5"
"PowerLaw",-56.6945583475476,12,83,"D5"
"Exponential",-9.97160584215645,12,83,"D6"
"PowerLaw",-41.721222919211,12,83,"D6"
"Exponential",-5.57371335819502,12,83,"D7"
"PowerLaw",-42.1871539691203,12,83,"D7"
"Exponential",-45.159683059519,12,84,"D0"
"PowerLaw",-96.6560528343043,12,84,"D0"
"Exponential",-28.6261895473524,12,84,"D1"
"PowerLaw",-75.644481515985,12,84,"D1"
"Exponential",-21.2104317522301,12,84,"D3"
"PowerLaw",-45.9887730744933,12,84,"D3"
"Exponential",-19.2587775774941,12,84,"D5"
"PowerLaw",-53.2602228116187,12,84,"D5"
"Exponential",-10.0927007077974,12,84,"D6"
"PowerLaw",-40.989156959663,12,84,"D6"
"Exponential",-3.11756425962561,12,84,"D7"
"PowerLaw",-28.4305186301741,12,84,"D7"
"Exponential",-45.9086916582769,12,85,"D0"
"PowerLaw",-102.391177241692,12,85,"D0"
"Exponential",-26.9837194347458,12,85,"D1"
"PowerLaw",-79.239538733423,12,85,"D1"
"Exponential",-21.1198814883206,12,85,"D3"
"PowerLaw",-45.6514921181327,12,85,"D3"
"Exponential",-18.7625679246492,12,85,"D5"
"PowerLaw",-53.3177854377809,12,85,"D5"
"Exponential",-12.0616441213428,12,85,"D6"
"PowerLaw",-43.8599750274823,12,85,"D6"
"Exponential",-6.00107490182278,12,85,"D7"
"PowerLaw",-47.5308847970873,12,85,"D7"
"Exponential",-44.8167893792464,12,86,"D0"
"PowerLaw",-92.7973861910558,12,86,"D0"
"Exponential",-26.2346016030585,12,86,"D1"
"PowerLaw",-71.969511433426,12,86,"D1"
"Exponential",-21.4659089586731,12,86,"D3"
"PowerLaw",-45.9080082755978,12,86,"D3"
"Exponential",-19.3865146283241,12,86,"D5"
"PowerLaw",-64.5310814907404,12,86,"D5"
"Exponential",-9.46923660367236,12,86,"D6"
"PowerLaw",-46.3814633097104,12,86,"D6"
"Exponential",-3.22807623145567,12,86,"D7"
"PowerLaw",-43.2653272626012,12,86,"D7"
"Exponential",-44.9402587289573,12,87,"D0"
"PowerLaw",-93.3240214579772,12,87,"D0"
"Exponential",-26.4803673462232,12,87,"D1"
"PowerLaw",-74.5651426682961,12,87,"D1"
"Exponential",-21.1902232076373,12,87,"D3"
"PowerLaw",-43.5170382908269,12,87,"D3"
"Exponential",-19.758978243072,12,87,"D5"
"PowerLaw",-65.1987727086132,12,87,"D5"
"Exponential",-10.075604071241,12,87,"D6"
"PowerLaw",-43.0834913891241,12,87,"D6"
"Exponential",-7.27871937010025,12,87,"D7"
"PowerLaw",-43.1205985137876,12,87,"D7"
"Exponential",-44.8651681000545,12,88,"D0"
"PowerLaw",-93.1513093711594,12,88,"D0"
"Exponential",-27.2424203252277,12,88,"D1"
"PowerLaw",-79.686864408484,12,88,"D1"
"Exponential",-21.0087480224226,12,88,"D3"
"PowerLaw",-43.976237874256,12,88,"D3"
"Exponential",-19.247907653955,12,88,"D5"
"PowerLaw",-55.6700657486948,12,88,"D5"
"Exponential",-10.8828411483348,12,88,"D6"
"PowerLaw",-54.3711514364983,12,88,"D6"
"Exponential",-9.58357994474148,12,88,"D7"
"PowerLaw",-49.2620021891544,12,88,"D7"
"Exponential",-45.1983252841083,12,89,"D0"
"PowerLaw",-96.561224215908,12,89,"D0"
"Exponential",-26.6035521898041,12,89,"D1"
"PowerLaw",-75.1308089396624,12,89,"D1"
"Exponential",-20.4019294111183,12,89,"D3"
"PowerLaw",-44.5866910707943,12,89,"D3"
"Exponential",-18.4158270957498,12,89,"D5"
"PowerLaw",-59.0958225154993,12,89,"D5"
"Exponential",-9.56442510800209,12,89,"D6"
"PowerLaw",-41.966327584903,12,89,"D6"
"Exponential",-8.82851833149691,12,89,"D7"
"PowerLaw",-42.3517945371931,12,89,"D7"
"Exponential",-44.7391925713288,12,90,"D0"
"PowerLaw",-91.7225586084026,12,90,"D0"
"Exponential",-26.2346016030585,12,90,"D1"
"PowerLaw",-71.969511433426,12,90,"D1"
"Exponential",-21.9469594237358,12,90,"D3"
"PowerLaw",-46.4657426442013,12,90,"D3"
"Exponential",-19.6115046021357,12,90,"D5"
"PowerLaw",-53.260719456963,12,90,"D5"
"Exponential",-10.6116728010039,12,90,"D6"
"PowerLaw",-38.4761402687045,12,90,"D6"
"Exponential",-4.00110758670706,12,90,"D7"
"PowerLaw",-41.8004601063561,12,90,"D7"
"Exponential",-44.7998234378804,12,91,"D0"
"PowerLaw",-91.4807804066079,12,91,"D0"
"Exponential",-26.9037913025707,12,91,"D1"
"PowerLaw",-78.9719765398743,12,91,"D1"
"Exponential",-21.4931675364694,12,91,"D3"
"PowerLaw",-45.6504731534854,12,91,"D3"
"Exponential",-20.4244450846867,12,91,"D5"
"PowerLaw",-65.7032527205611,12,91,"D5"
"Exponential",-10.4956771670242,12,91,"D6"
"PowerLaw",-39.8043338506672,12,91,"D6"
"Exponential",-6.87266171229941,12,91,"D7"
"PowerLaw",-36.3350192404647,12,91,"D7"
"Exponential",-45.2872055203147,12,92,"D0"
"PowerLaw",-99.6583070512909,12,92,"D0"
"Exponential",-28.9678810030753,12,92,"D1"
"PowerLaw",-77.893107216925,12,92,"D1"
"Exponential",-20.5307641049586,12,92,"D3"
"PowerLaw",-43.1229749171927,12,92,"D3"
"Exponential",-18.6431331391017,12,92,"D5"
"PowerLaw",-62.4831818812157,12,92,"D5"
"Exponential",-11.1576839048823,12,92,"D6"
"PowerLaw",-43.2640688776697,12,92,"D6"
"Exponential",-5.09199760455052,12,92,"D7"
"PowerLaw",-34.0169921471673,12,92,"D7"
"Exponential",-44.8159502684494,12,93,"D0"
"PowerLaw",-89.2724826115851,12,93,"D0"
"Exponential",-26.5060560384057,12,93,"D1"
"PowerLaw",-75.6006084038979,12,93,"D1"
"Exponential",-20.610808422502,12,93,"D3"
"PowerLaw",-43.2617822973977,12,93,"D3"
"Exponential",-20.8019051042814,12,93,"D5"
"PowerLaw",-72.7066729242353,12,93,"D5"
"Exponential",-9.86865698507944,12,93,"D6"
"PowerLaw",-44.1129323322883,12,93,"D6"
"Exponential",-5.55736061476643,12,93,"D7"
"PowerLaw",-40.3189270042403,12,93,"D7"
"Exponential",-44.8980907104712,12,94,"D0"
"PowerLaw",-93.1912319205821,12,94,"D0"
"Exponential",-26.5639699942462,12,94,"D1"
"PowerLaw",-74.6148020797344,12,94,"D1"
"Exponential",-21.463864443296,12,94,"D3"
"PowerLaw",-42.6031996990284,12,94,"D3"
"Exponential",-19.5920749408763,12,94,"D5"
"PowerLaw",-71.3450904110761,12,94,"D5"
"Exponential",-10.8717439649197,12,94,"D6"
"PowerLaw",-44.306507220006,12,94,"D6"
"Exponential",-3.52898044691332,12,94,"D7"
"PowerLaw",-27.4424417974971,12,94,"D7"
"Exponential",-44.9122862813817,12,95,"D0"
"PowerLaw",-93.6962452853871,12,95,"D0"
"Exponential",-29.064272857622,12,95,"D1"
"PowerLaw",-76.6713898644939,12,95,"D1"
"Exponential",-21.9283759080862,12,95,"D3"
"PowerLaw",-46.427064296629,12,95,"D3"
"Exponential",-19.4982359598665,12,95,"D5"
"PowerLaw",-54.7401260724559,12,95,"D5"
"Exponential",-11.277884256571,12,95,"D6"
"PowerLaw",-40.2156907163371,12,95,"D6"
"Exponential",-1.73703837398969,12,95,"D7"
"PowerLaw",-29.896561923288,12,95,"D7"
"Exponential",-45.1060931780832,12,96,"D0"
"PowerLaw",-97.1678853392449,12,96,"D0"
"Exponential",-27.1275140707164,12,96,"D1"
"PowerLaw",-79.5834527802351,12,96,"D1"
"Exponential",-20.701222701455,12,96,"D3"
"PowerLaw",-45.2233918889496,12,96,"D3"
"Exponential",-19.2329797490931,12,96,"D5"
"PowerLaw",-50.4072967612252,12,96,"D5"
"Exponential",-8.55228422464113,12,96,"D6"
"PowerLaw",-32.9165785224634,12,96,"D6"
"Exponential",-6.92876896150886,12,96,"D7"
"PowerLaw",-42.2416078078754,12,96,"D7"
"Exponential",-45.1905807271864,12,97,"D0"
"PowerLaw",-94.3796446988331,12,97,"D0"
"Exponential",-26.8430206265484,12,97,"D1"
"PowerLaw",-77.4216216992281,12,97,"D1"
"Exponential",-21.3076305810595,12,97,"D3"
"PowerLaw",-44.8952547684983,12,97,"D3"
"Exponential",-19.4072563465604,12,97,"D5"
"PowerLaw",-64.7363869161168,12,97,"D5"
"Exponential",-9.24270336027829,12,97,"D6"
"PowerLaw",-38.3213103123487,12,97,"D6"
"Exponential",-4.61493828307474,12,97,"D7"
"PowerLaw",-34.2696518403192,12,97,"D7"
"Exponential",-44.7998234378804,12,98,"D0"
"PowerLaw",-91.4807804066079,12,98,"D0"
"Exponential",-26.5675837168294,12,98,"D1"
"PowerLaw",-75.2956466061037,12,98,"D1"
"Exponential",-21.6499757969755,12,98,"D3"
"PowerLaw",-44.5544088100503,12,98,"D3"
"Exponential",-19.7741029487852,12,98,"D5"
"PowerLaw",-63.7717820369949,12,98,"D5"
"Exponential",-9.47786611501459,12,98,"D6"
"PowerLaw",-36.1272395480942,12,98,"D6"
"Exponential",-4.43778277944057,12,98,"D7"
"PowerLaw",-31.3774436314404,12,98,"D7"
"Exponential",-46.0301950614951,12,99,"D0"
"PowerLaw",-105.313725471806,12,99,"D0"
"Exponential",-26.6656565902693,12,99,"D1"
"PowerLaw",-76.4168689303778,12,99,"D1"
"Exponential",-21.7973716193878,12,99,"D3"
"PowerLaw",-45.76920631089,12,99,"D3"
"Exponential",-20.7879331561419,12,99,"D5"
"PowerLaw",-63.0477966916719,12,99,"D5"
"Exponential",-10.1760901526912,12,99,"D6"
"PowerLaw",-39.8294798779281,12,99,"D6"
"Exponential",-7.15140388958811,12,99,"D7"
"PowerLaw",-42.1260838868027,12,99,"D7"
"Exponential",-44.9202003179175,12,100,"D0"
"PowerLaw",-95.0586020858085,12,100,"D0"
"Exponential",-27.3977293386356,12,100,"D1"
"PowerLaw",-83.2544910562143,12,100,"D1"
"Exponential",-21.5892760039719,12,100,"D3"
"PowerLaw",-46.5771735760697,12,100,"D3"
"Exponential",-17.7530117081617,12,100,"D5"
"PowerLaw",-56.4216172722124,12,100,"D5"
"Exponential",-11.405798885523,12,100,"D6"
"PowerLaw",-44.2286762494904,12,100,"D6"
"Exponential",-9.42103029513219,12,100,"D7"
"PowerLaw",-32.56845763206,12,100,"D7"
"Exponential",-52.0866640570973,14,1,"D0"
"PowerLaw",-110.866337292897,14,1,"D0"
"Exponential",-30.392717134357,14,1,"D1"
"PowerLaw",-83.4439607996163,14,1,"D1"
"Exponential",-26.0267394914229,14,1,"D3"
"PowerLaw",-51.6395008129437,14,1,"D3"
"Exponential",-23.3066511620719,14,1,"D5"
"PowerLaw",-80.6344846133022,14,1,"D5"
"Exponential",-10.8168869327681,14,1,"D6"
"PowerLaw",-40.7570179253269,14,1,"D6"
"Exponential",-13.0775297496185,14,1,"D7"
"PowerLaw",-63.527399505979,14,1,"D7"
"Exponential",-52.1416321688914,14,2,"D0"
"PowerLaw",-111.410890744104,14,2,"D0"
"Exponential",-30.2895432924208,14,2,"D1"
"PowerLaw",-82.6055219597415,14,2,"D1"
"Exponential",-25.4655275616528,14,2,"D3"
"PowerLaw",-51.8804173124874,14,2,"D3"
"Exponential",-23.0345596286475,14,2,"D5"
"PowerLaw",-77.6229913024487,14,2,"D5"
"Exponential",-12.0548649982365,14,2,"D6"
"PowerLaw",-49.1770916760568,14,2,"D6"
"Exponential",-7.32218413953265,14,2,"D7"
"PowerLaw",-47.9246566586792,14,2,"D7"
"Exponential",-52.0498774057641,14,3,"D0"
"PowerLaw",-110.319287259603,14,3,"D0"
"Exponential",-30.3237107968566,14,3,"D1"
"PowerLaw",-82.9373902634415,14,3,"D1"
"Exponential",-24.9374652331617,14,3,"D3"
"PowerLaw",-53.0718896694579,14,3,"D3"
"Exponential",-21.6254112067331,14,3,"D5"
"PowerLaw",-58.4493454400256,14,3,"D5"
"Exponential",-12.5906491675738,14,3,"D6"
"PowerLaw",-44.1004749750982,14,3,"D6"
"Exponential",-4.71551903618765,14,3,"D7"
"PowerLaw",-47.1936934759165,14,3,"D7"
"Exponential",-52.0073633675556,14,4,"D0"
"PowerLaw",-109.804452672649,14,4,"D0"
"Exponential",-30.3945655307748,14,4,"D1"
"PowerLaw",-83.4447157397949,14,4,"D1"
"Exponential",-25.9079259169585,14,4,"D3"
"PowerLaw",-54.4720124466099,14,4,"D3"
"Exponential",-22.1596344286681,14,4,"D5"
"PowerLaw",-65.2618791953441,14,4,"D5"
"Exponential",-11.3228287416199,14,4,"D6"
"PowerLaw",-42.4515081861166,14,4,"D6"
"Exponential",-9.50726595068609,14,4,"D7"
"PowerLaw",-46.8075392168835,14,4,"D7"
"Exponential",-52.019920390313,14,5,"D0"
"PowerLaw",-110.004704283747,14,5,"D0"
"Exponential",-30.2543353807374,14,5,"D1"
"PowerLaw",-82.6009579342988,14,5,"D1"
"Exponential",-25.2628207456368,14,5,"D3"
"PowerLaw",-53.3991193783597,14,5,"D3"
"Exponential",-22.4387739158441,14,5,"D5"
"PowerLaw",-73.4980110366224,14,5,"D5"
"Exponential",-11.8520922418936,14,5,"D6"
"PowerLaw",-64.8902913600977,14,5,"D6"
"Exponential",-3.4921896600983,14,5,"D7"
"PowerLaw",-29.9039075572376,14,5,"D7"
"Exponential",-52.078119703385,14,6,"D0"
"PowerLaw",-110.731712584811,14,6,"D0"
"Exponential",-30.1872740739665,14,6,"D1"
"PowerLaw",-81.9158704971845,14,6,"D1"
"Exponential",-26.2799463740482,14,6,"D3"
"PowerLaw",-54.6381618528483,14,6,"D3"
"Exponential",-20.8930512276367,14,6,"D5"
"PowerLaw",-64.7061756149698,14,6,"D5"
"Exponential",-12.1392913713471,14,6,"D6"
"PowerLaw",-51.3738885773071,14,6,"D6"
"Exponential",-3.62371336973393,14,6,"D7"
"PowerLaw",-40.3010039818216,14,6,"D7"
"Exponential",-52.0705142629488,14,7,"D0"
"PowerLaw",-110.496281896913,14,7,"D0"
"Exponential",-30.205293023008,14,7,"D1"
"PowerLaw",-81.9946780283123,14,7,"D1"
"Exponential",-24.9969785631711,14,7,"D3"
"PowerLaw",-53.4958047357917,14,7,"D3"
"Exponential",-21.9219615868371,14,7,"D5"
"PowerLaw",-67.0282541290388,14,7,"D5"
"Exponential",-11.2842998799988,14,7,"D6"
"PowerLaw",-39.2819970557894,14,7,"D6"
"Exponential",-4.24604283273643,14,7,"D7"
"PowerLaw",-38.5599435223812,14,7,"D7"
"Exponential",-52.1054127752345,14,8,"D0"
"PowerLaw",-110.990477404816,14,8,"D0"
"Exponential",-30.3612371739538,14,8,"D1"
"PowerLaw",-83.2752583355486,14,8,"D1"
"Exponential",-24.8020978303887,14,8,"D3"
"PowerLaw",-52.78392421255,14,8,"D3"
"Exponential",-20.0412695812194,14,8,"D5"
"PowerLaw",-63.9604693918106,14,8,"D5"
"Exponential",-11.9760706241431,14,8,"D6"
"PowerLaw",-44.3855488484337,14,8,"D6"
"Exponential",-9.44472567253648,14,8,"D7"
"PowerLaw",-55.9878037328331,14,8,"D7"
"Exponential",-52.0874643269401,14,9,"D0"
"PowerLaw",-110.853206867135,14,9,"D0"
"Exponential",-30.3596559276134,14,9,"D1"
"PowerLaw",-83.1814931057014,14,9,"D1"
"Exponential",-24.9517287521126,14,9,"D3"
"PowerLaw",-50.8561762803087,14,9,"D3"
"Exponential",-22.6216093562491,14,9,"D5"
"PowerLaw",-66.721320948023,14,9,"D5"
"Exponential",-10.4061380858825,14,9,"D6"
"PowerLaw",-42.9900088154198,14,9,"D6"
"Exponential",-3.46134745702381,14,9,"D7"
"PowerLaw",-29.9516125871424,14,9,"D7"
"Exponential",-52.0195337116208,14,10,"D0"
"PowerLaw",-110.057240376087,14,10,"D0"
"Exponential",-30.2574910098229,14,10,"D1"
"PowerLaw",-82.3591305747899,14,10,"D1"
"Exponential",-25.8264749397631,14,10,"D3"
"PowerLaw",-53.7614364260058,14,10,"D3"
"Exponential",-22.283402534914,14,10,"D5"
"PowerLaw",-75.9880975944544,14,10,"D5"
"Exponential",-12.7515554123911,14,10,"D6"
"PowerLaw",-48.3797879624702,14,10,"D6"
"Exponential",-5.43946828692995,14,10,"D7"
"PowerLaw",-51.8698116187892,14,10,"D7"
"Exponential",-52.0772791606253,14,11,"D0"
"PowerLaw",-110.783668381827,14,11,"D0"
"Exponential",-30.384138223269,14,11,"D1"
"PowerLaw",-83.3540559840523,14,11,"D1"
"Exponential",-25.4877432723041,14,11,"D3"
"PowerLaw",-53.7876789748466,14,11,"D3"
"Exponential",-21.9743708427,14,11,"D5"
"PowerLaw",-69.0618260168968,14,11,"D5"
"Exponential",-12.2674127649708,14,11,"D6"
"PowerLaw",-62.2347591931147,14,11,"D6"
"Exponential",-4.29475209621515,14,11,"D7"
"PowerLaw",-46.9246078806498,14,11,"D7"
"Exponential",-52.0663132252702,14,12,"D0"
"PowerLaw",-110.465364597578,14,12,"D0"
"Exponential",-30.3152229776491,14,12,"D1"
"PowerLaw",-83.0855832602093,14,12,"D1"
"Exponential",-25.1669686172212,14,12,"D3"
"PowerLaw",-53.7659030179214,14,12,"D3"
"Exponential",-21.2397457775558,14,12,"D5"
"PowerLaw",-59.3077941017937,14,12,"D5"
"Exponential",-13.2756387827622,14,12,"D6"
"PowerLaw",-66.6596399856835,14,12,"D6"
"Exponential",-2.79847512950835,14,12,"D7"
"PowerLaw",-40.2157919834532,14,12,"D7"
"Exponential",-51.9791579222725,14,13,"D0"
"PowerLaw",-109.730097214354,14,13,"D0"
"Exponential",-30.3732210936193,14,13,"D1"
"PowerLaw",-83.4077787904907,14,13,"D1"
"Exponential",-25.2041789663501,14,13,"D3"
"PowerLaw",-52.88494548986,14,13,"D3"
"Exponential",-20.4330119163703,14,13,"D5"
"PowerLaw",-61.8661005781746,14,13,"D5"
"Exponential",-11.0163556324674,14,13,"D6"
"PowerLaw",-41.922554573606,14,13,"D6"
"Exponential",-7.87377583115382,14,13,"D7"
"PowerLaw",-48.9689631852275,14,13,"D7"
"Exponential",-51.9636390650723,14,14,"D0"
"PowerLaw",-109.268464365599,14,14,"D0"
"Exponential",-30.2424532006042,14,14,"D1"
"PowerLaw",-82.3109154175597,14,14,"D1"
"Exponential",-25.0263638131708,14,14,"D3"
"PowerLaw",-52.0880577990774,14,14,"D3"
"Exponential",-21.0728619505173,14,14,"D5"
"PowerLaw",-62.4413148969563,14,14,"D5"
"Exponential",-11.8698116684555,14,14,"D6"
"PowerLaw",-48.6577179835684,14,14,"D6"
"Exponential",-6.7586216702447,14,14,"D7"
"PowerLaw",-48.2600897632166,14,14,"D7"
"Exponential",-52.1179197413745,14,15,"D0"
"PowerLaw",-111.246524195174,14,15,"D0"
"Exponential",-30.1258452539425,14,15,"D1"
"PowerLaw",-81.3792582537067,14,15,"D1"
"Exponential",-25.0749695671853,14,15,"D3"
"PowerLaw",-51.1062591751064,14,15,"D3"
"Exponential",-21.2166586487794,14,15,"D5"
"PowerLaw",-63.5955813101753,14,15,"D5"
"Exponential",-10.6454669487448,14,15,"D6"
"PowerLaw",-38.5165404707928,14,15,"D6"
"Exponential",1.51358574131654,14,15,"D7"
"PowerLaw",-22.6441025354236,14,15,"D7"
"Exponential",-52.1264907068977,14,16,"D0"
"PowerLaw",-111.26211392617,14,16,"D0"
"Exponential",-30.3029476968268,14,16,"D1"
"PowerLaw",-82.895342450473,14,16,"D1"
"Exponential",-25.1134623731979,14,16,"D3"
"PowerLaw",-50.6197690242035,14,16,"D3"
"Exponential",-20.7989229306854,14,16,"D5"
"PowerLaw",-67.206636790279,14,16,"D5"
"Exponential",-12.6248011951598,14,16,"D6"
"PowerLaw",-45.7541395993588,14,16,"D6"
"Exponential",-13.5094466078101,14,16,"D7"
"PowerLaw",-55.8710592332468,14,16,"D7"
"Exponential",-52.0990389634443,14,17,"D0"
"PowerLaw",-110.765809102516,14,17,"D0"
"Exponential",-30.4700695222716,14,17,"D1"
"PowerLaw",-84.1017184665018,14,17,"D1"
"Exponential",-25.0169843819273,14,17,"D3"
"PowerLaw",-51.2886082000557,14,17,"D3"
"Exponential",-22.4282682475667,14,17,"D5"
"PowerLaw",-63.8898965078613,14,17,"D5"
"Exponential",-11.562486151139,14,17,"D6"
"PowerLaw",-51.3334290328616,14,17,"D6"
"Exponential",-4.3932861896134,14,17,"D7"
"PowerLaw",-39.6511321355801,14,17,"D7"
"Exponential",-52.0860360007258,14,18,"D0"
"PowerLaw",-110.794498697862,14,18,"D0"
"Exponential",-30.4543851654575,14,18,"D1"
"PowerLaw",-84.1393255296852,14,18,"D1"
"Exponential",-25.214145387059,14,18,"D3"
"PowerLaw",-52.6183517019313,14,18,"D3"
"Exponential",-23.3687672652513,14,18,"D5"
"PowerLaw",-75.2706834369289,14,18,"D5"
"Exponential",-12.8928965144268,14,18,"D6"
"PowerLaw",-50.920094487521,14,18,"D6"
"Exponential",-4.97873416641639,14,18,"D7"
"PowerLaw",-41.6295170804988,14,18,"D7"
"Exponential",-52.0274609246303,14,19,"D0"
"PowerLaw",-110.021683952924,14,19,"D0"
"Exponential",-30.4765501287779,14,19,"D1"
"PowerLaw",-84.0607186902458,14,19,"D1"
"Exponential",-25.7636463427199,14,19,"D3"
"PowerLaw",-51.6698885157758,14,19,"D3"
"Exponential",-20.7180423291512,14,19,"D5"
"PowerLaw",-62.9027860971215,14,19,"D5"
"Exponential",-12.3819049924356,14,19,"D6"
"PowerLaw",-61.3453519902905,14,19,"D6"
"Exponential",-2.43404497112386,14,19,"D7"
"PowerLaw",-32.6204911507809,14,19,"D7"
"Exponential",-52.1149524877099,14,20,"D0"
"PowerLaw",-111.125994644517,14,20,"D0"
"Exponential",-30.5345101747606,14,20,"D1"
"PowerLaw",-84.4562378826732,14,20,"D1"
"Exponential",-25.1996711262304,14,20,"D3"
"PowerLaw",-52.850548613294,14,20,"D3"
"Exponential",-24.2582301915001,14,20,"D5"
"PowerLaw",-72.7589416503064,14,20,"D5"
"Exponential",-11.3684559354923,14,20,"D6"
"PowerLaw",-55.8098714841484,14,20,"D6"
"Exponential",-5.75233558389737,14,20,"D7"
"PowerLaw",-55.1408704319313,14,20,"D7"
"Exponential",-52.2070503714198,14,21,"D0"
"PowerLaw",-112.21464387972,14,21,"D0"
"Exponential",-30.1345087108814,14,21,"D1"
"PowerLaw",-81.5678857286474,14,21,"D1"
"Exponential",-25.0328884972601,14,21,"D3"
"PowerLaw",-52.1944677224575,14,21,"D3"
"Exponential",-22.1387347427338,14,21,"D5"
"PowerLaw",-76.7189404788499,14,21,"D5"
"Exponential",-11.8038261066037,14,21,"D6"
"PowerLaw",-47.1460029055788,14,21,"D6"
"Exponential",-6.82781923481378,14,21,"D7"
"PowerLaw",-43.0703735726796,14,21,"D7"
"Exponential",-51.951756610754,14,22,"D0"
"PowerLaw",-109.325069433136,14,22,"D0"
"Exponential",-30.3682648934178,14,22,"D1"
"PowerLaw",-83.3384753166714,14,22,"D1"
"Exponential",-24.7567587370273,14,22,"D3"
"PowerLaw",-51.7057893729242,14,22,"D3"
"Exponential",-22.3489666783892,14,22,"D5"
"PowerLaw",-77.6312646288075,14,22,"D5"
"Exponential",-11.1167237579361,14,22,"D6"
"PowerLaw",-37.447950008164,14,22,"D6"
"Exponential",-6.01058924601292,14,22,"D7"
"PowerLaw",-58.8459451021101,14,22,"D7"
"Exponential",-52.1245411635713,14,23,"D0"
"PowerLaw",-111.409472769489,14,23,"D0"
"Exponential",-30.4563564476682,14,23,"D1"
"PowerLaw",-84.1317793060184,14,23,"D1"
"Exponential",-25.7716517783849,14,23,"D3"
"PowerLaw",-53.3198753029688,14,23,"D3"
"Exponential",-22.6951749259313,14,23,"D5"
"PowerLaw",-64.8732010357842,14,23,"D5"
"Exponential",-9.91138939582112,14,23,"D6"
"PowerLaw",-40.5717254313993,14,23,"D6"
"Exponential",-10.3338102328746,14,23,"D7"
"PowerLaw",-58.1048092476609,14,23,"D7"
"Exponential",-52.09817990592,14,24,"D0"
"PowerLaw",-110.864320844493,14,24,"D0"
"Exponential",-30.3481297936068,14,24,"D1"
"PowerLaw",-83.17277431365,14,24,"D1"
"Exponential",-24.7259912664932,14,24,"D3"
"PowerLaw",-51.9261016249191,14,24,"D3"
"Exponential",-24.1148828082004,14,24,"D5"
"PowerLaw",-71.826678258075,14,24,"D5"
"Exponential",-13.2024022140575,14,24,"D6"
"PowerLaw",-49.7339801093339,14,24,"D6"
"Exponential",-5.99499703151659,14,24,"D7"
"PowerLaw",-47.2242197524211,14,24,"D7"
"Exponential",-52.062139640169,14,25,"D0"
"PowerLaw",-110.540931365766,14,25,"D0"
"Exponential",-30.3658912186764,14,25,"D1"
"PowerLaw",-83.3397425548051,14,25,"D1"
"Exponential",-25.0665331164519,14,25,"D3"
"PowerLaw",-51.458211323937,14,25,"D3"
"Exponential",-23.4860391252744,14,25,"D5"
"PowerLaw",-81.5272666473306,14,25,"D5"
"Exponential",-11.0727258960034,14,25,"D6"
"PowerLaw",-38.2128363442495,14,25,"D6"
"Exponential",-14.7900620106422,14,25,"D7"
"PowerLaw",-53.8134269887377,14,25,"D7"
"Exponential",-52.0576577415415,14,26,"D0"
"PowerLaw",-110.397567166165,14,26,"D0"
"Exponential",-30.3123599252422,14,26,"D1"
"PowerLaw",-82.8548404925226,14,26,"D1"
"Exponential",-25.5068107318904,14,26,"D3"
"PowerLaw",-51.3256939272842,14,26,"D3"
"Exponential",-22.652483648069,14,26,"D5"
"PowerLaw",-82.7920489016207,14,26,"D5"
"Exponential",-11.3817837001873,14,26,"D6"
"PowerLaw",-41.5601692948812,14,26,"D6"
"Exponential",-4.90929481731233,14,26,"D7"
"PowerLaw",-59.7714705511004,14,26,"D7"
"Exponential",-52.0405618977148,14,27,"D0"
"PowerLaw",-110.439676125181,14,27,"D0"
"Exponential",-30.3507581401747,14,27,"D1"
"PowerLaw",-83.2904696783122,14,27,"D1"
"Exponential",-25.2659428990833,14,27,"D3"
"PowerLaw",-53.7637738410383,14,27,"D3"
"Exponential",-21.6390052229828,14,27,"D5"
"PowerLaw",-60.8856167047563,14,27,"D5"
"Exponential",-10.8147324708656,14,27,"D6"
"PowerLaw",-43.1582401501328,14,27,"D6"
"Exponential",-5.95696503544252,14,27,"D7"
"PowerLaw",-58.6489593114942,14,27,"D7"
"Exponential",-52.0762905770817,14,28,"D0"
"PowerLaw",-110.722157373249,14,28,"D0"
"Exponential",-30.3462205014797,14,28,"D1"
"PowerLaw",-83.1582113845837,14,28,"D1"
"Exponential",-24.7929056545305,14,28,"D3"
"PowerLaw",-51.9479623390615,14,28,"D3"
"Exponential",-21.7268481299128,14,28,"D5"
"PowerLaw",-56.2635714089298,14,28,"D5"
"Exponential",-9.84249555895396,14,28,"D6"
"PowerLaw",-51.7863514086666,14,28,"D6"
"Exponential",-1.24369267038221,14,28,"D7"
"PowerLaw",-29.578646046845,14,28,"D7"
"Exponential",-52.0207022570103,14,29,"D0"
"PowerLaw",-109.90476941163,14,29,"D0"
"Exponential",-30.2929443301934,14,29,"D1"
"PowerLaw",-82.870315003506,14,29,"D1"
"Exponential",-24.5238296189872,14,29,"D3"
"PowerLaw",-53.4942855032243,14,29,"D3"
"Exponential",-20.3626418305404,14,29,"D5"
"PowerLaw",-60.6496785678521,14,29,"D5"
"Exponential",-11.6674453052825,14,29,"D6"
"PowerLaw",-50.4801089123219,14,29,"D6"
"Exponential",-2.96374442753394,14,29,"D7"
"PowerLaw",-41.1737509358632,14,29,"D7"
"Exponential",-51.9926896783542,14,30,"D0"
"PowerLaw",-109.842180665717,14,30,"D0"
"Exponential",-30.1434009625175,14,30,"D1"
"PowerLaw",-81.7547715755816,14,30,"D1"
"Exponential",-25.306127592714,14,30,"D3"
"PowerLaw",-53.1747312176688,14,30,"D3"
"Exponential",-23.7719699593417,14,30,"D5"
"PowerLaw",-82.8154800219665,14,30,"D5"
"Exponential",-11.505522983976,14,30,"D6"
"PowerLaw",-37.5175926299611,14,30,"D6"
"Exponential",-3.47316369216427,14,30,"D7"
"PowerLaw",-29.4460800195957,14,30,"D7"
"Exponential",-52.1430510648073,14,31,"D0"
"PowerLaw",-111.33452223195,14,31,"D0"
"Exponential",-30.5574873630971,14,31,"D1"
"PowerLaw",-84.8285278668018,14,31,"D1"
"Exponential",-24.7019304984747,14,31,"D3"
"PowerLaw",-51.9943829960938,14,31,"D3"
"Exponential",-22.6875748601421,14,31,"D5"
"PowerLaw",-86.7725670231603,14,31,"D5"
"Exponential",-12.3260222596343,14,31,"D6"
"PowerLaw",-45.544475899375,14,31,"D6"
"Exponential",-4.60403334788981,14,31,"D7"
"PowerLaw",-37.5760091935589,14,31,"D7"
"Exponential",-52.0399777664541,14,32,"D0"
"PowerLaw",-110.215134978571,14,32,"D0"
"Exponential",-30.386302045876,14,32,"D1"
"PowerLaw",-83.3251538371158,14,32,"D1"
"Exponential",-26.311323605133,14,32,"D3"
"PowerLaw",-54.7616279562277,14,32,"D3"
"Exponential",-22.83798729764,14,32,"D5"
"PowerLaw",-78.0084930048277,14,32,"D5"
"Exponential",-14.0378990901261,14,32,"D6"
"PowerLaw",-69.3677264485466,14,32,"D6"
"Exponential",-8.32758277203805,14,32,"D7"
"PowerLaw",-56.521967777874,14,32,"D7"
"Exponential",-52.0579110201136,14,33,"D0"
"PowerLaw",-110.434677381585,14,33,"D0"
"Exponential",-30.1772598134771,14,33,"D1"
"PowerLaw",-81.912248255104,14,33,"D1"
"Exponential",-25.3463354808727,14,33,"D3"
"PowerLaw",-54.3071979953448,14,33,"D3"
"Exponential",-22.6959974060069,14,33,"D5"
"PowerLaw",-75.2859595905437,14,33,"D5"
"Exponential",-11.3874220365,14,33,"D6"
"PowerLaw",-43.307176217085,14,33,"D6"
"Exponential",-2.13695693845115,14,33,"D7"
"PowerLaw",-36.5347672901195,14,33,"D7"
"Exponential",-52.1120754979221,14,34,"D0"
"PowerLaw",-110.667841104095,14,34,"D0"
"Exponential",-30.3575845657957,14,34,"D1"
"PowerLaw",-83.0833240239007,14,34,"D1"
"Exponential",-25.2388095538201,14,34,"D3"
"PowerLaw",-53.6434906469126,14,34,"D3"
"Exponential",-22.0419371261968,14,34,"D5"
"PowerLaw",-69.6247390135016,14,34,"D5"
"Exponential",-11.3591588605727,14,34,"D6"
"PowerLaw",-43.2169244712764,14,34,"D6"
"Exponential",-7.32875152777111,14,34,"D7"
"PowerLaw",-51.1088101834337,14,34,"D7"
"Exponential",-52.0203028369066,14,35,"D0"
"PowerLaw",-110.08088530757,14,35,"D0"
"Exponential",-30.3672633037112,14,35,"D1"
"PowerLaw",-83.3762307526902,14,35,"D1"
"Exponential",-25.5669941618583,14,35,"D3"
"PowerLaw",-54.6920099934202,14,35,"D3"
"Exponential",-21.7344908963905,14,35,"D5"
"PowerLaw",-63.007553768074,14,35,"D5"
"Exponential",-12.6471519296382,14,35,"D6"
"PowerLaw",-41.2142639085322,14,35,"D6"
"Exponential",-8.96646516304261,14,35,"D7"
"PowerLaw",-43.8952696155768,14,35,"D7"
"Exponential",-52.037483282753,14,36,"D0"
"PowerLaw",-110.167052431134,14,36,"D0"
"Exponential",-30.2204022419406,14,36,"D1"
"PowerLaw",-82.139886877344,14,36,"D1"
"Exponential",-25.0070509193805,14,36,"D3"
"PowerLaw",-52.086402037363,14,36,"D3"
"Exponential",-21.2759375390377,14,36,"D5"
"PowerLaw",-70.0774655027801,14,36,"D5"
"Exponential",-11.8544333667157,14,36,"D6"
"PowerLaw",-46.523891274479,14,36,"D6"
"Exponential",-10.6824933248335,14,36,"D7"
"PowerLaw",-58.0129603540067,14,36,"D7"
"Exponential",-52.1068482364341,14,37,"D0"
"PowerLaw",-110.944024174273,14,37,"D0"
"Exponential",-30.2512665731419,14,37,"D1"
"PowerLaw",-82.4021876689404,14,37,"D1"
"Exponential",-26.0109698892165,14,37,"D3"
"PowerLaw",-54.4506229025875,14,37,"D3"
"Exponential",-22.8482159027251,14,37,"D5"
"PowerLaw",-75.2746385664183,14,37,"D5"
"Exponential",-11.5361618649026,14,37,"D6"
"PowerLaw",-56.1703664880733,14,37,"D6"
"Exponential",-1.5541288099479,14,37,"D7"
"PowerLaw",-36.1723584411273,14,37,"D7"
"Exponential",-52.0961565383431,14,38,"D0"
"PowerLaw",-111.061492849334,14,38,"D0"
"Exponential",-30.2183660799537,14,38,"D1"
"PowerLaw",-82.2380094315939,14,38,"D1"
"Exponential",-24.357194901992,14,38,"D3"
"PowerLaw",-52.1334251700403,14,38,"D3"
"Exponential",-21.7228184252994,14,38,"D5"
"PowerLaw",-62.4019658851081,14,38,"D5"
"Exponential",-11.9836890057692,14,38,"D6"
"PowerLaw",-41.5300375834632,14,38,"D6"
"Exponential",-6.97627578650892,14,38,"D7"
"PowerLaw",-44.3682341752505,14,38,"D7"
"Exponential",-52.0959763880837,14,39,"D0"
"PowerLaw",-110.915607884264,14,39,"D0"
"Exponential",-30.3473062048479,14,39,"D1"
"PowerLaw",-83.1884837995677,14,39,"D1"
"Exponential",-25.0689036846022,14,39,"D3"
"PowerLaw",-53.1488843787242,14,39,"D3"
"Exponential",-23.9310281004557,14,39,"D5"
"PowerLaw",-83.1608695612506,14,39,"D5"
"Exponential",-13.4741674232985,14,39,"D6"
"PowerLaw",-67.8592421797005,14,39,"D6"
"Exponential",-6.87541483164349,14,39,"D7"
"PowerLaw",-51.23154043075,14,39,"D7"
"Exponential",-52.0904919534469,14,40,"D0"
"PowerLaw",-111.070689277242,14,40,"D0"
"Exponential",-30.2984972256904,14,40,"D1"
"PowerLaw",-82.6227541124745,14,40,"D1"
"Exponential",-24.5154192591082,14,40,"D3"
"PowerLaw",-53.6416412205797,14,40,"D3"
"Exponential",-22.3384875204439,14,40,"D5"
"PowerLaw",-64.65210149131,14,40,"D5"
"Exponential",-11.9301218296421,14,40,"D6"
"PowerLaw",-45.2704535779656,14,40,"D6"
"Exponential",-5.43994174625438,14,40,"D7"
"PowerLaw",-38.0935414855837,14,40,"D7"
"Exponential",-52.0317014594192,14,41,"D0"
"PowerLaw",-110.047982409163,14,41,"D0"
"Exponential",-30.1953845270083,14,41,"D1"
"PowerLaw",-82.1309893006149,14,41,"D1"
"Exponential",-24.4248766484893,14,41,"D3"
"PowerLaw",-52.4946885765255,14,41,"D3"
"Exponential",-23.0343449622083,14,41,"D5"
"PowerLaw",-74.4535472237466,14,41,"D5"
"Exponential",-12.4948635317441,14,41,"D6"
"PowerLaw",-48.4288239567914,14,41,"D6"
"Exponential",-4.24576371478917,14,41,"D7"
"PowerLaw",-32.4501261067952,14,41,"D7"
"Exponential",-52.0106740721821,14,42,"D0"
"PowerLaw",-109.89644587666,14,42,"D0"
"Exponential",-30.3059700625374,14,42,"D1"
"PowerLaw",-82.9223384322492,14,42,"D1"
"Exponential",-25.7826751301813,14,42,"D3"
"PowerLaw",-52.8555355382376,14,42,"D3"
"Exponential",-20.354112207991,14,42,"D5"
"PowerLaw",-60.9622833501391,14,42,"D5"
"Exponential",-12.809430258493,14,42,"D6"
"PowerLaw",-46.6485658087107,14,42,"D6"
"Exponential",-1.74687410856315,14,42,"D7"
"PowerLaw",-29.4155958798174,14,42,"D7"
"Exponential",-52.0005760364428,14,43,"D0"
"PowerLaw",-109.524838714516,14,43,"D0"
"Exponential",-30.4047746902361,14,43,"D1"
"PowerLaw",-83.4822275535368,14,43,"D1"
"Exponential",-25.207260101315,14,43,"D3"
"PowerLaw",-53.6501171659999,14,43,"D3"
"Exponential",-22.8372841488118,14,43,"D5"
"PowerLaw",-58.9669883420773,14,43,"D5"
"Exponential",-10.5600643858653,14,43,"D6"
"PowerLaw",-38.2877293146404,14,43,"D6"
"Exponential",-11.5079229883556,14,43,"D7"
"PowerLaw",-57.8963140035997,14,43,"D7"
"Exponential",-52.0581533745869,14,44,"D0"
"PowerLaw",-110.683934369294,14,44,"D0"
"Exponential",-30.270530792241,14,44,"D1"
"PowerLaw",-82.7242894026274,14,44,"D1"
"Exponential",-25.0207001403382,14,44,"D3"
"PowerLaw",-52.1397459393831,14,44,"D3"
"Exponential",-23.3406504974023,14,44,"D5"
"PowerLaw",-71.1716855005893,14,44,"D5"
"Exponential",-10.6881701564708,14,44,"D6"
"PowerLaw",-44.6540016311483,14,44,"D6"
"Exponential",-11.1507356916688,14,44,"D7"
"PowerLaw",-52.9367370410554,14,44,"D7"
"Exponential",-52.0523788827301,14,45,"D0"
"PowerLaw",-110.593052379744,14,45,"D0"
"Exponential",-30.2202415540273,14,45,"D1"
"PowerLaw",-82.1935664992034,14,45,"D1"
"Exponential",-25.2238678413147,14,45,"D3"
"PowerLaw",-52.6578621527222,14,45,"D3"
"Exponential",-23.4245970525034,14,45,"D5"
"PowerLaw",-69.6344615610999,14,45,"D5"
"Exponential",-11.7227018932082,14,45,"D6"
"PowerLaw",-49.7568225451293,14,45,"D6"
"Exponential",-5.33998362270938,14,45,"D7"
"PowerLaw",-31.9301182646654,14,45,"D7"
"Exponential",-52.112660418252,14,46,"D0"
"PowerLaw",-111.033469124389,14,46,"D0"
"Exponential",-30.4331093677346,14,46,"D1"
"PowerLaw",-83.8553546360679,14,46,"D1"
"Exponential",-25.983774690461,14,46,"D3"
"PowerLaw",-53.580924332567,14,46,"D3"
"Exponential",-21.5410683832255,14,46,"D5"
"PowerLaw",-77.5520307004427,14,46,"D5"
"Exponential",-11.0174353476373,14,46,"D6"
"PowerLaw",-38.7441768333405,14,46,"D6"
"Exponential",-6.32981108617036,14,46,"D7"
"PowerLaw",-46.5796409310239,14,46,"D7"
"Exponential",-52.0623743191927,14,47,"D0"
"PowerLaw",-110.705355842742,14,47,"D0"
"Exponential",-30.2362233511962,14,47,"D1"
"PowerLaw",-82.1718946548588,14,47,"D1"
"Exponential",-25.9165604893776,14,47,"D3"
"PowerLaw",-53.6136552311269,14,47,"D3"
"Exponential",-23.7791086891292,14,47,"D5"
"PowerLaw",-79.8560377894231,14,47,"D5"
"Exponential",-12.1406006995572,14,47,"D6"
"PowerLaw",-53.8543777436662,14,47,"D6"
"Exponential",-6.18282766674739,14,47,"D7"
"PowerLaw",-78.6856479269025,14,47,"D7"
"Exponential",-52.0558763606916,14,48,"D0"
"PowerLaw",-109.966566263083,14,48,"D0"
"Exponential",-30.4747939773581,14,48,"D1"
"PowerLaw",-84.1157310626399,14,48,"D1"
"Exponential",-24.5275093949709,14,48,"D3"
"PowerLaw",-50.9153553685266,14,48,"D3"
"Exponential",-21.6507883204899,14,48,"D5"
"PowerLaw",-66.2373281716929,14,48,"D5"
"Exponential",-14.5623676651853,14,48,"D6"
"PowerLaw",-64.7964310872247,14,48,"D6"
"Exponential",-1.77356965585834,14,48,"D7"
"PowerLaw",-35.1790639802615,14,48,"D7"
"Exponential",-52.0694620854055,14,49,"D0"
"PowerLaw",-110.772371893283,14,49,"D0"
"Exponential",-30.4353810510355,14,49,"D1"
"PowerLaw",-83.69069791743,14,49,"D1"
"Exponential",-24.5139156855953,14,49,"D3"
"PowerLaw",-51.8268682146194,14,49,"D3"
"Exponential",-20.3854781601771,14,49,"D5"
"PowerLaw",-58.9597853023207,14,49,"D5"
"Exponential",-12.2816593848011,14,49,"D6"
"PowerLaw",-50.2560354976511,14,49,"D6"
"Exponential",-12.1932956487222,14,49,"D7"
"PowerLaw",-50.4178506688787,14,49,"D7"
"Exponential",-52.168477653531,14,50,"D0"
"PowerLaw",-111.698751446989,14,50,"D0"
"Exponential",-30.3962272584672,14,50,"D1"
"PowerLaw",-83.3705128254412,14,50,"D1"
"Exponential",-24.6929121876553,14,50,"D3"
"PowerLaw",-50.4765988061411,14,50,"D3"
"Exponential",-21.8705499414837,14,50,"D5"
"PowerLaw",-69.3069557914781,14,50,"D5"
"Exponential",-11.310645207488,14,50,"D6"
"PowerLaw",-43.2486893854628,14,50,"D6"
"Exponential",-2.43212309349654,14,50,"D7"
"PowerLaw",-33.4381048539456,14,50,"D7"
"Exponential",-52.1860827505391,14,51,"D0"
"PowerLaw",-111.665141459124,14,51,"D0"
"Exponential",-30.3174855507109,14,51,"D1"
"PowerLaw",-82.9650602668165,14,51,"D1"
"Exponential",-25.3402563913126,14,51,"D3"
"PowerLaw",-53.9578904047771,14,51,"D3"
"Exponential",-21.2429002172796,14,51,"D5"
"PowerLaw",-69.9218282135677,14,51,"D5"
"Exponential",-10.2848565891029,14,51,"D6"
"PowerLaw",-37.3077474318907,14,51,"D6"
"Exponential",-6.99338705134832,14,51,"D7"
"PowerLaw",-40.1064472001414,14,51,"D7"
"Exponential",-52.0154770804035,14,52,"D0"
"PowerLaw",-110.042417053582,14,52,"D0"
"Exponential",-30.4691053760566,14,52,"D1"
"PowerLaw",-84.1053232474856,14,52,"D1"
"Exponential",-25.0161853004387,14,52,"D3"
"PowerLaw",-51.224485121135,14,52,"D3"
"Exponential",-21.1051228310613,14,52,"D5"
"PowerLaw",-64.0944155596727,14,52,"D5"
"Exponential",-13.3487310391038,14,52,"D6"
"PowerLaw",-60.5293990972757,14,52,"D6"
"Exponential",-3.13979849004359,14,52,"D7"
"PowerLaw",-35.5326002871059,14,52,"D7"
"Exponential",-52.0486796631675,14,53,"D0"
"PowerLaw",-110.437830047709,14,53,"D0"
"Exponential",-30.4157726138029,14,53,"D1"
"PowerLaw",-83.8198914873767,14,53,"D1"
"Exponential",-26.2213397535636,14,53,"D3"
"PowerLaw",-54.3830066215752,14,53,"D3"
"Exponential",-23.2884587004729,14,53,"D5"
"PowerLaw",-82.5435004957925,14,53,"D5"
"Exponential",-10.40704888706,14,53,"D6"
"PowerLaw",-52.8213571986575,14,53,"D6"
"Exponential",-8.88238983633789,14,53,"D7"
"PowerLaw",-51.7530296496524,14,53,"D7"
"Exponential",-52.083729951894,14,54,"D0"
"PowerLaw",-110.835652404893,14,54,"D0"
"Exponential",-30.2813389351003,14,54,"D1"
"PowerLaw",-82.5514444119801,14,54,"D1"
"Exponential",-25.7185504885314,14,54,"D3"
"PowerLaw",-51.8273576823636,14,54,"D3"
"Exponential",-22.567725021428,14,54,"D5"
"PowerLaw",-75.6110917940981,14,54,"D5"
"Exponential",-12.6614711562754,14,54,"D6"
"PowerLaw",-51.0752638834641,14,54,"D6"
"Exponential",-4.79538363324117,14,54,"D7"
"PowerLaw",-49.4836492563196,14,54,"D7"
"Exponential",-52.0738264808511,14,55,"D0"
"PowerLaw",-110.897745604664,14,55,"D0"
"Exponential",-30.4202480169999,14,55,"D1"
"PowerLaw",-83.6645431388253,14,55,"D1"
"Exponential",-24.9083028644529,14,55,"D3"
"PowerLaw",-52.6731095460221,14,55,"D3"
"Exponential",-23.084398421552,14,55,"D5"
"PowerLaw",-78.2599852791651,14,55,"D5"
"Exponential",-12.6711197635724,14,55,"D6"
"PowerLaw",-53.903659065915,14,55,"D6"
"Exponential",-6.59685086153103,14,55,"D7"
"PowerLaw",-48.5898723469548,14,55,"D7"
"Exponential",-52.0311911001345,14,56,"D0"
"PowerLaw",-110.20714102941,14,56,"D0"
"Exponential",-30.3900941967023,14,56,"D1"
"PowerLaw",-83.4951061992632,14,56,"D1"
"Exponential",-24.2466996658979,14,56,"D3"
"PowerLaw",-50.8870236154289,14,56,"D3"
"Exponential",-21.7922886608528,14,56,"D5"
"PowerLaw",-67.7511941726695,14,56,"D5"
"Exponential",-11.7078549227346,14,56,"D6"
"PowerLaw",-68.1039695747456,14,56,"D6"
"Exponential",-4.12338090493926,14,56,"D7"
"PowerLaw",-31.6438427435076,14,56,"D7"
"Exponential",-52.0957708269383,14,57,"D0"
"PowerLaw",-110.888797623947,14,57,"D0"
"Exponential",-30.20658823854,14,57,"D1"
"PowerLaw",-82.0399253099798,14,57,"D1"
"Exponential",-24.5086015821576,14,57,"D3"
"PowerLaw",-51.9048019832525,14,57,"D3"
"Exponential",-22.1793750371948,14,57,"D5"
"PowerLaw",-73.8896112428742,14,57,"D5"
"Exponential",-10.934574440205,14,57,"D6"
"PowerLaw",-46.9313612311325,14,57,"D6"
"Exponential",-8.64581089832928,14,57,"D7"
"PowerLaw",-53.8140824568101,14,57,"D7"
"Exponential",-52.0562509906149,14,58,"D0"
"PowerLaw",-110.518422598567,14,58,"D0"
"Exponential",-30.1355356701498,14,58,"D1"
"PowerLaw",-81.6148023089317,14,58,"D1"
"Exponential",-25.3843720859227,14,58,"D3"
"PowerLaw",-52.5959012425362,14,58,"D3"
"Exponential",-22.1833782205716,14,58,"D5"
"PowerLaw",-66.6699234203367,14,58,"D5"
"Exponential",-13.0039176390132,14,58,"D6"
"PowerLaw",-76.4364144824932,14,58,"D6"
"Exponential",-0.287643225159177,14,58,"D7"
"PowerLaw",-31.4894787943329,14,58,"D7"
"Exponential",-52.0643645624574,14,59,"D0"
"PowerLaw",-110.03007044966,14,59,"D0"
"Exponential",-30.3462106361477,14,59,"D1"
"PowerLaw",-83.1835913770443,14,59,"D1"
"Exponential",-25.2488667970958,14,59,"D3"
"PowerLaw",-52.5718454424462,14,59,"D3"
"Exponential",-22.5100081641868,14,59,"D5"
"PowerLaw",-82.2611855891508,14,59,"D5"
"Exponential",-12.2724972379936,14,59,"D6"
"PowerLaw",-55.3519139014896,14,59,"D6"
"Exponential",-2.71999845780953,14,59,"D7"
"PowerLaw",-51.0651798354255,14,59,"D7"
"Exponential",-52.028268750705,14,60,"D0"
"PowerLaw",-110.296802536397,14,60,"D0"
"Exponential",-30.5875052165701,14,60,"D1"
"PowerLaw",-85.0901244866316,14,60,"D1"
"Exponential",-24.7546076382783,14,60,"D3"
"PowerLaw",-53.1280969073982,14,60,"D3"
"Exponential",-22.8685752812786,14,60,"D5"
"PowerLaw",-68.7466334222776,14,60,"D5"
"Exponential",-12.2943602616998,14,60,"D6"
"PowerLaw",-45.7590307862825,14,60,"D6"
"Exponential",-5.69348477858384,14,60,"D7"
"PowerLaw",-50.4293597260809,14,60,"D7"
"Exponential",-52.0919130858063,14,61,"D0"
"PowerLaw",-110.716866525552,14,61,"D0"
"Exponential",-30.3170191950138,14,61,"D1"
"PowerLaw",-83.0453565354358,14,61,"D1"
"Exponential",-26.4463655248473,14,61,"D3"
"PowerLaw",-53.570917322525,14,61,"D3"
"Exponential",-22.4164727366581,14,61,"D5"
"PowerLaw",-77.4516447263881,14,61,"D5"
"Exponential",-10.9252421698788,14,61,"D6"
"PowerLaw",-43.235376157394,14,61,"D6"
"Exponential",-1.38154862505313,14,61,"D7"
"PowerLaw",-30.6086125982311,14,61,"D7"
"Exponential",-52.1334668735105,14,62,"D0"
"PowerLaw",-111.428486039288,14,62,"D0"
"Exponential",-30.3829604128916,14,62,"D1"
"PowerLaw",-83.5624397441662,14,62,"D1"
"Exponential",-24.7559340334622,14,62,"D3"
"PowerLaw",-52.2921077863762,14,62,"D3"
"Exponential",-22.4623185838984,14,62,"D5"
"PowerLaw",-68.4327084685369,14,62,"D5"
"Exponential",-12.0209800208517,14,62,"D6"
"PowerLaw",-45.2780561108657,14,62,"D6"
"Exponential",-9.49961238142525,14,62,"D7"
"PowerLaw",-39.2989016270203,14,62,"D7"
"Exponential",-52.1026748697752,14,63,"D0"
"PowerLaw",-111.06505371777,14,63,"D0"
"Exponential",-30.3357030410151,14,63,"D1"
"PowerLaw",-83.1755364644035,14,63,"D1"
"Exponential",-24.9103085964894,14,63,"D3"
"PowerLaw",-53.8797858442143,14,63,"D3"
"Exponential",-20.7047221252076,14,63,"D5"
"PowerLaw",-57.1706418142987,14,63,"D5"
"Exponential",-10.9544797534664,14,63,"D6"
"PowerLaw",-42.0129329590418,14,63,"D6"
"Exponential",-5.90090964052428,14,63,"D7"
"PowerLaw",-46.6308736464464,14,63,"D7"
"Exponential",-51.9720584949875,14,64,"D0"
"PowerLaw",-109.20362084253,14,64,"D0"
"Exponential",-30.3325072680794,14,64,"D1"
"PowerLaw",-83.0770137450247,14,64,"D1"
"Exponential",-25.6702678405576,14,64,"D3"
"PowerLaw",-54.0747830008988,14,64,"D3"
"Exponential",-23.1095914603535,14,64,"D5"
"PowerLaw",-74.8170415957582,14,64,"D5"
"Exponential",-12.2026446269132,14,64,"D6"
"PowerLaw",-49.2928444414936,14,64,"D6"
"Exponential",-8.98286431737076,14,64,"D7"
"PowerLaw",-57.1465402123588,14,64,"D7"
"Exponential",-52.1464232694067,14,65,"D0"
"PowerLaw",-111.586287563707,14,65,"D0"
"Exponential",-30.1741661397063,14,65,"D1"
"PowerLaw",-81.990915912326,14,65,"D1"
"Exponential",-25.8890444057661,14,65,"D3"
"PowerLaw",-51.3606741250436,14,65,"D3"
"Exponential",-20.9814466418884,14,65,"D5"
"PowerLaw",-83.14308836589,14,65,"D5"
"Exponential",-11.9811002063862,14,65,"D6"
"PowerLaw",-44.8658895538859,14,65,"D6"
"Exponential",-3.37955703173912,14,65,"D7"
"PowerLaw",-41.1530683025996,14,65,"D7"
"Exponential",-52.1447244346217,14,66,"D0"
"PowerLaw",-111.521279465544,14,66,"D0"
"Exponential",-30.3295160401742,14,66,"D1"
"PowerLaw",-82.9902237524533,14,66,"D1"
"Exponential",-25.8213046901183,14,66,"D3"
"PowerLaw",-54.2382068098715,14,66,"D3"
"Exponential",-21.1820179198556,14,66,"D5"
"PowerLaw",-67.7362292392496,14,66,"D5"
"Exponential",-13.0417919871521,14,66,"D6"
"PowerLaw",-51.913716763629,14,66,"D6"
"Exponential",-7.77367224316443,14,66,"D7"
"PowerLaw",-34.6783514441203,14,66,"D7"
"Exponential",-51.9878148177036,14,67,"D0"
"PowerLaw",-109.628178221379,14,67,"D0"
"Exponential",-30.3371292021102,14,67,"D1"
"PowerLaw",-83.1340678485527,14,67,"D1"
"Exponential",-26.5248241365777,14,67,"D3"
"PowerLaw",-54.4697570622255,14,67,"D3"
"Exponential",-21.0184171488677,14,67,"D5"
"PowerLaw",-66.6513444962959,14,67,"D5"
"Exponential",-12.6609711288609,14,67,"D6"
"PowerLaw",-44.3422039372835,14,67,"D6"
"Exponential",-7.9078084051133,14,67,"D7"
"PowerLaw",-46.4811958058378,14,67,"D7"
"Exponential",-52.0621260412594,14,68,"D0"
"PowerLaw",-110.743786477407,14,68,"D0"
"Exponential",-30.3525182779805,14,68,"D1"
"PowerLaw",-83.2122161205134,14,68,"D1"
"Exponential",-24.3306354667334,14,68,"D3"
"PowerLaw",-51.6311929945351,14,68,"D3"
"Exponential",-23.7593665251381,14,68,"D5"
"PowerLaw",-71.0961527484049,14,68,"D5"
"Exponential",-10.9609468265785,14,68,"D6"
"PowerLaw",-41.1459320366345,14,68,"D6"
"Exponential",-6.60126157529677,14,68,"D7"
"PowerLaw",-47.9475453678209,14,68,"D7"
"Exponential",-52.0573061095591,14,69,"D0"
"PowerLaw",-110.545715932468,14,69,"D0"
"Exponential",-30.5226908745384,14,69,"D1"
"PowerLaw",-84.6420860715987,14,69,"D1"
"Exponential",-25.7891596844141,14,69,"D3"
"PowerLaw",-53.3232263926889,14,69,"D3"
"Exponential",-20.6359183567244,14,69,"D5"
"PowerLaw",-59.4420408045488,14,69,"D5"
"Exponential",-12.182710406517,14,69,"D6"
"PowerLaw",-62.833169312757,14,69,"D6"
"Exponential",-6.55464050367015,14,69,"D7"
"PowerLaw",-40.2240911901029,14,69,"D7"
"Exponential",-52.1366017928277,14,70,"D0"
"PowerLaw",-111.157406489217,14,70,"D0"
"Exponential",-30.3667011513104,14,70,"D1"
"PowerLaw",-83.41473052578,14,70,"D1"
"Exponential",-25.4903822459891,14,70,"D3"
"PowerLaw",-52.8420966537136,14,70,"D3"
"Exponential",-21.5657535943886,14,70,"D5"
"PowerLaw",-71.4757727546046,14,70,"D5"
"Exponential",-11.7469567039817,14,70,"D6"
"PowerLaw",-48.8214959275381,14,70,"D6"
"Exponential",-7.08922604467852,14,70,"D7"
"PowerLaw",-75.6255013667048,14,70,"D7"
"Exponential",-52.0193499367908,14,71,"D0"
"PowerLaw",-110.310410146953,14,71,"D0"
"Exponential",-30.4285337092475,14,71,"D1"
"PowerLaw",-83.8140999264351,14,71,"D1"
"Exponential",-26.1290281545121,14,71,"D3"
"PowerLaw",-54.3515285915107,14,71,"D3"
"Exponential",-22.1926805582394,14,71,"D5"
"PowerLaw",-71.5963071052433,14,71,"D5"
"Exponential",-11.1010849488742,14,71,"D6"
"PowerLaw",-45.4210753772155,14,71,"D6"
"Exponential",-12.1619143656915,14,71,"D7"
"PowerLaw",-56.7904118957712,14,71,"D7"
"Exponential",-52.0998257958228,14,72,"D0"
"PowerLaw",-110.85702337431,14,72,"D0"
"Exponential",-30.2515912890899,14,72,"D1"
"PowerLaw",-82.4454608241563,14,72,"D1"
"Exponential",-25.2019244268315,14,72,"D3"
"PowerLaw",-52.1629686868275,14,72,"D3"
"Exponential",-21.9005365499679,14,72,"D5"
"PowerLaw",-79.5260302888672,14,72,"D5"
"Exponential",-11.509165383838,14,72,"D6"
"PowerLaw",-46.2638099104436,14,72,"D6"
"Exponential",-1.70719037643894,14,72,"D7"
"PowerLaw",-28.4191825713351,14,72,"D7"
"Exponential",-52.0948110675974,14,73,"D0"
"PowerLaw",-110.857076774426,14,73,"D0"
"Exponential",-30.1842311266431,14,73,"D1"
"PowerLaw",-82.0410914386098,14,73,"D1"
"Exponential",-26.6522778636585,14,73,"D3"
"PowerLaw",-55.5651338476056,14,73,"D3"
"Exponential",-22.464643215783,14,73,"D5"
"PowerLaw",-77.7456359325723,14,73,"D5"
"Exponential",-13.8787016124142,14,73,"D6"
"PowerLaw",-65.4133700383004,14,73,"D6"
"Exponential",-7.14371488985992,14,73,"D7"
"PowerLaw",-33.7557061354913,14,73,"D7"
"Exponential",-52.0653531601336,14,74,"D0"
"PowerLaw",-110.565781266808,14,74,"D0"
"Exponential",-30.1858848902585,14,74,"D1"
"PowerLaw",-81.9642477240495,14,74,"D1"
"Exponential",-25.2140165453083,14,74,"D3"
"PowerLaw",-52.2342126333451,14,74,"D3"
"Exponential",-23.8732862813533,14,74,"D5"
"PowerLaw",-77.7666931424607,14,74,"D5"
"Exponential",-10.1570345896318,14,74,"D6"
"PowerLaw",-46.3381483113709,14,74,"D6"
"Exponential",-5.02289093712062,14,74,"D7"
"PowerLaw",-38.3784767416291,14,74,"D7"
"Exponential",-52.1415293999024,14,75,"D0"
"PowerLaw",-111.391972058577,14,75,"D0"
"Exponential",-30.343126167863,14,75,"D1"
"PowerLaw",-82.9644653052822,14,75,"D1"
"Exponential",-25.5543246928055,14,75,"D3"
"PowerLaw",-52.6603460357965,14,75,"D3"
"Exponential",-23.4005233972046,14,75,"D5"
"PowerLaw",-76.274863194325,14,75,"D5"
"Exponential",-12.3602209626056,14,75,"D6"
"PowerLaw",-50.0118348499086,14,75,"D6"
"Exponential",-4.78428721812753,14,75,"D7"
"PowerLaw",-33.5878903704618,14,75,"D7"
"Exponential",-51.967856659613,14,76,"D0"
"PowerLaw",-109.447043753622,14,76,"D0"
"Exponential",-30.3298670860081,14,76,"D1"
"PowerLaw",-83.049065164682,14,76,"D1"
"Exponential",-25.1362417305701,14,76,"D3"
"PowerLaw",-53.7574668787736,14,76,"D3"
"Exponential",-23.5766878351526,14,76,"D5"
"PowerLaw",-81.4416713897082,14,76,"D5"
"Exponential",-10.7474959411024,14,76,"D6"
"PowerLaw",-37.4140688376516,14,76,"D6"
"Exponential",-3.31806669229727,14,76,"D7"
"PowerLaw",-32.8490571204514,14,76,"D7"
"Exponential",-52.0393965879228,14,77,"D0"
"PowerLaw",-110.061621211442,14,77,"D0"
"Exponential",-30.2845181588891,14,77,"D1"
"PowerLaw",-82.7357287621288,14,77,"D1"
"Exponential",-24.671740508878,14,77,"D3"
"PowerLaw",-52.0075776956351,14,77,"D3"
"Exponential",-20.8792075272128,14,77,"D5"
"PowerLaw",-64.0588267255681,14,77,"D5"
"Exponential",-13.7314350745143,14,77,"D6"
"PowerLaw",-60.2971387741708,14,77,"D6"
"Exponential",-1.29829169159412,14,77,"D7"
"PowerLaw",-26.3958569364541,14,77,"D7"
"Exponential",-52.072425041896,14,78,"D0"
"PowerLaw",-110.491420145954,14,78,"D0"
"Exponential",-30.3786412131676,14,78,"D1"
"PowerLaw",-83.1675472857075,14,78,"D1"
"Exponential",-25.0991932507533,14,78,"D3"
"PowerLaw",-52.9641459118498,14,78,"D3"
"Exponential",-21.149279561159,14,78,"D5"
"PowerLaw",-62.9720794526335,14,78,"D5"
"Exponential",-13.3756445243507,14,78,"D6"
"PowerLaw",-62.9160736125382,14,78,"D6"
"Exponential",-7.91218286001374,14,78,"D7"
"PowerLaw",-52.1333164200119,14,78,"D7"
"Exponential",-52.1611613452621,14,79,"D0"
"PowerLaw",-111.464954943869,14,79,"D0"
"Exponential",-30.4332144540492,14,79,"D1"
"PowerLaw",-83.9456697344662,14,79,"D1"
"Exponential",-25.3838782243122,14,79,"D3"
"PowerLaw",-51.9770482251297,14,79,"D3"
"Exponential",-22.9817727005772,14,79,"D5"
"PowerLaw",-69.9251308045643,14,79,"D5"
"Exponential",-13.7262501511852,14,79,"D6"
"PowerLaw",-48.6982056257718,14,79,"D6"
"Exponential",-8.89983724270919,14,79,"D7"
"PowerLaw",-42.2537305543864,14,79,"D7"
"Exponential",-52.0547464126901,14,80,"D0"
"PowerLaw",-110.034674576117,14,80,"D0"
"Exponential",-30.3764468041092,14,80,"D1"
"PowerLaw",-83.5124050089406,14,80,"D1"
"Exponential",-26.0596659039603,14,80,"D3"
"PowerLaw",-55.9966580568273,14,80,"D3"
"Exponential",-22.0145203844412,14,80,"D5"
"PowerLaw",-62.8301808743054,14,80,"D5"
"Exponential",-10.253628225409,14,80,"D6"
"PowerLaw",-50.1257380406874,14,80,"D6"
"Exponential",-6.07367214818611,14,80,"D7"
"PowerLaw",-48.7620450693361,14,80,"D7"
"Exponential",-52.0931549117491,14,81,"D0"
"PowerLaw",-110.987241649514,14,81,"D0"
"Exponential",-30.2930383815074,14,81,"D1"
"PowerLaw",-82.8258616809946,14,81,"D1"
"Exponential",-25.6280255094823,14,81,"D3"
"PowerLaw",-53.4174455972132,14,81,"D3"
"Exponential",-21.2574222157294,14,81,"D5"
"PowerLaw",-60.231897728134,14,81,"D5"
"Exponential",-12.3783992280598,14,81,"D6"
"PowerLaw",-46.1445404642475,14,81,"D6"
"Exponential",-7.65914386068589,14,81,"D7"
"PowerLaw",-69.9049737425408,14,81,"D7"
"Exponential",-52.1181470341824,14,82,"D0"
"PowerLaw",-111.189194269386,14,82,"D0"
"Exponential",-30.2505565893677,14,82,"D1"
"PowerLaw",-82.5008751475355,14,82,"D1"
"Exponential",-25.5922435841092,14,82,"D3"
"PowerLaw",-54.1793342898879,14,82,"D3"
"Exponential",-23.001684364796,14,82,"D5"
"PowerLaw",-85.2180198606227,14,82,"D5"
"Exponential",-11.9264680206898,14,82,"D6"
"PowerLaw",-51.5833028592384,14,82,"D6"
"Exponential",-3.88382168175029,14,82,"D7"
"PowerLaw",-51.6221611054238,14,82,"D7"
"Exponential",-52.0625701384392,14,83,"D0"
"PowerLaw",-110.296702189277,14,83,"D0"
"Exponential",-30.3413811309766,14,83,"D1"
"PowerLaw",-83.2351901700078,14,83,"D1"
"Exponential",-25.6147445061143,14,83,"D3"
"PowerLaw",-52.7532811246529,14,83,"D3"
"Exponential",-20.5489701477611,14,83,"D5"
"PowerLaw",-59.7158804497249,14,83,"D5"
"Exponential",-13.0067539763007,14,83,"D6"
"PowerLaw",-62.8543664252298,14,83,"D6"
"Exponential",-6.82839074462471,14,83,"D7"
"PowerLaw",-47.5470292077554,14,83,"D7"
"Exponential",-52.0497158532801,14,84,"D0"
"PowerLaw",-110.123884227868,14,84,"D0"
"Exponential",-30.4651935154157,14,84,"D1"
"PowerLaw",-83.9882588389678,14,84,"D1"
"Exponential",-25.8521859918257,14,84,"D3"
"PowerLaw",-52.5937623544748,14,84,"D3"
"Exponential",-21.8549760364277,14,84,"D5"
"PowerLaw",-74.6689164729614,14,84,"D5"
"Exponential",-13.3607359933287,14,84,"D6"
"PowerLaw",-55.8622815297484,14,84,"D6"
"Exponential",-6.33760772044964,14,84,"D7"
"PowerLaw",-43.3632794974867,14,84,"D7"
"Exponential",-52.1775714434962,14,85,"D0"
"PowerLaw",-111.424952647121,14,85,"D0"
"Exponential",-30.2512770938704,14,85,"D1"
"PowerLaw",-82.5087538686482,14,85,"D1"
"Exponential",-24.7757009085386,14,85,"D3"
"PowerLaw",-51.1474198722889,14,85,"D3"
"Exponential",-21.704915750789,14,85,"D5"
"PowerLaw",-80.571960798506,14,85,"D5"
"Exponential",-12.023543496771,14,85,"D6"
"PowerLaw",-45.545246460533,14,85,"D6"
"Exponential",-6.73104351804711,14,85,"D7"
"PowerLaw",-51.6082489243845,14,85,"D7"
"Exponential",-51.986599858564,14,86,"D0"
"PowerLaw",-109.509118231395,14,86,"D0"
"Exponential",-30.3074423542796,14,86,"D1"
"PowerLaw",-82.92873568095,14,86,"D1"
"Exponential",-25.373543910717,14,86,"D3"
"PowerLaw",-52.2902371234655,14,86,"D3"
"Exponential",-21.1792664825651,14,86,"D5"
"PowerLaw",-71.8395085559394,14,86,"D5"
"Exponential",-11.8104320310291,14,86,"D6"
"PowerLaw",-42.6396619907884,14,86,"D6"
"Exponential",-2.0049210845998,14,86,"D7"
"PowerLaw",-36.8592495067092,14,86,"D7"
"Exponential",-52.1504915864757,14,87,"D0"
"PowerLaw",-111.394897325774,14,87,"D0"
"Exponential",-30.232739040279,14,87,"D1"
"PowerLaw",-82.2574334161355,14,87,"D1"
"Exponential",-25.9789178357133,14,87,"D3"
"PowerLaw",-53.6214429748696,14,87,"D3"
"Exponential",-22.4026162670007,14,87,"D5"
"PowerLaw",-77.0414253453515,14,87,"D5"
"Exponential",-12.6784984744601,14,87,"D6"
"PowerLaw",-45.2172599165062,14,87,"D6"
"Exponential",-2.87224312244688,14,87,"D7"
"PowerLaw",-41.3519535560467,14,87,"D7"
"Exponential",-52.0251010980718,14,88,"D0"
"PowerLaw",-110.470515406374,14,88,"D0"
"Exponential",-30.2529031585368,14,88,"D1"
"PowerLaw",-82.0923817774303,14,88,"D1"
"Exponential",-25.5990022138841,14,88,"D3"
"PowerLaw",-54.2008999181965,14,88,"D3"
"Exponential",-23.4150601113616,14,88,"D5"
"PowerLaw",-72.8031288372783,14,88,"D5"
"Exponential",-10.2485914098135,14,88,"D6"
"PowerLaw",-37.2081262189626,14,88,"D6"
"Exponential",-2.98118876583617,14,88,"D7"
"PowerLaw",-35.3101598560699,14,88,"D7"
"Exponential",-52.0569823488789,14,89,"D0"
"PowerLaw",-110.03545085794,14,89,"D0"
"Exponential",-30.3296009529353,14,89,"D1"
"PowerLaw",-83.094690871549,14,89,"D1"
"Exponential",-24.5782734651104,14,89,"D3"
"PowerLaw",-52.8814795268953,14,89,"D3"
"Exponential",-22.4392355164396,14,89,"D5"
"PowerLaw",-72.6359759202782,14,89,"D5"
"Exponential",-11.6339780367471,14,89,"D6"
"PowerLaw",-43.8306674148069,14,89,"D6"
"Exponential",-8.34749212278603,14,89,"D7"
"PowerLaw",-50.5679566697008,14,89,"D7"
"Exponential",-52.0699551817706,14,90,"D0"
"PowerLaw",-110.711890570007,14,90,"D0"
"Exponential",-30.2251162508278,14,90,"D1"
"PowerLaw",-82.2900100867833,14,90,"D1"
"Exponential",-24.4849993636741,14,90,"D3"
"PowerLaw",-51.9833827647996,14,90,"D3"
"Exponential",-22.0469707427376,14,90,"D5"
"PowerLaw",-68.4209039260177,14,90,"D5"
"Exponential",-12.0139850021978,14,90,"D6"
"PowerLaw",-59.4457466250098,14,90,"D6"
"Exponential",-3.48482443149667,14,90,"D7"
"PowerLaw",-49.6549333096309,14,90,"D7"
"Exponential",-52.123743067138,14,91,"D0"
"PowerLaw",-111.205944389043,14,91,"D0"
"Exponential",-30.4588786901964,14,91,"D1"
"PowerLaw",-84.0136227823079,14,91,"D1"
"Exponential",-24.1679236868122,14,91,"D3"
"PowerLaw",-51.0240374491813,14,91,"D3"
"Exponential",-20.7702145164758,14,91,"D5"
"PowerLaw",-57.4048822350081,14,91,"D5"
"Exponential",-11.6744667143672,14,91,"D6"
"PowerLaw",-44.7300713326892,14,91,"D6"
"Exponential",-6.51237582242732,14,91,"D7"
"PowerLaw",-39.9773713412511,14,91,"D7"
"Exponential",-51.9463634157636,14,92,"D0"
"PowerLaw",-109.51150279115,14,92,"D0"
"Exponential",-30.3419491950133,14,92,"D1"
"PowerLaw",-83.0023064050308,14,92,"D1"
"Exponential",-24.9759670076601,14,92,"D3"
"PowerLaw",-53.2301549444863,14,92,"D3"
"Exponential",-22.0571816620855,14,92,"D5"
"PowerLaw",-73.9425218165761,14,92,"D5"
"Exponential",-10.9577882147584,14,92,"D6"
"PowerLaw",-38.8226991970652,14,92,"D6"
"Exponential",-4.42014213610741,14,92,"D7"
"PowerLaw",-34.6694736621102,14,92,"D7"
"Exponential",-51.9793769504132,14,93,"D0"
"PowerLaw",-109.826683093011,14,93,"D0"
"Exponential",-30.5098111348304,14,93,"D1"
"PowerLaw",-84.4390651284147,14,93,"D1"
"Exponential",-25.8830461610295,14,93,"D3"
"PowerLaw",-53.0157967187324,14,93,"D3"
"Exponential",-21.6860496102992,14,93,"D5"
"PowerLaw",-66.7792276939619,14,93,"D5"
"Exponential",-10.8202179176264,14,93,"D6"
"PowerLaw",-37.74991343637,14,93,"D6"
"Exponential",-6.87404884630081,14,93,"D7"
"PowerLaw",-65.7165731165414,14,93,"D7"
"Exponential",-52.0342373908513,14,94,"D0"
"PowerLaw",-110.16021185069,14,94,"D0"
"Exponential",-30.2556328990746,14,94,"D1"
"PowerLaw",-82.499373471363,14,94,"D1"
"Exponential",-26.4820741697431,14,94,"D3"
"PowerLaw",-54.111934084673,14,94,"D3"
"Exponential",-21.8220814607005,14,94,"D5"
"PowerLaw",-71.7633679659746,14,94,"D5"
"Exponential",-13.6814033744785,14,94,"D6"
"PowerLaw",-65.1101677383968,14,94,"D6"
"Exponential",-3.38664545501894,14,94,"D7"
"PowerLaw",-33.3215230585773,14,94,"D7"
"Exponential",-52.0833603159291,14,95,"D0"
"PowerLaw",-110.79609830521,14,95,"D0"
"Exponential",-30.3479214910222,14,95,"D1"
"PowerLaw",-83.0719425810503,14,95,"D1"
"Exponential",-24.8977648563551,14,95,"D3"
"PowerLaw",-50.5242273646822,14,95,"D3"
"Exponential",-22.2907648631593,14,95,"D5"
"PowerLaw",-64.5033771625004,14,95,"D5"
"Exponential",-12.3232080920593,14,95,"D6"
"PowerLaw",-42.8140554713566,14,95,"D6"
"Exponential",-2.2750438775277,14,95,"D7"
"PowerLaw",-28.6466337134667,14,95,"D7"
"Exponential",-52.099949614021,14,96,"D0"
"PowerLaw",-111.011000209135,14,96,"D0"
"Exponential",-30.3416445854283,14,96,"D1"
"PowerLaw",-83.1325397458123,14,96,"D1"
"Exponential",-25.8745101805693,14,96,"D3"
"PowerLaw",-52.3704811088154,14,96,"D3"
"Exponential",-21.9708729890215,14,96,"D5"
"PowerLaw",-63.8186453483459,14,96,"D5"
"Exponential",-12.9894687472465,14,96,"D6"
"PowerLaw",-50.1734374900143,14,96,"D6"
"Exponential",-4.28999373626754,14,96,"D7"
"PowerLaw",-40.6067415975798,14,96,"D7"
"Exponential",-52.0938662088364,14,97,"D0"
"PowerLaw",-111.166332262591,14,97,"D0"
"Exponential",-30.2896691567134,14,97,"D1"
"PowerLaw",-82.7275772788294,14,97,"D1"
"Exponential",-24.9086014214931,14,97,"D3"
"PowerLaw",-50.0319442210763,14,97,"D3"
"Exponential",-22.3761579118341,14,97,"D5"
"PowerLaw",-71.9170754483025,14,97,"D5"
"Exponential",-12.8659919966462,14,97,"D6"
"PowerLaw",-68.5541512704434,14,97,"D6"
"Exponential",-4.18756531713922,14,97,"D7"
"PowerLaw",-46.8176799304709,14,97,"D7"
"Exponential",-52.1337478037998,14,98,"D0"
"PowerLaw",-111.358626262303,14,98,"D0"
"Exponential",-30.1960103087035,14,98,"D1"
"PowerLaw",-81.9197041640747,14,98,"D1"
"Exponential",-24.554147066238,14,98,"D3"
"PowerLaw",-52.7047433226922,14,98,"D3"
"Exponential",-22.0413815149971,14,98,"D5"
"PowerLaw",-86.77084141255,14,98,"D5"
"Exponential",-12.6964524954139,14,98,"D6"
"PowerLaw",-48.7981061598331,14,98,"D6"
"Exponential",-1.94462012587914,14,98,"D7"
"PowerLaw",-37.1315253786714,14,98,"D7"
"Exponential",-51.9683353180578,14,99,"D0"
"PowerLaw",-109.401127086145,14,99,"D0"
"Exponential",-30.4632849094166,14,99,"D1"
"PowerLaw",-84.13573777804,14,99,"D1"
"Exponential",-24.4343329546101,14,99,"D3"
"PowerLaw",-51.8176515163956,14,99,"D3"
"Exponential",-22.1669002426208,14,99,"D5"
"PowerLaw",-71.5860857408636,14,99,"D5"
"Exponential",-12.1381268493999,14,99,"D6"
"PowerLaw",-50.0168237947428,14,99,"D6"
"Exponential",-3.16920460371201,14,99,"D7"
"PowerLaw",-35.2712299068207,14,99,"D7"
"Exponential",-51.9974867435893,14,100,"D0"
"PowerLaw",-110.019202718154,14,100,"D0"
"Exponential",-30.2952670494652,14,100,"D1"
"PowerLaw",-82.6649609059417,14,100,"D1"
"Exponential",-25.4185597448715,14,100,"D3"
"PowerLaw",-53.115311709899,14,100,"D3"
"Exponential",-24.4412683132038,14,100,"D5"
"PowerLaw",-68.9443024337296,14,100,"D5"
"Exponential",-13.2320986806432,14,100,"D6"
"PowerLaw",-63.4062003696202,14,100,"D6"
"Exponential",-7.21671745123128,14,100,"D7"
"PowerLaw",-40.4601951555981,14,100,"D7"
