"Method","GroupBasedOn","Group","Process","bin1","bin2","bin3","bin4","bin5","bin6","bin7","bin8","bin9","bin10","bin11","bin12","bin13","bin14","bin15","bin16","bin17","bin18","bin19","bin20","bin21","bin22","bin23","bin24","bin25","bin26","bin27","bin28","bin29","bin30","bin31","bin32","bin33","bin34","bin35","bin36","bin37","bin38","bin39","bin40","bin41","bin42","bin43","bin44","bin45","bin46","bin47","bin48","bin49","bin50","bin51","bin52","bin53","bin54","bin55","bin56","bin57","bin58","bin59","bin60","bin61","bin62","bin63","bin64","bin65","bin66","bin67","bin68","bin69","bin70","bin71","bin72","bin73","bin74","bin75","bin76","bin77","bin78","bin79","bin80","bin81","bin82","bin83","bin84","bin85","bin86","bin87","bin88","bin89","bin90","bin91","bin92","bin93","bin94","bin95","bin96","bin97","bin98","bin99","bin100","bin101","bin102","bin103","bin104","bin105","bin106","bin107","bin108","bin109","bin110","bin111","bin112","bin113","bin114","bin115","bin116","bin117","bin118","bin119","bin120","bin121","bin122","bin123","bin124","bin125"
"CbMPDiCbraya","Group","D0","HeS",0,0,0,0,0,1.52480840324584e-05,2.02989599535305e-05,0,0,0,0,0,0,0,0,0,0,0,0,0,0,0,0,0,0,0,0,0,0,0,0,0,0,0,6.79920058764628e-06,0,0,0,0,0,0,0,0,0,0,0,0,0,0.000175654782463667,0,0,0,0,0,0,0,0,0,0,0,0,0,0,0,0,0,0,5.00038137940486e-06,0,0,0,0,0,0,0,0,0,0,0,0,0,0,0,0,0,0,0,0,0,0,0,0,0,0,0,0,0,0,0,0,0,0,0,0,0,0,0,0,0,0,0,0,0,0,0,0,0,0,0,0,0,0,0,0,0
"CbMPDiCbraya","Group","D0","HoS",0,2.3489768433079e-05,0,2.17523927349374e-05,0.00188841699258926,8.38310143287232e-05,5.28441409819191e-06,0,0.00236693441017459,0.000429630059286781,0.000307565021609064,6.56983551273338e-07,0.00461180246283942,0.000374869096450867,0,0,0,0,0,0,0.00112831684348335,0,0,0,0,0,0,0.000284967341350952,0.00243388671320574,0,0.00337448820229034,0,2.30803386283003e-05,0.00475315845299587,5.31515981156544e-06,0.000135098809386208,3.28530597071372e-07,0,0.0154724809771861,2.60743182822566e-05,0.00410201687010769,0,0,0.000783856805950652,0.000114672694410206,0.00238002011736516,0,0,0,0.0185097465192656,0.00200137291706888,0.000138798812395996,0.00163469837810337,0.00257918175896688,0,0.0172036287175767,0,0,0,0,0,0,0,0.000588669336606625,0.00380824721530719,0.000878578762391621,0,8.14135413338721e-06,0,0,0.00160293125353238,0.000238475536773855,0,5.09212346787689e-06,0.00147671019808506,0,0,0,3.29947151554666e-05,0,0,0,0,7.48473941388099e-06,0,0,0,0,0,0,0,0,0.000786686639791158,0,0,0.00303692662234764,6.92895713497378e-05,0,0.000177662172507379,0.000621492591486921,0.00518359638653229,0.0483314740686,8.74356979000057e-06,0.00638759609594116,0.011503363187456,0.00222642119282024,0.0158906680276452,0.00272921068489182,0.0150821236928578,0.000803141464328435,0,0,0.0113918922440008,2.37866174897362e-05,0,0.000172765136529662,0.00149386351668516,0,0,0,0,0.0100922837470671,0.00093482241277936,0.00101163898962289,0.000343600786298171
"CbMPDiCbraya","Group","D0","DL",0.000251611057950386,0,0.000150398997764613,0,0,0,0,0,0,0.00101057136524709,0.00132390655526389,0,0,0.00288278722574915,0.00380316854241787,0.0109531641734371,0.0122449614498756,0.00608734785506075,0.0048516444784575,0.00156911832101529,0.00508098092700861,0.00497739096069627,0.0028421285643254,0.0015803517697836,0.00200446781229719,0.00260880886466459,0.00586906517645661,0.00386769916973066,0.00784130598492091,0.00518280881125981,3.79991492391626e-05,0.00227050335541198,0,0,0,0,0,0,0,0,0.00011144732711629,0,0,0,0,0,0,0,0,0,0.00152442158538489,5.32897190640934e-05,0,0,0,0,0.0242036257270876,0.000655554260474846,0.00601591500278135,0.000650495496219583,0.00365290850970267,0.00282862630036521,0.00114437696203093,0.00132291963185453,0.00130568873182708,0.00010041261940752,0.000619791813148453,0,0,0.000133110567272703,0,0,0,0,0,0.00174749453786702,0,0,0.00205740242681282,0.00106886292754492,0.00116277758494803,0.00589070967191905,0.00628969370474665,0,0,0.00112552393583778,0.00334339197751837,0.00617078709361559,0.0592932433145298,0.00212275056630232,0.00200263265130145,0,0.000700505547041851,0,0.00313385600925882,0.0012732122469653,0.000162643364872159,1.46681976166804e-05,0,0.0154437397631929,0,0,0,0,0,0.0120407935408672,0,0,0,0.00020101463660503,0.031192081826171,0.00152085103065447,0,0,0.00463502991135307,0,0.000731420007395538,0.00261274625001554,0,0.000848156994469301,0.000304614449684744,0,0.000105993664075566,0,0
"CbMPDiCbraya","Group","D0","HD",0.000413580743820657,0.000225765947856003,0.000103849716453058,4.41379805573978e-05,0,1.79391966692602e-05,5.84199534591361e-05,0.000547883017967604,0,7.77449044494461e-05,2.63637122676223e-05,1.39428506360827e-05,0,0,0,0.000154697352946111,0.000155515941057305,0,0,0,0,0.000341437924186166,0,1.96664878181585e-05,0,0,0,0.000116344817866386,0.000106190718786401,0,0,6.59591803991308e-05,0.000585626317064306,0.000916761532595951,6.65891743052491e-05,0.000225452749372038,3.99709476106543e-05,0.000518839057515043,0,1.62964489264104e-05,9.58231960408087e-05,0.000156588188482578,0.000234313164851264,1.24407331566432e-05,0.000400753578840057,0,0.00024214916714685,0.000618468460559142,3.94861996257708e-05,0,4.06225898277588e-05,0.000395362979846151,0.000627153687105837,0,0.000506197269708901,0.00381677584117835,0,5.28169620623948e-05,0.000335201966325694,1.72311398551902e-05,0.00072590761282966,0.00206524860275533,1.45857651876909e-05,0,0,0,0,1.13004897239511e-05,0.000433327126195545,0.000311823983850608,0.00160484961075739,0.000136324426511415,0.000851791444484224,5.26226798001904e-05,0.00144154785815999,0.000164247781805577,0.000166738721015501,0.00150194598211813,2.73363100571138e-05,0.000159836989708295,4.44106854960312e-05,0.000101074662461523,0.000166986451501968,0.000163513212711203,0.00236052932036636,0,3.81621632430626e-05,0.000126586911063304,0.00253210196528051,4.02797531628515e-05,0.000654182075908311,0.00114436230087537,0.000562587981267682,0.00177522744144001,0,0.000105596934660183,9.11502069283372e-06,3.07726419081181e-05,0.000211277782388634,0.00844910720501459,0,0,0.000134792932534261,0,0,0.000917095566774366,0.00347433905757978,0,0,6.73152988973661e-05,0,0.00190695838653993,0.000322713801901216,0.000283735460490714,0.000919412608419946,0.000182058462660602,0.00032089011202099,0.00105078290296377,0.000620496266786957,1.39198283928998e-05,3.5480309872449e-05,0,4.53443877907116e-05,0,9.65041664624812e-05
"CbMPDiCbraya","Group","D0","DR",0.00112728090887526,0.000698476346017812,0.000386382080614768,0,0,0,0,0.000549916041809797,0,0.000391724547026036,0.000546973365849318,4.96571332222146e-07,0,0.000495545927156252,0.00125997298793815,0.00414024782970235,0.00513299841617408,0.00251946470570966,0.00182791423977638,0.000509568996627051,0.00132827278210392,0.0031713459913786,0.00094063139439815,0.000836628893990169,0.00043624080374312,0.000835362674661193,0.00185474288730972,0.00161127451450895,0.00197090538667336,0.000916315300339642,3.55592440492484e-05,0.000396790408230037,0.000114537725777903,0.00208653629178298,0,2.27909158957442e-05,0,0.000872223406925901,0,0,0.0003905412540882,0.000465095159163085,0,3.78327394382434e-05,6.38208205927355e-05,0,0.000215852594602048,0.000179750150167209,0.000153210831257371,0,0.000890287479002898,0.000835168081898583,0.000104293624582275,0,8.42378737681804e-05,0.00204013744002011,0.0178079988831746,0.00085259850664884,0.00180427957908713,0.000349450564462385,0.00245176850980499,0.00323029925381427,0.000281161869142771,0.00046956409818583,0.000350245503673985,3.04331722121895e-05,0.000270237196250446,9.77521709511066e-07,0.00139389267500232,0.00085899896528082,0.000438960809897352,0,7.02200705677192e-05,0,3.08566061908046e-05,0.000492030953805766,0,0.00655036263483766,0.000807745946421953,0.00103630907338875,0.000210713560112017,0.00211031172525749,0.00152725257140945,0.000154321127120789,0.00267757637160932,0.00047675036270292,0.000779989692359285,0.00243481790498446,0.0652750685962259,0.00168577056720986,0.00229977902111613,0.000792658134971208,0.00389938821995387,0.0125899665827577,0.00102898082586019,0.000716940734419041,0.000333064841549782,0.000180877004052023,7.85342292554562e-05,0.0294705716738997,0,0,0.000594924600232165,0,0,0.0129181007471027,0.133989621038099,0,0,0.000141167932149939,0.0273688985717498,0.00334791043929035,0.0166483466492427,0,0.00303628740370073,0,0.0013574855423198,0.00220393881394945,6.32158740406064e-06,0.000368314459258825,0.000650771676318913,0,5.99788679642664e-05,0,0.000317174040598576
"CbMPDiCbraya","Group","D1","HeS",0,0,9.06267069800164e-05,0,0,0,0,0,0,0,8.99872777273246e-05,0,0,0,0,0,0,0,0,0,0,0,0,0,0,0,0,0,0,0,0,2.03645156400681e-05,0,0,0,0,0,0,0,3.02639229836556e-05,0,0,0,0,0,0,0,0,0,0,0,0,0,0,0,0,0,0,0,0,0,0,0,0,0,0,0,0,0,0,0,0,0,0,0,0,0,0,8.55292820098563e-05,0,0,0,0,0,0,7.1257439069001e-06,1.24643355470205e-05,0,0,0,0,0,0,0,0,0,0,0,0,0,0,0,0,0,0,0,0,0,0,0,0,0,0,0,0,0,0,0,0,0,0,0,0,0.000124644446577987,0
"CbMPDiCbraya","Group","D1","HoS",0.000361735470699141,0.00112677908036253,2.68339707107438e-05,0.000768915337422864,0,0,1.23003197325955e-05,0,0.0138503605645138,0,0.000227768540736644,0.000532447001389211,0.00618432585132194,2.30459186184664e-05,4.75991356460576e-06,0,0.000968228402665606,0,0,0,0,0.0016336504461509,5.99784726701242e-05,3.55632082113975e-05,0,0,0,1.86640235638235e-05,0.00172760554697436,0,0.000428027265489154,0,1.0982507058345e-05,0.0331021718881773,0,0.000455846920102932,0.000351367733660882,0.000245342192305704,0.00803920817138627,9.69131577941109e-05,0.00193388183272863,0,0,0.00103141807322591,0,0.0832223360395384,0.000415879586590635,0,0,0.00322046696412644,5.04768323744016e-05,6.70068446322651e-05,0.00214434868132039,0.00300871053284472,0,0.0254559811247651,0.00206816044424614,0,0.000547822440986804,0,5.96048025072425e-05,0.000616045805696575,2.53213445361999e-06,1.19474485957267e-05,0.000433219581856456,2.93098748548833e-05,0,9.65089356354103e-06,0.0148722171824192,0.00319023056834272,0,6.42179464094181e-06,7.54339449989712e-05,2.34072892543895e-05,0.00111156531362668,5.4633809344837e-05,0,0,0,0.00158045595559239,8.40760095703043e-06,0,0.00255580506906661,2.3793305479612e-05,0,0,0,0.00250747611732581,0,0.000887440698395145,0,0.0181618059681112,4.20207831723796e-06,0,0,0,0,9.76221746294069e-05,0,0.0422603283395954,0.0258186897505121,0.020720423564575,0.00211833457573778,0.035892126771738,0.00538465542685221,0,0.0930138092550458,0.00131614146676322,0.040775929334161,0,0,0.0112268468713817,0.0111379369645698,0.00260415794652035,0,0.000396992178834853,6.27883553199361e-06,0.00709622452360298,0.00064094262881889,3.95341339044419e-06,0.000154346144977651,0.00819470953313284,0.000151473701383147,0,5.64330183260427e-05
"CbMPDiCbraya","Group","D1","DL",0.0065443074504161,0.00707261613279214,0.000646184723665198,0.000643286926764308,0.00514578009684505,0.00121055087499632,0.000735330426586028,0.00958401700192548,0,0.00138025918925612,0.000337704614719559,0.00024878310292312,0,0,0,4.87329585106064e-05,0.000272044773855855,0.000629962083838368,4.91372638086796e-05,0,0,0.00257260976349309,0.000159609962462677,0.000329079620532903,0,0,0,0,0,0,0,0,0,0.000881930221151158,0.00140291429788771,0.00450384583115238,0.00032736773882076,0.00606927569782027,0,0,0.00240461396922934,0,0.00563366678274821,0.00159092336203682,0.00360616067798005,0,0.000966381095005734,0.0231997977716816,0.00201637192727517,3.57605678287985e-05,1.53763722670568e-05,0.00404830951920136,0.000486389101636836,0,0.000117856509288549,0.0184479871398899,0,0.00127854192659403,0.00250458661494747,0.000480773749971392,0.00414576351132901,0.00529852078731404,4.49545503079478e-06,8.88095894358571e-05,0.000120611923835675,0.000181252945386145,0,0.00049330778744428,0,0,0,0,0,0,0,3.02755005408399e-05,0,0,0,0.000939138746127989,0,2.52276204270014e-05,0.000298271830810641,0.000406667814330073,0,0,0,0.00045329775382177,0.000762214870352367,0.000193108205407543,0.000119566217322501,0,0,0,0.000268981203756336,0.00378442757973383,0.000224250444653898,3.78825343616441e-05,0.000838566018539061,0.0568942548048797,0.000269604560391596,0.0264192840868757,0.00154493351003378,0,0,0.00226731571466133,0.0165891309341177,0,0,0.00550058080282038,0,0,0,0.000179786142739397,0.00632465198449529,0,0,7.16783735569903e-05,0,0,7.23915026048981e-05,0,0.000648430649279045,0.00096658536689134,0
"CbMPDiCbraya","Group","D1","HD",0,0,0,0,0,0.000190811856470319,2.01516355477845e-06,0,0,0,0,0,0,5.51087874631386e-05,6.18184700019489e-05,0.000328434028315821,6.64556056433598e-05,3.88729480819675e-05,6.75864847082158e-05,7.07771711901413e-05,0.00032984953203284,0,2.05513385191273e-05,4.26953997618811e-05,9.55881705401517e-05,3.17483267746787e-05,0.00029052512270994,0.00017659852397842,0,0.000242731239393603,4.32208273017345e-05,8.49570227023392e-05,0.000254782225175523,0,2.42565456336786e-05,0,0,0,0,1.92797915187636e-05,0,0.000126728401817758,0,0,0,0,0,0,0,0,0.000101303982908262,0,0,0,0.000187923317029449,0,6.20388255008166e-05,0,2.91917258402225e-05,1.40487224185013e-05,0,0,3.72833946907368e-05,4.17787503624808e-05,3.87074864027721e-05,1.91309519520055e-05,1.61001070411302e-05,0,0,0,0.000608510422768147,1.66148111605974e-05,0.00024512834247241,0.000112474651525576,4.07469435976676e-05,0.000125912057634015,0.000263199475457128,0.00086802405954137,2.4595276762942e-05,3.85856096377836e-06,2.25653350976214e-05,6.94303669980635e-05,0,1.32833117657759e-05,0.00155056723661021,3.94371775824763e-05,5.32782868141657e-05,0,0,1.60374266649587e-05,8.61869312018478e-05,0,0.000277753073755676,0.00100236859077066,0,0,1.36947522225939e-05,0,0,0.00193996852298718,0,0,0,0,0,0,0,0,0,0,0.000755766771837687,0,0,0,0,6.40188371111075e-05,0.000296210444235961,0,0.000298961431481591,9.95210037742311e-05,2.92096360741121e-05,0,0,0,0.000288987344579235
"CbMPDiCbraya","Group","D1","DR",0,0.00053372970890887,2.02562307411037e-05,2.1616457204804e-05,0.000105930015928921,0.00477974696538219,0.000152074651000949,7.28571882858591e-05,0,0.000156490149748933,0.000210469445585995,1.28551741757193e-05,0,0.000181457419864108,0.000424775357585721,0.00144658403887242,0.00126241528349965,0.000865441264732356,0.000755110566015487,0.000110696725898684,0.000479640672053175,0.000552094914305529,0.000657342970708465,0.000777226326624442,4.95854384804818e-06,0.000280859395248284,0.000373330838696583,0.000386689017492143,2.15700155912733e-05,0.000363894187277076,3.62067230315305e-05,0.000169363789923907,0.000441065454301193,0.00121255791752861,0.00134719146302692,0.000311779997046729,1.61567916803824e-05,0.000193042684751144,0,0.000179185280776324,0.000936986498035016,0.000218170687069506,9.33977669188969e-05,0,0,0,6.42397014987397e-05,0.0023348686086043,0.00025165736446341,0.000197643788031746,0.00092191367714908,0.000107442343282741,0.000592696246655831,0,0.000464522605298804,0.000328887890175183,0.00365756094361924,0.000239089708401855,0.00105684381761148,0.000362886784438717,0.000681192567726128,0.000259103292874795,0.000229542287432022,0.000382206609220174,0.000303678152398596,0.000267793949139116,0.000124377264318626,3.53355394487144e-05,0,0,0,0,0,0,6.69106984351635e-05,0.000258496786278353,0.00044835362113643,0,0.000675235910291993,0.000131303462440959,0.00021433128254129,0.000801797159146021,0.000264062938294053,0.00131985304777635,0.000506460764168446,0.000112707040092375,0.000235054487678665,0.000264037336508087,0.0219643391825802,0.00020420106470441,0.000710364888172229,0,0.000155351716131888,0.000824851738486745,0.000827869276277831,0.00135922658536746,0.000337395517981065,0.000102958161638612,0.00030721356056754,0.0885349770924103,0.000360794478784252,0.00450625697728236,4.84349939326869e-05,0,0,0.00670037360388911,0.0137636204801173,0,0,4.89837805638083e-05,0.00161400485765786,0,0,0.000519737167132934,0.00161370937738488,4.39280571114062e-05,0.000439296055490897,0,0.000125816269855803,0.000278180968612131,0.000176569073168455,0,0.000112199126185445,0.000188530422280752,5.79221327696063e-05
"CbMPDiCbraya","Group","D3","HeS",0,0,1.52723877410519e-07,0,0,0,5.34494596453007e-06,0,0,0,0,0,0,0,0,0,0,0,0,0,0,0,0,0,0,0,0,0,0,0,1.55498250207162e-05,0,0,0,0,0,3.85217136370505e-07,0,3.796793130002e-06,0,0,8.3653243616497e-07,0,0,0,0,0,0,0,2.74329188930512e-06,0,0,0,0,0,0,0,0,0,0,0,0,0,0,0,1.85172202528096e-05,0,0,0,0,0,0,0,0,0,0,0,0,0,0,0,0,0,0,0,0,0,0,0,0,0,0,0,0,0,0,0,0,0,0,0,0,0,2.04786233510916e-06,0,0,0,0,7.92796833028118e-05,1.15378965525623e-06,0,0,0,0,0,0,0,0,0,0,0,0,0,6.27649033977356e-06,0
"CbMPDiCbraya","Group","D3","HoS",4.5811455089469e-05,3.69845225719445e-06,4.01663737305242e-06,9.20667287548316e-07,5.6847008505078e-06,0.00812781468673691,5.61236346499782e-06,1.80661944943499e-05,0.00366715639397138,1.87276628595733e-06,0,0,2.61753762262591e-05,0,0,0,0,4.55461859742887e-07,0,0,1.51895156439916e-07,6.0882814830164e-06,0,0.000501903490873539,0,0,0,0,0,2.44541880483409e-06,0.00027146051563326,0,0.000638436974487871,0.0122413284181406,0.00389736872151479,0.000111744999992179,2.57902451888339e-06,3.92879835110934e-05,7.31684526797174e-05,1.54390422455507e-07,0.00022802213560249,0.000214783460314586,0.000157427958025785,0,4.45188270623009e-05,0.00436225978955463,6.90117750616553e-05,5.03497163105701e-05,4.62389404481673e-07,4.21980993405207e-05,0.000417101402394731,0.00036253245871006,0.00307759769757597,0.0273121649786819,6.51430007064462e-06,0,6.15228824517793e-07,1.53396036803572e-07,4.69327981809757e-05,1.53435407782416e-07,4.10771154122986e-06,1.82664524782402e-05,0,0,0,6.36568354405293e-05,0,0,0,4.35492329987705e-05,0.00132013313420212,0.000802796201975404,0,0.0063871947194923,0.338319614292688,7.39397596867744e-06,0.00175671438753673,0.000423770680875012,1.21700012204733e-06,1.83589877978843e-06,0,1.61146890084544e-05,4.38927293695528e-06,3.06032777494849e-05,0,0,0,4.18542064988187e-06,0.00299122507413997,9.14756019163325e-07,5.49021975416022e-06,4.75813253062117e-06,8.99092617126169e-05,6.07372171242763e-05,1.52552215122547e-06,0.000154653354150346,0,3.82545873254722e-07,3.63611720267056e-05,0.323074993330754,0.000458874956328161,0.00402673961773553,1.99800406020389e-06,9.98564604174779e-05,0,0.0016971208463649,0.00191425342832509,0.000130977568309016,0.000804348725313527,6.20270873604782e-07,1.00869217086804e-05,0.00370807508518734,4.00012700934218e-05,0.00593744434589739,0,2.95759586092574e-05,1.79054115003825e-05,0.001652313584113,0,2.30741979462091e-07,1.45189643402028e-05,0.00215982430648401,1.84571752014823e-05,2.91207242381781e-06,1.0498684782611e-05
"CbMPDiCbraya","Group","D3","DL",0,0,0,0,0,0,0,0,0,0,0,0,0,0,0,0,0,0,0,0,0,0,0,4.5167644084626e-06,0,0,0,0,0,0,0,0,0,0,3.04847391018427e-05,0.000766724500072963,0,0,0,0,0,0,0,0,0,0,0,0,0,0,0,0,0,0,0,0,0,0,0.000174032054773577,0,0,0,0,0,0,8.38362265678137e-05,0,0,0,3.17690413937195e-05,0,0,0,0,0,0,0,0,0,0,0,0,0,1.50132829412106e-05,0,0,0,0,0,0,0,0,0,0,0,0,0,0,0,0,0,0.000717969137981541,0,0,0,0,0,0,0,0,0,0,0,0,3.15665641713215e-05,0,0,3.62324621611569e-05,0,0,0,0,0,0,0
"CbMPDiCbraya","Group","D3","HD",2.34960277489513e-05,6.90311846747547e-07,0,2.30514361064463e-07,0,0,2.69496715991246e-06,1.69766251789217e-05,2.91702949931973e-06,3.38619295965433e-06,1.10210013052014e-06,0,3.80755274771649e-05,0,2.79688712463685e-06,2.89276815960003e-06,5.30927272065337e-07,3.41969693606649e-06,9.04737204000145e-07,0,2.73411281591848e-06,1.52020776409464e-05,0,1.37960415597602e-06,0,7.51385931350376e-08,1.35249467643068e-06,0,2.88034907013349e-06,1.11476620866271e-05,0,6.91388677204454e-07,0.000154282474419863,2.09181474291897e-05,0,0,0,4.43983930110996e-06,1.29796703113061e-05,0,7.1565158152962e-06,6.22169608112497e-07,2.82749166720146e-05,0,0,0,4.30043345421625e-06,0,0,2.61121694141233e-05,2.73507842931357e-06,4.39976501713386e-05,0,0,2.03513174407298e-05,9.96424011912538e-05,1.39957890155209e-05,0,0.00010081632041081,0,2.15355928360234e-05,1.8665712554928e-05,0,7.6575072669744e-07,0,7.35714989898633e-08,0,0,0,1.0472258620459e-05,0.000550053949800359,2.99548102941122e-06,0.000668398128813537,0,0,1.81641750413835e-05,0,0.000205180415297694,4.61786077243437e-06,6.86508605289671e-07,0,1.68857846986394e-06,1.48113180693626e-05,8.92342339314901e-06,0.00231995727092519,0,7.8721437894296e-08,1.93931301200293e-05,5.84602180066898e-05,6.42095028066373e-06,2.33865965356619e-07,1.41825318676385e-05,7.01551402276491e-06,3.35180676650468e-05,1.05060357213856e-05,2.6274152589929e-05,0,0,6.68411867489467e-07,0,0.00046787679277355,0.000351748151420736,1.75493531586428e-06,1.60876057267156e-06,1.4581434184324e-06,1.0804448988079e-05,3.12174667523867e-05,1.46448183600233e-06,3.60622450715614e-05,5.45957344657306e-06,3.3208315337409e-05,7.99733556691041e-05,3.9705774734499e-06,0,9.07823066954084e-06,7.18743086552448e-06,3.77510289418928e-05,0,0,0,4.71952418001838e-07,0,9.18396278636901e-07,1.19782028537919e-05,0
"CbMPDiCbraya","Group","D3","DR",1.85296281535271e-05,8.79099902837751e-06,2.2065208008969e-05,7.58609355140189e-06,5.88172427913808e-05,0,8.42304905704112e-05,0.00135419702631825,0,2.68820778843893e-05,3.9360718947148e-07,2.94355581712488e-06,9.43965446320389e-05,0,1.61248402195752e-06,0,9.10161037826293e-07,4.51728871748045e-07,5.27763369000084e-07,0,0,4.87970864771642e-06,0,1.23174360871176e-05,0,1.35249467643068e-06,7.51385931350376e-08,0,0,6.62882243053301e-06,5.5398862469094e-05,7.68209641338283e-07,0.0007662224631714,0.00306279986742165,6.4554466019294e-05,0.00107119601863339,1.30819022227602e-05,0.000137693564361716,2.90996604327696e-05,1.31692021224596e-05,6.97865053344379e-05,5.74757023070181e-05,0.000197244378310315,5.78695097259012e-06,9.65393191026417e-05,0,5.68950834000112e-05,0.000699304800408604,5.37139824798585e-06,1.89520744770127e-05,7.21304387024189e-05,0.000429841172594417,0,0,0.000591866585713844,0.00502318921069606,0,4.21796267079739e-06,0.000162546999753427,8.52718379870687e-06,1.89684768026163e-06,0.000175815241157993,0,6.89175654027696e-07,0,3.8648445422681e-05,1.46799765120376e-06,0,0,0.00026568027406693,0.00280220317214474,0.00025314028953709,0.051834286096128,0,0,1.79047913332027e-05,0.00053670106539465,5.03987744325381e-05,8.60919991525875e-06,6.19811181891694e-06,0,2.00363106596502e-05,1.21671920033526e-06,0.00201426542704196,0.0075784361908769,0,2.90836570671106e-06,3.38041024002892e-05,0.000505488566564638,1.38245017957947e-06,2.33250116198802e-05,0,8.25377667075888e-05,2.9331149394521e-05,5.29905412505698e-06,0.000564081414773653,1.43632759759846e-06,1.99718137683694e-05,0.000230720313599048,0.112901437197821,6.9409600143879e-05,0.0211626800057764,1.36931091146391e-05,1.40898100211363e-05,1.45828890844343e-06,0.00127819066009441,0.000972266258978739,0.000182012922761578,0.000228890968926489,4.43886691084689e-06,1.82135376978175e-05,0.000192461399589966,2.00253767778599e-05,4.23449546841195e-05,0.00226111717585492,1.44104346978578e-05,2.60707475697214e-05,0.000218809740237817,0.005927238956179,4.15335563031763e-06,5.46643336007093e-05,0,6.6583794487367e-05,6.21357232745848e-05,0.000462577109759887
"CbMPDiCbraya","Group","D5","HeS",0,0,0,0,0,0,4.19259490986727e-06,0,0,0,0,0,0,0,0,0,0,0,0,0,0,0,0,4.626453006841e-05,0,0,2.28594331946957e-07,0,6.36699582879677e-07,0,0,0,0,0,0,0,0,0,0,0,0,2.17051845730412e-05,8.33177109698163e-06,0,0,0,1.52461349853815e-05,0,0,0,0,0,0,0,0,0,0,0,7.87045564914513e-06,0,0,0,0,0,0,0,0,0,0,0,0,0,0,0,0,0,0,0,0,0,0,0,0,0,0,0,0,0,0.000106176131275785,0,0,0,0,0,0,0,0,0,4.83036822715833e-06,0,0,0,0,0,0,0,0,0,0,0,0,0,0,0,0,7.25564217063273e-06,2.21630841819606e-05,0,0,0,0,1.26098512037558e-06,0,5.81394994159457e-06,1.39545344849381e-06
"CbMPDiCbraya","Group","D5","HoS",1.60034655372669e-07,0,1.87142742663403e-07,0,0,0.00840627051595853,7.83370774170549e-05,5.50853885867412e-05,0.000940819125844505,3.52001789857195e-06,0,0,0,0,0,0,0,0,0,0,0,0,0,0.000110104578453833,0,0,0,0,0,4.75719903022234e-07,5.80130854151e-05,0,0.000496275363825334,0.00424696784254129,0.000158486220666135,1.59107818184442e-05,0,0,1.85049400851159e-06,0,2.30474758338394e-05,0.000232820471976376,0.000254344345947751,0,2.19244081301003e-06,0.00692656510327508,0.000230052842514993,4.18450779553571e-05,0,2.45125217565158e-07,2.21389404268877e-06,3.4126359963979e-05,0.000306953715520599,0.0320310343544554,3.75682410904755e-06,1.69251928347928e-06,0,0,7.55616501889356e-05,0,0,1.50285858155196e-07,0,0,0,0,0,0,0,0,0.0145235197360455,0.00302457414213841,0.0204579453679366,0.0042222856735189,0.218093959032613,5.30938640803142e-07,0.00426501268293098,0.000336654539877963,1.58856436442886e-07,0,0,0,0,0.00198854488327113,0.000759889894515312,0,2.36478617584675e-07,2.34596151892366e-07,0.00179645025354269,0,0,0,0.000895898553492811,2.69522441882331e-06,0,0.000134961417933483,0,1.54522007814247e-07,1.9936025095886e-05,0.238288347890337,0.000537193632448947,0.0118286906449912,0,0,0,0.00232244056094359,0,8.59820303767132e-05,1.59557792877208e-07,0,2.73032477509438e-06,0.00453002604915524,0,0.00188454760052338,5.39612539159279e-05,0.00102998644001291,0.000578505315862208,0.00182791424769422,0.00524699916702924,0,9.73478684573482e-05,0.000184775404450541,7.01606911401472e-07,1.20666483985778e-05,6.34276852694652e-05
"CbMPDiCbraya","Group","D5","DL",0,0,0,0,0,0.000323662355241268,9.27747526191119e-05,0,0.00911109413327058,0,0,0,0,0,0,0,0,0,0,0,0,0,0,0,0,0,0,0,0,0,0,0,0,0,0,0,0,0,0,1.41500745181439e-05,0,0,0,0,0,0,0,0,0,0,0,0,0,0,0,0,0,0,0,0,0,0,0,0,0,0,0,0,0,0,0,0.000219374981107675,0.0830497441865856,0.00020124441407102,0.0124939635468737,0,0,0,0,0,0,0,0,2.82277833849094e-05,0,0,0,0,0,0,1.60758243046369e-05,0,0,0,0,7.41052642868338e-05,0,0,1.96096008556076e-06,0,0,0,0,0,0,0,0,0,0,0,0,0,0,0,0.000820768488940197,0.000248326155259764,1.15352234886819e-05,2.1747392164273e-05,0,0,0,0,0,0,0
"CbMPDiCbraya","Group","D5","HD",3.65656141249665e-06,0,0,0,0,0,0,4.6026921982819e-05,4.56616671041103e-05,1.54944591813967e-07,0,0,1.20981706053773e-06,0,0,0,0,0,0,0,1.41796646926349e-06,0,0,1.50333317288062e-06,0,0,6.1709955034905e-07,0,2.35772646578438e-06,3.76412208798655e-06,0,0,7.68344622512824e-05,0,0,0,0,4.57838422716111e-07,3.56353927956843e-06,0,2.50412031463668e-06,0,8.79724984805188e-06,0,0,0,0,3.20563796468373e-07,0,8.14155020347888e-06,8.33208028644852e-06,3.40093514869666e-05,0,0,1.17059874473459e-05,0.000354131613213474,1.53190967860535e-06,0,1.58372723102666e-05,0,0,1.14562053933441e-05,0,0,0,0,0,0,3.05225615144074e-07,1.93997710827012e-07,0,0,0,0,0,1.53240978730873e-06,0,3.34956012452338e-05,5.52015953461927e-07,0,0,0,9.75226461516171e-07,0,0.00048741711441367,0,0,1.49679765396067e-06,1.46009891001667e-05,0,0,0,3.17919796707627e-07,8.02350306626843e-06,0,1.26921270502827e-06,0,0,1.3579829393882e-06,0,0.000396590886272157,2.89616483102974e-05,0,0,0,0,4.23135511317596e-06,0,2.87204027178974e-06,0,1.13648247882686e-06,0,7.5446644133269e-08,0,5.20495567704193e-05,0,8.34097923096171e-08,0,0,0,0,0,0,4.72256098870152e-06,0
"CbMPDiCbraya","Group","D5","DR",7.83686826645655e-07,0,4.86061675536627e-06,0,6.63825262512813e-05,0.000630109582250221,8.07094661145294e-05,0.000297261519974403,0.00388251951084536,1.30451225278308e-05,0,0,2.26840698850825e-07,2.91756210449038e-06,0,0,0,0,0,0,1.66819584619234e-07,0,0,3.0663694160024e-05,0,2.86697247706422e-06,3.49759842469617e-06,0,1.06876520799325e-05,1.96075057111491e-05,8.92561398369347e-06,0,0.000698817091121758,0.00500516047250085,0.000191342531749408,0.000342552496229321,3.18167356029271e-06,9.91983249218241e-07,3.72537118480487e-05,6.53080362375873e-06,2.84407298138563e-05,4.97456441171202e-05,0.000212477595337202,0,1.39054708517221e-05,1.17518691408462e-05,4.1023510483646e-05,1.46241069018734e-05,0,2.57736584044995e-06,7.14831002426495e-06,0,0,0,0.000330843120768892,4.0701419161084e-05,0,0,0.000128402684174201,0,0,3.1833461493784e-05,0,0,0,0,0,0,1.14459605679028e-06,1.6489805420296e-06,0,0.000281429025261878,0.069041217949203,0.00389251295867881,0.119058761700767,3.81948305530949e-05,0.000722834562436028,0.000180335561629839,3.6309215288534e-06,0,1.43348623853211e-06,0,1.67181679117058e-06,0.0017245437836404,0.00807028308603423,0,8.55707383212048e-06,2.72593308010192e-06,0.00066105915708895,0,0.000136644506589413,0,0.000341089048007209,2.63062450795966e-05,0,0.000251234930602344,3.18167356029271e-06,7.38838603956924e-06,0.000120342490539344,0.0659001213675158,0.00105200464461988,0.00637258040166559,1.84297825285662e-06,1.44982167193435e-06,0,0.000198703278713495,7.5446644133269e-08,0.000174349168081366,0,0,3.6593417640453e-05,0.00066964746441434,1.35803959439884e-06,0.000235597576417862,0.000272245778361584,2.1781743491075e-05,0.000243603389723771,9.74775351094502e-05,0.00512108864813244,0,7.22049266535563e-05,4.86526910063306e-05,1.50571728196234e-05,2.03718898273399e-05,0.000103586545190892
"CbMPDiCbraya","Group","D6","HeS",0,0,0,0,0,1.7841523849086e-05,0,3.15905860053704e-06,7.14965492384468e-05,0,0,0,0,0,0,0,0,0,0,0,0,0,0,0,0,0,0,0,2.02845722504161e-05,0,3.53505975208917e-06,0,0,0,1.6359410609924e-06,1.032327388946e-07,0,0,9.6123086766081e-06,3.07459085763686e-05,7.38224436038816e-07,0.000134270271798303,6.88688299719525e-06,0,0,0.000167927085780061,1.43597429802e-05,0,0,3.88806721068503e-06,0,2.96973323655324e-06,4.46592349000213e-05,0,0,1.72310023441276e-06,0,0,3.60736977312473e-06,0,0,0,0,0,0,0,0,0,0,0,0,0.000350850772297704,0,0.000269831929791765,0.0224632037497662,0,0.000296521621829846,0,0,0,0,0,0,1.72999789375595e-05,0,0,0,0,0,0,0,0,0.0271433855826694,0,0,5.70163415057373e-08,0,0,3.73841278955876e-07,0,0,0.000501812003717937,0,0,0,0.000173481381761857,0,3.04417662432412e-05,0,0,1.45437456544232e-05,0,0,0.00034476462556312,0,0.000106125200975753,5.29086954581039e-06,5.71155878272017e-05,0,0,1.37042729448565e-05,3.85288932873776e-05,0,0,0
"CbMPDiCbraya","Group","D6","HoS",3.77475084374218e-08,0,0,0,9.18825917780742e-07,0.000975251733542652,2.39648825725304e-05,0.000144490850856858,0.00292783424162114,4.01742553989783e-08,0,0,0,7.63517292918365e-08,0,0,0,0,0,0,0,2.25992732474637e-07,0,3.30362043404911e-06,0,7.61229331935222e-08,0,0,6.16604725377351e-05,1.95869234877406e-06,2.04722633080863e-06,0,0.000906392712776506,0.0080340213375735,0.000737859620397074,3.1404975774918e-06,1.85728296033494e-05,0,1.56723525253967e-05,5.33066891518288e-05,3.00815694419323e-05,0.000401320129545923,0.000446302978362888,0,0,0.0122938582087932,0.000353290198875209,3.709794196313e-06,1.19121507779914e-07,5.02847359091843e-06,3.34179851348134e-06,7.74420645095443e-05,0.00104775352346973,0.0659106264769272,5.03151575355035e-05,4.00572682199619e-06,0,0,0.000123258172047687,0,0,1.19331455988574e-07,0,0,0,0,8.29282293578164e-07,0,0,0,0.109182338727923,0.00130149378252464,3.36046101494465e-06,0.00171962765853499,0.129798685371658,4.37766344152633e-06,0.000989360684776171,0.000111630518279203,3.80103720178019e-07,0,0,0,0,0.000317527282523173,0.00425868244414541,0,1.27245594383415e-06,0,0.000155506231640286,3.86209666212613e-08,4.80614931612686e-06,0,0.0406298795967137,0.000880887998512636,0,2.62852861644979e-06,5.05674541688917e-07,3.95198882601847e-07,3.98966026805507e-05,0.256298581775384,0.00345816816807685,0.0207465691762006,1.23047445260676e-07,0,0,0.000451602144105222,3.90472800245837e-08,2.80219330577525e-05,2.29985506827725e-07,0,0.000211978136692859,0.0132780335358555,1.59850072659859e-07,0.0010569616000255,6.39150248526079e-05,0.00189505975682848,0.000583814785387554,0.000792336647223247,0.0119723758650163,1.15407320152333e-06,0.000273831764238525,6.19552577752278e-05,9.91885314131284e-08,1.78549445664362e-05,5.67984233460359e-05
"CbMPDiCbraya","Group","D6","DL",0,0,0,0,0,1.74684510057251e-05,2.25366389504261e-05,0,0,0,0,0,0,0,0,0,0,0,0,0,0,0,0,0,0,0,0,0,0,0,0,0,0,0,6.88183813221685e-05,0,2.29611804571835e-05,0,0,0.000296398152350242,0,4.98811253907731e-05,3.14685244331921e-05,0,0,0,1.92763692126895e-06,0,0,0,0,0,0,0,8.58475960744943e-06,0,0,0,0.000378895127181786,0,0,0,0,0,0,0,0,0,0,0,0.000997446186547739,0.000354097655812081,0.00987948568253052,0.0114224505439825,0.000897125171675703,0,0,0,0,0,0,0,0,1.15764880187487e-05,0.00117433958585815,0,0,0,0,0,9.71973505592839e-05,0,0.0056872606193889,0,0,0,0,0,2.72256505014776e-05,0,0,0,4.30742306455558e-05,0,0,0,0,0,0,0,0,6.90404091630649e-05,0,0,0,0.000164267397094892,4.7838322176941e-06,0,8.71916912207775e-05,0,0,0,0,0,4.50623409038729e-06
"CbMPDiCbraya","Group","D6","HD",4.98649755372483e-07,0,0,0,0,0,0,1.99862218345241e-05,0,0,0,0,0,0,0,0,0,0,0,0,0,2.77022440468449e-07,0,2.56701122155732e-07,0,0,5.89250190917062e-08,0,1.65044385644053e-06,1.91307789626066e-06,0,0,7.25195217408736e-06,4.34521171579399e-06,0,8.00981213651022e-08,0,0,4.31088997717624e-07,0,7.64668063488846e-07,0,1.3399611771461e-06,0,0,0,0,2.17466377523371e-08,0,3.20089914912573e-06,2.54255899083615e-06,3.29671825227208e-05,0,0,0,9.0072461188626e-05,0,0,1.57023584502302e-05,0,3.19673677110406e-07,2.69575902149076e-06,0,0,0,0,0,0,1.88039202412919e-08,0,0,9.67757392387713e-07,1.5167419415075e-05,8.30025164088755e-06,1.10970980075354e-06,6.77172198298554e-07,7.99184192776014e-08,4.30323320646377e-06,2.49366108407494e-07,0,0,0,4.13390992390011e-07,1.89487444771891e-07,0.000138481336576604,0,0,0,2.29887394507165e-05,7.65795538026464e-08,0,8.04531119263693e-07,1.83701287011217e-08,4.75349202780227e-07,5.455227853957e-08,1.94623581300377e-06,0,0,9.71788594895103e-07,0,2.18578141717346e-05,6.85993737278429e-06,0,0,0,1.92505094495721e-07,2.39772156681593e-06,0,3.42185950934214e-06,0,4.5364320540077e-07,0,4.03186138138022e-08,2.09430219410312e-07,5.75041205499577e-06,0,0,1.86483116692916e-06,0,0,0,8.1121312125129e-07,0,3.47108571161338e-07,0
"CbMPDiCbraya","Group","D6","DR",9.35755565249544e-07,0,0,0,3.63735784654492e-05,0.000764353805862061,0.000100571761883812,0.000300302973956279,0.00308899530825311,1.52662170516117e-06,0,0,0,4.37657058229638e-06,0,0,7.18019415244988e-07,0,0,0,0,3.90384311031234e-06,0,1.62773790162389e-05,0,2.89267146135384e-06,3.04296667982926e-06,7.7862215024293e-07,0.000114508373274391,1.10903919418336e-05,5.6542802868603e-05,7.27886799045013e-07,0.00187460337454611,0.0166878877815428,0.000377320825071317,0.000249457530902332,1.88276861503526e-05,0,3.08577291717989e-05,2.08853308655915e-05,0.000200100906898966,7.69418623684226e-05,0.000473639060034711,0,7.58173106083581e-07,6.74861903027119e-05,2.14634819705922e-05,9.63953892422265e-06,2.20374789392841e-06,2.67275911969335e-05,2.58638540799338e-05,0.000183993117247877,3.50782767672792e-05,0,0.000708696971262266,0.00129045581726795,0,0,3.0998644949294e-05,0,4.59530910846208e-07,1.77303293679432e-06,0,0,0,7.18019415244988e-07,7.25622006880894e-06,0,1.45177287881493e-06,0,0.0101764011783227,0.000189972596665696,0.0193005967860979,0.00129182826326292,0.0269744168942278,2.41699919939333e-05,0.000775103912644849,0.000747463521728525,6.12867396558915e-06,0,4.34283528430856e-06,1.50650894928794e-06,2.87576342532182e-07,0.000723329013292301,0.00872131341694391,0,1.19126116587917e-05,0,0.000379905204153769,1.39101717780528e-06,0.000818018330574542,0,0.00216699638799939,0.00242593066575336,6.5462734247484e-07,1.65291065455473e-05,1.30054604678125e-05,7.37940414838984e-06,0.000122300517476785,0.104670080376048,0.00252789996862338,0.00715671282871504,1.16238836540821e-05,0,0,0.000256291759958561,5.24758391146512e-07,6.12362890814745e-05,7.51904822363998e-08,8.39799791729652e-07,4.55634555488626e-05,0.00162114173293599,4.48657416262703e-06,0.000274742033532431,0.000122575300951573,0.000303594162784351,0.00033664318072752,0.000210200202142413,0.000274792141297883,2.97730666581056e-05,0.000116604383984614,8.0759840406103e-06,7.44148631837855e-06,5.19693811789108e-05,0.00014289841921525
"CbMPDiCbraya","Group","D7","HeS",0,0,0,0,0,0.000107786707413888,0,0,0.000324946934733877,0,0,0,0,0,0,0,0,0,0,0,0,0,0,0,0,2.74879630866868e-07,0,0,4.61074084282347e-07,0,1.10104870298338e-07,0,4.13440336195987e-05,0,4.92507909975524e-05,1.13593525246076e-07,0,0,0,0,0,2.84284475446072e-05,1.30783430113072e-05,0,0,0.000558769409365609,0,0,0,0,0,7.75117009125516e-06,0.000208487817388394,0,1.19147997254791e-05,0,0,0,0,0,0,0,0,0,0,0,0,0,0,0,0.00313438317225477,4.21977766137012e-05,1.27039990011027e-06,0.000355153371299322,0.0168676802769687,3.9899025214973e-06,0,0.00556495632921779,0,0,0,0,0,8.21516564387854e-06,0.000333212834336543,0,0,0,0,0,0,0,0.0363815669076064,0.00527087597951171,0,0,0,0,1.20904782302303e-06,0,0.00147250374100806,0.00112085577727552,0,0,0,0,0,0,0,0,0,0.000396616571170307,0,6.47517606658518e-05,1.53428740103755e-05,0,4.10231381849479e-05,2.6539149290806e-05,0.00545683476976923,0,4.5576971909393e-06,4.25694947000979e-06,0,4.13728660874285e-07,2.57177903991399e-06
"CbMPDiCbraya","Group","D7","HoS",0,0,0,0,0,0.00233615275534801,1.57659881936143e-06,2.19645642377099e-05,0.0016217955935623,0,0,0,0,4.47462502955805e-08,0,0,0,0,0,0,3.21236889798955e-07,2.54029850444555e-07,0,4.03139450944998e-06,0,7.49121448986579e-08,8.89339470106077e-07,5.29169419994825e-07,2.4824947864312e-05,1.06115115486434e-06,1.35425227475689e-06,3.73948784744269e-08,0.00262405879122119,0.0443113735553673,7.3319116454151e-06,7.30440870575671e-08,0,0,9.8917195707558e-07,7.68264831942694e-08,1.27014244931313e-05,4.27617019485221e-05,4.58312076037206e-05,0,0,0.000726676013669292,2.11498660821616e-05,1.44774290407188e-07,0,0,4.14760278930228e-05,0.000421195820886588,0.00644823067638364,0.0783393517168692,0.000426042040585738,0.000213676077069155,0,0,1.10412278780766e-05,0,0,6.48592353425283e-08,0,0,0,7.26771050884568e-07,4.66683279601916e-08,0,0,0,0.0426491027101956,0.000127113342886592,0.00449468780011409,8.2489897461811e-05,0.0595547249393364,1.69561764473365e-05,6.89023579911003e-08,0.00543941367497188,1.68627264452058e-06,0,5.66693886771436e-08,0,0,5.26849579872928e-06,0.00534926470482614,0,7.9308709761795e-07,0,6.43281517968587e-05,0,7.91453161699884e-07,0,0.0384673811559091,0.0316566250465147,0,5.17044419341095e-06,0,8.04261887831682e-07,3.72964066102271e-05,0.116159597544655,0.0372564687946593,0.00604992929332896,0,0,0,0,3.51835517779386e-08,0,0,0,2.72958487578496e-07,0.011884589569803,0,0,9.88315773945355e-06,0.000839354922702095,5.37501434689338e-05,8.5873531013037e-06,0.00582269081266261,7.26429936549061e-08,0.000120642849882046,0,0,1.66951201462259e-06,1.97737240212313e-05
"CbMPDiCbraya","Group","D7","DL",0,0,0,0,1.65010554320651e-05,0.00135939669351141,4.06254175288137e-06,0,0,0,0,0,0,0,0,0,0,0,0,0,0,0,0,0,0,0,0,0,0,0,0,2.61202411435459e-05,0.0109638412076013,0.00148572871923885,0,0,0,0,0,2.97719043913207e-06,0,6.8021870257017e-06,0,0,0,0,0,0,0,0,0.000112692014112395,0,0,0,1.62539016550955e-05,0,0,0,0,0,0,0,0,0,0,1.06828499548643e-05,0,0,0,0,0.0182022567046799,0,0.0159514559868775,0,0,0.00011608706448845,0,0.00517759098089619,0.000815546888372686,0,0,0,0,0,9.15980714735093e-05,0,0,0,0,0,0,0,0.01799981559329,0.0261457350548855,0,0,1.06119797520005e-05,9.64847889800477e-08,0,0,0.00126156246478328,0,0,0,0,0,0,0,0,0,0,0,0,0,0,0.00036550885069384,2.92288633276978e-05,0,0,3.04416783106086e-07,0,0,0,0,0
"CbMPDiCbraya","Group","D7","HD",0,0,0,0,0,0,0,3.61721999280897e-08,2.08419368608112e-07,0,0,0,0,0,0,0,0,0,0,0,1.79992598704341e-08,0,0,0,0,0,0,0,0,0,0,0,0,0,0,0,0,0,0,0,0,0,5.52319109316248e-08,0,0,5.53648420856985e-08,0,0,0,0,0,1.87804699725249e-07,0,0,0,2.26183774306357e-06,5.4643733784472e-08,0,1.79738204990166e-06,0,0,2.7321866892236e-08,0,0,0,0,0,0,0,0,0,1.79237680635735e-08,0,5.17611679324365e-07,3.80520978882608e-08,0,0,1.10007807940432e-07,0,0,0,0,0,3.82679028730011e-08,1.96736224726281e-08,0,0,0,1.96874277978357e-06,0,0,0,0,0,0,0,0,0,0,0,1.66691085558105e-06,4.50413754673004e-07,0,0,0,0,3.59985197408683e-08,0,1.89696609521918e-07,0,0,7.67718364053584e-08,0,0,2.08409059442879e-07,0,0,1.86708310088149e-08,0,0,0,1.80484174064713e-08,0,0,0
"CbMPDiCbraya","Group","D7","DR",0,0,7.42015908821085e-07,0,0.0001128007896651,0.0050602252184772,3.48525967721445e-05,0.000160928641467834,3.65348901226182e-05,0,0,0,0,9.37324907167774e-06,0,7.98390444863156e-07,0,7.31978684780699e-07,0,0,9.54489465377829e-06,3.04835820533466e-06,0,2.34045752745e-06,6.87171875429482e-07,8.73273494278589e-06,1.12606601015085e-05,1.08602347248839e-05,3.25208428245175e-05,2.27758530818928e-05,4.01521985990436e-06,1.5028162401269e-05,0.00232596410382184,0.0580246132891409,3.10657647452218e-05,2.72317926203533e-05,0,1.53454255286499e-06,1.66059108933353e-05,1.93381328787566e-05,8.71392360290862e-05,0.000200437014311757,3.04597588371978e-05,0,0,0.000199813217819514,3.54779899461995e-05,2.67832437253297e-06,7.51811866598502e-07,1.48043686093782e-06,0.000217664415275443,0.00023909991675527,9.97912047032302e-05,0.00303144520971657,0.000382156873402803,0.00253770084269053,1.77818035144523e-06,0,4.33391812973713e-05,0,9.20725531718995e-06,2.43732907612384e-06,0,0,0,1.69344499787493e-05,1.77339646248728e-06,0,0,0,0.039362620113517,0.000178277664702693,0.0141222469414269,0.00126834353427441,0.00413726811947224,7.68259479284333e-05,4.2851534259652e-05,0.00208441754715862,5.03571642748365e-05,0,8.33620127814749e-06,6.99594235343501e-07,0,0.00015985104806279,0.0134383870570807,6.31774021452238e-06,1.02655705763676e-05,7.48525404952244e-07,0.000831002744217529,1.82512495086202e-05,7.36632772123312e-06,0,0.0121257668077391,0.00246654623605814,1.45346076268359e-06,1.18360506763567e-05,1.58401496270658e-05,7.72969912462448e-06,7.26494940446891e-05,0.143106690896227,0.00542773195057244,0.00454357490143093,7.54511981650269e-07,0,0,7.88892395077311e-07,1.3009764478208e-06,0,2.11563605328273e-06,7.98390444863156e-07,1.54064765921758e-05,0.000198286153580978,0,0,4.08712248376075e-05,0.000355509445736328,0.000340597068230857,1.73463735203585e-05,0.00014427096453535,2.2219689279049e-05,2.22558508724194e-05,7.97864847498799e-07,3.56605449896527e-06,6.91464837087248e-06,0.000118716655669833
"CbMPDiCbraya","Group","D0_vs_D1","HeS",0,0,0.000364841157237125,0,0,0,9.84757370212501e-05,0,0,0,0.000722486867304753,4.10646222967632e-05,0,0,0,0,0,0,0,0,0,0,0,0,0,0,0,0,0,0,0,8.23343006838891e-05,0,0,0.000457911160067061,0,0,0,0,1.30362141248813e-05,0,0,0,0,0,0,0.000572235259105159,0,0.000490902666853046,0,0,0,0,0,0,0,0,0,0,0,0,0,0,0,0,0,0,4.9967864249001e-05,0,0,0,0,0,0,0,0,0,0,0.000504628628415133,0,0,0,0,0,0,5.0357755334653e-05,5.20910961691315e-05,0,0,0,0,0,0,0,0,0,9.49011920699787e-06,1.03724578336315e-06,0,0,0,0,0,0,0,0,0,0,0,0,0,0,0,0,0,0,0,0,0,0,0,0,0,6.22039692561288e-06,0
"CbMPDiCbraya","Group","D0_vs_D1","HoS",0,0,0,0.00015037761034533,0,0.0015721480647829,8.1508828191286e-05,0,0.0081086474873442,0.000146281863591462,0,7.96757038887206e-05,0.00539806415708068,0.000202758797552371,0,0,0,0,0,0,0.000189369289835945,0,5.51087953784983e-05,2.44092388160312e-05,0,0,0,0.000367655462833658,0.00516583367074302,0,0.00181329900643237,0,6.05349340004412e-05,0.0103779477569509,0,0.000756714597242707,3.31006516336067e-05,0,0.0117558445742862,7.66527468551101e-05,0.00341441951143827,0,0,0.00116659425993304,0,0.0428011780784518,0,0,0,0.010820544522838,0.000198334107894511,0.000407765458370862,0.00182459498069575,0.0027939461459058,0,0.0263758623964131,0.000667106341775256,0,0,0,0,0,5.43428448736109e-05,0.000199231154667811,0.00233740069681273,1.71176850076957e-05,0,0,0,0,0,8.18549351715708e-05,8.57908088948347e-05,2.68547379661901e-05,0.00197132968577396,0.00021451512979732,0,0,0,0,0,0,0,9.83967216420301e-05,0,0,0,0.00165333211409532,0,0,0,0.00639939079755009,0.000142920008065294,0,0,0.000360392992217295,0,0,6.1311466296225e-05,0.00711025059129714,0.0158163425881101,0.0462421634550733,0.000471693244600524,0.0211398614338396,0.00844400930715413,0.000435451161554423,0.113976508309885,0.00199920325650918,0.0279290265135094,0,0,0.00320599797252608,0.0188427254497429,0.000390050811211465,0,0.000429881336123815,0.000213175038182106,0.000954846663822509,0,0,0,0.00914349664009997,0.000524718332286987,0.000132704665962426,0.000318203786130669
"CbMPDiCbraya","Group","D0_vs_D1","DL",0.00434925781588077,0.00484042849218521,0.000322788598482272,0.000571518187985128,0.00357006355268162,0.00127083045957335,0.000186143835727684,0.00537733662499437,0,0.00157692824391574,0.000812882399574956,0.000253915433203597,0,0.00180364839009862,0.00277724763575414,0.00853593019089221,0.0100513099363857,0.00507054442871155,0.00377569651638313,0.00113008060736558,0.00398416108850501,0.00657226194727056,0.00228501255616347,0.00178619661454525,0.00127062766521426,0.00187838963067437,0.00419383201258642,0.00286346324141201,0.001884898512333,0.00335287476913507,0.000164451699268217,0.00142163483546984,0,0.0104820434810013,0.000955431484521551,0.00207069301423531,0.000319344576562014,0.00394936151965903,0,0,0.00131654272124922,0.000159770591758067,0.00294615763783884,0.000503185565151951,0.00209270388591152,0,0.000352030655493773,0.0131664424955061,0.00082728788568965,0.000161264396788318,0.00257455361009711,0.00238137372850968,0.000396112099902102,0,0.000209429390912163,0.00727083668038957,0.023232586070039,0.00126291493974445,0.00614692057379008,0.000937443228682884,0.00585857275694985,0.00714892202141011,0.000802646089110671,0.0012537165774628,0.000842798600838149,0.000732928722010594,0.000515253190379327,0.000196169825540325,0.00834971849180854,0.00224708204237342,0,0,0,0,0,0.00122203058384088,0,0.00380305842156147,0.00135079130534094,0.00245988285788354,0.000831603024576011,0.00449927560310458,0.00555103628291469,0.000784189987332492,0.00143853204874613,0.000830414374726571,0.00217907937541115,0.00432516944456419,0.0749134839644844,0.00257479414092354,0.00293635589251124,0.00365002240442879,0.000260393653428659,0,0.00262984365757658,0.00477777235952943,0.000565236637454037,0.00016744766989319,0.000611636754375334,0.106674920993101,0,0.00374655589359326,0.00175338884652981,0,0,0.0180995990215031,0.0227979108298166,2.34728193183464e-05,0,0.00338110195768248,0.0304653760137082,0.00523150265561068,0.000907719380114397,0.00135139339611042,0.00826454564267696,0,0.00210954721865807,0.00530600319191257,3.26694583199692e-05,0.000791563965195638,0.000493079652283713,0,0.000498380516526315,0.000989557280434348,3.55388306741444e-06
"CbMPDiCbraya","Group","D0_vs_D1","HD",0,0,0,3.13186781129391e-06,0,0,1.71070197006409e-05,0,0,0,0,0,0,0,0,0,0,0,0,0,0,0,0,0,0,0,0,0,0,0,0,0,4.98192297984041e-05,0,0,0,5.53712002205989e-07,0,0,9.17994774301216e-06,0,5.12480573311237e-06,1.36239620488113e-05,0,0,0,0,0,0,0,0,0,0,0,5.86199766894775e-05,0,0,0,0,0,0,0,0,0,0,0,0,0,0,0,0.000457719993564055,0.000117063349371834,0.000493217479560188,6.99436340578264e-05,0,0,4.57587221584274e-05,0,0,0,0,0,0,0,0,0,0,0,0,0,0,0,4.37699495280727e-05,0,0,0,0,0,2.54775804609206e-06,0,0,0,0,0,0,0,0,0,0,0,0,0,0,0,0,0,0,0,0.000311541150371067,0,0,0,0,0,1.0128305583166e-05
"CbMPDiCbraya","Group","D0_vs_D1","DR",0,0,2.46364577453535e-05,2.48268812004044e-05,0,0.000306085471583388,0.000109626523551744,0,0,0,0,2.99350826147329e-05,0,0,0,0,0,0,0,0,0,5.20030528347105e-05,0,0,0,0,0,0,0,0,0,0,0.00060468312020394,0.000616566914163819,1.31902760377753e-05,0,1.45969309870478e-05,0,0,8.51375514177569e-05,0.000256693240985498,0.000318395820775284,2.09072573715382e-05,5.84560318191464e-05,0,0,2.79851578230721e-05,0,0,0,0,3.35499632800509e-05,0.000574082779104421,0,0.000412319419945301,0,0,0.000276385742346527,0,0,0,0,0,0,0,3.40973065344962e-06,0,3.57192939120695e-05,0,0,0.00166990605491358,0,4.22786128066392e-05,0,0.000112839123273727,0,0.000393387186646102,0.00065710791668711,0,0,0,0,0,0.00016187157032432,0.00210903479763105,0,0,0,0,0,0,0,0.00274615401710765,0.00809620717672754,0,0,0,6.39054414266893e-05,0.000131130902911385,0.00802204841233549,0,0,0,0,0,0,0.0015861752566005,0,0,0,0,0.000563782735796483,0,6.41574598646772e-05,0,0,0,0.000256835576309284,0.000502058483482615,1.44593687532787e-05,0.000218611744066898,0,6.02255591546839e-06,1.72172693640995e-05,0.000248424769735806
"CbMPDiCbraya","Group","D0_vs_D3","HeS",0,2.44273003832742e-05,2.77251139731968e-05,0,4.60510468659219e-05,0.00047720547416665,1.43974875971874e-05,0,0,8.31838013662192e-05,6.63402289649882e-05,0,1.85559903990207e-05,0,0,0.00022811463296395,0,0,0,0,0.00121368383282858,0,0,0,0,0,0,0,0.00107313189796377,0,0.000108926054897377,0,0,0,0.000459866583411477,0,1.27173347763451e-06,0,0.000422502853036908,3.53796700548507e-06,0,0,0,0.000207807110018896,2.37163913594448e-06,0,8.3307478224904e-05,2.00002249755959e-06,4.10248196953776e-05,0.00153157384258186,0,0,0,0,0,0,0,0,0,1.43170753770033e-05,0,0,0,0.000239293479140817,0.000779924083747116,2.60019755979866e-05,0,0,0,0,0,0,0,0,0,0,0,0,0.000198676346920472,0,0,0,0,0,0,0,6.72392032400592e-06,0,0,0,0,3.49754297605932e-05,5.76247758506311e-05,0,0,0,0,7.51915783274609e-07,8.85234879377512e-07,0,0,0,0,0.000190021775110008,0.0033772367539122,0,0,0,0.000496157453542034,0.000176212780794818,0,0,0.000391998840363846,0,0,1.42918013177823e-05,0.000429123556752188,0,0,0,0,0,1.56288282609625e-05,2.86963696598262e-05,4.16838290227794e-06
"CbMPDiCbraya","Group","D0_vs_D3","HoS",0,0,0,9.44263922586319e-06,6.08880243791286e-05,0.00364521101671703,9.90773104763658e-06,0,0.00299094854284333,0.00016945362363667,7.87870563044724e-05,0,0.00095683475127134,0,0,0,0,0,0,0,0.00169215465023642,0,0,0,0,0,0,0,0.00143578720846427,0,0.00013310879556547,0,0.000708446572493462,0.00787204128360715,1.20387142116735e-05,0.000323105576449735,1.25132861752494e-06,0,0.00542686714901789,0,0.0022105363718403,7.57484332664176e-06,4.97634814212131e-05,0.000171068881893906,0.000104172934706657,0.00337113995345989,0,0,7.87969957317281e-05,0.000718151837610992,0.00112105113243941,0.000288148983054935,0.00265749750320782,0.0149456733688244,4.43867766078499e-05,0,0,0,0,0,0.000272551312645429,0,0,0.000180417932042189,0.000383457710380215,3.83080023605785e-05,0,6.24837185290506e-06,0,0,0,0,0,0.00157484473415323,0.170634364477562,0.000274910944537134,0,0,0,0,0,0,0,0.000228015498800363,0,0,0,4.13818770347261e-05,0,0,0.000876096753901118,0.000116153101971173,6.01450740878882e-05,0,0,0,8.51657156958622e-06,0,5.23408359112697e-05,0.0201844100841534,0.0009595540700869,0.0368063238001172,2.15931438658027e-05,0.00277289032698586,0.00208758917713358,0.00853016336991964,0.038753018943575,0.00129684275857215,0.00604703658973682,0.000165047346786948,0,0.000795081676685788,0.00594555547441526,0.00045640252182737,0,9.9158764062809e-05,0.000236230835554056,0.000822248359311432,0,0,0,0.00612605402677556,0.000277290834296245,0.000124432972291887,6.56209129829128e-05
"CbMPDiCbraya","Group","D0_vs_D3","DL",0.000121477672446744,0,0.00024726364588571,0,0.000665297687264294,0,0,2.1721609161181e-05,0,0.000718268531566788,0.000958024895885482,0,0.00140352738756702,0.00187660112467813,0.0025337754507513,0.00739738642915864,0.00876745844770844,0.00430556972421898,0.00334049560940344,0.00103934365882117,0.000864389797219117,0.00417531165006124,0.00189137997936177,0.00147838222355851,0.00122035430802016,0.00172279958629767,0.00386261784851794,0.00294014292172847,0.00366866546990023,0.00305967300746072,0.00165319304888806,0.00136735627117985,0,0,0.00097828485680655,0.000404646582189534,0,9.74101187230833e-05,0.00194639277481514,0,0.000291860530212312,5.10137273040628e-06,0,2.92048876135785e-05,0,0,0,0,0,0.00705015039700042,0.00135328461296604,0.00018615094142109,0,0,0,0.00044773396839424,0.0210131178140511,0.000782670543946841,0.00431986236065648,0.00047738140096103,0.00315651107955199,0.00416846078156299,0.000720062298180695,0.000771592585330852,0.0015687089312768,0.000542768448638512,0.000445748503525051,0,0,0.000758080100411502,0,0,0,0,0,0.000948707163373677,0.000235824191893613,0.000375202591037211,0.00127128538270808,0.00104521409670663,0.00070895091527804,0.00406996781888802,0.00400217501893236,0.000424881507241623,0.00053322482967081,0.000801137149270348,0.00207554153980866,0.00435340540438205,0.0653277938673738,0.00192875952157722,0.00161672466893153,0,0,0,0.00209008372355834,0.00293884272995304,0.000208135866098041,5.88918398154123e-05,3.97111920785197e-06,0.129074942624148,0,0,1.26756530541117e-05,0,0.000288313878845672,0.00701410013158636,0.0370852006399715,0.000224990070327057,0.00126435004374723,0.000125499863255502,0.0293112445863324,0,0.00787592064496563,0.00115019328549003,0.00542997328936165,0,0.0013273387909105,0.000635890960439898,0.000672993664053275,0.000617387689865403,0.00011744890324649,0,0.000290086693888224,0.000273065875039513,0.000462452255419016
"CbMPDiCbraya","Group","D0_vs_D3","HD",0,0,0,2.7351686017534e-05,0,0,6.28706531710374e-05,0.000291724980403663,2.75553739793099e-05,0,0,5.3395488678378e-06,0,0,0,0,0,0,0,0,0,0,0,0,0,0,0,0,0,0,0,0,0.000336971437672837,0.00254199855353487,5.2772847868733e-06,6.88497731549159e-05,1.03459685168727e-05,0,0,1.55605038787751e-05,0,1.66368984524187e-05,0.000236804229292896,0,4.87854925718782e-06,0,7.05177148529502e-06,0.000406976939980672,0,0,0,2.54006252215938e-06,5.83876037251224e-05,0,0.000269370123193506,0,0,0,0,0,0,0,0,0,0,0,0,5.28146273167838e-06,0,0,0.00415956596516717,9.910134634311e-05,0.000568768896460293,4.8563784760324e-05,0,0,1.773753686061e-05,0,0,0,0,0,0,5.70410449715578e-05,0.00044988492762136,0,0,0,0,0,0,0.000210423392423689,0.00168005418087304,2.03207621378316e-05,0,0,0,0,2.25175787733171e-05,0,0.00200282528903176,0,0,0,0,0,0,0,0,0,0,0.00274984681447576,0,0,0,8.95481463008603e-05,0,0,0.000692588666100852,0,0,0,0,0,0
"CbMPDiCbraya","Group","D0_vs_D3","DR",0.000818677238372381,0.000456028612336332,5.84439221870284e-05,5.19499002777707e-07,0.000204222709606229,0,3.76717551949359e-06,0.000930072863319619,0,0,0,3.68043180051372e-06,6.30682635006221e-06,0,0,0,0,0,0,0,0,8.2860821955118e-05,0,0,0,0,0,0,0,0,0,0,9.56751366085212e-05,0.00112671151804113,0.000580088291453619,0.000369902064882075,1.53037804308377e-05,0.000688831807084348,0,8.74870899253096e-06,0,0.000418387491646306,2.20624982155802e-05,1.18777352326843e-05,0.000248729496904181,0,0.000203745277122191,0.000364959601244531,6.72709850725326e-05,0,0,0.000652655450342134,5.98658675078302e-06,0,0.000290826773549794,0.013643952836937,0,0,0,2.12304335337904e-05,0,0,0,0,0,0,0,1.18003888854369e-06,0.000913609900598932,6.96220613305029e-05,0,0.000617764621570477,0.0261435789735364,0.00159904624246663,0,0,0.000976515358219216,0.0039906266527433,0,9.16506582163454e-05,0,0,0,0.000487124194172295,0.00648513981959672,0,0,0,0,0,0,0.000616428625966963,0.00126649143443721,0.00722406946705293,0,0,7.11221253634279e-05,6.36923460105361e-05,0.00028789727205054,0.095721318172783,0.000127499508770277,0.000488981690639857,0.000343684778603652,0.00028968739254791,0,0,0.00229796305514366,0,0.000307808570710006,0.000145395925596257,0,0.00183318635730404,0,0.00153705988196358,1.62726577231128e-05,0,0,0.00242927255696904,0.00191144607503088,0,0.00041281193987102,0,3.30429928432635e-05,0.000121275522266204,8.29358426466563e-05
"CbMPDiCbraya","Group","D0_vs_D5","HeS",0,0,8.13137551511728e-06,0,9.91450278681815e-05,0.000205034676822233,3.57179107892407e-05,1.61321671586653e-06,0,0.000155969627561661,6.98318199631455e-05,0,0.000352563817581393,0,0,0,0,0,0,0,0.00128111071243017,0,0,3.83708845307547e-05,0,0,0.00019452868783269,0,0.001013513459188,0,0.000617247644418467,0,0,0,5.05075357034153e-05,0,1.69613290121812e-06,0,0.00211251426518454,0,9.51999667718141e-05,0,0,0.000242044225822024,3.08313087672783e-05,0,5.71510706087222e-05,0,4.52454058594606e-05,0.00155501616264215,0,0,0,0,0,0,0,0,0,0,0,0,0,0.000251887872779807,0.000779924083747116,0.000152245760258296,0,0,0,0,0,5.82155192314961e-05,0,0,0,0.000115412736734551,0,0,0,0,0,0,0,0,0,0,0,0,0,0,0,6.99508595211864e-05,0,0,0,0,0,1.8460945988162e-06,3.24966581217243e-06,0,0,0,0,0.00120347124236339,0.00375248528212467,0,0,4.55307569269869e-05,0.0044654170818783,9.90769443227206e-05,0,0,0.00372398898345653,0,0,1.78647516472279e-06,0.000100690624699452,0,0,0,0,9.08124337412513e-05,6.25153130438501e-05,0.000257022419335179,0.000326090983525218
"CbMPDiCbraya","Group","D0_vs_D5","HoS",0,0,0,8.33630354051695e-06,0.000210499978952169,0.00391043080776427,4.98232519361352e-05,0,0.0012502857999723,8.08316620190952e-05,8.2933743478392e-05,0,0.00159058361980379,3.87373781683035e-05,0,0,0,0,0,0,0.00188481746010181,0,0,0,0,0,0.000193833361509122,0,0.00135602125243848,0,0.000754283174870997,0,0.000748902380872869,0.00512877766718985,2.14289667525165e-06,4.05402538501582e-05,0,0,0.00453282009172907,0,0.0012722414591418,2.85260965252709e-05,0.000158932371373109,0.000175020913450746,0.000102046515789758,0.00465916854489054,0,3.13348669969721e-06,9.84962446646602e-05,0.00538613878208244,0,5.56382442243639e-05,0.00116268366474771,0.0173051080567112,4.34625638283761e-06,0.000748224208822905,0,0,0,0,0.000223086307458196,0,0,0.000171576880467562,0.000383457710380215,0.00016419657617193,0,6.24837185290506e-06,0,0,0,0,0.00801209930416731,0.00104627801842893,0.148917479567841,6.20904195051294e-05,0,0,5.61467857284003e-05,0,0,0,0,0.000310305714481227,0,0,0,0,0.00219519969546774,0,0,0,2.89651373885659e-05,0,0,0.000112387276529943,0,0,2.81735743282074e-05,0.0254049768758621,0.00187447423235319,0.0332808533817835,2.38743542451552e-05,0.00172830338580381,0.00199919631160335,0.0118525887769976,0.00129137275693162,0.00121697919296156,0.00307716056358292,0.000210987567416339,0,0.000842971074984989,0.0032344525732872,0.000218064527046298,0,0.000542869036413204,9.44923342216224e-05,0.0014589812406091,0,0,0,0.00439283221344904,0.000213479350508172,0.000119065070436703,8.89190850284478e-06
"CbMPDiCbraya","Group","D0_vs_D5","DL",2.47730249405093e-05,0,0.000215190587479609,0,0.000179247386947077,0.000196892265680537,2.63593834717489e-05,0,0.00518726047747209,0.000718545749527609,0.00094963876405341,0,0.000248191948621938,0.00183932252756207,0.00253157076517801,0.00762405467804279,0.00876673790355349,0.0043034062803852,0.00333977935911694,0.00103934365882117,0.000603649496792907,0.00375579425849336,0.00189137997936177,0.00126476913142917,0.00122035430802016,0.00172351925590142,0.00347571362869485,0.00294014292172847,0.00381345072923102,0.0030614857296508,0.000385961828199307,0.00136662647202057,0,0,0,0,0,0,0.0011122400042475,4.48995804084916e-06,0.000575837049833519,6.62298780702551e-05,1.9388432825392e-05,0,0,0,4.71945555751976e-05,0,0,0.00231920033553894,0.00223062181413403,0,0,0,1.37655163333419e-05,0,0.0210065782599704,0.000670379307814645,0.00419153430525836,0.000464887678066301,0.00319220600871047,0.00398891649471777,0.000720062298180695,0.000767111780076126,0.0015687089312768,0.000179608364059088,0.000445014504699449,0,0,0.00018579280446827,0,0.00109584895557439,0.0575485675084394,0,0.0143212538324299,0.00103447514967803,0.000451491245174016,0,0.00140876381045466,0.000968198461418303,0.000709667658397306,0.00405104802981903,0.00399328988545538,0.000461901444564731,0,0.000801137149270348,0.00208516869278521,0.00432756199252384,0.0620289768654276,0.00192440044333751,0.00243319497976994,0,0,0,0.0020814184175595,0.00224890294247449,0.000208879833680716,5.22781100921278e-05,1.93447819722796e-06,0.0388005119614509,0,0,1.80342059703059e-06,0,0,0.00179168915120763,0.0577117450508938,0.000181526888865205,0,3.82532016202484e-05,0.0293007203114076,0,0.00712043202208807,0,0.00342232269749632,0.00023854699139321,0.00198110075329306,0.000316842088826148,0,0.000613524280206156,0,0.000593961062349713,0.000272158322197702,6.65364296013264e-05,3.79849071147119e-05
"CbMPDiCbraya","Group","D0_vs_D5","HD",0,0,0,2.33579814140146e-05,0,6.23940221655153e-05,4.54547272099372e-05,0.000455146293996045,0.00107513743754237,0,0,3.96240891937401e-06,0,0,0,0,0,0,0,0,0,0,0,0,0,0,0,0,0,0,0,0,0.000201986086044899,0.00337551462901862,0.000122227559016258,0.000148972104938282,8.25653562174752e-06,0,0,1.42370219867038e-05,0,2.67889463468439e-05,0.000110952451070796,0,0,0,3.11040142458251e-06,0.000167884853354925,0,0,0,2.80726289101272e-05,0.000111314765113946,0,0.000248517117528662,0,0,0,0,0,0,0,0,0,0,0,0,4.47562675679092e-06,0,0,0.00690610679770495,4.88139571846253e-06,0.000359681179766232,0.000157008971163313,0.00313190881537822,0,6.50790419723057e-06,0,0,0,0,0,0,3.77361220503439e-05,0.00261330981213802,0,0,0,0,0,0,0.00020490494895127,0.00344341214180055,0.000325326977580805,0,0,0,0,6.97525848041237e-05,0.0270604414702603,0.0016950959644188,0,0,0,0,0,0,0,0,0,0,0.00391363195685269,0,0.000141956831304182,0,3.74239025584682e-05,0,0,0.000745072995354951,0,0,0,0,0,0
"CbMPDiCbraya","Group","D0_vs_D5","DR",0.000873763471829899,0.000473866031153447,9.95173141705084e-05,1.25090169163605e-06,0.000488507365652842,0.000363778601807673,1.26533358786489e-05,0.00029132693444877,0.00066083070863281,7.84844140542048e-06,0,3.58579384041506e-06,0.000115280174292288,0,0,0,0,0,0,0,0,0.000489293179637151,0,9.45162776361598e-06,0,0,0,0,0,0,0,0,4.66971824166734e-05,0,3.93881521650769e-05,0.000181390517562437,1.17879073610436e-05,0.000696256143056439,0,1.27988426477319e-05,0.000433632010910527,0.00034143240321373,6.98588082713283e-05,0,0.000164794678196829,0,0.000264706097257957,0.000256485839635402,4.04342561492838e-05,0,6.57761368488702e-06,0.000661666779193393,6.25512727943822e-05,0,0.000201741647656341,0.0109803095663937,0,0.000110105556778395,0,4.37009222022774e-05,0,9.48905601222761e-05,0,0,0,8.66157651635193e-06,0,1.98587486343116e-06,0.000914334811434899,0.000467095442860224,0.00217902390741135,0.000791143185372272,0.0208151115170156,0.00298359193517616,0.009927257255695,1.00374203120701e-05,0.00211929383382001,0.00430139715985441,0,0.000164306033902677,0,0,0,0.00122337448367485,0.00456453808133143,0,0,4.07626257508118e-05,0.00061517364262655,0,0.000121462059840028,0.000693654409450832,0.000120859675486523,0.00687578252080038,0,0.000435833462955492,7.97674023316865e-05,6.28061711211586e-05,0.000204840702377672,0.08782075993815,1.51225781646432e-05,0,0.000344474265562456,0.000262748330639351,0,0.00166749951540563,0.0176763496547153,5.0734102921198e-05,0,0.000258001952631077,0,0.00123109365318948,0.000103319511859835,0.000853812269110368,0.00147255480323461,1.04603845327179e-05,0.000203491088521074,0.0021314802415131,0.0047523798393214,1.67136085435654e-06,0.000580209615493506,8.58807042821668e-05,3.27960704207405e-05,8.46831000163445e-05,8.98765394912642e-05
"CbMPDiCbraya","Group","D0_vs_D6","HeS",0,0,0,0,0.000138970747674841,0.000100022229144441,1.68093481407231e-05,0,1.60435034420952e-05,0.000197561528244771,6.98318199631455e-05,0,0.000371119807980414,0,0,0,0,0,0,0,0.00134853759203176,0,0,0,0,0,7.92221242218495e-06,0,0.00071542126530918,8.62287562760652e-05,0.000199697767311857,0,0,0,0.000215706710008704,0,2.09450683751635e-05,0,0.00264064283148068,8.64258468810784e-05,4.7599983385907e-05,3.73661691788028e-06,0,0.000242044225822024,4.62469631509174e-05,1.9485743412665e-05,6.02785460268857e-05,0,4.18520004200011e-05,0.00149380513003755,0,0,5.86747201062394e-05,0,0,0.00012306024996646,0,0,0,0,0,0,0,0.000251887872779807,0.000779924083747116,0.000148439616251838,0,0,0,0,0,1.08502747224635e-05,0,0,0.000117994416871303,2.86661498821731e-05,0,0,0,0,0,0,0,0,0,0,0,0,0,0,0,6.82020880331567e-05,8.23211083580445e-05,0,0,0,0,2.92883955341211e-06,1.07771163023283e-06,0,0,0.000866367810857304,0,0.00126681183406672,0.00375248528212467,0,0,0.000705726732368297,0.0043413777184928,9.66000207146526e-05,0,0,0.00342998985318365,3.44701294784239e-06,0,1.16120885706981e-05,7.47017487945421e-05,0,0,0,0,0.0014075927229894,8.85633601454543e-05,0.000278368345354403,0.000321617017445097
"CbMPDiCbraya","Group","D0_vs_D6","HoS",0,0,0,8.33630354051695e-06,0.00018773807516898,0.00044761670901288,1.80085182916958e-05,0,0.00287247818539506,0.000102386771890854,8.2933743478392e-05,0,0.00167429854716188,8.01828342212962e-05,0,0,0,0,0,0,0.00188017183359603,0,0,0,0,0,9.69306134211751e-05,0,0.000957191472309514,0,0.000244032791870028,0,0.00138112365863248,0.00591015152815028,3.33151806858653e-06,3.60198415534139e-05,0,0,0.00402097210867007,4.54886619510087e-06,0.00100965563010403,2.64393072066432e-05,0.000266875524934729,0.000175020913450746,8.29646395914366e-05,0.00743516005770792,0,0,9.11090263148107e-05,0.0044884489850687,4.31238221516587e-05,5.84118614299628e-05,0.00155391225042564,0.034244904117947,4.86492931935671e-05,0.000876438066003683,0,0,0,0,0.000217509149771741,0,0,0.000171576880467562,0.000383457710380215,0.000160091661767631,0,6.24837185290506e-06,0,0,0,3.98464868293175e-05,3.11830888584962e-06,0.000662432351574584,0.0910396436019192,0.000177363900776638,0,0,2.32595157253295e-05,0,0,0,0,0.000128954759452419,0,0,0,0,0,0,0.000542286522394295,0,0.000118610745887588,0,0,0.000158762212380286,3.21811532659184e-06,0,4.55650437084539e-06,0.0253879756211837,0.00454244125724691,0.0375053461964459,2.26178092848839e-05,0.00166369031738679,0.00199919631160335,0.00308914296555417,0.00129138871366063,0.000635235040207722,0.0032015476456853,0.000212714843908389,0.0066286404314083,0.00183787583614485,0.00265833293385244,0.000234868980034252,0,0.00129722000994486,2.36230835554056e-05,0.00107982882455263,0,3.13883740883273e-06,6.85495777963119e-06,0.00356670644274548,0.000197019292860412,7.78937635688477e-05,1.77838170056896e-05
"CbMPDiCbraya","Group","D0_vs_D6","DL",1.2338513035655e-05,0,0.000193187888016876,0,0.00013022024987216,0.000190523680012839,0,0,0,0.000644979818874364,0.000945118977098808,0,0.000126985782152677,0.00179609632499022,0.00253157076517801,0.00762405467804279,0.00855551462087482,0.00425012486580327,0.00333977935911694,0.00103421286557412,0.000540075850670159,0.00376318490989828,0.00189137997936177,0.00109211703611307,0.00122035430802016,0.00172357016686016,0.00375860215188926,0.0029405322328036,0.00455940582245872,0.00297081438061709,0.00131135528308324,0.0013669904154201,0,0,0.000103038756574876,0,5.91125049159653e-06,0,0.000919831421166828,9.78559512263517e-05,0.000362820074388655,0.000208986603662097,3.27505336572539e-05,0,0,0,9.98964435454975e-05,0,0,0.00329204166010037,0.00216675945250709,5.764990324326e-06,0,0,8.84510534000439e-06,0,0.0203797059240476,0.000688010305000066,0.00435392911029815,0.000428556891475503,0.00308419176112007,0.00384077815400712,0.000720062298180695,0.000767111780076126,0.0015687089312768,0.000173101046525135,0.000449057255880643,0,0,0.000101770445492979,0.0256981303584475,0.000583955825232521,0.00985473546712671,0.00604255485142333,0,0.000998982085827634,0,0.000314307369657065,0.00143389431056646,0.000716458575917125,0.000711122332920194,0.00378054100741069,0.00399231684749649,9.40339497291806e-05,0.00314953397830939,0.000801137149270348,0.00201672434415195,0.00425096266452492,0.0602666751319982,0.00192515355218663,0.00223820926441886,0,0.0315467628028836,0,0.00206994319528273,0.00169777676512951,0.000187762886658151,5.29325824568727e-05,2.28058047487163e-05,0.0458320012514772,0,0,3.63433423616283e-05,0,0,0.00585013586043809,0.0414091495862006,7.14685520361141e-05,0,3.77579450951211e-05,0.0227881192581029,0.00105800636437023,0.00660015562012798,0,0.00198048754611055,2.75846246475216e-05,0.00188040596670813,0,0.00170772440046456,0.000626632269284261,0,0,0.000254864942990918,9.44581444134277e-05,2.39781487942739e-05
"CbMPDiCbraya","Group","D0_vs_D6","HD",0,0,0,2.36707068369236e-05,0,6.54532390237389e-05,5.31045044359458e-05,0.000356903721939423,0.000513193340283207,0,0,3.6434292653847e-06,0,0,0,0,0,0,0,0,0,0,0,0,0,0,0,0,0,0,0,0,0.000309753479392853,0.00443902383250396,8.46716365529888e-05,0.000175836694644991,5.82406657171347e-06,0,0,9.01831288667929e-06,0,1.76993066596877e-05,9.01694795581212e-05,0,0,0,6.11689038377589e-06,0.000139834428932785,0,0,0,4.03444850208003e-05,0.00012498839494689,0,0.000210856492644942,0,0,0,0,0,0,0,0,0,0,0,0,4.07575397592301e-06,0,0,0.00486318215943344,0.00010044925330462,0.000552955367346587,0.00019014665134214,0.000384189760991679,0,5.09264652396501e-05,0,0,0,0,0,0,0.000180533760152755,0.0021990833498464,0,0,0,0,0,0,0.000198637910586773,0.00249693485442702,0.000387497923604454,0,0,0,0,4.81483344134157e-05,0.0216520772938809,0.00105331991145522,0,0,0,0,0,0,0,0,0,0,0.00214636589470638,0,0.000105045469165614,0,4.33880487697199e-05,0,0,0.000784254568358917,0,0,0,0,0,0
"CbMPDiCbraya","Group","D0_vs_D6","DR",0.000884633918702026,0.000473866031153447,0.000127127509399343,9.38176268727041e-07,0.000505925625770263,0.000142351047451084,2.7615934590449e-05,0.000425965360573376,0.000825915225523289,1.06907169749688e-05,4.51978695460176e-06,3.90477349440437e-06,0.00013349709412474,2.54842662240997e-06,0,0,0.000211582292386298,5.32814145819348e-05,0,5.13079324705061e-06,0,0.000484105957373859,0,0.000136125389969121,0,0,0,0,4.31777726752809e-05,0,0,0,6.48690724582752e-05,0.00589217994344923,0.000225420530072851,0.000106205380798632,1.76502017708321e-05,0.000695531232220472,0.000183080866961226,2.40044468871387e-05,0.00104568132021812,0.000385186533928234,0.000207179747778094,0,0.000160791030732187,0,0.000258229531291925,0.000265960416309534,5.2376314639447e-05,0,3.43431167755886e-05,0.00075547450858567,9.24299698548401e-06,0,0.000410665124762637,0.0112239012361739,0.000626106381083517,9.24745595929743e-05,0,8.00317087930757e-05,0.000113981007570826,0.00022360298616742,0,0,0,2.34389621686828e-05,0,2.38574764429907e-06,0.00091434518899846,0.000550196312709087,0.0314401513656094,0.000550989423899968,0.00464950178869604,0.000489742870900487,0,1.14869140696131e-05,0.00106297596410317,0.00414354557542792,8.96494482897714e-06,0.000416045919403855,0,0.000271260276882986,0,0.000294098195396858,0.00431684390959409,0,7.06401062097242e-05,0.00011513329030675,0.00356273189364228,0,0.000157812002574771,0.00070207248486299,0.00654372496092103,0.00844874609522877,1.18298120872781e-05,0.000720379735344536,0.000102830964752265,6.11848012936219e-05,0.000252532937178857,0.114604732525972,0,0,0.00033767998050415,0.000263295896517065,0,0.00555271059325011,0.0339782565254198,1.2025012025012e-05,0,0.000259666756168088,0,0.00582971967199817,0.00149534131183285,0.000648738421512748,0.00241099778455591,3.21302865040649e-05,0.000438365124091963,0.00238466379309165,0.00398860980703951,8.88104297234173e-07,0.000690648470742419,0.000126528381910907,3.63924077330635e-05,9.01849586330222e-05,0.00011736205176039
"CbMPDiCbraya","Group","D0_vs_D7","HeS",0,0,4.06497208168517e-06,0,0.000117734720593466,4.03572520528696e-05,5.04682071832942e-06,0,0.000160435034420952,0.000207959503415548,6.98318199631455e-05,0,0.000371119807980414,0,0,0,0,0,0,0,0.00107883007362541,0,0,0,0,0,0,0,0.000804848923472827,0,0.000635401986901364,0,3.97837535495377e-06,0,1.4129633189448e-05,0,0,0,0.00359127425081372,0,0.000349066544829985,0,0,0.000242044225822024,4.74327827188896e-05,0.000409200611665966,1.80974283185695e-05,0,4.41142707129741e-05,0.00196968713934673,0,0,0.000132018120239039,0,7.02240163873201e-07,0,0,0,0,0,0,0,0,0.000251887872779807,0.000779924083747116,0.000144633472245381,0,0,0,0,0.000136978142785217,2.2292798303323e-05,0,7.64254958236221e-06,0.000170436379925215,4.54578817169567e-05,0,0.000110832439168678,0,0,0,0,0,0,0,0,0,0,0,0,0,6.99508595211864e-05,7.408899752224e-05,0,0,0,0,2.17678461957414e-06,4.84970233604773e-06,0,7.41676340193374e-05,0.00433183905428652,0,0.00126681183406672,0.00375248528212467,0,0,0.000910615138539739,0.00471349580864932,0.000110809293177955,0,0,0.00391998840363846,8.40209406036581e-06,2.75305540015931e-05,2.76903650532032e-05,0.000629211948183469,0,0,0,0,0.00172543624108378,9.63777742759356e-05,0.000163954214110672,0.000262541098698799
"CbMPDiCbraya","Group","D0_vs_D7","HoS",0,0,0,8.33630354051695e-06,0.000192812077200574,0.00233668260996233,5.76206814516442e-06,0,0.00201477508956004,0.000107775549358794,8.2933743478392e-05,0,0.00167429854716188,1.9363193946949e-05,0,0,0,0,0,0,0.00153120370742924,0,0,0,0,0,0.000194187888999433,0,0.0010768404063482,0,0.000820323068558293,0,0.00212225914853425,0.0180198237608126,2.23765730421175e-06,1.09122697876281e-05,0,0,0.00402894087338622,0,0.00144738493573429,0,3.32652221351862e-05,0.000175020913450746,8.44838598714183e-05,0.00148807827680569,0,0,9.60338385480437e-05,0.00682244245730442,7.31780646634894e-05,0.000386578068893702,0.00422705256198127,0.0419749893427763,6.40576988730097e-06,0.00321138321095384,0,0,0,0,0.000217509149771741,0,0,0.000171576880467562,0.000383457710380215,0.000155986747363333,0,6.24837185290506e-06,0,0,1.07449856733524e-05,3.87561880504769e-05,9.68367901895061e-06,0.000305104117443499,0.0415122754933725,8.06688490497361e-05,0,8.19960257743988e-05,3.17546396327266e-05,0,0,0,0,1.89846731255428e-05,0,0,0,0,0,0,6.23518680516123e-05,0,0.00173353207408032,0.000184892689346457,0,0.000215521884399332,0,0,7.64068827213944e-06,0.0125914669696992,0.0248623326137331,0.0250668881767259,2.45026267252909e-05,0.00166369031738679,0.00199919631160335,2.60587673191353e-05,0.00129136180555319,0.000357790107706077,0.00263982838401392,0.00020571287823093,0.000734275790918961,0.000617043060068891,0.00303809478154564,5.10970772058847e-06,0,0.000269139927224689,0.000496084754663518,0.000147382814275419,0,0,0,0.00319673657283947,0.000187594259416805,0.000251971231261971,3.96943366221222e-05
"CbMPDiCbraya","Group","D0_vs_D7","DL",0,0,0.000123245742225078,0,0.000140156591580856,0.000676290639967487,0,0,0,0.000427979124891362,0.000825721488558051,0,1.30241438138708e-05,0.00172584503251839,0.00220383311719933,0.00686050246214059,0.00696216763463648,0.00373547392574484,0.00290625576744364,0.000965318351826809,0.00116369356064502,0.00255290491643422,0.00145623223113861,0.000678621169606343,0.00118360373640771,0.00162787937923704,0.00346259068790515,0.00241731872699582,0.00395811849618444,0.00287506236112641,0.000226585513075093,0.00121662569626234,0.00506339001057352,0,0,0,0,0,0,1.58843203401403e-06,0,3.2788735820181e-05,0,0,0,0,0,0,0,0.000401884601426152,0.00129856358265173,0,0,0,0.000114437779481664,0,0.0177940858845359,0.000364690995897949,0.00186966041935228,0.000274965398231128,0.00182776795892227,0.00214497736841654,0.000654798555840242,0.000705051199682415,0.00145731329057234,0.000135294322818128,0.000405984650394141,0,0,2.67804721866085e-06,0.0185343806693417,0,0.0123862200515826,0,0,0.000950576944776884,0,0.0087211076757443,0.00164689384873975,0.00040881377101086,0.000588176924556394,0.00361135110223857,0.00330246977540193,0,0,0.000736744368034546,0.00186750713644489,0.00337268965801294,0.0404379008281103,0.00169881017392189,0.00121797015068402,0,0.0450359318567765,0.0305222352989582,0.00169851270040086,0.000265730448981287,0.000139243707251993,4.96214072912471e-05,0,0.0330212894996334,0,0,0,0,0,0.000889525677497729,0.0194922537426853,1.68350168350168e-05,0,2.0463311845294e-05,0.0223447981782696,0,0.00304340250517937,0,5.4053879445828e-05,0.000533657335869585,0.000438174844689053,0,0,0.000503709817337647,2.38089127831606e-06,0,0.000158082485795839,9.31508173578578e-06,0
"CbMPDiCbraya","Group","D0_vs_D7","HD",0,0,0,2.17943542994695e-05,0,3.95387817108936e-05,4.32424787783887e-05,0.000416744419928544,0,0,0,2.91711481569458e-06,0,0,0,0,0,0,0,0,0,0,0,0,0,0,0,0,0,0,0,0,0.000456049818114396,0.00497750655369212,4.69471465680393e-05,0.000180841793314313,4.97416839727126e-06,0,0,1.12308729690006e-05,0,9.23573836736207e-06,0.000119869937866483,0,0,3.53881730591714e-05,1.41510027656098e-05,0.000126358196665389,0,0,0,1.3418474485868e-05,0.000202257011913068,0,0.000133664383198622,0,0,0,0,0,0,0,0,0,0,0,0,3.91055266532472e-06,0,0,0.00276050472638368,0.000123371576737114,0.000421587544233797,5.64368780334268e-05,7.17011518577767e-05,0,8.29953236431414e-05,0,0,0,0,0,0,0.000180092935242559,0.00153960635083211,0,0,0,0,0,0,0.000175337484598145,0.00208387479684558,0.000470362643731372,0,0,0,0,7.19017725080616e-05,0.0626674521477554,0.000365264876453009,0,0,0,0,0,0,0,0,0,0,0.00298564769827604,0,0.000140221664998824,0,0.000101427696603295,0,0,0.000328199043104209,0,0,0,0,0,0
"CbMPDiCbraya","Group","D0_vs_D7","DR",0.000896236355323151,0.000473866031153447,0.000193375691063866,2.81452880618112e-06,0.000558156029468316,0.0013974205511969,8.19616478574028e-06,0.000223619798912893,0,0.000211121260338974,0.000123917275495358,4.63108794409449e-06,0.000247458732463546,0.000136101895873777,0.000327737647978677,0.000763951411124625,0.00180457026891701,0.000568298343982751,0.000433523591673306,7.40253069943624e-05,0,0.00169383371572419,0.000435147748223163,0.000542888332208073,3.70941575501575e-05,9.87476537851301e-05,0.000211200454764391,0.00052851889680509,0.000365240008174286,0.00018641819679169,4.44525177571047e-05,0.000170593674969883,0.000693548906290106,0.0327917556060562,1.9861563984626e-05,1.3626389341382e-05,1.51755707065916e-05,0.000696298503496904,0.000124822905818306,1.95621535018603e-05,0.000603383173373333,0.000408031875050583,8.73369310554171e-06,0,0.000157706904331192,0,0.00022506637780445,0.000274162658029256,4.44037033456861e-05,6.1599279985956e-05,0.00104252686696743,0.000645430609439261,0,0,0.000458191206691639,0.00969570716718512,0.00321264283263781,0.000415793868695091,0.00223612675035748,0.000233623202037451,0.00137461883513325,0.00191837446514005,6.52637423404527e-05,6.20605803937115e-05,0.000111395640704459,8.29697700710724e-05,3.99398867005321e-05,2.55094895489736e-06,0.000913609900598932,0.000649288710983405,0.0320549436632332,0.000176782772537246,0.00492834504684989,0.000512926063932181,0,0.000232112506888461,2.18342551734307e-05,0.00424546243781672,0.000217886373497222,0.00072369072431012,0.000124970426055058,0.00044004672469814,0.000689496588427104,5.026841995897e-05,0.0105856876658254,6.75516513430628e-05,0.000218794108952458,0.000993780559521212,0.0235609559293049,0.000234715894169933,0.00120205374586878,0.000723221873803957,0.00653442170107496,0.0087749975385478,0.000383632447539986,0.00209358918325034,0.000161038756669797,6.56759527783077e-05,0.000204922403198456,0.0483453912201501,0,0.00062441499618267,0.000345105180543748,0.000263295896517065,0,0.013136015525163,0.0558943845926832,7.93650793650794e-05,0.000188890320097047,0.000269733377958637,0.00620925594731177,0.00602495370309281,0.0041799906572089,3.24034525433725e-05,0.00424693336111289,2.56830844104912e-05,0.000620657648280926,0.0028125969425607,0.0056971081574749,0.000122784198250771,0.000566780525632439,0.000126505490977765,0.000132798174065855,8.50779122262017e-05,0.000146935140724182
"CbMPDiCbraya","Group","D1_vs_D3","HeS",0,0.000364019662370551,2.24723081168791e-05,0.000113181798492436,0,0,2.10774566670311e-05,0,0,2.99024936255157e-05,0.000113841882789254,6.4676780117402e-05,5.416846444634e-05,0,0,1.20545776597551e-05,2.49524186672378e-05,4.37385734868572e-05,0,0,3.75001453494006e-05,0.000112499371217746,5.19323313094239e-05,0,0,0,2.03785603135556e-06,0,0.000193533416397886,0,1.57209629601696e-05,0,0,0,0,0,4.19837901053995e-06,0,0.0003149566113648,1.69757990688683e-05,0,0,0,0.00039354241954118,6.28928080579896e-06,0,4.95612907729363e-05,0,0,0.000474094444112184,0,0,0,0,0,0,0.000356626286130932,7.49804445049059e-05,0,0,0,0,0,2.34531645134837e-05,0.000110208475896459,0,0,0,0.00446065227214821,3.97207197576795e-05,0,5.17965146503399e-05,0,0,0,5.45518464789814e-06,0,0,3.68240729801381e-05,7.41584626628262e-05,0,0,0.000284643746681256,0,0,0,7.10060715077387e-07,0.000281305891436609,0,0.00022818425554762,0,0.00272337421323468,0,0,0,0,0,0,4.70751058242322e-06,0,0,0,0.000419897296746082,0.00117191667777898,0.00134489017287766,0,0,0,0.000909265226917622,0.000418443337812464,0,0,0.000273036281420018,0,0,1.65633158959433e-05,2.0972652973381e-05,0,0,0,6.19018731506815e-06,0,0,3.73358403538229e-05,0
"CbMPDiCbraya","Group","D1_vs_D3","HoS",0.000249114650569628,0.00148465000855142,4.43480458530647e-05,0.000263409866159547,0,0.00376459756365162,4.06268684681882e-05,0,0.00876021699399225,1.84589372886982e-05,9.53275518256757e-05,6.04542358277853e-05,0.00163828343070052,7.21084511104702e-06,6.80070796698678e-07,0,0.000207971334023423,0,0,0,0,0.000720540430113499,2.22248263432887e-05,0,0,0,0,0,0.000448821603936234,0,8.59411963573252e-06,0,0.000119894500290691,0.0213463808351265,0.000432876825389008,0.000361089833233662,3.16742787058682e-05,0.000958453939046783,0.00310341995288271,1.31233595800525e-05,0.00241957297387079,0,0.00039796136715453,0.000281287475776967,0,0.0437922979145465,0,6.97923986974051e-05,7.1698495175113e-05,9.45872335831617e-05,4.11222985268558e-05,1.60753851591345e-05,0.0030947190759986,0.0151604377557633,0,0,0.000637048428995374,7.03247652141626e-05,0.000388901668146381,0,0.000151226353146791,0.000304953043664823,6.18072438089744e-06,2.06147023991031e-05,0.000168826527110739,6.29888299465202e-05,0,0,0.0029754563190614,0.00171349363016783,0.000102774343441257,0.000153230852711561,0.00193336944160599,0.000495120137924987,0.157679061656962,2.56688827731186e-05,0,0,4.12722436857878e-05,0.000822353761074185,1.74889946786795e-05,0,0.00101021998861002,5.89278086900638e-05,0,0,1.80854660716589e-05,0.000259187788874913,0,0.000245564620347997,7.66588686074281e-06,0.004242487558285,0,1.9244733014429e-05,1.77915240637955e-05,0.000172307671063663,2.18826809791216e-06,2.33776705472923e-05,3.50042495032702e-05,0.13543978646026,0.00685451291471914,0.0133388349365792,0.000230769797757731,0.0164855315576517,0.0012135495718813,0.000595630255655474,0.0443964817868756,0.000749774575762109,0.0161306605479695,0,4.28665642229518e-05,0.00745245543200917,0.00431211020278695,0.00435114306348251,0,0.000163325375326654,1.45797250216916e-05,0.00418237578808201,0,0,7.93459200003787e-05,0.00517726691980843,7.41993405966644e-05,5.81397602316288e-07,9.0048477862906e-07
"CbMPDiCbraya","Group","D1_vs_D3","DL",0.00324782536548397,0.00242192864439125,0.000314854504435813,0.000339191410052946,0.00264916955128872,0.00208051262781275,0.000294785165594836,0.00531661564763706,0,0.000710710962873588,0.000121614111850742,0.00025061780377395,0.00147404055717028,0,0,3.34820710080842e-05,0.000454089246028407,0.000332315122963091,3.62454693163355e-05,0,0,0.00128003166858527,0.00013453266363474,0.00049214756000055,0,0,8.13956643242803e-06,0,9.8426925386615e-06,1.62513767620149e-05,0.000111607313895097,0,0,0,0.0010096351987874,0.00277871231185208,0.000315147485721097,0.00238608704197873,0.000374856661023447,1.98039276629256e-05,0.000337306341873296,5.93811104551799e-06,0.00262367582508538,0.000628984140914578,0.0018673201312667,0,0.000669377203832018,0.0129490934777004,0.00105636425945402,0.000130603953120363,0.00022353138384595,0.00233863314805206,0,0,4.96689146876367e-05,0.0213079683920119,7.58227049243443e-05,0.000584815986377907,0.00140709615845389,0.000406768707718691,0.00230582416366316,0.00275711647416334,0,3.59048137992922e-05,5.71707642277683e-05,0.000139072390034145,0,0.000243987232123825,0,1.76363377857934e-05,0,0,0,0,0.00506556294272644,2.74421248395971e-05,0.000289895316296434,0,0,0.000397800764479199,0,5.67969768129848e-06,0.000231683501497316,0.000542135438289192,0,0,0,0.000829206194678697,0.00199364924000042,0.000105769018186235,4.35433424357233e-05,0.00211699200870671,0,0,0.00013628567961869,0.00255123581870368,0.000208870569326911,3.35284853091302e-05,0.000541797883966954,0.0321908918322873,0.000860879117397012,0.0017124291631185,0.00121390746959366,0.000347416597111506,0.000135346184830577,0,0.0171613998854784,1.99915904087643e-05,0.00392232970350058,0.00236217520432277,0,0,0.00058224029368259,0.000102461493707206,0.00416477100242186,0,0,0.000299449072879688,0.000683966225952407,4.82710999728156e-06,1.17695832539572e-05,0,0.000305690629659443,0.000539254573694007,0.000237366255819393
"CbMPDiCbraya","Group","D1_vs_D3","HD",0,0,3.11362657386941e-07,1.80409528673544e-06,0,5.62097111149057e-05,4.49310924560089e-06,0,0,0,0,0,0,2.23619338479655e-05,3.74034613419489e-05,0,8.4856642445372e-07,1.9030284194939e-05,9.7338311192658e-06,2.53606935102097e-05,0.000128617658896971,0,0,0,4.24587352422863e-05,1.30345152903947e-05,4.86873399622054e-05,8.62663906142167e-06,0,0.000103436064061273,0,3.70779962301883e-05,0.000768096220577904,0.000408311743616867,3.72943453419738e-05,0,0,0,0,2.11878771442132e-07,0,5.10996683279673e-05,0,0,0,0,0,0,0,0,0,8.87047311274126e-06,3.01295624385751e-05,0,0.000133463353256669,0,0,0,0,0,0,0,9.41249474871701e-06,3.2874076159719e-06,2.87558990492353e-05,1.7978670282783e-06,1.54908133926426e-05,0,0,0,0.00253767599601642,0.000109235715547862,0.000301370371945019,4.25302481796108e-05,0,8.16765801392443e-05,4.0909714278959e-06,0.000710202497792767,1.19555925280194e-06,0,8.01577880933562e-06,0,0,4.18711565585022e-05,0.000989067637266586,1.3312085029876e-05,1.57277493770676e-05,0,0,0,0,0,0.00028893619451483,0.00022519025951495,0,0,0,2.0678978949497e-07,3.83569319960518e-06,0.010309354029685,0,0,0,0,0,1.66290495655836e-05,0,0,0,0,0.000378025857487455,3.30787876549893e-05,0,0,0,6.84907184326642e-05,5.44375599428422e-05,0,0.000394890131020403,0,2.07906971971621e-05,0,0,1.26682796583509e-06,1.47634245830796e-06
"CbMPDiCbraya","Group","D1_vs_D3","DR",0,0.000102554027284705,2.30818796151036e-05,3.69082830433157e-06,8.93647691921557e-06,0.00125314228921359,0.000138819064041445,0.000206441370464371,0,2.53727942797263e-05,0.000102929246579085,2.27655974334503e-05,4.99419751157039e-06,0.000100233284013844,0.000209798024010787,0.000867785248261385,0.00059743101184366,0.000374217611515237,0.00039065410711709,6.53762550342028e-05,0.000240070301782815,0.000279191125944086,0.000240051550892744,0.000360193365327309,7.81462195181361e-06,0.000143983162355869,0.000273777034912056,0.000282349143455771,0.000223830242945103,0.000193736224173049,0.000289009612981746,0.00010099446706224,0.000244895328438502,0.0035061606511809,0.00190357874707374,0.000470766988414541,4.44906058251385e-06,0,0.000285893148699072,0.000119367907725596,3.33444126285246e-05,0.000252270697403088,3.33687090977008e-05,1.02501568849352e-05,0,0,6.94153429005418e-05,0.000123274572104694,8.86878506639052e-06,0.00107265284673826,0.000525865209739827,0.000165985987972153,2.56672251573334e-05,0,0.000511385049476704,0.00336987549134688,0.00183168819555246,3.08803007547647e-05,0.000515388559652112,2.64262302988589e-05,0,0.000131139128210118,0.000121333416673973,0.000179838573669631,8.31469059625483e-05,0.000147250923248543,5.54818711128372e-05,2.51598781044427e-05,0,0,0,0.000226721206261959,0.0241768834426554,0.00272388794403154,0.00702479402448486,0.000116147775670796,0.00120849798703814,6.34844672805405e-05,0.000320610389018538,3.74256339483465e-05,9.71473358099559e-05,0.000461467664673229,4.27313374003892e-05,0.00127326704170105,0.00498864309402379,6.63228957609999e-05,0.000117368822428425,0.000271397055422713,0.0111472147158215,7.52348817438794e-05,0.000421374337721521,7.51953602833442e-06,1.94485108090565e-05,0.000730968389191246,0.000403013342333432,0.000220788053540267,7.73296838027547e-05,7.22956694897262e-05,0.00012141940104767,0.134862947321991,0.00600723303735061,0.0239012866711259,0,0,0,0.00536464333177786,0.00158426723931451,4.55320536640357e-05,0,0,0.000794747780409322,0.000118144136249919,0.000433580316567691,0.000188130721297381,0.000955290663866116,2.9677038959742e-05,0.00032176632369751,5.58044808742807e-05,0.00241762328619483,0.000188192631696012,0.000132989415825449,0,0.000119141451151454,0.000103092722705042,0.000198466062052362
"CbMPDiCbraya","Group","D1_vs_D5","HeS",0,0.000466040218638235,3.562830488801e-05,0.000161688283560623,0,0,0,0,0,5.6067175547842e-05,0.000119833560830794,7.18630890193356e-05,0.00102920082448046,0,0,0,2.62657038602503e-05,5.14571452786556e-05,0,0,3.95834867577006e-05,0.000281248428044365,5.19323313094239e-05,0,0,0,1.80298852736952e-05,0,0.000182781559931337,0,8.90854567742945e-05,0,0,0,0,0,4.38026447779007e-06,0,0.001574783056824,3.97981154798569e-06,9.50592856997187e-05,0,0,0.000462991081813153,0,0,2.10599101238511e-05,0,0,0.00054460109430676,6.01189561529716e-05,2.17772245054861e-05,0,0,1.2056015420195e-06,0,0.00048399281689198,8.82122876528304e-05,3.16819024708197e-05,0,0,0,0,2.46875415931407e-05,0.000110208475896459,0,0,0,0.0042376196585408,0.00075469367539591,0,0.000328024344853684,0.000726671514931139,0,0,1.70472515543667e-05,0,0,2.70145433588718e-05,9.88779502171016e-05,0,0,0.000386302227638848,0,0,0,0,0.00063293825573237,0,0.000325977507925172,0,0.00544674842646935,0,0,0,0,0,4.20437964933034e-07,5.83311261136059e-06,0,0,0,0.000797804863817556,0.00742213895926688,0.00149432241430852,0,0.0301376738651486,6.78377836023124e-06,0.0081833870422586,0,0,0,0.00259384467349017,0,0,2.07041448699291e-06,4.6516542457499e-06,0,0,0,1.03169788584469e-06,0.000166415755883286,0,5.74117117128757e-05,8.00794745467869e-05
"CbMPDiCbraya","Group","D1_vs_D5","HoS",0,0.00192073484146598,4.187119529764e-05,0.000216916257331322,0,0.000568067128443488,0.000131592184990756,0.000408606576514803,0.00511180056451213,0,8.79852443425596e-05,4.77172483330083e-05,0.00187730457344488,7.75085366739968e-06,0,0,0.000218917193708866,0,0,0,3.96666617101884e-06,0.000390579144261767,2.22248263432887e-05,2.18967760217422e-05,0,0,7.47091918139012e-06,0,0.000423887070384221,0,4.8700011269151e-05,0,9.74475450013849e-05,0.0175076025544275,0.000107382940129571,0.000214754268958747,1.82117935741124e-05,0,0.00163420449343683,1.78102737157855e-05,0.00123264168822916,0,0.00153466706983569,0.000278992452895992,0,0.0450803265059772,1.98773788399011e-05,0.00127829477716567,8.96231189688913e-05,0.000709404251873712,5.65333158686591e-05,0,0.00149583306734747,0.0175198724436501,0,0.00173752507397435,0.000714614130982891,8.27350178990148e-05,1.69018459556623e-05,0,0,0.000312285917330179,6.18072438089744e-06,1.87476565429321e-05,0.000168826527110739,1.06279864641964e-05,0,0,0.00282668350310833,0.000841343097901876,0.000544709793707922,0.000374154660335418,0.0106584665067785,0.000238568947029758,0.139268124295582,2.05843378187303e-05,0,0,4.67752095105595e-05,0.000732746394851583,1.77076281044585e-05,0,0.000949217549340942,0.000870040325498448,0,0,1.70807179565667e-05,0.000533687553629352,0,0.000171957895454325,0,0.00346167326889907,8.9352166595193e-07,3.22321547065637e-05,2.46875415931407e-05,0,0,2.45985296675672e-05,2.47995814704953e-05,0.110851703344741,0.00704853023455531,0.0133411042271928,0.000199668661517996,0.00973733659703724,0.00119800529911759,0.000720285112143215,0.0204404379412178,0.000734930816070245,0.0116814217210658,0,1.49074904874905e-05,0.00772359934540493,0.00176768723549229,0.00243457221520173,0,0.00060738524438069,1.46763917827839e-05,0.00432984871563044,0.00314045520626285,0,0.000131134097224313,0.00346272283020645,1.03847660621578e-05,4.06978321621402e-06,9.0048477862906e-07
"CbMPDiCbraya","Group","D1_vs_D5","DL",0.0034104102957581,0.00178357807396817,0.000279240448097827,0.000334306586336024,0.00253553452952025,0.00334878337655184,0.00032557425366532,0.00424443233219789,0.00642913323347777,0.000681136578275887,6.64943079558445e-05,0.000252051679308485,0.000167458969655727,0,0,0,8.37355181195558e-05,0.000160002196422408,6.04091155272258e-06,0,0,0.00108313086924253,6.2823806346896e-05,0.000282376023285552,0,0,2.71318881080934e-06,0,0,2.33284148201621e-06,3.25503131215944e-05,0,0,0,0,0.0020578397250068,0.000320774686547143,0.00323166308655658,0.000263641429798565,2.05573656906228e-05,0.000868384384029181,5.93102716012951e-05,0.00140061955937362,0.000535313105311124,0.00181112929482239,0,0.000694527146926958,0.010348329373053,0.000978885239155293,1.91238108382509e-05,0,0.00163249613374523,0,0,4.90412731111909e-05,0.00766277035248641,0,0.000478480890809952,0.0014034844343442,0.000356865315300072,0.00216791423442633,0.00233730399385332,0,3.58528521428378e-05,2.85853821138842e-05,8.92756620252423e-05,0,0.000238001171255027,0.000358768458512208,0,0,0.000573330500396321,0.0541469132827159,0,0.0175822668690134,1.89226702690324e-05,0.00064117836179332,0,0,0.000438491643842821,0,2.76163861100237e-06,0.000144934388814968,0.000394982476347157,0,0,0,0.000154152053202559,0.000326489463216173,3.91711700188661e-05,8.28057695868102e-05,0.000103488773212299,0,0,6.77726405753263e-05,0.00184407284170157,0.000203198820155481,2.82570084276445e-05,0.000416033004323426,0,0.000108996789053368,0,0.000859299503642996,0.000704437715095486,0,0,0.010681004482522,4.06063624528306e-06,0.000524671702788402,0.00276489853245272,0,0,0.000230376281885995,0,0.00302735219107335,0.000273240133584587,0.000177895148116214,0.000140986681063017,0,0,0,0.000191114628259263,0.000304134858319219,0.000481916421571939,3.07375764228189e-05
"CbMPDiCbraya","Group","D1_vs_D5","HD",0,0,3.30621716666845e-07,1.93799200772096e-06,0,6.14826179774783e-05,2.24495893787456e-06,0,0.000108195763268275,0,0,0,0,2.29560777208898e-05,3.90272266759148e-05,0,0,1.80675769891339e-05,1.26800451690955e-05,2.50705358862789e-05,0.000130182376004572,0,0,0,3.90923962414795e-05,1.37644658309705e-05,3.903864439686e-05,8.17260542661e-06,0,9.39441016582693e-05,8.55371537407974e-07,3.66247737175929e-05,0.000688160608858614,0.000770502537700721,1.30698596656331e-05,0,0,0,0,2.11878771442132e-07,0,5.9832450385869e-05,0,0,0,0,0,0,0,0,7.7980307840477e-06,2.47203263548962e-05,4.85775488108923e-05,0,0.000106276475345265,0,0,0,0,0,0,0,5.07747109669274e-06,1.41783166293108e-06,2.67859712597165e-05,0,1.05292282404723e-05,0,0,0,0.00507056737249694,1.85453836753746e-05,0.000111765429655567,0.000232562952153083,0.00322990103689443,6.26333112806054e-05,0,0.000633986038167694,0,0,6.8799697852381e-06,0,0,2.3221685115213e-05,0.0024987267353181,1.08163129028273e-05,1.38782404641203e-05,0,0,0,0,0,0.000664431892985627,0.000121361606726547,0,0,0,0,5.42937008944892e-06,0.0723759141628905,6.48258923203242e-05,0.00036348904789284,0,0,0,6.91774547430029e-05,0,0,0,0,0.000452212245372969,0.000175515767453918,0,9.11890974468625e-06,0,2.05724404343531e-05,2.95358721768312e-05,0,0.000392395324734449,0,7.92358222980838e-05,0,0,7.51844400189112e-07,3.08421769181283e-06
"CbMPDiCbraya","Group","D1_vs_D5","DR",4.49113062467779e-05,0.000196209326959381,3.74041257974019e-05,2.06024146029915e-06,0.000123511789992374,0.00379224295217662,0.000119455828373506,0.000374585101664961,0.002266097939531,3.95309581879069e-05,0.000158651826255563,2.54106225831966e-05,1.89168869596053e-05,0.000100557912636812,0.000206649643900223,0.000911875512849424,0.000955653617143563,0.000537611229636148,0.000417196200544373,6.56664126581336e-05,0.000231804966136658,0.000624219120426091,0.000311760408180588,0.000382277546185591,1.11809609526204e-05,0.000143972881419043,0.000266846989194003,0.000282803177090583,0.000274760190031558,0.000218959444046133,0.000116005604908159,0.000100717890415564,0.000203770398006719,0.00394628907882138,0.00144164272968672,0.000542374019209353,5.67022426211284e-06,2.28921117179429e-05,0.000568308978201808,0.000130602185881542,0.000468651955019599,0.000205442472789737,0.000170221126739242,3.38740776110964e-05,0,0,0.000130946999648855,0.0011691039142511,6.55062877451069e-05,0.000459288523605514,0.000428932271720423,0.000466453524678045,0.000220783256408466,0,0.000401780831972569,0.0129143954267833,0.00169603911364753,0.000109387621136143,0.000730990148083588,7.19893131142332e-05,0.000275366206354862,0.000458965008131842,0.000125668440325997,0.000181665316865277,0.000113702215865951,0.000148840212176636,5.97094574394056e-05,3.11459389732405e-05,1.37618818842396e-05,0,0.00195073791320195,0.000480152487893954,0.0207909181615172,0.00375483059434151,0.0153526614164662,0.000135600595466891,0.00220852180918696,7.52688429795089e-05,0.000321061378622344,5.72623736510524e-05,9.87812545275405e-05,0.000445465934674541,7.99392749172376e-05,0.0014642124778633,0.00318858231255283,6.88186678880486e-05,0.000123836372824091,0.000293856404706529,0.0123259308287539,0.000113287124187665,0.000451613414208504,6.89925154748662e-05,0.000171980780099186,0.000778528889477937,0.000455965057848616,0.00095853965361292,8.60623740534437e-05,6.97269132783786e-05,0.000195008634502238,0.063681381501231,0.00699508606058545,0.0212335053867645,0,8.28750253053512e-05,0,0.00495495401221755,0.000426317446630725,4.24611019348909e-05,0,9.8837592393769e-06,0.000737996191334502,0.000314145079616816,0.0009777770345357,0.000268222091720546,0.0015413410288608,2.87629410925192e-06,0.000572078812832312,8.66856393704992e-05,0.00218405354166169,0.000190827692888403,8.9632958559769e-05,0.00039444609250605,0.000149411503907954,0.000117217881551929,0.00017107433635182
"CbMPDiCbraya","Group","D1_vs_D6","HeS",0,0.000466040218638235,4.19156528094235e-05,0.000161688283560623,0,0,0,0,7.22799680807044e-05,7.10184223605998e-05,0.000119833560830794,7.18630890193356e-05,0.0010833692889268,0,0,0,2.5609061263744e-05,5.14571452786556e-05,0,0,4.16668281660006e-05,0.000260154795941038,5.19323313094239e-05,0,0,0,5.52115215385046e-07,0,0.000129022277598591,7.13298654216416e-06,2.95352019094241e-05,0,0,0,0,0,3.27232353273122e-05,0,0.00196847882103,0.000133337552180233,5.86271663001368e-05,4.50565237013803e-06,0,0.000462991081813153,0,0.000394083118637584,3.06107255868333e-05,0,0,0.000543959754349881,5.78066886086265e-05,3.26658367582292e-05,6.32997918540724e-05,0,7.24537067550355e-06,0.000197899353625735,0.000509466123044189,8.82122876528304e-05,3.16819024708197e-05,0,0,0,0,2.46875415931407e-05,0.000110208475896459,0,0,0,0.0042376196585408,0.00079441439515359,0,0.000183618142177472,0,0,4.43795730173649e-05,1.18143056036177e-05,0,0,2.54254525730558e-05,9.88779502171016e-05,8.95857246100853e-07,0,0.000396468075734607,9.0180819222479e-06,0,0,0,0.000703264728591523,0,0.000309678632528913,1.62035133737014e-05,0.00531057971580762,0,0,0,0,2.37143023727242e-07,0,2.55138353172656e-06,0,0,0.000543562004481189,0.000755815134142948,0.00781277785185987,0.00149432241430852,0,0.0309748314725138,0.000105148564583584,0.00795607073552919,0,0,0,0.00238906746242516,9.490185272056e-05,0,1.34576941654539e-05,9.96083343925965e-06,0.000386180164454494,0,0,2.06339577168938e-06,0.00257944421619093,2.15817548011585e-05,8.69673928440942e-05,0.000123211430939409
"CbMPDiCbraya","Group","D1_vs_D6","HoS",0,0.00192073484146598,3.60236654291478e-05,0.000216916257331322,0,0.000135452806369151,9.26379622305024e-05,0.000210518832837521,0.00691804768276978,0,8.79852443425596e-05,4.77172483330083e-05,0.00186955665539193,8.5844175498673e-06,0,0,0.00023543488819858,0,0,0,0,0.000361285708442135,2.22248263432887e-05,3.19327983650407e-05,0,0,3.74143073352967e-06,0,0.000299214402624156,0,1.5755885998843e-05,0,0.000185408137469493,0.0222869898637221,0.000152031897965795,8.92630928675319e-05,1.29399585921325e-05,0,0.00170697933275748,1.03112110986127e-05,0.00107088680347036,6.31926887657413e-07,0.00166452668041312,0.000278992452895992,0,0.0474817206435696,3.4555523131902e-05,0.000320257982282589,8.29013850462244e-05,0.00059117020989476,5.59355759090658e-05,1.81095648713447e-05,0.00195562314014095,0.0344596685048859,6.58545308513756e-06,0.00170756169032768,0.000700938134795313,8.27350178990148e-05,3.54419660830695e-05,0,0,0.000198065782232805,6.18072438089744e-06,1.87476565429321e-05,0.000168826527110739,1.03622868025915e-05,0,0,0.00301295482984339,0.000800700889017769,0.00412248933760201,0.000244191859170285,0.000241068931032083,0.000465512462117187,0.0839568661889825,2.92617908398009e-05,0,0,4.40237265981737e-05,0.000732746394851583,1.59126012583309e-05,0,0.000938217668708998,0.000370737739220454,4.19237186171116e-05,0,1.70807179565667e-05,0.00059298617069928,0,0.000191249064915913,5.71577856657206e-06,0.00337513143717659,9.73504003542054e-07,2.24331389136966e-05,2.40703530533122e-05,0.000261391433748938,0,2.44378218426475e-05,0,0.124259030147277,0.011830357770276,0.0187626062592032,0.000189159784595996,0.0093045352809556,0.00119800529911759,0.000193648155485384,0.0205431058336198,0.000549720371409292,0.0118438788847808,0,0.000386761414247064,0.0123330139062407,0.00138901230098769,0.00190220208176836,0,0.00133834700881995,1.81870488042308e-05,0.00319522963603184,0.00469137006071116,0,0.000208397752593052,0.00146340605854999,2.06580605201953e-05,3.19768681273958e-06,1.80096955725812e-06
"CbMPDiCbraya","Group","D1_vs_D6","DL",0.00338886957596603,0.00170239348282077,0.000267057789774267,0.000330869124647123,0.00238987497222929,0.000409723133244699,0.000291828289651656,0.00364985420630787,0.000449881932942636,0.000630038818064463,5.90974318114477e-05,0.000251324932305589,8.70231133389028e-05,0,0,0,1.2209349648642e-05,7.4194027995443e-05,1.51022788818064e-06,0,0,0.00106968946444613,2.67220519889123e-05,0.000108942070234155,0,0,2.71318881080934e-06,0,3.02298253355062e-05,3.4704833391137e-06,9.00742392666278e-07,0,0,0,0.000193767581122722,0.00174829944469947,0.000321897568667013,0.00310238689277371,0.000118159661509427,0.000123356654276157,0.000646478835961872,0.00020080897684413,0.00137800108496901,0.000510275193874893,0.0017360342057041,0,0.000624200194820713,0.0100379811696625,0.000953551478527003,9.03767082040111e-06,0,0.00113938122764736,0,0,5.22059620847078e-05,0.00293581819941358,7.51930042341898e-06,0.00044955220527157,0.00120212320961313,0.000318594056034606,0.00190239257673386,0.00215245699344006,0,3.31638882321249e-05,2.14390365854131e-05,6.15831880149115e-05,0,0.000240462802366217,0.000140023702135072,0,0.023068996729053,0.000370816056490774,0.00983218112109244,0.00599947444144593,0.00174421530575211,9.28406918856485e-06,0,0,0,0.000422350458464043,0,0,0.000124934552174225,0.00010924999389616,0.0030377435648895,0,0,1.62098641980691e-05,0,2.12656503116574e-05,0.000415379344872134,0.000284001637046218,0.031202271457893,0,2.70323027521372e-05,0.00141148327034481,0.000193348865022949,2.77868226160238e-05,0.000402600429167952,0,0,0,0.000915328921159257,0.000642281446116472,0,0,0.00820022333559128,1.34853093115023e-06,0.000589878564519735,0.00269050556052428,0,0,0.000163985881116242,0,0.00174738626513432,3.89297093758767e-05,0.000129935680998956,3.94329624812477e-05,0.000610510981211735,1.08124810104701e-05,0,0,0.000256707166270332,0.000436590682858457,1.8330369188937e-05
"CbMPDiCbraya","Group","D1_vs_D6","HD",0,0,0,1.93799200772096e-06,0,6.96561304989576e-05,2.6115916668975e-06,0,2.1657675713504e-05,0,0,0,0,2.23984093090144e-05,3.79546291161483e-05,0,0,1.71641981396772e-05,5.62927735563939e-06,2.31082581298236e-05,0.000121942891914786,0,0,0,3.96506033852408e-05,1.14921828012776e-05,4.24708943323228e-05,6.1294540699575e-06,0,9.37885248383925e-05,5.85571497876501e-06,3.60782783269856e-05,0.000722705874466778,0.0030537687192825,2.72945744626503e-05,0,0,0,0,0,0,5.31854262879174e-05,0,0,0,0,0,0,0,0,5.24495721463617e-06,2.30125136763016e-05,5.16399764596144e-05,0,8.35975034942082e-05,0,0,0,0,0,0,0,4.59297068423867e-06,6.91563408959201e-07,2.5472686066704e-05,0,9.49003926302427e-06,0,0,0,0.00369886579348864,2.87895220163105e-05,0.000262362501695321,0.000258606675061526,0.000315913158187023,6.45316922473541e-05,6.73263113996055e-05,0.000447877947130353,0,0,5.77766202569305e-06,0,0,0.000111511227335784,0.00181041409310174,1.09915278076037e-05,1.21819262999419e-05,0,0,0,0,0,0.000419770789669411,0.000216972593470401,0,0,0,0,4.7714100820151e-06,0.0673117625671101,7.85546424628301e-05,0.000338576019142614,0,0,0,4.59104544816795e-05,0,0,0,0,0.000365948983619557,0.00021626497980356,0,4.81647551613464e-06,0,5.10740252802682e-05,1.59109046955732e-05,0,0.000172905393918583,0,5.51792586323405e-05,0,0,2.27211370741383e-06,5.1237070841891e-06
"CbMPDiCbraya","Group","D1_vs_D6","DR",6.48879610061169e-05,0.000277393918106775,4.69537080356925e-05,5.49770314920051e-06,0.00025462628634931,0.00336318053544137,0.000137319078591504,0.00120203360858438,0.00250747607230663,6.81008270577447e-05,0.00016604870239996,2.6137369586092e-05,5.22138680033417e-05,0.000101049697269769,0.00020772224145999,0.000911875512849424,0.00101167774342889,0.00062432277691257,0.000428777652022371,6.76286904145889e-05,0.000241135381962221,0.000690251022287081,0.000347862162538572,0.000461326259252338,1.06227538088592e-05,0.000146296075407477,0.000284001297460675,0.000285235639522357,0.000515173206684056,0.000206401799709103,0.000232742407107262,0.000101628329205694,0.000839425101079612,0.00462069859583999,0.00160690448364877,0.00092456451625406,1.00662175999975e-05,0.000151443394664847,0.000254273010081989,9.6483699453439e-05,0.000977591028684339,0.0002445242566055,0.000300823212953993,5.8911989047327e-05,6.74252198389631e-05,0,0.000229404278381741,0.00241577957807703,9.87232169969175e-05,0.000602190540502279,0.000441422316409198,0.00104689625936329,0.000104899623920409,0,0.000619315370671454,0.0179682773868046,0.00167595654842018,0.000138316306674525,0.00107620605772703,0.000110260572379699,0.000541277466341312,0.00073860622897698,0.000126152940738451,0.000185080549029962,0.000122161846587435,0.000177157395556194,6.47913975980472e-05,2.86843078620514e-05,4.62456890898737e-05,0,0.0295919963976372,0.000282794005392182,0.00442397376444506,0.000700366715371848,0.004615507700455,0.000134379632836564,0.00131898330573224,0.000417832719247428,0.000326610127258254,7.34035590298303e-05,0.000102237406410001,0.000448980827760187,9.98001061352832e-05,0.000816242822409537,0.00328484101554301,6.86434529832722e-05,0.00012772844456473,0.000299944840338961,0.0116424771140887,0.000128953458678659,0.000480771296760858,0.000111592459584789,0.00640940796098647,0.00232785143897899,0.000497677174022141,0.000909532822115151,0.000100839916886853,7.08940923716561e-05,0.000258350767037939,0.0837283027412656,0.00431959495754111,0.0203842150045427,2.29582808263678e-05,0.00018646880693704,0,0.00468506994476823,0.00196660045653443,6.17032606488184e-05,0,8.46966310636795e-05,0.000568444907431927,0.000548252388623864,0.00162924620918035,0.000488259062861511,0.00231791478473535,4.51843577288697e-05,0.000662164533630695,0.0004938673197923,0.00122525357800414,0.000195478781807748,0.000152687981999474,0.000109190165937737,0.000160875094257028,0.00014593795881059,0.000155306309393486
"CbMPDiCbraya","Group","D1_vs_D7","HeS",0,0.000466040218638235,4.08677614891879e-05,0.000161688283560623,0,0,0,0,0.000722799680807044,7.47562340637893e-05,0.000119833560830794,7.18630890193356e-05,0.0010833692889268,0,0,0,2.62657038602503e-05,5.01707166466892e-05,0,0,3.33334625328005e-05,0.000253123585239929,5.19323313094239e-05,0,0,5.64324710842833e-07,4.9396977893264e-07,0,0.000145150062298414,1.13228084457671e-06,9.17056172676561e-05,6.89030555910669e-07,0,0,0,0,0,0,0.0026771311966008,0,0.000348550714232302,0,0,0.000462991081813153,0,0.00827574549138927,0.000140267139367395,0,0,0.000677685752296241,5.08698859755914e-05,2.17772245054861e-05,0.000142424531671663,0,5.10417816017476e-05,0,0.00048399281689198,8.82122876528304e-05,0.000142568561118689,0,0,1.10923962287789e-05,0,2.46875415931407e-05,0.000110208475896459,0,0,0,0.00446065227214821,0.00079441439515359,1.23155873444257e-05,1.28845562516403e-05,1.76948557515359e-07,1.43067768003276e-05,6.41038276917493e-05,1.62950378230299e-05,0,1.24110027188683e-05,6.45801054258722e-05,9.88779502171016e-05,9.00684739151355e-07,0,0.000406633923830366,9.91989011447269e-05,0,0,0,0.000685683110376735,0,0.000317828070227043,0,0.00544674842646935,0,0,0,0,0,0,0,0,0.000333431073901754,0.00271781002240595,0.000818799728654861,0.00781277785185987,0.00149432241430852,0,0.0318119890798791,0.000135675567204625,0.00863801965571741,6.9768752514734e-05,0,0.000200931193992795,0.00273036281420018,0.000231323266006365,0,3.20914245483902e-05,4.34358661555325e-05,0.00176539503750626,9.8682359535744e-05,0,1.44437704018257e-05,0.00316189936178243,0,1.13834118865958e-05,8.66756580567053e-05
"CbMPDiCbraya","Group","D1_vs_D7","HoS",0,0.00192073484146598,3.61974656818269e-05,0.000216916257331322,0,3.12291530713435e-06,2.10436319104766e-05,7.27438499767856e-05,0.00719412352034356,0,8.79852443425596e-05,4.77172483330083e-05,0.00186955665539193,6.39739091016537e-06,0,0,0.000218917193708866,0,0,0,1.06674110182669e-06,0.000351521229835591,2.22248263432887e-05,3.28451640326133e-05,5.1410860905079e-08,0,1.60681869892519e-05,4.835396976272e-07,0.000336616202952176,0,5.58590316943421e-05,0,0.000620644888502405,0.0609338398101249,3.81364298949064e-05,3.25299772294729e-05,1.91703090253815e-05,0,0.00125681837303224,1.49981252343457e-05,0.00132558177989555,0,0.000416172006637194,0.000278992452895992,0,0.0323450550767804,0.000134172307169332,0,8.7382540994669e-05,0.000898578719040036,4.78358826580961e-05,0.000113212929532139,0.00447284862912857,0.0421897537297153,1.31030356517636e-06,0.00497371932667841,0.000665891228055548,8.27350178990148e-05,0.000220199644216484,0,0,0.000209039075011485,6.18072438089744e-06,1.87476565429321e-05,0.000168826527110739,1.00965871409866e-05,3.71845586739201e-07,0,0.0029754563190614,0.000800700889017769,0.00292969655433536,3.8585749228179e-05,0.000360211467315151,0.000201889113286258,0.0379106283625926,3.10717652373027e-05,0,9.37018905329639e-06,3.85207607734019e-05,0.000732746394851583,1.54148848326187e-05,0,0.00092775140604113,0.000178660394149984,8.43061281976145e-05,0,1.75830920141128e-05,0.000578161516431798,0,0.000167658948067967,5.31386810570681e-07,0.00346167326889907,0.000177334721065527,4.53392581865078e-05,2.34531645134837e-05,1.12343264355939e-05,0,2.48302677013768e-05,1.2361132522251e-06,0.0760837837933999,0.0339994909327128,0.0124404957452454,0.000204923099978996,0.0093045352809556,0.00119800529911759,0,0.0210478356754299,0.000443260032830604,0.0112141614732175,0,5.22320384042082e-05,0.0116522767748934,0.00158744262970022,0.000714618956736836,0,0.000328485015985395,2.54417059531557e-05,0.00142580690857362,0.00421082066030434,0,0.000115033819804722,0.000835206022847865,2.04328771924069e-06,9.30236163706061e-06,3.15169672520171e-06
"CbMPDiCbraya","Group","D1_vs_D7","DL",0.0025471089317999,0.00134438301441732,0.000208409126565276,0.000308833590689495,0.00183605518516,0.00197065888303731,0.000249822056505182,0.00143137600675391,0,0.000284229080784504,1.26502549970492e-05,0.000245788103609382,1.39236981342244e-05,0,0,2.78586351109888e-06,0,1.73146806062239e-05,0,0,0,0.000448091372171359,2.22325330750757e-06,3.00861987399371e-05,0,0,1.35659440540467e-06,0,1.59626225599023e-05,0,0,2.22317128759251e-05,0.0059841064832031,0,0,0.000428990505656042,0.000290829622145218,0.00219432891748691,0,1.38938403063902e-05,4.20009759785726e-05,9.99583498781394e-06,0.000937519752741521,0.000394504505401814,0.00123254037204659,0,6.95499957819062e-05,0.00428018147458379,0.000773342971439515,0,8.60709768069449e-05,0.000290117667104638,0,0,9.44420691646122e-05,6.12383379407725e-05,7.51930042341898e-06,0.000237650725044853,0.000206399513987808,0.00016335736561768,0.000770346160423414,0.00110397563595216,0,1.16521769464223e-05,1.42926910569421e-06,4.42060081880137e-05,0,0.000225506413928081,0,0,0.017137854906423,0,0.0120357072701725,0,0.000701858130165193,9.22006650624832e-05,0,0.00715384454202702,0.000419732253946226,0.000258133392047503,0,0,3.96213302596786e-05,0,0,0,0,6.91791199430544e-06,0,5.5033339387655e-06,1.79264260714189e-06,1.72481288687165e-05,0.0451417942892233,0.030052061285398,1.02775929455028e-05,0.000451134568392719,0.000164853868471803,2.39360502357345e-05,8.0538685298412e-05,0.00854255566830234,0,0,0.00068856383652632,0.000227906319589716,0,0,0.00494058940681515,1.34853093115023e-06,0.000510062890613338,0.00214006140030157,0,0,4.44590164512782e-05,0,0.000117705839729366,0.000535824772076339,0.000100246486895924,0,0,1.07068195927788e-05,0,0,0.00013266071624831,0.00035723454401676,0
"CbMPDiCbraya","Group","D1_vs_D7","HD",0,0,0,1.93799200772096e-06,0,7.34994246907766e-05,1.00646579904432e-05,0,0,0,0,0,0,2.03142513144239e-05,3.42754962168406e-05,0,0,1.8093719085019e-05,2.47376360186613e-06,2.19135254882334e-05,0.000112420547773342,0,0,0,3.64928946258318e-05,9.59565807454969e-06,2.82152775956988e-05,2.49718499146417e-06,0,7.91403172289588e-05,1.57411719130325e-06,3.20597704457316e-05,0.000789963654270271,0.00365144168697845,6.42830212330463e-06,0,0,0,0,0,0,7.10511164515184e-05,1.30814460521165e-06,0,0,0,0,0,0,0,2.54254525730558e-06,1.57351878511344e-05,0.000105199752392611,0,5.53154337984595e-05,0,0,0,0,0,0,0,2.85433254527933e-06,2.38391903575243e-07,2.35027582771852e-05,0,6.53900413614435e-06,0,0,0,0.00197003542941866,2.09358421000546e-05,0.000135707205689397,9.29169288772766e-05,9.39481071023557e-05,4.23833839986402e-05,0.000143804943865453,0.000289544310796752,0,0,1.84506117544639e-06,0,0,6.43132928489111e-05,0.00142786793266074,8.73287067856943e-06,1.29253565976798e-05,0,0,0,0,0,0.000183470262979546,0.000111064146847989,0,0,0,0,5.70582337155181e-06,0.0876028834766585,4.44949446744014e-05,0.00160379495798332,0,0,0,0,0,0,0,0,0.000326317966599757,0,0,4.9429895308119e-06,0,8.40982091600016e-05,3.56963169592403e-05,0,0.000182395630018604,0,3.1522655282884e-05,0,0,0,5.23723985039817e-06
"CbMPDiCbraya","Group","D1_vs_D7","DR",0.000905912528757722,0.00063540438651023,0.00010684747026665,2.75332371068278e-05,0.000854450793775566,0.00547505431276444,0.000190175802703267,0.00341578192732771,0,0.000409389354654234,0.000212495879214358,3.1674198282299e-05,0.00012531328320802,0.000107803418409254,0.000211401374359297,0.000909488844560757,0.00103938913526312,0.000681925021330804,0.000433443393664325,6.88234230561791e-05,0.000262866416036762,0.00132809256875577,0.000372360961219977,0.000532536840811211,1.40726376450778e-05,0.000150685141585364,0.000291868951719781,0.000293689759900541,0.000405762325858881,0.000234958617380182,0.000107328430260388,0.000102955049467235,0.000936304135423731,0.00492390629819874,0.00138644065495004,0.00218792510638183,3.74462009104125e-05,0.00106026864122808,9.44520574853028e-05,0.000145125185896233,0.000971528010151178,0.000230617268419594,0.0015532446415312,0.000174682677520406,0.000570539966943433,0.00173302445444775,0.000407574677243102,0.00848856326489062,0.000273665039368407,0.000151411407087682,0.000543132370291893,0.00200465370078121,0.000269498950851311,0,0.000601225435362964,0.0184582897915473,0.00173739317335477,0.000350217786901241,0.00152814347598269,0.000265497262796625,0.00167753790801637,0.00176399259083946,0.00012789157887741,0.000207045431821049,0.000144141541856672,0.000208613300829323,6.42378683522181e-05,4.36406963001875e-05,0,0,0.0299285340841863,0.000112915509306421,0.00491330881616038,0.000612080358783556,0.00211892874421545,0.000159637770470425,0.000233431822740147,0.00210208625520095,0.000303642277032918,0.000237620625446371,0.000108687913884167,0.000448577370403215,0.000185063258954478,0.000626312640236419,0.00912258111020067,7.40609802195677e-05,0.000125419435245126,0.000342017327727471,0.0118119268458634,0.000168528970106563,0.000459813879372043,0.000155233159818449,0.00720331939310632,0.00347503663268125,0.000515421212939438,0.00211796143515722,0.000136042553646508,7.47803402784384e-05,0.000540986641870081,0.0522186856620166,0.00155709437449431,0.0149182867816269,0.000143942130682769,0.000600843933463797,0,0.00448423910547276,0.00388355225177598,7.77866024152316e-05,2.687331386363e-05,0.000565351334098222,0.000814175527283688,0,0.00120670402193321,0.000733331296255251,0.00388462767403416,5.21567243246887e-05,0.000398371898271792,0.000418995275871849,0.00175285978870306,0.00019141924782353,0.000128986131895829,0.000102785813303587,0.00032313076170575,0.000266458744857808,0.000177137732570626
"CbMPDiCbraya","Group","D3_vs_D5","HeS",0,0,0,0,0,0,9.14625579846549e-06,0,0,0,0,0,0,0,0,0,0,0,0,0,0,0,0,3.0067122926471e-05,0,0,0,0,1.79544836281543e-07,0,4.18549456807612e-05,0,0,0,0,0,2.67858024492712e-07,0,9.01738368375476e-06,0,5.32084322696473e-06,5.94968715045401e-06,2.91366801666618e-07,0,0,0,1.03360213234542e-06,3.55230488498011e-06,0,9.77297735564951e-06,5.29069062298126e-05,5.45009015065909e-06,0,0,0,0,0,0,9.61538461538462e-06,0,0,0,0,0,0,5.8637864133897e-05,0,0,0,0,0,0,0,0,0,0,0,0,4.07896483027444e-07,0,0,0,0,0,0,0,0,0,9.44683901255596e-05,0,0,0,1.15650949630779e-05,0,0,0,0,0,0,0,0,0,0,6.16065252478672e-06,0,0,0.00022946719714557,1.76968960055718e-06,0.00033892064611952,0,0,0,0,0,0,2.75714402484044e-05,2.63186624660782e-05,0,0,0,0,3.50252961710195e-05,0,1.06803984746009e-05,6.62840388034561e-07
"CbMPDiCbraya","Group","D3_vs_D5","HoS",2.15417271830707e-05,0,2.38598697401528e-06,0,8.42906855397075e-07,0.00874392857009347,2.60838180893651e-05,3.66546295210904e-05,0.00222131594483366,1.12178048999372e-06,0,0,8.65816076819362e-06,0,0,0,0,0,0,0,0,0,0,0.000281827095230564,0,0,1.07365143665748e-07,0,2.70712056115041e-07,1.43609783406105e-06,9.84538125895341e-05,0,0.000655306672769803,0.00984335981451386,0.00166215461882538,4.44658988765051e-05,1.47829950907675e-06,2.78331184811907e-06,2.33580495539562e-05,0,9.51912362867899e-05,0.000235092161474588,0.000255770704135414,0,2.7996381130468e-05,0.00565028838098528,0.000145527725256516,6.40600226335629e-05,0,5.87476466936221e-06,0.000105910686210195,0.000187947781437808,0.00169227570654828,0.0296715996665687,5.52708837297452e-06,0,2.61010071718377e-07,0,2.72645206427169e-05,0,1.3978584808074e-06,3.75875925305244e-06,0,0,0,9.47945864254227e-06,0,0,0,2.59786516729379e-06,0.00717678675908417,0.00200324065451315,0.0114859683146595,0.00641192395979734,0.275472851383167,4.53375262599668e-07,0.00287522405003746,0.000388040789646414,6.94612001767127e-08,0,0,8.74184238620216e-06,2.0219885229862e-06,0.000750968309288578,0,0,1.86896334583407e-07,9.57875235305181e-07,0.00251476820501182,0,0,2.18780082261311e-06,0.000374098403498014,2.06326903043728e-05,0,0.000137219886364536,0,0,3.67995892290614e-05,0.280719044229851,0.00056759219641213,0.00981120668440898,4.49470373888318e-07,3.21390155357562e-05,0,0.00208817000334182,0.000313827358184985,0.000121472311468706,0.000149164994123285,0,8.17174956015164e-06,0.0041165897496107,3.97867330743686e-06,0.00390471137690034,1.88942145643955e-05,0.000194375534341991,0.000209121934096062,0.00176336398672379,0,0,4.64976521993322e-05,0.00103963297407332,9.89809323847453e-06,2.86897084481237e-06,2.08478999954104e-06
"CbMPDiCbraya","Group","D3_vs_D5","DL",0,0,0,0,1.8256206319012e-06,0,5.53340742405085e-05,0,0.00518852704563759,0,0,0,0,0,0,0,0,0,0,0,0,0,0,0,0,0,0,0,0,0,0,0,0,0,0.00017585927418378,0.000328754564900766,0,0,0,1.00823031377287e-05,0,0,3.76800733960054e-06,0,0,0,3.61744444663463e-06,0,0,0,0,0,0,0,7.82386229920616e-06,0,0,0,6.24129463743349e-05,0,0,0,0,0,0,0,0,0,0,2.35353066939877e-05,0,6.30385925013549e-05,0.0600821629515998,0,0,0,5.08480450575423e-05,0,0,0,0,0,0,7.39785303336747e-05,0,0,0,0,0,0,3.89040069720792e-06,0,0,0,0,7.71786539257537e-05,0,0,2.74383203712072e-06,0,0,0,0,0,0,0,0,0,0,0,0,0,0,3.03987324238461e-05,0.00050983513757333,0.000398668436670446,1.61993724722978e-05,2.23054832473559e-05,0.000443558978340437,0,0,0,0,0,5.9205255116114e-05
"CbMPDiCbraya","Group","D3_vs_D5","HD",8.58279411620456e-06,1.45288578565088e-07,0,0,0,0,2.30393575521305e-07,1.25155935227552e-05,2.26599410648577e-05,1.10093030120359e-06,2.99141463998325e-07,0,2.01785079520405e-05,0,8.93544477723719e-07,1.41026108823834e-06,3.60272077472908e-08,1.23505252045034e-06,7.16250286500115e-08,0,2.23539701312056e-06,7.07194410036392e-06,0,2.21017268815937e-07,0,0,1.41073862464327e-06,0,3.57682702065502e-06,7.51069736332847e-06,0,1.82449789817842e-07,8.7218623091738e-05,3.06588934515683e-05,0,0,0,2.25218162429756e-06,5.215365665254e-06,0,2.54879922496021e-06,7.29799159271368e-08,5.80976283624319e-06,0,0,0,1.22727170636708e-06,0,0,1.68776434267095e-05,0,2.16075410393974e-05,0,0,1.04244598751922e-05,0,7.81045368760366e-06,0,5.74809046742318e-05,0,1.06644454404277e-05,1.45682291452785e-05,0,2.1823895710877e-07,0,0,0,0,4.34946501580306e-07,8.29775183960228e-07,5.61887789357411e-06,0,0,0,0,8.34610970327937e-06,0,8.1696186217762e-05,2.49141892842352e-06,0,3.58371559633028e-08,4.80366520283792e-07,8.03475539804974e-06,0,0.00072163270196472,0,0,8.48540620882384e-06,7.29618606712452e-06,2.71963852965643e-06,0,7.28253137651672e-06,1.61740398374423e-06,1.68173818840322e-05,3.66340060317054e-06,9.91363175215226e-06,0,0,3.266621521125e-07,0,0.000515181061387072,4.46597666461949e-05,5.80660120316472e-07,3.61176016851358e-07,4.00974891067806e-07,0,0,1.3618874991942e-06,1.5077003770828e-05,2.15415443214189e-06,1.33402915010581e-05,1.69378594809331e-05,3.92968237982772e-06,0,0,7.3219700868343e-07,9.6872902915323e-06,1.09331658380223e-07,0,0,0,0,3.39638223518901e-07,9.12342114706648e-06,0
"CbMPDiCbraya","Group","D3_vs_D5","DR",1.6094175643956e-05,6.44459298759466e-06,1.32551774047155e-05,4.36863760000733e-06,6.27737074592867e-05,0,8.6153787406347e-05,0.000844636615223898,0.00139258099873152,2.22078502829116e-05,4.48712195997487e-07,1.47177790856244e-06,5.12053843271917e-05,1.45878105224519e-06,1.31114109557347e-06,3.61229915616692e-08,6.84516947198524e-07,9.28391313328375e-07,6.44625257850103e-07,0,0,6.01308978547567e-06,0,4.22114802642708e-05,0,2.14730287331497e-06,1.36735901996992e-06,0,4.25412968631344e-06,1.30878303146865e-05,6.43651929906365e-05,5.47349369453526e-07,0.000672909118777212,0.00241456866605139,0.00033310444651657,0.000780843934595877,7.86775118558394e-06,8.64001109505101e-05,4.32653619419969e-05,6.91993220568018e-06,7.64178626185635e-05,4.78797541252401e-05,0.000167809266506126,2.89347548629506e-06,5.05816477843694e-05,0,5.6858846408089e-05,0.000335609805167894,2.91689382623376e-06,1.79594527395068e-05,9.60130094999256e-05,0.000237248083835517,0,0,0.000458743657227879,0.00275967858177268,0,2.18567935380048e-06,0.000199226361414001,4.34030960324464e-06,1.7077721075223e-06,0.000109766691069891,0,5.09224233253797e-07,0,3.42488268149724e-05,7.33998825601879e-07,0,2.8996433438687e-07,0.000149693945621126,0.0024155493591186,0.000225875813510429,0.0409576645980741,0.000939694923083175,0.0685102979033038,3.30610756963561e-05,0.000714559254054195,0.000145180810814964,6.42415075262165e-06,4.36025960199752e-06,6.80905963302752e-07,9.69758016249834e-06,1.47543280863399e-06,0.00208011409108887,0.00888635907641793,0,5.70342346257185e-06,2.14767085839486e-05,0.000450197413654942,1.63943971004684e-06,8.69943134195157e-05,0,0.000321103129425013,4.28556311858612e-05,5.00190539566346e-06,0.000378977701478367,2.30900057894559e-06,1.39486338445038e-05,0.000168218778771995,0.0893634056633622,0.000408201998494087,0.0123888183528854,8.61438287757715e-06,2.08655134317703e-05,1.05724127237011e-06,0.000665459894210413,0.000917727422576208,0.00016278919711388,7.2643966325895e-05,3.68209601099859e-06,2.94724587579308e-05,0.000456564067916364,2.48069996043673e-05,0.000114857129437191,0.00122166417220423,5.79142942839857e-05,0.000207481546204494,0.000141468679110428,0.0077041044073299,2.19204880488986e-06,7.3106370535577e-05,0.000122598423286288,4.06213413872621e-05,4.04659785576111e-05,0.000258789853721985
"CbMPDiCbraya","Group","D3_vs_D6","HeS",0,0,0,0,0,4.17554789895819e-05,6.09579146161408e-07,0,2.43791903447806e-05,0,0,0,0,0,0,0,0,0,0,0,0,0,0,4.51496606610864e-05,0,0,0,0,6.06853471005863e-07,9.12490200364428e-08,1.35413059555404e-05,0,0,0,4.43763948194343e-05,8.90445519574961e-06,3.72511806265177e-06,0,1.20214896814689e-05,1.83342992732513e-05,5.24698982771735e-06,1.50781160362264e-05,1.45683400833309e-07,0,0,2.21967012279543e-05,1.55040319851813e-06,1.10121451434383e-05,0,8.44741703880802e-06,5.08720252209736e-05,8.17513522598864e-06,9.26500101157657e-05,0,0,0,0,0,9.61538461538462e-06,0,0,0,0,0,0,5.72082861216654e-05,0,0,0,0,0,4.73143018041688e-05,0,0.000387551895575298,0.0195203718286669,0,0.000173087057184203,0,2.61312087029559e-07,0,0,0,0,0,0,0,0,0,0.000377873560502238,0,0,0,0.00926268033008593,0,0,0,0,0,0,0,0,0.000244236740334095,0,6.48489739451234e-06,0,0.000425449755181742,0.000235841285955169,2.74301888086363e-05,0.000329506183727311,0,8.50809120783756e-06,0,0,0.000385492210402054,0,6.36751205854516e-05,2.57929890358257e-05,0.000112408517547789,0,0,2.00424991818526e-05,0.000542892090650802,4.48241681375502e-07,1.35870220554404e-05,0
"CbMPDiCbraya","Group","D3_vs_D6","HoS",2.18680114841907e-05,0,1.48407586595827e-06,0,2.08976433383283e-06,0.0048087433840105,1.40959606176093e-05,3.12703243180138e-05,0.00337927537656406,1.42092195399204e-06,0,0,8.80798590722255e-06,0,0,0,0,0,0,0,0,1.64802732393877e-07,0,0.000153972514185957,0,7.31068708763408e-08,7.62420771377912e-08,0,1.35707841521253e-05,2.1737289852452e-06,1.56120087423179e-05,0,0.000915363636075225,0.014197830348852,0.002028872667926,3.03975145912064e-05,2.71769699355228e-06,2.92980194538849e-06,3.06053407743371e-05,1.27742614856603e-05,6.55954983275731e-05,0.00037730590224889,0.000379140624694683,0,2.89995325806825e-05,0.00842356893598736,0.00020136014902329,3.05964177896744e-05,3.3894143047472e-07,1.68540648593254e-05,0.000104827457517667,0.000207806621686998,0.00196854686080797,0.0466113957278045,1.91385023682571e-05,3.15225303100001e-06,0,0,3.23605047007119e-05,0,1.36291201878722e-06,2.61602828934135e-07,0,0,0,9.24247217647871e-06,0,0,0,0,0.0407749092974371,0.0013344100543124,0,0.00364320317604592,0.215209729282199,6.84629149544598e-06,0.00135325593740289,0.000298099651052776,1.83583180588713e-07,0,0,8.30475026689205e-06,1.68793752676669e-06,0.000305971096949558,0,0,4.03372375347932e-07,0,0.000586436199783619,2.95458139523779e-07,8.27075462766504e-06,2.17128057581021e-06,0.0244609023069136,0.00066227044752182,0,7.30756100560207e-05,0,4.11225985598348e-07,4.99448779206512e-05,0.292436529879652,0.00156218894017331,0.0155764474581811,3.28599189409647e-06,3.06935720656529e-05,0,0.000568405894761207,0.000319993620176091,5.3233746802791e-05,0.000145021522064305,7.80046191351283e-08,5.22402168067249e-05,0.00853509251179493,2.20483100399126e-06,0.00291316144769129,1.18928101702703e-05,0.000878692004111368,0.000170205288218915,0.001172490324671,0,6.06449779116656e-07,9.96132219601521e-05,0.000537848689427327,1.09434720773647e-05,2.70857600543382e-06,3.46400636433696e-06
"CbMPDiCbraya","Group","D3_vs_D6","DL",0,0,0,0,0,0,1.37935888922354e-05,0,0,0,0,0,0,0,0,0,0,0,0,0,0,0,0,1.06586109535876e-05,0,0,0,0,0,0,1.46422312866817e-05,0,0,0,0.000125574169934517,0.000279803118518473,1.53858843664629e-05,0,0,0.000159424100623753,0,4.50973358250969e-06,2.80515491637752e-05,0,0,0,1.38302133837243e-05,0,0,0,0,0,0,0,2.42570586548615e-05,0,0,0,0.000264372509397584,0,0,0,0,0,0,1.48389708872855e-06,0,0,0,1.76169241782497e-05,0.00879584549943883,5.51596280142752e-05,0.0117890106937476,0.00527850771950587,0,0,0,0,0,0,0,0,0,7.40412340949458e-05,0.00334618591264857,0,0,0,0,0,0.000150815161382469,0,0.00311803366193733,0,0,0,0,0,1.78687031862513e-05,0,0,0,2.37715272794398e-05,0,0,0,0,0,0,0,0,5.41073775531882e-05,0,2.1016081871345e-05,3.37749971101607e-06,0.000145259985660477,2.21435545030351e-05,0,0.00187835850467586,0,0,0,0,0,7.15686786171945e-05
"CbMPDiCbraya","Group","D3_vs_D6","HD",5.64096930746219e-06,1.8349970640047e-08,0,0,0,0,1.12257276945038e-07,1.47597816318673e-06,4.63923951177203e-06,5.4522101828646e-07,3.1783780549822e-07,0,1.52499875995759e-05,3.55789835997569e-08,4.06736491219938e-07,1.41026108823834e-06,1.80136038736454e-08,1.01459551327867e-06,1.79062571625029e-08,0,1.4430039861792e-06,5.91581441079007e-06,0,2.21017268815937e-07,0,3.84198814081628e-08,6.66513167311146e-07,3.89311075121465e-08,4.35538913960072e-06,6.8573355062782e-06,5.40189209433126e-08,7.2932106921478e-08,7.17895950701344e-05,4.59221557198082e-06,0,0,0,6.8991555696198e-07,3.0364576942836e-06,0,1.62670342347807e-06,5.74849527568097e-08,3.34218502539008e-06,0,0,0,7.12226959153308e-07,0,0,1.31284315414553e-05,0,1.9208811029639e-05,0,0,1.97770097312328e-07,4.88388555941886e-06,7.30550892001937e-06,0,6.06873677177029e-05,0,9.88998412186026e-06,1.16958384748322e-05,0,5.45597392771926e-08,0,0,0,0,2.94212135317131e-07,5.95550441695649e-07,0,8.062435500516e-07,0,0,0,5.18628530084363e-06,0,3.64337236160808e-05,1.85715753726176e-06,0,1.79504853811247e-08,2.02716792663155e-07,6.74216256055487e-06,0,3.42605514936335e-05,0,1.79835414628532e-08,6.53819244482582e-06,1.20360555516771e-05,2.09318240589618e-06,0,7.70131718295147e-06,8.915645776302e-07,4.72198927353733e-06,2.9197978124644e-06,5.56687865771229e-07,0,0,1.61782131217863e-07,0,0.000233512950843531,0,2.76342520502217e-07,0,1.09366212257844e-07,0,0,0,1.24644762237323e-05,1.10861733861109e-06,9.56497509954172e-06,1.18289019284126e-05,1.34743683274926e-06,0,0,9.1127291064965e-07,2.58682801183698e-06,8.92802358204367e-07,0,1.79108754835936e-08,1.30569745657422e-07,0,2.00607551219045e-07,3.62536431138861e-06,0
"CbMPDiCbraya","Group","D3_vs_D6","DR",1.71456511188505e-05,6.57153159551971e-06,1.16332087637577e-05,4.36863760000733e-06,4.88074096787264e-05,0.000100866237498133,9.3866639350359e-05,0.00089584317313866,0.00147090595487109,1.48877735730021e-05,4.30015854497592e-07,1.47177790856244e-06,5.5265750660933e-05,2.19088217219435e-06,1.79794908207725e-06,3.61229915616692e-08,1.06154025869466e-06,1.14884832050004e-06,6.98344029337612e-07,0,0,9.20784588428336e-06,0,5.9975694979322e-05,0,2.08668707977204e-06,1.5220072397944e-06,3.50379967609319e-07,8.19590787318262e-05,8.46971924287143e-06,0.000158417581131802,1.0208104518724e-06,0.00118644174464256,0.00582322781748781,0.000390198114563786,0.000782118350713877,1.63752206217828e-05,8.70909760846091e-05,4.21457398125686e-05,1.67971753618086e-05,0.000195856071217557,7.11143900642688e-05,0.000260612287721941,2.89347548629506e-06,4.19086270548306e-05,0,4.31711837668901e-05,0.000339904235305618,3.7393870966132e-06,2.59954196947235e-05,0.000106158082816717,0.00033168112155363,4.13474954327607e-05,0,0.000649571214694788,0.00324650822010973,0,2.18567935380048e-06,0.000151359156329073,4.34030960324464e-06,2.90678218208827e-06,9.67103234989511e-05,0,6.72903451085375e-07,0,3.47905039121616e-05,4.77675000679543e-06,0,4.4107626421098e-07,0.000157522928919994,0.0129435333775944,0.000190467040936306,0.0290616365932524,0.00124035389222557,0.0244969764840423,2.43113081922213e-05,0.000650897800713665,0.000436840197240861,8.29904949707751e-06,4.36025960199752e-06,2.15346715677316e-06,1.11655764840731e-05,2.12903868346609e-06,0.00118935149962668,0.00871515865852088,0,7.66472145680483e-06,2.21531341402743e-05,0.0010804412011405,2.7235465433979e-06,0.000315449547884541,0,0.001060993686157,0.00104844778703095,6.10009799687681e-06,0.000309452606493425,7.47373130354993e-06,1.36532553507096e-05,0.000161283785774834,0.106036016460351,0.00170634175904194,0.011514861230945,8.7997434237644e-06,2.16229772130322e-05,1.34884995118007e-06,0.000939986223240815,0.000904514434515842,0.000136413545033105,8.91621470410494e-05,5.06952838125909e-06,9.67105948086218e-05,0.000873333967923937,3.07897157601756e-05,0.000508563754996298,0.00123173104439619,0.00017157178766011,0.000285401268175674,0.000198644882858892,0.00725244082218112,1.70312580801041e-05,0.000117111544875792,5.38570472761086e-05,3.51576990986796e-05,5.68159992319753e-05,0.000263606750615554
"CbMPDiCbraya","Group","D3_vs_D7","HeS",0,0,0,0,0,0.000960376016760384,1.28397512197838e-07,0,0.000243791903447806,0,0,0,0,0,0,0,0,0,0,0,0,0,0,4.59737616863118e-05,0,0,0,0,4.47093839416239e-07,0,4.30859734949012e-05,0,2.49404889687624e-05,0,0.000488140343013777,3.64990073682548e-05,0,0,1.53295522623831e-05,0,1.95097584988707e-05,7.22382577597853e-06,4.07913522333265e-06,0,0,0.00046613072578704,6.97681439333159e-06,1.31435280744264e-05,0,1.35820678490476e-05,4.47673821944568e-05,5.45009015065909e-06,0.000208462522760473,0,1.66502577170325e-06,0,4.53351617198254e-08,0,4.32692307692308e-05,0,0,6.48438997517436e-06,0,0,0,5.72683796625814e-05,0,0,0,0,4.47218063204873e-05,0.00010514692474019,0,0.00110295510758462,0.0281960926414077,0,0.000415408937242087,0,2.07258279799641e-05,0,0,0,0,0,0,0,0,0,0.000661278730878917,0,0,0,0.0137946774524674,0.000934382560004349,0,0,0,0,0,0,7.27296119601419e-06,0.00122118370167047,0,6.48489739451234e-06,0,0.000592590730431712,0.000242215374764769,3.53937920111437e-05,0.000357749570903938,9.4161302306779e-08,0,7.22480601440536e-05,0,0.000939637262855006,0,0,9.52322850722006e-06,0.000513867508789894,0,0,9.5223316310696e-07,0.00066548062724937,0,1.54368913987198e-06,0
"CbMPDiCbraya","Group","D3_vs_D7","HoS",2.11626598130003e-05,0,1.44697396930931e-06,0,3.51333780498503e-06,0.00733649016577286,3.12807980911797e-06,2.88240971765241e-05,0.00255410056680975,1.49570731999162e-06,0,0,8.80798590722255e-06,0,0,0,0,0,0,0,1.49021089310438e-07,1.55401401811135e-07,0,0.000150570304975778,0,3.65585509933775e-08,0,0,1.47972255575108e-05,1.57386180665972e-06,4.9787750068259e-05,7.29499644761347e-08,0.00269315805550989,0.0458130576934239,0.00107070731895783,5.87390647333881e-06,1.4333218667584e-06,2.85655689675378e-06,1.20323158042303e-05,1.84424198393687e-07,9.37600077208233e-05,0.000133578508650362,0.000120930444730153,0,2.90319392962156e-05,0.002400659171824,3.45136981101122e-05,2.14013907736811e-05,1.11294631777086e-07,2.75112962033414e-06,0.00022621991056161,0.000434613472251489,0.00470339539986074,0.0543414809526339,1.34614329168062e-05,3.41181017237424e-06,3.78781234107077e-08,0,1.95913904877364e-05,0,1.36291201878722e-06,0,0,0,0,9.00548571041516e-06,0,0,0,0,0.030614712523186,0.000326750508333799,0.000683430253526748,0.00191127051046606,0.174549530526827,1.05507596652915e-05,0.000374126025023618,0.000199237333604686,8.29501733113298e-07,0,0,8.52329632654711e-06,1.50952510340247e-06,0.000179238985695505,0,0,3.3232229795652e-07,0,0.000756718988733323,0,1.28681470395839e-06,2.18780082261311e-06,0.0262948128542807,0.0187285148124974,3.66614610819089e-08,4.33741201033107e-05,0,3.64041455245103e-07,3.97474863949681e-05,0.195147930712708,0.0098287909615944,0.00864312653631609,0,3.06935720656529e-05,0,0.000104583197722433,0.000327523512263426,9.42893153732612e-06,0.000157736680690302,1.15529134830982e-07,4.76894092778397e-06,0.00773850509340286,2.24356097998744e-06,0.00146964651478892,6.88957418637295e-06,0.000335220898709058,3.47834516918672e-05,0.000331030598795463,0,8.97675984034286e-08,5.08236465728689e-05,0.000357153450739465,9.94727142252104e-06,4.77311271754284e-06,4.85165694419336e-06
"CbMPDiCbraya","Group","D3_vs_D7","DL",0,0,0,0,6.17589787772318e-05,2.51011450015494e-05,9.99181933568781e-06,0,0,0,0,0,0,0,0,0,0,0,0,0,0,0,0,4.13134605206236e-06,0,0,0,0,0,0,0,1.88163912515779e-05,0.00451546081078034,0.00106235509917118,5.36101294977064e-05,8.87600900037664e-05,0,0,0,6.1583233705417e-06,0,2.33305942790954e-05,0,0,0,0,0,0,0,0,6.29377377661609e-05,0,0,0,0.000116617212168181,0,0,0,0,0,0,0,0,0,0,1.5369868896894e-05,0,0,0,8.38901151345225e-07,0.00837120492616759,0,0.0136757368693298,0,0,6.67705829759483e-05,0,0.00743241236361183,0.000408527354002263,0,0,0,0,0,0.00024590342799436,0,0,0,0,0,0,0,0.00903899115416,0.0119950098871388,0,0,9.83533443067228e-06,1.0461979414266e-06,0,0.000893581018598086,0.00462239403608867,0,0,0,0,0,0,0,0,0,0,0,0,7.00536062378168e-06,0,0.000421008474974751,6.57579619809368e-05,0,0,1.79914944332928e-06,0,0,0,0,7.0961327914496e-06
"CbMPDiCbraya","Group","D3_vs_D7","HD",1.3621207130584e-06,0,0,0,0,0,1.76948557515359e-08,0,1.65593214256104e-06,1.2708018855767e-07,1.86963414998953e-08,0,6.87916091180261e-06,0,1.12531898721719e-07,1.37505925430328e-06,0,2.89358910442283e-07,0,0,4.45714243170041e-06,2.22054550061324e-06,0,0,3.43585937714741e-08,1.76948557515359e-08,1.23452023709507e-06,2.55894215326695e-07,4.3168901887466e-06,3.99314451035052e-06,0,3.5194413942619e-08,1.1368926854972e-05,0,0,0,0,3.63731595181284e-08,9.72107055279679e-07,0,1.67141133886692e-07,0,1.04370876964114e-06,0,0,0,6.2056336099272e-07,0,0,4.65552484014578e-06,0,4.95864326362057e-06,0,0,1.42597696754226e-07,5.51724237639636e-06,7.93284630152946e-06,0,3.22219719508183e-05,0,4.99487237572513e-06,2.76589440082044e-06,0,1.81865797590642e-08,0,0,0,0,0,1.08321082777818e-07,3.63897275649443e-06,3.2249742002064e-07,0,0,0,1.00586630348977e-06,0,2.27152147988232e-06,4.44766738402303e-07,0,0,1.86963414998953e-08,3.52593464360447e-06,1.07684567208081e-06,0.000149248690290575,0,0,3.23265847933085e-06,4.63549878753462e-06,6.88519755669858e-07,0,7.0859955738816e-06,6.50071010653325e-07,3.60192454206585e-06,1.14272108013135e-06,1.83118413503643e-07,0,0,5.36992981381819e-08,0,7.85832036207279e-05,0,1.80981062141658e-08,0,1.82104251041636e-08,0,0,0,8.39525503860781e-06,5.42815090191959e-07,3.27034551776274e-06,1.80081319937345e-05,1.30171275735451e-07,0,0,6.55769052513985e-07,2.82332528390316e-06,0,0,0,0,0,1.82994671195175e-08,2.84304554418726e-06,0
"CbMPDiCbraya","Group","D3_vs_D7","DR",2.1393774969915e-05,6.58988156615975e-06,1.20413186148172e-05,4.36863760000733e-06,3.162957778731e-05,0.000173720703208914,5.59212607393643e-05,0.000757260514771973,2.72312282289344e-05,1.44477310564512e-05,7.29157318495917e-07,1.47177790856244e-06,6.36365773487063e-05,4.70899766098666e-06,2.09215367457547e-06,4.70520047928308e-07,7.20544154945815e-07,2.24007426572678e-06,7.16250286500115e-07,0,1.77890586689219e-06,1.23602810113048e-05,0,6.25691610668455e-05,3.09227343943267e-07,5.20082658731365e-06,5.55429618349506e-06,5.43880785711266e-06,1.07823973359491e-05,1.64624474623654e-05,8.10706665008546e-05,2.39816274091936e-06,0.00151214674205758,0.0126979682057742,0.000427570405542741,0.000857408970620233,6.58975007224865e-06,8.85850348071202e-05,3.99858545802099e-05,1.15151236040636e-05,8.89660012836403e-05,0.000111940679042799,0.000110132608462509,2.89347548629506e-06,4.14971337862557e-05,5.6997000014525e-05,5.13064981076854e-05,0.00034169388884295,3.18150512775592e-06,2.47543136814223e-05,9.79746578814343e-05,0.000307280791288558,5.19577540440407e-06,0,0.000595663640743723,0.00392930613214626,2.05861375974225e-07,2.18567935380048e-06,0.000175170388964284,4.34030960324464e-06,1.20159192928401e-05,9.8388173808765e-05,0,7.09276610603503e-07,0,3.48944508137702e-05,1.64403122082562e-06,0,0,0.000174788181305817,0.0149760982499666,0.000271049409762468,0.0291770055537734,0.00103262394905291,0.00669403967204636,5.03338079197608e-05,0.000378632982508806,0.00183899798663243,1.04897425971489e-05,4.36025960199752e-06,4.19643533341231e-06,1.0727593518609e-05,5.17319535631962e-06,0.000940773362899453,0.0141602857832858,3.15887010726119e-06,6.69055011133896e-06,2.58329308082454e-05,0.000803603530352959,1.27961832383435e-05,1.73166244072066e-05,1.96535802635121e-07,0.00344786497157499,0.00117017519139432,8.21265383896254e-06,0.000337450469675034,4.1088940576601e-06,1.30821633248585e-05,0.000149651237292485,0.151579847753422,0.0086710064430623,0.00912266341136556,9.0821821299646e-06,2.16229772130322e-05,1.44000573833375e-06,0.00079627849576709,0.000889815769259584,0.000112404762904829,5.15619710057492e-05,5.48294013824234e-06,3.05548184662839e-05,0.000401278167877922,2.96248799166429e-05,0.000605981392355972,0.00117714424398496,4.88883789161286e-05,0.00016027523314829,0.00013502555904237,0.0086755177515731,1.16015062910621e-05,5.67799444161833e-05,5.98145066206258e-05,3.47971393435851e-05,3.69903415675666e-05,0.000295121186901095
"CbMPDiCbraya","Group","D5_vs_D6","HeS",0,0,0,0,0,1.79405342219454e-05,4.97870645546739e-06,2.57877887390913e-06,1.07299792027979e-05,0,0,0,0,0,0,0,0,0,0,0,0,0,0,3.70822586380034e-05,0,0,5.49877871681073e-08,0,6.60162583107306e-06,0,0,0,0,0,3.45294798993292e-06,1.03797013638974e-06,0,0,3.74880038387716e-06,2.47572468941882e-05,3.56049556925973e-07,5.19576096811555e-05,8.69350655779851e-06,0,0,1.4125386414593e-05,1.55297876456493e-05,0,0,2.27451931825074e-06,0,9.65163301879802e-07,1.67258972515913e-06,0,0,0,0,0,5.49705919774224e-06,0,0,0,0,0,0,0,0,0,0,0,0,0.000294755837658797,0.00228901527203309,0.000164247107790739,0.0200723308844435,0,0.000464813417749326,0,0,0,0,0,0,1.64561685510381e-05,3.09264881989366e-05,0,0,0,0.000201734649423991,0,0,0,1.65215642329684e-05,0,0,0,0,0,1.51170770093208e-06,0,0,0.000261293049218962,0,0,0,0.000580385126083454,0,9.5744264797291e-07,0,0,1.84341976169814e-05,0,0,0.000112391679405535,0,3.036118527501e-05,1.29490618609381e-05,3.48439729002805e-05,0,0,3.34041653030877e-06,1.04957987860295e-05,1.10054756296747e-07,2.30577444705854e-06,1.32568077606912e-06
"CbMPDiCbraya","Group","D5_vs_D6","HoS",1.4962410275499e-07,0,0,0,1.01471422387743e-06,0.0046474941220235,4.89469659513916e-05,6.67730596112676e-05,0.00264127527140428,6.13851620525438e-07,0,0,0,7.57448542529758e-08,0,0,0,0,0,0,0,0,0,3.39470847230972e-05,0,0,1.31838446310426e-07,0,1.3813586779444e-05,1.33122611265416e-06,8.3291109382536e-06,0,0.000744117127611122,0.00782308034054723,0.00044179325243708,6.97297784707378e-06,2.0260643588197e-06,0,1.34979064463502e-05,1.20999840789683e-05,1.68984429267016e-05,0.000341275129586328,0.000370794933132162,0,0,0.00960816759034227,0.000291605458790826,1.01290764006901e-05,0,1.48053432357226e-06,3.29160544249806e-06,5.92490121961469e-05,0.000702429282677197,0.0489708304156913,2.29537959663203e-05,4.26270890668709e-06,0,0,0.000117846862849367,0,0,1.13373095628156e-07,0,0,0,0,0,0,0,0,0.0672111440691122,0.0019710390587879,0.00546698248411068,0.00217081278343711,0.181309950299805,6.01128936047213e-07,0.00202675963260817,0.000299676135052988,1.75370383439853e-07,0,0,0,5.06122240316392e-08,0.000879601366327962,0.0021753583137804,0,9.01140631000949e-07,0,0.000468509210317464,0,7.46902320900686e-07,0,0.0315682275181253,0.000262952766324717,0,2.62227697534556e-05,2.55883721798499e-07,0,2.50938958633123e-05,0.252397930536705,0.00161494546732641,0.0165111361102064,1.29097314046703e-07,0,0,0.000892959422616824,7.39082539872719e-08,6.65027736226404e-05,3.01070482671369e-07,0,6.65384468192095e-05,0.00891884457220617,0,0.00149583307035411,3.81763892981165e-05,0.00145206166024272,0.000593883684372449,0.0012884183552688,0.00787326074992236,0,0.000187379589621012,0.00012203687417943,5.36336704984363e-07,1.45773230915634e-05,6.39542628364536e-05
"CbMPDiCbraya","Group","D5_vs_D6","DL",0,0,0,0,0,0.000159340674414408,6.08732960963171e-05,0,0.00370492711932798,0,0,0,0,0,0,0,0,0,0,0,0,0,0,8.5920203395989e-07,0,0,0,0,0,0,7.25089841497328e-07,0,0,0,3.29986350137231e-05,2.5185834083776e-06,1.67680234340489e-05,0,0,0.00015729215381583,0,2.16197705443613e-05,1.95406343817747e-05,0,0,0,4.00243963996692e-06,0,0,0,0,0,0,0,1.35060108995204e-05,0,0,0,0.000173873101905919,0,0,0,0,0,0,0,0,0,0,0,0,0.000261889296073092,0.0481791669482477,0.00647542700014184,0.00291567529979226,0,3.46920847477927e-05,0,0,0,0,0,0,1.91948397292076e-05,0.00202253354653702,0,0,0,0,0,0.000101399876027711,0,0.00497090488654442,0,0,1.46416138084314e-05,0,0,1.58730936356527e-05,0,0,0,2.36128186812026e-05,0,0,0,0,0,0,0,0,5.79167877235255e-05,0,0,0.000434169232175519,0.000302461786952156,1.12003601864168e-05,0,0.000717836519584383,0,0,0,0,0,4.98703250951968e-06
"CbMPDiCbraya","Group","D5_vs_D6","HD",2.01408629523999e-06,0,0,0,0,0,0,2.80720849439316e-05,0,0,0,0,6.10579547740137e-07,0,0,0,0,0,0,0,6.53724247226624e-07,3.27199867511079e-07,0,6.7380351583999e-07,0,0,2.44081772347523e-07,0,2.26022640984347e-06,3.0570803161987e-06,1.79108754835936e-08,0,2.8233526338809e-05,1.41019617366221e-05,0,1.5465934232436e-07,0,5.43683126975382e-08,8.30453456287545e-07,0,1.73289856930475e-06,0,5.18241765189679e-06,0,0,0,0,3.86454202496042e-07,0,5.87566000948709e-06,5.93116621494258e-06,3.93785174952113e-05,0,0,1.56276582976084e-06,0.000180200314550722,6.7021048438984e-07,0,1.51635510044572e-05,0,3.31161949881561e-07,5.8853598951043e-06,0,0,0,0,0,0,1.09871157257056e-07,6.91116844821231e-08,0,0,1.79348435858438e-06,0,0,1.1519268281379e-06,0,1.04922110626317e-05,5.99519213617124e-07,0,0,0,5.29527401952022e-07,0,0.000166325824623845,0,0,5.82282383629742e-07,1.90698869266159e-05,1.30179498710356e-07,0,4.02265559631847e-07,4.23593804038437e-07,1.88528092749271e-06,8.86474526268013e-08,1.62083058805084e-06,0,0,7.5810621343918e-07,0,0.000146521734109424,6.61742342511589e-05,0,0,0,0,3.23716682384125e-06,1.08736625395076e-07,3.04159093877499e-06,2.09949947932413e-08,1.33957592891024e-06,0,7.64797724927149e-08,1.80417374428993e-07,9.29767846458179e-06,0,1.36410172194788e-07,5.0308422415988e-07,0,0,0,4.78901315167698e-07,3.89906110608565e-08,1.99030948419069e-06,0
"CbMPDiCbraya","Group","D5_vs_D6","DR",8.72507463792233e-07,0,2.52387974901484e-06,0,5.08227510933782e-05,0.000742703653194915,8.674461873049e-05,0.000335732544466972,0.00367727789815357,8.52958886886301e-06,0,0,1.07749331954142e-07,3.60949735378632e-06,0,0,3.59009707622494e-07,0,0,0,1.38668779714738e-07,1.87622927411664e-06,0,3.16245693028954e-05,0,2.91788343580579e-06,3.29168399713052e-06,3.89311075121465e-07,8.3217531003429e-05,1.50164485156602e-05,5.54597825199126e-05,3.63943399522506e-07,0.00125773682439761,0.00915200902065329,0.000289486924692811,0.000294938127959759,1.29775970927205e-05,6.70542523269638e-07,3.15434519673101e-05,1.68590947539806e-05,0.000123851456348447,6.84898350731351e-05,0.000317582692893927,0,8.42804238540785e-06,0.000111501251889106,2.75440882892029e-05,2.45648836028072e-05,1.16143470085416e-06,1.52738225532682e-05,1.54984763113861e-05,8.31612114905825e-05,1.31205029264567e-05,0,0.00051892883766965,0.000706928305128105,9.57443549128343e-08,0,7.76862924048493e-05,0,5.8440344096746e-08,1.8015305089046e-05,0,0,0,3.59009707622494e-07,4.04275118119355e-06,0,1.35032807823823e-06,8.52377441946185e-07,0.000228708845307309,0.000333696164080446,0.0449368007376418,0.00270355395537119,0.0605926561046506,3.29884475432973e-05,0.000998191556413289,0.000396773141867994,4.77507925940946e-06,0,2.88816076142034e-06,7.53254474643971e-07,1.09386566782081e-06,0.00149036697564829,0.00741005926610343,0,1.00881693951646e-05,1.64638105934773e-06,0.000879029606458109,6.22929350404239e-07,0.00043422430232339,0,0.0018763454763917,0.00140732144576452,2.65942357880404e-07,0.00019888064227216,8.09052056309856e-06,7.65875553918759e-06,0.000126361310296665,0.0801806351679374,0.00223539035567064,0.00648248992681017,4.59015400362826e-06,7.24910835967176e-07,0,0.000228011266588331,3.23089419819603e-07,0.000122446640524265,3.66553600902449e-08,3.98904901071585e-07,7.01873826328587e-05,0.00110718323583235,2.98363477132368e-06,0.000290006266006784,0.000213989607985435,0.000103313616839041,0.000275042028871756,0.000180562809270622,0.00276012648684158,1.54635699298145e-05,9.61266019881291e-05,3.90186401202299e-05,1.09643452180663e-05,3.76998347135485e-05,0.000116039404158219
"CbMPDiCbraya","Group","D5_vs_D7","HeS",0,0,0,0,0,0.000412632287104744,2.68850148595239e-05,1.16045049325911e-05,0.000107299792027979,0,0,0,0,0,0,0,0,0,0,0,0,0,0,3.72402187165099e-05,0,0,3.0790534378589e-07,0,7.83254536919381e-07,0,0,0,1.10889755272412e-05,0,3.79824278892621e-05,3.42783110206481e-06,0,0,0,0,0,8.4212059899806e-05,5.58616843819287e-05,0,0,0.000296633114706453,4.88829202968794e-05,0,0,1.93651354402602e-07,0,3.77869541948689e-06,3.76332688160804e-06,0,0,0,0,0,1.68230989500477e-05,0,0,1.45727731722112e-06,0,0,0,0,0,0,0,0,0.000203827398643905,0.000639532546207276,0.00254335030225899,0.000535293233439088,0.028993366833085,3.20361455196167e-06,0.00111555220259838,0,0,0,0,0,0,0.000181017854061419,2.06814580031696e-05,0,0,0,0.000353035636491985,0,0,0,1.48694078096716e-05,0.00560629536002609,0,0,0,0,5.42441640443046e-06,0,1.42855142710262e-05,0.00130646524609481,0,0,0,0.000808393568473382,0,0,7.42723694408379e-08,0,0,0.000102044217952895,0,0.000273954718550991,1.24163459356138e-05,5.34196654812835e-05,5.90784825816522e-05,0.000159286733258425,0.00153576322485833,0,1.58705527184493e-07,1.14896150727912e-05,0,6.37616780083778e-06,4.87619451230788e-06
"CbMPDiCbraya","Group","D5_vs_D7","HoS",0,0,3.72009900633399e-08,0,3.35140508147033e-06,0.00730734506844831,2.60852689935858e-05,2.8924561790678e-05,0.00110401767528557,0,0,0,0,3.64607973086317e-08,0,0,0,0,0,0,0,0,0,3.25296707815267e-05,0,0,9.00214456136394e-08,0,1.42057467355084e-05,9.46717844934743e-07,2.71430518061187e-05,0,0.00224906469199514,0.0325305477579716,4.9070808487355e-05,1.15730117583443e-05,0,0,3.38981665965328e-06,5.54819723874311e-07,2.32592915959445e-05,7.14601612694986e-05,0.000112834212855128,0,0,0.00376586121453195,8.01048178121683e-05,3.18827757311627e-06,0,0,1.93118744812237e-05,0.000203923055103149,0.0035174147624402,0.0559387246765091,9.52515393550394e-05,4.92953992660397e-05,0,0,4.53512097311553e-05,0,0,0,0,0,0,0,0,0,0,0,0.0521027313739282,0.00072150711979664,0.00796654727673279,0.0014857020108048,0.151473703300627,6.43344186223261e-06,0.000636160605062295,0.000204729327019695,1.15484287281638e-06,0,3.67813775229081e-08,0,0,0.000682278264502641,0.00248092078082858,0,7.40161300157109e-07,0,0.000696588775115277,0,0,0,0.0354274863462169,0.0205790831948766,0,4.37256572508721e-06,0,0,2.33260107990391e-05,0.169520903515415,0.0106411591529897,0.00808859492122752,0,0,0,0.000341609446048773,7.01411189467929e-08,4.18664928056908e-05,0,0,8.99365674983567e-07,0.0082102443825693,0,0.000409629461940687,2.78402508665497e-06,0.000371877120872204,0.000269480572928395,0.000758865629294681,0.00593735844701746,0,8.65376997587251e-05,7.05120926888682e-05,3.78858560206548e-07,2.97088435342119e-06,3.29031073968971e-05
"CbMPDiCbraya","Group","D5_vs_D7","DL",0,0,0,0,3.61063008645054e-05,0.00023512766310073,3.70968590541251e-05,0,0.00235309325913651,0,0,0,0,0,0,0,0,0,0,0,0,0,0,0,0,0,0,0,0,0,0,1.87981462725961e-05,0.00483963069889736,0.00366364168414734,0,0,0,0,0,7.74554078003513e-06,0,1.2901873680158e-05,0,0,0,0,0,0,0,0,7.26787695526274e-05,0,0,0,6.41086612453163e-05,0,0,0,0,0,0,0,0,0,0,1.16411644361095e-05,0,0,0,0,0,4.45062487644676e-05,0.0264767368894981,0,0.00237849385870497,6.33609815273723e-05,5.82909635359805e-06,0.00723205212194953,0.00042779219659683,0,0,0,0,4.47879900001746e-06,7.40597995775648e-05,0,0,0,0,0,0,0,0.0136712518233133,0.00599780581387629,0,2.43691319130353e-06,8.87457647876856e-06,3.19059749423977e-07,0,0,0.00310475295829232,0,0,0,0,0,0,0,0,0,0,0,0,0,0.000238652024668734,0.000853830433538995,4.25504991423347e-05,0,0,5.93612727056868e-07,0,0,0,0,0
"CbMPDiCbraya","Group","D5_vs_D7","HD",6.08053941690243e-07,0,0,0,0,0,0,6.91193066371883e-06,0,0,0,0,7.18328879694279e-08,0,0,3.99195222431578e-08,0,1.82994671195175e-08,0,0,1.27707533973599e-06,1.01063416940562e-07,0,2.85234979708261e-07,0,0,2.37608988146444e-07,1.75492783736733e-08,9.43513665284546e-07,8.27484781371135e-07,0,0,1.42380459155469e-06,0,0,0,0,0,4.06344351320172e-08,0,1.87024615616617e-07,0,8.14037963316054e-07,0,0,0,0,0,0,1.18702704542683e-06,8.34608937997559e-07,1.3456849056927e-05,0,0,4.14364968109348e-07,4.99866619809327e-05,7.71196999559295e-07,0,8.80176075992324e-06,0,0,1.52671059004778e-06,0,0,0,0,0,0,0,0,0,0,0,0,0,1.51265615363354e-07,0,7.24910835967176e-08,9.23217935202334e-08,0,0,0,0,0,3.90249941779171e-05,0,0,1.50822740654654e-07,2.50850945943777e-06,0,0,0,1.34151130068307e-07,1.75323781140959e-06,0,5.46126906905318e-08,0,0,1.8435992189765e-07,0,4.93135647437835e-05,0,0,0,0,0,1.18437374773746e-06,0,2.46031571741516e-06,0,0,5.55317258494439e-07,0,6.91116844821231e-08,1.35928977218371e-06,0,7.92393026941363e-08,2.75389466866558e-07,0,0,0,0,0,6.70620657461916e-07,0
"CbMPDiCbraya","Group","D5_vs_D7","DR",1.69208750556724e-06,0,2.85768671336204e-06,0,5.83844797282474e-05,0.00115669689544648,5.81856712952405e-05,0.00024321060683773,0.00441737941097592,8.36004250910837e-06,0,0,6.46495991724851e-07,6.13131791592322e-06,0,3.5927570018842e-07,0,3.47689875270832e-07,0,0,4.45738308892921e-06,1.55013061094905e-06,0,2.73988694682791e-05,3.43585937714741e-07,5.97474959780782e-06,7.61111016175738e-06,5.67715279406569e-06,1.9811956513142e-05,2.20679733431516e-05,9.06608639575778e-06,1.79475293904853e-06,0.00151235935571987,0.0203427324972756,0.000131685373525249,0.000177940011279802,1.59083678014636e-06,1.49218211239967e-06,2.67009628984845e-05,1.32361534675833e-05,5.34701770307139e-05,0.0001227762308991,0.000117177816596199,0,8.04895583236606e-06,0.000149321159817812,4.24874338971433e-05,2.66181460852032e-05,3.75905933299251e-07,4.84156066138647e-06,0.000101938117845283,0.000147026612362329,1.05536176761216e-05,0.000762190964011529,0.000431562208278736,0.00147580009333342,9.1116988235823e-07,0,7.09488573328225e-05,0,4.60362765859497e-06,2.0000743554552e-05,0,0,0,2.53087105613963e-06,9.10032395223736e-07,0,7.24910835967176e-07,9.21489126428308e-07,0.00662938244577428,0.000530946513471123,0.066572649847532,0.00299027848624791,0.0322576338416472,5.3909331626532e-05,0.000757841936978053,0.0019716331813499,6.92669834223461e-06,0,4.87639707515546e-06,3.4979711767175e-07,1.32352162634337e-06,0.00108956979628828,0.0116503491855641,3.15887010726119e-06,9.18594376168827e-06,2.45210340479894e-06,0.000685660163834181,9.1256247543101e-06,8.04390558884916e-05,0,0.00399217626445067,0.000603466038176914,7.26730381341797e-07,0.000232424568591647,5.94232499091094e-06,7.76761717498587e-06,0.000100856600557271,0.112206475333952,0.00989335032231301,0.00557746137305623,1.29874511725344e-06,7.24910835967176e-07,0,0.000110963351503924,1.58496527164016e-06,8.82991064233488e-05,1.33877276879799e-07,3.99195222431578e-07,2.71704643120807e-05,0.000526777372199465,7.16743119266055e-07,0.000408795176627388,0.000377453686354317,0.000154734380140841,0.000289056024175608,8.13876088357353e-05,0.00342282050918865,1.07047618008481e-05,7.18081912422449e-05,3.78792638944219e-05,9.28355855478853e-06,1.59687962895707e-05,0.000116956619410709
"CbMPDiCbraya","Group","D6_vs_D7","HeS",0,0,0,0,0,0.000202332695717193,0,6.93018480492813e-06,0.000364386840605705,0,0,0,0,0,0,0,0,0,0,0,0,0,0,0,0,0,0,0,1.19823303630506e-05,6.57625758835535e-08,1.72275713720198e-06,0,4.13585340284265e-05,0,1.09554394496905e-05,3.35362639882963e-07,0,0,6.37296065259117e-06,2.08482079108953e-05,0,0.000213792520310977,9.42336562052157e-05,0,0,0.00173212497339079,3.15016861628137e-05,0,0,3.36343622836883e-06,0,6.63320643111013e-06,9.41579587151128e-05,0,8.6032874886917e-07,8.63305032934367e-06,0,0,7.91366743979237e-06,0,0,2.21043933664611e-07,0,0,0,0,0,0,0,0,0.0016716310642945,0.000379643261808804,5.57387956173381e-07,0.000657336807030988,0.021510681400604,7.90832560219242e-07,0.00034693029754092,0.00206025185552568,0,0,0,0,0,9.31352182573347e-05,2.003765229928e-05,0,0,0,0,0,0,0,0.0316158424993497,0.0018687651200087,0,7.47383170430387e-08,0,0,9.51094486536949e-07,0,8.4985380547818e-05,0.00133245019734683,0,0,0,0.000117796956098118,0,1.91488529594582e-05,7.37500384920064e-08,0,2.41062584222064e-05,0.000257015242561158,0,0.000422627692353097,5.06589577243841e-06,0.000123370546134313,5.51175998259559e-05,0.000130116318625104,0.0017908275346104,0,4.70832424786918e-05,2.47170985097459e-05,0,1.38936189060369e-06,2.67656424834215e-06
"CbMPDiCbraya","Group","D6_vs_D7","HoS",0,0,0,0,4.66478032638639e-07,0.00350014789584055,8.41522499893403e-06,7.25697013602487e-05,0.00241137939514346,0,0,0,0,5.52458066086018e-08,0,0,0,0,0,0,0,3.44182466254492e-07,0,2.65333225609492e-06,0,9.24219992946831e-08,1.85930336147529e-08,1.0868339864165e-07,1.88551383335749e-05,1.43661581796531e-06,3.22409466807283e-07,0,0.00196453479326309,0.0262858841172002,0.000337339417404665,7.17707245135798e-07,0,0,7.26919019706606e-06,1.86072212169458e-05,2.42618181858003e-05,0.000117826354642163,0.000224404699041526,0,0,0.0048661372668035,0.000164133867335004,1.6945072959401e-06,5.72288125187979e-08,0,1.89463161840643e-05,0.00022975968580942,0.0037492498233702,0.0727291543946442,0.00017055765855481,5.06731693691195e-05,0,0,0.000145071083936577,0,0,0,0,0,0,0,0,0,0,0,0.0680464131093819,0.000494013879487369,0.000964369257890374,0.00138381551473617,0.0984834307556085,7.63589899398376e-06,0.000337476298794641,0.00202085906499633,9.8319677305127e-07,0,1.83728910230436e-08,1.78435129298564e-08,0,0.000139577709346029,0.00479896038143636,0,1.26470553943373e-06,0,0.000194108718719631,0,2.56747750983838e-06,0,0.0410854750404216,0.0162155612645925,1.76016050255967e-08,3.87922635911363e-06,0,7.51384047825662e-07,4.17770038307107e-05,0.173364583070691,0.0168766469122025,0.0122484865005048,0,0,0,0.000243856416922174,7.23750610074593e-08,1.02444974106202e-05,0,0,8.27298270923023e-05,0.0126362874399705,0,0.000263689272325157,4.59747743208944e-05,0.00102952836466808,0.000248878800101488,0.000308790818339891,0.0098571105019324,3.35291991623935e-07,0.000141454411780174,2.71673803787695e-05,3.72180329958759e-08,7.23267882636505e-06,3.17519146954169e-05
"CbMPDiCbraya","Group","D6_vs_D7","DL",0,0,0,0,3.7272399751746e-05,0.000243391625242926,9.44558849808161e-06,0,0,0,0,0,0,0,0,0,0,0,0,0,0,0,0,0,0,0,0,0,0,0,0,1.83372912007693e-05,0.0053400878647255,0.0021718237937972,0,0,1.32923035440519e-05,0,0,0.000141776025118051,0,4.01179718190042e-05,0,0,0,0,1.0606510366251e-06,0,0,0,7.2854443643013e-05,0,2.24050262247215e-05,0,4.68801346598445e-05,0,0,0,9.75135760895904e-05,0,0,0,0,0,0,1.13348180035803e-05,0,0,0,0,0.00669391904143231,0.000114903555268425,0.0127138642061901,0.00445952832069372,0.000986027724040531,6.51636226162314e-05,0,0.00394529154044044,0.000426034754968858,0,0,0,0,0,6.53709881917851e-05,0,0,0,0,0,2.19563856553852e-05,0,0.0091651810359614,0.0138382426793257,0,0,7.43991618774174e-06,4.70363346277733e-08,3.19122733408574e-06,0,0.00221601779378192,0,1.04937787122337e-05,0,0,0,0,0,0,0,0,0,0,0,0,0.000483514060108199,2.01511274848283e-05,0,0,1.20084120126916e-06,0,0,0,0,0
"CbMPDiCbraya","Group","D6_vs_D7","HD",1.84019103632431e-08,0,0,0,0,0,0,5.39868927640244e-06,0,0,0,0,0,0,0,1.99597611215789e-08,0,0,0,0,6.0927477366354e-07,8.84742787576796e-09,0,1.52795444270608e-07,0,0,4.60261179719355e-08,0,4.51900107520427e-07,3.43525764730699e-07,0,0,0,0,0,0,0,0,3.78099805826797e-08,0,1.06901698324109e-07,0,1.78122949476736e-07,0,0,0,0,0,0,2.27054738625616e-07,4.1650398944509e-07,5.3508679231996e-06,0,0,0,2.0553096181743e-05,3.33524438887144e-07,0,7.11094566862471e-06,0,0,5.58600886240953e-07,0,0,0,0,0,0,0,0,4.77368214474256e-07,4.11048753581175e-07,1.10608750916101e-06,5.85878604727547e-06,5.97496752809908e-07,8.18440654641793e-08,9.16502918145291e-09,9.09715572264139e-07,2.76104990395896e-08,0,0,0,3.50483667461096e-08,7.52666399709077e-08,1.27479426458371e-05,0,0,4.67828378095153e-08,5.85566580885516e-06,0,0,3.9220892064105e-07,8.95543774179682e-09,3.2905564939769e-07,0,1.28334355929871e-07,0,0,1.49786006279048e-07,0,2.31685290557438e-06,3.51590932683024e-07,0,0,0,1.97223098769328e-08,8.01371901877298e-07,0,1.9796023362777e-06,0,3.14924921898619e-08,0,0,5.5605470949329e-08,1.07030561583947e-06,0,0,6.1987605575313e-07,0,0,0,1.68749630099321e-07,0,1.01791228106856e-07,0
"CbMPDiCbraya","Group","D6_vs_D7","DR",7.17674504166481e-07,0,3.71007954410543e-07,0,4.55582469558128e-05,0.00137336622770435,7.59216968785624e-05,0.000240535666135256,0.00126013973270089,7.83397980280077e-07,0,0,0,6.88021301017216e-06,0,3.79235461309999e-07,3.59009707622494e-07,3.6598934239035e-07,0,0,4.3327906280603e-06,3.50159327538706e-06,0,1.02986486043063e-05,3.43585937714741e-07,5.93323855725471e-06,7.56132648368107e-06,5.97532974891918e-06,9.66659945419013e-05,1.75536790532331e-05,3.17571663742209e-05,2.61955141039788e-06,0.00202574689586331,0.0358162770362922,0.000288346760765516,0.000139046824901351,1.68885445613909e-05,7.67271276432495e-07,2.34043202807262e-05,3.06326611266648e-05,0.000141394294797198,9.86845231948615e-05,0.000205714495987926,0,3.7908655304179e-07,0.000409030505091953,2.71382538533725e-05,6.40258191467398e-06,1.48011182163462e-06,1.65722430373058e-05,0.000109573070616033,0.000241059644811037,7.61875584961142e-05,0.000911557307112314,0.000583684129923644,0.00199008861562766,5.82887603727705e-07,0,4.6710458679151e-05,0,4.99322995257328e-06,2.77917197641056e-06,0,0,0,3.19622719629132e-06,4.95278357641729e-06,0,7.35288399528111e-07,0,0.0354398338133972,0.000283522891013599,0.0182042387991427,0.00170273210245578,0.00936638876549608,4.7869761273839e-05,0.00036757752577915,0.00153763073009859,1.01286723021598e-05,0,6.34948008454355e-06,1.08520807938587e-06,3.15435300714987e-07,0.000388859419569078,0.0118555325978585,3.15887010726119e-06,1.0857157098872e-05,3.27479864666607e-07,0.000527885522490985,9.8787336034247e-06,0.000439565942501219,1.00566389907962e-08,0.00843452797955195,0.00250064004564313,1.06371858682341e-06,1.50013920610506e-05,1.25417160065421e-05,7.40410403376051e-06,0.00010489256284769,0.136752892225466,0.0065339629669375,0.00648209387711392,1.72940581510407e-05,0,0,7.95052463274371e-05,1.29309591577856e-06,3.04566438211557e-05,9.62831705835751e-07,8.19095118296404e-07,3.72416300839512e-05,0.000830589689640995,2.34337142455034e-06,0.000184342154853954,7.71622260438555e-05,0.000378296897497277,0.000373418413133236,0.000117477394530886,0.00023114008570827,2.52258112648264e-05,8.72607552978333e-05,5.16887696107629e-06,5.5161466413826e-06,3.08608297363632e-05,0.000138204138747567
