Method,GroupBasedOn,Group,Index,bin1,bin2,bin3,bin4,bin5,bin6,bin7,bin8,bin9,bin10,bin11,bin12,bin13,bin14,bin15,bin16,bin17,bin18,bin19,bin20,bin21,bin22,bin23,bin24,bin25,bin26,bin27,bin28,bin29,bin30,bin31,bin32,bin33,bin34,bin35,bin36,bin37,bin38,bin39,bin40,bin41,bin42,bin43,bin44,bin45,bin46,bin47,bin48,bin49,bin50,bin51,bin52,bin53,bin54,bin55,bin56,bin57,bin58,bin59,bin60,bin61,bin62,bin63,bin64,bin65,bin66,bin67,bin68,bin69,bin70,bin71,bin72,bin73,bin74,bin75,bin76,bin77,bin78,bin79,bin80,bin81,bin82,bin83,bin84,bin85,bin86,bin87,bin88,bin89,bin90,bin91,bin92,bin93,bin94,bin95,bin96,bin97,bin98,bin99,bin100,bin101,bin102,bin103,bin104,bin105,bin106,bin107,bin108,bin109,bin110,bin111,bin112,bin113,bin114,bin115,bin116,bin117,bin118,bin119,bin120,bin121,bin122,bin123,bin124,bin125
CbMPDiCbraya,Group,D0,HeS,0,0,0,0,0,0.130305129,0.241644713,0,0,0,0,0,0,0,0,0,0,0,0,0,0,0,0,0,0,0,0,0,0,0,0,0,0,0,0.086390028,0,0,0,0,0,0,0,0,0,0,0,0,0,0.476866887,0,0,0,0,0,0,0,0,0,0,0,0,0,0,0,0,0,0,0.196712477,0,0,0,0,0,0,0,0,0,0,0,0,0,0,0,0,0,0,0,0,0,0,0,0,0,0,0,0,0,0,0,0,0,0,0,0,0,0,0,0,0,0,0,0,0,0,0,0,0,0,0,0,0,0,0,0,0
CbMPDiCbraya,Group,D0,HoS,0,0.024785242,0,0.330130058,1,0.716392375,0.0629072,0,1,0.224975971,0.139497376,0.043519204,1,0.099879802,0,0,0,0,0,0,0.149692376,0,0,0,0,0,0,0.048461478,0.19703933,0,0.978666648,0,0.031912227,0.612800264,0.06753394,0.352423272,0.00815223,0,1,0.615384615,0.872801367,0,0,0.939729472,0.197968528,1,0,0,0,1,0.449070134,0.097565655,0.690869706,1,0,0.746020138,0,0,0,0,0,0,0,0.247220284,0.696947429,0.870375858,0,0.320276758,0,0,0.439551632,0.636274173,0,0.088229071,0.500730004,0,0,0,0.011278396,0,0,0,0,0.023007379,0,0,0,0,0,0,0,0,0.132234724,0,0,0.591684787,0.120689822,0,0.380047024,0.011512339,1,1,0.011840258,1,1,0.079225273,0.103620401,1,1,0.662308605,0,0,0.401646908,0.0773493,0,0.486904301,0.382682875,0,0,0,0,1,0.815627198,1,0.453730777
CbMPDiCbraya,Group,D0,DL,0.140370928,0,0.234767044,0,0,0,0,0,0,0.529186143,0.600463243,0,0,0.768087365,0.751147982,0.71832933,0.698376157,0.707270875,0.726342066,0.754860198,0.674087346,0.586253055,0.751337276,0.648576372,0.821264693,0.757456136,0.759866782,0.657739993,0.634805914,0.849762805,0.011020486,0.830696391,0,0,0,0,0,0,0,0,0.023713062,0,0,0,0,0,0,0,0,0,0.342051298,0.037458868,0,0,0,0,0.576117347,0.41996603,0.737660636,0.639510496,0.534787095,0.348174011,0.794637467,0.555579417,0.238954131,0.099475111,0.696372598,0,0,0.102083861,0,0,0,0,0,0.726979768,0,0,0.703270181,0.471902289,0.820069175,0.727059964,0.787793926,0,0,0.702453966,0.803401841,0.706671035,0.466507083,0.551535564,0.404034051,0,0.117748482,0,0.752817402,0.248060098,0.283295139,0.064812378,0,0.286075116,0,0,0,0,0,0.428461228,0,0,0,0.165766219,0.532642753,0.224456008,0,0,0.539538544,0,0.187367794,0.445293654,0,0.689339243,0.307422311,0,0.092478865,0,0
CbMPDiCbraya,Group,D0,HD,0.230731961,0.238217062,0.162105408,0.669869942,0,0.153302496,0.695448087,0.499074046,0,0.040711154,0.01195737,0.923587447,0,0,0,0.010145347,0.008869658,0,0,0,0,0.040215653,0,0.008071127,0,0,0,0.019785572,0.008596846,0,0,0.024132117,0.809721212,0.118193348,0.846076031,0.588123582,0.99184777,0.372980417,0,0.384615385,0.020388657,0.251877727,1,0.014914616,0.69185255,0,0.528707938,0.774810875,0.107196974,0,0.009114939,0.277911946,0.265052862,0,0.857329167,0.165511107,0,0.033835994,0.04110186,0.016940155,0.106273131,0.254210282,0.010128127,0,0,0,0,0.444555555,0.237151067,0.239141014,0.440077679,0.363725827,0.923840354,0.911770929,0.488806989,0.068329149,1,0.186523649,0.009344216,0.070567927,0.031321411,0.012475125,0.020915313,0.50262411,0.468535093,0,0.009170194,0.014496579,0.019922059,0.010465533,0.131982186,0.590784836,0.094565819,0.123578382,0,0.020573464,0.015876707,0.135970905,0.451956043,0.15650868,0,0,0.182532204,0,0,0.032634053,0.022655587,0,0,0.055511393,0,0.281439969,0.011378004,0.9226507,0.107023805,0.513095699,0.082202389,0.179086262,0.989914794,0.011313335,0.035807359,0,0.039562719,0,0.12743542
CbMPDiCbraya,Group,D0,DR,0.628897111,0.736997696,0.603127548,0,0,0,0,0.500925954,0,0.205126733,0.248082011,0.032893349,0,0.132032833,0.248852018,0.271525324,0.292754185,0.292729125,0.273657934,0.245139802,0.176220279,0.373531292,0.248662724,0.343352501,0.178735307,0.242543864,0.240133218,0.274012957,0.15955791,0.150237195,0.010312866,0.145171492,0.158366561,0.269006389,0,0.059453145,0,0.627019583,0,0,0.083096913,0.748122273,0,0.045355912,0.110178922,0,0.471292062,0.225189125,0.41593614,0,0.199763629,0.587063531,0.044077432,0,0.142670833,0.088468755,0.423882653,0.546197976,0.221237504,0.343549348,0.358939775,0.397615707,0.195234405,0.1972003,0.064098439,0.030149031,0.303627402,0.03845521,0.762848933,0.658775125,0.12037069,0,0.076159646,0,0.010463007,0.204691083,0,0.813476351,0.276107207,0.457529784,0.148609414,0.260464911,0.191290762,0.474368511,0.531464907,0.297546034,0.187427965,0.278832386,0.513570858,0.437998903,0.463983763,0.409215164,0.655450975,0.876421618,0.247182598,0.139681651,0.580138332,0.799216717,0.167996933,0.545903865,0,0,0.805627538,0,0,0.459679446,0.873724013,0,0,0.116413783,0.467357247,0.494104023,0.586975088,0,0.353437651,0,0.347746942,0.375620085,0.010085206,0.299347423,0.65677033,0,0.052331219,0,0.418833803
CbMPDiCbraya,Group,D0,DominantProcess,DR,DR,DR,HD,HoS,HoS,HD,DR,HoS,DL,DL,HD,HoS,DL,DL,DL,DL,DL,DL,DL,DL,DL,DL,DL,DL,DL,DL,DL,DL,DL,HoS,DL,HD,HoS,HD,HD,HD,DR,HoS,HoS,HoS,DR,HD,HoS,HD,HoS,HD,HD,HeS,HoS,HoS,DR,HoS,HoS,HD,HoS,DL,DR,DL,DL,DL,DR,DL,DL,HoS,HoS,DL,HD,DR,DR,HD,HoS,HD,HD,HoS,DL,HD,DR,DL,DL,DL,DL,DL,HD,DR,DL,DL,DL,DR,DL,DR,HD,DR,DR,DL,HoS,DR,DR,HD,DR,HoS,HoS,DR,HoS,HoS,DR,DR,HoS,HoS,HoS,DL,DR,DR,HD,DL,HD,HoS,DL,HD,DL,DR,HoS,HoS,HoS,HoS
CbMPDiCbraya,Group,D0,DominantProcessImportance,0.628897111,0.736997696,0.603127548,0.669869942,1,0.716392375,0.695448087,0.500925954,1,0.529186143,0.600463243,0.923587447,1,0.768087365,0.751147982,0.71832933,0.698376157,0.707270875,0.726342066,0.754860198,0.674087346,0.586253055,0.751337276,0.648576372,0.821264693,0.757456136,0.759866782,0.657739993,0.634805914,0.849762805,0.978666648,0.830696391,0.809721212,0.612800264,0.846076031,0.588123582,0.99184777,0.627019583,1,0.615384615,0.872801367,0.748122273,1,0.939729472,0.69185255,1,0.528707938,0.774810875,0.476866887,1,0.449070134,0.587063531,0.690869706,1,0.857329167,0.746020138,0.576117347,0.546197976,0.737660636,0.639510496,0.534787095,0.397615707,0.794637467,0.555579417,0.696947429,0.870375858,0.696372598,0.444555555,0.762848933,0.658775125,0.440077679,0.636274173,0.923840354,0.911770929,0.500730004,0.726979768,1,0.813476351,0.703270181,0.471902289,0.820069175,0.727059964,0.787793926,0.50262411,0.531464907,0.702453966,0.803401841,0.706671035,0.513570858,0.551535564,0.463983763,0.590784836,0.655450975,0.876421618,0.752817402,0.591684787,0.580138332,0.799216717,0.451956043,0.545903865,1,1,0.805627538,1,1,0.459679446,0.873724013,1,1,0.662308605,0.532642753,0.494104023,0.586975088,0.9226507,0.539538544,0.513095699,0.382682875,0.445293654,0.989914794,0.689339243,0.65677033,1,0.815627198,1,0.453730777
CbMPDiCbraya,Group,D0,DominantProcessPvalue,0.01,0,0.02,0.15,0,0,0.02,0.41,0,0.07,0.03,0,0,0,0,0,0,0,0,0,0.01,0.05,0,0.02,0,0,0,0.01,0.01,0,0,0,0,0.16,0.01,0.18,0,0.1,0,0.22,0,0,0,0,0.02,0,0.48,0,0.44,0,0.32,0,0.05,0,0,0,0.11,0.29,0,0.03,0.1,0.35,0,0.13,0.02,0,0.02,0.14,0,0,0.53,0.14,0,0,0.66,0.01,0,0,0,0.43,0,0,0,0.58,0.19,0.04,0,0,0.53,0.22,0.3,0.18,0.02,0,0,0.07,0.04,0,0.4,0.17,0,0,0,0,0,0.5,0,0,0,0.02,0.37,0.1,0.29,0,0.05,0.46,0.54,0.37,0,0.01,0.12,0,0,0,0.5
CbMPDiCbraya,Group,D1,HeS,0,0,0.115609795,0,0,0,0,0,0,0,0.103919821,0,0,0,0,0,0,0,0,0,0,0,0,0,0,0,0,0,0,0,0,0.074137617,0,0,0,0,0,0,0,0.092936135,0,0,0,0,0,0,0,0,0,0,0,0,0,0,0,0,0,0,0,0,0,0,0,0,0,0,0,0,0,0,0,0,0,0,0,0,0,0,0.108904491,0,0,0,0,0,0,0.044740037,0.041437684,0,0,0,0,0,0,0,0,0,0,0,0,0,0,0,0,0,0,0,0,0,0,0,0,0,0,0,0,0,0,0,0,0,0,0,0,0.097396718,0
CbMPDiCbraya,Group,D1,HoS,0.052379557,0.129023584,0.034231298,0.536270957,0,0,0.013640944,0,1,0,0.26303347,0.670516147,1,0.088770579,0.009687346,0,0.376868084,0,0,0,0,0.343322515,0.066829667,0.030022178,0,0,0,0.032071438,0.987668467,0,0.843478576,0,0.015537688,0.94049185,0,0.086474301,0.505643467,0.037700521,1,0.297606305,0.366579153,0,0,0.393319519,0,1,0.287507415,0,0,0.932422394,0.046348529,0.015868026,0.665237341,1,0,0.575499376,0.357333471,0,0.132373994,0,0.0121977,0.099785997,0.009246318,0.022768217,0.483386849,0.058915775,0,0.017928659,1,1,0,0.278764793,0.23531759,0.172261959,0.911699791,0.116411029,0,0,0,0.595329862,0.03427418,0,0.819656976,0.013491347,0,0,0,0.777557493,0,0.68223347,0,1,0.009608992,0,0,0,0,0.409381026,0,0.222857319,0.976165567,0.401201211,0.570717681,1,1,0,0.753962895,1,1,0,0,1,1,0.788259443,0,0.786217982,0.008464491,0.990000091,0.601417286,0.010358595,0.356856203,1,0.166070742,0,0.139913396
CbMPDiCbraya,Group,D1,DL,0.947620443,0.809860868,0.824318635,0.4486529,0.979829424,0.195846852,0.815474836,0.992455407,0,0.898168071,0.389990717,0.313295196,0,0,0,0.026721278,0.105889264,0.410592333,0.056360782,0,0,0.540651065,0.177841818,0.277806405,0,0,0,0,0,0,0,0,0,0.025057213,0.505670905,0.854380938,0.471105746,0.932635565,0,0,0.455809314,0,0.983691861,0.606680481,1,0,0.668082156,0.908560834,0.889041396,0.010353764,0.014118799,0.958688336,0.150891595,0,0.153000308,0.417065248,0,0.842458669,0.605199986,0.560532309,0.848401076,0.858244915,0.016415561,0.169244166,0.134578907,0.364336521,0,0.916427799,0,0,0,0,0,0,0,0.064509545,0,0,0,0.353756989,0,0.028141531,0.095656977,0.230589927,0,0,0,0.140565672,0.033538515,0.148454856,0.130513987,0,0,0,0.245230511,0.735746895,0.389769816,0.158861353,0.731873769,0.300028456,0.01019334,0.511545951,0.416233054,0,0,0.252831653,0.134470239,0,0,0.991173401,0,0,0,0.054419942,0.796720091,0,0,0.009999909,0,0,0.167372867,0,0.710917857,0.755286295,0
CbMPDiCbraya,Group,D1,HD,0,0,0,0,0,0.030870162,0.002234798,0,0,0,0,0,0,0.212273549,0.125812556,0.180087097,0.025866827,0.025336341,0.077522166,0.390012957,0.407478102,0,0.022898868,0.036043118,0.950684178,0.101559637,0.437632769,0.303459144,0,0.400133639,0.085171775,0.309288535,0.360457476,0,0.008743107,0,0,0,0,0.059205454,0,0.367436175,0,0,0,0,0,0,0,0,0.093018725,0,0,0,0.243960436,0,0.01071897,0,0.007053792,0.016379353,0,0,0.136143689,0.079617638,0.043189853,0.038455124,0.114609968,0,0,0,1,0.721235207,0.76468241,0.827738041,0.03342042,0.268287209,0.369894357,1,0.031317182,0.001453452,0.091989185,0.077449906,0,0.007531941,0.753790049,0.24761215,0.177123666,0,0,0.012329015,0.094078413,0,0.635144549,0.548575656,0,0,0.023802856,0,0,0.010230308,0,0,0,0,0,0,0,0,0,0,0.318919664,0,0,0,0,0.126785271,0.399320976,0,0.280525221,0.260761429,0.067534177,0,0,0,0.716481273
CbMPDiCbraya,Group,D1,DR,0,0.061115547,0.025840271,0.015076144,0.020170576,0.773282986,0.168649422,0.007544593,0,0.101831929,0.243055992,0.016188657,0,0.698955872,0.864500098,0.793191625,0.491375824,0.564071326,0.866117052,0.609987043,0.592521898,0.116026421,0.732429648,0.656128299,0.049315822,0.898440363,0.562367231,0.664469418,0.012331533,0.599866361,0.071349649,0.616573848,0.624004836,0.034450937,0.485585988,0.059144761,0.023250787,0.029663914,0,0.550252107,0.177611533,0.632563825,0.016308139,0,0,0,0.044410428,0.091439166,0.110958604,0.057223842,0.846513948,0.025443638,0.183871065,0,0.603039256,0.007435375,0.63194756,0.157541331,0.255372228,0.423088339,0.139401224,0.041969088,0.838194432,0.728369979,0.338844391,0.53829258,0.885390032,0.065643542,0,0,0,0,0,0,0.054879789,0.550792217,0.630105643,0,0.859778327,0.049459697,0.873736635,0.894408563,0.084686047,0.748386785,0.246209951,0.707647814,0.78143865,0.081876835,0.966461485,0.156982659,0.7754076,0,0.355246458,0.451424344,0.754769489,0.264253105,0.586427328,0.431757621,0.268126231,0.466883917,0.013641093,0.087252838,0.013049264,0,0,0.747168347,0.111566865,0,0,0.008826599,0.681080336,0,0,0.157320615,0.203279909,0.086996748,0.592214532,0,0.118057492,0.728879976,0.408236753,0,0.123011401,0.147316987,0.143605331
CbMPDiCbraya,Group,D1,DominantProcess,DL,DL,DL,HoS,DL,DR,DL,DL,HoS,DL,DL,HoS,HoS,DR,DR,DR,DR,DR,DR,DR,DR,DL,DR,DR,HD,DR,DR,DR,HoS,DR,HoS,DR,DR,HoS,DL,DL,HoS,DL,HoS,DR,DL,DR,DL,DL,DL,HoS,DL,DL,DL,HoS,DR,DL,HoS,HoS,DR,HoS,DR,DL,DL,DL,DL,DL,DR,DR,HoS,DR,DR,DL,HoS,HoS,HD,HD,HD,HD,HoS,DR,DR,HD,DR,HoS,DR,DR,HoS,DR,HD,DR,DR,HoS,DR,HoS,DR,HoS,HD,HD,DR,DL,DR,DR,DL,DR,HoS,DL,HoS,HoS,HoS,DR,HoS,HoS,HoS,DL,DR,HoS,HoS,HoS,DL,HoS,DR,HoS,HoS,DR,DR,HoS,DL,DL,HD
CbMPDiCbraya,Group,D1,DominantProcessImportance,0.947620443,0.809860868,0.824318635,0.536270957,0.979829424,0.773282986,0.815474836,0.992455407,1,0.898168071,0.389990717,0.670516147,1,0.698955872,0.864500098,0.793191625,0.491375824,0.564071326,0.866117052,0.609987043,0.592521898,0.540651065,0.732429648,0.656128299,0.950684178,0.898440363,0.562367231,0.664469418,0.987668467,0.599866361,0.843478576,0.616573848,0.624004836,0.94049185,0.505670905,0.854380938,0.505643467,0.932635565,1,0.550252107,0.455809314,0.632563825,0.983691861,0.606680481,1,1,0.668082156,0.908560834,0.889041396,0.932422394,0.846513948,0.958688336,0.665237341,1,0.603039256,0.575499376,0.63194756,0.842458669,0.605199986,0.560532309,0.848401076,0.858244915,0.838194432,0.728369979,0.483386849,0.53829258,0.885390032,0.916427799,1,1,1,0.721235207,0.76468241,0.827738041,0.911699791,0.550792217,0.630105643,1,0.859778327,0.595329862,0.873736635,0.894408563,0.819656976,0.748386785,0.753790049,0.707647814,0.78143865,0.777557493,0.966461485,0.68223347,0.7754076,1,0.635144549,0.548575656,0.754769489,0.735746895,0.586427328,0.431757621,0.731873769,0.466883917,0.976165567,0.511545951,0.570717681,1,1,0.747168347,0.753962895,1,1,0.991173401,0.681080336,1,1,0.788259443,0.796720091,0.786217982,0.592214532,0.990000091,0.601417286,0.728879976,0.408236753,1,0.710917857,0.755286295,0.716481273
CbMPDiCbraya,Group,D1,DominantProcessPvalue,0,0,0,0.4,0,0,0.01,0,0,0,0.32,0.07,0,0.01,0,0.01,0.3,0.31,0,0.12,0.25,0.25,0.02,0.07,0,0,0.3,0.17,0,0.32,0,0.14,0.16,0,0.42,0,0.43,0,0,0.17,0.34,0.22,0,0.13,0,0,0.09,0,0,0,0,0,0.02,0,0.06,0.25,0.2,0.01,0.1,0.24,0,0,0,0.02,0.34,0.19,0,0,0,0,0,0.08,0.02,0,0,0.05,0.18,0,0,0.32,0,0,0.01,0.01,0.01,0.03,0,0,0,0.03,0.01,0,0.28,0.35,0,0.03,0.3,0.38,0.02,0.31,0,0.32,0.27,0,0,0.04,0.01,0,0,0,0.03,0,0,0,0,0.02,0.25,0,0.13,0.02,0.4,0,0.01,0,0.01
CbMPDiCbraya,Group,D3,HeS,0,0,0.005821475,0,0,0,0.054605587,0,0,0,0,0,0,NaN,0,0,0,0,0,NaN,0,0,NaN,0,NaN,0,0,NaN,0,0,0.045412988,0,0,0,0,0,0.024006835,0,0.031893877,0,0,0.003056185,0,0,0,0,0,0,0,0.030479113,0,0,0,0,0,0,0,0,0,0,0,0,NaN,0,NaN,0.090446013,0,NaN,NaN,0,0,0,0,0,0,0,0,0,0,0,NaN,0,0,0,0,NaN,0,0,0,0,0,0,0,0,0,0,0,0,0,0,0,0,0,0.017413367,0,0,0,0,0.069023987,0.098846825,0,0,0,0,0,0,0,0,0,0,0,0,0,0.075345772,0
CbMPDiCbraya,Group,D3,HoS,0.521550112,0.280615988,0.153104758,0.105372358,0.088132241,1,0.057337605,0.013004374,0.999205185,0.058267139,0,0,0.164990843,NaN,0,0,0,0.105263158,0,NaN,0.052631579,0.232642939,NaN,0.964981352,NaN,0,0,NaN,0,0.120929211,0.792795618,0,0.409532241,0.798779206,0.976195016,0.057314959,0.160725501,0.216556516,0.614630711,0.011587747,0.747698977,0.784689229,0.411095671,0,0.315606211,1,0.530014672,0.067163894,0.079260582,0.468838415,0.847824083,0.43345876,1,1,0.010528465,0,0.042107185,0.035091157,0.096902887,0.017675629,0.149153553,0.085859813,NaN,0,NaN,0.310927175,0,NaN,NaN,0.12390569,0.282539142,0.758118768,0,1,1,0.170121385,0.765981752,0.623788565,0.084256092,0.210526316,NaN,0.425868622,0.214978021,0.014792729,0,NaN,0,0.072938779,0.841372375,0.104925396,0.188997947,0.251212546,0.500991797,0.491455373,0.088024713,0.207585909,0,0.018794297,0.135802749,0.74103775,0.460643205,0.153346229,0.114524734,0.849098671,0,0.568337222,0.656074666,0.41652249,0.700297401,0.053139501,0.163991589,0.931557824,0.625046953,0.992918654,0,0.577950917,0.219087576,0.866284935,0,0.052631579,0.208440344,1,0.214719769,0.034957808,0.022192395
CbMPDiCbraya,Group,D3,DL,0,0,0,0,0,0,0,0,0,0,0,0,0,NaN,0,0,0,0,0,NaN,0,0,NaN,0.008684127,NaN,0,0,NaN,0,0,0,0,0,0,0.007635677,0.393259507,0,0,0,0,0,0,0,0,0,0,0,0,0,0,0,0,0,0,0,0,0,0,0.359326722,0,0,0,NaN,0,NaN,0.409491941,0,NaN,NaN,0.090388848,0,0,0,0,0,0,0,0,0,0,NaN,0,0,0.007256982,0,NaN,0,0,0,0,0,0,0,0,0,0,0,0,0,0,0,0.027341688,0,0,0,0,0,0,0,0,0,0,0,0,0.013714087,0,0,0.018996174,0,0,0,0,0,0,0
CbMPDiCbraya,Group,D3,HD,0.267495452,0.05237665,0,0.026382866,0,0,0.027532601,0.012220082,0.000794815,0.105354191,0.736842105,0,0.240000882,NaN,0.634305218,1,0.368421053,0.790336426,0.631578947,NaN,0.947368421,0.580895616,NaN,0.002652487,NaN,0.052631579,0.947368421,NaN,1,0.551266709,0,0.473684211,0.098966147,0.001364965,0,0,0,0.024472524,0.109032017,0,0.023466667,0.002273033,0.073835016,0,0,0,0.033027593,0,0,0.290117051,0.005559476,0.052605405,0,0,0.032891964,0.019450649,0.957892815,0,0.208157043,0,0.781970731,0.087736499,NaN,0.526315789,NaN,0.000359355,0,NaN,NaN,0.029795529,0.117724317,0.002828776,0.012730742,0,0,0.417923271,0,0.302024662,0.319706545,0.078723364,NaN,0.044624664,0.725429448,0.004313322,0.234377152,NaN,0.026353914,0.337961545,0.016443702,0.736503216,0.008050714,0.748787454,0.039091801,0.271211544,0.606212621,0.035266897,0,0,0.002496404,0,0.469679729,0.013395267,0.100592138,0.0136796,0.499975057,0.003618228,0.010699205,0.004657207,0.031397198,0.467729538,0.539895575,0.020091234,0.062042964,0,0.003944035,0.140451314,0.461915182,0,0,0,0.006775547,0,0.010684075,0.143791656,0
CbMPDiCbraya,Group,D3,DR,0.210954435,0.667007361,0.841073768,0.868244776,0.911867759,0,0.860524207,0.974775544,0,0.83637867,0.263157895,1,0.595008275,NaN,0.365694782,0,0.631578947,0.104400416,0.368421053,NaN,0,0.186461445,NaN,0.023682035,NaN,0.947368421,0.052631579,NaN,0,0.327804081,0.161791395,0.526315789,0.491501612,0.19985583,0.016169306,0.549425534,0.815267663,0.75897096,0.244443395,0.988412253,0.228834356,0.209981553,0.515069312,1,0.684393789,0,0.436957735,0.932836106,0.920739418,0.210565421,0.146616441,0.513935835,0,0,0.956579571,0.980549351,0,0.964908843,0.335613348,0.982324371,0.068875716,0.826403688,NaN,0.473684211,NaN,0.188775516,1,NaN,NaN,0.755909933,0.599736541,0.239052457,0.987269258,0,0,0.411955343,0.234018248,0.074186773,0.596037363,0.71075032,NaN,0.529506713,0.059592531,0.973636968,0.765622848,NaN,0.973646086,0.589099676,0.142183923,0.158571389,0.802951339,0,0.459916401,0.237333083,0.305762666,0.757147194,1,0.981205703,0.861700848,0.25896225,0.069677066,0.805916816,0.784883128,0.119808362,0.500024943,0.42804455,0.33322613,0.578820303,0.199281413,0.380284136,0.296112836,0.048350942,0.312910083,0.007081346,0.982341878,0.281597769,0.318997242,0.114718891,1,0.947368421,0.784784109,0,0.774596156,0.745904763,0.977807605
CbMPDiCbraya,Group,D3,DominantProcess,HoS,DR,DR,DR,DR,HoS,DR,DR,HoS,DR,HD,DR,DR,,HD,HD,DR,HD,HD,,HD,HD,,HoS,,DR,HD,,HD,HD,HoS,DR,DR,HoS,HoS,DR,DR,DR,HoS,DR,HoS,HoS,DR,DR,DR,HoS,HoS,DR,DR,HoS,HoS,DR,HoS,HoS,DR,DR,HD,DR,DL,DR,HD,DR,,HD,,DL,DR,,,DR,DR,HoS,DR,HoS,HoS,HD,HoS,HoS,DR,DR,,DR,HD,DR,DR,,DR,DR,HoS,HD,DR,HD,HoS,HoS,HD,DR,DR,DR,DR,HoS,HD,DR,DR,HoS,DR,HoS,HoS,DR,HoS,HD,HD,HoS,HoS,HoS,DR,HoS,HD,HoS,DR,DR,DR,HoS,DR,DR,DR
CbMPDiCbraya,Group,D3,DominantProcessImportance,0.521550112,0.667007361,0.841073768,0.868244776,0.911867759,1,0.860524207,0.974775544,0.999205185,0.83637867,0.736842105,1,0.595008275,NaN,0.634305218,1,0.631578947,0.790336426,0.631578947,NaN,0.947368421,0.580895616,NaN,0.964981352,NaN,0.947368421,0.947368421,NaN,1,0.551266709,0.792795618,0.526315789,0.491501612,0.798779206,0.976195016,0.549425534,0.815267663,0.75897096,0.614630711,0.988412253,0.747698977,0.784689229,0.515069312,1,0.684393789,1,0.530014672,0.932836106,0.920739418,0.468838415,0.847824083,0.513935835,1,1,0.956579571,0.980549351,0.957892815,0.964908843,0.359326722,0.982324371,0.781970731,0.826403688,NaN,0.526315789,NaN,0.409491941,1,NaN,NaN,0.755909933,0.599736541,0.758118768,0.987269258,1,1,0.417923271,0.765981752,0.623788565,0.596037363,0.71075032,NaN,0.529506713,0.725429448,0.973636968,0.765622848,NaN,0.973646086,0.589099676,0.841372375,0.736503216,0.802951339,0.748787454,0.500991797,0.491455373,0.606212621,0.757147194,1,0.981205703,0.861700848,0.74103775,0.469679729,0.805916816,0.784883128,0.849098671,0.500024943,0.568337222,0.656074666,0.578820303,0.700297401,0.467729538,0.539895575,0.931557824,0.625046953,0.992918654,0.982341878,0.577950917,0.461915182,0.866284935,1,0.947368421,0.784784109,1,0.774596156,0.745904763,0.977807605
CbMPDiCbraya,Group,D3,DominantProcessPvalue,0.14,0.01,0,0,0,0,0,0,0,0,0.36,0.16,0.08,,0.21,0.14,0.41,0.06,0.4,,0.1,0.09,,0,,0.27,0.27,,0.19,0.31,0.01,0.48,0.4,0,0,0.26,0.01,0.02,0.05,0,0.04,0.04,0.31,0.06,0.1,0,0.39,0,0,0.37,0,0.4,0,0,0,0,0,0.03,0.51,0,0,0,,0.59,,0.55,0.39,,,0,0.06,0.05,0,0,0,0.56,0.01,0.09,0.46,0,,0.41,0.15,0,0,,0.13,0.36,0.01,0,0,0.03,0.5,0.19,0.07,0.03,0.42,0,0,0.03,0.42,0.01,0,0.01,0.55,0.24,0.14,0.29,0.01,0.39,0.09,0,0.14,0,0,0.22,0.28,0,0,0.12,0,0,0.02,0.01,0
CbMPDiCbraya,Group,D5,HeS,0,NaN,0,NaN,0,0,0.016376435,0,0,0,NaN,NaN,0,0,NaN,NaN,NaN,NaN,NaN,NaN,0,NaN,NaN,0.245388131,NaN,0,0.052631579,NaN,0.046535298,0,0,NaN,0,0,0,0,0,0,0,0,0,0.071334972,0.017216147,NaN,0,0,0.053248123,0,NaN,0,0,0,0,0,0,0,0,NaN,0.034569264,NaN,NaN,0,NaN,NaN,NaN,NaN,NaN,NaN,0,0,0,0,0,0,0,0,0,0,0,NaN,0,NaN,0,0,0,NaN,0,0,0.041180889,NaN,0,NaN,0,0,NaN,0,0,0,0.032543549,0,0,0,0,0,NaN,0,0,0,0,NaN,0,0,0,0,0,0.005549885,0.025894768,0,0,NaN,0,0.005373003,0,0.135286639,0.008286064
CbMPDiCbraya,Group,D5,HoS,0.034788003,NaN,0.037074417,NaN,0,0.898101751,0.305987605,0.13827562,0.067297051,0.210526316,NaN,NaN,0,0,NaN,NaN,NaN,NaN,NaN,NaN,0,NaN,NaN,0.583997216,NaN,0,0,NaN,0,0.019948546,0.866659883,NaN,0.390176005,0.459026042,0.453039436,0.044386086,0,0,0.043369857,0,0.426865771,0.765173947,0.525558095,NaN,0.136194114,0.998306236,0.803474586,0.736842105,NaN,0.022357196,0.125119163,0.500858643,1,1,0.010848281,0.004268374,0,NaN,0.331888109,NaN,NaN,0.003459623,NaN,NaN,NaN,NaN,NaN,NaN,0,0,1,0.857943181,0.11856317,0.507727732,0.623755262,0.013188342,0.855080854,0.611559098,0.036587742,NaN,0,NaN,0,0.531509406,0.081554338,NaN,0.026892274,0.052631579,0.696761292,NaN,0,NaN,0.724072218,0.072794772,NaN,0.292395902,0,0.020485734,0.134314606,0.783357596,0.270518967,0.648850228,0,0,NaN,0.921185267,0,0.330279394,0.052631579,NaN,0.0674817,0.871213555,0,0.888876677,0.045004275,0.78784293,0.675910491,0.938769181,0.506072022,NaN,0.574144876,0.787319989,0.044521652,0.280782655,0.376627304
CbMPDiCbraya,Group,D5,DL,0,NaN,0,NaN,0,0.034579155,0.362381714,0,0.651719069,0,NaN,NaN,0,0,NaN,NaN,NaN,NaN,NaN,NaN,0,NaN,NaN,0,NaN,0,0,NaN,0,0,0,NaN,0,0,0,0,0,0,0,0.684210526,0,0,0,NaN,0,0,0,0,NaN,0,0,0,0,0,0,0,0,NaN,0,NaN,NaN,0,NaN,NaN,NaN,NaN,NaN,NaN,0,0,0,0.062227362,0.48131133,0.02419954,0.03573311,0,0,0,0,NaN,0,NaN,0,0.00754488,0,NaN,0,0,0,NaN,0.105263158,NaN,0,0,NaN,0.160550148,0,0,0.013211539,0,0,0,0,0,NaN,0,0,0,0,NaN,0,0,0,0,0.684529877,0.189946196,0.013477454,0.011168895,0,NaN,0,0,0,0,0
CbMPDiCbraya,Group,D5,HD,0.794855772,NaN,0,NaN,0,0,0,0.115537012,0.003266192,0.009266974,NaN,NaN,0.842105263,0,NaN,NaN,NaN,NaN,NaN,NaN,0.894736842,NaN,NaN,0.007973714,NaN,0,0.142081054,NaN,0.172322248,0.157842379,0,NaN,0.060407922,0,0,0,0,0.315789474,0.083518341,0,0.046379189,0,0.018177978,NaN,0,0,0,0.005644748,NaN,0.742568366,0.470891058,0.499141357,0,0,0.033802446,0.89308649,1,NaN,0.069561773,NaN,NaN,0.263725089,NaN,NaN,NaN,NaN,NaN,NaN,0.210526316,0.105263158,0,0,0,0,0,0.038064558,0,0.060847359,0.127140063,NaN,0,NaN,0.368421053,0,0.0523115,NaN,0,0.335806122,0.005663059,NaN,0,NaN,0.000256945,0.216705172,NaN,0.002749768,0,0,0.009149113,0,0.199714498,0.00158866,0,0,NaN,0,0.982481979,0,0.947368421,NaN,0.028088882,0,0.052631579,0,0.043409898,0,9.75E-05,0,0,NaN,0,0,0,0.109890764,0
CbMPDiCbraya,Group,D5,DR,0.170356225,NaN,0.962925583,NaN,1,0.067319094,0.315254246,0.746187368,0.277717688,0.78020671,NaN,NaN,0.157894737,1,NaN,NaN,NaN,NaN,NaN,NaN,0.105263158,NaN,NaN,0.162640939,NaN,1,0.805287367,NaN,0.781142454,0.822209076,0.133340117,NaN,0.549416072,0.540973958,0.546960564,0.955613914,1,0.684210526,0.873111802,0.315789474,0.52675504,0.163491082,0.439047779,NaN,0.863805886,0.001693764,0.143277291,0.257513147,NaN,0.235074438,0.403989779,0,0,0,0.955349273,0.102645136,0,NaN,0.563980854,NaN,NaN,0.732815288,NaN,NaN,NaN,NaN,NaN,NaN,0.789473684,0.894736842,0,0.079829458,0.4001255,0.468072728,0.340511628,0.9487471,0.144919146,0.327593543,0.836272195,NaN,1,NaN,0.631578947,0.460945714,0.866134162,NaN,0.973107726,0.6115623,0.25639476,NaN,0.894736842,NaN,0.275670836,0.710500056,NaN,0.544304182,1,0.979514266,0.810781193,0.216642404,0.529766535,0.349561111,1,1,NaN,0.078814733,0.017518021,0.669720606,0,NaN,0.904429418,0.128786445,0.947368421,0.111123323,0.22705595,0.016660989,0.284619834,0.050061925,0.493927978,NaN,0.425855124,0.207307008,0.955478348,0.474039942,0.615086632
CbMPDiCbraya,Group,D5,DominantProcess,HD,,DR,,DR,HoS,DL,DR,DL,DR,,,HD,DR,,,,,,,HD,,,HoS,,DR,DR,,DR,DR,HoS,,DR,DR,DR,DR,DR,DR,DR,DL,DR,HoS,HoS,,DR,HoS,HoS,HoS,,HD,HD,HoS,HoS,HoS,DR,HD,HD,,DR,,,DR,,,,,,,DR,DR,HoS,HoS,DL,HoS,HoS,DR,HoS,HoS,DR,,DR,,DR,HoS,DR,,DR,DR,HoS,,DR,,HoS,DR,,DR,DR,DR,DR,HoS,DR,HoS,DR,DR,,HoS,HD,DR,HD,,DR,HoS,DR,HoS,DL,HoS,HoS,HoS,HoS,,HoS,HoS,DR,DR,DR
CbMPDiCbraya,Group,D5,DominantProcessImportance,0.794855772,NaN,0.962925583,NaN,1,0.898101751,0.362381714,0.746187368,0.651719069,0.78020671,NaN,NaN,0.842105263,1,NaN,NaN,NaN,NaN,NaN,NaN,0.894736842,NaN,NaN,0.583997216,NaN,1,0.805287367,NaN,0.781142454,0.822209076,0.866659883,NaN,0.549416072,0.540973958,0.546960564,0.955613914,1,0.684210526,0.873111802,0.684210526,0.52675504,0.765173947,0.525558095,NaN,0.863805886,0.998306236,0.803474586,0.736842105,NaN,0.742568366,0.470891058,0.500858643,1,1,0.955349273,0.89308649,1,NaN,0.563980854,NaN,NaN,0.732815288,NaN,NaN,NaN,NaN,NaN,NaN,0.789473684,0.894736842,1,0.857943181,0.48131133,0.507727732,0.623755262,0.9487471,0.855080854,0.611559098,0.836272195,NaN,1,NaN,0.631578947,0.531509406,0.866134162,NaN,0.973107726,0.6115623,0.696761292,NaN,0.894736842,NaN,0.724072218,0.710500056,NaN,0.544304182,1,0.979514266,0.810781193,0.783357596,0.529766535,0.648850228,1,1,NaN,0.921185267,0.982481979,0.669720606,0.947368421,NaN,0.904429418,0.871213555,0.947368421,0.888876677,0.684529877,0.78784293,0.675910491,0.938769181,0.506072022,NaN,0.574144876,0.787319989,0.955478348,0.474039942,0.615086632
CbMPDiCbraya,Group,D5,DominantProcessPvalue,0.04,,0.03,,0,0,0.62,0,0.18,0,,,0.32,0.11,,,,,,,0.36,,,0.31,,0.39,0.16,,0.12,0.13,0.27,,0.42,0.37,0.35,0,0.35,0.33,0,0.37,0.34,0.01,0.28,,0,0,0,0.03,,0,0.46,0.52,0,0,0,0,0.35,,0.28,,,0.1,,,,,,,0.29,0.36,0,0,0.26,0.46,0.16,0,0,0.15,0.03,,0.39,,0.36,0.32,0,,0.03,0.27,0.03,,0.35,,0.03,0.25,,0.18,0.35,0.01,0,0.02,0.09,0.13,0.36,0.29,,0,0.14,0.1,0.13,,0,0,0.39,0,0.37,0,0.07,0,0.54,,0.23,0.01,0,0.19,0.11
CbMPDiCbraya,Group,D6,HeS,0,NaN,NaN,NaN,0,0.010052041,0,0.006751004,0.011743219,0,NaN,NaN,NaN,0,NaN,NaN,0,NaN,NaN,NaN,NaN,0,NaN,0,NaN,0,0,0,0.102393623,0,0.056902289,0,0,0,0.001379802,0.000408387,0,NaN,0.169908388,0.076608882,0.003186323,0.202698608,0.007176547,NaN,0,0.013402781,0.036721829,0,0,0.100091752,0,0.00998659,0.039609392,0,0,0.001242987,NaN,NaN,0.006529629,NaN,0,0,NaN,NaN,NaN,0,0,NaN,0,NaN,0,0.159667587,0,0.018340893,0.124702368,0,0.143868077,0,0,NaN,0,0,0,0.01616938,0,NaN,0,NaN,0,0,0,0,0.358908744,0,0,0.002694421,0,0,0.00195966,0,0,0.017662003,0,NaN,NaN,0.196787341,0,0.254317203,0,0,0.05336391,0,0,0.205623673,0,0.042982261,0.00568585,0.053805613,0,0,0.033909681,0.352275929,0,0,0
CbMPDiCbraya,Group,D6,HoS,0.025641026,NaN,NaN,NaN,0.02463842,0.54946375,0.16294518,0.308781312,0.480893138,0.025641026,NaN,NaN,NaN,0.017146432,NaN,NaN,0,NaN,NaN,NaN,NaN,0.051282051,NaN,0.166532428,NaN,0.025641026,0,0,0.311253258,0.130909712,0.032953294,0,0.325076069,0.324918657,0.622332982,0.01242377,0.307692308,NaN,0.277026492,0.132823067,0.12983802,0.605845438,0.465074595,NaN,0,0.981210937,0.903460619,0.277449111,0.051282051,0.129449596,0.105259426,0.260421422,0.929278806,1,0.065548934,0.002889599,NaN,NaN,0.223107191,NaN,0,0.026008772,NaN,NaN,NaN,0,0.102564103,NaN,0,NaN,0.907160174,0.592292759,0.00011509,0.116885749,0.720565222,0.149792618,0.480023744,0.129292183,0.056243805,NaN,0,0,0,0.296776034,0.297959633,NaN,0.096507351,NaN,0.278485284,0.025641026,0.005223951,0,0.537236558,0.266347048,0,0.12421637,0.037426503,0.050832034,0.209136327,0.710030007,0.575600997,0.730205646,0.002244525,NaN,NaN,0.512271602,0.013184846,0.234101385,0.061707356,0,0.777790156,0.887081922,0.034106858,0.630390448,0.332473884,0.767526956,0.627398484,0.74641899,0.970652402,0.037315872,0.67756589,0.566466984,0.0131538,0.254447479,0.278146756
CbMPDiCbraya,Group,D6,DL,0,NaN,NaN,NaN,0,0.009841849,0.153234078,0,0,0,NaN,NaN,NaN,0,NaN,NaN,0,NaN,NaN,NaN,NaN,0,NaN,0,NaN,0,0,0,0,0,0,0,0,0,0.058043491,0,0.380393228,NaN,0,0.738528546,0,0.075302109,0.032792099,NaN,0,0,0.0049295,0,0,0,0,0,0,0,0.011183943,0,NaN,NaN,0.685830613,NaN,0,0,NaN,NaN,NaN,0,0,NaN,0,NaN,0.008287453,0.161145201,0.338354653,0.776401614,0.004980306,0,0,0,0,NaN,0,0,0,0.010819934,0.082162922,NaN,0,NaN,0,0,0.105646787,0,0.07520092,0,0,0,0,0,0.142715725,0,0,0,0.785722689,NaN,NaN,0,0,0,0,0,0,0.004612468,0,0,0,0.066530702,0.005140961,0,0.007069008,0,0,0,0,0,0.022067415
CbMPDiCbraya,Group,D6,HD,0.33872146,NaN,NaN,NaN,0,0,0,0.04271116,0,0,NaN,NaN,NaN,0,NaN,NaN,0,NaN,NaN,NaN,NaN,0.062861663,NaN,0.012940064,NaN,0,0.018996479,0,0.008331205,0.127861059,0,0,0.002600899,0.000175733,0,0.000316867,0,NaN,0.007619984,0,0.003300459,0,0.00139632,NaN,0,0,0,0.001626394,0,0.082401766,0.080085109,0.110861721,0,0,0,0.064975293,NaN,NaN,0.02842253,NaN,0.41025641,0.58755155,NaN,NaN,NaN,0,0,NaN,0.012786765,NaN,0,0.000440414,0.000519457,0.000564181,6.16E-06,0.023171127,3.88E-05,0.004984071,0.036898609,NaN,0,0,0.58974359,0.000177104,0.009688876,NaN,0,NaN,0.041168933,0.050842288,0,1,2.43E-07,0.000143728,0.076923077,0.091973261,0,0,0.005094075,0,0.003638163,0.000241445,0,NaN,NaN,0.000218367,0.809623338,0,0.918118304,0,0.001664508,0,0.008602694,0.000124908,0.029912557,0,0,0.00175676,0,0,0,0.007417053,0,0.004946579,0
CbMPDiCbraya,Group,D6,DR,0.635637515,NaN,NaN,NaN,0.97536158,0.43064236,0.683820743,0.641756525,0.507363643,0.974358974,NaN,NaN,NaN,0.982853568,NaN,NaN,1,NaN,NaN,NaN,NaN,0.885856286,NaN,0.820527508,NaN,0.974358974,0.981003521,1,0.578021913,0.741229229,0.910144417,1,0.672323032,0.674905611,0.318243725,0.986850975,0.311914465,NaN,0.545445136,0.052039505,0.863675198,0.116153845,0.493560439,NaN,1,0.005386282,0.054888052,0.720924495,0.948717949,0.688056887,0.814655465,0.618730267,0.031111801,0,0.923267124,0.930892121,NaN,NaN,0.056110037,NaN,0.58974359,0.386439678,NaN,NaN,NaN,1,0.897435897,NaN,0.987213235,NaN,0.084552373,0.086454038,0.6610108,0.087807563,0.149745944,0.827036255,0.376069403,0.865723746,0.906857586,NaN,1,1,0.41025641,0.676057548,0.610188569,NaN,0.903492649,NaN,0.680345782,0.923516686,0.889129261,0,0.028653535,0.733509224,0.923076923,0.781115947,0.962573497,0.949167966,0.641094212,0.289969993,0.42076084,0.251890906,0.212032786,NaN,NaN,0.29072269,0.177191817,0.511581412,0.02017434,1,0.167181426,0.10830561,0.957290448,0.163860971,0.637613558,0.122960082,0.361774704,0.198018637,0.02227859,0.962684128,0.288524428,0.073840034,0.9868462,0.740605942,0.699785829
CbMPDiCbraya,Group,D6,DominantProcess,DR,,,,DR,HoS,DR,DR,DR,DR,,,,DR,,,DR,,,,,DR,,DR,,DR,DR,DR,DR,DR,DR,DR,DR,DR,HoS,DR,DL,,DR,DL,DR,HoS,DR,,DR,HoS,HoS,DR,DR,DR,DR,DR,HoS,HoS,DR,DR,,,DL,,DR,HD,,,,DR,DR,,DR,,HoS,HoS,DR,DL,HoS,DR,HoS,DR,DR,,DR,DR,HD,DR,DR,,DR,,DR,DR,DR,HD,HoS,DR,DR,DR,DR,DR,DR,HoS,HoS,HoS,DL,,,HoS,HD,DR,HD,DR,HoS,HoS,DR,HoS,DR,HoS,HoS,HoS,HoS,DR,HoS,HoS,DR,DR,DR
CbMPDiCbraya,Group,D6,DominantProcessImportance,0.635637515,NaN,NaN,NaN,0.97536158,0.54946375,0.683820743,0.641756525,0.507363643,0.974358974,NaN,NaN,NaN,0.982853568,NaN,NaN,1,NaN,NaN,NaN,NaN,0.885856286,NaN,0.820527508,NaN,0.974358974,0.981003521,1,0.578021913,0.741229229,0.910144417,1,0.672323032,0.674905611,0.622332982,0.986850975,0.380393228,NaN,0.545445136,0.738528546,0.863675198,0.605845438,0.493560439,NaN,1,0.981210937,0.903460619,0.720924495,0.948717949,0.688056887,0.814655465,0.618730267,0.929278806,1,0.923267124,0.930892121,NaN,NaN,0.685830613,NaN,0.58974359,0.58755155,NaN,NaN,NaN,1,0.897435897,NaN,0.987213235,NaN,0.907160174,0.592292759,0.6610108,0.776401614,0.720565222,0.827036255,0.480023744,0.865723746,0.906857586,NaN,1,1,0.58974359,0.676057548,0.610188569,NaN,0.903492649,NaN,0.680345782,0.923516686,0.889129261,1,0.537236558,0.733509224,0.923076923,0.781115947,0.962573497,0.949167966,0.641094212,0.710030007,0.575600997,0.730205646,0.785722689,NaN,NaN,0.512271602,0.809623338,0.511581412,0.918118304,1,0.777790156,0.887081922,0.957290448,0.630390448,0.637613558,0.767526956,0.627398484,0.74641899,0.970652402,0.962684128,0.67756589,0.566466984,0.9868462,0.740605942,0.699785829
CbMPDiCbraya,Group,D6,DominantProcessPvalue,0.3,,,,0.06,0.36,0,0.01,0.45,0.16,,,,0,,,0.33,,,,,0.05,,0.11,,0.04,0.14,0.47,0.01,0,0,0.36,0.01,0.02,0.09,0,0.36,,0.13,0.01,0,0,0.48,,0.38,0,0,0.07,0.04,0.04,0,0.02,0,0,0,0,,,0.36,,0.5,0.17,,,,0.33,0.01,,0.15,,0,0,0.07,0.01,0,0,0.36,0,0,,0.02,0.21,0.46,0.01,0.02,,0,,0.03,0.08,0,0.38,0.33,0,0.4,0.01,0,0,0,0.01,0.24,0,0.4,,,0.2,0.05,0.23,0.01,0.34,0,0,0.02,0.01,0.08,0,0.08,0,0,0,0.01,0.41,0,0.01,0
CbMPDiCbraya,Group,D7,HeS,NaN,NaN,0,NaN,0,0.012160654,0,0,0.163826194,NaN,NaN,NaN,NaN,0,NaN,0,NaN,0,NaN,NaN,0,0,NaN,0,0,0.030264665,0,0,0.007976113,0,0.020093681,0,0.002591256,0,0.561912746,0.004142962,NaN,0,0,0,0,0.102102912,0.146250043,NaN,NaN,0.376196149,0,0,0,0,0,0.011599472,0.030857325,0,0.014245888,0,0,NaN,0,NaN,0,0,NaN,NaN,NaN,0,0,NaN,NaN,NaN,0.030328329,0.121395173,3.67E-05,0.208117464,0.209381091,0.018656689,0,0.304653865,0,NaN,0,0,NaN,0.047384349,0.01734356,0,0,0,0,0,0,NaN,0.346575181,0.080422543,0,0,0,0,0.010877139,0,0.032419768,0.095678525,0,NaN,NaN,0,0,NaN,0,0,0,0.031781271,NaN,1,0.231396124,0,0.088297907,0.505589013,0.477672615,0,0.030908779,0.839161178,0,0.045980636,0.01823153
CbMPDiCbraya,Group,D7,HoS,NaN,NaN,0,NaN,0,0.263568182,0.03893631,0.120071278,0.817649192,NaN,NaN,NaN,NaN,0.004751144,NaN,0,NaN,0,NaN,NaN,0.032500267,0.076923077,NaN,0.632688029,0,0.008247941,0.073196667,0.046461554,0.429446364,0.044516968,0.247145404,0.000907956,0.16446409,0.426802556,0.083651339,0.002664051,NaN,0,0.056218659,0.003430956,0.127216952,0.153581876,0.512512638,NaN,NaN,0.489240666,0.373488731,0.051282051,0,0,0.111544937,0.630311196,0.954373036,0.962745293,0.509395669,0.077597716,0,NaN,0.196540797,NaN,0,0.025641026,NaN,NaN,NaN,0.025641026,0.025641026,NaN,NaN,NaN,0.412673231,0.365681501,0.130018278,0.04833852,0.739261895,0.079286676,0.001605351,0.297781025,0.001943628,NaN,0.006752086,0,NaN,0.030388218,0.278426526,0,0.071716398,0,0.071690825,0,0.097018193,NaN,0.366444898,0.483013888,0,0.304027622,0,0.093188916,0.335535279,0.448032015,0.82026691,0.516434248,0,NaN,NaN,0,0.025641026,NaN,0,0,0.017408694,0.952323715,NaN,0,0.149054498,0.537919334,0.115691422,0.163594972,0.509698399,0.003214754,0.81815948,0,0,0.185544855,0.140177381
CbMPDiCbraya,Group,D7,DL,NaN,NaN,0,NaN,0.12761655,0.15336913,0.100330142,0,0,NaN,NaN,NaN,NaN,0,NaN,0,NaN,0,NaN,NaN,0,0,NaN,0,0,0,0,0,0,0,0,0.634205045,0.687163785,0.014310385,0,0,NaN,0,0,0.132956883,0,0.024430567,0,NaN,NaN,0,0,0,0,0,0.30307202,0,0,0,0.01943392,0,0,NaN,0,NaN,0,0,NaN,NaN,NaN,0.376898927,0,NaN,NaN,NaN,0.176125255,0,0.461429342,0,0,0.542820339,0,0.283447526,0.940013811,NaN,0,0,NaN,0,0.004767633,0,0,0,0,0,0,NaN,0.171468408,0.398929232,0,0,0.401176767,0.011179583,0,0,0.027775524,0,0,NaN,NaN,0,0,NaN,0,0,0,0,NaN,0,0,0.234244504,0.062911995,0,0,0.013471707,0,0,0,0,0
CbMPDiCbraya,Group,D7,HD,NaN,NaN,0,NaN,0,0,0,0.000197739,0.000105077,NaN,NaN,NaN,NaN,0,NaN,0,NaN,0,NaN,NaN,0.001821026,0,NaN,0,0,0,0,0,0,0,0,0,0,0,0,0,NaN,0,0,0,0,0,0.000617637,NaN,NaN,3.73E-05,0,0,0,0,0,0.000281046,0,0,0,0.0008214,0.029813954,NaN,0.03199453,NaN,0,0.010801248,NaN,NaN,NaN,0,0,NaN,NaN,NaN,0,5.16E-05,0,0.000303317,4.72E-07,0,0,6.02E-06,0,NaN,0,0,NaN,0.000220726,1.02E-06,0,0,0,0.002194075,0,0,NaN,0,0,0,0,0,0,0,0,3.67E-05,3.84E-05,0,NaN,NaN,0,0.026234957,NaN,0.082286003,0,0,6.15E-06,NaN,0,0.003143156,0,0,0.000355692,0,0,0,0.003557837,0,0,0
CbMPDiCbraya,Group,D7,DR,NaN,NaN,1,NaN,0.87238345,0.570902034,0.860733549,0.879730983,0.018419537,NaN,NaN,NaN,NaN,0.995248856,NaN,1,NaN,1,NaN,NaN,0.965678707,0.923076923,NaN,0.367311971,1,0.961487394,0.926803333,0.953538446,0.562577523,0.955483032,0.732760915,0.364886999,0.145780869,0.558887059,0.354435915,0.993192987,NaN,1,0.943781341,0.863612161,0.872783048,0.719884645,0.340619682,NaN,NaN,0.13452591,0.626511269,0.948717949,1,1,0.585383043,0.357808285,0.014769638,0.037254707,0.456924523,0.921580885,0.970186046,NaN,0.771464672,NaN,1,0.963557726,NaN,NaN,NaN,0.597460047,0.974358974,NaN,NaN,NaN,0.380873185,0.512871762,0.408515631,0.743240699,0.051356541,0.359236296,0.998394649,0.114111562,0.058042561,NaN,0.993247914,1,NaN,0.922006707,0.699461257,1,0.928283602,1,0.926115099,1,0.902981807,NaN,0.115511513,0.037634337,1,0.695972378,0.598823233,0.895631501,0.653587582,0.551967985,0.119501098,0.387848779,1,NaN,NaN,1,0.948124017,NaN,0.917713997,1,0.982591306,0.015888862,NaN,0,0.616406222,0.227836162,0.733098676,0.330460324,0.012628986,0.983313539,0.150931741,0.157280985,1,0.768474509,0.841591088
CbMPDiCbraya,Group,D7,DominantProcess,,,DR,,DR,DR,DR,DR,HoS,,,,,DR,,DR,,DR,,,DR,DR,,HoS,DR,DR,DR,DR,DR,DR,DR,DL,DL,DR,HeS,DR,,DR,DR,DR,DR,DR,HoS,,,HoS,DR,DR,DR,DR,DR,HoS,HoS,HoS,HoS,DR,DR,,DR,,DR,DR,,,,DR,DR,,,,HoS,DR,DL,DR,HoS,DL,DR,HeS,DL,,DR,DR,,DR,DR,DR,DR,DR,DR,DR,DR,,HoS,HoS,DR,DR,DR,DR,DR,DR,HoS,HoS,DR,,,DR,DR,,DR,DR,DR,HoS,,HeS,DR,HoS,DR,HeS,HoS,DR,HoS,HeS,DR,DR,DR
CbMPDiCbraya,Group,D7,DominantProcessImportance,NaN,NaN,1,NaN,0.87238345,0.570902034,0.860733549,0.879730983,0.817649192,NaN,NaN,NaN,NaN,0.995248856,NaN,1,NaN,1,NaN,NaN,0.965678707,0.923076923,NaN,0.632688029,1,0.961487394,0.926803333,0.953538446,0.562577523,0.955483032,0.732760915,0.634205045,0.687163785,0.558887059,0.561912746,0.993192987,NaN,1,0.943781341,0.863612161,0.872783048,0.719884645,0.512512638,NaN,NaN,0.489240666,0.626511269,0.948717949,1,1,0.585383043,0.630311196,0.954373036,0.962745293,0.509395669,0.921580885,0.970186046,NaN,0.771464672,NaN,1,0.963557726,NaN,NaN,NaN,0.597460047,0.974358974,NaN,NaN,NaN,0.412673231,0.512871762,0.461429342,0.743240699,0.739261895,0.542820339,0.998394649,0.304653865,0.940013811,NaN,0.993247914,1,NaN,0.922006707,0.699461257,1,0.928283602,1,0.926115099,1,0.902981807,NaN,0.366444898,0.483013888,1,0.695972378,0.598823233,0.895631501,0.653587582,0.551967985,0.82026691,0.516434248,1,NaN,NaN,1,0.948124017,NaN,0.917713997,1,0.982591306,0.952323715,NaN,1,0.616406222,0.537919334,0.733098676,0.505589013,0.509698399,0.983313539,0.81815948,0.839161178,1,0.768474509,0.841591088
CbMPDiCbraya,Group,D7,DominantProcessPvalue,,,0.36,,0.12,0.06,0,0,0,,,,,0,,0.4,,0.4,,,0,0.01,,0.39,0.34,0,0,0,0.23,0,0.11,0.36,0.35,0.17,0.45,0,,0.35,0,0,0,0.11,0.31,,,0.35,0.31,0.03,0.39,0.11,0.17,0.07,0,0,0.34,0,0.12,,0,,0.35,0.14,,,,0.21,0.16,,,,0.52,0.45,0.54,0.05,0,0.36,0.01,0.55,0.09,,0,0.34,,0,0,0.34,0,0.29,0,0.34,0,,0.54,0.26,0.13,0.14,0.3,0,0.04,0.29,0,0.29,0.39,,,0.43,0.12,,0.14,0.4,0,0,,0.34,0.08,0.28,0,0.5,0.57,0.03,0.01,0.34,0.03,0.02,0
CbMPDiCbraya,Group,D0_vs_D1,HeS,0,0,0.512225837,0,0,0,0.199803897,0,0,0,0.470562283,0.101496668,0,0,0,0,0,0,0,0,0,0,0,0,0,0,0,0,0,0,0,0.054744674,0,0,0.320995859,0,0,0,0,0.070846502,0,0,0,0,0,0,0.600928973,0,0.372406452,0,0,0,0,0,0,0,0,0,0,0,0,0,0,0,0,0,0,0.177280916,0,0,0,0,0,0,0,0,0,0,0.271975427,0,0,0,0,0,0,0.057174556,0.023346982,0,0,0,0,0,0,0,0,0,0.016512402,0.004463377,0,0,0,0,0,0,0,0,0,0,0,0,0,0,0,0,0,0,0,0,0,0,0,0,0,0.005429344,0
CbMPDiCbraya,Group,D0_vs_D1,HoS,0,0,0,0.200542373,0,0.499242971,0.16537862,0,1,0.084889163,0,0.196929084,1,0.101055657,0,0,0,0,0,0,0.045373886,0,0.023549546,0.013481255,0,0,0,0.113785811,0.732666273,0,0.916849126,0,0.084659829,0.483222111,0,0.267635481,0.09004631,0,1,0.41657639,0.684574051,0,0,0.675020285,0,1,0,0,0,0.985315316,0.071526195,0.144459923,0.652855876,1,0,0.78390639,0.027912758,0,0,0,0,0,0.063411373,0.137122038,0.734985602,0.022718887,0,0,0,0,0,0.411500307,0.138085655,0.277429645,0.945858933,0.149327047,0,0,0,0,0,0,0,0.094208379,0,0,0,0.276546238,0,0,0,0.636792484,0.044757085,0,0,0.070140404,0,0,0.076009699,0.058372981,1,0.925051973,0.211989143,1,1,0.02349339,0.823764229,0.988395166,1,0,0,0.356171208,0.95404056,0.216022625,0,1,0.091778101,0.146500882,0,0,0,1,0.509870196,0.115828499,0.548333439
CbMPDiCbraya,Group,D0_vs_D1,DL,1,1,0.453185329,0.762172064,1,0.403558156,0.377679466,1,0,0.915110837,0.529437717,0.627585716,0,0.898944343,1,1,1,1,1,1,0.954626114,0.992149612,0.976450454,0.986518745,1,1,1,0.886214189,0.267333727,1,0.083150874,0.945255326,0,0.488069057,0.669757754,0.732364519,0.868738203,1,0,0,0.263960237,0.330588651,0.98841502,0.29115561,1,0,0.369682603,1,0.627593548,0.014684684,0.928473805,0.843654261,0.141732338,0,0.307817458,0.21609361,0.972087242,0.820447203,1,1,1,1,0.936588627,0.862877962,0.265014398,0.972755659,1,0.695990651,1,1,0,0,0,0,0,0.850672953,0,0.852671881,0.728024573,1,1,1,1,0.750810255,0.405498222,0.942825444,0.976653018,0.723453762,1,1,1,0.363207516,0.081545342,0,1,0.929859596,0.983487598,0.720544828,0.758264779,0.875768456,0,0.074948027,0.788010857,0,0,0.97650661,0.164771703,0.011604834,0,1,1,0.581195197,0.04595944,0.74844492,1,0,0.908221899,0.81409317,0.038604102,0.982060856,0.692827895,0,0.48427767,0.863714423,0.006124104
CbMPDiCbraya,Group,D0_vs_D1,HD,0,0,0,0.004176634,0,0,0.034709557,0,0,0,0,0,0,0,0,0,0,0,0,0,0,0,0,0,0,0,0,0,0,0,0,0,0.069673611,0,0,0,0.001506306,0,0,0.049889269,0,0.01060397,0.004570743,0,0,0,0,0,0,0,0,0,0,0,0.086159121,0,0,0,0,0,0,0,0,0,0,0,0,0,0,0,0.215131787,0.588499693,0.793864282,0.722570355,0,0,0.104199359,0,0,0,0,0,0,0,0,0,0,0,0,0,0,0,0.013707076,0,0,0,0,0,0.003158534,0,0,0,0,0,0,0,0,0,0,0,0,0,0,0,0,0,0,0,0.368134856,0,0,0,0,0,0.017453245
CbMPDiCbraya,Group,D0_vs_D1,DR,0,0,0.034588834,0.033108929,0,0.097198873,0.222428461,0,0,0,0,0.073988532,0,0,0,0,0,0,0,0,0,0.007850388,0,0,0,0,0,0,0,0,0,0,0.84566656,0.028708833,0.009246387,0,0.039709181,0,0,0.462687839,0.051465712,0.658807379,0.007014237,0.033824105,0,0,0.029388424,0,0,0,0,0.011885816,0.205411787,0,0.606023421,0,0,0.179552797,0,0,0,0,0,0,0,0.004525453,0,0.126728433,0,0,0.784868213,0,0.068050063,0,0.054141067,0,0.895800641,0.147328119,0,0,0,0,0,0.154981365,0.594501778,0,0,0,0,0,0,0,0.859990498,1,0,0,0,0.274991795,0.162566988,0.065858563,0,0,0,0,0,0,0.011464068,0,0,0,0,0.062633595,0,0.035532455,0,0,0,0.039405948,0.593261042,0.017939144,0.307172105,0,0.005852134,0.015027734,0.428089213
CbMPDiCbraya,Group,D0_vs_D1,DominantProcess,DL,DL,HeS,DL,DL,HoS,DL,DL,HoS,DL,DL,DL,HoS,DL,DL,DL,DL,DL,DL,DL,DL,DL,DL,DL,DL,DL,DL,DL,HoS,DL,HoS,DL,DR,DL,DL,DL,DL,DL,HoS,DR,HoS,DR,DL,HoS,DL,HoS,HeS,DL,DL,HoS,DL,DL,HoS,HoS,DR,HoS,DL,DL,DL,DL,DL,DL,DL,DL,HoS,DL,DL,DL,DL,DL,DR,HD,HD,HD,HoS,DL,DR,DL,DL,DL,DL,DL,DL,DL,DR,DL,DL,DL,DL,DL,DL,HoS,DR,DR,DL,DL,DL,DL,DL,DL,HoS,HoS,DL,HoS,HoS,DL,HoS,HoS,HoS,DL,DL,DL,HoS,DL,DL,HoS,DL,DL,DR,DL,DL,HoS,HoS,DL,HoS
CbMPDiCbraya,Group,D0_vs_D1,DominantProcessImportance,1,1,0.512225837,0.762172064,1,0.499242971,0.377679466,1,1,0.915110837,0.529437717,0.627585716,1,0.898944343,1,1,1,1,1,1,0.954626114,0.992149612,0.976450454,0.986518745,1,1,1,0.886214189,0.732666273,1,0.916849126,0.945255326,0.84566656,0.488069057,0.669757754,0.732364519,0.868738203,1,1,0.462687839,0.684574051,0.658807379,0.98841502,0.675020285,1,1,0.600928973,1,0.627593548,0.985315316,0.928473805,0.843654261,0.652855876,1,0.606023421,0.78390639,0.972087242,0.820447203,1,1,1,1,0.936588627,0.862877962,0.734985602,0.972755659,1,0.695990651,1,1,0.784868213,0.588499693,0.793864282,0.722570355,0.945858933,0.850672953,0.895800641,0.852671881,0.728024573,1,1,1,1,0.750810255,0.594501778,0.942825444,0.976653018,0.723453762,1,1,1,0.636792484,0.859990498,1,1,0.929859596,0.983487598,0.720544828,0.758264779,0.875768456,1,0.925051973,0.788010857,1,1,0.97650661,0.823764229,0.988395166,1,1,1,0.581195197,0.95404056,0.74844492,1,1,0.908221899,0.81409317,0.593261042,0.982060856,0.692827895,1,0.509870196,0.863714423,0.548333439
CbMPDiCbraya,Group,D0_vs_D1,DominantProcessPvalue,0,0,0.51,0,0,0.33,0.39,0,0,0,0.39,0.03,0,0,0,0,0,0,0,0,0,0,0,0,0,0,0,0,0.03,0,0,0,0,0.45,0.05,0.02,0,0,0,0.43,0,0.05,0,0.09,0,0,0.17,0,0.21,0,0,0,0,0,0.1,0,0,0,0,0,0,0,0,0,0.02,0,0,0.02,0,0,0.01,0.2,0,0.02,0,0,0,0,0.01,0,0,0,0,0.01,0.15,0,0,0.03,0,0,0,0.17,0,0,0,0,0,0.04,0,0,0,0,0,0,0,0,0,0,0,0,0,0.2,0,0,0,0,0,0,0.15,0,0,0,0.4,0,0.28
CbMPDiCbraya,Group,D0_vs_D3,HeS,0,0.050841919,0.083150559,0,0.047161248,0.115758676,0.15831323,0,0,0.085676476,0.060136969,0,0.007779556,0,0,0.029914707,0,0,0,0,0.321912559,0,0,0,0,0,0,0,0.173713833,0,0.057473856,0,0,0,0.22591697,0,0.045140454,0,0.054196474,0.127049382,0,0,0,0.494827592,0.006585095,0,0.283258062,0.00258422,0.219275245,0.164687554,0,0,0,0,0,0,0,0,0,0.027912397,0,0,0,0.200866848,0.285467857,0.042831329,0,0,0,0,0,0,0,0,0,0,0,0,0.135157496,0,0,0,0,0,0,0,0.003229137,0,0,0,0,0.035762909,0.018805106,0,0,0,0,0.006096478,0.002408068,0,0,0,0,0.05842151,0.587024975,0,0,0,0.061138126,0.287856045,0,0,0.027579381,0,0,0.070403409,0.215348535,0,0,0,0,0,0.025369442,0.052416262,0.006775904
CbMPDiCbraya,Group,D0_vs_D3,HoS,0,0,0,0.253060077,0.062355916,0.884241324,0.108944349,0,0.990871182,0.174531449,0.071419934,0,0.401150738,0,0,0,0,0,0,0,0.44882021,0,0,0,0,0,0,0,0.232418867,0,0.070233662,0,0.620849029,0.682108213,0.005914215,0.276986258,0.044416179,0,0.69613036,0,0.88336761,0.01691944,0.161239827,0.407347,0.289246639,1,0,0,0.421165302,0.077221657,0.45307155,0.255113012,0.976349293,1,0.073417094,0,0,0,0,0,0.079482751,0,0,0.151445754,0.140353213,0.06310223,0,0.491615583,0,0,0,0,0,0.488709649,1,0.224670543,0,0,0,0,0,0,0,0.190479233,0,0,0,0.009416127,0,0,0.35144786,0.118768315,0.019627573,0,0,0,0.029594595,0,0.142380635,0.082391848,0.310547472,0.986888921,0.057131736,0.852515144,0.362860846,0.548766004,0.495967651,0.852158485,0.745135405,0.269616518,0,0.1478365,0.418304144,0.145182096,0,0.488469918,0.118548524,0.211515627,0,0,0,1,0.450111399,0.227286982,0.106669903
CbMPDiCbraya,Group,D0_vs_D3,DL,0.129210273,0,0.741569916,0,0.681336716,0,0,0.017467848,0,0.739792074,0.868443096,0,0.588425584,1,1,0.970085293,1,1,1,1,0.229267231,0.980540755,1,1,1,1,1,1,0.5938673,1,0.872292482,1,0,0,0.480598415,0.346888295,0,0.123893315,0.249673166,0,0.11663239,0.011394608,0,0.069542299,0,0,0,0,0,0.758090789,0.54692845,0.164808936,0,0,0,0.031772915,1,1,1,0.930697006,0.920517249,1,1,0.647687398,0.574178931,0.894066442,1,0,0,0.915885128,0,0,0,0,0,0.775329457,0.19171497,0.085940739,0.864842504,0.919382972,1,1,1,0.354936854,0.071398903,1,0.996770863,0.990583873,1,1,0.64855214,0,0,0,1,1,0.723260124,0.477490686,0.010802473,0.526878068,0,0,0.033537593,0,0.050114179,0.451233996,0.474622632,0.147841515,0.155797301,0.205012906,1,0,0.554116475,0.365877628,0.997012133,0,0.666102942,0.163576945,0.205367052,1,0.221492695,0,0.470882234,0.498777113,0.751738051
CbMPDiCbraya,Group,D0_vs_D3,HD,0,0,0,0.733017496,0,0,0.691318963,0.234596234,0.009128818,0,0,0.591968992,0,0,0,0,0,0,0,0,0,0,0,0,0,0,0,0,0,0,0,0,0.295305811,0.22026283,0.002592552,0.059022321,0.367232382,0,0,0.558782036,0,0.037160768,0.767274954,0,0.013545783,0,0.023977093,0.525853098,0,0,0,0.002248847,0.02145127,0,0.445546473,0,0,0,0,0,0,0,0,0,0,0,0,0.41554015,0,0,1,0.138242504,0.021292359,0.015070432,0,0,0.014419858,0,0,0,0,0,0,0.04765086,0.060239675,0,0,0,0,0,0,0.215161122,0.548264107,0.002805034,0,0,0,0,0.061253649,0,0.648188934,0,0,0,0,0,0,0,0,0,0,0.511303104,0,0,0,0.441126673,0,0,0.211346556,0,0,0,0,0,0
CbMPDiCbraya,Group,D0_vs_D3,DR,0.870789727,0.949158081,0.175279525,0.013922427,0.209146121,0,0.041423458,0.747935918,0,0,0,0.408031008,0.002644122,0,0,0,0,0,0,0,0,0.019459245,0,0,0,0,0,0,0,0,0,0,0.083845159,0.097628957,0.284977848,0.317103127,0.543210985,0.876106685,0,0.314168581,0,0.934525185,0.071485219,0.028283109,0.690622484,0,0.692764846,0.471562681,0.359559453,0,0,0.577829205,0.002199438,0,0.481036433,0.968227085,0,0,0,0.041390596,0,0,0,0,0,0,0,0.092844267,1,0.084114872,0,0.861757496,0.978707641,0.49621992,0,0,0.793865172,0.914059261,0,0.080617028,0,0,0,0.406933053,0.868361422,0,0,0,0,0,0,0.630307654,0.413303215,0.997194966,0,0,0.247145281,0.516412836,0.783155175,0.390730084,0.041263595,0.013111079,0.909330671,0.089063345,0,0,0.029409717,0,0.037929168,0.237514531,0,0.340860396,0,0.488940277,0.002987867,0,0,0.624907428,0.583286392,0,0.778507305,0,0.053636925,0.221519642,0.134816142
CbMPDiCbraya,Group,D0_vs_D3,DominantProcess,DR,DR,DL,HD,DL,HoS,HD,DR,HoS,DL,DL,HD,DL,DL,DL,DL,DL,DL,DL,DL,HoS,DL,DL,DL,DL,DL,DL,DL,DL,DL,DL,DL,HoS,HoS,DL,DL,DR,DR,HoS,HD,HoS,DR,HD,HeS,DR,HoS,DR,HD,HoS,DL,DL,DR,HoS,HoS,DR,DR,DL,DL,DL,DL,DL,DL,DL,DL,DL,DL,DL,HoS,DR,DL,HD,DR,DR,DR,HoS,DL,DR,DR,DL,DL,DL,DL,DL,DR,DR,DL,DL,DL,DL,DL,DL,DR,HD,DR,DL,DL,DL,DR,DR,DL,HD,HoS,DR,HoS,HeS,HoS,HoS,HoS,HoS,HeS,DL,HD,DL,DR,DL,HoS,DL,DR,DR,DL,DR,HoS,DL,DL,DL
CbMPDiCbraya,Group,D0_vs_D3,DominantProcessImportance,0.870789727,0.949158081,0.741569916,0.733017496,0.681336716,0.884241324,0.691318963,0.747935918,0.990871182,0.739792074,0.868443096,0.591968992,0.588425584,1,1,0.970085293,1,1,1,1,0.44882021,0.980540755,1,1,1,1,1,1,0.5938673,1,0.872292482,1,0.620849029,0.682108213,0.480598415,0.346888295,0.543210985,0.876106685,0.69613036,0.558782036,0.88336761,0.934525185,0.767274954,0.494827592,0.690622484,1,0.692764846,0.525853098,0.421165302,0.758090789,0.54692845,0.577829205,0.976349293,1,0.481036433,0.968227085,1,1,1,0.930697006,0.920517249,1,1,0.647687398,0.574178931,0.894066442,1,0.491615583,1,0.915885128,1,0.861757496,0.978707641,0.49621992,1,0.775329457,0.793865172,0.914059261,0.864842504,0.919382972,1,1,1,0.406933053,0.868361422,1,0.996770863,0.990583873,1,1,0.64855214,0.630307654,0.548264107,0.997194966,1,1,0.723260124,0.516412836,0.783155175,0.526878068,0.648188934,0.986888921,0.909330671,0.852515144,0.587024975,0.548766004,0.495967651,0.852158485,0.745135405,0.287856045,1,0.511303104,0.554116475,0.488940277,0.997012133,0.488469918,0.666102942,0.624907428,0.583286392,1,0.778507305,1,0.470882234,0.498777113,0.751738051
CbMPDiCbraya,Group,D0_vs_D3,DominantProcessPvalue,0,0,0,0.02,0,0,0,0,0,0,0,0.28,0.17,0,0,0,0,0,0,0,0.22,0,0,0,0,0,0,0,0.06,0,0,0,0.07,0.02,0.32,0.57,0.17,0,0.01,0.08,0,0,0,0.34,0.03,0,0.04,0.33,0.42,0.01,0.28,0.03,0,0,0.48,0,0,0,0,0,0,0,0,0.03,0.12,0,0,0.44,0,0,0,0,0,0.51,0,0,0.01,0,0,0,0,0,0,0.37,0,0,0,0,0,0,0.2,0.02,0.2,0,0,0,0.02,0.46,0,0.26,0.06,0,0,0,0.17,0.23,0.54,0,0,0.59,0,0.18,0.25,0.34,0,0.36,0,0.02,0.06,0,0.01,0,0.37,0.04,0
CbMPDiCbraya,Group,D0_vs_D5,HeS,0,0,0.02518707,0,0.101437541,0.043269677,0.210094718,0.002156458,0,0.16192936,0.063345016,0,0.152848707,0,0,0,0,0,0,0,0.339855237,0,0,0.029232918,0,0,0.050342877,0,0.163919755,0,0.351209233,0,0,0,0.235723362,0,0.078016926,0,0.272316341,0,0.040051978,0,0,0.580351132,0.103574595,0,0.153564984,0,0.245664086,0.167921869,0,0,0,0,0,0,0,0,0,0,0,0,0,0.21156798,0.285467857,0.301648617,0,0,0,0,0,0.029852749,0,0,0,0.094444559,0,0,0,0,0,0,0,0,0,0,0,0,0,0,0,0.072225216,0,0,0,0,0,0.015787981,0.010552542,0,0,0,0,0.376729564,0.652415336,0,0,0.030460023,0.59202799,0.16340711,0,0,0.262582025,0,0,0.002149565,0.042310989,0,0,0,0,0.017587426,0.107608942,0.487424612,0.704537047
CbMPDiCbraya,Group,D0_vs_D5,HoS,0,0,0,0.253035554,0.215367332,0.825241267,0.293063111,0,0.152967957,0.083920309,0.075229878,0,0.689573455,0.020626274,0,0,0,0,0,0,0.500007594,0,0,0,0,0,0.050162931,0,0.219314968,0,0.429181411,0,0.75071487,0.603081066,0.010001098,0.109301535,0,0,0.584308945,0,0.535250051,0.061614457,0.442545758,0.419648868,0.34281472,1,0,0.007329722,0.534794406,0.58163414,0,0.074644369,0.869914274,1,0.009279526,0.063795204,0,0,0,0,0.065319828,0,0,0.144112433,0.140353213,0.32532709,0,0.491615583,0,0,0,0,0.092373977,0.249894501,0.844692308,0.050809837,0,0,0.03832779,0,0,0,0,0.152610536,0,0,0,0,0.033855979,0,0,0,0.008061015,0,0,0.040179588,0,0,0.091487197,0.141858543,0.522910707,1,0.064498778,0.541020806,0.347584664,0.774083141,0.016841181,0.814157647,0.40797201,0.347980742,0,0.140783864,0.228064345,0.179649436,0,0.653203784,0.039706419,0.373398487,0,0,0,0.850749254,0.367466559,0.225798379,0.019211445
CbMPDiCbraya,Group,D0_vs_D5,DL,0.027570416,0,0.666556403,0,0.183392092,0.041551336,0.155047345,0,0.634642604,0.746001994,0.861425105,0,0.107599863,0.979373726,1,1,1,1,1,1,0.160137169,0.884738963,1,0.963566344,1,1,0.899494192,1,0.616765277,1,0.219609356,1,0,0,0,0,0,0,0.143374714,0.142421598,0.242262825,0.143052099,0.053986917,0,0,0,0.126811818,0,0,0.250443991,0.997059889,0,0,0,0.029390227,0,1,0.858926724,1,0.914074122,0.934680172,0.976764191,1,0.644319587,0.574178931,0.355862879,1,0,0,0.284570606,0,0.561948159,0.663495274,0,0.081233264,0.846531781,0.175180411,0,0.96167221,0.854917985,1,1,1,0.227166384,0,1,1,0.990668591,0.956656362,1,0.952454651,0,0,0,1,0.804005542,0.723650905,0.447087506,0.006281773,0.216657709,0,0,0.004872108,0,0,0.117013793,0.752636227,0.121441275,0,0.063090815,1,0,0.502068473,0,0.699164115,0.287030181,0.832474044,0.081089704,0,0.997283204,0,0.115031011,0.468471924,0.126181574,0.082068428
CbMPDiCbraya,Group,D0_vs_D5,HD,0,0,0,0.708995267,0,0.013167378,0.267367208,0.608414037,0.131539186,0,0,0.524947335,0,0,0,0,0,0,0,0,0,0,0,0,0,0,0,0,0,0,0,0,0.202474932,0.396918934,0.570447374,0.401647209,0.379775387,0,0,0.451598746,0,0.057862329,0.308946102,0,0,0,0.008357652,0.392709268,0,0,0,0.037662289,0.083285167,0,0.530599381,0,0,0,0,0,0,0,0,0,0,0,0,0.35213779,0,0,0.760154919,0.002503166,0.004146876,0.037500242,0.017764867,0,0.002525093,0,0,0,0,0,0,0.018558891,0.364079854,0,0,0,0,0,0,0.211567152,0.958303665,0.045177341,0,0,0,0,0.226505462,0.151102471,0.472870639,0,0,0,0,0,0,0,0,0,0,0.653612259,0,0.116949167,0,0.045030077,0,0,0.135530584,0,0,0,0,0,0
CbMPDiCbraya,Group,D0_vs_D5,DR,0.972429584,1,0.308256526,0.037969179,0.499803034,0.076770343,0.074427618,0.389429506,0.080850253,0.008148337,0,0.475052665,0.049977975,0,0,0,0,0,0,0,0,0.115261037,0,0.007200737,0,0,0,0,0,0,0,0,0.046810199,0,0.183828166,0.489051256,0.542207687,1,0,0.405979656,0.182435146,0.737471114,0.194521223,0,0.553610685,0,0.711265547,0.59996101,0.219541507,0,0.002940111,0.887693342,0.046800559,0,0.430730867,0.936204796,0,0.141073276,0,0.085925878,0,0.023235809,0,0,0,0.017161414,0,0.156246627,1,0.715429394,0.239845081,0.405695926,0.239983873,0.712605258,0.056309561,0.008213823,0.822294496,1,0,0.145082015,0,0,0,0.601664189,0.635920146,0,0,0.009331409,0.009487659,0,0.047545349,0.716207632,0.03363532,0.954822659,0,0.15581487,0.276349095,0.537124513,0.665173027,0.490381277,0.004218654,0,0.930629114,0.08224963,0,0.108903066,0.230522593,0.033941055,0,0.425521333,0,0.205603877,0.007285158,0.703401397,0.300835885,0.012586392,0.085508548,0.54551181,0.864469416,0.002716796,1,0.01663231,0.056452575,0.160595435,0.194183081
CbMPDiCbraya,Group,D0_vs_D5,DominantProcess,DR,DR,DL,HD,DR,HoS,HoS,HD,DL,DL,DL,HD,HoS,DL,DL,DL,DL,DL,DL,DL,HoS,DL,DL,DL,DL,DL,DL,DL,DL,DL,HoS,DL,HoS,HoS,HD,DR,DR,DR,HoS,HD,HoS,DR,HoS,HeS,DR,HoS,DR,DR,HoS,HoS,DL,DR,HoS,HoS,HD,DR,DL,DL,DL,DL,DL,DL,DL,DL,DL,DL,DL,HoS,DR,DR,HD,DL,DL,DR,HoS,DL,DR,DR,DL,DL,DL,DL,DL,DR,DR,DL,DL,DL,DL,DL,DL,DR,HD,DR,DL,DL,DL,DR,DR,DR,HoS,HoS,DR,HoS,HeS,HoS,DL,HoS,HeS,DR,DL,HD,DL,DR,DL,HoS,DL,DR,DR,DL,DR,HoS,DL,HeS,HeS
CbMPDiCbraya,Group,D0_vs_D5,DominantProcessImportance,0.972429584,1,0.666556403,0.708995267,0.499803034,0.825241267,0.293063111,0.608414037,0.634642604,0.746001994,0.861425105,0.524947335,0.689573455,0.979373726,1,1,1,1,1,1,0.500007594,0.884738963,1,0.963566344,1,1,0.899494192,1,0.616765277,1,0.429181411,1,0.75071487,0.603081066,0.570447374,0.489051256,0.542207687,1,0.584308945,0.451598746,0.535250051,0.737471114,0.442545758,0.580351132,0.553610685,1,0.711265547,0.59996101,0.534794406,0.58163414,0.997059889,0.887693342,0.869914274,1,0.530599381,0.936204796,1,0.858926724,1,0.914074122,0.934680172,0.976764191,1,0.644319587,0.574178931,0.355862879,1,0.491615583,1,0.715429394,0.760154919,0.561948159,0.663495274,0.712605258,0.844692308,0.846531781,0.822294496,1,0.96167221,0.854917985,1,1,1,0.601664189,0.635920146,1,1,0.990668591,0.956656362,1,0.952454651,0.716207632,0.958303665,0.954822659,1,0.804005542,0.723650905,0.537124513,0.665173027,0.490381277,0.522910707,1,0.930629114,0.541020806,0.652415336,0.774083141,0.752636227,0.814157647,0.59202799,0.425521333,1,0.653612259,0.502068473,0.703401397,0.699164115,0.653203784,0.832474044,0.54551181,0.864469416,0.997283204,1,0.850749254,0.468471924,0.487424612,0.704537047
CbMPDiCbraya,Group,D0_vs_D5,DominantProcessPvalue,0,0,0.03,0.1,0.09,0,0.57,0.18,0.13,0,0,0.5,0.01,0,0,0,0,0,0,0,0.23,0,0,0,0,0,0,0,0.06,0,0.26,0,0,0.16,0.06,0.35,0.33,0,0.1,0.43,0.06,0,0.37,0.24,0.19,0,0,0.16,0.19,0.06,0,0,0,0,0.34,0,0,0,0,0,0,0,0,0,0.11,0.58,0,0.35,0,0,0.04,0.18,0.01,0,0,0,0,0,0,0,0,0,0,0.07,0.12,0,0,0,0,0,0,0,0,0,0,0,0.02,0.38,0,0.08,0.36,0,0,0.21,0.09,0,0,0,0.2,0.38,0,0.01,0.18,0,0.02,0.09,0,0.17,0,0,0,0,0.29,0.12,0
CbMPDiCbraya,Group,D0_vs_D6,HeS,0,0,0,0,0.144332003,0.105735442,0.145487231,0,0.003794916,0.206736746,0.063345016,0,0.160943497,0,0,0,0,0,0,0,0.357817571,0,0,0,0,0,0.002050551,0,0.11400779,0.028206588,0.113782336,0,0,0,0.341216761,0,0.416149891,0,0.340090614,0.389562826,0.01930441,0.005819837,0,0.580351132,0.159470839,0.002613906,0.141991769,0,0.225815263,0.161069386,0,0,0.03358948,0,0,0.010067596,0,0,0,0,0,0,0,0.21156798,0.285467857,0.293898347,0,0,0,0,0,0.008436629,0,0,0.001288967,0.023564465,0,0,0,0,0,0,0,0,0,0,0,0,0,0,0,0.070390349,0.00201825,0,0,0,0,0.025022931,0.003274512,0,0,0.022578293,0,0.396647445,0.652415336,0,0,0.495436195,0.575556234,0.159211672,0,0,0.241824129,0.003474462,0,0.008224237,0.030905579,0,0,0,0,0.275953796,0.153531932,0.514634245,0.669002631
CbMPDiCbraya,Group,D0_vs_D6,HoS,0,0,0,0.253035554,0.194980692,0.473184323,0.155866214,0,0.679453503,0.107141852,0.075229878,0,0.726092915,0.042677058,0,0,0,0,0,0,0.498880062,0,0,0,0,0,0.025089101,0,0.152535701,0,0.139043223,0,0.786630579,0.363895218,0.005269979,0.113247892,0,0,0.517864384,0.020503926,0.409470855,0.041179619,0.447046186,0.419648868,0.286082366,0.997386094,0,0,0.491584835,0.483966556,0.019215451,0.067921097,0.88956716,1,0.071646754,0.071701662,0,0,0,0,0.063679568,0,0,0.144112433,0.140353213,0.316968448,0,0.491615583,0,0,0,0.030982628,0.000207055,0.089701206,0.994514156,0.145798635,0,0,0.015864687,0,0,0,0,0.184849397,0,0,0,0,0,0,0.184557426,0,0.002907956,0,0,0.061609321,0.010952976,0,0.013844453,0.122365379,0.811764677,0.977421707,0.057023358,0.520912811,0.347584664,0.213162105,0.016841536,0.445949426,0.424443766,0.350586736,0.225335506,0.169047212,0.187420102,0.236739248,0,0.918753311,0.009773333,0.311684551,0,0.004977074,0.009827848,0.699240743,0.341549289,0.14400631,0.036992509
CbMPDiCbraya,Group,D0_vs_D6,DL,0.013755733,0,0.603117707,0,0.135243926,0.201406285,0,0,0,0.674934184,0.85732517,0,0.055069914,0.95596655,1,1,0.975866322,0.987618781,1,0.995063429,0.143302367,0.88602006,1,0.889170585,1,1,0.972860347,1,0.726575804,0.971793412,0.747174441,1,0,0,0.162992383,0,0.117448471,0,0.118465863,0.4410838,0.147143483,0.325499782,0.054860786,0,0,0,0.235315442,0,0,0.354964058,0.965481674,0.00670351,0,0,0.013026357,0,0.97019366,0.881516524,1,0.842639594,0.902950519,0.94498474,1,0.644319587,0.574178931,0.34272597,1,0,0,0.156097599,0.414476187,0.454054733,0.654351395,0.818233679,0,0.8211943,0,0.070506446,0.978020566,0.632631993,1,0.93305193,1,0.13479238,0.325854494,1,0.966158231,0.973630151,0.944183535,1,0.761734108,0,0.773425729,0,0.994317434,0.65883986,0.639057996,0.452236569,0.069293009,0.220901827,0,0,0.09162777,0,0,0.40368066,0.540033913,0.050172547,0,0.062230893,0.774664494,0.097315076,0.465329915,0,0.450983528,0.019536752,0.777960837,0,0.263513773,0.99361471,0,0,0.441829522,0.174629755,0.049877475
CbMPDiCbraya,Group,D0_vs_D6,HD,0,0,0,0.718487562,0,0.069191891,0.459626824,0.455891962,0.121390308,0,0,0.482688314,0,0,0,0,0,0,0,0,0,0,0,0,0,0,0,0,0,0,0,0,0.176422696,0.273316096,0.133938261,0.552837939,0.115716245,0,0,0.04064987,0,0.027566937,0.151043907,0,0,0,0.014408909,0.344593902,0,0,0,0.046912419,0.071552027,0,0.310532429,0,0,0,0,0,0,0,0,0,0,0,0,0.320676204,0,0,0.07843657,0.078104296,0.036716066,0.025748114,0.004196877,0,0.045718964,0,0,0,0,0,0,0.258784995,0.227519753,0,0,0,0,0,0,0.2050112,0.061216857,0.043853239,0,0,0,0,0.146293587,0.104359035,0.188235323,0,0,0,0,0,0,0,0,0,0,0.197422025,0,0.105881949,0,0.030729493,0,0,0.121015944,0,0,0,0,0,0
CbMPDiCbraya,Group,D0_vs_D6,DR,0.986244267,1,0.396882293,0.028476884,0.525443378,0.150482059,0.23901973,0.544108038,0.195361272,0.011187219,0.004099936,0.517311686,0.057893674,0.001356392,0,0,0.024133678,0.012381219,0,0.004936571,0,0.11397994,0,0.110829415,0,0,0,0,0.006880705,0,0,0,0.036946725,0.362788686,0.356582617,0.333914169,0.350685393,1,0.023579139,0.108199578,0.424081252,0.599933826,0.34704912,0,0.554446795,0,0.60828388,0.655406098,0.282599903,0,0.015302875,0.878462975,0.005291333,0,0.60479446,0.918230742,0.02980634,0.118483476,0,0.157360406,0.033369913,0.05501526,0,0,0,0.046407236,0,0.187708214,1,0.843902401,0.507087243,0.428421714,0.308725484,0.066317,0,0.0094426,0.954281036,0.929493554,0.006114747,0.367368007,0,0.06694807,0,0.421573228,0.446625754,0,0.033841769,0.026369849,0.055816465,0,0.053708466,0.724598451,0.160431208,0.956146761,0.005682566,0.279550818,0.349989028,0.5227405,0.767294438,0.552373759,0,0,0.851348872,0.082439745,0,0.383157235,0.443124551,0.008441832,0,0.427970699,0,0.536215688,0.105425854,0.653904342,0.549016472,0.022756207,0.181360251,0.688315449,0.615470283,0.001408216,0.990172152,0.024805462,0.063089258,0.166729691,0.244127385
CbMPDiCbraya,Group,D0_vs_D6,DominantProcess,DR,DR,DL,HD,DR,HoS,HD,DR,HoS,DL,DL,DR,HoS,DL,DL,DL,DL,DL,DL,DL,HoS,DL,DL,DL,DL,DL,DL,DL,DL,DL,DL,DL,HoS,HoS,DR,HD,HeS,DR,HoS,DL,DR,DR,HoS,HeS,DR,HoS,DR,DR,HoS,HoS,DL,DR,HoS,HoS,DR,DR,DL,DL,DL,DL,DL,DL,DL,DL,DL,DL,DL,HoS,DR,DR,DR,DL,DL,DL,HoS,DL,DR,DR,DL,DL,DL,DL,DL,DR,DR,DL,DL,DL,DL,DL,DL,DR,DL,DR,DL,DL,DL,DR,DR,DR,HoS,HoS,DR,HoS,HeS,DL,DL,HeS,HeS,DR,DL,DR,DL,DR,DR,HoS,DL,DR,DR,DL,DR,HoS,DL,HeS,HeS
CbMPDiCbraya,Group,D0_vs_D6,DominantProcessImportance,0.986244267,1,0.603117707,0.718487562,0.525443378,0.473184323,0.459626824,0.544108038,0.679453503,0.674934184,0.85732517,0.517311686,0.726092915,0.95596655,1,1,0.975866322,0.987618781,1,0.995063429,0.498880062,0.88602006,1,0.889170585,1,1,0.972860347,1,0.726575804,0.971793412,0.747174441,1,0.786630579,0.363895218,0.356582617,0.552837939,0.416149891,1,0.517864384,0.4410838,0.424081252,0.599933826,0.447046186,0.580351132,0.554446795,0.997386094,0.60828388,0.655406098,0.491584835,0.483966556,0.965481674,0.878462975,0.88956716,1,0.60479446,0.918230742,0.97019366,0.881516524,1,0.842639594,0.902950519,0.94498474,1,0.644319587,0.574178931,0.34272597,1,0.491615583,1,0.843902401,0.507087243,0.454054733,0.654351395,0.818233679,0.994514156,0.8211943,0.954281036,0.929493554,0.978020566,0.632631993,1,0.93305193,1,0.421573228,0.446625754,1,0.966158231,0.973630151,0.944183535,1,0.761734108,0.724598451,0.773425729,0.956146761,0.994317434,0.65883986,0.639057996,0.5227405,0.767294438,0.552373759,0.811764677,0.977421707,0.851348872,0.520912811,0.652415336,0.40368066,0.540033913,0.495436195,0.575556234,0.427970699,0.774664494,0.536215688,0.465329915,0.653904342,0.549016472,0.918753311,0.777960837,0.688315449,0.615470283,0.99361471,0.990172152,0.699240743,0.441829522,0.514634245,0.669002631
CbMPDiCbraya,Group,D0_vs_D6,DominantProcessPvalue,0,0,0.16,0.04,0.05,0.08,0.05,0.27,0,0.02,0,0.5,0.02,0,0,0,0,0,0,0,0.27,0,0,0,0,0,0,0,0,0,0,0,0,0.57,0.43,0.12,0.41,0,0.14,0.32,0.48,0.1,0.31,0.17,0.14,0,0.01,0.03,0.21,0.23,0,0,0,0,0.03,0,0,0,0,0,0,0,0,0.04,0.21,0.56,0,0.46,0,0,0.33,0.54,0.23,0.01,0,0,0,0,0,0.06,0,0,0,0.29,0.22,0,0,0,0,0,0,0,0.03,0,0,0,0.12,0.36,0,0.01,0,0,0,0.29,0.04,0.47,0.22,0.34,0.22,0.35,0,0,0.19,0.01,0.24,0,0,0.01,0.15,0,0,0.07,0.32,0.02,0.01
CbMPDiCbraya,Group,D0_vs_D7,HeS,0,0,0.012675848,0,0.116700819,0.008987672,0.081076639,0,0.073756109,0.217796172,0.063345016,0,0.160943497,0,0,0,0,0,0,0,0.285879179,0,0,0,0,0,0,0,0.129708738,0,0.367972881,0,0.000477068,0,0.169876323,0,0,0,0.463687104,0,0.145454415,0,0,0.580351132,0.163773917,0.211728455,0.070331857,0,0.239034611,0.212810004,0,0,0.028942915,0,0.000984355,0,0,0,0,0,0,0,0,0.21156798,0.285467857,0.278739343,0,0,0,0,0.002560456,0.061718141,0,0.008663946,0.004081877,0.03473206,0,0.008422303,0,0,0,0,0,0,0,0,0,0,0,0,0,0.072225216,0.001335855,0,0,0,0,0.018529904,0.016762731,0,0.002931323,0.144283334,0,0.396647445,0.652415336,0,0,0.667310255,0.624948522,0.182636968,0,0,0.276416101,0.045139321,0.006360273,0.028916469,0.288083667,0,0,0,0,0.341759989,0.167656472,0.321278248,0.584501997
CbMPDiCbraya,Group,D0_vs_D7,HoS,0,0,0,0.253035554,0.191118875,0.520385698,0.092567013,0,0.926243891,0.112873428,0.075229878,0,0.726092915,0.010292399,0,0,0,0,0,0,0.405753667,0,0,0,0,0,0.050203966,0,0.173542644,0,0.475064052,0,0.254491134,0.322999086,0.02690268,0.053131979,0,0,0.520196396,0,0.603118608,0,0.205507246,0.419648868,0.291702318,0.769961007,0,0,0.520362478,0.73711402,0.030310657,0.369780016,0.926715388,1,0.008979195,0.24880768,0,0,0,0,0.063601102,0,0,0.144112433,0.140353213,0.300619509,0,0.491615583,0,0,0.00020085,0.107297426,0.000545687,0.345880052,0.994200912,0.061634972,0,0.006230986,0.016743504,0,0,0,0,0.076137861,0,0,0,0,0,0,0.02511782,0,0.031256298,0.004627814,0,0.083702971,0,0,0.026409622,0.080392139,0.982632338,0.834918876,0.066293585,0.520912811,0.347584664,0.001854505,0.01684136,0.262193102,0.350007067,0.339057991,0.025070593,0.064090761,0.214229796,0.027451339,0,0.2810572,0.227131598,0.049791832,0,0,0,0.633182861,0.326334488,0.493752943,0.088372522
CbMPDiCbraya,Group,D0_vs_D7,DL,0,0,0.384318575,0,0.13892579,0.150611801,0,0,0,0.448222917,0.749018729,0,0.005648179,0.917363391,0.870539804,0.899802475,0.794157155,0.867953435,0.870193942,0.928776871,0.308367154,0.601144817,0.76993108,0.555559469,0.969612336,0.942808926,0.895193759,0.820587906,0.637886863,0.939108483,0.131219804,0.877024731,0.607177435,0,0,0,0,0,0,0.049053752,0,0.072854734,0,0,0,0,0,0,0,0.043420634,0.537870405,0,0,0,0.160411492,0,0.84706601,0.467262099,0.455371977,0.540644045,0.534451337,0.527883741,0.909363756,0.592193093,0.533405892,0.260740823,0.91043353,0,0,0.004107644,0.346452873,0,0.697978941,0,0,0.726287585,0,0.662728439,0.868369932,0.360982029,0.824762125,0.891383976,0.827278958,0,0,0.916011456,0.895128228,0.772406427,0.631853487,0.878607329,0.490646971,0,0.81201641,0.763963315,0.815751343,0.103202643,0.463709087,0.422402797,0,0.210829453,0,0,0,0,0,0.063304227,0.254209209,0.012336913,0,0.033727832,0.762924968,0,0.214604067,0,0.01248785,0.5572872,0.20061764,0,0,0.804013773,0.004183156,0,0.274996512,0.018253469,0
CbMPDiCbraya,Group,D0_vs_D7,HD,0,0,0,0.661533793,0,0.008805396,0.694685831,0.650792795,0,0,0,0.386464819,0,0,0,0,0,0,0,0,0,0,0,0,0,0,0,0,0,0,0,0,0.054687306,0.089220077,0.564431398,0.880520961,0.246860189,0,0,0.346830362,0,0.020521293,0.740537389,0,0,0.018310538,0.054994902,0.315484687,0,0,0,0.012835399,0.044341697,0,0.187362104,0,0,0,0,0,0,0,0,0,0,0,0,0.307678332,0,0,0.05160058,0.341557136,0.023756984,0.063979439,0.001717211,0,0.791716657,0,0,0,0,0,0,0.722261094,0.126974764,0,0,0,0,0,0,0.181038343,0.037573121,0.01177305,0,0,0,0,0.24852455,0.400109894,0.01443634,0,0,0,0,0,0,0,0,0,0,0.31011196,0,0.753325377,0,0.105918823,0,0,0.054470093,0,0,0,0,0,0
CbMPDiCbraya,Group,D0_vs_D7,DR,1,1,0.603005577,0.085430653,0.553254516,0.311209432,0.131670517,0.349207205,0,0.221107483,0.112406376,0.613535181,0.107315408,0.072344211,0.129460196,0.100197525,0.205842845,0.132046565,0.129806058,0.071223129,0,0.398855183,0.23006892,0.444440531,0.030387664,0.057191074,0.054602275,0.179412094,0.058861755,0.060891517,0.025743264,0.122975269,0.083167057,0.587780837,0.2387896,0.066347061,0.753139811,1,0.0161165,0.604115886,0.251426977,0.906623972,0.053955365,0,0.544523765,0,0.874673241,0.684515313,0.240602911,0.006655343,0.431818938,0.617384586,0,0,0.642262855,0.75119232,0.15293399,0.532737901,0.544628023,0.459355955,0.401947561,0.472116259,0.090636244,0.052126494,0.040773039,0.159900325,0.08956647,0.200706086,1,0.995892356,0.59918524,0.489427298,0.277718387,0.581476563,0,0.177345383,0.208283343,0.322618273,0.114886564,0.639017971,0.175237875,0.108616024,0.172721042,0.201601045,0.873025236,0.083988544,0.104871772,0.227593573,0.368146513,0.121392671,0.484235208,0.746736442,0.117818316,0.219635821,0.184248657,0.813094386,0.536290913,0.559067299,0.708303097,0.308668514,0,0.02079779,0.933706415,0.082439745,0,0.934841267,0.728949431,0.058159731,0.025044411,0.444577209,0.212004439,0.625797279,0.294750036,0.174083963,0.981151878,0.026820308,0.284167095,0.950208168,0.945529907,0.195986227,0.995816844,0.02505715,0.231012528,0.16671534,0.327125481
CbMPDiCbraya,Group,D0_vs_D7,DominantProcess,DR,DR,DR,HD,DR,HoS,HD,HD,HoS,DL,DL,DR,HoS,DL,DL,DL,DL,DL,DL,DL,HoS,DL,DL,DL,DL,DL,DL,DL,DL,DL,HoS,DL,DL,DR,HD,HD,DR,DR,HoS,DR,HoS,DR,HD,HeS,DR,HoS,DR,DR,HoS,HoS,DL,DR,HoS,HoS,DR,DR,DL,DR,DR,DL,DL,DL,DL,DL,DL,HoS,DL,HoS,DR,DR,DR,DR,DL,DR,HoS,DL,HD,DL,DL,DR,DL,DL,DL,HD,DR,DL,DL,DL,DL,DL,DL,DR,DL,DL,DL,DR,DR,DR,DR,HD,HoS,HoS,DR,HoS,HeS,DR,DR,HeS,HeS,DR,DL,DR,DR,HD,DR,DL,HeS,DR,DR,DL,DR,HoS,HoS,HoS,HeS
CbMPDiCbraya,Group,D0_vs_D7,DominantProcessImportance,1,1,0.603005577,0.661533793,0.553254516,0.520385698,0.694685831,0.650792795,0.926243891,0.448222917,0.749018729,0.613535181,0.726092915,0.917363391,0.870539804,0.899802475,0.794157155,0.867953435,0.870193942,0.928776871,0.405753667,0.601144817,0.76993108,0.555559469,0.969612336,0.942808926,0.895193759,0.820587906,0.637886863,0.939108483,0.475064052,0.877024731,0.607177435,0.587780837,0.564431398,0.880520961,0.753139811,1,0.520196396,0.604115886,0.603118608,0.906623972,0.740537389,0.580351132,0.544523765,0.769961007,0.874673241,0.684515313,0.520362478,0.73711402,0.537870405,0.617384586,0.926715388,1,0.642262855,0.75119232,0.84706601,0.532737901,0.544628023,0.540644045,0.534451337,0.527883741,0.909363756,0.592193093,0.533405892,0.300619509,0.91043353,0.491615583,1,0.995892356,0.59918524,0.489427298,0.697978941,0.581476563,0.994200912,0.726287585,0.791716657,0.662728439,0.868369932,0.639017971,0.824762125,0.891383976,0.827278958,0.722261094,0.873025236,0.916011456,0.895128228,0.772406427,0.631853487,0.878607329,0.490646971,0.746736442,0.81201641,0.763963315,0.815751343,0.813094386,0.536290913,0.559067299,0.708303097,0.400109894,0.982632338,0.834918876,0.933706415,0.520912811,0.652415336,0.934841267,0.728949431,0.667310255,0.624948522,0.444577209,0.762924968,0.625797279,0.294750036,0.753325377,0.981151878,0.5572872,0.288083667,0.950208168,0.945529907,0.804013773,0.995816844,0.633182861,0.326334488,0.493752943,0.584501997
CbMPDiCbraya,Group,D0_vs_D7,DominantProcessPvalue,0,0,0.13,0.04,0.1,0.29,0,0.06,0,0.21,0,0.27,0.01,0,0,0,0,0,0,0,0.48,0.15,0,0.3,0,0,0,0,0,0,0.35,0,0.28,0.14,0.06,0,0.05,0,0.4,0.11,0.02,0,0,0.2,0.15,0,0,0.05,0.22,0.02,0.18,0.07,0,0,0.02,0,0,0.39,0.2,0.43,0.24,0.46,0,0.05,0.16,0.51,0,0.38,0,0,0.25,0.38,0.22,0.2,0,0,0,0.11,0,0.04,0,0,0,0.01,0,0,0,0,0.02,0,0.55,0,0.01,0.08,0,0,0.29,0.28,0.01,0.35,0,0,0,0.3,0.1,0,0,0.09,0.11,0.36,0,0.05,0.63,0.01,0,0.35,0.62,0,0,0,0,0.1,0.46,0.21,0.02
CbMPDiCbraya,Group,D1_vs_D3,HeS,0,0.083239648,0.055477852,0.156918413,0,0,0.042171642,0,0,0.03811929,0.262482188,0.162294706,0.017079834,0,0,0.013198608,0.019413804,0.056854911,0,0,0.092322116,0.047026347,0.115728869,0,0,0,0.006126278,0,0.220921507,0,0.03699642,0,0,0,0,0,0.011810809,0,0.077211781,0.100162328,0,0,0,0.299484927,0.003356773,0,0.06286681,0,0,0.267556944,0,0,0,0,0,0,0.122924326,0.098528643,0,0,0,0,0,0.08914209,0.245941459,0,0,0,0.599863789,0.022430304,0,0.095744952,0,0,0,0.021276856,0,0,0.092082682,0.055685449,0,0,0.181385097,0,0,0,0.004674771,0.171413331,0,0.348504449,0,0.29958882,0,0,0,0,0,0,0.006660647,0,0,0,0.225197375,0.065088891,0.499256514,0,0,0,0.043376307,0.150485704,0,0,0.04874806,0,0,0.059568178,0.05093463,0,0,0,0.024653673,0,0,0.054782278,0
CbMPDiCbraya,Group,D1_vs_D3,HoS,0.071237896,0.339491948,0.109482938,0.365198809,0,0.526188756,0.081285981,0,1,0.023531201,0.21979419,0.151698993,0.516566397,0.055550911,0.002743531,0,0.161808555,0,0,0,0,0.301196211,0.049527028,0,0,0,0,0,0.512337079,0,0.020224693,0,0.105831032,0.845037998,0.127941931,0.100009118,0.089105549,0.28657264,0.760805052,0.077431774,0.867160919,0,0.130265335,0.214059159,0,1,0,0.005310573,0.06306316,0.053380653,0.052019375,0.006355,0.982289634,1,0,0,0.2195821,0.092410811,0.16825472,0,0.061547922,0.095500507,0.045138949,0.078353505,0.376753621,0.179399129,0,0,0.400136211,0.96761045,0.038923036,0.283244552,0.073201462,0.151805709,0.928783658,0.100116338,0,0,0.103205826,0.617503876,0.142590248,0,0.643748029,0.030752408,0,0,0.119067853,0.157935698,0,0.375049377,0.01622123,0.466701137,0,0.019730025,0.031936503,0.05852183,0.007587917,0.180650033,0.049527442,0.43298752,0.499504496,0.342438035,0.12376539,0.915615402,0.450499633,0.099655339,0.703119589,0.919632298,0.769509777,0,0.035262542,0.980111873,0.769886723,0.93739578,0,0.587382081,0.03540863,0.921709437,0,0,0.316011176,1,0.148686711,0.000853075,0.00205492
CbMPDiCbraya,Group,D1_vs_D3,DL,0.928762104,0.553817579,0.777287829,0.470264462,0.996638028,0.290799304,0.58980429,0.962621901,0,0.906004618,0.280402409,0.628880143,0.464779052,0,0,0.036659661,0.353296404,0.431969888,0.083011214,0,0,0.535071556,0.299800001,0.577406934,0,0,0.024469464,0,0.011235592,0.051851148,0.262647462,0,0,0,0.298409777,0.76960507,0.886567619,0.71342736,0.09189631,0.116849138,0.120888636,0.019198022,0.858812032,0.478655567,0.996643227,0,0.849082191,0.985309343,0.929136208,0.073706822,0.282765391,0.924519889,0,0,0.071515732,0.863445303,0.026135075,0.768482045,0.608767174,0.938996909,0.938452078,0.863431357,0,0.136469009,0.127582394,0.396093492,0,0.906519977,0,0.009959246,0,0,0,0,0.0298379,0.107032514,0.192943994,0,0,0.298707838,0,0.012158257,0.147636949,0.282921944,0,0,0,0.505275575,0.151713711,0.161540389,0.092138926,0.232882846,0,0,0.244638292,0.866490672,0.724267972,0.259090056,0.766588731,0.102911078,0.062734288,0.043961926,0.651037236,0.019295707,0.050243853,0,0.271789925,0.024520586,0.187113916,0.849514296,0,0,0.103953529,0.022073963,0.813422039,0,0,0.065992405,0.195615675,0.025008375,0.046874746,0,0.6125679,0.791239558,0.541673442
CbMPDiCbraya,Group,D1_vs_D3,HD,0,0,0.000768667,0.002501248,0,0.007856595,0.008989784,0,0,0,0,0,0,0.172271875,0.150892474,0,0.000660213,0.024737092,0.022292914,0.279496874,0.316645557,0,0,0,0.844557388,0.083013043,0.146365671,0.029647275,0,0.330019956,0,0.268540123,0.67799954,0.016163814,0.011022791,0,0,0,0,0.001250149,0,0.165206168,0,0,0,0,0,0,0,0,0,0.003506719,0.009563374,0,0.192167063,0,0,0,0,0,0,0,0.068741152,0.012494961,0.064171723,0.005120523,0.218264442,0,0,0,0.961076964,0.20192031,0.011410521,0.013039935,0,0.318563148,0.002722805,0.917945539,0.002989629,0,0.065353779,0,0,0.021851125,0.165459267,0.167163788,0.10354554,0,0,0,0,0,0.936934256,0.230868853,0,0,0,0.00159796,0.005427115,0.032957979,0,0,0,0,0,0.002782219,0,0,0,0,0.310968539,0.004350367,0,0,0,0.246319475,0.132208214,0,0.112939348,0,0.082803157,0,0,0.001858796,0.003369036
CbMPDiCbraya,Group,D1_vs_D3,DR,0,0.023450824,0.056982714,0.005117068,0.003361972,0.175155344,0.277748303,0.037378099,0,0.032344891,0.237321214,0.057126158,0.001574718,0.772177214,0.846363994,0.950141731,0.464821024,0.486438109,0.894695872,0.720503126,0.591032328,0.116705886,0.534944103,0.422593066,0.155442612,0.916986957,0.823038587,0.970352725,0.255505822,0.618128896,0.680131425,0.731459877,0.216169427,0.138798188,0.562625501,0.130385812,0.012516023,0,0.070086857,0.704306611,0.011950444,0.815595809,0.010922633,0.007800347,0,0,0.088050999,0.009380084,0.007800632,0.605355581,0.665215234,0.065618392,0.008146991,0,0.736317204,0.136554697,0.631358499,0.040578502,0.222978106,0.061003091,0,0.041068136,0.886119899,0.683540434,0.185550804,0.419386856,0.781735558,0.093480023,0,0,0,0.419090186,0.915388017,0.835154356,0.041378442,0.453011145,0.804333202,0.082054461,0.801721863,0.028102837,0.792055973,0.987841743,0.027229925,0.664474523,0.834540733,0.832836212,0.772711836,0.165375396,0.848286289,0.114905785,0.891639843,0.000827198,0.063065744,0.749401123,0.723425205,0.074987497,0.268144112,0.558661952,0.171796065,0.431143423,0.437761216,0.613600039,0,0,0,0.897562443,0.025090487,0.055847115,0,0,0.653768919,0.015537761,0.077411688,0.040530256,0.186577961,0.106730267,0.781448526,0.012298158,0.691444977,0.974991625,0.529657248,0,0.23874539,0.151266293,0.452902602
CbMPDiCbraya,Group,D1_vs_D3,DominantProcess,DL,DL,DL,DL,DL,HoS,DL,DL,HoS,DL,DL,DL,HoS,DR,DR,DR,DR,DR,DR,DR,DR,DL,DR,DL,HD,DR,DR,DR,HoS,DR,DR,DR,HD,HoS,DR,DL,DL,DL,HoS,DR,HoS,DR,DL,DL,DL,HoS,DL,DL,DL,DR,DR,DL,HoS,HoS,DR,DL,DR,DL,DL,DL,DL,DL,DR,DR,HoS,DR,DR,DL,HeS,HoS,HD,DR,DR,DR,HoS,DR,DR,HD,DR,HoS,DR,DR,HoS,DR,DR,DR,DR,DL,DR,HoS,DR,HoS,HD,DR,DR,DL,DL,DR,DL,HoS,HoS,DR,DL,HoS,HeS,DR,HoS,HoS,HoS,DL,DR,HoS,HoS,HoS,DL,HoS,DR,HoS,DR,DR,DR,HoS,DL,DL,DL
CbMPDiCbraya,Group,D1_vs_D3,DominantProcessImportance,0.928762104,0.553817579,0.777287829,0.470264462,0.996638028,0.526188756,0.58980429,0.962621901,1,0.906004618,0.280402409,0.628880143,0.516566397,0.772177214,0.846363994,0.950141731,0.464821024,0.486438109,0.894695872,0.720503126,0.591032328,0.535071556,0.534944103,0.577406934,0.844557388,0.916986957,0.823038587,0.970352725,0.512337079,0.618128896,0.680131425,0.731459877,0.67799954,0.845037998,0.562625501,0.76960507,0.886567619,0.71342736,0.760805052,0.704306611,0.867160919,0.815595809,0.858812032,0.478655567,0.996643227,1,0.849082191,0.985309343,0.929136208,0.605355581,0.665215234,0.924519889,0.982289634,1,0.736317204,0.863445303,0.631358499,0.768482045,0.608767174,0.938996909,0.938452078,0.863431357,0.886119899,0.683540434,0.376753621,0.419386856,0.781735558,0.906519977,0.599863789,0.96761045,0.961076964,0.419090186,0.915388017,0.835154356,0.928783658,0.453011145,0.804333202,0.917945539,0.801721863,0.617503876,0.792055973,0.987841743,0.643748029,0.664474523,0.834540733,0.832836212,0.772711836,0.505275575,0.848286289,0.375049377,0.891639843,0.466701137,0.936934256,0.749401123,0.723425205,0.866490672,0.724267972,0.558661952,0.766588731,0.43298752,0.499504496,0.613600039,0.651037236,0.915615402,0.499256514,0.897562443,0.703119589,0.919632298,0.769509777,0.849514296,0.653768919,0.980111873,0.769886723,0.93739578,0.813422039,0.587382081,0.781448526,0.921709437,0.691444977,0.974991625,0.529657248,1,0.6125679,0.791239558,0.541673442
CbMPDiCbraya,Group,D1_vs_D3,DominantProcessPvalue,0,0.15,0,0.28,0,0.15,0.06,0,0,0,0.65,0.03,0.28,0,0.01,0,0.25,0.4,0,0.06,0.08,0.13,0.15,0.25,0,0,0,0,0.15,0.1,0.01,0.05,0.01,0,0.11,0,0,0,0,0,0,0,0,0.21,0,0,0,0,0,0.02,0.02,0,0,0,0,0,0.01,0,0.02,0,0,0,0,0.01,0.36,0.46,0.02,0,0.24,0,0,0.28,0,0,0,0.3,0,0,0,0.07,0,0,0.02,0.04,0,0,0,0,0,0.45,0,0.27,0,0,0.01,0,0.04,0.1,0,0.42,0.39,0.09,0.01,0,0.47,0,0.02,0,0,0,0.08,0,0,0,0,0.03,0,0,0.02,0,0.13,0,0.07,0,0.38
CbMPDiCbraya,Group,D1_vs_D5,HeS,0,0.106729315,0.090318353,0.225535183,0,0,0,0,0,0.072183172,0.276774283,0.180995898,0.332764416,0,0,0,0.020447046,0.067076765,0,0,0.097607465,0.118212458,0.115728869,0,0,0,0.053965595,0,0.20736962,0,0.310189633,0,0,0,0,0,0.012549572,0,0.389707309,0.022983234,0.035673042,0,0,0.353112738,0,0,0.024307055,0,0,0.314359003,0.108639048,0.010150436,0,0,0.002159399,0,0.167202762,0.116249933,0.014512623,0,0,0,0,0.094093947,0.245941459,0,0,0,0.569815051,0.472854816,0,0.184885008,0.00840717,0,0,0.066907548,0,0,0.068417034,0.074491157,0,0,0.247567195,0,0,0,0,0.392001005,0,0.501200287,0,0.599802513,0,0,0,0,0,0.003418115,0.009014185,0,0,0,0.429672799,0.413563632,0.555029912,0,0.488570349,0.008606275,0.401353387,0,0,0,0.465707588,0,0,0.002284861,0.005823027,0,0,0,0.003427174,0.039484609,0,0.086807561,0.280119525
CbMPDiCbraya,Group,D1_vs_D5,HoS,0,0.439873438,0.106144186,0.302571384,0,0.073104892,0.227327061,0.081272302,0.367353,0,0.203215633,0.120181672,0.606975962,0.059047445,0,0,0.170420333,0,0,0,0.009781256,0.164165614,0.049527028,0.031893912,0,0,0.022361351,0,0.48090902,0,0.169570199,0,0.098493691,0.787765121,0.068742877,0.076290128,0.052177263,0,0.404412171,0.102853533,0.46257531,0,0.494175893,0.21278118,0,1,0.022942194,0.099900121,0.079031712,0.409488,0.102159552,0,0.847404407,1,0,0.077864627,0.246874442,0.109031752,0.007742279,0,0,0.100460158,0.045138949,0.071454705,0.376753621,0.042726628,0,0,0.380092347,0.527145184,0.071994278,0.210885528,0.123312306,0.056453162,0.793853842,0.080790007,0,0,0.118462898,0.552025267,0.143534026,0,0.608319366,0.316095887,0,0,0.110343883,0.330531542,0,0.26439047,0,0.38120364,0.001067138,0.034579306,0.045015327,0,0,0.199983348,0.038323968,0.448957729,0.495766519,0.38184975,0.107535309,0.542567084,0.444970088,0.125388732,0.331365716,0.932373688,0.572914143,0,0.012370171,0.940381671,0.317376506,0.897732346,0,0.670296212,0.018372178,0.950044702,0.549327952,0,0.435611414,0.821582414,0.022384284,0.006153587,0.003149913
CbMPDiCbraya,Group,D1_vs_D5,DL,0.987002279,0.408462742,0.707879241,0.466316392,0.953550343,0.4309569,0.562433386,0.844222305,0.462021425,0.876923057,0.153578967,0.634822698,0.054143356,0,0,0,0.065185537,0.208570251,0.013857935,0,0,0.455254323,0.140000032,0.411296892,0,0,0.008120897,0,0,0.007400293,0.113338024,0,0,0,0,0.731034852,0.919027826,0.992966132,0.065242632,0.118717866,0.325879921,0.182726361,0.451011451,0.408271096,1,0,0.80161355,0.808733143,0.863203348,0.011038799,0,0.760911817,0,0,0.087839702,0.343395766,0,0.630562621,0.642898275,0.832135861,0.887296521,0.751894065,0,0.136649344,0.063791197,0.358905992,0,0.884279125,0.048242099,0,0,0.3231474,0.626448538,0,0.100222145,0.074268246,0.224998534,0,0,0.330344125,0,0.006161242,0.092883234,0.143501781,0,0,0,0.095471808,0.025804507,0.06022686,0.154945354,0.011396309,0,0,0.123576808,0.657983522,0.702475217,0.229726379,0.642915506,0,0.007666415,0,0.462791892,0.039251464,0,0,0.173152782,0.005151547,0.02573247,0.996438006,0,0,0.041362532,0,0.662629782,0.301541449,0.22269243,0.030934949,0,0,0,0.045344784,0.655560362,0.728666464,0.107520627
CbMPDiCbraya,Group,D1_vs_D5,HD,0,0,0.000838132,0.002703259,0,0.007912234,0.003878193,0,0.00777535,0,0,0,0,0.17488367,0.158855926,0,0,0.023551921,0.029088199,0.276299085,0.321011935,0,0,0,0.777596692,0.087261933,0.116847315,0.028086892,0,0.298011605,0.002978347,0.266667127,0.695548339,0.034669226,0.008366876,0,0,0,0,0.00122359,0,0.184335119,0,0,0,0,0,0,0,0,0.014091573,0.011522225,0.027519668,0,0.190355865,0,0,0,0,0,0,0,0.03708169,0.005403915,0.059775628,0,0.149906396,0,0,0,0.670176747,0.010452771,0.001293062,0.055031949,0.018411028,0.24582504,0,0.893876172,0,0,0.055767478,0,0,0.008436711,0.43935132,0.135823639,0.08965542,0,0,0,0,0,0.793535145,0.130199182,0,0,0,0,0.008390263,0.293127891,0.004559604,0.010403802,0,0,0,0.012042555,0,0,0,0,0.375243771,0.021369805,0,0.003362537,0,0.022703266,0.03697355,0,0.068637731,0,0.263211699,0,0,0.001136803,0.010788652
CbMPDiCbraya,Group,D1_vs_D5,DR,0.012997721,0.044934506,0.094820089,0.002873782,0.046449657,0.488025973,0.206361361,0.074505393,0.162850226,0.050893771,0.366431117,0.063999732,0.006116267,0.766068885,0.841144074,1,0.743947083,0.700801063,0.957053866,0.723700915,0.571599344,0.262367606,0.694744072,0.556809196,0.222403308,0.912738067,0.798704841,0.971913108,0.311721359,0.694588103,0.403923797,0.733332873,0.20595797,0.177565654,0.922890247,0.19267502,0.01624534,0.007033868,0.140637888,0.754221776,0.175871728,0.63293852,0.054812655,0.025834986,0,0,0.151137201,0.091366736,0.05776494,0.265114198,0.775109827,0.217415522,0.125075925,0,0.719645034,0.578739608,0.585922796,0.144155694,0.334846824,0.167864139,0.112703479,0.147645778,0.917779361,0.69239809,0.253738096,0.59836738,0.850093604,0.115720875,0.001850503,0,0.257828975,0.270629293,0.240538924,0.888514889,0.087512985,0.532209158,0.775001466,0.106123828,0.813120067,0.043139451,0.800698496,0.993838758,0.051230204,0.531965621,0.56064868,0.864176361,0.800000697,0.181995645,0.974195493,0.174182383,0.845054646,0.007597539,0.205397716,0.835221512,0.831407865,0.342016478,0.297524783,0.566872158,0.301356079,0.25791438,0.492007462,0.607746449,0,0.004617819,0,0.862568712,0.006911153,0.053868491,0,0.003561994,0.612386057,0.038248524,0.175553374,0.098905116,0.337370218,0.003174211,0.716138816,0.019020349,0.382034317,1,0.297749713,0.093588193,0.322055354,0.177235586,0.598421283
CbMPDiCbraya,Group,D1_vs_D5,DominantProcess,DL,HoS,DL,DL,DL,DR,DL,DL,DL,DL,DR,DL,HoS,DR,DR,DR,DR,DR,DR,DR,DR,DL,DR,DR,HD,DR,DR,DR,HoS,DR,DR,DR,HD,HoS,DR,DL,DL,DL,HoS,DR,HoS,DR,HoS,DL,DL,HoS,DL,DL,DL,HoS,DR,DL,HoS,HoS,DR,DR,DR,DL,DL,DL,DL,DL,DR,DR,HoS,DR,DR,DL,HeS,HoS,HD,DL,DL,DR,HoS,DR,DR,HD,DR,HoS,DR,DR,HoS,DR,DR,DR,DR,HeS,DR,HeS,DR,HeS,HD,DR,DR,DL,DL,DR,DL,HoS,HoS,DR,DL,HoS,HeS,DR,HeS,HoS,HoS,DL,DR,HoS,HeS,HoS,DL,HoS,DR,HoS,HoS,DR,HoS,HoS,DL,DL,DR
CbMPDiCbraya,Group,D1_vs_D5,DominantProcessImportance,0.987002279,0.439873438,0.707879241,0.466316392,0.953550343,0.488025973,0.562433386,0.844222305,0.462021425,0.876923057,0.366431117,0.634822698,0.606975962,0.766068885,0.841144074,1,0.743947083,0.700801063,0.957053866,0.723700915,0.571599344,0.455254323,0.694744072,0.556809196,0.777596692,0.912738067,0.798704841,0.971913108,0.48090902,0.694588103,0.403923797,0.733332873,0.695548339,0.787765121,0.922890247,0.731034852,0.919027826,0.992966132,0.404412171,0.754221776,0.46257531,0.63293852,0.494175893,0.408271096,1,1,0.80161355,0.808733143,0.863203348,0.409488,0.775109827,0.760911817,0.847404407,1,0.719645034,0.578739608,0.585922796,0.630562621,0.642898275,0.832135861,0.887296521,0.751894065,0.917779361,0.69239809,0.376753621,0.59836738,0.850093604,0.884279125,0.569815051,0.527145184,0.670176747,0.3231474,0.626448538,0.888514889,0.793853842,0.532209158,0.775001466,0.893876172,0.813120067,0.552025267,0.800698496,0.993838758,0.608319366,0.531965621,0.56064868,0.864176361,0.800000697,0.392001005,0.974195493,0.501200287,0.845054646,0.599802513,0.793535145,0.835221512,0.831407865,0.657983522,0.702475217,0.566872158,0.642915506,0.448957729,0.495766519,0.607746449,0.462791892,0.542567084,0.555029912,0.862568712,0.488570349,0.932373688,0.572914143,0.996438006,0.612386057,0.940381671,0.465707588,0.897732346,0.662629782,0.670296212,0.716138816,0.950044702,0.549327952,1,0.435611414,0.821582414,0.655560362,0.728666464,0.598421283
CbMPDiCbraya,Group,D1_vs_D5,DominantProcessPvalue,0,0.44,0.01,0.34,0,0.4,0.04,0,0.37,0,0.5,0.1,0.2,0.01,0,0,0.01,0.01,0,0.04,0.14,0.3,0,0.25,0,0,0,0,0.28,0.04,0.4,0.03,0.07,0,0,0,0,0,0.39,0,0.25,0.07,0.44,0.45,0,0,0,0,0,0.45,0,0.01,0,0,0,0.11,0.04,0.03,0.13,0,0,0,0,0.03,0.47,0.13,0,0,0.22,0.43,0.07,0.51,0.03,0,0,0.07,0.01,0,0,0.23,0,0,0.08,0.08,0.36,0,0,0.44,0,0.19,0,0.24,0,0,0,0.07,0.06,0.12,0.07,0.26,0.51,0.13,0.41,0.31,0.23,0,0.23,0,0.24,0,0.16,0,0.26,0,0.05,0.07,0.02,0,0.24,0,0.42,0,0.1,0,0.06
CbMPDiCbraya,Group,D1_vs_D6,HeS,0,0.106729315,0.106941104,0.225535183,0,0,0,0,0.007250224,0.092332676,0.276774283,0.180995898,0.350359705,0,0,0,0.0199303,0.067076765,0,0,0.102945849,0.109245348,0.115728869,0,0,0,0.001655623,0,0.132515422,0.022950865,0.103708722,0,0,0,0,0,0.086654919,0,0.486297409,0.366826807,0.021291223,0.008945888,0,0.353112738,0,0.008231363,0.033317045,0,0,0.311482353,0.103150794,0.014453492,0.029097165,0,0.009422425,0.00867616,0.176049492,0.116249933,0.013507796,0,0,0,0,0.094093947,0.245941459,0,0,0,0.569814256,0.498029455,0,0.165390521,0,0,0.000489425,0.047395334,0,0,0.064196074,0.074491157,0.00717699,0,0.254240662,0.006365286,0,0,0,0.436158698,0,0.475589574,0.017649541,0.584781545,0,0,0,0,0.000805442,0,0.00381787,0,0,0.013579219,0.401332946,0.435347724,0.555029912,0,0.502147223,0.146462639,0.390198027,0,0,0,0.428815964,0.038110447,0,0.009050275,0.011912607,0.093853554,0,0,0.004932478,0.621247373,0.046935012,0.128847104,0.405603914
CbMPDiCbraya,Group,D1_vs_D6,HoS,0,0.439873438,0.091908637,0.302571384,0,0.034050371,0.17665619,0.041584734,0.693932133,0,0.203215633,0.120181672,0.604611303,0.065017446,0,0,0.183227644,0,0,0,0,0.151712687,0.049527028,0.053026799,0,0,0.011219392,0,0.307315323,0,0.055324585,0,0.106096703,0.743855338,0.076783844,0.032316795,0.03426651,0,0.421695991,0.028367317,0.388906555,0.001254679,0.497861783,0.21278118,0,0.991768637,0.037610605,0.025071044,0.073029538,0.338516015,0.099811963,0.00801285,0.898945907,1,0.008564219,0.074861678,0.242213951,0.109031752,0.015110925,0,0,0.064117032,0.045138949,0.071454705,0.376753621,0.041598424,0,0,0.405138911,0.501970545,0.068160206,0.219951136,0.016333041,0.062704061,0.925890529,0.11738924,0,0,0.11115438,0.552025267,0.127480785,0,0.601645116,0.261680013,0.005128332,0,0.108800557,0.367764891,0,0.293711131,0.006225864,0.371657085,2.56E-05,0.008738174,0.043861585,0.101220056,0,0.198489868,0,0.451360111,0.728986191,0.468725807,0.100442622,0.518472218,0.444970088,0.039322388,0.333033726,0.765711798,0.580871932,0,0.292744852,0.941628895,0.249315123,0.76388152,0,0.900035974,0.021750706,0.776538218,0.700200305,0,0.498167846,0.352454674,0.044926204,0.004737554,0.005928673
CbMPDiCbraya,Group,D1_vs_D6,DL,0.981212358,0.389870407,0.681355361,0.461521557,0.903714817,0.102996942,0.556502674,0.72097215,0.045126536,0.819127881,0.136494728,0.632992297,0.02814312,0,0,0,0.009501949,0.096715342,0.003464484,0,0,0.449188714,0.059548893,0.180906453,0,0,0.008136013,0,0.031048267,0.011166514,0.003162831,0,0,0,0.097862487,0.632954028,0.852422061,0.953456886,0.029190427,0.339368219,0.234777248,0.398702451,0.412161659,0.389175252,0.962613398,0,0.679386249,0.78581231,0.840003146,0.005175153,0,0.504136396,0,0,0.067892562,0.128710007,0.002598346,0.59243916,0.512533459,0.742895226,0.778498137,0.69678443,0,0.126400643,0.047843398,0.247219905,0,0.893425169,0.018828377,0,0.381417015,0.334005454,0.666155603,0.808123185,0.019235502,0.03724481,0,0,0,0.318183926,0,0,0.080116017,0.07711257,0.371592955,0,0,0.010053217,0,0.032658765,0.452448479,0.031273218,0.820412385,0,0.049258922,0.546576501,0.656697827,0.225691258,0.60244815,0,0,0,0.486033734,0.035789545,0,0,0.132937588,0.001878384,0.028930041,0.969480915,0,0,0.02943398,0,0.429829487,0.02618016,0.1553959,0.009583412,0.091120498,0.052413664,0,0,0.558274993,0.646833751,0.060342368
CbMPDiCbraya,Group,D1_vs_D6,HD,0,0,0,0.002703259,0,0.017510284,0.004980181,0,0.002172428,0,0,0,0,0.16964312,0.154490038,0,0,0.022374325,0.01291364,0.25467308,0.301283181,0,0,0,0.788700131,0.07283294,0.127357056,0.021037023,0,0.301770906,0.020561522,0.261993807,0.413556337,0.101923238,0.013785149,0,0,0,0,0,0,0.105598665,0,0,0,0,0,0,0,0,0.009359151,0.010182234,0.02373747,0,0.108716484,0,0,0,0,0,0,0,0.033543296,0.002635821,0.056844898,0,0.127757885,0,0,0,0.061156121,0.02593161,0.017775735,0.03483406,0.003483944,0.258881158,0.048565133,0.517352927,0,0,0.046286643,0,0,0.07870863,0.221459484,0.138023865,0.077596292,0,0,0,0,0,0.011037182,0.084515333,0,0,0,0,0.007139901,0.244504118,0.004840534,0.008458277,0,0,0,0.009322623,0,0,0,0,0.276991647,0.016511889,0,0.001934188,0,0.034347191,0.019028564,0,0.025806621,0,0.131904169,0,0,0.003366265,0.016866906
CbMPDiCbraya,Group,D1_vs_D6,DR,0.018787642,0.063526841,0.119794898,0.007668617,0.096285183,0.845442403,0.261860955,0.237443116,0.25151868,0.088539443,0.383515355,0.065830133,0.016885872,0.765339434,0.845509962,1,0.787340106,0.813833569,0.983621876,0.74532692,0.59577097,0.289853251,0.775195211,0.766066747,0.211299869,0.92716706,0.851631917,0.978962977,0.529120988,0.664111715,0.81724234,0.738006193,0.48034696,0.154221424,0.811568521,0.334729177,0.026656511,0.046543114,0.062816173,0.265437657,0.355024974,0.485498317,0.089976558,0.04493083,0.037386602,0,0.2496861,0.189116646,0.086967316,0.344826479,0.787678093,0.463215028,0.048219458,0,0.80540431,0.787752155,0.579138211,0.182279156,0.45884782,0.257104774,0.221501863,0.239098538,0.921317755,0.705414885,0.272616625,0.711181671,0.872242115,0.106574831,0.006218456,0,0.489266658,0.254721279,0.299735621,0.094338694,0.0509006,0.539089458,0.951434867,0.482647073,0.824649546,0.05529965,0.819055581,1,0.063998205,0.576133502,0.401819229,0.861976135,0.813603151,0.186023194,1,0.19804053,0.523676116,0.012288152,0.168524836,0.906746494,0.906879493,0.352203443,0.342496731,0.575818874,0.386594078,0.304135771,0.266173275,0.509236697,0.012190699,0.010390513,0,0.951354989,0.031881463,0.085947178,0,0.030519085,0.430263501,0.041859216,0.292434933,0.196073845,0.570170513,0.0303864,0.791912223,0.120024816,0.182872576,0.947586336,0.364995506,0.026297953,0.34986379,0.216215327,0.511258139
CbMPDiCbraya,Group,D1_vs_D6,DominantProcess,DL,HoS,DL,DL,DL,DR,DL,DL,HoS,DL,DR,DL,HoS,DR,DR,DR,DR,DR,DR,DR,DR,DL,DR,DR,HD,DR,DR,DR,DR,DR,DR,DR,DR,HoS,DR,DL,DL,DL,HeS,HeS,HoS,DR,HoS,DL,DL,HoS,DL,DL,DL,DR,DR,DL,HoS,HoS,DR,DR,DR,DL,DL,DL,DL,DL,DR,DR,HoS,DR,DR,DL,HeS,HoS,DR,DL,DL,DL,HoS,DR,DR,HD,DR,HoS,DR,DR,HoS,DR,DR,DR,DR,HeS,DR,HeS,DR,HeS,DL,DR,DR,DL,DL,DR,DL,HoS,HoS,DR,DL,HoS,HeS,DR,HeS,HoS,HoS,DL,DR,HoS,HeS,HoS,DR,HoS,DR,HoS,HoS,DR,HoS,HeS,DL,DL,DR
CbMPDiCbraya,Group,D1_vs_D6,DominantProcessImportance,0.981212358,0.439873438,0.681355361,0.461521557,0.903714817,0.845442403,0.556502674,0.72097215,0.693932133,0.819127881,0.383515355,0.632992297,0.604611303,0.765339434,0.845509962,1,0.787340106,0.813833569,0.983621876,0.74532692,0.59577097,0.449188714,0.775195211,0.766066747,0.788700131,0.92716706,0.851631917,0.978962977,0.529120988,0.664111715,0.81724234,0.738006193,0.48034696,0.743855338,0.811568521,0.632954028,0.852422061,0.953456886,0.486297409,0.366826807,0.388906555,0.485498317,0.497861783,0.389175252,0.962613398,0.991768637,0.679386249,0.78581231,0.840003146,0.344826479,0.787678093,0.504136396,0.898945907,1,0.80540431,0.787752155,0.579138211,0.59243916,0.512533459,0.742895226,0.778498137,0.69678443,0.921317755,0.705414885,0.376753621,0.711181671,0.872242115,0.893425169,0.569814256,0.501970545,0.489266658,0.334005454,0.666155603,0.808123185,0.925890529,0.539089458,0.951434867,0.517352927,0.824649546,0.552025267,0.819055581,1,0.601645116,0.576133502,0.401819229,0.861976135,0.813603151,0.436158698,1,0.475589574,0.523676116,0.584781545,0.820412385,0.906746494,0.906879493,0.546576501,0.656697827,0.575818874,0.60244815,0.451360111,0.728986191,0.509236697,0.486033734,0.518472218,0.555029912,0.951354989,0.502147223,0.765711798,0.580871932,0.969480915,0.430263501,0.941628895,0.428815964,0.76388152,0.570170513,0.900035974,0.791912223,0.776538218,0.700200305,0.947586336,0.498167846,0.621247373,0.558274993,0.646833751,0.511258139
CbMPDiCbraya,Group,D1_vs_D6,DominantProcessPvalue,0,0.43,0.02,0.35,0,0,0.07,0.01,0,0,0.31,0.04,0.16,0,0,0,0.01,0,0,0.02,0.14,0.21,0,0.01,0.02,0,0,0,0.03,0.07,0,0.04,0.41,0,0,0.06,0,0,0.38,0.59,0.49,0.23,0.32,0.42,0,0,0,0,0,0.65,0,0.52,0,0,0,0,0.08,0.08,0.45,0.01,0,0,0,0.01,0.52,0,0,0,0.28,0.43,0.37,0.53,0.15,0,0,0.1,0,0.39,0,0.27,0,0,0.06,0.03,0.45,0,0,0.44,0,0.24,0.41,0.25,0.05,0,0,0.13,0.09,0.03,0.14,0.27,0,0.31,0.37,0.39,0.3,0,0.15,0,0.21,0,0.21,0,0.28,0,0.12,0,0,0,0,0,0.29,0.13,0.19,0.02,0.21
CbMPDiCbraya,Group,D1_vs_D7,HeS,0,0.106729315,0.104168973,0.225535183,0,0,0,0,0.091298054,0.097291383,0.276774283,0.180995898,0.350359705,0,0,0,0.020447046,0.06536866,0,0,0.081363209,0.106317426,0.115728869,0,0,0.003508497,0.001461436,0,0.160654647,0.003591906,0.357572503,0.004362732,0,0,0,0,0,0,0.664564124,0,0.129685497,0,0,0.353112738,0,0.195395469,0.186633629,0,0,0.39225283,0.069641687,0.008905031,0.028542151,0,0.063537354,0,0.167194072,0.116249933,0.067976827,0,0,0.003591981,0,0.094093947,0.245941459,0,0,0,0.599863789,0.498029455,0.000236936,0.069525367,1.01E-05,0.015530702,0.001567734,0.04770369,0,0.001297237,0.078139175,0.074491157,0.007100474,0,0.260818273,0.10242686,0,0,0,0.425156046,0,0.481908656,0,0.599802513,0,0,0,0,0,0,0,0,0.009278854,0.085788408,0.44110927,0.435347724,0.555029912,0,0.515725413,0.206171708,0.423658343,0.025140249,0,0.01695163,0.490281607,0.137347701,0,0.031076583,0.072009984,0.489002381,0.01580243,0,0.049808445,0.771215432,0,0.017665707,0.318423648
CbMPDiCbraya,Group,D1_vs_D7,HoS,0,0.439873438,0.092264726,0.302571384,0,0.000415152,0.044668557,0.014785631,0.908701946,0,0.203215633,0.120181672,0.604611303,0.047558919,0,0,0.170420333,0,0,0,0.002603794,0.147646583,0.049527028,0.055158552,0.001015685,0,0.047538596,0.001629888,0.372572747,0,0.217801857,0,0.074498075,0.876630007,0.026650095,0.012278032,0.05517491,0,0.311989342,0.086187626,0.493210097,0,0.143100761,0.21278118,0,0.763686752,0.178524099,0,0.077030385,0.52010839,0.065488088,0.046294452,0.896367505,1,0.00163108,0.211708464,0.230030409,0.109031752,0.104991403,0,0,0.067691816,0.045138949,0.071454705,0.376753621,0.038402346,0.005226315,0,0.400136211,0.501970545,0.056363691,0.208209606,0.020648275,0.219160452,0.927148994,0.09096253,0,0.000979402,0.046608478,0.552025267,0.121521968,0,0.595067222,0.184474052,0.007927416,0,0.112764257,0.358487558,0,0.254213853,0.001149845,0.38120364,0.003364607,0.001346038,0.042707968,0.004353833,0,0.20097887,0.00196687,0.338981924,0.946151476,0.392687613,0.110397544,0.518472218,0.444970088,0,0.341220529,0.673575059,0.550007207,0,0.043792169,0.98304837,0.285051466,0.424303498,0,0.318097188,0.042178435,0.394938786,0.674296805,0,0.396686978,0.203714192,0.004462937,0.014436164,0.011578508
CbMPDiCbraya,Group,D1_vs_D7,DL,0.737646424,0.30788132,0.531219814,0.43078471,0.682420035,0.261974339,0.530288252,0.290935891,0,0.369909488,0.029217735,0.619047123,0.004502899,0,0,0.003053755,0,0.022559723,0,0,0,0.188208149,0.00495442,0.050525282,0,0,0.004013558,0,0.017667712,0,0,0.140764451,0.718292248,0,0,0.161917085,0.837049532,0.674224348,0,0.079841787,0.015627331,0.03207245,0.322366203,0.300879588,0.68357485,0,0.092540336,0.335207694,0.681725505,0,0.117832543,0.118633432,0,0,0.117562494,0.002606636,0.002597523,0.313186309,0.098411487,0.380915478,0.314698792,0.357493522,0,0.044411037,0.00318956,0.168137449,0,0.837855601,0,0,0.329710858,0,0.689918613,0,0.017164766,0.26991726,0,0.747742542,0.507858135,0.194468585,0,0,0.02541344,0,0,0,0,0.004289434,0,0.008344462,0.003879021,0.001899385,0.856484346,0.892189354,0.018715389,0.174835975,0.547875802,0.193740977,0.128150963,0.038060304,0,0,0.370947718,0.012699516,0,0,0.080095196,0.002049219,0.025016428,0.771142864,0,0,0.007983349,0,0.029409303,0.518880146,0.166193254,0,0,0.052970998,0,0,0.289756755,0.55438571,0
CbMPDiCbraya,Group,D1_vs_D7,HD,0,0,0,0.002703259,0,0.009770825,0.021363886,0,0,0,0,0,0,0.151018415,0.139514543,0,0,0.023574751,0.005674848,0.241506088,0.274405831,0,0,0,0.720962041,0.059657749,0.083476417,0.008417369,0,0.251054824,0.006137694,0.202992725,0.094821971,0.052531785,0.004492158,0,0,0,0,0,0,0.227973286,0.000449806,0,0,0,0,0,0,0,0.003480785,0.006434352,0.021082234,0,0.068857242,0,0,0,0,0,0,0,0.020845707,0.000908605,0.052448803,0,0.091906141,0,0,0,0.037901014,0.112970294,0.007779096,0.100865846,0.002297611,0.124077271,0.381206066,0.030264091,0,0,0.014545387,0,0,0.066406065,0.134264298,0.105477286,0.08289317,0,0,0,0,0,0.003481018,0.003297286,0,0,0,0,0.009078951,0.390303853,0.001238223,0.050624222,0,0,0,0,0,0,0,0,0.273590158,0,0,0.00293489,0,0.081438734,0.059179002,0,0.029207796,0,0.108703918,0,0,0,0.019240246
CbMPDiCbraya,Group,D1_vs_D7,DR,0.262353576,0.145515928,0.272346486,0.038405465,0.317579965,0.727839683,0.403679305,0.694278479,0,0.532799129,0.490792348,0.079775307,0.040526093,0.801422665,0.860485457,0.996946245,0.809132621,0.888496866,0.994325152,0.758493912,0.641627166,0.557827843,0.829789684,0.894316166,0.278022274,0.936833753,0.863509994,0.989952743,0.449104894,0.74535327,0.418487946,0.651880091,0.112387706,0.070838208,0.968857747,0.825804884,0.107775558,0.325775652,0.023446534,0.833970587,0.361477075,0.739954264,0.53408323,0.133226494,0.31642515,0.040917779,0.542301936,0.664792306,0.24124411,0.087638781,0.743556897,0.819732733,0.05400811,0,0.74841183,0.785684901,0.600177996,0.461532007,0.728620283,0.619084522,0.685301208,0.571222682,0.934015344,0.789131706,0.321666558,0.793460205,0.902867544,0.162144399,0,0,0.575787501,0.609294732,0.281643872,0.664443,0.051820894,0.467339249,0.618793934,0.219716729,0.367394212,0.179014991,0.856832171,1,0.118701064,0.646693023,0.857808286,0.894522714,0.804342573,0.212066963,1,0.255533029,0.994971134,0.017094463,0.136670028,0.103167322,0.938576643,0.820810193,0.452124198,0.605280154,0.860803216,0.23265392,0.043331447,0.470899757,0.077545468,0.033480542,0,1,0.062958861,0.118204014,0.001318022,0.203716887,0.682617673,0,0.216683579,0.435413911,0.970590697,0.050507349,0.660439325,0.116058833,0.280692969,0.947029002,0.444800659,0.025070376,0.705780308,0.413512419,0.650757598
CbMPDiCbraya,Group,D1_vs_D7,DominantProcess,DL,HoS,DL,DL,DL,DR,DL,DR,HoS,DR,DR,DL,HoS,DR,DR,DR,DR,DR,DR,DR,DR,DR,DR,DR,HD,DR,DR,DR,DR,DR,DR,DR,DL,HoS,DR,DR,DL,DL,HeS,DR,HoS,DR,DR,HeS,DL,HoS,DR,DR,DL,HoS,DR,DR,HoS,HoS,DR,DR,DR,DR,DR,DR,DR,DR,DR,DR,HoS,DR,DR,DL,HeS,HoS,DR,DR,DL,DR,HoS,DR,DR,DL,DL,HoS,DR,DR,HoS,DR,DR,DR,DR,HeS,DR,HeS,DR,HeS,DL,DL,DR,DR,DL,DR,DR,HD,HoS,DR,HeS,HoS,HeS,DR,HeS,HoS,HoS,DL,DR,HoS,HeS,DR,DR,DL,DR,HeS,HoS,DR,DR,HeS,DR,DL,DR
CbMPDiCbraya,Group,D1_vs_D7,DominantProcessImportance,0.737646424,0.439873438,0.531219814,0.43078471,0.682420035,0.727839683,0.530288252,0.694278479,0.908701946,0.532799129,0.490792348,0.619047123,0.604611303,0.801422665,0.860485457,0.996946245,0.809132621,0.888496866,0.994325152,0.758493912,0.641627166,0.557827843,0.829789684,0.894316166,0.720962041,0.936833753,0.863509994,0.989952743,0.449104894,0.74535327,0.418487946,0.651880091,0.718292248,0.876630007,0.968857747,0.825804884,0.837049532,0.674224348,0.664564124,0.833970587,0.493210097,0.739954264,0.53408323,0.353112738,0.68357485,0.763686752,0.542301936,0.664792306,0.681725505,0.52010839,0.743556897,0.819732733,0.896367505,1,0.74841183,0.785684901,0.600177996,0.461532007,0.728620283,0.619084522,0.685301208,0.571222682,0.934015344,0.789131706,0.376753621,0.793460205,0.902867544,0.837855601,0.599863789,0.501970545,0.575787501,0.609294732,0.689918613,0.664443,0.927148994,0.467339249,0.618793934,0.747742542,0.507858135,0.552025267,0.856832171,1,0.595067222,0.646693023,0.857808286,0.894522714,0.804342573,0.425156046,1,0.481908656,0.994971134,0.599802513,0.856484346,0.892189354,0.938576643,0.820810193,0.547875802,0.605280154,0.860803216,0.390303853,0.946151476,0.470899757,0.44110927,0.518472218,0.555029912,1,0.515725413,0.673575059,0.550007207,0.771142864,0.682617673,0.98304837,0.490281607,0.435413911,0.970590697,0.518880146,0.660439325,0.489002381,0.674296805,0.947029002,0.444800659,0.771215432,0.705780308,0.55438571,0.650757598
CbMPDiCbraya,Group,D1_vs_D7,DominantProcessPvalue,0,0.4,0.12,0.38,0.03,0.03,0.34,0,0,0.11,0.22,0.04,0.14,0,0,0,0,0,0,0.02,0.04,0.01,0,0,0.02,0,0,0,0.29,0,0.45,0.02,0.44,0,0,0,0,0.01,0.04,0,0.21,0.02,0.05,0.48,0.02,0,0.02,0.01,0,0.32,0,0,0,0,0,0,0.07,0.09,0,0.09,0.01,0.07,0,0,0.58,0,0,0,0.22,0.56,0.2,0.14,0.2,0.09,0,0.16,0.09,0.11,0.36,0.07,0,0,0.16,0,0,0,0,0.37,0,0.19,0,0.19,0,0.05,0,0,0.31,0.03,0,0.39,0,0.28,0.42,0.37,0.33,0,0.27,0.05,0.41,0,0.03,0,0.26,0.52,0,0.37,0.02,0.39,0.04,0,0.4,0,0.02,0.36,0
CbMPDiCbraya,Group,D3_vs_D5,HeS,0,0,0,0,0,0,0.051688851,0,0,0,0,0,0,0,0,0,0,0,0,NaN,0,0,NaN,0.084857059,NaN,0,0,NaN,0.021680981,0,0.204495713,0,0,0,0,0,0.027861511,0,0.111523768,0,0.029646092,0.020587539,0.000672205,0,0,0,0.004962921,0.008809796,0,0.193582424,0.207615984,0.012050963,0,0,0,0,0,0,0.027009498,0,0,0,NaN,0,NaN,0.572824751,0,NaN,0,0,0,0,0,0,0,0,0,0,0.043425917,0,0,0,0,0,0,NaN,0,0,0.030804272,0,0,0,0.016326024,0,0,0,0,0,0,0,0,0,0,0.103494532,0,0,0.157059374,0.006157732,0.58860152,0,0,0,0,0,0,0.040590294,0.056139437,0,0,0,0,0.029254625,0,0.169157534,0.00206658
CbMPDiCbraya,Group,D3_vs_D5,HoS,0.46608253,0,0.152545355,0,0.012880166,1,0.147409236,0.041009565,0.251704795,0.045917099,0,0,0.108170149,0,0,0,0,0,0,NaN,0,0,NaN,0.795387654,NaN,0,0.037208986,NaN,0.032689901,0.065174597,0.481027566,0,0.462972121,0.801016383,0.765575321,0.038529825,0.153766751,0.030440132,0.28888398,0,0.530376108,0.813482936,0.590082433,0,0.356287648,1,0.698762644,0.158870304,0,0.116366911,0.415612118,0.415580604,1,1,0.011454653,0,0.03233739,0,0.076585707,0,0.101514217,0.029343831,NaN,0,NaN,0.09260345,0,NaN,0,0.014705711,0.747741239,0.873955122,0.102074091,0.872178504,0.800832401,0.010830607,0.789759735,0.631044992,0.007395053,0,0,0.462047561,0.175334507,0.258503462,0,NaN,0.031729404,0.030979157,0.820016123,0,0,0.23101627,0.528101124,0.256926836,0,0.22745266,0,0,0.17684555,0.75853109,0.380685188,0.441058472,0.046603738,0.539912349,0,0.758333575,0.214799889,0.422669568,0.25905398,0,0.160279096,0.896842599,0.121614859,0.964134065,0.010794267,0.28615698,0.446070832,0.914964998,0,0,0.38876328,0.868345928,0.194618043,0.045439132,0.006499882
CbMPDiCbraya,Group,D3_vs_D5,DL,0,0,0,0,0.027896673,0,0.312713177,0,0.587929484,0,0,0,0,0,0,0,0,0,0,NaN,0,0,NaN,0,NaN,0,0,NaN,0,0,0,0,0,0,0.080999396,0.284866742,0,0,0,0.592998681,0,0,0.008693079,0,0,0,0.01736944,0,0,0,0,0,0,0,0.016214618,0,0,0,0.175317207,0,0,0,NaN,0,NaN,0,0,NaN,0,0.133226088,0,0.027501888,0.53394124,0,0,0,0.013966821,0,0,0,0,0,0,0.025465397,0,NaN,0,0,0,0,0.042805886,0,0,0,0,0.127929636,0,0,0.013185867,0,0,0,0,0,0,0,0,0,0,0,0,0,0,0.007505921,0.291268866,0.586914171,0.034554326,0.011573751,0.054440023,0,0,0,0,0,0.184587982
CbMPDiCbraya,Group,D3_vs_D5,HD,0.185699613,0.022047222,0,0,0,0,0.001302039,0.014002571,0.002567674,0.045063652,0.4,0,0.25209883,0,0.405293384,0.975025312,0.05,0.570873392,0.1,NaN,1,0.540460511,NaN,0.000623767,NaN,0,0.48891243,NaN,0.431920633,0.340858861,0,0.25,0.061619685,0.002494908,0,0,0,0.024631342,0.064501772,0,0.01420112,0.00025253,0.013403564,0,0,0,0.00589284,0,0,0.334311132,0,0.047777499,0,0,0.021604244,0,0.96766261,0,0.161463162,0,0.774465255,0.113731054,NaN,0.3,NaN,0,0,NaN,0.6,0.004697101,0.000585424,0,0,0,0,0.199378832,0,0.132857088,0.265244139,0,0.05,0.025389634,0.696724962,0,0.075107548,NaN,0,0.274431078,0.002379142,0.623902206,0,0.76898373,0.00228323,0.20941703,0.422766444,0.016432618,0,0,0.00156982,0,0.345532938,0.00200766,0.060206264,0.006067497,0.274976304,0,0,0.004738762,0.026184145,0.369099039,0.261653866,0.003690092,0.120117368,0,0,0.00107793,0.020663627,5.67E-05,0,0,0,0,0.006678026,0.144497926,0
CbMPDiCbraya,Group,D3_vs_D5,DR,0.348217858,0.977952778,0.847454645,1,0.959223161,0,0.486886696,0.944987864,0.157798046,0.909019249,0.6,1,0.639731021,1,0.594706616,0.024974688,0.95,0.429126608,0.9,NaN,0,0.459539489,NaN,0.11913152,NaN,1,0.473878584,NaN,0.513708484,0.593966542,0.314476721,0.75,0.475408194,0.196488709,0.153425283,0.676603434,0.818371738,0.944928526,0.53509048,0.407001319,0.42577668,0.165676995,0.387148718,1,0.643712352,0,0.273012155,0.8323199,1,0.355739533,0.376771898,0.524590933,0,0,0.950726485,1,0,1,0.559624426,1,0.124020529,0.856925115,NaN,0.7,NaN,0.334571799,1,NaN,0.4,0.847371101,0.251673337,0.09854299,0.363984669,0.127821496,0.199167599,0.789790561,0.196273444,0.236097921,0.683934891,1,0.95,0.512562805,0.127940531,0.71603114,0.924892452,NaN,0.968270596,0.694589764,0.146800463,0.376097794,0.957194114,0,0.453289621,0.533656134,0.577233556,0.628185087,1,1,0.808398763,0.24146891,0.273781873,0.556933868,0.893189998,0.350525621,0.725023696,0.241666425,0.628140737,0.566433937,0.126160355,0.630900961,0.578067037,0.099467309,0.758267773,0.028360014,0.697936867,0.085260625,0.442571777,0.073404521,0.945559977,1,0.61123672,0.102399447,0.798703931,0.640905409,0.806845556
CbMPDiCbraya,Group,D3_vs_D5,DominantProcess,HoS,DR,DR,DR,DR,HoS,DR,DR,DL,DR,DR,DR,DR,DR,DR,HD,DR,HD,DR,,HD,HD,,HoS,,DR,HD,,DR,DR,HoS,DR,DR,HoS,HoS,DR,DR,DR,DR,DL,HoS,HoS,HoS,DR,DR,HoS,HoS,DR,DR,DR,HoS,DR,HoS,HoS,DR,DR,HD,DR,DR,DR,HD,DR,,DR,,HeS,DR,,HD,DR,HoS,HoS,DL,HoS,HoS,DR,HoS,HoS,DR,DR,DR,DR,HD,DR,DR,,DR,DR,HoS,HD,DR,HD,HoS,DR,DR,DR,DR,DR,DR,HoS,HoS,DR,DR,HoS,DR,HoS,DR,DR,HeS,DR,DR,HoS,DR,HoS,DR,DL,HoS,HoS,DR,DR,DR,HoS,DR,DR,DR
CbMPDiCbraya,Group,D3_vs_D5,DominantProcessImportance,0.46608253,0.977952778,0.847454645,1,0.959223161,1,0.486886696,0.944987864,0.587929484,0.909019249,0.6,1,0.639731021,1,0.594706616,0.975025312,0.95,0.570873392,0.9,NaN,1,0.540460511,NaN,0.795387654,NaN,1,0.48891243,NaN,0.513708484,0.593966542,0.481027566,0.75,0.475408194,0.801016383,0.765575321,0.676603434,0.818371738,0.944928526,0.53509048,0.592998681,0.530376108,0.813482936,0.590082433,1,0.643712352,1,0.698762644,0.8323199,1,0.355739533,0.415612118,0.524590933,1,1,0.950726485,1,0.96766261,1,0.559624426,1,0.774465255,0.856925115,NaN,0.7,NaN,0.572824751,1,NaN,0.6,0.847371101,0.747741239,0.873955122,0.53394124,0.872178504,0.800832401,0.789790561,0.789759735,0.631044992,0.683934891,1,0.95,0.512562805,0.696724962,0.71603114,0.924892452,NaN,0.968270596,0.694589764,0.820016123,0.623902206,0.957194114,0.76898373,0.528101124,0.533656134,0.577233556,0.628185087,1,1,0.808398763,0.75853109,0.380685188,0.556933868,0.893189998,0.539912349,0.725023696,0.758333575,0.628140737,0.566433937,0.58860152,0.630900961,0.578067037,0.896842599,0.758267773,0.964134065,0.697936867,0.586914171,0.446070832,0.914964998,0.945559977,1,0.61123672,0.868345928,0.798703931,0.640905409,0.806845556
CbMPDiCbraya,Group,D3_vs_D5,DominantProcessPvalue,0.3,0,0,0,0,0,0.19,0,0.19,0,0.42,0.08,0.07,0.09,0.3,0.15,0.34,0.35,0.39,,0.06,0.32,,0,,0.15,0.4,,0.37,0.22,0.35,0.3,0.5,0,0.01,0.07,0,0,0.06,0.43,0.31,0,0.11,0.04,0.16,0,0.01,0,0.02,0.63,0.48,0.27,0,0,0,0,0,0.02,0.07,0,0,0,,0.35,,0.37,0.44,,0.43,0.01,0,0,0.24,0,0,0,0,0.03,0.26,0,0.34,0.42,0.05,0.01,0,,0.01,0.13,0,0.15,0,0.07,0.32,0.14,0.32,0.01,0.1,0,0,0,0.48,0.25,0,0.27,0.08,0,0.04,0.2,0.19,0.14,0.03,0,0,0,0.06,0.41,0.53,0,0,0.06,0.06,0,0,0,0
CbMPDiCbraya,Group,D3_vs_D6,HeS,0,0,0,0,0,0.008433125,0.004977049,0,0.004996555,0,0,0,0,0,0,0,0,0,0,NaN,0,0,NaN,0.167234903,NaN,0,0,0,0.006038817,0.005186951,0.06694763,0,0,0,0.01714022,0.008085966,0.097506174,0,0.13690494,0.088430588,0.019554587,0.032213679,0.000217019,0,0,0.002628146,0.005948808,0.028864419,0,0.131119493,0.194273651,0.014421491,0.044065662,0,0,0,0,0,0.018548377,0,0,0,NaN,0,NaN,0.556906278,0,NaN,0,0,0,0.029060032,0,0.036736112,0.07530221,0,0.079498353,0,0.02464952,0,0,0,0,0,0,NaN,0,0,0.183720316,0,0,0,0.24437532,0,0,0,0,0,0,0,0,0.008934767,0,0.110284657,0,0.220002349,0.161496485,0.126361282,0.571906115,0,0.050939371,0,0,0.100697152,0,0.050531392,0.050961201,0.075724705,0,0,0.084603978,0.478488569,0.009588053,0.177059682,0
CbMPDiCbraya,Group,D3_vs_D6,HoS,0.489714293,0,0.113138954,0,0.041058553,0.971195476,0.115089712,0.033675079,0.692588035,0.084308116,0,0,0.111038482,0,0,0,0,0,0,NaN,0,0.010779549,NaN,0.570316102,NaN,0.033257397,0.033664491,0,0.135043286,0.123563264,0.077185094,0,0.421128888,0.708982234,0.783644627,0.027603403,0.0711366,0.032298308,0.348544352,0.061613233,0.244462626,0.806096155,0.56479213,0,0.408973138,0.997371854,0.77260733,0.080197618,0.083107927,0.261606173,0.400322432,0.366584935,0.936268881,1,0.027610331,0.00096857,0,0,0.062424424,0,0.096253035,0.002407364,NaN,0,NaN,0.089972819,0,NaN,0,0,0.652249437,0.819583022,0,0.345339863,0.830197722,0.188375335,0.621546289,0.386453026,0.017317367,0,0,0.42213856,0.159855606,0.19496505,0,NaN,0.049884803,0,0.285122473,0.05779486,0.01742916,0.219930015,0.64534677,0.386064427,0,0.19075565,0,0.029238617,0.217853369,0.733893797,0.446079232,0.569823913,0.090940051,0.521986682,0,0.293925735,0.219121282,0.245229246,0.251706036,0.012468469,0.312770949,0.900861908,0.064202203,0.760967546,0.009537127,0.697313635,0.336287737,0.789855479,0,0.034348826,0.420490215,0.474043468,0.234084862,0.035296889,0.010229188
CbMPDiCbraya,Group,D3_vs_D6,DL,0,0,0,0,0,0,0.112620928,0,0,0,0,0,0,0,0,0,0,0,0,NaN,0,0,NaN,0.039479627,NaN,0,0,0,0,0,0.072390557,0,0,0,0.048502563,0.254083875,0.402730514,0,0,0.768939498,0,0.009634832,0.041787382,0,0,0,0.053065735,0,0,0,0,0,0,0,0.034994662,0,0,0,0.509982829,0,0,0,NaN,0,NaN,0.014445313,0,NaN,0,0.10024687,0.140701362,0.033878563,0.2885881,0.500350665,0,0,0,0,0,0,0,0,0,0.047179139,0.276644771,NaN,0,0,0,0,0.317816418,0,0.082262417,0,0,0,0,0,0.077941069,0,0,0,0.657878648,0,0,0,0,0,0,0,0,0.005710925,0,0.00548976,0.002708497,0.115275624,0.043750731,0,0.205716766,0,0,0,0,0,0.211341832
CbMPDiCbraya,Group,D3_vs_D6,HD,0.126324394,0.002784568,0,0,0,0,0.00091655,0.001589484,0.00095082,0.032349811,0.425,0,0.192250021,0.01598006,0.184487301,0.975025312,0.016686156,0.468972431,0.025,NaN,1,0.386946314,NaN,0.000818651,NaN,0.017477773,0.29429716,0.1,0.04334061,0.389797791,0.000267067,0.066681237,0.033028046,0.000229317,0,0,0,0.00760567,0.034580245,0,0.006062431,0.000122814,0.004978733,0,0,0,0.002732774,0,0,0.203777472,0,0.033885642,0,0,0.000285315,0.001500636,1,0,0.117067828,0,0.698461074,0.107629328,NaN,0.075,NaN,0,0,NaN,0.400131616,0.003388904,0,0.000495188,0,0,0,0.142700355,0,0.047232268,0.175185324,0,0.008266713,0.010304292,0.638514438,0,0.002832479,NaN,0.002224013,0.227880451,0.005851873,0.409449492,0,0.780069985,2.35E-05,0.00275264,0.323706379,0.001453171,0,0,0.000705674,0,0.066679052,0,0.007647798,0,0.075,0,0,0,0.021633919,0.177204395,0.057267112,0.001248517,0.039235848,0,0,0.000723169,0.005110996,0.000601442,0,0.001014458,0.000551165,0,0.004291069,0.047244043,0
CbMPDiCbraya,Group,D3_vs_D6,DR,0.383961313,0.997215432,0.886861046,1,0.958941447,0.0203714,0.766395761,0.964735437,0.30146459,0.883342073,0.575,1,0.696711498,0.98401994,0.815512699,0.024974688,0.983313844,0.531027569,0.975,NaN,0,0.602274138,NaN,0.222150718,NaN,0.94926483,0.672038349,0.9,0.815577287,0.481451994,0.783209652,0.933318763,0.545843065,0.290788449,0.150712591,0.710226756,0.428626712,0.960096022,0.479970463,0.081016682,0.729920356,0.15193252,0.388224736,1,0.591026862,0,0.165645353,0.890937963,0.916892073,0.403496861,0.405403917,0.585107931,0.019665457,0,0.937109693,0.997530795,0,1,0.291976541,1,0.205285891,0.889963309,NaN,0.925,NaN,0.33867559,1,NaN,0.599868384,0.896364226,0.2070492,0.116983196,0.7114119,0.117573361,0.094500068,0.66892431,0.298955358,0.566314706,0.782847789,1,0.991733287,0.567557148,0.201629956,0.757855812,0.720522749,NaN,0.947891184,0.772119549,0.525305339,0.532755648,0.664754422,0,0.02799197,0.611182933,0.676293621,0.807791179,1,0.970761383,0.703499889,0.266106203,0.487241716,0.42124132,0.243533503,0.36772866,0.925,0.486071915,0.619382232,0.628409472,0.154753931,0.810327135,0.579022569,0.09217865,0.896561949,0.132845542,0.987754376,0.13615618,0.563889334,0.133818374,0.794283234,0.964636716,0.494354642,0.047467963,0.752036016,0.740399386,0.778428981
CbMPDiCbraya,Group,D3_vs_D6,DominantProcess,HoS,DR,DR,DR,DR,HoS,DR,DR,HoS,DR,DR,DR,DR,DR,DR,HD,DR,DR,DR,,HD,DR,,HoS,,DR,DR,DR,DR,DR,DR,DR,DR,HoS,HoS,DR,DR,DR,DR,DL,DR,HoS,HoS,DR,DR,HoS,HoS,DR,DR,DR,DR,DR,HoS,HoS,DR,DR,HD,DR,DL,DR,HD,DR,,DR,,HeS,DR,,DR,DR,HoS,HoS,DR,DL,HoS,DR,HoS,DR,DR,DR,DR,DR,HD,DR,DR,,DR,DR,DR,DR,DR,HD,HoS,DR,DR,DR,DR,DR,DR,HoS,DR,HoS,DL,HoS,DR,DR,DR,DR,HeS,DR,DR,HoS,DR,HoS,DR,HoS,DR,HoS,DR,DR,DR,HeS,DR,DR,DR
CbMPDiCbraya,Group,D3_vs_D6,DominantProcessImportance,0.489714293,0.997215432,0.886861046,1,0.958941447,0.971195476,0.766395761,0.964735437,0.692588035,0.883342073,0.575,1,0.696711498,0.98401994,0.815512699,0.975025312,0.983313844,0.531027569,0.975,NaN,1,0.602274138,NaN,0.570316102,NaN,0.94926483,0.672038349,0.9,0.815577287,0.481451994,0.783209652,0.933318763,0.545843065,0.708982234,0.783644627,0.710226756,0.428626712,0.960096022,0.479970463,0.768939498,0.729920356,0.806096155,0.56479213,1,0.591026862,0.997371854,0.77260733,0.890937963,0.916892073,0.403496861,0.405403917,0.585107931,0.936268881,1,0.937109693,0.997530795,1,1,0.509982829,1,0.698461074,0.889963309,NaN,0.925,NaN,0.556906278,1,NaN,0.599868384,0.896364226,0.652249437,0.819583022,0.7114119,0.500350665,0.830197722,0.66892431,0.621546289,0.566314706,0.782847789,1,0.991733287,0.567557148,0.638514438,0.757855812,0.720522749,NaN,0.947891184,0.772119549,0.525305339,0.532755648,0.664754422,0.780069985,0.64534677,0.611182933,0.676293621,0.807791179,1,0.970761383,0.703499889,0.733893797,0.487241716,0.569823913,0.657878648,0.521986682,0.925,0.486071915,0.619382232,0.628409472,0.571906115,0.810327135,0.579022569,0.900861908,0.896561949,0.760967546,0.987754376,0.697313635,0.563889334,0.789855479,0.794283234,0.964636716,0.494354642,0.478488569,0.752036016,0.740399386,0.778428981
CbMPDiCbraya,Group,D3_vs_D6,DominantProcessPvalue,0.37,0,0,0,0,0,0,0,0,0,0.47,0.12,0.02,0,0.01,0.12,0.17,0.39,0.31,,0.16,0.21,,0.07,,0.01,0.18,0.32,0,0.37,0,0.16,0.13,0,0,0.04,0.41,0,0.19,0,0,0,0.18,0.05,0.21,0,0,0,0.01,0.23,0.48,0.05,0,0,0,0,0,0.02,0.41,0,0,0,,0.34,,0.34,0,,0.34,0,0,0,0.01,0.31,0,0,0.01,0.16,0,0,0.03,0.31,0.13,0,0.03,,0.01,0.07,0.06,0.32,0.05,0.02,0.04,0.11,0.1,0,0,0,0,0,0.42,0.23,0.3,0.27,0.1,0.11,0.04,0.01,0.15,0,0.08,0,0,0,0,0,0.08,0,0.01,0,0.37,0.45,0.02,0,0
CbMPDiCbraya,Group,D3_vs_D7,HeS,0,0,0,0,0,0.113042759,0.001855797,0,0.086243689,0,0,0,0,0,0,0,0,0,0,NaN,0,0,NaN,0.174642771,0,0,0,0,0.014734367,0,0.247699701,0,0.002848039,0,0.239281175,0.036922061,0,0,0.224379252,0,0.096390702,0.026166303,0.017270867,0,0,0.159427052,0.074684174,0.034934004,0,0.296920997,0.103652268,0.007244541,0.04239582,0,0.002288538,0,0.005513938,0,0.160106395,0,0,0.060242316,NaN,0,NaN,0.491413004,0,NaN,NaN,0,0.000828022,0.149511601,0,0.272546604,0.134626328,0,0.355607205,0,0.04699551,0,0,0,0,0,0,0,0,0,0.297038817,0,0,0,0.262370968,0.028459781,0,0,0,0,0,0,0.000313381,0.064316922,0,0.110284657,0,0.396792506,0.165951562,0.225111988,0.621693676,0.015100974,0,0.00877858,0,0.310904419,0,0,0.03486278,0.524395447,0,0,0.008771829,0.614791905,0,0.033449249,0
CbMPDiCbraya,Group,D3_vs_D7,HoS,0.481861472,0,0.107276289,0,0.036256647,0.863554563,0.045211794,0.036667932,0.903537205,0.093071503,0,0,0.111038482,0,0,0,0,0,0,NaN,0.023338993,0.010545535,NaN,0.57197876,0,0.006956802,0,0,0.487655459,0.071443524,0.286227972,0.003421235,0.307540822,0.76901893,0.524849274,0.00594199,0.178650008,0.031226721,0.176117474,0.010327334,0.463234488,0.483851063,0.512013825,0,0.411630807,0.821078709,0.36945616,0.056882465,0.033799393,0.060143136,0.523778823,0.577710675,0.956547495,1,0.018502419,0.00086633,0.004606968,0,0.072492782,0,0.074177316,0,NaN,0,NaN,0.077274978,0,NaN,NaN,0,0.5668302,0.464616456,0.015697987,0.472286029,0.833412011,0.082004324,0.320267327,0.021032306,0.001880883,0,0,0.442318597,0.147867186,0.159879327,0,0,0.047319997,0,0.339909486,0,0.069170797,0.23101627,0.500120102,0.570440267,0.003903462,0.113840532,0,0.025119469,0.209801943,0.561380725,0.423507877,0.45521349,0,0.521986682,0,0.070027807,0.224399621,0.059969995,0.274113248,0.018527807,0.123566564,0.940275577,0.070114321,0.486272324,0.005818731,0.416023721,0.127335789,0.337812638,0,0.006654172,0.468179823,0.329949575,0.222222278,0.103425638,0.015799893
CbMPDiCbraya,Group,D3_vs_D7,DL,0,0,0,0,0.637335102,0.002954575,0.144417057,0,0,0,0,0,0,0,0,0,0,0,0,NaN,0,0,NaN,0.015693946,0,0,0,0,0,0,0,0.882458258,0.515635734,0.017832715,0.026279112,0.089788893,0,0,0,0.344852044,0,0.084508601,0,0,0,0,0,0,0,0,0.145723045,0,0,0,0.160287577,0,0,0,0,0,0,0,NaN,0,NaN,0.131886977,0,NaN,NaN,0.00477366,0.154992531,0,0.314123544,0,0,0.518965143,0,0.784595773,0.926329768,0,0,0,0,0,0.016894265,0,0,0,0,0,0,0,0.171919123,0.365348599,0,0,0.705333711,0.072189406,0,0.002570558,0.199172034,0,0,0,0,0,0,0,0,0,0,0,0,0.002317913,0,0.522489836,0.240727747,0,0,0.133364936,0,0,0,0,0.023109247
CbMPDiCbraya,Group,D3_vs_D7,HD,0.031014697,0,0,0,0,0,0.000255753,0,0.000585802,0.007907659,0.025,0,0.086722617,0,0.051042153,0.745055632,0,0.11439674,0,NaN,0.698057008,0.150686153,NaN,0,0.1,0.003367191,0.181846166,0.044935488,0.142266877,0.181263891,0,0.001650561,0.001298256,0,0,0,0,0.000397617,0.014228769,0,0.000825784,0,0.004419014,0,0,0,0.006642897,0,0,0.101775598,0,0.006591285,0,0,0.000195997,0.001400943,0.964840983,0,0.119228923,0,0.271848967,0.025696154,NaN,0.025,NaN,0,0,NaN,NaN,0.000616387,6.74E-05,0.000458569,0,0,0,0.007817957,0,0.000239791,0.001008502,0,0,0.000970251,0.345386793,0.000960535,0.01025381,0,0,0.111219437,0.002082213,0.051059319,0,0.748230941,1.24E-05,0.000109709,0.12166915,0.000480616,0,0,0.000283445,0,0.003386033,0,0.001988742,0,0.012488152,0,0,0,0.014589191,0.087053134,0.084736918,0.002188098,0.004068029,0,0,0.000813838,0.010335672,0,0,0,0,0,0.000408811,0.061604202,0
CbMPDiCbraya,Group,D3_vs_D7,DR,0.48712383,1,0.892723711,1,0.32640825,0.020448103,0.808259599,0.963332068,0.009633304,0.899020837,0.975,1,0.802238902,1,0.948957847,0.254944368,1,0.88560326,1,NaN,0.278603999,0.838768312,NaN,0.237684523,0.9,0.989676007,0.818153834,0.955064512,0.355343297,0.747292585,0.466072326,0.112469946,0.172677148,0.213148356,0.209590439,0.867347055,0.821349992,0.968375662,0.585274506,0.644820622,0.439549026,0.405474033,0.466296294,1,0.588369193,0.019494239,0.549216769,0.908183531,0.966200607,0.541160269,0.226845864,0.408453499,0.001056685,0,0.818725469,0.997732727,0.025038112,1,0.6481719,1,0.653973717,0.91406153,NaN,0.975,NaN,0.299425041,1,NaN,NaN,0.994609952,0.277281871,0.385413375,0.670178469,0.255167367,0.031961662,0.391212577,0.324125469,0.19413213,0.023785337,1,1,0.556711152,0.506746021,0.839160138,0.972851925,1,0.952680003,0.888780563,0.360969484,0.948940681,0.930829203,0.020752789,0.065577443,0.035641644,0.874427388,0.885678852,0.294666289,0.902691126,0.789914613,0.436048717,0.373620676,0.480469588,0.998011258,0.36772866,0.987511848,0.533179687,0.609648817,0.714918017,0.089603885,0.879318084,0.791696518,0.048757745,0.92581765,0.200505344,0.994181269,0.060672605,0.586738012,0.137791915,1,0.859980892,0.523048347,0.05525852,0.777368912,0.801520912,0.96109086
CbMPDiCbraya,Group,D3_vs_D7,DominantProcess,DR,DR,DR,DR,DL,HoS,DR,DR,HoS,DR,DR,DR,DR,DR,DR,HD,DR,DR,DR,,HD,DR,,HoS,DR,DR,DR,DR,HoS,DR,DR,DL,DL,HoS,HoS,DR,DR,DR,DR,DR,HoS,HoS,HoS,DR,DR,HoS,DR,DR,DR,DR,HoS,HoS,HoS,HoS,DR,DR,HD,DR,DR,DR,DR,DR,,DR,,HeS,DR,,,DR,HoS,HoS,DR,HoS,HoS,DL,HeS,DL,DL,DR,DR,DR,DR,DR,DR,DR,DR,DR,DR,DR,DR,HD,HoS,HoS,DR,DR,DL,DR,DR,HoS,HoS,DR,DR,HoS,DR,DR,DR,DR,HeS,DR,DR,HoS,DR,HoS,DR,DL,DR,HeS,DR,DR,DR,HeS,DR,DR,DR
CbMPDiCbraya,Group,D3_vs_D7,DominantProcessImportance,0.48712383,1,0.892723711,1,0.637335102,0.863554563,0.808259599,0.963332068,0.903537205,0.899020837,0.975,1,0.802238902,1,0.948957847,0.745055632,1,0.88560326,1,NaN,0.698057008,0.838768312,NaN,0.57197876,0.9,0.989676007,0.818153834,0.955064512,0.487655459,0.747292585,0.466072326,0.882458258,0.515635734,0.76901893,0.524849274,0.867347055,0.821349992,0.968375662,0.585274506,0.644820622,0.463234488,0.483851063,0.512013825,1,0.588369193,0.821078709,0.549216769,0.908183531,0.966200607,0.541160269,0.523778823,0.577710675,0.956547495,1,0.818725469,0.997732727,0.964840983,1,0.6481719,1,0.653973717,0.91406153,NaN,0.975,NaN,0.491413004,1,NaN,NaN,0.994609952,0.5668302,0.464616456,0.670178469,0.472286029,0.833412011,0.518965143,0.355607205,0.784595773,0.926329768,1,1,0.556711152,0.506746021,0.839160138,0.972851925,1,0.952680003,0.888780563,0.360969484,0.948940681,0.930829203,0.748230941,0.500120102,0.570440267,0.874427388,0.885678852,0.705333711,0.902691126,0.789914613,0.561380725,0.423507877,0.480469588,0.998011258,0.521986682,0.987511848,0.533179687,0.609648817,0.714918017,0.621693676,0.879318084,0.791696518,0.940275577,0.92581765,0.486272324,0.994181269,0.522489836,0.586738012,0.524395447,1,0.859980892,0.523048347,0.614791905,0.777368912,0.801520912,0.96109086
CbMPDiCbraya,Group,D3_vs_D7,DominantProcessPvalue,0.5,0,0,0,0.48,0,0,0,0,0,0.41,0.11,0,0,0.06,0.14,0.39,0.01,0.35,,0.03,0,,0.08,0.31,0,0,0,0.42,0,0.28,0.31,0.42,0,0.15,0,0.02,0,0.09,0.23,0.48,0.38,0.45,0.03,0.31,0,0.25,0,0,0.19,0.07,0.17,0,0,0,0,0,0.03,0,0,0.1,0,,0.41,,0.37,0.08,,,0,0.04,0.3,0.12,0.19,0,0.41,0.57,0.07,0.1,0,0,0.41,0.39,0,0,0.35,0,0,0.56,0.01,0,0.13,0.08,0.22,0,0,0.32,0,0,0.12,0.39,0.43,0,0.38,0.05,0.23,0.02,0.01,0.19,0.01,0,0,0,0.11,0,0.4,0.19,0.17,0,0,0.37,0.09,0.01,0,0
CbMPDiCbraya,Group,D5_vs_D6,HeS,0,NaN,0,NaN,0,0.00322238,0.024702877,0.005953458,0.00106934,0,NaN,NaN,0,0,NaN,NaN,0,NaN,NaN,NaN,0,0,NaN,0.355920487,NaN,0,0.014771371,0,0.062342437,0,0,0,0,0,0.004497597,0.003396251,0,0,0.075549257,0.117328209,0.002492666,0.107496499,0.012044301,NaN,0,0.00145117,0.045853627,0,0,0.091329519,0,0.005281219,0.002332038,0,0,0,0,NaN,0.014092607,NaN,0,0,NaN,NaN,NaN,0,0,NaN,0,0,0,0.103011764,0.02269188,0.014264941,0.075775924,0,0.13188229,0,0,NaN,0,0,0,0.00684072,0.002619734,NaN,0,0,0.128629135,0,0,0,0.000429886,0,0,0,0,0,0.00891347,0,0,0.011204151,0,0,NaN,0.34113095,0,0.005038758,0,0,0.117790699,0,0,0.059203014,0,0.016079448,0.014497195,0.02316248,0,0,0.011645306,0.061011368,0.009446981,0.040757333,0.007115595
CbMPDiCbraya,Group,D5_vs_D6,HoS,0.049279765,NaN,0,NaN,0.01957492,0.834757371,0.242860448,0.154154594,0.26322702,0.067135737,NaN,NaN,0,0.020553562,NaN,NaN,0,NaN,NaN,NaN,0,0,NaN,0.325828667,NaN,0,0.035415766,0,0.130448573,0.068603088,0.12906968,0,0.366544366,0.460473968,0.575452619,0.02281567,0.063769497,0,0.272022166,0.057343592,0.118304251,0.706073311,0.51371283,NaN,0,0.987093765,0.861001332,0.288738791,0,0.05944838,0.133148838,0.324201074,0.979374469,1,0.041213283,0.004782085,0,NaN,0.302119643,NaN,0,0.004721118,NaN,NaN,NaN,0,0,NaN,0,0,0.996608699,0.688842032,0.05419628,0.188536137,0.684471029,0.017302905,0.575055905,0.423905147,0.031598445,NaN,0,0,0.030234208,0.365644451,0.184271142,NaN,0.082001566,0,0.298728725,0,0.00139251,0,0.821395713,0.1572534,0,0.108643245,0.030657959,0,0.147960937,0.758912199,0.404053796,0.707991512,0.004556579,0,NaN,0.524851659,0.020337069,0.349985874,0.089092116,0,0.425166873,0.884459894,0,0.78793935,0.05488008,0.769019705,0.664885813,0.85647423,0.693604577,0,0.653239691,0.709392095,0.046038563,0.257671695,0.343274679
CbMPDiCbraya,Group,D5_vs_D6,DL,0,NaN,0,NaN,0,0.028619897,0.302035391,0,0.369229568,0,NaN,NaN,0,0,NaN,NaN,0,NaN,NaN,NaN,0,0,NaN,0.008246736,NaN,0,0,0,0,0,0.011236147,0,0,0,0.042981985,0.008240836,0.527766264,0,0,0.745430488,0,0.044729726,0.027072308,NaN,0,0,0.0118177,0,0,0,0,0,0,0,0.024249891,0,0,NaN,0.44575204,NaN,0,0,NaN,NaN,NaN,0,0,NaN,0,0,0,0.09152551,0.477618436,0.562393958,0.011007092,0,0.009843243,0,0,NaN,0,0,0,0.007979167,0.171325599,NaN,0,0,0,0,0.189047992,0,0.129341439,0,0,0.060661495,0,0,0.093592395,0,0,0,0.833430762,0,NaN,0,0,0,0,0,0,0.005743465,0,0,0.624135557,0.160185397,0.012539426,0,0.06323869,0,0,0,0,0,0.02676791
CbMPDiCbraya,Group,D5_vs_D6,HD,0.663353681,NaN,0,NaN,0,0,0,0.064808186,0,0,NaN,NaN,0.85,0,NaN,NaN,0,NaN,NaN,NaN,0.825,0.148495752,NaN,0.006467256,NaN,0,0.065567694,0,0.021344443,0.157542846,0.000277551,0,0.013907542,0.000830055,0,0.000506047,0,0.075,0.016736058,0,0.012131844,0,0.007179911,NaN,0,0,0,0.011016238,0,0.235927301,0.239921796,0.21547292,0,0,0.002805928,0.202156235,0.875,NaN,0.038874235,NaN,0.85,0.245079977,NaN,NaN,NaN,0,0,NaN,0.075243949,0.075,0,0,1.78E-05,0,0,0.033157081,0,0.014841697,0.108022086,NaN,0,0,0.316323613,0,0.014089196,NaN,0,0.261269769,0.012159255,0.172856153,0,1,1.10E-05,0.001127453,0.25,0.006715244,0,0,0.004470016,0,0.036659233,0.002837527,0,0,NaN,0,0.890759575,0.000572251,0.90006091,0.05,0.008559612,0,0.024992454,9.50E-05,0.013365783,0,0.000152719,0.000334425,0,0,0,0.002783821,0.003346912,0.035181111,0
CbMPDiCbraya,Group,D5_vs_D6,DR,0.287366554,NaN,1,NaN,0.98042508,0.133400351,0.430401284,0.775083762,0.366474072,0.932864263,NaN,NaN,0.15,0.979446438,NaN,NaN,1,NaN,NaN,NaN,0.175,0.851504248,NaN,0.303536853,NaN,1,0.88424517,1,0.785864548,0.773854066,0.859416622,1,0.619548092,0.538695977,0.377067799,0.965041196,0.408464239,0.925,0.635692518,0.079897712,0.867071239,0.141700465,0.439990651,NaN,1,0.011455066,0.081327341,0.70024497,1,0.6132948,0.626929366,0.455044787,0.018293494,0,0.931730898,0.793061681,0.125,NaN,0.199161474,NaN,0.15,0.750198906,NaN,NaN,NaN,1,1,NaN,0.924756051,0.925,0.003391301,0.116620694,0.445475624,0.234804965,0.228745955,0.949540014,0.283218562,0.561253157,0.860379469,NaN,1,1,0.65344218,0.619535662,0.62769433,NaN,0.917998434,0.738730231,0.560482885,0.827143847,0.809559497,0,0.048821941,0.841619147,0.75,0.823980016,0.969342041,1,0.745063182,0.241087801,0.559286971,0.27796681,0.162012659,1,NaN,0.13401739,0.088903356,0.644403116,0.010846974,0.95,0.448482816,0.10979664,0.975007546,0.1527626,0.307618581,0.05471545,0.307924847,0.120028865,0.243156733,1,0.335115003,0.226812716,0.941167544,0.666389861,0.622841816
CbMPDiCbraya,Group,D5_vs_D6,DominantProcess,HD,,DR,,DR,HoS,DR,DR,DL,DR,,,HD,DR,,,DR,,,,HD,DR,,HeS,,DR,DR,DR,DR,DR,DR,DR,DR,DR,HoS,DR,DL,DR,DR,DL,DR,HoS,HoS,,DR,HoS,HoS,DR,DR,DR,DR,DR,HoS,HoS,DR,DR,HD,,DL,,HD,DR,,,,DR,DR,,DR,DR,HoS,HoS,DL,DL,HoS,DR,HoS,DR,DR,,DR,DR,DR,DR,DR,,DR,DR,DR,DR,DR,HD,HoS,DR,DR,DR,DR,DR,DR,HoS,DR,HoS,DL,DR,,HoS,HD,DR,HD,DR,DR,HoS,DR,HoS,DL,HoS,HoS,HoS,HoS,DR,HoS,HoS,DR,DR,DR
CbMPDiCbraya,Group,D5_vs_D6,DominantProcessImportance,0.663353681,NaN,1,NaN,0.98042508,0.834757371,0.430401284,0.775083762,0.369229568,0.932864263,NaN,NaN,0.85,0.979446438,NaN,NaN,1,NaN,NaN,NaN,0.825,0.851504248,NaN,0.355920487,NaN,1,0.88424517,1,0.785864548,0.773854066,0.859416622,1,0.619548092,0.538695977,0.575452619,0.965041196,0.527766264,0.925,0.635692518,0.745430488,0.867071239,0.706073311,0.51371283,NaN,1,0.987093765,0.861001332,0.70024497,1,0.6132948,0.626929366,0.455044787,0.979374469,1,0.931730898,0.793061681,0.875,NaN,0.44575204,NaN,0.85,0.750198906,NaN,NaN,NaN,1,1,NaN,0.924756051,0.925,0.996608699,0.688842032,0.477618436,0.562393958,0.684471029,0.949540014,0.575055905,0.561253157,0.860379469,NaN,1,1,0.65344218,0.619535662,0.62769433,NaN,0.917998434,0.738730231,0.560482885,0.827143847,0.809559497,1,0.821395713,0.841619147,0.75,0.823980016,0.969342041,1,0.745063182,0.758912199,0.559286971,0.707991512,0.833430762,1,NaN,0.524851659,0.890759575,0.644403116,0.90006091,0.95,0.448482816,0.884459894,0.975007546,0.78793935,0.624135557,0.769019705,0.664885813,0.85647423,0.693604577,1,0.653239691,0.709392095,0.941167544,0.666389861,0.622841816
CbMPDiCbraya,Group,D5_vs_D6,DominantProcessPvalue,0.07,,0.01,,0,0,0.28,0,0.6,0,,,0.34,0,,,0.36,,,,0.3,0.06,,0.63,,0,0,0.37,0.01,0,0,0.3,0.07,0.31,0.19,0,0.41,0.38,0.02,0.02,0,0,0.43,,0,0,0,0.01,0.03,0.08,0.04,0.23,0,0,0,0,0.4,,0.42,,0.39,0.04,,,,0.36,0,,0.08,0.38,0,0,0.37,0.17,0,0,0.01,0.29,0,,0.01,0.09,0.42,0.05,0,,0,0.19,0.05,0.16,0.01,0.33,0,0,0.49,0,0,0,0,0,0.19,0,0.38,0.38,,0.2,0.01,0.08,0,0.41,0.42,0,0,0,0.35,0.01,0.02,0,0.01,0,0.01,0.01,0,0,0.02
CbMPDiCbraya,Group,D5_vs_D7,HeS,0,NaN,0,NaN,0,0.045285476,0.18134573,0.039925824,0.013443074,0,NaN,NaN,0,0,NaN,0,NaN,0,NaN,NaN,0,0,NaN,0.382131272,0,0,0.037337039,0,0.021912606,0,0,0,0.001287385,0,0.173642997,0.017766227,0,0,0,0,0,0.289040555,0.194852009,NaN,0,0.070428801,0.285072875,0,0,0.031122455,0,0.010263029,0.001065576,0,0,0,0,NaN,0.118535196,NaN,0,0.063401973,NaN,NaN,NaN,0,0,NaN,0,0,0.003458457,0.330253058,0.024559365,0.1068178,0.134788172,0.02521367,0.443491838,0,0,NaN,0,0,0,0.092481336,0.001449801,0,0,0,0.20315171,0,0,NaN,0.000279995,0.17098409,0,0,0,0,0.041793346,0,0.000602692,0.08725753,0,0,NaN,0.641090508,0,0,0.027833365,0,0,0.011543958,0,0.250771296,0.019625455,0.037255803,0.089479661,0.159316149,0.14094818,0,0.001001268,0.095841858,0,0.245364916,0.031513009
CbMPDiCbraya,Group,D5_vs_D7,HoS,0,NaN,0.012850581,NaN,0.034253171,0.801964873,0.175951257,0.099516264,0.138317051,0,NaN,NaN,0,0.005911496,NaN,0,NaN,0,NaN,NaN,0,0,NaN,0.333795153,0,0,0.010916128,0,0.397425005,0.039707695,0.74961883,0,0.261107222,0.575385901,0.224335377,0.059982173,0,0,0.112501081,0.025761817,0.302396672,0.245272289,0.39357877,NaN,0,0.894118279,0.467151115,0.106966123,0,0,0.099155577,0.553859983,0.995946197,0.986557696,0.161078329,0.031297034,0,NaN,0.319543654,NaN,0,0,NaN,NaN,NaN,0,0,NaN,0,0,0.884057,0.372584529,0.076927408,0.296471933,0.704190848,0.050633645,0.252907964,0.021760069,0.002648928,NaN,0.007486269,0,0,0.348573381,0.173916192,0,0.074567143,0,0.400846787,0,0,NaN,0.667109951,0.627632971,0,0.018273184,0,0,0.17971925,0.601719663,0.448939853,0.540229306,0,0,NaN,0.270910831,0.024702099,0.321640226,0,0,0.032040296,0.928800467,0,0.374964562,0.00440047,0.259353567,0.4081525,0.759005771,0.544914643,0,0.545963345,0.588184194,0.039209502,0.114324279,0.212640395
CbMPDiCbraya,Group,D5_vs_D7,DL,0,NaN,0,NaN,0.369025902,0.025804738,0.250227014,0,0.294807708,0,NaN,NaN,0,0,NaN,0,NaN,0,NaN,NaN,0,0,NaN,0,0,0,0,0,0,0,0,0.912846029,0.561861352,0.064800869,0,0,0,0,0,0.359646914,0,0.044283025,0,NaN,0,0,0,0,0,0,0.373164467,0,0,0,0.108413114,0,0,NaN,0,NaN,0,0,NaN,NaN,NaN,0.821417957,0,NaN,0,0,0,0.022982919,0.255667438,0,0.011057455,0.498675131,0.002317378,0.768673223,0.981251148,NaN,0,0,0,0.002288201,0.005191701,0,0,0,0,0,0,NaN,0.257433679,0.182924606,0,0.010183989,0.598949551,0.039454989,0,0,0.130986419,0,0,0,NaN,0,0,0,0,0,0,0,0,0,0.377216828,0.595476184,0.064446548,0,0,0.052539657,0,0,0,0,0
CbMPDiCbraya,Group,D5_vs_D7,HD,0.264355021,NaN,0,NaN,0,0,0,0.02378081,0,0,NaN,NaN,0.1,0,NaN,0.1,NaN,0.05,NaN,NaN,0.222701996,0.061206264,NaN,0.002926868,0,0,0.028812803,0.003081685,0.026396073,0.034706764,0,0,0.000165298,0,0,0,0,0,0.001348574,0,0.002431528,0,0.002839458,NaN,0,0,0,0,0,0.190771687,0.004285246,0.03654913,0,0,0.000700726,0.031735908,0.458400012,NaN,0.062017018,NaN,0,0.066422816,NaN,NaN,NaN,0,0,NaN,0,0,0,0,0,0,0,0.001190518,0,7.70E-06,0.000211764,NaN,0,0,0,0,0.002735709,0,0,0.057943534,0.001443503,0,0,NaN,2.53E-06,5.35E-05,0,0.000228229,0,0,0.001420433,0,0.00208049,0,0,0,NaN,0,0.417109362,0,0.921996497,0,0,6.28E-05,0,6.33E-05,0.002148513,0,0.000120015,0.00027544,0,0,0,0,0,0.025806532,0
CbMPDiCbraya,Group,D5_vs_D7,DR,0.735644979,NaN,0.987149419,NaN,0.596720927,0.126944912,0.392475999,0.836777101,0.553432167,1,NaN,NaN,0.9,0.994088504,NaN,0.9,NaN,0.95,NaN,NaN,0.777298004,0.938793736,NaN,0.281146707,1,1,0.922934029,0.996918315,0.554266316,0.925585541,0.25038117,0.087153971,0.175578743,0.35981323,0.602021626,0.922251599,1,1,0.886150345,0.61459127,0.6951718,0.421404131,0.408729762,NaN,1,0.035452921,0.24777601,0.893033877,1,0.778105858,0.523394709,0.399327859,0.002988227,0.013442304,0.729807831,0.936967059,0.541599988,NaN,0.499904132,NaN,1,0.870175211,NaN,NaN,NaN,0.178582043,1,NaN,1,1,0.112484544,0.274179494,0.642845789,0.596710267,0.149963525,0.424287035,0.30128282,0.209559003,0.01588816,NaN,0.992513731,1,1,0.556657082,0.816706597,1,0.925432857,0.942056466,0.394558,1,1,NaN,0.075173849,0.018404862,1,0.971314597,0.401050449,0.960545011,0.777066972,0.398280337,0.417390547,0.372513164,1,1,NaN,0.087998661,0.55818854,0.678359774,0.050170138,1,0.967959704,0.059592753,1,0.374200878,0.596608734,0.107914446,0.437801276,0.081402639,0.314137176,0.947460343,0.453035387,0.315973948,0.960790498,0.614504272,0.755846596
CbMPDiCbraya,Group,D5_vs_D7,DominantProcess,DR,,DR,,DR,HoS,DR,DR,DR,DR,,,DR,DR,,DR,,DR,,,DR,DR,,HeS,DR,DR,DR,DR,DR,DR,HoS,DL,DL,HoS,DR,DR,DR,DR,DR,DR,DR,DR,DR,,DR,HoS,HoS,DR,DR,DR,DR,HoS,HoS,HoS,DR,DR,DR,,DR,,DR,DR,,,,DL,DR,,DR,DR,HoS,HoS,DR,DR,HoS,DL,HeS,DL,DL,,DR,DR,DR,DR,DR,DR,DR,DR,HoS,DR,DR,,HoS,HoS,DR,DR,DL,DR,DR,HoS,HoS,HoS,DR,DR,,HeS,DR,DR,HD,DR,DR,HoS,DR,HoS,DR,DL,DR,HoS,HoS,DR,HoS,HoS,DR,DR,DR
CbMPDiCbraya,Group,D5_vs_D7,DominantProcessImportance,0.735644979,NaN,0.987149419,NaN,0.596720927,0.801964873,0.392475999,0.836777101,0.553432167,1,NaN,NaN,0.9,0.994088504,NaN,0.9,NaN,0.95,NaN,NaN,0.777298004,0.938793736,NaN,0.382131272,1,1,0.922934029,0.996918315,0.554266316,0.925585541,0.74961883,0.912846029,0.561861352,0.575385901,0.602021626,0.922251599,1,1,0.886150345,0.61459127,0.6951718,0.421404131,0.408729762,NaN,1,0.894118279,0.467151115,0.893033877,1,0.778105858,0.523394709,0.553859983,0.995946197,0.986557696,0.729807831,0.936967059,0.541599988,NaN,0.499904132,NaN,1,0.870175211,NaN,NaN,NaN,0.821417957,1,NaN,1,1,0.884057,0.372584529,0.642845789,0.596710267,0.704190848,0.498675131,0.443491838,0.768673223,0.981251148,NaN,0.992513731,1,1,0.556657082,0.816706597,1,0.925432857,0.942056466,0.400846787,1,1,NaN,0.667109951,0.627632971,1,0.971314597,0.598949551,0.960545011,0.777066972,0.601719663,0.448939853,0.540229306,1,1,NaN,0.641090508,0.55818854,0.678359774,0.921996497,1,0.967959704,0.928800467,1,0.374964562,0.596608734,0.595476184,0.437801276,0.759005771,0.544914643,0.947460343,0.545963345,0.588184194,0.960790498,0.614504272,0.755846596
CbMPDiCbraya,Group,D5_vs_D7,DominantProcessPvalue,0.07,,0.02,,0.17,0,0.39,0,0.16,0.01,,,0.34,0,,0.32,,0.32,,,0.01,0.02,,0.57,0.4,0,0,0,0.34,0,0.31,0.38,0.36,0.09,0.06,0,0.34,0.15,0,0.18,0.01,0.25,0.53,,0,0,0.17,0,0.45,0,0.29,0.21,0,0,0,0,0.44,,0.05,,0.38,0,,,,0.44,0.18,,0.34,0.39,0,0.56,0.02,0.07,0,0.49,0.24,0.07,0.04,,0,0.47,0.34,0.12,0,0.34,0,0.04,0.47,0.34,0,,0.04,0.12,0.14,0,0.45,0,0,0.11,0.48,0.17,0.18,0.34,,0.06,0.35,0.07,0.02,0.32,0,0,0.42,0.66,0.08,0.24,0.43,0,0.08,0.01,0.37,0.2,0,0.07,0
CbMPDiCbraya,Group,D6_vs_D7,HeS,0,NaN,0,NaN,0,0.038037907,0,0.021295192,0.090286256,0,NaN,NaN,NaN,0,NaN,0,0,0,NaN,NaN,0,0,NaN,0,0,0,0,0,0.093644612,0.003389896,0.050965628,0,0.004413117,0,0.017208174,0.002393739,0,0,0.171850727,0.098403677,0,0.454470256,0.179653177,NaN,0,0.247188898,0.140736535,0,0,0.166814492,0,0.013738939,0.023885832,0,0.001072753,0.004170661,0,NaN,0.026004451,NaN,0,0.062111636,NaN,NaN,NaN,0,0,NaN,0,NaN,0.014944989,0.298345668,1.75E-05,0.080072489,0.165026127,0.006506663,0.329783756,0.215396148,0,NaN,0,0,0,0.149819956,0.001196089,0,0,0,0,0,0,0,0.350116057,0.054287421,0,0.003916345,0,0,0.006300238,0,0.003305033,0.066412043,0,NaN,NaN,0.267005301,0,0.319947449,0.024451438,0,0.167277711,0.018727576,0,0.485380206,0.039187517,0.061234894,0.079014179,0.23360016,0.150754757,0,0.170716149,0.431950176,0,0.035098491,0.015504395
CbMPDiCbraya,Group,D6_vs_D7,HoS,0,NaN,0,NaN,0.00560017,0.658016732,0.089731283,0.222993441,0.59748156,0,NaN,NaN,NaN,0.007965703,NaN,0,0,0,NaN,NaN,0,0.089290821,NaN,0.202470626,0,0.015338069,0.002438128,0.017863768,0.147357155,0.074053953,0.009538083,0,0.209623537,0.408966149,0.529873335,0.005122825,0,0,0.196018097,0.087826205,0.146364484,0.250469817,0.427819729,NaN,0,0.694438986,0.733282393,0.209273635,0.03722585,0,0.093891099,0.475886631,0.951103367,0.987621558,0.212670116,0.024480408,0,NaN,0.476706138,NaN,0,0,NaN,NaN,NaN,0,0,NaN,0,NaN,0.608359673,0.388224724,0.030246053,0.168567395,0.755547389,0.062825209,0.320797008,0.211277692,0.002248982,NaN,0.002885257,0.016176499,0,0.224528666,0.286459784,0,0.104332608,0,0.266687839,0,0.005532286,0,0.454983432,0.471060272,0.016277884,0.203274426,0,0.091604,0.276739139,0.559028745,0.656323128,0.610489617,0,NaN,NaN,0.552738867,0.033401158,0.171169564,0,0,0.574077314,0.920750986,0,0.302842326,0.355640409,0.511005769,0.356781754,0.554377693,0.829787497,0.012528686,0.5128906,0.474770723,0.006701889,0.182714176,0.183927667
CbMPDiCbraya,Group,D6_vs_D7,DL,0,NaN,0,NaN,0.447463221,0.045756856,0.100718017,0,0,0,NaN,NaN,NaN,0,NaN,0,0,0,NaN,NaN,0,0,NaN,0,0,0,0,0,0,0,0,0.875002573,0.569808238,0.033790091,0,0,0.440421803,0,0,0.669183759,0,0.08528093,0,NaN,0,0,0.004738551,0,0,0,0.361040304,0,0.005683669,0,0.058455327,0,0,NaN,0.320431329,NaN,0,0,NaN,NaN,NaN,0.78004148,0,NaN,0,NaN,0.05984607,0.09029787,0.398752041,0.5432307,0.00756463,0.536140958,0,0.412474134,0.974519359,NaN,0,0,0,0,0.003902128,0,0,0,0,0,0.04731064,0,0.101495858,0.401999429,0,0,0.372337761,0.005734373,0.021139321,0,0.086179662,0,0.37763928,NaN,NaN,0,0,0,0,0,0,0,0,0,0,0.239991905,0.028887774,0,0,0.044871224,0,0,0,0,0
CbMPDiCbraya,Group,D6_vs_D7,HD,0.025,NaN,0,NaN,0,0,0,0.016589186,0,0,NaN,NaN,NaN,0,NaN,0.05,0,0,NaN,NaN,0.12328343,0.002295277,NaN,0.011659523,0,0,0.006035464,0,0.003531701,0.017707894,0,0,0,0,0,0,0,0,0.001019569,0,0.000644907,0,0.000339585,NaN,0,0,0,0,0,0.011261109,0.002064043,0.011082913,0,0,0,0.009929282,0.363945936,NaN,0.023366693,NaN,0,0.156962529,NaN,NaN,NaN,0,0,NaN,0,NaN,4.27E-06,0.000323026,3.47E-05,0.000713679,4.58E-06,0.000673381,8.71E-06,9.51E-05,6.32E-05,NaN,0,0,0.1,0.000121076,0.000760951,0,0,0.125,0.008045156,0,0,0.975,9.92E-08,9.56E-06,0,0.006724818,0,0,0.000992212,0,9.01E-05,1.75E-05,0,NaN,NaN,4.47E-05,0.369833877,0,0.656326764,0,0.000218532,0,0,6.39E-05,0.008279408,0,0,0.001112875,0,0,0,0.002949029,0,0.002571482,0
CbMPDiCbraya,Group,D6_vs_D7,DR,0.975,NaN,1,NaN,0.546936609,0.258188506,0.8095507,0.73912218,0.312232183,1,NaN,NaN,NaN,0.992034297,NaN,0.95,1,1,NaN,NaN,0.87671657,0.908413902,NaN,0.785869851,1,0.984661931,0.991526408,0.982136232,0.755466532,0.904848257,0.939496288,0.124997427,0.216155108,0.55724376,0.452918491,0.992483436,0.559578197,1,0.631111608,0.144586359,0.852990609,0.209778997,0.392187509,NaN,1,0.058372116,0.12124252,0.790726365,0.96277415,0.821924399,0.543004554,0.499291518,0.019327131,0.012378442,0.727801804,0.96141965,0.636054064,NaN,0.15349139,NaN,1,0.780925834,NaN,NaN,NaN,0.21995852,1,NaN,1,NaN,0.316844999,0.222808712,0.570949733,0.207415737,0.071857271,0.393853789,0.349410524,0.160756917,0.023168502,NaN,0.997114743,0.983823501,0.9,0.625530302,0.707681048,1,0.895667392,0.875,0.725267005,1,0.947157074,0.025,0.093404554,0.072643318,0.983722116,0.78608441,0.627662239,0.902661627,0.69482909,0.440971255,0.254102076,0.323080816,0.62236072,NaN,NaN,0.180211127,0.596764966,0.508882987,0.319221798,1,0.258426443,0.060521437,1,0.211713607,0.596892666,0.187767432,0.535316293,0.210909273,0.019457746,0.94260009,0.316393251,0.090330073,0.993298111,0.779615852,0.800567938
CbMPDiCbraya,Group,D6_vs_D7,DominantProcess,DR,,DR,,DR,HoS,DR,DR,HoS,DR,,,,DR,,DR,DR,DR,,,DR,DR,,DR,DR,DR,DR,DR,DR,DR,DR,DL,DL,DR,HoS,DR,DR,DR,DR,DL,DR,HeS,HoS,,DR,HoS,HoS,DR,DR,DR,DR,DR,HoS,HoS,DR,DR,DR,,HoS,,DR,DR,,,,DL,DR,,DR,,HoS,HoS,DR,DL,HoS,DL,DR,DL,DL,,DR,DR,DR,DR,DR,DR,DR,DR,DR,DR,DR,HD,HoS,HoS,DR,DR,DR,DR,DR,HoS,HoS,HoS,DR,,,HoS,DR,DR,HD,DR,HoS,HoS,DR,HeS,DR,HoS,DR,HoS,HoS,DR,HoS,HoS,DR,DR,DR
CbMPDiCbraya,Group,D6_vs_D7,DominantProcessImportance,0.975,NaN,1,NaN,0.546936609,0.658016732,0.8095507,0.73912218,0.59748156,1,NaN,NaN,NaN,0.992034297,NaN,0.95,1,1,NaN,NaN,0.87671657,0.908413902,NaN,0.785869851,1,0.984661931,0.991526408,0.982136232,0.755466532,0.904848257,0.939496288,0.875002573,0.569808238,0.55724376,0.529873335,0.992483436,0.559578197,1,0.631111608,0.669183759,0.852990609,0.454470256,0.427819729,NaN,1,0.694438986,0.733282393,0.790726365,0.96277415,0.821924399,0.543004554,0.499291518,0.951103367,0.987621558,0.727801804,0.96141965,0.636054064,NaN,0.476706138,NaN,1,0.780925834,NaN,NaN,NaN,0.78004148,1,NaN,1,NaN,0.608359673,0.388224724,0.570949733,0.5432307,0.755547389,0.536140958,0.349410524,0.412474134,0.974519359,NaN,0.997114743,0.983823501,0.9,0.625530302,0.707681048,1,0.895667392,0.875,0.725267005,1,0.947157074,0.975,0.454983432,0.471060272,0.983722116,0.78608441,0.627662239,0.902661627,0.69482909,0.559028745,0.656323128,0.610489617,0.62236072,NaN,NaN,0.552738867,0.596764966,0.508882987,0.656326764,1,0.574077314,0.920750986,1,0.485380206,0.596892666,0.511005769,0.535316293,0.554377693,0.829787497,0.94260009,0.5128906,0.474770723,0.993298111,0.779615852,0.800567938
CbMPDiCbraya,Group,D6_vs_D7,DominantProcessPvalue,0.18,,0.34,,0.21,0.17,0,0,0.01,0.16,,,,0,,0.31,0.35,0.39,,,0,0,,0.12,0.4,0,0,0,0,0,0,0.31,0.35,0.15,0.4,0,0.31,0.31,0.05,0,0,0.15,0.37,,0.4,0,0.01,0.03,0.02,0.02,0.32,0.55,0,0,0,0,0.2,,0.47,,0.15,0,,,,0.38,0,,0.11,,0.05,0.33,0.31,0.14,0,0.51,0.74,0.18,0.05,,0,0.02,0.46,0,0,0.39,0,0.33,0.01,0.06,0,0.36,0.26,0.3,0.02,0.02,0.2,0,0,0.18,0.01,0,0.05,,,0.23,0.21,0.38,0.05,0.14,0.11,0,0,0.26,0.12,0.11,0.06,0.07,0,0,0.12,0.47,0,0,0
