"ID","Bin","TaxonRelativeAbundance","Kingdom","Phylum","Class","Order","Family","Genus"
"OTU_8","Bin105",0.000847131497814569,"Bacteria","Fermentibacterota","Fermentibacteria","Fermentibacterales","Fermentibacteraceae","uncultured__bacterium"
"OTU_11","Bin1",0.000305814128446174,"Bacteria","Cloacimonadota","Cloacimonadia","Cloacimonadales","LK-44f","uncultured__bacterium"
"OTU_9","Bin75",0.0843815685631463,"Bacteria","Proteobacteria","Gammaproteobacteria","Vibrionales","Vibrionaceae","Vibrio"
"OTU_5","Bin85",0.00507963230356654,"Bacteria","Desulfobacterota","Desulfovibrionia","Desulfovibrionales","Desulfovibrionaceae","Desulfovibrio"
"OTU_2","Bin24",2.17524984257128e-05,"Bacteria","TA06","terrestrial__metagenome","uncultured__bacterium","uncultured__bacterium","uncultured__bacterium"
"OTU_7","Bin25",1.32019371601067e-05,"Bacteria","Latescibacterota","uncultured__bacterium","uncultured__bacterium","uncultured__bacterium","uncultured__bacterium"
"OTU_10","Bin1",0.000136414608943215,"Bacteria","Cloacimonadota","Cloacimonadia","Cloacimonadales","Cloacimonadaceae","Candidatus__Cloacimonas"
"OTU_13","Bin1",7.79650415446542e-05,"Bacteria","Cloacimonadota","Cloacimonadia","Cloacimonadales","LK-44f","uncultured__bacterium"
"OTU_17","Bin23",7.59507846178503e-05,"Bacteria","Acidobacteriota","Aminicenantia","Aminicenantales","uncultured__bacterium","uncultured__bacterium"
"OTU_3","Bin24",1.13266865032486e-05,"Bacteria","TA06","terrestrial__metagenome","uncultured__bacterium","uncultured__bacterium","uncultured__bacterium"
"OTU_4","Bin2",0.000678535370989283,"Bacteria","Cloacimonadota","Cloacimonadia","Cloacimonadales","MSBL8","uncultured__bacterium"
"OTU_6","Bin81",7.00341550023482e-06,"Bacteria","Myxococcota","Polyangia","MidBa8","uncultured__delta__proteobacterium","uncultured__bacterium"
"OTU_15","Bin22",0.000159715233945942,"Bacteria","Thermotogota","Thermotogae","Kosmotogales","Kosmotogaceae","Mesotoga"
"OTU_16","Bin105",0.000101745126208998,"Bacteria","Fermentibacterota","Fermentibacteria","Fermentibacterales","Fermentibacteraceae","uncultured__bacterium"
"OTU_12","Bin2",0.000101613467174037,"Bacteria","Cloacimonadota","Cloacimonadia","Cloacimonadales","MSBL8","uncultured__bacterium"
"OTU_23","Bin1",2.90431073802928e-05,"Bacteria","Cloacimonadota","Cloacimonadia","Cloacimonadales","SHA-4","uncultured__bacterium"
"OTU_26","Bin31",3.57436280819967e-05,"Bacteria","Gemmatimonadota","PAUC43f__marine__benthic__group","uncultured__bacterium","uncultured__bacterium","uncultured__bacterium"
"OTU_27","Bin22",6.79418041077547e-06,"Bacteria","Thermotogota","Thermotogae","Kosmotogales","Kosmotogaceae","uncultured"
"OTU_28","Bin105",1.20583312726797e-05,"Bacteria","Fermentibacterota","Fermentibacteria","Fermentibacterales","Fermentibacteraceae","uncultured__bacterium"
"OTU_30","Bin1",1.3664741745484e-05,"Bacteria","Cloacimonadota","Cloacimonadia","Cloacimonadales","PBS-18","uncultured__bacterium"
"OTU_32","Bin2",1.80643081761635e-05,"Bacteria","Cloacimonadota","Cloacimonadia","Cloacimonadales","MSBL8","uncultured__bacterium"
"OTU_31","Bin87",1.80420086752861e-05,"Bacteria","Acidobacteriota","Thermoanaerobaculia","Thermoanaerobaculales","Thermoanaerobaculaceae","Subgroup__23"
"OTU_34","Bin1",5.58574535147795e-06,"Bacteria","Bacteroidota","Bacteroidia","Bacteroidales","Prolixibacteraceae","Draconibacterium"
"OTU_36","Bin2",2.56879413692238e-06,"Bacteria","Cloacimonadota","Cloacimonadia","Cloacimonadales","MSBL8","uncultured__bacterium"
"OTU_19","Bin87",7.15783034092777e-05,"Bacteria","Acidobacteriota","Thermoanaerobaculia","Thermoanaerobaculales","Thermoanaerobaculaceae","Subgroup__23"
"OTU_35","Bin105",0.000482096325459087,"Bacteria","Fermentibacterota","Fermentibacteria","Fermentibacterales","Fermentibacteraceae","uncultured__bacterium"
"OTU_37","Bin25",1.51266051082965e-05,"Bacteria","Latescibacterota","uncultured__bacterium","uncultured__bacterium","uncultured__bacterium","uncultured__bacterium"
"OTU_39","Bin124",6.44860392682323e-06,"Bacteria","Bacteroidota","Bacteroidia","Bacteroidales","Prolixibacteraceae","Draconibacterium"
"OTU_20","Bin1",3.09443940683858e-05,"Bacteria","Cloacimonadota","Cloacimonadia","Cloacimonadales","Cloacimonadaceae","LNR__A2-18"
"OTU_38","Bin87",1.3616580538308e-05,"Bacteria","Acidobacteriota","Thermoanaerobaculia","Thermoanaerobaculales","Thermoanaerobaculaceae","Subgroup__23"
"OTU_21","Bin23",4.44712009399514e-05,"Bacteria","Acidobacteriota","Aminicenantia","Aminicenantales","uncultured__bacterium","uncultured__bacterium"
"OTU_22","Bin2",5.52378033410218e-05,"Bacteria","Cloacimonadota","Cloacimonadia","Cloacimonadales","MSBL8","uncultured__bacterium"
"OTU_25","Bin1",4.54131312039989e-05,"Bacteria","Cloacimonadota","Cloacimonadia","Cloacimonadales","PBS-18","uncultured__bacterium"
"OTU_40","Bin6",5.23477720323128e-06,"Bacteria","Campilobacterota","Campylobacteria","Campylobacterales","Arcobacteraceae","uncultured"
"OTU_44","Bin23",9.1148388178362e-06,"Bacteria","Acidobacteriota","Aminicenantia","Aminicenantales","uncultured__bacterium","uncultured__bacterium"
"OTU_24","Bin25",3.15599235592923e-05,"Bacteria","Latescibacterota","uncultured__bacterium","uncultured__bacterium","uncultured__bacterium","uncultured__bacterium"
"OTU_45","Bin81",8.00437074070252e-06,"Bacteria","Myxococcota","bacteriap25","uncultured__delta__proteobacterium","uncultured__bacterium","uncultured__bacterium"
"OTU_47","Bin1",2.03036355674966e-05,"Bacteria","Cloacimonadota","Cloacimonadia","Cloacimonadales","MSBL8","uncultured__bacterium"
"OTU_29","Bin25",2.06748008679332e-05,"Bacteria","Latescibacterota","saltmarsh__clone__LCP-67","uncultured__bacterium","uncultured__bacterium","uncultured__bacterium"
"OTU_43","Bin87",2.46555550543354e-05,"Bacteria","Acidobacteriota","Thermoanaerobaculia","Thermoanaerobaculales","Thermoanaerobaculaceae","Subgroup__23"
"OTU_46","Bin70",4.6492285753065e-05,"Bacteria","Marinimicrobia__(SAR406__clade)","uncultured__bacterium","uncultured__bacterium","uncultured__bacterium","uncultured__bacterium"
"OTU_33","Bin2",5.37730469143985e-06,"Bacteria","Cloacimonadota","Cloacimonadia","Cloacimonadales","MSBL8","uncultured__bacterium"
"OTU_18","Bin3",5.25903694299005e-05,"Bacteria","Nitrospirota","Thermodesulfovibrionia","uncultured","uncultured__bacterium","uncultured__bacterium"
"OTU_42","Bin25",1.35062740810552e-05,"Bacteria","Latescibacterota","Latescibacteria","Latescibacterales","Latescibacteraceae","uncultured__bacterium"
"OTU_48","Bin25",4.6389756353244e-06,"Bacteria","Latescibacterota","uncultured__bacterium","uncultured__bacterium","uncultured__bacterium","uncultured__bacterium"
"OTU_52","Bin85",0.00266372108987607,"Bacteria","Desulfobacterota","Desulfovibrionia","Desulfovibrionales","Desulfovibrionaceae","Halodesulfovibrio"
"OTU_50","Bin124",4.60102494345268e-06,"Bacteria","Fermentibacterota","Fermentibacteria","Fermentibacterales","Fermentibacteraceae","uncultured__bacterium"
"OTU_53","Bin85",0.00108785615680179,"Bacteria","Desulfobacterota","Desulfovibrionia","Desulfovibrionales","Desulfovibrionaceae","Desulfovibrio"
"OTU_56","Bin25",1.07884879711106e-05,"Bacteria","Latescibacterota","uncultured__organism","uncultured__bacterium","uncultured__bacterium","uncultured__bacterium"
"OTU_55","Bin25",5.98873412495759e-06,"Bacteria","Latescibacterota","uncultured__bacterium","uncultured__bacterium","uncultured__bacterium","uncultured__bacterium"
"OTU_54","Bin25",6.45465422252603e-06,"Bacteria","Latescibacterota","uncultured__Bacteroidetes__bacterium","uncultured__bacterium","uncultured__bacterium","uncultured__bacterium"
"OTU_49","Bin25",1.4242511670738e-05,"Bacteria","Latescibacterota","uncultured__bacterium","uncultured__bacterium","uncultured__bacterium","uncultured__bacterium"
"OTU_60","Bin11",6.86224931592641e-06,"Bacteria","Fermentibacterota","Fermentibacteria","Fermentibacterales","Fermentibacteraceae","uncultured__bacterium"
"OTU_58","Bin2",5.58088827771755e-06,"Bacteria","Cloacimonadota","Cloacimonadia","Cloacimonadales","MSBL8","uncultured__bacterium"
"OTU_61","Bin1",4.61116447280359e-06,"Bacteria","Bacteroidota","Bacteroidia","Bacteroidales","Prolixibacteraceae","Draconibacterium"
"OTU_59","Bin2",6.87927363693114e-06,"Bacteria","Cloacimonadota","Cloacimonadia","Cloacimonadales","MSBL8","uncultured__bacterium"
"OTU_51","Bin1",3.43034061810467e-06,"Bacteria","Cloacimonadota","Cloacimonadia","Cloacimonadales","Cloacimonadaceae","LNR__A2-18"
"OTU_63","Bin2",4.59855470451156e-06,"Bacteria","Cloacimonadota","Cloacimonadia","Cloacimonadales","MSBL8","uncultured__bacterium"
"OTU_62","Bin1",3.99533910538468e-06,"Bacteria","Cloacimonadota","Cloacimonadia","Cloacimonadales","LK-44f","uncultured__bacterium"
"OTU_66","Bin87",8.8160895514966e-06,"Bacteria","Acidobacteriota","Thermoanaerobaculia","Thermoanaerobaculales","Thermoanaerobaculaceae","Subgroup__23"
"OTU_65","Bin84",0.000930786771046998,"Bacteria","Desulfobacterota","Desulfovibrionia","Desulfovibrionales","Desulfovibrionaceae","Desulfovibrio"
"OTU_57","Bin23",5.37676680669831e-06,"Bacteria","WPS-2","bacterium__ADurb.Bin236","uncultured__bacterium","uncultured__bacterium","uncultured__bacterium"
"OTU_64","Bin2",2.15920968937567e-06,"Bacteria","Cloacimonadota","Cloacimonadia","Cloacimonadales","MSBL8","uncultured__bacterium"
"OTU_69","Bin69",4.44174088891456e-06,"Bacteria","Cyanobacteria","Vampirivibrionia","Gastranaerophilales","uncultured__bacterium","uncultured__bacterium"
"OTU_72","Bin68",4.57343240578934e-06,"Bacteria","Cyanobacteria","Vampirivibrionia","Gastranaerophilales","uncultured__bacterium","uncultured__bacterium"
"OTU_68","Bin1",3.41581170645766e-06,"Bacteria","Cloacimonadota","Cloacimonadia","Cloacimonadales","MSBL8","uncultured__bacterium"
"OTU_67","Bin2",2.6300960841309e-06,"Bacteria","Cloacimonadota","Cloacimonadia","Cloacimonadales","MSBL8","uncultured__bacterium"
"OTU_75","Bin2",7.97060272235404e-07,"Bacteria","Cloacimonadota","Cloacimonadia","Cloacimonadales","CW-1__termite__group","uncultured__bacterium"
"OTU_73","Bin1",1.78154523964192e-06,"Bacteria","Cloacimonadota","Cloacimonadia","Cloacimonadales","MSBL8","uncultured__bacterium"
"OTU_77","Bin2",3.53960684362515e-06,"Bacteria","Cloacimonadota","Cloacimonadia","Cloacimonadales","MSBL8","uncultured__bacterium"
"OTU_71","Bin1",4.38796112039338e-06,"Bacteria","Cloacimonadota","Cloacimonadia","Cloacimonadales","MSBL8","uncultured__bacterium"
"OTU_70","Bin70",2.63569803974726e-06,"Bacteria","Marinimicrobia__(SAR406__clade)","uncultured__bacterium","uncultured__bacterium","uncultured__bacterium","uncultured__bacterium"
"OTU_76","Bin123",5.27428901944832e-06,"Bacteria","Firmicutes","Desulfitobacteriia","Desulfitobacteriales","uncultured","uncultured__bacterium"
"OTU_78","Bin1",4.17029355884287e-06,"Bacteria","Bacteroidota","Bacteroidia","Bacteroidales","Marinifilaceae","uncultured"
"OTU_80","Bin98",3.67671014461061e-06,"Bacteria","Firmicutes","Clostridia","Clostridiales","Clostridiaceae","Oceanirhabdus"
"OTU_81","Bin87",1.95840355993172e-05,"Bacteria","Acidobacteriota","Thermoanaerobaculia","Thermoanaerobaculales","Thermoanaerobaculaceae","Subgroup__23"
"OTU_79","Bin83",2.5803517724505e-05,"Bacteria","Desulfobacterota","Desulfobacteria","Desulfobacterales","Desulfobacteraceae","Desulfobacter"
"OTU_82","Bin25",8.46839565234444e-06,"Bacteria","Latescibacterota","uncultured__bacterium","uncultured__bacterium","uncultured__bacterium","uncultured__bacterium"
"OTU_84","Bin25",2.2289214151893e-06,"Bacteria","Latescibacterota","uncultured__Bacteroidetes__bacterium","uncultured__bacterium","uncultured__bacterium","uncultured__bacterium"
"OTU_85","Bin1",3.88863404252535e-06,"Bacteria","Cloacimonadota","Cloacimonadia","Cloacimonadales","PBS-18","uncultured__bacterium"
"OTU_86","Bin25",1.2024149417774e-06,"Bacteria","Latescibacterota","uncultured__Bacteroidetes__bacterium","uncultured__bacterium","uncultured__bacterium","uncultured__bacterium"
"OTU_90","Bin105",3.58159990601368e-06,"Bacteria","Fermentibacterota","Fermentibacteria","Fermentibacterales","Fermentibacteraceae","metagenome"
"OTU_88","Bin87",5.07276039485046e-06,"Bacteria","Acidobacteriota","Thermoanaerobaculia","Thermoanaerobaculales","Thermoanaerobaculaceae","Subgroup__23"
"OTU_89","Bin81",7.96077657945747e-06,"Bacteria","NKB15","uncultured__bacterium","uncultured__bacterium","uncultured__bacterium","uncultured__bacterium"
"OTU_83","Bin2",2.64969758587069e-06,"Bacteria","Cloacimonadota","Cloacimonadia","Cloacimonadales","MSBL8","uncultured__bacterium"
"OTU_91","Bin2",1.97333289621199e-06,"Bacteria","Cloacimonadota","Cloacimonadia","Cloacimonadales","MSBL8","uncultured__bacterium"
"OTU_87","Bin25",1.30837298373868e-05,"Bacteria","Latescibacterota","Latescibacteria","Latescibacterales","Latescibacteraceae","uncultured__bacterium"
"OTU_94","Bin124",5.42969697737662e-06,"Bacteria","Bacteroidota","Bacteroidia","Sphingobacteriales","Lentimicrobiaceae","uncultured__bacterium"
"OTU_95","Bin1",8.96994682243874e-06,"Bacteria","Cloacimonadota","Cloacimonadia","Cloacimonadales","LK-44f","uncultured__bacterium"
"OTU_97","Bin3",1.2491703773161e-06,"Bacteria","Cloacimonadota","Cloacimonadia","Cloacimonadales","LK-44f","uncultured__bacterium"
"OTU_92","Bin25",4.22632019805358e-06,"Bacteria","Latescibacterota","uncultured__bacterium","uncultured__bacterium","uncultured__bacterium","uncultured__bacterium"
"OTU_93","Bin69",5.29412139944412e-06,"Bacteria","Actinobacteriota","WCHB1-81","uncultured__bacterium","uncultured__bacterium","uncultured__bacterium"
"OTU_96","Bin7",4.15747276284155e-06,"Bacteria","Spirochaetota","Spirochaetia","Spirochaetales","Spirochaetaceae","Sphaerochaeta"
"OTU_98","Bin2",1.61809046260916e-06,"Bacteria","Cloacimonadota","Cloacimonadia","Cloacimonadales","MSBL8","uncultured__bacterium"
"OTU_102","Bin1",2.38077148410445e-06,"Bacteria","Bacteroidota","Bacteroidia","Bacteroidales","Prolixibacteraceae","Draconibacterium"
"OTU_103","Bin2",4.00117701015002e-07,"Bacteria","Cloacimonadota","Cloacimonadia","Cloacimonadales","MSBL8","uncultured__organism"
"OTU_100","Bin68",1.76233137601634e-06,"Bacteria","Cyanobacteria","Vampirivibrionia","Gastranaerophilales","uncultured__organism","uncultured__bacterium"
"OTU_104","Bin2",4.58933638400081e-06,"Bacteria","Cloacimonadota","Cloacimonadia","Cloacimonadales","MSBL8","uncultured__bacterium"
"OTU_99","Bin2",2.19397135335769e-06,"Bacteria","Cloacimonadota","Cloacimonadia","Cloacimonadales","NK-L14","uncultured__bacterium"
"OTU_109","Bin2",4.18505986308261e-06,"Bacteria","Cloacimonadota","Cloacimonadia","Cloacimonadales","LK-44f","uncultured__bacterium"
"OTU_106","Bin1",7.34079014861284e-06,"Bacteria","Cloacimonadota","Cloacimonadia","Cloacimonadales","Cloacimonadaceae","Candidatus__Cloacimonas"
"OTU_108","Bin1",2.40420850183794e-06,"Bacteria","Cloacimonadota","Cloacimonadia","Cloacimonadales","MSBL8","uncultured__bacterium"
"OTU_105","Bin105",1.90291582190606e-05,"Bacteria","Fermentibacterota","Fermentibacteria","Fermentibacterales","Fermentibacteraceae","uncultured__bacterium"
"OTU_107","Bin1",2.83838279871383e-06,"Bacteria","Bacteroidota","Bacteroidia","Sphingobacteriales","Lentimicrobiaceae","uncultured__bacterium"
"OTU_101","Bin1",2.01341638685998e-06,"Bacteria","Cloacimonadota","Cloacimonadia","Cloacimonadales","MSBL8","uncultured__bacterium"
"OTU_110","Bin1",1.57800261827092e-06,"Bacteria","Cloacimonadota","Cloacimonadia","Cloacimonadales","SHA-4","uncultured__bacterium"
"OTU_112","Bin105",1.74420784647903e-05,"Bacteria","Fermentibacterota","Fermentibacteria","Fermentibacterales","Fermentibacteraceae","uncultured__bacterium"
"OTU_111","Bin2",2.78684492401604e-06,"Bacteria","Cloacimonadota","Cloacimonadia","Cloacimonadales","MSBL8","uncultured__bacterium"
"OTU_114","Bin1",9.78306770564099e-07,"Bacteria","Bacteroidota","Bacteroidia","Sphingobacteriales","Lentimicrobiaceae","uncultured__bacterium"
"OTU_115","Bin2",2.40400338700684e-06,"Bacteria","Cloacimonadota","Cloacimonadia","Cloacimonadales","MSBL8","uncultured__bacterium"
"OTU_113","Bin2",1.60896623159123e-06,"Bacteria","Cloacimonadota","Cloacimonadia","Cloacimonadales","MSBL8","uncultured__bacterium"
"OTU_116","Bin2",5.92404674471889e-07,"Bacteria","Cloacimonadota","Cloacimonadia","Cloacimonadales","LK-44f","uncultured__organism"
"OTU_120","Bin124",8.1099727967231e-06,"Bacteria","Bacteroidota","Bacteroidia","Bacteroidales","Bacteroidetes__vadinHA17","uncultured__bacterium"
"OTU_121","Bin81",2.78684903205115e-06,"Bacteria","NKB15","uncultured__bacterium","uncultured__bacterium","uncultured__bacterium","uncultured__bacterium"
"OTU_122","Bin2",4.55597100969271e-06,"Bacteria","Cloacimonadota","Cloacimonadia","Cloacimonadales","Cloacimonadaceae","Candidatus__Cloacimonas"
"OTU_119","Bin70",1.61343052181932e-06,"Bacteria","Marinimicrobia__(SAR406__clade)","uncultured__bacterium","uncultured__bacterium","uncultured__bacterium","uncultured__bacterium"
"OTU_118","Bin105",2.84093920834024e-06,"Bacteria","Fermentibacterota","Fermentibacteria","Fermentibacterales","Fermentibacteraceae","uncultured__bacterium"
"OTU_125","Bin1",5.76956109776223e-07,"Bacteria","Cloacimonadota","Cloacimonadia","Cloacimonadales","MSBL8","uncultured__bacterium"
"OTU_123","Bin1",3.20573581714152e-06,"Bacteria","Bacteroidota","Bacteroidia","Sphingobacteriales","Lentimicrobiaceae","uncultured__bacterium"
"OTU_127","Bin1",8.40224586288611e-06,"Bacteria","Cloacimonadota","Cloacimonadia","Cloacimonadales","LK-44f","uncultured__bacterium"
"OTU_126","Bin105",6.65203645211658e-06,"Bacteria","Fermentibacterota","Fermentibacteria","Fermentibacterales","Fermentibacteraceae","uncultured__bacterium"
"OTU_124","Bin2",3.98256346384231e-07,"Bacteria","Cloacimonadota","Cloacimonadia","Cloacimonadales","MSBL8","bacterium__enrichment__culture__clone__E23"
"OTU_129","Bin85",0.000501441867750811,"Bacteria","Desulfobacterota","Desulfovibrionia","Desulfovibrionales","Desulfovibrionaceae","Desulfovibrio"
"OTU_130","Bin110",0.000319080281724338,"Bacteria","Actinobacteriota","Thermoleophilia","Gaiellales","uncultured","uncultured__bacterium"
"OTU_132","Bin75",0.0784649555116722,"Bacteria","Proteobacteria","Gammaproteobacteria","Vibrionales","Vibrionaceae","Vibrio"
"OTU_135","Bin70",6.31634014227393e-05,"Bacteria","Marinimicrobia__(SAR406__clade)","uncultured__bacterium","uncultured__bacterium","uncultured__bacterium","uncultured__bacterium"
"OTU_136","Bin85",0.000331281713183915,"Bacteria","Desulfobacterota","Desulfovibrionia","Desulfovibrionales","Desulfomicrobiaceae","Desulfomicrobium"
"OTU_128","Bin85",0.000175540569577481,"Bacteria","Desulfobacterota","Desulfovibrionia","Desulfovibrionales","Desulfovibrionaceae","Desulfovibrio"
"OTU_131","Bin82",0.000447588627978035,"Bacteria","Desulfobacterota","Desulfobulbia","Desulfobulbales","Desulfobulbaceae","Desulfobulbus"
"OTU_133","Bin84",8.14844595973881e-05,"Bacteria","Desulfobacterota","Desulfovibrionia","Desulfovibrionales","Desulfovibrionaceae","Desulfovibrio"
"OTU_137","Bin95",0.000210618849146951,"Bacteria","Firmicutes","Clostridia","Peptococcales","Peptococcaceae","uncultured"
"OTU_134","Bin71",0.0468042051699175,"Bacteria","Proteobacteria","Gammaproteobacteria","Alteromonadales","Shewanellaceae","Shewanella"
"OTU_138","Bin82",0.0001624465861285,"Bacteria","Desulfobacterota","Desulfobulbia","Desulfobulbales","Desulfocapsaceae","Desulfofustis"
"OTU_140","Bin125",5.76917487305348e-05,"Bacteria","Firmicutes","Clostridia","Peptococcales","Peptococcaceae","uncultured"
"OTU_139","Bin24",7.69686923679084e-05,"Bacteria","Verrucomicrobiota","Verrucomicrobiae","LD1-PB3","uncultured__bacterium","uncultured__bacterium"
"OTU_143","Bin83",0.000209088858076683,"Bacteria","Desulfobacterota","Desulfobacteria","Desulfobacterales","Desulfobacteraceae","Desulfobacter"
"OTU_141","Bin93",0.047947366651534,"Bacteria","Firmicutes","Bacilli","Exiguobacterales","Exiguobacteraceae","Exiguobacterium"
"OTU_145","Bin83",0.000134325368758761,"Bacteria","Desulfobacterota","Desulfobacteria","Desulfobacterales","Desulfobacteraceae","Desulfotignum"
"OTU_142","Bin84",6.45706329154067e-05,"Bacteria","Desulfobacterota","Desulfovibrionia","Desulfovibrionales","Desulfovibrionaceae","Desulfovibrio"
"OTU_146","Bin85",0.000123103386083794,"Bacteria","Desulfobacterota","Desulfovibrionia","Desulfovibrionales","Desulfovibrionaceae","Desulfovibrio"
"OTU_144","Bin85",5.97664592256823e-05,"Bacteria","Desulfobacterota","Desulfovibrionia","Desulfovibrionales","Desulfomicrobiaceae","Desulfomicrobium"
"OTU_147","Bin83",0.000100682474350108,"Bacteria","Desulfobacterota","Desulfobacteria","Desulfobacterales","Desulfosarcinaceae","uncultured"
"OTU_151","Bin84",1.96914898635969e-05,"Bacteria","Desulfobacterota","Desulfovibrionia","Desulfovibrionales","Desulfovibrionaceae","Desulfovibrio"
"OTU_152","Bin83",2.75207225289107e-05,"Bacteria","Desulfobacterota","Desulfarculia","Desulfarculales","Desulfarculaceae","Dethiosulfatarculus"
"OTU_148","Bin83",0.000150447075594315,"Bacteria","Desulfobacterota","Desulfobacteria","Desulfobacterales","Desulfobacteraceae","Desulfotignum"
"OTU_149","Bin84",4.001828474895e-05,"Bacteria","Desulfobacterota","Desulfovibrionia","Desulfovibrionales","Desulfovibrionaceae","Desulfovibrio"
"OTU_155","Bin82",4.42215793095026e-05,"Bacteria","Desulfobacterota","Desulfobulbia","Desulfobulbales","Desulfobulbaceae","uncultured"
"OTU_156","Bin94",0.0194538810577553,"Bacteria","Firmicutes","Bacilli","Lactobacillales","Carnobacteriaceae","Trichococcus"
"OTU_154","Bin23",0.000116768585394545,"Bacteria","Caldatribacteriota","JS1","uncultured__organism","uncultured__bacterium","uncultured__bacterium"
"OTU_150","Bin125",6.27076525975762e-05,"Bacteria","Firmicutes","Clostridia","Peptococcales","Peptococcaceae","uncultured"
"OTU_157","Bin73",0.0242096736348358,"Bacteria","Proteobacteria","Gammaproteobacteria","Vibrionales","Vibrionaceae","Vibrio"
"OTU_158","Bin70",4.91967262425673e-05,"Bacteria","Marinimicrobia__(SAR406__clade)","uncultured__bacterium","uncultured__bacterium","uncultured__bacterium","uncultured__bacterium"
"OTU_159","Bin22",3.73182956806176e-05,"Bacteria","Caldisericota","Caldisericia","Caldisericales","WCHB1-02","uncultured__bacterium"
"OTU_160","Bin82",5.60841445367097e-05,"Bacteria","Desulfobacterota","Desulfobulbia","Desulfobulbales","Desulfocapsaceae","uncultured"
"OTU_153","Bin70",0.000112397588221144,"Bacteria","Marinimicrobia__(SAR406__clade)","uncultured__eubacterium__AB16","uncultured__bacterium","uncultured__bacterium","uncultured__bacterium"
"OTU_161","Bin82",2.22552561277043e-05,"Bacteria","Desulfobacterota","Desulfobulbia","Desulfobulbales","Desulfobulbaceae","Desulfobulbus"
"OTU_162","Bin23",7.05992368029522e-05,"Bacteria","Acidobacteriota","Aminicenantia","Aminicenantales","uncultured__bacterium","uncultured__bacterium"
"OTU_163","Bin125",3.29145712240059e-05,"Bacteria","Bacteroidota","Bacteroidia","Bacteroidales","Prolixibacteraceae","Sunxiuqinia"
"OTU_164","Bin85",0.000142764652919887,"Bacteria","Desulfobacterota","Desulfovibrionia","Desulfovibrionales","Desulfovibrionaceae","Desulfovibrio"
"OTU_165","Bin70",8.57493197480814e-06,"Bacteria","Marinimicrobia__(SAR406__clade)","uncultured__eubacterium__AB16","uncultured__bacterium","uncultured__bacterium","uncultured__bacterium"
"OTU_166","Bin81",2.44731785275632e-05,"Bacteria","Desulfobacterota","Desulfuromonadia","Syntrophotaleaceae","Syntrophotalea","Pelobacter__venetianus"
"OTU_167","Bin80",2.51902929329583e-05,"Bacteria","Hydrogenedentes","Hydrogenedentia","Hydrogenedentiales","Hydrogenedensaceae","uncultured__bacterium"
"OTU_174","Bin94",1.78510749946925e-05,"Bacteria","Firmicutes","D8A-2","uncultured__bacterium","uncultured__bacterium","uncultured__bacterium"
"OTU_175","Bin84",7.74652565051518e-06,"Bacteria","Desulfobacterota","Desulfovibrionia","Desulfovibrionales","Desulfovibrionaceae","Desulfovibrio"
"OTU_170","Bin83",4.17161803647694e-05,"Bacteria","Desulfobacterota","Desulfobacteria","Desulfobacterales","Desulfosarcinaceae","Desulfatitalea"
"OTU_169","Bin82",2.73308128278165e-05,"Bacteria","Desulfobacterota","Desulfobulbia","Desulfobulbales","Desulfobulbaceae","Desulfobulbus"
"OTU_178","Bin71",6.74592614262576e-06,"Bacteria","Proteobacteria","Gammaproteobacteria","Alteromonadales","Psychromonadaceae","Psychromonas"
"OTU_168","Bin83",5.04688236514694e-05,"Bacteria","Desulfobacterota","Desulfobacteria","Desulfobacterales","Desulfosarcinaceae","uncultured"
"OTU_172","Bin82",3.77984391250481e-05,"Bacteria","Desulfobacterota","Syntrophia","Syntrophales","Smithellaceae","Smithella"
"OTU_176","Bin83",1.2593093913643e-05,"Bacteria","Desulfobacterota","Desulfobacteria","Desulfobacterales","Desulfosarcinaceae","uncultured"
"OTU_171","Bin83",1.26244391851185e-05,"Bacteria","Desulfobacterota","Desulfobacteria","Desulfobacterales","Desulfobacteraceae","Desulfobacterium"
"OTU_177","Bin24",2.12805262014773e-05,"Bacteria","Verrucomicrobiota","Kiritimatiellae","WCHB1-41","uncultured__organism","uncultured__bacterium"
"OTU_179","Bin105",1.70660132167837e-05,"Bacteria","Fermentibacterota","Fermentibacteria","Fermentibacterales","Fermentibacteraceae","bacterium__YC-ZSS-LKJ186"
"OTU_180","Bin85",4.7183652722015e-06,"Bacteria","Desulfobacterota","Desulfovibrionia","Desulfovibrionales","Desulfoplanaceae","Desulfoplanes"
"OTU_173","Bin83",2.87708730092515e-05,"Bacteria","Desulfobacterota","Desulfobacteria","Desulfobacterales","Desulfosarcinaceae","Desulfosarcina"
"OTU_181","Bin85",7.70418935356393e-05,"Bacteria","Desulfobacterota","Desulfovibrionia","Desulfovibrionales","Desulfovibrionaceae","Desulfovibrio"
"OTU_185","Bin83",1.66554391534006e-05,"Bacteria","Desulfobacterota","Desulfobacteria","Desulfobacterales","Desulfobacteraceae","Desulfobacterium"
"OTU_182","Bin23",1.60206087914679e-05,"Bacteria","Acidobacteriota","Aminicenantia","Aminicenantales","uncultured__bacterium","uncultured__bacterium"
"OTU_183","Bin25",1.53470867181073e-05,"Bacteria","Latescibacterota","Latescibacteria","Latescibacterales","Latescibacteraceae","uncultured__bacterium"
"OTU_184","Bin83",4.98483486086708e-06,"Bacteria","Desulfobacterota","Desulfobacteria","Desulfobacterales","Desulfobacteraceae","Desulfobacterium"
"OTU_188","Bin91",0.000117384203869392,"Bacteria","Firmicutes","Bacilli","Erysipelotrichales","Erysipelotrichaceae","Turicibacter"
"OTU_186","Bin70",1.66816714332304e-05,"Bacteria","Calditrichota","Calditrichia","Calditrichales","Calditrichaceae","uncultured__bacterium"
"OTU_187","Bin83",1.4126935852812e-05,"Bacteria","Desulfobacterota","Desulfobacteria","Desulfobacterales","Desulfococcaceae","Desulfococcus"
"OTU_194","Bin25",1.78553059504924e-05,"Bacteria","Latescibacterota","Latescibacteria","Latescibacterales","Latescibacteraceae","uncultured__bacterium"
"OTU_189","Bin73",4.07685800074645e-06,"Bacteria","Proteobacteria","Gammaproteobacteria","Vibrionales","Vibrionaceae","Vibrio"
"OTU_193","Bin23",8.92125768193357e-06,"Bacteria","Caldatribacteriota","JS1","uncultured__bacterium","uncultured__bacterium","uncultured__bacterium"
"OTU_192","Bin84",3.30900602438215e-05,"Bacteria","Desulfobacterota","Desulfovibrionia","Desulfovibrionales","Desulfovibrionaceae","Desulfovibrio"
"OTU_190","Bin73",5.60361287291676e-06,"Bacteria","Proteobacteria","Gammaproteobacteria","Vibrionales","Vibrionaceae","Vibrio"
"OTU_195","Bin83",1.77755867167034e-05,"Bacteria","Desulfobacterota","Desulfobacteria","Desulfobacterales","Desulfosarcinaceae","uncultured"
"OTU_191","Bin85",1.13599683646073e-05,"Bacteria","Desulfobacterota","Desulfovibrionia","Desulfovibrionales","Desulfovibrionaceae","Desulfovibrio"
"OTU_196","Bin1",1.88963947199979e-05,"Bacteria","Firmicutes","Clostridia","Peptostreptococcales-Tissierellales","uncultured","uncultured__bacterium"
"OTU_198","Bin85",7.06823338945488e-06,"Bacteria","Desulfobacterota","Desulfovibrionia","Desulfovibrionales","Desulfovibrionaceae","Desulfocurvus"
"OTU_197","Bin85",1.212997734158e-05,"Bacteria","Desulfobacterota","Desulfovibrionia","Desulfovibrionales","Desulfovibrionaceae","Desulfocurvus"
"OTU_203","Bin24",5.58826521207884e-06,"Bacteria","Verrucomicrobiota","Kiritimatiellae","WCHB1-41","uncultured__bacterium","uncultured__bacterium"
"OTU_202","Bin81",1.84555982444826e-05,"Bacteria","SAR324__clade(Marine__group__B)","uncultured__organism","uncultured__bacterium","uncultured__bacterium","uncultured__bacterium"
"OTU_200","Bin94",2.07934751124288e-05,"Bacteria","Firmicutes","D8A-2","uncultured__bacterium","uncultured__bacterium","uncultured__bacterium"
"OTU_201","Bin76",1.14965973103197e-05,"Bacteria","Proteobacteria","Gammaproteobacteria","Pseudomonadales","Moraxellaceae","Acinetobacter"
"OTU_199","Bin83",9.7593339351843e-06,"Bacteria","Desulfobacterota","Desulfobacteria","Desulfobacterales","Desulfococcaceae","uncultured"
"OTU_204","Bin95",2.27718869024409e-05,"Bacteria","Firmicutes","Clostridia","Peptococcales","Peptococcaceae","uncultured"
"OTU_205","Bin83",1.31669158195091e-05,"Bacteria","Desulfobacterota","Desulfomonilia","Desulfomonilales","Desulfomonilaceae","Desulfomonile"
"OTU_206","Bin6",3.19614474890646e-06,"Bacteria","Campilobacterota","Campylobacteria","Campylobacterales","Arcobacteraceae","uncultured"
"OTU_211","Bin86",1.04318695531277e-05,"Bacteria","Halanaerobiaeota","Halanaerobiia","Halanaerobiales","Halobacteroidaceae","uncultured"
"OTU_208","Bin110",2.52288574223768e-05,"Bacteria","Firmicutes","Clostridia","Peptostreptococcales-Tissierellales","Soehngenia","uncultured__bacterium"
"OTU_207","Bin85",5.20478436094003e-05,"Bacteria","Desulfobacterota","Desulfovibrionia","Desulfovibrionales","Desulfovibrionaceae","Desulfovibrio"
"OTU_210","Bin81",2.16629724912752e-06,"Bacteria","Desulfobacterota","Desulfuromonadia","Desulfuromonadaceae","Desulfuromonas","Desulfuromonas__acetoxidans__DSM__684"
"OTU_209","Bin81",4.26493312491292e-06,"Bacteria","Desulfobacterota","Desulfuromonadia","Syntrophotaleaceae","Syntrophotalea","Pelobacter__acetylenicus"
"OTU_214","Bin84",4.885257629313e-06,"Bacteria","Desulfobacterota","Desulfovibrionia","Desulfovibrionales","Desulfovibrionaceae","Desulfovibrio"
"OTU_213","Bin84",2.42924228109108e-06,"Bacteria","Desulfobacterota","Desulfovibrionia","Desulfovibrionales","Desulfovibrionaceae","Desulfovibrio"
"OTU_215","Bin85",1.78662327515405e-06,"Bacteria","Desulfobacterota","Desulfovibrionia","Desulfovibrionales","Desulfovibrionaceae","Desulfovibrio"
"OTU_212","Bin94",1.91528344485069e-05,"Bacteria","Firmicutes","Bacilli","Lactobacillales","Enterococcaceae","Enterococcus"
"OTU_216","Bin23",9.26024439394475e-06,"Bacteria","Caldatribacteriota","JS1","uncultured__organism","uncultured__bacterium","uncultured__bacterium"
"OTU_217","Bin105",5.25646195325839e-06,"Bacteria","Fermentibacterota","Fermentibacteria","Fermentibacterales","Fermentibacteraceae","uncultured__bacterium"
"OTU_220","Bin24",3.01074488031897e-06,"Bacteria","Verrucomicrobiota","Kiritimatiellae","WCHB1-41","uncultured__bacterium","uncultured__bacterium"
"OTU_221","Bin105",1.62032096295424e-05,"Bacteria","Firmicutes","Clostridia","Peptostreptococcales-Tissierellales","uncultured","uncultured__bacterium"
"OTU_223","Bin84",7.28524949820859e-06,"Bacteria","Desulfobacterota","Desulfovibrionia","Desulfovibrionales","Desulfovibrionaceae","Desulfovibrio"
"OTU_218","Bin125",2.81475362693267e-05,"Bacteria","Firmicutes","Clostridia","Peptococcales","Peptococcaceae","uncultured"
"OTU_225","Bin85",3.42585859087956e-06,"Bacteria","Desulfobacterota","Desulfovibrionia","Desulfovibrionales","Desulfovibrionaceae","Desulfovibrio"
"OTU_219","Bin83",7.78292731387053e-06,"Bacteria","Desulfobacterota","Desulfobacteria","Desulfobacterales","Desulfosarcinaceae","Desulfatitalea"
"OTU_222","Bin86",1.10703090712362e-05,"Bacteria","Dependentiae","Babeliae","Babeliales","uncultured__organism","uncultured__bacterium"
"OTU_226","Bin85",1.82321560939187e-06,"Bacteria","Desulfobacterota","Desulfovibrionia","Desulfovibrionales","Desulfovibrionaceae","Bilophila"
"OTU_230","Bin70",2.10981956234264e-05,"Bacteria","Calditrichota","Calditrichia","Calditrichales","Calditrichaceae","uncultured__organism"
"OTU_232","Bin85",5.45690059882737e-06,"Bacteria","Desulfobacterota","Desulfovibrionia","Desulfovibrionales","Desulfovibrionaceae","Desulfovibrio"
"OTU_229","Bin87",6.8231251439324e-06,"Bacteria","Acidobacteriota","d142","uncultured__Acidobacteria__bacterium","uncultured__bacterium","uncultured__bacterium"
"OTU_224","Bin9",0.00160651434253618,"Bacteria","Spirochaetota","Spirochaetia","Spirochaetales","Spirochaetaceae","Sphaerochaeta"
"OTU_231","Bin83",7.32102370785335e-06,"Bacteria","Desulfobacterota","Desulfobacteria","Desulfobacterales","Desulfosarcinaceae","uncultured"
"OTU_228","Bin71",0.00149082762557517,"Bacteria","Proteobacteria","Gammaproteobacteria","Alteromonadales","Marinobacteraceae","Marinobacter"
"OTU_227","Bin85",1.01702762994988e-05,"Bacteria","Desulfobacterota","Desulfovibrionia","Desulfovibrionales","Desulfovibrionaceae","Desulfovibrio"
"OTU_236","Bin1",7.16227159478997e-06,"Bacteria","Firmicutes","Clostridia","Peptostreptococcales-Tissierellales","Dethiosulfatibacteraceae","Dethiosulfatibacter"
"OTU_233","Bin83",1.34516201569599e-05,"Bacteria","Desulfobacterota","Desulfobacteria","Desulfobacterales","Desulfosarcinaceae","Desulfosarcina"
"OTU_235","Bin70",1.91925775495265e-05,"Bacteria","Marinimicrobia__(SAR406__clade)","uncultured__eubacterium__AB16","uncultured__bacterium","uncultured__bacterium","uncultured__bacterium"
"OTU_238","Bin125",3.76917842893502e-06,"Bacteria","Desulfobacterota","Desulfovibrionia","Desulfovibrionales","Desulfovibrionaceae","Desulfovibrio"
"OTU_237","Bin85",1.78380100060923e-05,"Bacteria","Desulfobacterota","Desulfovibrionia","Desulfovibrionales","Desulfovibrionaceae","Desulfovibrio"
"OTU_239","Bin85",4.01048863535039e-05,"Bacteria","Desulfobacterota","Desulfovibrionia","Desulfovibrionales","Desulfovibrionaceae","Desulfovibrio"
"OTU_234","Bin83",1.36865141074283e-06,"Bacteria","Desulfobacterota","Desulfobacteria","Desulfobacterales","Desulfobacteraceae","Desulfotignum"
"OTU_242","Bin85",3.50516686853035e-05,"Bacteria","Desulfobacterota","Desulfovibrionia","Desulfovibrionales","Desulfomicrobiaceae","Desulfomicrobium"
"OTU_240","Bin76",9.59432553678057e-07,"Bacteria","Proteobacteria","Gammaproteobacteria","Pseudomonadales","Moraxellaceae","Acinetobacter"
"OTU_243","Bin80",1.09914092797083e-05,"Bacteria","Hydrogenedentes","Hydrogenedentia","Hydrogenedentiales","Hydrogenedensaceae","uncultured__bacterium"
"OTU_241","Bin83",6.6178698562089e-06,"Bacteria","Desulfobacterota","Desulfobacteria","Desulfobacterales","Desulfococcaceae","Desulfococcus"
"OTU_244","Bin82",5.60749652573252e-06,"Bacteria","Desulfobacterota","Desulfobulbia","Desulfobulbales","Desulfocapsaceae","Desulforhopalus"
"OTU_249","Bin23",2.85007600689415e-06,"Bacteria","Caldatribacteriota","Caldatribacteriia","Caldatribacteriales","Caldatribacteriaceae","Candidatus__Caldatribacterium"
"OTU_247","Bin86",6.84007180321981e-06,"Bacteria","Dependentiae","Babeliae","Babeliales","uncultured__delta__proteobacterium","uncultured__bacterium"
"OTU_251","Bin82",5.59255777756136e-06,"Bacteria","Desulfobacterota","Desulfobulbia","Desulfobulbales","Desulfocapsaceae","uncultured"
"OTU_252","Bin105",1.58093158523192e-06,"Bacteria","Fermentibacterota","Fermentibacteria","Fermentibacterales","Fermentibacteraceae","uncultured__bacterium"
"OTU_248","Bin83",3.60792626215594e-06,"Bacteria","Desulfobacterota","Desulfobacteria","Desulfobacterales","Desulfosarcinaceae","SEEP-SRB1"
"OTU_246","Bin83",4.47271592685816e-06,"Bacteria","Desulfobacterota","Desulfobacteria","Desulfobacterales","Desulfosarcinaceae","uncultured__delta__proteobacterium"
"OTU_250","Bin24",6.61545646124069e-06,"Bacteria","Dadabacteria","Dadabacteriia","Dadabacteriales","uncultured__bacterium","uncultured__bacterium"
"OTU_245","Bin83",1.14949139218232e-05,"Bacteria","Desulfobacterota","Desulfobacteria","Desulfobacterales","Desulfosarcinaceae","Incertae__Sedis"
"OTU_256","Bin83",1.06712056188471e-05,"Bacteria","Desulfobacterota","Desulfobacteria","Desulfobacterales","Desulfosarcinaceae","uncultured"
"OTU_253","Bin24",4.01646709340599e-06,"Bacteria","Verrucomicrobiota","Kiritimatiellae","WCHB1-41","uncultured__bacterium","uncultured__bacterium"
"OTU_255","Bin82",5.40753512064229e-06,"Bacteria","Desulfobacterota","Desulfobulbia","Desulfobulbales","Desulfocapsaceae","Desulfofustis"
"OTU_257","Bin83",1.05165276463498e-05,"Bacteria","Desulfobacterota","Desulfobacteria","Desulfobacterales","Desulfosarcinaceae","Sva0081__sediment__group"
"OTU_254","Bin82",3.98387189196412e-06,"Bacteria","Desulfobacterota","Desulfobulbia","Desulfobulbales","Desulfocapsaceae","Desulfopila"
"OTU_258","Bin87",2.16187783556578e-06,"Bacteria","Acidobacteriota","Thermoanaerobaculia","Thermoanaerobaculales","Thermoanaerobaculaceae","Subgroup__23"
"OTU_259","Bin83",2.03475288815416e-06,"Bacteria","Desulfobacterota","Desulfobacteria","Desulfobacterales","Desulfatiferula","uncultured__bacterium"
"OTU_260","Bin93",6.25219143018364e-06,"Bacteria","Firmicutes","Bacilli","Bacillales","Bacillaceae","Halobacillus"
"OTU_262","Bin10",7.12280728798788e-06,"Bacteria","Spirochaetota","Spirochaetia","Spirochaetales","Spirochaetaceae","Spirochaeta"
"OTU_261","Bin25",7.6597910589737e-06,"Bacteria","Latescibacterota","Latescibacteria","Latescibacterales","Latescibacteraceae","uncultured__bacterium"
"OTU_265","Bin1",1.08027096545829e-05,"Bacteria","Cloacimonadota","Cloacimonadia","Cloacimonadales","MSBL8","uncultured__bacterium"
"OTU_263","Bin83",9.60515223206445e-06,"Bacteria","Desulfobacterota","Desulfobaccia","Desulfobaccales","Desulfobaccaceae","Desulfobacca"
"OTU_266","Bin69",2.5761619226746e-06,"Bacteria","Cyanobacteria","Vampirivibrionia","Gastranaerophilales","uncultured__bacterium","uncultured__bacterium"
"OTU_264","Bin76",2.02971436106658e-06,"Bacteria","Proteobacteria","Gammaproteobacteria","Pseudomonadales","Moraxellaceae","Acinetobacter"
"OTU_267","Bin105",1.36465066832889e-05,"Bacteria","Firmicutes","Clostridia","Peptostreptococcales-Tissierellales","GoM-GC232-4463-Bac1","uncultured__Firmicutes__bacterium"
"OTU_270","Bin9",0.00184774981695478,"Bacteria","Spirochaetota","Spirochaetia","Spirochaetales","Spirochaetaceae","Sphaerochaeta"
"OTU_269","Bin85",9.98279647150791e-07,"Bacteria","Desulfobacterota","Desulfovibrionia","Desulfovibrionales","Desulfoplanaceae","Desulfoplanes"
"OTU_271","Bin84",4.06087150389737e-06,"Bacteria","Desulfobacterota","Desulfovibrionia","Desulfovibrionales","Desulfovibrionaceae","Desulfovibrio"
"OTU_272","Bin105",6.72390979518157e-06,"Bacteria","Firmicutes","Clostridia","Peptostreptococcales-Tissierellales","Dethiosulfatibacteraceae","Dethiosulfatibacter"
"OTU_277","Bin125",1.5577385296544e-06,"Bacteria","Bacteroidota","Bacteroidia","Bacteroidales","Prolixibacteraceae","Sunxiuqinia"
"OTU_274","Bin85",9.48800884196436e-06,"Bacteria","Desulfobacterota","Desulfovibrionia","Desulfovibrionales","Desulfovibrionaceae","Desulfovibrio"
"OTU_268","Bin71",0.00149213798832504,"Bacteria","Proteobacteria","Gammaproteobacteria","Alteromonadales","Psychromonadaceae","Psychromonas"
"OTU_273","Bin82",9.73095925601558e-07,"Bacteria","Desulfobacterota","Desulfobulbia","Desulfobulbales","Desulfocapsaceae","Desulforhopalus"
"OTU_276","Bin7",1.35613310003383e-05,"Bacteria","Spirochaetota","Spirochaetia","Spirochaetales","Spirochaetaceae","Sphaerochaeta"
"OTU_278","Bin90",6.6913661603767e-06,"Bacteria","Firmicutes","Syntrophomonadia","Syntrophomonadales","Syntrophomonadaceae","Syntrophomonas"
"OTU_275","Bin71",4.07486558594622e-06,"Bacteria","Proteobacteria","Gammaproteobacteria","Vibrionales","Vibrionaceae","Vibrio"
"OTU_280","Bin70",2.04984584632465e-06,"Bacteria","Calditrichota","Calditrichia","Calditrichales","Calditrichaceae","uncultured__bacterium"
"OTU_285","Bin86",5.23722740082891e-06,"Bacteria","Dependentiae","Babeliae","Babeliales","uncultured__bacterium","uncultured__bacterium"
"OTU_279","Bin87",1.35960994401142e-05,"Bacteria","Acidobacteriota","Vicinamibacteria","Vicinamibacterales","uncultured","uncultured__prokaryote"
"OTU_287","Bin25",5.50295893441383e-06,"Bacteria","Latescibacterota","uncultured__bacterium","uncultured__bacterium","uncultured__bacterium","uncultured__bacterium"
"OTU_281","Bin21",9.66594769229493e-06,"Bacteria","Latescibacterota","uncultured__bacterium","uncultured__bacterium","uncultured__bacterium","uncultured__bacterium"
"OTU_282","Bin82",2.86213769728927e-06,"Bacteria","Desulfobacterota","Desulfobulbia","Desulfobulbales","Desulfocapsaceae","[Desulfobacterium]__catecholicum__group"
"OTU_289","Bin83",8.27715433663448e-06,"Bacteria","MBNT15","uncultured__bacterium","uncultured__bacterium","uncultured__bacterium","uncultured__bacterium"
"OTU_283","Bin105",6.00831514227012e-06,"Bacteria","Firmicutes","Clostridia","Peptostreptococcales-Tissierellales","Fusibacteraceae","Fusibacter"
"OTU_288","Bin123",1.98809823057218e-06,"Bacteria","Firmicutes","Desulfitobacteriia","Desulfitobacteriales","uncultured","uncultured__bacterium"
"OTU_286","Bin90",9.03946312537832e-06,"Bacteria","Firmicutes","Syntrophomonadia","Syntrophomonadales","Syntrophomonadaceae","Syntrophomonas"
"OTU_284","Bin83",4.73861694182866e-06,"Bacteria","Desulfobacterota","Desulfobacteria","Desulfobacterales","Desulfosarcinaceae","Desulfatirhabdium"
"OTU_290","Bin98",4.86741095718157e-06,"Bacteria","Firmicutes","Clostridia","Peptostreptococcales-Tissierellales","uncultured","uncultured__bacterium"
"OTU_293","Bin82",4.4362825867701e-06,"Bacteria","Desulfobacterota","Desulfobulbia","Desulfobulbales","Desulfocapsaceae","[Desulfobacterium]__catecholicum__group"
"OTU_295","Bin85",5.65840877063618e-06,"Bacteria","Desulfobacterota","Desulfovibrionia","Desulfovibrionales","Desulfovibrionaceae","Desulfovibrio"
"OTU_291","Bin83",5.07572184521848e-06,"Bacteria","Desulfobacterota","Desulfobacteria","Desulfobacterales","Desulfococcaceae","Desulfococcus"
"OTU_294","Bin76",3.55923731651265e-06,"Bacteria","Proteobacteria","Gammaproteobacteria","Gammaproteobacteria__Incertae__Sedis","Unknown__Family","uncultured"
"OTU_297","Bin23",6.65812619173069e-06,"Bacteria","Acidobacteriota","Aminicenantia","Aminicenantales","uncultured__bacterium","uncultured__bacterium"
"OTU_296","Bin81",6.26274656378458e-06,"Bacteria","Desulfobacterota","Desulfuromonadia","Syntrophotaleaceae","Syntrophotalea","uncultured__bacterium"
"OTU_298","Bin81",6.87867569924722e-06,"Bacteria","SAR324__clade(Marine__group__B)","uncultured__delta__proteobacterium","uncultured__bacterium","uncultured__bacterium","uncultured__bacterium"
"OTU_292","Bin76",5.01339889436333e-06,"Bacteria","Proteobacteria","Gammaproteobacteria","Gammaproteobacteria__Incertae__Sedis","Unknown__Family","uncultured"
"OTU_300","Bin83",8.10234675776596e-06,"Bacteria","Desulfobacterota","Desulfobacteria","Desulfobacterales","Desulfosarcinaceae","LCP-80"
"OTU_301","Bin85",1.41316334790021e-06,"Bacteria","Desulfobacterota","Desulfovibrionia","Desulfovibrionales","Desulfovibrionaceae","Desulfovibrio"
"OTU_305","Bin69",6.24253442303504e-06,"Bacteria","Actinobacteriota","WCHB1-81","uncultured__bacterium","uncultured__bacterium","uncultured__bacterium"
"OTU_303","Bin83",5.43240006816336e-06,"Bacteria","Desulfobacterota","Desulfobacteria","Desulfobacterales","Desulfosarcinaceae","Sva0081__sediment__group"
"OTU_304","Bin24",1.59275772259939e-05,"Bacteria","Verrucomicrobiota","Kiritimatiellae","WCHB1-41","uncultured__organism","uncultured__bacterium"
"OTU_302","Bin80",6.60909992494394e-06,"Bacteria","Desulfobacterota","Syntrophorhabdia","Syntrophorhabdales","Syntrophorhabdaceae","Syntrophorhabdus"
"OTU_309","Bin125",4.00723665177571e-06,"Bacteria","Firmicutes","Clostridia","Peptococcales","Peptococcaceae","uncultured"
"OTU_299","Bin80",5.18292032383305e-06,"Bacteria","Desulfobacterota","Syntrophorhabdia","Syntrophorhabdales","Syntrophorhabdaceae","Syntrophorhabdus"
"OTU_307","Bin82",4.00951931762143e-06,"Bacteria","Desulfobacterota","Desulfobulbia","Desulfobulbales","Desulfocapsaceae","uncultured"
"OTU_308","Bin86",3.82135817264966e-06,"Bacteria","Dependentiae","Babeliae","Babeliales","uncultured__bacterium","uncultured__bacterium"
"OTU_310","Bin84",3.78774746346171e-06,"Bacteria","Desulfobacterota","Desulfovibrionia","Desulfovibrionales","Desulfovibrionaceae","Desulfovibrio"
"OTU_314","Bin24",7.18503928464527e-06,"Bacteria","Verrucomicrobiota","Kiritimatiellae","113B434","uncultured__bacterium","uncultured__bacterium"
"OTU_313","Bin83",1.59926729393977e-06,"Bacteria","Desulfobacterota","Desulfobacteria","Desulfobacterales","Desulfosarcinaceae","Desulfosalsimonas"
"OTU_312","Bin83",6.03085834859995e-06,"Bacteria","Desulfobacterota","Desulfobacteria","Desulfobacterales","Desulfosarcinaceae","uncultured"
"OTU_317","Bin70",9.6786003418437e-06,"Bacteria","Calditrichota","Calditrichia","Calditrichales","Calditrichaceae","uncultured__bacterium"
"OTU_316","Bin81",1.98787923424434e-06,"Bacteria","Bdellovibrionota","Oligoflexia","Oligoflexales","uncultured","metagenome"
"OTU_315","Bin24",3.4158008653108e-06,"Bacteria","Verrucomicrobiota","Kiritimatiellae","WCHB1-41","uncultured__Verrucomicrobia__bacterium","uncultured__bacterium"
"OTU_311","Bin93",1.37560967991485e-06,"Bacteria","Firmicutes","Bacilli","Bacillales","Bacillaceae","Anaerobacillus"
"OTU_321","Bin90",6.45436054024344e-06,"Bacteria","Firmicutes","Syntrophomonadia","Syntrophomonadales","Syntrophomonadaceae","Syntrophomonas"
"OTU_318","Bin82",6.27592223428882e-06,"Bacteria","Desulfobacterota","Syntrophia","Syntrophales","uncultured","uncultured__bacterium"
"OTU_319","Bin24",5.82193413616442e-06,"Bacteria","Dadabacteria","Dadabacteriia","Dadabacteriales","uncultured__organism","uncultured__bacterium"
"OTU_306","Bin90",2.15185185470578e-06,"Bacteria","Firmicutes","Syntrophomonadia","Syntrophomonadales","Syntrophomonadaceae","uncultured"
"OTU_324","Bin82",1.4344501527213e-06,"Bacteria","Desulfobacterota","Desulfobulbia","Desulfobulbales","Desulfocapsaceae","Desulfopila"
"OTU_323","Bin81",4.45069780692995e-06,"Bacteria","Myxococcota","Myxococcia","Myxococcales","Myxococcaceae","P3OB-42"
"OTU_325","Bin83",2.5874835647388e-06,"Bacteria","Desulfobacterota","Desulfobacteria","Desulfobacterales","Desulfobacteraceae","Desulfobacter"
"OTU_328","Bin24",5.04157920545941e-06,"Bacteria","Verrucomicrobiota","Kiritimatiellae","WCHB1-41","uncultured__bacterium","uncultured__bacterium"
"OTU_331","Bin81",4.16483062996093e-07,"Bacteria","Desulfobacterota","Desulfuromonadia","Desulfuromonadaceae","Desulfuromonas","uncultured__bacterium"
"OTU_320","Bin24",2.2264745940084e-06,"Bacteria","Verrucomicrobiota","Kiritimatiellae","WCHB1-41","uncultured__bacterium","uncultured__bacterium"
"OTU_322","Bin84",1.6233579726412e-06,"Bacteria","Desulfobacterota","Desulfovibrionia","Desulfovibrionales","Desulfovibrionaceae","Desulfovibrio"
"OTU_329","Bin105",9.07565578922974e-06,"Bacteria","Firmicutes","Clostridia","Peptostreptococcales-Tissierellales","uncultured","uncultured__bacterium"
"OTU_330","Bin82",1.3579323609821e-05,"Bacteria","Desulfobacterota","Desulfobulbia","Desulfobulbales","Desulfobulbaceae","Desulfobulbus"
"OTU_334","Bin7",4.19526495483485e-06,"Bacteria","Spirochaetota","Spirochaetia","Spirochaetales","Spirochaetaceae","Sphaerochaeta"
"OTU_332","Bin105",2.22011743459502e-06,"Bacteria","Firmicutes","Clostridia","Peptostreptococcales-Tissierellales","livecontrolB21","uncultured__bacterium"
"OTU_327","Bin125",5.80322992755824e-06,"Bacteria","Firmicutes","Clostridia","Peptococcales","Peptococcaceae","Dehalobacterium"
"OTU_326","Bin82",2.22321144533728e-06,"Bacteria","Desulfobacterota","Desulfobulbia","Desulfobulbales","Desulfocapsaceae","uncultured"
"OTU_333","Bin83",2.47822148969846e-06,"Bacteria","Desulfobacterota","Desulfobacteria","Desulfobacterales","Desulfobacteraceae","Desulfobacter"
"OTU_337","Bin4",4.24722566113076e-06,"Bacteria","Cloacimonadota","Cloacimonadia","Cloacimonadales","MSBL8","uncultured__bacterium"
"OTU_336","Bin24",1.3630836548024e-06,"Bacteria","Verrucomicrobiota","Verrucomicrobiae","LD1-PB3","uncultured__bacterium","uncultured__bacterium"
"OTU_335","Bin69",2.01927054753556e-06,"Bacteria","Cyanobacteria","Vampirivibrionia","Gastranaerophilales","uncultured__organism","uncultured__bacterium"
"OTU_339","Bin70",2.9966903721647e-06,"Bacteria","Marinimicrobia__(SAR406__clade)","uncultured__eubacterium__AB16","uncultured__bacterium","uncultured__bacterium","uncultured__bacterium"
"OTU_338","Bin110",3.00176463183291e-06,"Bacteria","Firmicutes","Clostridia","Caldicoprobacterales","Caldicoprobacteraceae","Caldicoprobacter"
"OTU_340","Bin110",1.38790956727098e-06,"Bacteria","Firmicutes","Clostridia","Eubacteriales","Alkalibacteraceae","Alkalibacter"
"OTU_342","Bin92",4.04885955368125e-06,"Bacteria","Firmicutes","Bacilli","Izemoplasmatales","Izemoplasmataceae","uncultured__bacterium"
"OTU_341","Bin105",2.18636521686362e-06,"Bacteria","Firmicutes","Clostridia","Peptostreptococcales-Tissierellales","Dethiosulfatibacteraceae","Dethiosulfatibacter"
"OTU_345","Bin24",4.36720516174718e-06,"Bacteria","Verrucomicrobiota","Verrucomicrobiae","LD1-PB3","uncultured__bacterium","uncultured__bacterium"
"OTU_343","Bin70",2.37914652853483e-06,"Bacteria","Marinimicrobia__(SAR406__clade)","uncultured__eubacterium__AB16","uncultured__bacterium","uncultured__bacterium","uncultured__bacterium"
"OTU_347","Bin24",2.74442881276121e-06,"Bacteria","Verrucomicrobiota","Verrucomicrobiae","LD1-PB3","uncultured__bacterium","uncultured__bacterium"
"OTU_346","Bin82",2.81315358047269e-06,"Bacteria","Desulfobacterota","Desulfobulbia","Desulfobulbales","Desulfocapsaceae","Desulfoprunum"
"OTU_344","Bin105",1.02928743125428e-05,"Bacteria","Firmicutes","Clostridia","Peptostreptococcales-Tissierellales","GoM-GC232-4463-Bac1","uncultured__bacterium"
"OTU_349","Bin83",1.07599286752982e-05,"Bacteria","Desulfobacterota","Desulfobacteria","Desulfobacterales","Desulfobacteraceae","Desulfobacter"
"OTU_351","Bin1",5.75710087748841e-06,"Bacteria","Cloacimonadota","Cloacimonadia","Cloacimonadales","MSBL8","uncultured__bacterium"
"OTU_353","Bin84",9.44261568538898e-05,"Bacteria","Desulfobacterota","Desulfovibrionia","Desulfovibrionales","Desulfovibrionaceae","Desulfovibrio"
"OTU_352","Bin124",2.98523931538744e-06,"Bacteria","Marinimicrobia__(SAR406__clade)","uncultured__eubacterium__AB16","uncultured__bacterium","uncultured__bacterium","uncultured__bacterium"
"OTU_348","Bin85",3.78502583737144e-06,"Bacteria","Desulfobacterota","Desulfovibrionia","Desulfovibrionales","Desulfoplanaceae","Desulfoplanes"
"OTU_350","Bin93",1.36943168822496e-05,"Bacteria","Firmicutes","Bacilli","Bacillales","Bacillaceae","Bacillus"
"OTU_357","Bin70",2.78544678535398e-06,"Bacteria","Marinimicrobia__(SAR406__clade)","uncultured__eubacterium__AB16","uncultured__bacterium","uncultured__bacterium","uncultured__bacterium"
"OTU_356","Bin1",6.24927341911939e-06,"Bacteria","Firmicutes","Clostridia","Peptostreptococcales-Tissierellales","Dethiosulfatibacteraceae","Dethiosulfatibacter"
"OTU_358","Bin11",3.88806706348526e-06,"Bacteria","Fermentibacterota","Fermentibacteria","Fermentibacterales","Fermentibacteraceae","uncultured__bacterium"
"OTU_354","Bin4",1.19790571550672e-06,"Bacteria","Cloacimonadota","Cloacimonadia","Cloacimonadales","MSBL8","uncultured__bacterium"
"OTU_359","Bin81",6.39863771870157e-06,"Bacteria","Desulfobacterota","Desulfuromonadia","Desulfuromonadaceae","Trichloromonas","Desulfuromonas__acetexigens"
"OTU_355","Bin84",1.28039236019205e-05,"Bacteria","Desulfobacterota","Desulfovibrionia","Desulfovibrionales","Desulfovibrionaceae","Desulfovibrio"
"OTU_360","Bin74",0.000601672775323389,"Bacteria","Proteobacteria","Gammaproteobacteria","Vibrionales","Vibrionaceae","Vibrio"
"OTU_365","Bin105",9.30348610826959e-06,"Bacteria","Fermentibacterota","Fermentibacteria","Fermentibacterales","Fermentibacteraceae","uncultured__bacterium"
"OTU_363","Bin85",3.15261476463191e-06,"Bacteria","Desulfobacterota","Desulfovibrionia","Desulfovibrionales","Desulfovibrionaceae","Desulfovibrio"
"OTU_364","Bin1",2.77822926040039e-06,"Bacteria","Firmicutes","Bacilli","Izemoplasmatales","Izemoplasmataceae","bacterium"
"OTU_361","Bin76",2.85402586913755e-05,"Bacteria","Proteobacteria","Gammaproteobacteria","Burkholderiales","Burkholderiaceae","Ralstonia"
"OTU_362","Bin86",2.2030935110357e-06,"Bacteria","Modulibacteria","Moduliflexia","Moduliflexales","Moduliflexaceae","uncultured__bacterium"
"OTU_366","Bin85",3.28026384624045e-06,"Bacteria","Desulfobacterota","Desulfovibrionia","Desulfovibrionales","Desulfovibrionaceae","Desulfovibrio"
"OTU_367","Bin8",0.000223633376258333,"Bacteria","Spirochaetota","Spirochaetia","Spirochaetales","Spirochaetaceae","Sphaerochaeta"
"OTU_370","Bin125",1.07975655393228e-06,"Bacteria","Firmicutes","Clostridia","Peptococcales","Peptococcaceae","uncultured"
"OTU_373","Bin71",7.05309376605352e-06,"Bacteria","Proteobacteria","Gammaproteobacteria","Alteromonadales","Shewanellaceae","Shewanella"
"OTU_371","Bin73",0.00703426957026985,"Bacteria","Proteobacteria","Gammaproteobacteria","Vibrionales","Vibrionaceae","Vibrio"
"OTU_369","Bin83",6.07367602749012e-07,"Bacteria","Desulfobacterota","Desulfobacteria","Desulfobacterales","Desulfolunaceae","Desulfoluna"
"OTU_368","Bin125",3.21130869257679e-06,"Bacteria","Bacteroidota","Bacteroidia","Bacteroidales","Prolixibacteraceae","Sunxiuqinia"
"OTU_374","Bin84",3.18212532705022e-06,"Bacteria","Desulfobacterota","Desulfovibrionia","Desulfovibrionales","Desulfovibrionaceae","Desulfovibrio"
"OTU_372","Bin125",2.73405426478445e-06,"Bacteria","Firmicutes","Clostridia","Peptococcales","Peptococcaceae","uncultured"
"OTU_377","Bin84",8.13204960649127e-07,"Bacteria","Desulfobacterota","Desulfovibrionia","Desulfovibrionales","Desulfovibrionaceae","Desulfovibrio"
"OTU_375","Bin85",0.000555636675936803,"Bacteria","Desulfobacterota","Desulfovibrionia","Desulfovibrionales","Desulfovibrionaceae","Desulfovibrio"
"OTU_378","Bin84",2.78383731505785e-06,"Bacteria","Desulfobacterota","Desulfovibrionia","Desulfovibrionales","Desulfovibrionaceae","Desulfovibrio"
"OTU_379","Bin85",5.30916068928438e-06,"Bacteria","Desulfobacterota","Desulfovibrionia","Desulfovibrionales","Desulfovibrionaceae","Desulfovibrio"
"OTU_376","Bin71",8.24521011866623e-06,"Bacteria","Proteobacteria","Gammaproteobacteria","Vibrionales","Vibrionaceae","Vibrio"
"OTU_380","Bin91",8.24009640225444e-06,"Bacteria","Firmicutes","Bacilli","Erysipelotrichales","Erysipelotrichaceae","Faecalibaculum"
"OTU_381","Bin84",6.32773623970477e-07,"Bacteria","Desulfobacterota","Desulfovibrionia","Desulfovibrionales","Desulfovibrionaceae","Desulfovibrio"
"OTU_383","Bin85",2.4600516391139e-06,"Bacteria","Desulfobacterota","Desulfovibrionia","Desulfovibrionales","Desulfovibrionaceae","Desulfovibrio"
"OTU_384","Bin85",7.16108075807943e-06,"Bacteria","Desulfobacterota","Desulfovibrionia","Desulfovibrionales","Desulfovibrionaceae","Desulfovibrio"
"OTU_387","Bin85",0.00120059501471239,"Bacteria","Desulfobacterota","Desulfovibrionia","Desulfovibrionales","Desulfovibrionaceae","Desulfovibrio"
"OTU_386","Bin85",8.17803445826719e-06,"Bacteria","Desulfobacterota","Desulfovibrionia","Desulfovibrionales","Desulfovibrionaceae","Desulfovibrio"
"OTU_390","Bin85",6.23250998484483e-06,"Bacteria","Desulfobacterota","Desulfovibrionia","Desulfovibrionales","Desulfovibrionaceae","Desulfovibrio"
"OTU_385","Bin74",0.00184271177544323,"Bacteria","Proteobacteria","Gammaproteobacteria","Vibrionales","Vibrionaceae","Vibrio"
"OTU_382","Bin93",4.09581419074043e-06,"Bacteria","Firmicutes","Bacilli","Exiguobacterales","Exiguobacteraceae","Exiguobacterium"
"OTU_388","Bin8",0.000433701466089044,"Bacteria","Spirochaetota","Spirochaetia","Spirochaetales","Spirochaetaceae","Sphaerochaeta"
"OTU_391","Bin85",3.98238634667751e-06,"Bacteria","Desulfobacterota","Desulfovibrionia","Desulfovibrionales","Desulfovibrionaceae","Desulfovibrio"
"OTU_393","Bin124",2.41811580487377e-06,"Bacteria","Bacteroidota","Bacteroidia","Bacteroidales","Prolixibacteraceae","Draconibacterium"
"OTU_392","Bin93",0.00134253060218981,"Bacteria","Firmicutes","Bacilli","Bacillales","Bacillaceae","Bacillus"
"OTU_394","Bin71",0.000884553816022142,"Bacteria","Proteobacteria","Gammaproteobacteria","Enterobacterales","Enterobacteriaceae","Citrobacter"
"OTU_389","Bin85",1.03080400791586e-05,"Bacteria","Desulfobacterota","Desulfovibrionia","Desulfovibrionales","Desulfovibrionaceae","Desulfovibrio"
"OTU_395","Bin74",0.000383163728637107,"Bacteria","Proteobacteria","Gammaproteobacteria","Vibrionales","Vibrionaceae","Vibrio"
"OTU_402","Bin72",0.000380702726123634,"Bacteria","Proteobacteria","Gammaproteobacteria","Vibrionales","Vibrionaceae","Vibrio"
"OTU_403","Bin8",7.86021689404859e-05,"Bacteria","Spirochaetota","Spirochaetia","Spirochaetales","Spirochaetaceae","Sphaerochaeta"
"OTU_399","Bin94",7.43989586137749e-05,"Bacteria","Firmicutes","Bacilli","Lactobacillales","Lactobacillaceae","Lactobacillus"
"OTU_397","Bin71",0.000182411525711956,"Bacteria","Proteobacteria","Gammaproteobacteria","Oceanospirillales","Nitrincolaceae","Marinobacterium"
"OTU_401","Bin8",9.39783494764852e-05,"Bacteria","Spirochaetota","Spirochaetia","Spirochaetales","Spirochaetaceae","Sediminispirochaeta"
"OTU_396","Bin8",0.000311959994168117,"Bacteria","Spirochaetota","Spirochaetia","Spirochaetales","Spirochaetaceae","Sphaerochaeta"
"OTU_400","Bin71",7.04267393106051e-05,"Bacteria","Proteobacteria","Gammaproteobacteria","Enterobacterales","Enterobacteriaceae","Escherichia-Shigella"
"OTU_406","Bin91",0.000149526352825908,"Bacteria","Firmicutes","Bacilli","Erysipelotrichales","Erysipelotrichaceae","Dubosiella"
"OTU_404","Bin71",5.69555466237792e-05,"Bacteria","Proteobacteria","Gammaproteobacteria","Coxiellales","Coxiellaceae","Coxiella"
"OTU_405","Bin8",4.63380496946253e-05,"Bacteria","Spirochaetota","Spirochaetia","Spirochaetales","Spirochaetaceae","Sediminispirochaeta"
"OTU_398","Bin91",0.000482547393530512,"Bacteria","Firmicutes","Bacilli","Erysipelotrichales","Erysipelotrichaceae","Turicibacter"
"OTU_408","Bin94",4.83855368474106e-05,"Bacteria","Firmicutes","Bacilli","Lactobacillales","Lactobacillaceae","Lactobacillus"
"OTU_407","Bin10",7.72187234272968e-05,"Bacteria","Spirochaetota","Spirochaetia","Spirochaetales","Spirochaetaceae","Sediminispirochaeta"
"OTU_409","Bin71",3.70707435946585e-05,"Bacteria","Proteobacteria","Gammaproteobacteria","Alteromonadales","Pseudoalteromonadaceae","Pseudoalteromonas"
"OTU_410","Bin94",5.03915904101684e-05,"Bacteria","Firmicutes","Bacilli","Lactobacillales","Lactobacillaceae","Lactobacillus"
"OTU_412","Bin71",6.8504010527241e-05,"Bacteria","Proteobacteria","Gammaproteobacteria","Oceanospirillales","Nitrincolaceae","Marinobacterium"
"OTU_413","Bin8",2.54834033561007e-05,"Bacteria","Spirochaetota","Spirochaetia","Spirochaetales","Spirochaetaceae","Sediminispirochaeta"
"OTU_411","Bin73",0.00843697977990119,"Bacteria","Proteobacteria","Gammaproteobacteria","Vibrionales","Vibrionaceae","Vibrio"
"OTU_416","Bin10",1.44220444775346e-05,"Bacteria","Spirochaetota","MVP-15","uncultured__organism","uncultured__bacterium","uncultured__bacterium"
"OTU_419","Bin10",2.97104676335942e-05,"Bacteria","Spirochaetota","Spirochaetia","Spirochaetales","Spirochaetaceae","Sphaerochaeta"
"OTU_420","Bin10",3.31954504514085e-05,"Bacteria","Spirochaetota","Spirochaetia","Spirochaetales","Spirochaetaceae","Candidatus__Marispirochaeta"
"OTU_417","Bin71",2.07325040840942e-05,"Bacteria","Proteobacteria","Gammaproteobacteria","Cellvibrionales","Microbulbiferaceae","Microbulbifer"
"OTU_415","Bin73",0.00370114747235599,"Bacteria","Proteobacteria","Gammaproteobacteria","Vibrionales","Vibrionaceae","Vibrio"
"OTU_421","Bin8",2.45284186669475e-05,"Bacteria","Spirochaetota","Spirochaetia","Spirochaetales","Spirochaetaceae","Sediminispirochaeta"
"OTU_418","Bin76",1.56341343046814e-05,"Bacteria","Proteobacteria","Gammaproteobacteria","Burkholderiales","Comamonadaceae","Delftia"
"OTU_422","Bin74",4.98267701648639e-05,"Bacteria","Proteobacteria","Gammaproteobacteria","Vibrionales","Vibrionaceae","Vibrio"
"OTU_426","Bin77",1.18927759459245e-05,"Bacteria","Proteobacteria","Gammaproteobacteria","Oceanospirillales","Nitrincolaceae","Neptunomonas"
"OTU_414","Bin8",2.41315636623738e-05,"Bacteria","Spirochaetota","Spirochaetia","Spirochaetales","Spirochaetaceae","Sphaerochaeta"
"OTU_425","Bin74",0.000638438113131981,"Bacteria","Proteobacteria","Gammaproteobacteria","Vibrionales","Vibrionaceae","Vibrio"
"OTU_424","Bin92",1.58474217639295e-05,"Bacteria","Firmicutes","Bacilli","RF39","uncultured__bacterium","uncultured__bacterium"
"OTU_427","Bin76",1.27882954074359e-05,"Bacteria","Proteobacteria","Gammaproteobacteria","Burkholderiales","Comamonadaceae","Acidovorax"
"OTU_423","Bin71",9.19884895173796e-06,"Bacteria","Proteobacteria","Gammaproteobacteria","Alteromonadales","Alteromonadaceae","Agaribacter"
"OTU_428","Bin71",4.33503313219417e-05,"Bacteria","Proteobacteria","Gammaproteobacteria","Nitrosococcales","Methylophagaceae","Methylophaga"
"OTU_430","Bin76",3.46867036322744e-05,"Bacteria","Proteobacteria","Gammaproteobacteria","Burkholderiales","Comamonadaceae","Hydrogenophaga"
"OTU_429","Bin74",0.00123783027575396,"Bacteria","Proteobacteria","Gammaproteobacteria","Vibrionales","Vibrionaceae","Vibrio"
"OTU_431","Bin72",5.82651357201421e-05,"Bacteria","Proteobacteria","Gammaproteobacteria","Vibrionales","Vibrionaceae","Vibrio"
"OTU_435","Bin72",5.02050313612423e-05,"Bacteria","Proteobacteria","Gammaproteobacteria","Vibrionales","Vibrionaceae","Vibrio"
"OTU_436","Bin71",5.16616455265005e-05,"Bacteria","Proteobacteria","Gammaproteobacteria","Enterobacterales","Erwiniaceae","Phaseolibacter"
"OTU_432","Bin74",3.73931504521024e-05,"Bacteria","Proteobacteria","Gammaproteobacteria","Vibrionales","Vibrionaceae","Vibrio"
"OTU_437","Bin72",0.000103495927839667,"Bacteria","Proteobacteria","Gammaproteobacteria","Vibrionales","Vibrionaceae","Vibrio"
"OTU_434","Bin76",1.26960649291069e-05,"Bacteria","Proteobacteria","Gammaproteobacteria","Xanthomonadales","Xanthomonadaceae","Stenotrophomonas"
"OTU_440","Bin9",3.69205558693267e-05,"Bacteria","Spirochaetota","Spirochaetia","Spirochaetales","Spirochaetaceae","Sphaerochaeta"
"OTU_433","Bin73",0.00384523128281204,"Bacteria","Proteobacteria","Gammaproteobacteria","Vibrionales","Vibrionaceae","Vibrio"
"OTU_441","Bin74",0.000211167768190863,"Bacteria","Proteobacteria","Gammaproteobacteria","Vibrionales","Vibrionaceae","Vibrio"
"OTU_438","Bin72",0.000120592128655857,"Bacteria","Proteobacteria","Gammaproteobacteria","Vibrionales","Vibrionaceae","Vibrio"
"OTU_444","Bin72",2.36362164842898e-05,"Bacteria","Proteobacteria","Gammaproteobacteria","Vibrionales","Vibrionaceae","Photobacterium"
"OTU_442","Bin74",0.000459968874882134,"Bacteria","Proteobacteria","Gammaproteobacteria","Vibrionales","Vibrionaceae","Vibrio"
"OTU_439","Bin94",1.16945239039628e-05,"Bacteria","Firmicutes","Bacilli","Staphylococcales","Staphylococcaceae","Staphylococcus"
"OTU_443","Bin71",3.80556435589398e-05,"Bacteria","Proteobacteria","Gammaproteobacteria","Steroidobacterales","Woeseiaceae","JTB255__marine__benthic__group"
"OTU_445","Bin71",1.68908544873089e-05,"Bacteria","Proteobacteria","Gammaproteobacteria","Alteromonadales","Marinobacteraceae","Marinobacter"
"OTU_446","Bin10",1.01054150847166e-05,"Bacteria","Spirochaetota","Spirochaetia","Spirochaetales","Spirochaetaceae","Sphaerochaeta"
"OTU_447","Bin10",7.1875855762563e-06,"Bacteria","Spirochaetota","Spirochaetia","Spirochaetales","Spirochaetaceae","Spirochaeta__2"
"OTU_451","Bin125",1.02072456372055e-05,"Bacteria","Bacteroidota","Bacteroidia","Bacteroidales","Prolixibacteraceae","Sunxiuqinia"
"OTU_449","Bin69",8.16597912603693e-06,"Bacteria","Actinobacteriota","WCHB1-81","uncultured__organism","uncultured__bacterium","uncultured__bacterium"
"OTU_452","Bin8",6.73767391541216e-06,"Bacteria","Spirochaetota","Spirochaetia","Spirochaetales","Spirochaetaceae","Sediminispirochaeta"
"OTU_450","Bin71",4.44020820447855e-05,"Bacteria","Proteobacteria","Gammaproteobacteria","Chromatiales","Chromatiaceae","Thiocapsa"
"OTU_448","Bin71",0.0114735539194885,"Bacteria","Proteobacteria","Gammaproteobacteria","Alteromonadales","Shewanellaceae","Shewanella"
"OTU_453","Bin9",2.55416404360967e-05,"Bacteria","Spirochaetota","Spirochaetia","Spirochaetales","Spirochaetaceae","Sphaerochaeta"
"OTU_458","Bin71",4.78992204592337e-05,"Bacteria","Proteobacteria","Gammaproteobacteria","Alteromonadales","Shewanellaceae","Shewanella"
"OTU_460","Bin71",4.13891150657893e-05,"Bacteria","Proteobacteria","Gammaproteobacteria","Enterobacterales","Enterobacteriaceae","Klebsiella"
"OTU_454","Bin76",9.47549403817223e-06,"Bacteria","Proteobacteria","Gammaproteobacteria","Burkholderiales","Sutterellaceae","Parasutterella"
"OTU_456","Bin10",4.33339572091174e-06,"Bacteria","Spirochaetota","Spirochaetia","Spirochaetales","Spirochaetaceae","Spirochaeta__2"
"OTU_455","Bin71",3.44532944977017e-05,"Bacteria","Proteobacteria","Gammaproteobacteria","Alteromonadales","Shewanellaceae","Shewanella"
"OTU_461","Bin71",1.82752935936212e-05,"Bacteria","Proteobacteria","Gammaproteobacteria","Cellvibrionales","Halieaceae","Haliea"
"OTU_457","Bin94",9.61703416752409e-06,"Bacteria","Firmicutes","Bacilli","Staphylococcales","Staphylococcaceae","Staphylococcus"
"OTU_463","Bin10",3.00713088077216e-05,"Bacteria","Spirochaetota","Spirochaetia","Spirochaetales","Spirochaetaceae","Sediminispirochaeta"
"OTU_462","Bin71",5.27992633961421e-06,"Bacteria","Proteobacteria","Gammaproteobacteria","Thiomicrospirales","Thiomicrospiraceae","Thiomicrorhabdus"
"OTU_464","Bin72",2.33056420790177e-05,"Bacteria","Proteobacteria","Gammaproteobacteria","Vibrionales","Vibrionaceae","Photobacterium"
"OTU_465","Bin86",2.06384174174014e-05,"Bacteria","Acidobacteriota","Holophagae","Acanthopleuribacterales","Acanthopleuribacteraceae","Thermotomaculum"
"OTU_459","Bin71",1.89382109597563e-05,"Bacteria","Proteobacteria","Gammaproteobacteria","Alteromonadales","Shewanellaceae","Shewanella"
"OTU_466","Bin86",2.51460718437599e-05,"Bacteria","Dependentiae","Babeliae","Babeliales","uncultured__bacterium","uncultured__bacterium"
"OTU_468","Bin8",3.16347345192739e-05,"Bacteria","Spirochaetota","Spirochaetia","Spirochaetales","Spirochaetaceae","Sphaerochaeta"
"OTU_469","Bin76",4.98710405673456e-06,"Bacteria","Proteobacteria","Gammaproteobacteria","Burkholderiales","Burkholderiaceae","Cupriavidus"
"OTU_467","Bin92",3.5359457403384e-06,"Bacteria","Firmicutes","Bacilli","Izemoplasmatales","Izemoplasmataceae","Izimaplasma"
"OTU_474","Bin27",2.62313160250576e-05,"Bacteria","Actinobacteriota","Thermoleophilia","Solirubrobacterales","67-14","uncultured__actinobacterium"
"OTU_470","Bin76",4.90516203032886e-06,"Bacteria","Proteobacteria","Gammaproteobacteria","Pseudomonadales","Moraxellaceae","Psychrobacter"
"OTU_472","Bin94",1.3100822719973e-05,"Bacteria","Firmicutes","Bacilli","Lactobacillales","Streptococcaceae","Streptococcus"
"OTU_473","Bin10",1.63045108141847e-05,"Bacteria","Spirochaetota","Spirochaetia","Spirochaetales","Spirochaetaceae","Candidatus__Marispirochaeta"
"OTU_471","Bin71",4.26365037558166e-05,"Bacteria","Proteobacteria","Gammaproteobacteria","Cellvibrionales","Spongiibacteraceae","BD1-7__clade"
"OTU_475","Bin94",4.95315143818154e-06,"Bacteria","Firmicutes","Negativicutes","Veillonellales-Selenomonadales","Veillonellaceae","Veillonella"
"OTU_477","Bin92",3.59530474333718e-06,"Bacteria","Firmicutes","Bacilli","Izemoplasmatales","Izemoplasmataceae","Izimaplasma"
"OTU_482","Bin8",4.93937811331368e-06,"Bacteria","Spirochaetota","Spirochaetia","Spirochaetales","Spirochaetaceae","Sphaerochaeta"
"OTU_483","Bin9",1.02090805090596e-05,"Bacteria","Spirochaetota","Spirochaetia","Spirochaetales","Spirochaetaceae","Sphaerochaeta"
"OTU_476","Bin107",1.16384033385761e-05,"Bacteria","Firmicutes","Clostridia","Peptostreptococcales-Tissierellales","uncultured","marine__sediment__metagenome"
"OTU_479","Bin71",3.29746609664263e-05,"Bacteria","Proteobacteria","Gammaproteobacteria","Steroidobacterales","Steroidobacteraceae","uncultured"
"OTU_478","Bin71",1.91987909639188e-05,"Bacteria","Proteobacteria","Gammaproteobacteria","Cellvibrionales","Halieaceae","OM60(NOR5)__clade"
"OTU_487","Bin10",6.99471145625712e-06,"Bacteria","Spirochaetota","Spirochaetia","Spirochaetales","Spirochaetaceae","Sediminispirochaeta"
"OTU_481","Bin86",1.32831230750141e-05,"Bacteria","Acidobacteriota","Holophagae","Acanthopleuribacterales","Acanthopleuribacteraceae","Thermotomaculum"
"OTU_480","Bin76",3.15625722926261e-05,"Bacteria","Proteobacteria","Gammaproteobacteria","Burkholderiales","Hydrogenophilaceae","Thiobacillus"
"OTU_486","Bin76",4.05349938976821e-05,"Bacteria","Proteobacteria","Gammaproteobacteria","Burkholderiales","Rhodocyclaceae","Thauera"
"OTU_488","Bin8",1.52690769555486e-05,"Bacteria","Spirochaetota","Spirochaetia","Spirochaetales","Spirochaetaceae","Sphaerochaeta"
"OTU_489","Bin74",2.65084189238121e-05,"Bacteria","Proteobacteria","Gammaproteobacteria","Vibrionales","Vibrionaceae","Vibrio"
"OTU_484","Bin76",6.2861125107338e-06,"Bacteria","Proteobacteria","Gammaproteobacteria","Burkholderiales","Burkholderiaceae","Burkholderia-Caballeronia-Paraburkholderia"
"OTU_490","Bin71",3.2705519749937e-05,"Bacteria","Proteobacteria","Gammaproteobacteria","Alteromonadales","Shewanellaceae","Shewanella"
"OTU_492","Bin71",8.32916874895885e-06,"Bacteria","Proteobacteria","Gammaproteobacteria","Enterobacterales","Enterobacteriaceae","Citrobacter"
"OTU_491","Bin71",2.01096367601263e-05,"Bacteria","Proteobacteria","Gammaproteobacteria","Alteromonadales","Shewanellaceae","Shewanella"
"OTU_493","Bin94",9.06230383815657e-06,"Bacteria","Firmicutes","Negativicutes","Acidaminococcales","Acidaminococcaceae","Phascolarctobacterium"
"OTU_485","Bin93",1.32234069231047e-05,"Bacteria","Firmicutes","Bacilli","Bacillales","Bacillaceae","Bacillus"
"OTU_494","Bin25",1.86770277151572e-05,"Bacteria","Latescibacterota","uncultured__bacterium","uncultured__bacterium","uncultured__bacterium","uncultured__bacterium"
"OTU_495","Bin71",1.08135074397477e-05,"Bacteria","Proteobacteria","Gammaproteobacteria","Oceanospirillales","Halomonadaceae","Halomonas"
"OTU_496","Bin23",8.23604555140963e-06,"Bacteria","Caldatribacteriota","JS1","uncultured__bacterium","uncultured__bacterium","uncultured__bacterium"
"OTU_498","Bin22",9.90700405149968e-06,"Bacteria","Thermotogota","Thermotogae","Petrotogales","Petrotogaceae","SC103"
"OTU_501","Bin93",2.32645862161452e-05,"Bacteria","Firmicutes","Bacilli","Exiguobacterales","Exiguobacteraceae","Exiguobacterium"
"OTU_503","Bin93",1.049790288523e-05,"Bacteria","Firmicutes","Bacilli","Exiguobacterales","Exiguobacteraceae","Exiguobacterium"
"OTU_497","Bin76",2.16549762677265e-05,"Bacteria","Proteobacteria","Gammaproteobacteria","Burkholderiales","Burkholderiaceae","Lautropia"
"OTU_504","Bin71",1.09704962877746e-05,"Bacteria","Proteobacteria","Gammaproteobacteria","Steroidobacterales","Steroidobacteraceae","uncultured"
"OTU_500","Bin8",7.12914460355742e-06,"Bacteria","Spirochaetota","Spirochaetia","Spirochaetales","Spirochaetaceae","Sphaerochaeta"
"OTU_505","Bin8",6.7642055801543e-06,"Bacteria","Spirochaetota","Spirochaetia","Spirochaetales","Spirochaetaceae","Spirochaeta"
"OTU_507","Bin86",1.06043602921033e-05,"Bacteria","Acidobacteriota","Holophagae","Acanthopleuribacterales","Acanthopleuribacteraceae","Thermotomaculum"
"OTU_499","Bin92",2.62462060664301e-06,"Bacteria","Firmicutes","Bacilli","Izemoplasmatales","Izemoplasmataceae","Izimaplasma"
"OTU_508","Bin76",6.39735619358878e-06,"Bacteria","Proteobacteria","Gammaproteobacteria","Xanthomonadales","Xanthomonadaceae","Arenimonas"
"OTU_506","Bin10",2.6766300163031e-05,"Bacteria","Spirochaetota","Spirochaetia","Spirochaetales","Spirochaetaceae","Spirochaeta__2"
"OTU_511","Bin85",3.23643754125526e-06,"Bacteria","Desulfobacterota","Desulfovibrionia","Desulfovibrionales","Desulfovibrionaceae","Desulfovibrio"
"OTU_512","Bin21",3.78577875094691e-06,"Bacteria","Spirochaetota","Brevinematia","Brevinematales","Brevinemataceae","Brevinema"
"OTU_502","Bin71",1.07599691229423e-05,"Bacteria","Proteobacteria","Gammaproteobacteria","Alteromonadales","Shewanellaceae","Shewanella"
"OTU_510","Bin73",0.000212446479199957,"Bacteria","Proteobacteria","Gammaproteobacteria","Vibrionales","Vibrionaceae","Vibrio"
"OTU_509","Bin76",8.25100787336449e-06,"Bacteria","Proteobacteria","Gammaproteobacteria","Burkholderiales","Comamonadaceae","Hydrogenophaga"
"OTU_513","Bin21",2.19846099953972e-06,"Bacteria","Spirochaetota","Brevinematia","Brevinematales","Brevinemataceae","Brevinema"
"OTU_514","Bin10",5.58413193346651e-06,"Bacteria","Spirochaetota","Spirochaetia","Spirochaetales","Spirochaetaceae","uncultured"
"OTU_518","Bin72",8.60662928894278e-06,"Bacteria","Proteobacteria","Gammaproteobacteria","Vibrionales","Vibrionaceae","Vibrio"
"OTU_516","Bin9",2.42584253602627e-05,"Bacteria","Spirochaetota","Spirochaetia","Spirochaetales","Spirochaetaceae","Sphaerochaeta"
"OTU_522","Bin10",5.01003331485534e-06,"Bacteria","Spirochaetota","Spirochaetia","Spirochaetales","Spirochaetaceae","uncultured"
"OTU_515","Bin9",3.02379445841249e-05,"Bacteria","Spirochaetota","Spirochaetia","Spirochaetales","Spirochaetaceae","Sphaerochaeta"
"OTU_519","Bin72",3.15021547136314e-05,"Bacteria","Proteobacteria","Gammaproteobacteria","Vibrionales","Vibrionaceae","Vibrio"
"OTU_521","Bin10",1.32657429102449e-05,"Bacteria","Spirochaetota","Spirochaetia","Spirochaetales","Spirochaetaceae","uncultured"
"OTU_520","Bin93",3.22843682456246e-05,"Bacteria","Firmicutes","Bacilli","Exiguobacterales","Exiguobacteraceae","Exiguobacterium"
"OTU_517","Bin74",2.38958854056059e-05,"Bacteria","Proteobacteria","Gammaproteobacteria","Vibrionales","Vibrionaceae","Vibrio"
"OTU_525","Bin8",5.01232651833568e-06,"Bacteria","Spirochaetota","Spirochaetia","Spirochaetales","Spirochaetaceae","Spirochaeta"
"OTU_524","Bin76",5.20370447909949e-06,"Bacteria","Proteobacteria","Gammaproteobacteria","HOC36","uncultured__bacterium","uncultured__bacterium"
"OTU_531","Bin9",3.76463533126271e-05,"Bacteria","Spirochaetota","Spirochaetia","Spirochaetales","Spirochaetaceae","Sphaerochaeta"
"OTU_529","Bin9",0.00034451949694106,"Bacteria","Spirochaetota","Spirochaetia","Spirochaetales","Spirochaetaceae","Sphaerochaeta"
"OTU_530","Bin10",2.77559533079248e-06,"Bacteria","Spirochaetota","Spirochaetia","Spirochaetales","Spirochaetaceae","Sediminispirochaeta"
"OTU_527","Bin8",3.7836722015211e-06,"Bacteria","Spirochaetota","Spirochaetia","Spirochaetales","Spirochaetaceae","Sediminispirochaeta"
"OTU_523","Bin93",2.97739750825255e-05,"Bacteria","Firmicutes","Bacilli","Bacillales","Bacillaceae","Bacillus"
"OTU_526","Bin69",1.04861139672751e-05,"Bacteria","Zixibacteria","uncultured__bacterium","uncultured__bacterium","uncultured__bacterium","uncultured__bacterium"
"OTU_533","Bin75",9.57419971915251e-06,"Bacteria","Proteobacteria","Gammaproteobacteria","Vibrionales","Vibrionaceae","Vibrio"
"OTU_536","Bin74",2.78993604901964e-05,"Bacteria","Proteobacteria","Gammaproteobacteria","Vibrionales","Vibrionaceae","Vibrio"
"OTU_528","Bin75",1.02042616371655e-05,"Bacteria","Proteobacteria","Gammaproteobacteria","Vibrionales","Vibrionaceae","Catenococcus"
"OTU_532","Bin73",5.32379126828629e-06,"Bacteria","Proteobacteria","Gammaproteobacteria","Vibrionales","Vibrionaceae","Vibrio"
"OTU_535","Bin74",0.000129457410367868,"Bacteria","Proteobacteria","Gammaproteobacteria","Vibrionales","Vibrionaceae","Vibrio"
"OTU_537","Bin74",1.51968655440122e-05,"Bacteria","Proteobacteria","Gammaproteobacteria","Vibrionales","Vibrionaceae","Vibrio"
"OTU_539","Bin75",0.000196413407387474,"Bacteria","Proteobacteria","Gammaproteobacteria","Vibrionales","Vibrionaceae","Vibrio"
"OTU_538","Bin74",1.36473018035913e-05,"Bacteria","Proteobacteria","Gammaproteobacteria","Vibrionales","Vibrionaceae","Vibrio"
"OTU_540","Bin94",7.34605888022601e-06,"Bacteria","Firmicutes","Bacilli","Lactobacillales","Carnobacteriaceae","Trichococcus"
"OTU_541","Bin83",1.15105776791844e-05,"Bacteria","Desulfobacterota","Desulfobacteria","Desulfatiglandales","Desulfatiglandaceae","Desulfatiglans"
"OTU_542","Bin69",9.10005192746279e-06,"Bacteria","Zixibacteria","uncultured__candidate__division__TA06__bacterium","uncultured__bacterium","uncultured__bacterium","uncultured__bacterium"
"OTU_534","Bin72",9.22669768204656e-06,"Bacteria","Proteobacteria","Gammaproteobacteria","Vibrionales","Vibrionaceae","Vibrio"
"OTU_545","Bin81",1.17793129512555e-05,"Bacteria","Myxococcota","Polyangia","Polyangiales","Sandaracinaceae","uncultured"
"OTU_543","Bin8",4.64058609706249e-06,"Bacteria","Spirochaetota","Spirochaetia","Spirochaetales","Spirochaetaceae","Spirochaeta"
"OTU_546","Bin10",6.15815657272458e-06,"Bacteria","Spirochaetota","Spirochaetia","Spirochaetales","Spirochaetaceae","Treponema"
"OTU_547","Bin9",5.21864514230467e-06,"Bacteria","Spirochaetota","Spirochaetia","Spirochaetales","Spirochaetaceae","Sphaerochaeta"
"OTU_548","Bin10",6.15962183117632e-07,"Bacteria","Spirochaetota","Spirochaetia","Spirochaetales","Spirochaetaceae","Sphaerochaeta"
"OTU_544","Bin76",9.51293096695077e-06,"Bacteria","Proteobacteria","Gammaproteobacteria","Xanthomonadales","Xanthomonadaceae","Arenimonas"
"OTU_550","Bin4",6.76336353714675e-06,"Bacteria","Cloacimonadota","Cloacimonadia","Cloacimonadales","MSBL8","uncultured__bacterium"
"OTU_552","Bin7",8.44435275070217e-06,"Bacteria","Spirochaetota","Spirochaetia","Spirochaetales","Spirochaetaceae","Sphaerochaeta"
"OTU_549","Bin9",7.2527838867483e-06,"Bacteria","Spirochaetota","Spirochaetia","Spirochaetales","Spirochaetaceae","Sphaerochaeta"
"OTU_553","Bin75",7.18385584054142e-06,"Bacteria","Proteobacteria","Gammaproteobacteria","Vibrionales","Vibrionaceae","Vibrio"
"OTU_556","Bin72",5.35330579086912e-06,"Bacteria","Proteobacteria","Gammaproteobacteria","Vibrionales","Vibrionaceae","Vibrio"
"OTU_551","Bin76",5.36529010773314e-06,"Bacteria","Proteobacteria","Gammaproteobacteria","Xanthomonadales","Xanthomonadaceae","Arenimonas"
"OTU_559","Bin125",3.46981277136342e-06,"Bacteria","Bacteroidota","Bacteroidia","Bacteroidales","Prolixibacteraceae","Sunxiuqinia"
"OTU_557","Bin75",4.29596660988664e-06,"Bacteria","Proteobacteria","Gammaproteobacteria","Vibrionales","Vibrionaceae","Vibrio"
"OTU_554","Bin74",0.000114773716681335,"Bacteria","Proteobacteria","Gammaproteobacteria","Vibrionales","Vibrionaceae","Vibrio"
"OTU_555","Bin75",4.21261724392015e-06,"Bacteria","Proteobacteria","Gammaproteobacteria","Vibrionales","Vibrionaceae","Vibrio"
"OTU_560","Bin72",0.000258203583188309,"Bacteria","Proteobacteria","Gammaproteobacteria","Vibrionales","Vibrionaceae","Vibrio"
"OTU_562","Bin9",1.90250109240868e-05,"Bacteria","Spirochaetota","Spirochaetia","Spirochaetales","Spirochaetaceae","Sphaerochaeta"
"OTU_558","Bin72",2.99168038833555e-05,"Bacteria","Proteobacteria","Gammaproteobacteria","Vibrionales","Vibrionaceae","Vibrio"
"OTU_563","Bin77",4.91928312445691e-06,"Bacteria","Proteobacteria","Alphaproteobacteria","Rhodospirillales","Rhodospirillaceae","Candidatus__Riegeria"
"OTU_564","Bin9",0.00200770527886031,"Bacteria","Spirochaetota","Spirochaetia","Spirochaetales","Spirochaetaceae","Sphaerochaeta"
"OTU_561","Bin72",6.84568478898858e-06,"Bacteria","Proteobacteria","Gammaproteobacteria","Vibrionales","Vibrionaceae","Vibrio"
"OTU_565","Bin71",4.45543707268747e-06,"Bacteria","Proteobacteria","Gammaproteobacteria","Alteromonadales","Shewanellaceae","Shewanella"
"OTU_568","Bin94",2.9057952988446e-06,"Bacteria","Firmicutes","Bacilli","Lactobacillales","Carnobacteriaceae","Trichococcus"
"OTU_566","Bin71",6.14754760704411e-06,"Bacteria","Proteobacteria","Gammaproteobacteria","Alteromonadales","Shewanellaceae","Shewanella"
"OTU_570","Bin81",1.53295964066849e-05,"Bacteria","Myxococcota","Polyangia","UASB-TL25","uncultured__bacterium","uncultured__bacterium"
"OTU_569","Bin92",6.51462112852323e-06,"Bacteria","Firmicutes","Bacilli","Haloplasmatales","Haloplasmataceae","Haloplasma"
"OTU_567","Bin71",1.79752540528301e-06,"Bacteria","Proteobacteria","Gammaproteobacteria","Thiomicrospirales","Thiomicrospiraceae","Thiomicrorhabdus"
"OTU_573","Bin24",1.30390626238005e-05,"Bacteria","Verrucomicrobiota","Chlamydiae","Chlamydiales","Parachlamydiaceae","Neochlamydia"
"OTU_575","Bin25",6.69268314001043e-06,"Bacteria","Latescibacterota","uncultured__bacterium","uncultured__bacterium","uncultured__bacterium","uncultured__bacterium"
"OTU_572","Bin122",0.00151710483845508,"Bacteria","Firmicutes","Desulfitobacteriia","Desulfitobacteriales","uncultured","uncultured__Firmicutes__bacterium"
"OTU_571","Bin83",5.03780416290103e-06,"Bacteria","Desulfobacterota","Desulfobacteria","Desulfatiglandales","Desulfatiglandaceae","Desulfatiglans"
"OTU_576","Bin69",6.44654408562799e-06,"Bacteria","Actinobacteriota","WCHB1-81","uncultured__bacterium","uncultured__bacterium","uncultured__bacterium"
"OTU_574","Bin71",1.91028718551854e-05,"Bacteria","Proteobacteria","Gammaproteobacteria","Chromatiales","Chromatiaceae","Thiohalocapsa"
"OTU_577","Bin27",8.51827510559834e-06,"Bacteria","Actinobacteriota","Thermoleophilia","Solirubrobacterales","67-14","metagenome"
"OTU_578","Bin24",2.04377795550539e-06,"Bacteria","Verrucomicrobiota","Chlamydiae","LD1-PA32","uncultured__sediment__bacterium","uncultured__bacterium"
"OTU_579","Bin72",5.21049917179044e-06,"Bacteria","Proteobacteria","Gammaproteobacteria","Vibrionales","Vibrionaceae","Photobacterium"
"OTU_584","Bin80",8.22576882575895e-06,"Bacteria","Hydrogenedentes","Hydrogenedentia","Hydrogenedentiales","Hydrogenedensaceae","uncultured__bacterium"
"OTU_582","Bin76",1.10289284227979e-05,"Bacteria","Proteobacteria","Gammaproteobacteria","Burkholderiales","Rhodocyclaceae","Dechloromonas"
"OTU_583","Bin71",5.8081356398397e-06,"Bacteria","Proteobacteria","Gammaproteobacteria","Coxiellales","Coxiellaceae","Coxiella"
"OTU_585","Bin10",7.24502824898167e-06,"Bacteria","Spirochaetota","Spirochaetia","Spirochaetales","Spirochaetaceae","uncultured"
"OTU_581","Bin69",7.44432770526245e-06,"Bacteria","Zixibacteria","uncultured__bacterium","uncultured__bacterium","uncultured__bacterium","uncultured__bacterium"
"OTU_587","Bin24",4.25959938851829e-06,"Bacteria","Verrucomicrobiota","Verrucomicrobiae","Verrucomicrobiales","Rubritaleaceae","Haloferula"
"OTU_586","Bin72",3.45457738056854e-06,"Bacteria","Proteobacteria","Gammaproteobacteria","Vibrionales","Vibrionaceae","Photobacterium"
"OTU_589","Bin8",2.85960095768922e-06,"Bacteria","Spirochaetota","Spirochaetia","Spirochaetales","Spirochaetaceae","Sediminispirochaeta"
"OTU_580","Bin76",4.43759012982722e-06,"Bacteria","Proteobacteria","Gammaproteobacteria","Xanthomonadales","Xanthomonadaceae","Thermomonas"
"OTU_588","Bin69",4.63491581436164e-06,"Bacteria","Zixibacteria","uncultured__bacterium","uncultured__bacterium","uncultured__bacterium","uncultured__bacterium"
"OTU_593","Bin8",1.79384228758476e-06,"Bacteria","Spirochaetota","Spirochaetia","Spirochaetales","Spirochaetaceae","Sphaerochaeta"
"OTU_591","Bin8",6.01888267643852e-06,"Bacteria","Spirochaetota","Spirochaetia","Spirochaetales","Spirochaetaceae","Sphaerochaeta"
"OTU_592","Bin8",1.00187574056634e-06,"Bacteria","Spirochaetota","Spirochaetia","Spirochaetales","Spirochaetaceae","Sediminispirochaeta"
"OTU_590","Bin124",4.48550578134459e-06,"Bacteria","Bacteroidota","Bacteroidia","Bacteroidales","Prolixibacteraceae","Draconibacterium"
"OTU_598","Bin85",7.62378606334087e-07,"Bacteria","Desulfobacterota","Desulfuromonadia","PB19","uncultured__bacterium","uncultured__bacterium"
"OTU_597","Bin70",2.76739274761052e-06,"Bacteria","Calditrichota","Calditrichia","Calditrichales","Calditrichaceae","Caldithrix"
"OTU_594","Bin7",2.35341727845156e-06,"Bacteria","Spirochaetota","Spirochaetia","Spirochaetales","Spirochaetaceae","Sphaerochaeta"
"OTU_599","Bin123",4.22055302045028e-06,"Bacteria","Firmicutes","Desulfitobacteriia","Desulfitobacteriales","uncultured","uncultured__bacterium"
"OTU_595","Bin4",2.22395170444608e-06,"Bacteria","Cloacimonadota","Cloacimonadia","Cloacimonadales","MSBL8","uncultured__bacterium"
"OTU_600","Bin9",2.32515387554772e-05,"Bacteria","Spirochaetota","Spirochaetia","Spirochaetales","Spirochaetaceae","Sphaerochaeta"
"OTU_602","Bin75",7.52569243933346e-06,"Bacteria","Proteobacteria","Gammaproteobacteria","Vibrionales","Vibrionaceae","Vibrio"
"OTU_596","Bin109",2.9972577230577e-06,"Bacteria","Firmicutes","Clostridia","Peptostreptococcales-Tissierellales","livecontrolB21","uncultured__bacterium"
"OTU_601","Bin72",1.14107371194337e-05,"Bacteria","Proteobacteria","Gammaproteobacteria","Vibrionales","Vibrionaceae","Vibrio"
"OTU_603","Bin73",2.22725936818967e-05,"Bacteria","Proteobacteria","Gammaproteobacteria","Vibrionales","Vibrionaceae","Vibrio"
"OTU_605","Bin75",2.08056806880794e-05,"Bacteria","Proteobacteria","Gammaproteobacteria","Vibrionales","Vibrionaceae","Vibrio"
"OTU_608","Bin74",0.000339685927285389,"Bacteria","Proteobacteria","Gammaproteobacteria","Vibrionales","Vibrionaceae","Vibrio"
"OTU_604","Bin75",5.06066170596126e-05,"Bacteria","Proteobacteria","Gammaproteobacteria","Vibrionales","Vibrionaceae","Vibrio"
"OTU_611","Bin91",2.29902649875174e-06,"Bacteria","Firmicutes","Bacilli","Erysipelotrichales","Erysipelotrichaceae","Faecalibaculum"
"OTU_609","Bin74",1.30857180393009e-05,"Bacteria","Proteobacteria","Gammaproteobacteria","Vibrionales","Vibrionaceae","Vibrio"
"OTU_610","Bin77",3.28164125710172e-05,"Bacteria","Proteobacteria","Alphaproteobacteria","Rhodospirillales","Rhodospirillaceae","Candidatus__Riegeria"
"OTU_606","Bin75",1.33938922892131e-05,"Bacteria","Proteobacteria","Gammaproteobacteria","Vibrionales","Vibrionaceae","Vibrio"
"OTU_607","Bin72",1.65409219967392e-05,"Bacteria","Proteobacteria","Gammaproteobacteria","Vibrionales","Vibrionaceae","Vibrio"
"OTU_612","Bin100",7.27919502716602e-06,"Bacteria","Fusobacteriota","Fusobacteriia","Fusobacteriales","Fusobacteriaceae","Fusobacterium"
"OTU_613","Bin9",5.2178635697823e-06,"Bacteria","Spirochaetota","Spirochaetia","Spirochaetales","Spirochaetaceae","Sphaerochaeta"
"OTU_614","Bin117",1.10342239867124e-05,"Bacteria","Firmicutes","Clostridia","Peptostreptococcales-Tissierellales","Fusibacteraceae","Fusibacter"
"OTU_618","Bin71",4.71969422085984e-06,"Bacteria","Proteobacteria","Gammaproteobacteria","Enterobacterales","Enterobacteriaceae","Enterobacter"
"OTU_616","Bin73",8.83786415817667e-05,"Bacteria","Proteobacteria","Gammaproteobacteria","Vibrionales","Vibrionaceae","Vibrio"
"OTU_619","Bin71",1.05840159334525e-05,"Bacteria","Proteobacteria","Gammaproteobacteria","Enterobacterales","Enterobacteriaceae","Raoultella"
"OTU_617","Bin71",7.15310492956999e-06,"Bacteria","Proteobacteria","Gammaproteobacteria","Alteromonadales","Shewanellaceae","Shewanella"
"OTU_620","Bin75",0.000530235394745843,"Bacteria","Proteobacteria","Gammaproteobacteria","Vibrionales","Vibrionaceae","Vibrio"
"OTU_621","Bin125",3.31268742872734e-06,"Bacteria","Bacteroidota","Bacteroidia","Bacteroidales","Prolixibacteraceae","Sunxiuqinia"
"OTU_615","Bin94",1.3865922381862e-06,"Bacteria","Firmicutes","Bacilli","Staphylococcales","Staphylococcaceae","Jeotgalicoccus"
"OTU_623","Bin76",8.15688628811101e-07,"Bacteria","Proteobacteria","Gammaproteobacteria","Burkholderiales","Rhodocyclaceae","Azospira"
"OTU_629","Bin10",2.83263352809193e-06,"Bacteria","Spirochaetota","Spirochaetia","Spirochaetales","Spirochaetaceae","Sediminispirochaeta"
"OTU_622","Bin76",4.59438573417704e-06,"Bacteria","Proteobacteria","Gammaproteobacteria","Burkholderiales","Burkholderiaceae","Ralstonia"
"OTU_627","Bin94",4.88474989136488e-06,"Bacteria","Firmicutes","Bacilli","Lactobacillales","Carnobacteriaceae","Trichococcus"
"OTU_625","Bin71",6.69743945919182e-06,"Bacteria","Proteobacteria","Gammaproteobacteria","Alteromonadales","Shewanellaceae","Shewanella"
"OTU_624","Bin93",1.98573388992879e-05,"Bacteria","Firmicutes","Bacilli","Bacillales","Bacillaceae","Bacillus"
"OTU_630","Bin71",2.820173134403e-06,"Bacteria","Proteobacteria","Gammaproteobacteria","Cellvibrionales","Halieaceae","Halioglobus"
"OTU_628","Bin10",1.8193941035023e-06,"Bacteria","Spirochaetota","Spirochaetia","Spirochaetales","Spirochaetaceae","Sediminispirochaeta"
"OTU_626","Bin93",6.09577189133921e-07,"Bacteria","Firmicutes","Bacilli","Exiguobacterales","Exiguobacteraceae","Exiguobacterium"
"OTU_631","Bin69",6.70415030653713e-06,"Bacteria","Actinobacteriota","WCHB1-81","uncultured__actinobacterium","uncultured__bacterium","uncultured__bacterium"
"OTU_632","Bin27",3.42261705930288e-06,"Bacteria","Actinobacteriota","Thermoleophilia","Solirubrobacterales","67-14","uncultured__bacterium"
"OTU_633","Bin76",1.80760172052451e-06,"Bacteria","Proteobacteria","Gammaproteobacteria","Burkholderiales","Comamonadaceae","Simplicispira"
"OTU_635","Bin24",8.70496644253271e-06,"Bacteria","Verrucomicrobiota","Verrucomicrobiae","Verrucomicrobiales","Rubritaleaceae","Luteolibacter"
"OTU_634","Bin71",4.67370571836229e-06,"Bacteria","Proteobacteria","Gammaproteobacteria","Oceanospirillales","Halomonadaceae","Halomonas"
"OTU_636","Bin69",6.46378705988318e-06,"Bacteria","Zixibacteria","uncultured__bacterium","uncultured__bacterium","uncultured__bacterium","uncultured__bacterium"
"OTU_638","Bin69",1.41096433325181e-05,"Bacteria","Zixibacteria","uncultured__bacterium","uncultured__bacterium","uncultured__bacterium","uncultured__bacterium"
"OTU_639","Bin76",1.20184882109215e-06,"Bacteria","Proteobacteria","Gammaproteobacteria","Halothiobacillales","Halothiobacillaceae","uncultured"
"OTU_641","Bin76",3.25042387279939e-06,"Bacteria","Proteobacteria","Gammaproteobacteria","Burkholderiales","Rhodocyclaceae","Thauera"
"OTU_637","Bin10",6.59599053437952e-06,"Bacteria","Spirochaetota","Spirochaetia","Spirochaetales","Spirochaetaceae","Spirochaeta"
"OTU_642","Bin76",3.79888719407971e-06,"Bacteria","Proteobacteria","Gammaproteobacteria","Xanthomonadales","Xanthomonadaceae","Lysobacter"
"OTU_643","Bin94",2.49122182225019e-06,"Bacteria","Firmicutes","Bacilli","Lactobacillales","Lactobacillaceae","Lactobacillus"
"OTU_644","Bin94",9.77958805024628e-07,"Bacteria","Firmicutes","Bacilli","Lactobacillales","Lactobacillaceae","Lactobacillus"
"OTU_645","Bin25",3.44719990848485e-06,"Bacteria","Latescibacterota","uncultured__bacterium","uncultured__bacterium","uncultured__bacterium","uncultured__bacterium"
"OTU_649","Bin27",1.7516978549232e-05,"Bacteria","Actinobacteriota","Thermoleophilia","Solirubrobacterales","67-14","uncultured__Rubrobacteraceae__bacterium"
"OTU_647","Bin93",1.55039976354143e-05,"Bacteria","Firmicutes","Bacilli","Bacillales","Planococcaceae","Sporosarcina"
"OTU_640","Bin24",1.60534764448936e-05,"Bacteria","Verrucomicrobiota","Verrucomicrobiae","Verrucomicrobiales","Rubritaleaceae","uncultured"
"OTU_650","Bin83",8.74527988504792e-06,"Bacteria","MBNT15","uncultured__delta__proteobacterium","uncultured__bacterium","uncultured__bacterium","uncultured__bacterium"
"OTU_646","Bin94",3.92285042064881e-06,"Bacteria","Firmicutes","Bacilli","Lactobacillales","Aerococcaceae","Aerococcus"
"OTU_648","Bin76",1.97578878620741e-06,"Bacteria","Proteobacteria","Gammaproteobacteria","Xanthomonadales","Xanthomonadaceae","Thermomonas"
"OTU_651","Bin83",4.57054312955453e-06,"Bacteria","Desulfobacterota","Desulfobacteria","Desulfatiglandales","Desulfatiglandaceae","Desulfatiglans"
"OTU_654","Bin76",2.0082386605693e-06,"Bacteria","Proteobacteria","Gammaproteobacteria","Burkholderiales","Burkholderiaceae","Lautropia"
"OTU_652","Bin69",8.21993555925768e-06,"Bacteria","Zixibacteria","uncultured__organism","uncultured__bacterium","uncultured__bacterium","uncultured__bacterium"
"OTU_653","Bin76",9.88702297842864e-07,"Bacteria","Proteobacteria","Gammaproteobacteria","Burkholderiales","Comamonadaceae","Aquabacterium"
"OTU_655","Bin94",2.4627941090256e-06,"Bacteria","Firmicutes","Bacilli","Lactobacillales","Leuconostocaceae","Weissella"
"OTU_657","Bin76",5.38375237040569e-06,"Bacteria","Proteobacteria","Gammaproteobacteria","Burkholderiales","SC-I-84","uncultured__bacterium"
"OTU_656","Bin27",1.24299479088962e-05,"Bacteria","Actinobacteriota","Thermoleophilia","Solirubrobacterales","67-14","uncultured__bacterium"
"OTU_658","Bin86",2.45080212559121e-06,"Bacteria","Acidobacteriota","Holophagae","Acanthopleuribacterales","Acanthopleuribacteraceae","Acanthopleuribacter"
"OTU_659","Bin71",2.42131690842593e-06,"Bacteria","Proteobacteria","Gammaproteobacteria","Oceanospirillales","Alcanivoracaceae1","Alcanivorax"
"OTU_660","Bin83",5.24397839447775e-06,"Bacteria","Desulfobacterota","Desulfobacteria","Desulfatiglandales","Desulfatiglandaceae","Desulfatiglans"
"OTU_661","Bin107",8.30518898214166e-06,"Bacteria","Firmicutes","Clostridia","Peptostreptococcales-Tissierellales","uncultured","marine__sediment__metagenome"
"OTU_662","Bin76",9.09064963934693e-06,"Bacteria","Proteobacteria","Gammaproteobacteria","Gammaproteobacteria__Incertae__Sedis","Unknown__Family","uncultured"
"OTU_666","Bin24",1.8154319018769e-06,"Bacteria","Verrucomicrobiota","Chlamydiae","LD1-PA32","uncultured__organism","uncultured__bacterium"
"OTU_664","Bin27",3.45790848136886e-06,"Bacteria","Actinobacteriota","Thermoleophilia","Solirubrobacterales","67-14","uncultured__actinobacterium"
"OTU_663","Bin92",1.24045478780312e-06,"Bacteria","Firmicutes","Bacilli","Izemoplasmatales","uncultured__bacterium","uncultured__bacterium"
"OTU_668","Bin80",2.24537608668434e-06,"Bacteria","SAR324__clade(Marine__group__B)","uncultured__bacterium","uncultured__bacterium","uncultured__bacterium","uncultured__bacterium"
"OTU_665","Bin69",4.86277426526681e-06,"Bacteria","Actinobacteriota","WCHB1-81","uncultured__bacterium","uncultured__bacterium","uncultured__bacterium"
"OTU_667","Bin9",2.62168260999284e-06,"Bacteria","Spirochaetota","Spirochaetia","Spirochaetales","Spirochaetaceae","Sediminispirochaeta"
"OTU_670","Bin80",1.82807696460896e-06,"Bacteria","Firmicutes","Bacilli","Izemoplasmatales","Izemoplasmataceae","bacterium"
"OTU_669","Bin9",2.99803082132589e-06,"Bacteria","Spirochaetota","Spirochaetia","Spirochaetales","Spirochaetaceae","Sphaerochaeta"
"OTU_672","Bin92",0.000213103055998121,"Bacteria","Firmicutes","Bacilli","Izemoplasmatales","Izemoplasmataceae","uncultured__bacterium"
"OTU_671","Bin108",3.97955935410148e-06,"Bacteria","Firmicutes","Clostridia","Peptostreptococcales-Tissierellales","JTB215","bacterium__enrichment__culture__clone__AOM-SR-B4"
"OTU_675","Bin124",5.66540069957138e-06,"Bacteria","Bacteroidota","Bacteroidia","Sphingobacteriales","Lentimicrobiaceae","uncultured__bacterium"
"OTU_674","Bin71",6.12336675754261e-07,"Bacteria","Proteobacteria","Gammaproteobacteria","Thiomicrospirales","Thiomicrospiraceae","Thiomicrorhabdus"
"OTU_677","Bin1",3.0277218352787e-06,"Bacteria","Cloacimonadota","Cloacimonadia","Cloacimonadales","Cloacimonadaceae","Candidatus__Cloacimonas"
"OTU_678","Bin123",2.62182085235012e-06,"Bacteria","Firmicutes","Desulfitobacteriia","Desulfitobacteriales","uncultured","uncultured__bacterium"
"OTU_679","Bin124",2.20872933107543e-06,"Bacteria","Spirochaetota","Spirochaetia","Spirochaetales","Spirochaetaceae","Spirochaeta"
"OTU_676","Bin117",1.03572478035874e-06,"Bacteria","Firmicutes","Clostridia","Peptostreptococcales-Tissierellales","Fusibacteraceae","Fusibacter"
"OTU_680","Bin22",5.79751791605098e-06,"Bacteria","Thermotogota","Thermotogae","Petrotogales","Petrotogaceae","SC103"
"OTU_681","Bin4",2.59016516390148e-06,"Bacteria","Cloacimonadota","Cloacimonadia","Cloacimonadales","MSBL8","uncultured__bacterium"
"OTU_673","Bin110",5.84780997203754e-06,"Bacteria","Firmicutes","Clostridia","Peptostreptococcales-Tissierellales","GoM-GC232-4463-Bac1","uncultured__bacterium"
"OTU_685","Bin8",9.63264066283232e-06,"Bacteria","Spirochaetota","Spirochaetia","Spirochaetales","Spirochaetaceae","Sphaerochaeta"
"OTU_682","Bin70",1.02326541483076e-05,"Bacteria","Dependentiae","Babeliae","Babeliales","uncultured__bacterium","uncultured__bacterium"
"OTU_683","Bin110",6.26508526201759e-06,"Bacteria","Firmicutes","Clostridia","Peptostreptococcales-Tissierellales","GoM-GC232-4463-Bac1","uncultured__bacterium"
"OTU_684","Bin8",5.38621772755753e-06,"Bacteria","Spirochaetota","Spirochaetia","Spirochaetales","Spirochaetaceae","Sediminispirochaeta"
"OTU_686","Bin8",6.32376426582407e-06,"Bacteria","Spirochaetota","Spirochaetia","Spirochaetales","Spirochaetaceae","Sphaerochaeta"
"OTU_690","Bin8",1.20099750599771e-06,"Bacteria","Spirochaetota","Spirochaetia","Spirochaetales","Spirochaetaceae","Sphaerochaeta"
"OTU_687","Bin68",5.93878544925973e-06,"Bacteria","Cyanobacteria","Vampirivibrionia","Gastranaerophilales","uncultured__bacterium","uncultured__bacterium"
"OTU_692","Bin22",4.81570886943702e-06,"Bacteria","Thermotogota","Thermotogae","Petrotogales","Petrotogaceae","SC103"
"OTU_688","Bin86",4.47272540738242e-06,"Bacteria","Acidobacteriota","d142","uncultured__organism","uncultured__bacterium","uncultured__bacterium"
"OTU_689","Bin68",4.80288520271348e-06,"Bacteria","Firmicutes","Bacilli","Izemoplasmatales","Izemoplasmataceae","bacterium__enrichment__culture__clone__R4-81B"
"OTU_693","Bin10",3.80371009439858e-07,"Bacteria","Spirochaetota","Spirochaetia","Spirochaetales","Spirochaetaceae","Sediminispirochaeta"
"OTU_694","Bin124",6.81865591879493e-06,"Bacteria","Bacteroidota","Bacteroidia","Bacteroidales","Prolixibacteraceae","Draconibacterium"
"OTU_695","Bin95",6.95309943808536e-06,"Bacteria","Firmicutes","Clostridia","Clostridia__vadinBB60__group","uncultured__bacterium","uncultured__bacterium"
"OTU_699","Bin8",6.58927223234937e-06,"Bacteria","Spirochaetota","Spirochaetia","Spirochaetales","Spirochaetaceae","Sphaerochaeta"
"OTU_697","Bin11",4.44973494246406e-06,"Bacteria","Fermentibacterota","Fermentibacteria","Fermentibacterales","Fermentibacteraceae","uncultured__bacterium"
"OTU_701","Bin76",1.56911955752712e-06,"Bacteria","Proteobacteria","Gammaproteobacteria","Burkholderiales","Burkholderiaceae","Burkholderia-Caballeronia-Paraburkholderia"
"OTU_698","Bin12",4.244360126726e-06,"Bacteria","Firmicutes","Bacilli","Izemoplasmatales","Izemoplasmataceae","bacterium"
"OTU_700","Bin93",8.1518783365926e-06,"Bacteria","Firmicutes","Bacilli","Bacillales","Bacillaceae","Bacillus"
"OTU_705","Bin9",1.18762261778766e-05,"Bacteria","Spirochaetota","Spirochaetia","Spirochaetales","Spirochaetaceae","Sphaerochaeta"
"OTU_691","Bin76",2.17329348739323e-06,"Bacteria","Proteobacteria","Gammaproteobacteria","Xanthomonadales","Xanthomonadaceae","Arenimonas"
"OTU_696","Bin124",7.58946908765154e-06,"Bacteria","Firmicutes","Bacilli","Izemoplasmatales","Izemoplasmataceae","bacterium"
"OTU_702","Bin103",3.18986466495292e-06,"Bacteria","Firmicutes","Clostridia","Peptostreptococcales-Tissierellales","Dethiosulfatibacteraceae","Dethiosulfatibacter"
"OTU_704","Bin8",2.41900757585137e-06,"Bacteria","Spirochaetota","Spirochaetia","Spirochaetales","Spirochaetaceae","Sphaerochaeta"
"OTU_707","Bin68",2.76980516435714e-06,"Bacteria","Cyanobacteria","Vampirivibrionia","Gastranaerophilales","uncultured__bacterium","uncultured__bacterium"
"OTU_703","Bin8",8.15115547470182e-06,"Bacteria","Spirochaetota","Spirochaetia","Spirochaetales","Spirochaetaceae","Sphaerochaeta"
"OTU_706","Bin8",8.88725723697369e-06,"Bacteria","Spirochaetota","Spirochaetia","Spirochaetales","Spirochaetaceae","Sphaerochaeta"
"OTU_708","Bin8",7.95277074814455e-07,"Bacteria","Spirochaetota","Spirochaetia","Spirochaetales","Spirochaetaceae","Sediminispirochaeta"
"OTU_710","Bin110",8.87103730023292e-06,"Bacteria","Marinimicrobia__(SAR406__clade)","uncultured__eubacterium__AB16","uncultured__bacterium","uncultured__bacterium","uncultured__bacterium"
"OTU_709","Bin93",4.42884943954636e-06,"Bacteria","Firmicutes","Bacilli","Bacillales","Bacillaceae","Bacillus"
"OTU_711","Bin124",2.80198472626568e-06,"Bacteria","Firmicutes","Bacilli","Izemoplasmatales","Izemoplasmataceae","bacterium__enrichment__culture__clone__R4-81B"
"OTU_712","Bin7",1.38901511558521e-06,"Bacteria","Spirochaetota","Spirochaetia","Spirochaetales","Spirochaetaceae","Sphaerochaeta"
"OTU_714","Bin9",3.77861896714739e-06,"Bacteria","Spirochaetota","Spirochaetia","Spirochaetales","Spirochaetaceae","Sphaerochaeta"
"OTU_719","Bin9",2.59374872688503e-06,"Bacteria","Spirochaetota","Spirochaetia","Spirochaetales","Spirochaetaceae","Sphaerochaeta"
"OTU_717","Bin11",3.55463191265957e-06,"Bacteria","Fermentibacterota","Fermentibacteria","Fermentibacterales","Fermentibacteraceae","uncultured__bacterium"
"OTU_720","Bin92",1.42320117142393e-06,"Bacteria","Firmicutes","Bacilli","Izemoplasmatales","Izemoplasmataceae","uncultured__bacterium"
"OTU_723","Bin10",5.84961497919105e-07,"Bacteria","Spirochaetota","Spirochaetia","Spirochaetales","Spirochaetaceae","Sediminispirochaeta"
"OTU_713","Bin68",3.60498177121615e-06,"Bacteria","Cyanobacteria","Vampirivibrionia","Gastranaerophilales","uncultured__bacterium","uncultured__bacterium"
"OTU_722","Bin10",1.77198037632622e-06,"Bacteria","Spirochaetota","Spirochaetia","Spirochaetales","Spirochaetaceae","Sphaerochaeta"
"OTU_718","Bin70",2.38816265616862e-06,"Bacteria","Marinimicrobia__(SAR406__clade)","uncultured__organism","uncultured__bacterium","uncultured__bacterium","uncultured__bacterium"
"OTU_724","Bin94",5.67462161125242e-07,"Bacteria","Firmicutes","Bacilli","Lactobacillales","Lactobacillaceae","Lactobacillus"
"OTU_716","Bin8",1.98672755801562e-06,"Bacteria","Spirochaetota","Spirochaetia","Spirochaetales","Spirochaetaceae","Sediminispirochaeta"
"OTU_715","Bin92",1.38209096876123e-06,"Bacteria","Firmicutes","Bacilli","Izemoplasmatales","Izemoplasmataceae","bacterium__enrichment__culture__clone__R4-81B"
"OTU_725","Bin94",2.57761157083194e-06,"Bacteria","Firmicutes","Bacilli","Lactobacillales","Lactobacillaceae","Lactobacillus"
"OTU_727","Bin118",2.38959886066986e-06,"Bacteria","Firmicutes","Clostridia","Peptostreptococcales-Tissierellales","Guggenheimella","Tindallia__sp.__Mic8c12"
"OTU_721","Bin8",3.42403522603126e-06,"Bacteria","Spirochaetota","Spirochaetia","Spirochaetales","Spirochaetaceae","Sphaerochaeta"
"OTU_728","Bin8",7.74790513655127e-06,"Bacteria","Spirochaetota","Spirochaetia","Spirochaetales","Spirochaetaceae","Sphaerochaeta"
"OTU_729","Bin94",1.98704090630742e-06,"Bacteria","Firmicutes","Bacilli","Lactobacillales","Carnobacteriaceae","Alkalibacterium"
"OTU_726","Bin76",1.19143115892536e-06,"Bacteria","Proteobacteria","Gammaproteobacteria","Xanthomonadales","Xanthomonadaceae","Lysobacter"
"OTU_730","Bin76",3.33905592637873e-06,"Bacteria","Proteobacteria","Gammaproteobacteria","Burkholderiales","Comamonadaceae","Pelomonas"
"OTU_731","Bin15",7.99461945224697e-07,"Bacteria","Chloroflexi","Anaerolineae","RBG-13-54-9","uncultured__bacterium","uncultured__bacterium"
"OTU_734","Bin8",4.36396412740151e-06,"Bacteria","Spirochaetota","Spirochaetia","Spirochaetales","Spirochaetaceae","Sphaerochaeta"
"OTU_733","Bin73",0.000142916612862374,"Bacteria","Proteobacteria","Gammaproteobacteria","Vibrionales","Vibrionaceae","Vibrio"
"OTU_736","Bin123",4.06179777532534e-06,"Bacteria","Firmicutes","Desulfitobacteriia","Desulfitobacteriales","uncultured","uncultured__bacterium"
"OTU_732","Bin8",3.59282935516935e-06,"Bacteria","Spirochaetota","Spirochaetia","Spirochaetales","Spirochaetaceae","Sediminispirochaeta"
"OTU_737","Bin75",1.06451216250976e-05,"Bacteria","Proteobacteria","Gammaproteobacteria","Vibrionales","Vibrionaceae","Vibrio"
"OTU_739","Bin77",1.43021952563444e-06,"Bacteria","Proteobacteria","Alphaproteobacteria","Rhodospirillales","Rhodospirillaceae","Candidatus__Riegeria"
"OTU_735","Bin71",7.64027394422826e-06,"Bacteria","Proteobacteria","Gammaproteobacteria","Oceanospirillales","Nitrincolaceae","Marinobacterium"
"OTU_740","Bin74",5.71099843081018e-05,"Bacteria","Proteobacteria","Gammaproteobacteria","Vibrionales","Vibrionaceae","Vibrio"
"OTU_742","Bin74",4.09735173257359e-06,"Bacteria","Proteobacteria","Gammaproteobacteria","Vibrionales","Vibrionaceae","Vibrio"
"OTU_741","Bin75",6.43368981000716e-05,"Bacteria","Proteobacteria","Gammaproteobacteria","Vibrionales","Vibrionaceae","Vibrio"
"OTU_745","Bin74",0.000189237166260983,"Bacteria","Proteobacteria","Gammaproteobacteria","Vibrionales","Vibrionaceae","Vibrio"
"OTU_738","Bin75",2.59008255266694e-06,"Bacteria","Proteobacteria","Gammaproteobacteria","Vibrionales","Vibrionaceae","Vibrio"
"OTU_746","Bin77",1.42624517211162e-06,"Bacteria","Proteobacteria","Gammaproteobacteria","Vibrionales","Vibrionaceae","Vibrio"
"OTU_744","Bin73",2.19421018733961e-06,"Bacteria","Proteobacteria","Gammaproteobacteria","Vibrionales","Vibrionaceae","Vibrio"
"OTU_743","Bin73",9.54586968963249e-06,"Bacteria","Proteobacteria","Gammaproteobacteria","Vibrionales","Vibrionaceae","Vibrio"
"OTU_749","Bin72",3.12380201993023e-06,"Bacteria","Proteobacteria","Gammaproteobacteria","Vibrionales","Vibrionaceae","Vibrio"
"OTU_748","Bin75",4.00998483969845e-06,"Bacteria","Proteobacteria","Gammaproteobacteria","Vibrionales","Vibrionaceae","Vibrio"
"OTU_747","Bin77",4.57211622255324e-06,"Bacteria","Proteobacteria","Gammaproteobacteria","Vibrionales","Vibrionaceae","Vibrio"
"OTU_752","Bin71",1.82708956820842e-06,"Bacteria","Proteobacteria","Gammaproteobacteria","Alteromonadales","Shewanellaceae","Ferrimonas"
"OTU_750","Bin72",3.63966440281845e-05,"Bacteria","Proteobacteria","Gammaproteobacteria","Vibrionales","Vibrionaceae","Vibrio"
"OTU_753","Bin77",9.95058840428302e-07,"Bacteria","Proteobacteria","Alphaproteobacteria","Rhizobiales","Rhizobiaceae","Aurantimonas"
"OTU_751","Bin72",2.1211422765657e-06,"Bacteria","Proteobacteria","Gammaproteobacteria","Vibrionales","Vibrionaceae","Vibrio"
"OTU_754","Bin9",4.56599713541801e-05,"Bacteria","Spirochaetota","Spirochaetia","Spirochaetales","Spirochaetaceae","Sphaerochaeta"
"OTU_755","Bin74",4.65893009850621e-06,"Bacteria","Proteobacteria","Gammaproteobacteria","Vibrionales","Vibrionaceae","Vibrio"
"OTU_756","Bin72",3.28850687752863e-06,"Bacteria","Proteobacteria","Gammaproteobacteria","Vibrionales","Vibrionaceae","Vibrio"
"OTU_757","Bin73",4.08529205980859e-05,"Bacteria","Proteobacteria","Gammaproteobacteria","Vibrionales","Vibrionaceae","Vibrio"
"OTU_758","Bin74",1.02062969458179e-05,"Bacteria","Proteobacteria","Gammaproteobacteria","Vibrionales","Vibrionaceae","Vibrio"
"OTU_759","Bin72",3.72579154245041e-06,"Bacteria","Proteobacteria","Gammaproteobacteria","Vibrionales","Vibrionaceae","Vibrio"
"OTU_760","Bin72",3.01090225167733e-06,"Bacteria","Proteobacteria","Gammaproteobacteria","Vibrionales","Vibrionaceae","Vibrio"
"OTU_761","Bin75",3.81566029356233e-06,"Bacteria","Proteobacteria","Gammaproteobacteria","Vibrionales","Vibrionaceae","Vibrio"
"OTU_763","Bin75",1.3669382632259e-05,"Bacteria","Proteobacteria","Gammaproteobacteria","Vibrionales","Vibrionaceae","Vibrio"
"OTU_767","Bin93",2.11880825504477e-05,"Bacteria","Firmicutes","Bacilli","Exiguobacterales","Exiguobacteraceae","Exiguobacterium"
"OTU_762","Bin75",2.84635237056623e-06,"Bacteria","Proteobacteria","Gammaproteobacteria","Vibrionales","Vibrionaceae","Vibrio"
"OTU_764","Bin72",4.67649337338957e-06,"Bacteria","Proteobacteria","Gammaproteobacteria","Vibrionales","Vibrionaceae","Vibrio"
"OTU_765","Bin91",2.19578122484611e-06,"Bacteria","Firmicutes","Bacilli","Erysipelotrichales","Erysipelotrichaceae","Faecalibaculum"
"OTU_768","Bin71",3.238064046192e-05,"Bacteria","Proteobacteria","Gammaproteobacteria","Alteromonadales","Shewanellaceae","Shewanella"
"OTU_766","Bin93",4.12896327043221e-06,"Bacteria","Firmicutes","Bacilli","Exiguobacterales","Exiguobacteraceae","Exiguobacterium"
"OTU_769","Bin124",3.08436598681288e-06,"Bacteria","Bacteroidota","Bacteroidia","Bacteroidales","Bacteroidaceae","Bacteroides"
"OTU_770","Bin71",3.56024248801991e-06,"Bacteria","Proteobacteria","Gammaproteobacteria","Alteromonadales","Shewanellaceae","Shewanella"
"OTU_771","Bin72",1.23840817553737e-05,"Bacteria","Proteobacteria","Gammaproteobacteria","Vibrionales","Vibrionaceae","Photobacterium"
"OTU_775","Bin71",1.10151771239551e-05,"Bacteria","Proteobacteria","Gammaproteobacteria","Enterobacterales","Enterobacteriaceae","Citrobacter"
"OTU_777","Bin7",4.25447672068686e-06,"Bacteria","Spirochaetota","Spirochaetia","Spirochaetales","Spirochaetaceae","Sphaerochaeta"
"OTU_773","Bin71",9.87439165446198e-06,"Bacteria","Proteobacteria","Gammaproteobacteria","Alteromonadales","Shewanellaceae","Shewanella"
"OTU_776","Bin71",1.14923009786001e-05,"Bacteria","Proteobacteria","Gammaproteobacteria","Alteromonadales","Shewanellaceae","Shewanella"
"OTU_772","Bin72",8.76224305506112e-05,"Bacteria","Proteobacteria","Gammaproteobacteria","Vibrionales","Vibrionaceae","Vibrio"
"OTU_774","Bin71",5.50410278962458e-06,"Bacteria","Proteobacteria","Gammaproteobacteria","Alteromonadales","Shewanellaceae","Shewanella"
"OTU_783","Bin76",3.77904502267432e-06,"Bacteria","Proteobacteria","Gammaproteobacteria","Burkholderiales","Comamonadaceae","Aquabacterium"
"OTU_779","Bin71",8.90966207133081e-06,"Bacteria","Proteobacteria","Gammaproteobacteria","Alteromonadales","Shewanellaceae","Shewanella"
"OTU_778","Bin93",9.07264734787844e-06,"Bacteria","Firmicutes","Bacilli","Exiguobacterales","Exiguobacteraceae","Exiguobacterium"
"OTU_780","Bin93",2.545051750606e-06,"Bacteria","Firmicutes","Bacilli","Exiguobacterales","Exiguobacteraceae","Exiguobacterium"
"OTU_782","Bin71",3.08572868593031e-06,"Bacteria","Proteobacteria","Gammaproteobacteria","Alteromonadales","Shewanellaceae","Ferrimonas"
"OTU_781","Bin71",6.24983571011097e-05,"Bacteria","Proteobacteria","Gammaproteobacteria","Vibrionales","Vibrionaceae","Vibrio"
"OTU_784","Bin71",4.56462398057828e-06,"Bacteria","Proteobacteria","Gammaproteobacteria","Pseudomonadales","Pseudomonadaceae","Pseudomonas"
"OTU_786","Bin93",2.26841860225316e-06,"Bacteria","Firmicutes","Bacilli","Exiguobacterales","Exiguobacteraceae","Exiguobacterium"
"OTU_785","Bin75",9.81550260212572e-06,"Bacteria","Proteobacteria","Gammaproteobacteria","Vibrionales","Vibrionaceae","Vibrio"
"OTU_787","Bin72",4.23074384068411e-06,"Bacteria","Proteobacteria","Gammaproteobacteria","Vibrionales","Vibrionaceae","Vibrio"
"OTU_790","Bin93",2.65005964568449e-06,"Bacteria","Firmicutes","Bacilli","Exiguobacterales","Exiguobacteraceae","Exiguobacterium"
"OTU_789","Bin24",5.20221693552859e-06,"Bacteria","Verrucomicrobiota","Verrucomicrobiae","Verrucomicrobiales","Rubritaleaceae","Haloferula"
"OTU_791","Bin71",9.80372747433487e-07,"Bacteria","Proteobacteria","Gammaproteobacteria","Alteromonadales","Psychromonadaceae","Psychromonas"
"OTU_793","Bin72",6.03996411859376e-06,"Bacteria","Proteobacteria","Gammaproteobacteria","Vibrionales","Vibrionaceae","Vibrio"
"OTU_792","Bin71",5.53899709640795e-06,"Bacteria","Proteobacteria","Gammaproteobacteria","Alteromonadales","Shewanellaceae","Shewanella"
"OTU_796","Bin92",0.000547980828927793,"Bacteria","Firmicutes","Bacilli","Izemoplasmatales","Izemoplasmataceae","bacterium"
"OTU_799","Bin92",7.61651661900739e-05,"Bacteria","Firmicutes","Bacilli","Izemoplasmatales","Izemoplasmataceae","bacterium"
"OTU_801","Bin92",4.01508314777246e-05,"Bacteria","Firmicutes","Bacilli","Izemoplasmatales","Izemoplasmataceae","uncultured__bacterium"
"OTU_800","Bin92",7.68517392459501e-05,"Bacteria","Firmicutes","Bacilli","Izemoplasmatales","Izemoplasmataceae","uncultured__Firmicutes__bacterium"
"OTU_788","Bin71",1.79700540238922e-06,"Bacteria","Proteobacteria","Gammaproteobacteria","Oceanospirillales","Halomonadaceae","Cobetia"
"OTU_802","Bin92",3.15460376282192e-05,"Bacteria","Firmicutes","Bacilli","Izemoplasmatales","Izemoplasmataceae","bacterium"
"OTU_794","Bin94",7.66172626991097e-07,"Bacteria","Firmicutes","Bacilli","Lactobacillales","Lactobacillaceae","Lactobacillus"
"OTU_798","Bin92",9.00198945187727e-05,"Bacteria","Firmicutes","Bacilli","Izemoplasmatales","Izemoplasmataceae","bacterium"
"OTU_804","Bin92",1.39981226587268e-05,"Bacteria","Firmicutes","Bacilli","Izemoplasmatales","Izemoplasmataceae","bacterium"
"OTU_805","Bin92",2.50166169891429e-05,"Bacteria","Firmicutes","Bacilli","Izemoplasmatales","Izemoplasmataceae","bacterium"
"OTU_795","Bin94",3.05883985011114e-06,"Bacteria","Firmicutes","Bacilli","Staphylococcales","Staphylococcaceae","Macrococcus"
"OTU_797","Bin92",0.000229966900564026,"Bacteria","Firmicutes","Bacilli","Izemoplasmatales","Izemoplasmataceae","bacterium__enrichment__culture__clone__R4-81B"
"OTU_803","Bin92",1.63105080129875e-05,"Bacteria","Firmicutes","Bacilli","Izemoplasmatales","Izemoplasmataceae","bacterium__enrichment__culture__clone__R4-81B"
"OTU_806","Bin92",1.05033842552549e-05,"Bacteria","Firmicutes","Bacilli","Izemoplasmatales","Izemoplasmataceae","uncultured__bacterium"
"OTU_808","Bin92",1.20888266768107e-05,"Bacteria","Firmicutes","Bacilli","Izemoplasmatales","Izemoplasmataceae","bacterium"
"OTU_809","Bin92",1.662107537089e-05,"Bacteria","Firmicutes","Bacilli","RF39","uncultured__bacterium","uncultured__bacterium"
"OTU_810","Bin91",9.15004304306866e-06,"Bacteria","Firmicutes","Bacilli","Erysipelotrichales","Erysipelatoclostridiaceae","Erysipelatoclostridium"
"OTU_807","Bin26",0.000131568761269721,"Bacteria","Actinobacteriota","Thermoleophilia","Gaiellales","uncultured","uncultured__bacterium"
"OTU_811","Bin91",1.12996221473051e-05,"Bacteria","Firmicutes","Bacilli","Erysipelotrichales","Erysipelotrichaceae","Erysipelothrix"
"OTU_818","Bin122",3.4437696362305e-05,"Bacteria","Firmicutes","Desulfitobacteriia","Desulfitobacteriales","uncultured","uncultured__bacterium"
"OTU_817","Bin107",8.40799349603373e-06,"Bacteria","Firmicutes","Clostridia","Peptostreptococcales-Tissierellales","uncultured","marine__sediment__metagenome"
"OTU_812","Bin26",4.9311090240126e-05,"Bacteria","Actinobacteriota","Thermoleophilia","Gaiellales","uncultured","uncultured__bacterium"
"OTU_815","Bin122",0.00024858360202305,"Bacteria","Firmicutes","Desulfitobacteriia","Desulfitobacteriales","uncultured","uncultured__bacterium"
"OTU_813","Bin26",1.56102386722055e-05,"Bacteria","Actinobacteriota","Rubrobacteria","Rubrobacterales","Rubrobacteriaceae","Rubrobacter"
"OTU_821","Bin92",3.56669952600594e-06,"Bacteria","Firmicutes","Bacilli","Izemoplasmatales","Izemoplasmataceae","bacterium__enrichment__culture__clone__R4-81B"
"OTU_819","Bin92",1.81282319181044e-05,"Bacteria","Firmicutes","Bacilli","Izemoplasmatales","Izemoplasmataceae","bacterium"
"OTU_823","Bin107",7.19760579164227e-06,"Bacteria","Firmicutes","Clostridia","Peptostreptococcales-Tissierellales","uncultured","marine__sediment__metagenome"
"OTU_820","Bin92",2.56369321024694e-06,"Bacteria","Firmicutes","Bacilli","Izemoplasmatales","Izemoplasmataceae","bacterium"
"OTU_814","Bin93",3.37220883301057e-05,"Bacteria","Firmicutes","Bacilli","Bacillales","Planococcaceae","Planococcus"
"OTU_816","Bin99",7.77380506690612e-06,"Bacteria","Firmicutes","Clostridia","Peptostreptococcales-Tissierellales","GoM-GC232-4463-Bac1","bacterium__enrichment__culture__clone__AOM-SR-B2"
"OTU_825","Bin26",2.42103493069047e-05,"Bacteria","Actinobacteriota","Thermoleophilia","Gaiellales","uncultured","uncultured__bacterium"
"OTU_827","Bin122",2.89064287245816e-05,"Bacteria","Firmicutes","Desulfitobacteriia","Desulfitobacteriales","uncultured","uncultured__Firmicutes__bacterium"
"OTU_822","Bin103",1.18823891122524e-05,"Bacteria","Firmicutes","Clostridia","Peptostreptococcales-Tissierellales","Dethiosulfatibacteraceae","Dethiosulfatibacter"
"OTU_826","Bin122",2.18892632580551e-06,"Bacteria","Firmicutes","Desulfitobacteriia","Desulfitobacteriales","uncultured","uncultured__organism"
"OTU_833","Bin92",8.04176747523707e-06,"Bacteria","Firmicutes","Bacilli","RF39","uncultured__bacterium","uncultured__bacterium"
"OTU_829","Bin122",1.2277047671888e-05,"Bacteria","Firmicutes","Desulfitobacteriia","Desulfitobacteriales","uncultured","uncultured__bacterium"
"OTU_824","Bin72",1.32502156046567e-05,"Bacteria","Proteobacteria","Gammaproteobacteria","Vibrionales","Vibrionaceae","Vibrio"
"OTU_830","Bin118",3.20342822644125e-06,"Bacteria","Firmicutes","Clostridia","Peptostreptococcales-Tissierellales","Guggenheimella","Tindallia__sp.__Mic8c12"
"OTU_831","Bin26",2.19002627688567e-05,"Bacteria","Actinobacteriota","Thermoleophilia","Gaiellales","uncultured","uncultured__bacterium"
"OTU_835","Bin92",1.03418825648141e-05,"Bacteria","Firmicutes","Bacilli","Izemoplasmatales","Izemoplasmataceae","uncultured__bacterium"
"OTU_837","Bin93",8.45002838670277e-06,"Bacteria","Firmicutes","Bacilli","Exiguobacterales","Exiguobacteraceae","Exiguobacterium"
"OTU_839","Bin122",2.41137517174621e-06,"Bacteria","Firmicutes","Desulfitobacteriia","Desulfitobacteriales","TC1","uncultured__bacterium"
"OTU_840","Bin26",3.40315136376624e-06,"Bacteria","Actinobacteriota","Thermoleophilia","Gaiellales","uncultured","uncultured__bacterium"
"OTU_836","Bin99",1.83856883160831e-06,"Bacteria","Firmicutes","Clostridia","Peptostreptococcales-Tissierellales","Dethiosulfatibacteraceae","Dethiosulfatibacter"
"OTU_828","Bin109",7.87438008401312e-06,"Bacteria","Firmicutes","Clostridia","Peptostreptococcales-Tissierellales","livecontrolB21","uncultured__bacterium"
"OTU_834","Bin7",9.39161288140162e-06,"Bacteria","Spirochaetota","Spirochaetia","Spirochaetales","Spirochaetaceae","Sphaerochaeta"
"OTU_832","Bin81",5.22978480799064e-06,"Bacteria","Myxococcota","bacteriap25","uncultured__organism","uncultured__bacterium","uncultured__bacterium"
"OTU_838","Bin26",2.9805335860698e-05,"Bacteria","Actinobacteriota","Thermoleophilia","Gaiellales","uncultured","uncultured__actinobacterium"
"OTU_841","Bin26",4.66333929101349e-06,"Bacteria","Actinobacteriota","Thermoleophilia","Gaiellales","uncultured","uncultured__actinobacterium"
"OTU_842","Bin26",2.35399558230591e-05,"Bacteria","Actinobacteriota","Thermoleophilia","Gaiellales","Gaiellaceae","Gaiella"
"OTU_844","Bin122",1.99922985245987e-05,"Bacteria","Firmicutes","Desulfitobacteriia","Desulfitobacteriales","uncultured","uncultured__Firmicutes__bacterium"
"OTU_843","Bin26",7.06694918623945e-06,"Bacteria","Actinobacteriota","Thermoleophilia","Gaiellales","uncultured","uncultured__bacterium"
"OTU_847","Bin99",5.24263317665053e-06,"Bacteria","Firmicutes","Clostridia","Peptostreptococcales-Tissierellales","Dethiosulfatibacteraceae","Dethiosulfatibacter"
"OTU_848","Bin122",5.78107358057541e-06,"Bacteria","Firmicutes","Desulfitobacteriia","Desulfitobacteriales","uncultured","uncultured__Firmicutes__bacterium"
"OTU_846","Bin99",3.41028925156488e-06,"Bacteria","Firmicutes","Clostridia","Peptostreptococcales-Tissierellales","Guggenheimella","Tindallia__sp.__Mic8c12"
"OTU_849","Bin92",2.19367912407556e-06,"Bacteria","Firmicutes","Bacilli","Izemoplasmatales","Izemoplasmataceae","bacterium"
"OTU_851","Bin122",6.17527519494832e-05,"Bacteria","Firmicutes","Desulfitobacteriia","Desulfitobacteriales","uncultured","uncultured__bacterium"
"OTU_850","Bin92",1.4025189920583e-06,"Bacteria","Firmicutes","Bacilli","Izemoplasmatales","Izemoplasmataceae","uncultured__bacterium"
"OTU_845","Bin108",4.20537821527553e-06,"Bacteria","Firmicutes","Clostridia","Peptostreptococcales-Tissierellales","JTB215","bacterium__enrichment__culture__clone__AOM-SR-B4"
"OTU_853","Bin92",7.81460453710424e-06,"Bacteria","Firmicutes","Bacilli","Izemoplasmatales","Izemoplasmataceae","bacterium__enrichment__culture__clone__R4-81B"
"OTU_852","Bin92",5.73910968042595e-06,"Bacteria","Firmicutes","Bacilli","Izemoplasmatales","Izemoplasmataceae","bacterium"
"OTU_857","Bin91",1.4758478801585e-06,"Bacteria","Firmicutes","Bacilli","Erysipelotrichales","Erysipelotrichaceae","uncultured__bacterium"
"OTU_854","Bin122",3.3370518151936e-05,"Bacteria","Firmicutes","Desulfitobacteriia","Desulfitobacteriales","uncultured","uncultured__bacterium"
"OTU_858","Bin11",1.16243191119905e-05,"Bacteria","Fermentibacterota","Fermentibacteria","Fermentibacterales","Fermentibacteraceae","uncultured__bacterium"
"OTU_855","Bin10",4.48283131022666e-06,"Bacteria","Firmicutes","Clostridia","Peptostreptococcales-Tissierellales","JTB215","bacterium__enrichment__culture__clone__AOM-SR-B4"
"OTU_856","Bin72",8.61635268028902e-06,"Bacteria","Proteobacteria","Gammaproteobacteria","Vibrionales","Vibrionaceae","Vibrio"
"OTU_861","Bin122",5.91402079453136e-06,"Bacteria","Firmicutes","Desulfitobacteriia","Desulfitobacteriales","uncultured","uncultured__Firmicutes__bacterium"
"OTU_859","Bin122",2.4305623842004e-06,"Bacteria","Firmicutes","Desulfitobacteriia","Desulfitobacteriales","TC1","uncultured__bacterium"
"OTU_862","Bin94",1.33682342810762e-05,"Bacteria","Firmicutes","Bacilli","Paenibacillales","Paenibacillaceae","Paenibacillus"
"OTU_864","Bin91",7.64345923040676e-06,"Bacteria","Firmicutes","Bacilli","Erysipelotrichales","Erysipelotrichaceae","Erysipelothrix"
"OTU_863","Bin94",2.4182485692485e-06,"Bacteria","Firmicutes","Bacilli","Lactobacillales","Carnobacteriaceae","uncultured"
"OTU_865","Bin27",8.04263924108888e-06,"Bacteria","Actinobacteriota","Thermoleophilia","Solirubrobacterales","Solirubrobacteraceae","Patulibacter"
"OTU_868","Bin81",1.44719722403843e-06,"Bacteria","Myxococcota","bacteriap25","uncultured__organism","uncultured__bacterium","uncultured__bacterium"
"OTU_870","Bin94",1.45750126991097e-05,"Bacteria","Firmicutes","Bacilli","Paenibacillales","Paenibacillaceae","Paenibacillus"
"OTU_872","Bin122",5.62668707406493e-06,"Bacteria","Firmicutes","Desulfitobacteriia","Desulfitobacteriales","uncultured","uncultured__Firmicutes__bacterium"
"OTU_866","Bin76",3.78835413892016e-06,"Bacteria","Proteobacteria","Gammaproteobacteria","Methylococcales","Methylomonadaceae","Methylomonas"
"OTU_869","Bin26",3.69197981094613e-06,"Bacteria","Actinobacteriota","Thermoleophilia","Gaiellales","uncultured","uncultured__bacterium"
"OTU_860","Bin71",3.77100487847347e-06,"Bacteria","Proteobacteria","Gammaproteobacteria","Coxiellales","Coxiellaceae","Coxiella"
"OTU_871","Bin92",5.62437887873026e-06,"Bacteria","Firmicutes","Bacilli","Izemoplasmatales","Izemoplasmataceae","bacterium__enrichment__culture__clone__R4-81B"
"OTU_876","Bin99",1.20354259453916e-06,"Bacteria","Firmicutes","Clostridia","Peptostreptococcales-Tissierellales","Anaerovoracaceae","Anaerovorax"
"OTU_867","Bin26",3.66737962702624e-06,"Bacteria","Actinobacteriota","Thermoleophilia","Gaiellales","uncultured","uncultured__organism"
"OTU_875","Bin107",1.82823052324549e-06,"Bacteria","Firmicutes","Clostridia","Peptostreptococcales-Tissierellales","uncultured","marine__sediment__metagenome"
"OTU_877","Bin99",3.38721410193252e-06,"Bacteria","Firmicutes","Clostridia","Peptostreptococcales-Tissierellales","Anaerovoracaceae","uncultured__bacterium"
"OTU_874","Bin99",4.42784652725795e-06,"Bacteria","Firmicutes","Clostridia","Peptostreptococcales-Tissierellales","Anaerovoracaceae","[Eubacterium]__nodatum__group"
"OTU_880","Bin122",5.88433194604827e-06,"Bacteria","Firmicutes","Desulfitobacteriia","Desulfitobacteriales","uncultured","uncultured__Firmicutes__bacterium"
"OTU_879","Bin88",1.99215377124603e-06,"Bacteria","Synergistota","Synergistia","Synergistales","Synergistaceae","uncultured"
"OTU_878","Bin122",2.36540747299416e-06,"Bacteria","Firmicutes","Desulfitobacteriia","Desulfitobacteriales","uncultured","uncultured__Firmicutes__bacterium"
"OTU_881","Bin22",1.02849356700878e-05,"Bacteria","Thermotogota","Thermotogae","Petrotogales","Petrotogaceae","SC103"
"OTU_873","Bin109",8.10675908130863e-07,"Bacteria","Firmicutes","Clostridia","Peptostreptococcales-Tissierellales","livecontrolB21","uncultured__bacterium"
"OTU_883","Bin69",2.81902853946133e-06,"Bacteria","Firmicutes","Desulfitobacteriia","Desulfitobacteriales","uncultured","uncultured__Firmicutes__bacterium"
"OTU_882","Bin107",8.01508884892511e-06,"Bacteria","Firmicutes","Clostridia","Peptostreptococcales-Tissierellales","uncultured","marine__sediment__metagenome"
"OTU_884","Bin92",2.60859460421782e-06,"Bacteria","Firmicutes","Bacilli","Izemoplasmatales","Izemoplasmataceae","bacterium"
"OTU_886","Bin81",1.21937752442954e-05,"Bacteria","Myxococcota","Polyangia","Polyangiales","Polyangiaceae","Pajaroellobacter"
"OTU_890","Bin3",3.58278411421294e-06,"Bacteria","Cloacimonadota","Cloacimonadia","Cloacimonadales","LK-44f","uncultured__bacterium"
"OTU_888","Bin122",5.96037816266542e-07,"Bacteria","Firmicutes","Desulfitobacteriia","Desulfitobacteriales","uncultured","uncultured__Firmicutes__bacterium"
"OTU_893","Bin92",4.05230588625016e-06,"Bacteria","Firmicutes","Bacilli","Izemoplasmatales","Izemoplasmataceae","bacterium"
"OTU_889","Bin92",1.4152438954809e-06,"Bacteria","Firmicutes","Bacilli","Izemoplasmatales","Izemoplasmataceae","bacterium__enrichment__culture__clone__R4-81B"
"OTU_894","Bin92",5.98567103981285e-07,"Bacteria","Firmicutes","Bacilli","Izemoplasmatales","Izemoplasmataceae","uncultured__bacterium"
"OTU_891","Bin92",7.13265278211469e-06,"Bacteria","Firmicutes","Bacilli","Izemoplasmatales","Izemoplasmataceae","bacterium"
"OTU_885","Bin107",1.40370627077358e-06,"Bacteria","Firmicutes","Clostridia","Peptostreptococcales-Tissierellales","uncultured","uncultured__bacterium"
"OTU_892","Bin92",2.76617515333723e-06,"Bacteria","Firmicutes","Bacilli","Izemoplasmatales","Izemoplasmataceae","bacterium"
"OTU_887","Bin92",8.17909354852656e-07,"Bacteria","Firmicutes","Bacilli","Izemoplasmatales","Izemoplasmataceae","bacterium__enrichment__culture__clone__R4-81B"
"OTU_896","Bin124",3.75012435800271e-06,"Bacteria","Bacteroidota","Bacteroidia","Sphingobacteriales","Lentimicrobiaceae","uncultured__bacterium"
"OTU_895","Bin92",2.22311442912055e-06,"Bacteria","Firmicutes","Bacilli","Izemoplasmatales","Izemoplasmataceae","uncultured__bacterium"
"OTU_898","Bin91",2.83754434987871e-06,"Bacteria","Firmicutes","Bacilli","Erysipelotrichales","Erysipelatoclostridiaceae","UCG-004"
"OTU_899","Bin92",5.00716894462081e-06,"Bacteria","Firmicutes","Bacilli","Izemoplasmatales","Izemoplasmataceae","uncultured__bacterium"
"OTU_897","Bin7",3.41327090242959e-06,"Bacteria","Spirochaetota","Spirochaetia","Spirochaetales","Spirochaetaceae","Sphaerochaeta"
"OTU_900","Bin92",2.39778391082761e-06,"Bacteria","Firmicutes","Bacilli","Izemoplasmatales","Izemoplasmataceae","bacterium"
"OTU_901","Bin92",1.07162032496478e-05,"Bacteria","Firmicutes","Bacilli","Izemoplasmatales","Izemoplasmataceae","bacterium"
"OTU_906","Bin122",1.6195167110839e-06,"Bacteria","Firmicutes","Desulfitobacteriia","Desulfitobacteriales","uncultured","uncultured__bacterium"
"OTU_902","Bin99",4.62157507419888e-06,"Bacteria","Firmicutes","Clostridia","Peptostreptococcales-Tissierellales","Fusibacteraceae","Fusibacter"
"OTU_907","Bin84",2.67558299545271e-06,"Bacteria","Desulfobacterota","Desulfovibrionia","Desulfovibrionales","Desulfovibrionaceae","Desulfovibrio"
"OTU_908","Bin75",7.92231066946897e-06,"Bacteria","Proteobacteria","Gammaproteobacteria","Vibrionales","Vibrionaceae","Vibrio"
"OTU_909","Bin72",3.28335970480262e-06,"Bacteria","Proteobacteria","Gammaproteobacteria","Vibrionales","Vibrionaceae","Vibrio"
"OTU_910","Bin91",1.6394191204418e-06,"Bacteria","Firmicutes","Bacilli","Erysipelotrichales","Erysipelotrichaceae","Dubosiella"
"OTU_911","Bin117",7.48042749826383e-06,"Bacteria","Firmicutes","Clostridia","Peptostreptococcales-Tissierellales","Fusibacteraceae","Fusibacter"
"OTU_905","Bin4",6.62593164111983e-06,"Bacteria","Firmicutes","Desulfitobacteriia","Desulfitobacteriales","uncultured","uncultured__Firmicutes__bacterium"
"OTU_912","Bin72",6.72466134156891e-06,"Bacteria","Proteobacteria","Gammaproteobacteria","Vibrionales","Vibrionaceae","Vibrio"
"OTU_903","Bin99",1.00596213503744e-06,"Bacteria","Firmicutes","Clostridia","Peptostreptococcales-Tissierellales","GoM-GC232-4463-Bac1","bacterium__enrichment__culture__clone__AOM-SR-B2"
"OTU_913","Bin93",6.09671646891678e-06,"Bacteria","Firmicutes","Bacilli","Exiguobacterales","Exiguobacteraceae","Exiguobacterium"
"OTU_917","Bin109",6.86855099726285e-06,"Bacteria","Firmicutes","Clostridia","Peptostreptococcales-Tissierellales","livecontrolB21","uncultured__bacterium"
"OTU_904","Bin10",2.22187188617994e-06,"Bacteria","Firmicutes","Clostridia","Peptostreptococcales-Tissierellales","livecontrolB21","uncultured__bacterium"
"OTU_915","Bin114",6.37579396490561e-06,"Bacteria","Firmicutes","Clostridia","Peptostreptococcales-Tissierellales","Anaerovoracaceae","uncultured__bacterium"
"OTU_916","Bin92",7.47799042925701e-06,"Bacteria","Firmicutes","Desulfitobacteriia","Desulfitobacteriales","uncultured","uncultured__Firmicutes__bacterium"
"OTU_914","Bin122",4.15653724045492e-05,"Bacteria","Firmicutes","Clostridia","Peptostreptococcales-Tissierellales","uncultured","marine__sediment__metagenome"
"OTU_920","Bin85",3.79616576378464e-06,"Bacteria","Desulfobacterota","Desulfovibrionia","Desulfovibrionales","Desulfovibrionaceae","Desulfovibrio"
"OTU_919","Bin113",1.34380708082573e-05,"Bacteria","Firmicutes","Clostridia","Peptostreptococcales-Tissierellales","Fusibacteraceae","Fusibacter"
"OTU_918","Bin122",1.09208670058019e-05,"Bacteria","Firmicutes","Desulfitobacteriia","Desulfitobacteriales","uncultured","uncultured__Firmicutes__bacterium"
"OTU_923","Bin122",8.85092505640476e-06,"Bacteria","Firmicutes","Desulfitobacteriia","Desulfitobacteriales","uncultured","uncultured__Firmicutes__bacterium"
"OTU_925","Bin22",2.22666214066159e-06,"Bacteria","Caldisericota","Caldisericia","Caldisericales","Caldisericaceae","Caldisericum"
"OTU_926","Bin91",5.61212471085422e-06,"Bacteria","Firmicutes","Bacilli","Erysipelotrichales","Erysipelotrichaceae","[Anaerorhabdus]__furcosa__group"
"OTU_924","Bin122",3.95572154015229e-06,"Bacteria","Firmicutes","Desulfitobacteriia","Desulfitobacteriales","uncultured","uncultured__bacterium"
"OTU_921","Bin103",1.10153533524137e-05,"Bacteria","Firmicutes","Clostridia","Peptostreptococcales-Tissierellales","Dethiosulfatibacteraceae","Dethiosulfatibacter"
"OTU_922","Bin122",4.2432439510645e-06,"Bacteria","Firmicutes","Clostridia","Peptostreptococcales-Tissierellales","Dethiosulfatibacteraceae","Dethiosulfatibacter"
"OTU_928","Bin122",9.05480226718447e-06,"Bacteria","Firmicutes","Desulfitobacteriia","Desulfitobacteriales","uncultured","uncultured__bacterium"
"OTU_927","Bin122",1.13534626991303e-05,"Bacteria","Firmicutes","Desulfitobacteriia","Desulfitobacteriales","uncultured","uncultured__Firmicutes__bacterium"
"OTU_929","Bin122",2.19858629764542e-06,"Bacteria","Firmicutes","Desulfitobacteriia","Desulfitobacteriales","uncultured","uncultured__bacterium"
"OTU_935","Bin11",1.00318824966128e-05,"Bacteria","Spirochaetota","Leptospirae","Leptospirales","Leptospiraceae","RBG-16-49-21"
"OTU_933","Bin11",1.82229899956782e-05,"Bacteria","Spirochaetota","Leptospirae","Leptospirales","Leptospiraceae","RBG-16-49-21"
"OTU_937","Bin11",9.05790871725887e-06,"Bacteria","Spirochaetota","Leptospirae","Leptospirales","Leptospiraceae","RBG-16-49-21"
"OTU_934","Bin11",2.51085559831825e-05,"Bacteria","Spirochaetota","Leptospirae","Leptospirales","Leptospiraceae","RBG-16-49-21"
"OTU_932","Bin88",1.28267237438883e-05,"Bacteria","Bdellovibrionota","Oligoflexia","0319-6G20","uncultured__organism","uncultured__bacterium"
"OTU_931","Bin11",3.15148008736728e-05,"Bacteria","Spirochaetota","Leptospirae","Leptospirales","Leptospiraceae","RBG-16-49-21"
"OTU_930","Bin11",7.2947422839549e-05,"Bacteria","Spirochaetota","Leptospirae","Leptospirales","Leptospiraceae","RBG-16-49-21"
"OTU_936","Bin11",8.72229333382725e-06,"Bacteria","Spirochaetota","Leptospirae","Leptospirales","Leptospiraceae","RBG-16-49-21"
"OTU_940","Bin45",0.000112269823991589,"Bacteria","Bacteroidota","Bacteroidia","ML602M-17","uncultured__organism","uncultured__bacterium"
"OTU_939","Bin42",6.0447681078868e-07,"Bacteria","Bacteroidota","Bacteroidia","Bacteroidales","Prevotellaceae","Alloprevotella"
"OTU_938","Bin57",0.00310576422801329,"Bacteria","Bacteroidota","Bacteroidia","Bacteroidales","Bacteroidetes__vadinHA17","uncultured__bacterium"
"OTU_942","Bin45",4.24641996669173e-05,"Bacteria","Bacteroidota","Bacteroidia","ML602M-17","uncultured__organism","uncultured__bacterium"
"OTU_941","Bin34",0.0405135838277581,"Bacteria","Bacteroidota","Bacteroidia","Bacteroidales","Marinifilaceae","Marinifilum"
"OTU_944","Bin54",0.0450471375395183,"Bacteria","Bacteroidota","Bacteroidia","Bacteroidales","Prolixibacteraceae","Sunxiuqinia"
"OTU_943","Bin57",0.000371074861839607,"Bacteria","Bacteroidota","Bacteroidia","Bacteroidales","Bacteroidetes__vadinHA17","uncultured__bacterium"
"OTU_946","Bin60",2.15735776986874e-05,"Bacteria","Bacteroidota","Bacteroidia","Sphingobacteriales","Lentimicrobiaceae","uncultured__Cytophagales__bacterium"
"OTU_948","Bin48",0.00231958788677783,"Bacteria","Bacteroidota","Bacteroidia","Sphingobacteriales","Lentimicrobiaceae","uncultured__bacterium"
"OTU_945","Bin50",6.72821485312881e-05,"Bacteria","Bacteroidota","Bacteroidia","Bacteroidales","Marinilabiliaceae","uncultured"
"OTU_949","Bin57",3.73511862943269e-05,"Bacteria","Bacteroidota","Bacteroidia","Bacteroidales","Bacteroidetes__vadinHA17","uncultured__bacterium"
"OTU_947","Bin56",0.00722322759314602,"Bacteria","Bacteroidota","Bacteroidia","Bacteroidales","Prolixibacteraceae","Draconibacterium"
"OTU_950","Bin46",0.00818036011962052,"Bacteria","Bacteroidota","Bacteroidia","Bacteroidales","Bacteroidaceae","Bacteroides"
"OTU_954","Bin62",1.00806566020927e-05,"Bacteria","Bacteroidota","Bacteroidia","Bacteroidales","Bacteroidetes__vadinHA17","uncultured__bacterium"
"OTU_955","Bin43",2.06157704001715e-05,"Bacteria","Bacteroidota","Bacteroidia","Bacteroidales","Bacteroidetes__vadinHA17","uncultured__bacterium"
"OTU_956","Bin52",3.57274401474354e-05,"Bacteria","Bacteroidota","Bacteroidia","Bacteroidales","Prolixibacteraceae","Draconibacterium"
"OTU_953","Bin33",0.004804913438213,"Bacteria","Bacteroidota","Bacteroidia","Bacteroidales","Marinifilaceae","Marinifilum"
"OTU_952","Bin53",0.00268709470723888,"Bacteria","Bacteroidota","Bacteroidia","Bacteroidales","Prolixibacteraceae","Mangrovibacterium"
"OTU_957","Bin57",5.62355201017836e-06,"Bacteria","Bacteroidota","Bacteroidia","Bacteroidales","Bacteroidetes__vadinHA17","uncultured__bacterium"
"OTU_958","Bin39",2.63178286444594e-05,"Bacteria","Bacteroidota","Bacteroidia","Bacteroidales","Bacteroidetes__vadinHA17","uncultured__bacterium"
"OTU_959","Bin57",2.63584740842155e-06,"Bacteria","Bacteroidota","Bacteroidia","Bacteroidales","Marinilabiliaceae","uncultured"
"OTU_951","Bin57",1.21465505455785e-05,"Bacteria","Bacteroidota","Bacteroidia","Bacteroidales","Marinilabiliaceae","Carboxylicivirga"
"OTU_960","Bin57",1.66241492172079e-05,"Bacteria","Bacteroidota","Bacteroidia","Bacteroidales","Bacteroidetes__vadinHA17","uncultured__bacterium"
"OTU_962","Bin61",1.98749903590902e-06,"Bacteria","Bacteroidota","Bacteroidia","Bacteroidetes__VC2.1__Bac22","uncultured__bacterium","uncultured__bacterium"
"OTU_961","Bin50",9.9354831274397e-06,"Bacteria","Bacteroidota","Bacteroidia","Bacteroidales","Marinilabiliaceae","uncultured"
"OTU_964","Bin61",8.89012354144052e-06,"Bacteria","Bacteroidota","Bacteroidia","Sphingobacteriales","Lentimicrobiaceae","Lentimicrobium"
"OTU_965","Bin57",1.0491853070694e-05,"Bacteria","Bacteroidota","Bacteroidia","Bacteroidales","Bacteroidetes__vadinHA17","uncultured__bacterium"
"OTU_963","Bin62",1.07219600501046e-05,"Bacteria","Bacteroidota","Bacteroidia","Bacteroidales","Bacteroidetes__vadinHA17","uncultured__bacterium"
"OTU_967","Bin60",1.08765142500076e-05,"Bacteria","Bacteroidota","Bacteroidia","Sphingobacteriales","Lentimicrobiaceae","uncultured__bacterium"
"OTU_966","Bin61",1.1594296292498e-05,"Bacteria","Bacteroidota","Bacteroidia","Sphingobacteriales","Lentimicrobiaceae","uncultured__Bacteroidetes__bacterium"
"OTU_970","Bin60",4.58148447829084e-06,"Bacteria","Bacteroidota","Bacteroidia","Sphingobacteriales","Lentimicrobiaceae","Lentimicrobium"
"OTU_969","Bin70",5.41921480539e-06,"Bacteria","LCP-89","uncultured__bacterium","uncultured__bacterium","uncultured__bacterium","uncultured__bacterium"
"OTU_968","Bin32",3.64223948796371e-06,"Bacteria","Bacteroidota","Bacteroidia","Flavobacteriales","Flavobacteriaceae","Gaetbulibacter"
"OTU_974","Bin57",1.74017944379277e-05,"Bacteria","Bacteroidota","Bacteroidia","Bacteroidales","Bacteroidetes__vadinHA17","uncultured__bacterium"
"OTU_973","Bin57",1.66177527049307e-05,"Bacteria","Bacteroidota","Bacteroidia","Bacteroidales","Bacteroidetes__vadinHA17","uncultured__bacterium"
"OTU_971","Bin56",3.95215983974661e-06,"Bacteria","Bacteroidota","Bacteroidia","Bacteroidales","Prolixibacteraceae","Draconibacterium"
"OTU_978","Bin42",1.12434239267984e-05,"Bacteria","Bacteroidota","Bacteroidia","Bacteroidales","Dysgonomonadaceae","uncultured"
"OTU_977","Bin37",6.52695597629421e-06,"Bacteria","Bacteroidota","Bacteroidia","Bacteroidales","Rikenellaceae","uncultured"
"OTU_976","Bin43",5.02115721811548e-06,"Bacteria","Bacteroidota","Bacteroidia","Bacteroidales","Bacteroidaceae","Bacteroides"
"OTU_975","Bin57",4.77737805350587e-06,"Bacteria","Bacteroidota","Bacteroidia","Bacteroidales","Marinifilaceae","Marinifilum"
"OTU_979","Bin52",6.23299005052482e-06,"Bacteria","Bacteroidota","Bacteroidia","Bacteroidales","Prolixibacteraceae","Draconibacterium"
"OTU_982","Bin62",1.19361510986631e-05,"Bacteria","Bacteroidota","Bacteroidia","Bacteroidetes__VC2.1__Bac22","uncultured__bacterium","uncultured__bacterium"
"OTU_981","Bin52",8.53915376005901e-06,"Bacteria","Bacteroidota","Bacteroidia","Bacteroidales","Prolixibacteraceae","Draconibacterium"
"OTU_972","Bin62",3.59276423067831e-06,"Bacteria","Bacteroidota","Bacteroidia","Bacteroidales","Bacteroidetes__vadinHA17","uncultured__bacterium"
"OTU_980","Bin57",1.38244289377292e-05,"Bacteria","Bacteroidota","Bacteroidia","Bacteroidales","Bacteroidetes__vadinHA17","uncultured__bacterium"
"OTU_986","Bin51",4.60806074042587e-06,"Bacteria","Bacteroidota","Bacteroidia","Bacteroidales","Prolixibacteraceae","uncultured"
"OTU_984","Bin57",7.08410866817015e-06,"Bacteria","Bacteroidota","Bacteroidia","Bacteroidales","Prolixibacteraceae","Sunxiuqinia"
"OTU_987","Bin57",1.27129953973433e-05,"Bacteria","Bacteroidota","Bacteroidia","Bacteroidales","Bacteroidetes__vadinHA17","uncultured__bacterium"
"OTU_983","Bin24",8.55541584168402e-06,"Bacteria","Verrucomicrobiota","Chlamydiae","LD1-PA32","uncultured__sediment__bacterium","uncultured__bacterium"
"OTU_985","Bin3",4.44336828702024e-06,"Bacteria","Cloacimonadota","Cloacimonadia","Cloacimonadales","LK-44f","uncultured__bacterium"
"OTU_988","Bin60",2.19977924140407e-06,"Bacteria","Bacteroidota","Bacteroidia","Sphingobacteriales","Lentimicrobiaceae","uncultured__Cytophagales__bacterium"
"OTU_990","Bin60",2.38219539884842e-06,"Bacteria","Bacteroidota","Bacteroidia","Sphingobacteriales","Lentimicrobiaceae","uncultured__bacterium"
"OTU_991","Bin57",6.28819181458204e-06,"Bacteria","Bacteroidota","Bacteroidia","Bacteroidales","Bacteroidetes__vadinHA17","uncultured__bacterium"
"OTU_989","Bin98",1.16200330541981e-05,"Bacteria","Bacteroidota","Bacteroidia","Bacteroidales","Bacteroidetes__vadinHA17","uncultured__bacterium"
"OTU_992","Bin62",1.81238068726471e-06,"Bacteria","Bacteroidota","Bacteroidia","Sphingobacteriales","ST-12K33","uncultured__organism"
"OTU_996","Bin57",2.17508472055116e-06,"Bacteria","Bacteroidota","Bacteroidia","Bacteroidales","Bacteroidetes__vadinHA17","uncultured__bacterium"
"OTU_994","Bin57",4.45465177724508e-06,"Bacteria","Bacteroidota","Bacteroidia","Bacteroidales","Marinilabiliaceae","uncultured"
"OTU_998","Bin34",1.78171637043001e-06,"Bacteria","Bacteroidota","Bacteroidia","Bacteroidales","Marinifilaceae","Marinifilum"
"OTU_993","Bin57",3.70680828074059e-06,"Bacteria","Bacteroidota","Bacteroidia","Bacteroidales","Bacteroidetes__vadinHA17","uncultured__bacterium"
"OTU_999","Bin59",0.000115282539825665,"Bacteria","Bacteroidota","Bacteroidia","Bacteroidales","Prolixibacteraceae","Roseimarinus"
"OTU_997","Bin57",5.77731186925367e-06,"Bacteria","Bacteroidota","Bacteroidia","Bacteroidales","Bacteroidetes__vadinHA17","uncultured__bacterium"
"OTU_1001","Bin61",4.01519662839356e-07,"Bacteria","Bacteroidota","Bacteroidia","Sphingobacteriales","CMW-169","uncultured__bacterium"
"OTU_995","Bin57",2.23714502428862e-06,"Bacteria","Bacteroidota","Bacteroidia","Bacteroidales","Bacteroidetes__vadinHA17","uncultured__bacterium"
"OTU_1000","Bin38",5.04640392954747e-06,"Bacteria","Bacteroidota","Bacteroidia","Bacteroidales","Rikenellaceae","uncultured"
"OTU_1003","Bin38",0.000155267127894161,"Bacteria","Bacteroidota","Bacteroidia","Bacteroidales","Rikenellaceae","uncultured"
"OTU_1005","Bin45",1.58917432866282e-06,"Bacteria","Bacteroidota","Bacteroidia","ML602M-17","uncultured__organism","uncultured__bacterium"
"OTU_1004","Bin43",0.000262733474746269,"Bacteria","Bacteroidota","Bacteroidia","Bacteroidales","Prolixibacteraceae","Draconibacterium"
"OTU_1002","Bin59",0.000397015089634896,"Bacteria","Bacteroidota","Bacteroidia","Bacteroidales","Marinilabiliaceae","Labilibacter"
"OTU_1008","Bin42",0.00021859238524164,"Bacteria","Bacteroidota","Bacteroidia","Bacteroidales","Bacteroidaceae","Bacteroides"
"OTU_1006","Bin45",9.95170377821696e-07,"Bacteria","Bacteroidota","Bacteroidia","ML602M-17","uncultured__organism","uncultured__bacterium"
"OTU_1007","Bin54",2.79127197716913e-06,"Bacteria","Bacteroidota","Bacteroidia","Bacteroidales","Prolixibacteraceae","Sunxiuqinia"
"OTU_1009","Bin33",5.4488087292858e-05,"Bacteria","Bacteroidota","Bacteroidia","Bacteroidales","Marinifilaceae","Marinifilum"
"OTU_1010","Bin39",0.00195749768715347,"Bacteria","Bacteroidota","Bacteroidia","Bacteroidales","Marinifilaceae","uncultured"
"OTU_1013","Bin34",0.000466287464836175,"Bacteria","Bacteroidota","Bacteroidia","Bacteroidales","Marinifilaceae","Marinifilum"
"OTU_1015","Bin41",0.000653940187646913,"Bacteria","Bacteroidota","Bacteroidia","Bacteroidales","Marinilabiliaceae","Carboxylicivirga"
"OTU_1016","Bin38",0.000309438614571174,"Bacteria","Bacteroidota","Bacteroidia","Bacteroidales","Rikenellaceae","uncultured"
"OTU_1017","Bin62",0.000684162715938926,"Bacteria","Bacteroidota","Bacteroidia","Bacteroidetes__VC2.1__Bac22","uncultured__bacterium","uncultured__bacterium"
"OTU_1011","Bin54",0.00109511947711893,"Bacteria","Bacteroidota","Bacteroidia","Bacteroidales","Prolixibacteraceae","Sunxiuqinia"
"OTU_1014","Bin34",0.000430526622127161,"Bacteria","Bacteroidota","Bacteroidia","Bacteroidales","Marinifilaceae","Marinifilum"
"OTU_1012","Bin50",0.00135681695195654,"Bacteria","Bacteroidota","Bacteroidia","Bacteroidales","Marinilabiliaceae","uncultured"
"OTU_1018","Bin61",0.0004179045695151,"Bacteria","Bacteroidota","Bacteroidia","Sphingobacteriales","Lentimicrobiaceae","uncultured__bacterium"
"OTU_1022","Bin46",0.00284583373856739,"Bacteria","Bacteroidota","Bacteroidia","Bacteroidales","Bacteroidaceae","Bacteroides"
"OTU_1021","Bin62",0.000258048504869479,"Bacteria","Bacteroidota","Bacteroidia","Sphingobacteriales","Lentimicrobiaceae","uncultured__bacterium"
"OTU_1019","Bin49",0.000186062064781091,"Bacteria","Bacteroidota","Bacteroidia","Bacteroidales","Marinilabiliaceae","uncultured"
"OTU_1020","Bin55",0.000241521957659752,"Bacteria","Bacteroidota","Bacteroidia","Bacteroidales","Prolixibacteraceae","Roseimarinus"
"OTU_1026","Bin59",0.00014388055882313,"Bacteria","Bacteroidota","Bacteroidia","Bacteroidales","Marinilabiliaceae","Marinilabilia"
"OTU_1027","Bin61",0.000106246202931008,"Bacteria","Bacteroidota","Bacteroidia","Sphingobacteriales","Lentimicrobiaceae","uncultured__sediment__bacterium"
"OTU_1028","Bin51",0.000117979426531043,"Bacteria","Bacteroidota","Bacteroidia","Bacteroidales","Prolixibacteraceae","Draconibacterium"
"OTU_1024","Bin58",0.000163963436910073,"Bacteria","Bacteroidota","Bacteroidia","Bacteroidales","Marinilabiliaceae","uncultured"
"OTU_1023","Bin44",0.000162974319139905,"Bacteria","Bacteroidota","Bacteroidia","Bacteroidales","Williamwhitmaniaceae","Blvii28__wastewater-sludge__group"
"OTU_1025","Bin61",0.000331328552559476,"Bacteria","Bacteroidota","Bacteroidia","Sphingobacteriales","Lentimicrobiaceae","Lentimicrobium"
"OTU_1030","Bin52",0.000224434822856309,"Bacteria","Bacteroidota","Bacteroidia","Bacteroidales","Prolixibacteraceae","Draconibacterium"
"OTU_1029","Bin54",0.000686191941747058,"Bacteria","Bacteroidota","Bacteroidia","Bacteroidales","Prolixibacteraceae","Sunxiuqinia"
"OTU_1032","Bin51",0.000142107856510544,"Bacteria","Bacteroidota","Bacteroidia","Bacteroidales","Prolixibacteraceae","uncultured"
"OTU_1031","Bin60",6.04432143855509e-05,"Bacteria","Bacteroidota","Bacteroidia","Sphingobacteriales","Lentimicrobiaceae","Lentimicrobium"
"OTU_1036","Bin50",0.000224456537494644,"Bacteria","Bacteroidota","Bacteroidia","Bacteroidales","Marinilabiliaceae","uncultured"
"OTU_1034","Bin54",0.00022335882763294,"Bacteria","Bacteroidota","Bacteroidia","Bacteroidales","Prolixibacteraceae","Sunxiuqinia"
"OTU_1033","Bin52",0.000124557075980434,"Bacteria","Bacteroidota","Bacteroidia","Bacteroidales","Prolixibacteraceae","Draconibacterium"
"OTU_1035","Bin57",0.00025965021746302,"Bacteria","Bacteroidota","Bacteroidia","Bacteroidales","Bacteroidetes__vadinHA17","uncultured__Bacteroidetes__bacterium"
"OTU_1037","Bin33",0.000199883964018511,"Bacteria","Bacteroidota","Bacteroidia","Bacteroidales","Marinifilaceae","Marinifilum"
"OTU_1040","Bin38",0.000133495341844138,"Bacteria","Bacteroidota","Bacteroidia","Bacteroidales","Rikenellaceae","DMER64"
"OTU_1038","Bin41",0.000180183554353355,"Bacteria","Bacteroidota","Bacteroidia","Bacteroidales","Marinilabiliaceae","Carboxylicivirga"
"OTU_1039","Bin54",0.000152862062682905,"Bacteria","Bacteroidota","Bacteroidia","Bacteroidales","Prolixibacteraceae","Sunxiuqinia"
"OTU_1044","Bin41",5.3772583184743e-05,"Bacteria","Bacteroidota","Bacteroidia","Bacteroidales","Marinilabiliaceae","Carboxylicivirga"
"OTU_1041","Bin55",4.89777452511616e-05,"Bacteria","Bacteroidota","Bacteroidia","Bacteroidales","Prolixibacteraceae","Roseimarinus"
"OTU_1043","Bin59",0.000103225336289372,"Bacteria","Bacteroidota","Ignavibacteria","Ignavibacteriales","Melioribacteraceae","IheB3-7"
"OTU_1045","Bin39",9.00297170279217e-05,"Bacteria","Bacteroidota","Bacteroidia","Bacteroidales","Marinifilaceae","uncultured"
"OTU_1048","Bin44",5.2674966381609e-05,"Bacteria","Bacteroidota","Bacteroidia","Bacteroidales","Williamwhitmaniaceae","Blvii28__wastewater-sludge__group"
"OTU_1049","Bin56",9.83883583486104e-05,"Bacteria","Bacteroidota","Bacteroidia","Bacteroidales","Prolixibacteraceae","Draconibacterium"
"OTU_1046","Bin62",4.12153456025303e-05,"Bacteria","Bacteroidota","Bacteroidia","Chitinophagales","uncultured","uncultured__organism"
"OTU_1053","Bin54",6.80601993841007e-05,"Bacteria","Bacteroidota","Bacteroidia","Bacteroidales","Prolixibacteraceae","Sunxiuqinia"
"OTU_1052","Bin48",9.66748126889903e-05,"Bacteria","Bacteroidota","Bacteroidia","Bacteroidales","Prolixibacteraceae","Draconibacterium"
"OTU_1050","Bin41",6.87382619706184e-05,"Bacteria","Bacteroidota","Bacteroidia","Bacteroidales","Marinilabiliaceae","Carboxylicivirga"
"OTU_1051","Bin43",0.000264803918142033,"Bacteria","Bacteroidota","Bacteroidia","Bacteroidales","Prolixibacteraceae","Sunxiuqinia"
"OTU_1042","Bin56",0.000124883695817278,"Bacteria","Bacteroidota","Bacteroidia","Bacteroidales","Marinifilaceae","Marinifilum"
"OTU_1047","Bin34",3.94387084994075e-05,"Bacteria","Bacteroidota","Bacteroidia","Bacteroidales","Marinifilaceae","Marinifilum"
"OTU_1055","Bin42",2.55259225772449e-05,"Bacteria","Bacteroidota","Bacteroidia","Bacteroidales","Bacteroidaceae","Bacteroides"
"OTU_1054","Bin56",6.98737026760989e-05,"Bacteria","Bacteroidota","Bacteroidia","Bacteroidales","Marinilabiliaceae","uncultured"
"OTU_1056","Bin59",9.8128745108867e-05,"Bacteria","Bacteroidota","Bacteroidia","Bacteroidales","Bacteroidetes__BD2-2","uncultured__bacterium"
"OTU_1058","Bin57",0.000162263903364192,"Bacteria","Bacteroidota","Bacteroidia","Bacteroidales","Bacteroidetes__vadinHA17","uncultured__bacterium"
"OTU_1063","Bin52",0.000112977866523292,"Bacteria","Bacteroidota","Bacteroidia","Bacteroidales","Prolixibacteraceae","Draconibacterium"
"OTU_1057","Bin62",5.59309041761797e-05,"Bacteria","Bacteroidota","Bacteroidia","Bacteroidales","Marinifilaceae","Marinifilum"
"OTU_1066","Bin60",2.33037756945354e-05,"Bacteria","Bacteroidota","Bacteroidia","Sphingobacteriales","SBYC-2600","uncultured__organism"
"OTU_1060","Bin57",7.44013956477594e-05,"Bacteria","Bacteroidota","Bacteroidia","Bacteroidales","Bacteroidetes__vadinHA17","uncultured__Cytophagales__bacterium"
"OTU_1061","Bin57",6.16810072584154e-05,"Bacteria","Bacteroidota","Bacteroidia","Bacteroidales","Bacteroidetes__vadinHA17","uncultured__bacterium"
"OTU_1059","Bin56",8.89987727444871e-05,"Bacteria","Bacteroidota","Bacteroidia","Bacteroidales","Prolixibacteraceae","Draconibacterium"
"OTU_1062","Bin56",5.19976406225044e-05,"Bacteria","Bacteroidota","Bacteroidia","Bacteroidales","Prolixibacteraceae","Draconibacterium"
"OTU_1065","Bin58",4.04164602622224e-05,"Bacteria","Bacteroidota","Bacteroidia","Bacteroidales","Marinilabiliaceae","uncultured"
"OTU_1064","Bin54",0.00016442924150888,"Bacteria","Bacteroidota","Bacteroidia","Bacteroidales","Prolixibacteraceae","Sunxiuqinia"
"OTU_1071","Bin54",4.92090915409228e-05,"Bacteria","Bacteroidota","Bacteroidia","Bacteroidales","Prolixibacteraceae","Sunxiuqinia"
"OTU_1067","Bin51",2.28592659283058e-05,"Bacteria","Bacteroidota","Bacteroidia","Bacteroidales","Prolixibacteraceae","uncultured__bacterium"
"OTU_1070","Bin62",2.75383941650605e-05,"Bacteria","Bacteroidota","Bacteroidia","Sphingobacteriales","Lentimicrobiaceae","uncultured__bacterium"
"OTU_1069","Bin58",3.0910198697571e-05,"Bacteria","Bacteroidota","Bacteroidia","Bacteroidales","Marinilabiliaceae","uncultured"
"OTU_1072","Bin61",2.89286195843679e-05,"Bacteria","Bacteroidota","Bacteroidia","Bacteroidales","Rs-E47__termite__group","GWE2-42-42"
"OTU_1073","Bin43",7.65209711641827e-05,"Bacteria","Bacteroidota","Bacteroidia","Sphingobacteriales","Lentimicrobiaceae","uncultured__bacterium"
"OTU_1074","Bin57",6.64332494247211e-05,"Bacteria","Bacteroidota","Bacteroidia","Bacteroidales","Bacteroidetes__vadinHA17","uncultured__bacterium"
"OTU_1076","Bin55",6.34265157906708e-05,"Bacteria","Bacteroidota","Bacteroidia","Bacteroidales","Marinifilaceae","Marinifilum"
"OTU_1079","Bin47",4.78621904884197e-05,"Bacteria","Bacteroidota","Bacteroidia","Sphingobacteriales","Lentimicrobiaceae","uncultured__Bacteroidetes__bacterium"
"OTU_1075","Bin53",4.18949359809493e-05,"Bacteria","Bacteroidota","Bacteroidia","Bacteroidales","Prolixibacteraceae","Mangrovibacterium"
"OTU_1078","Bin50",0.00011081643510266,"Bacteria","Bacteroidota","Bacteroidia","Bacteroidales","Marinilabiliaceae","uncultured"
"OTU_1077","Bin33",0.000121411727701044,"Bacteria","Bacteroidota","Bacteroidia","Bacteroidales","Marinifilaceae","Marinifilum"
"OTU_1068","Bin58",1.88485129858951e-05,"Bacteria","Bacteroidota","Bacteroidia","Bacteroidales","Marinilabiliaceae","uncultured"
"OTU_1082","Bin41",1.74476134592074e-05,"Bacteria","Bacteroidota","Bacteroidia","Bacteroidales","Salinivirgaceae","uncultured"
"OTU_1081","Bin57",4.41402033013181e-05,"Bacteria","Bacteroidota","Bacteroidia","Bacteroidales","Bacteroidetes__vadinHA17","uncultured__bacterium"
"OTU_1083","Bin37",1.73396129505479e-05,"Bacteria","Bacteroidota","Bacteroidia","Bacteroidales","Rikenellaceae","Rikenellaceae__RC9__gut__group"
"OTU_1080","Bin40",3.03563049956828e-05,"Bacteria","Bacteroidota","Bacteroidia","Bacteroidales","Marinifilaceae","uncultured"
"OTU_1087","Bin40",1.75261533028022e-05,"Bacteria","Bacteroidota","Bacteroidia","Bacteroidales","Muribaculaceae","uncultured__bacterium"
"OTU_1084","Bin40",2.51203381147217e-05,"Bacteria","Bacteroidota","Bacteroidia","Bacteroidales","Muribaculaceae","uncultured__bacterium"
"OTU_1085","Bin51",4.36034201288096e-05,"Bacteria","Bacteroidota","Bacteroidia","Bacteroidales","Prolixibacteraceae","uncultured"
"OTU_1086","Bin56",3.27993221626329e-05,"Bacteria","Bacteroidota","Bacteroidia","Bacteroidales","Prolixibacteraceae","Draconibacterium"
"OTU_1089","Bin59",5.57605421162859e-05,"Bacteria","Bacteroidota","Bacteroidia","Bacteroidales","SB-5","uncultured__organism"
"OTU_1088","Bin51",7.90345067493849e-05,"Bacteria","Bacteroidota","Bacteroidia","Bacteroidales","Prolixibacteraceae","Draconibacterium"
"OTU_1090","Bin46",5.07117028590323e-05,"Bacteria","Bacteroidota","Bacteroidia","Bacteroidales","Bacteroidaceae","Bacteroides"
"OTU_1095","Bin55",3.92553527352583e-05,"Bacteria","Bacteroidota","Bacteroidia","Bacteroidales","Marinifilaceae","Marinifilum"
"OTU_1093","Bin34",0.000111903622690828,"Bacteria","Bacteroidota","Bacteroidia","Bacteroidales","Marinifilaceae","Marinifilum"
"OTU_1091","Bin59",2.15941415522863e-05,"Bacteria","Bacteroidota","Bacteroidia","Bacteroidales","SB-5","uncultured__organism"
"OTU_1092","Bin52",3.56407856977704e-05,"Bacteria","Bacteroidota","Bacteroidia","Bacteroidales","Prolixibacteraceae","Draconibacterium"
"OTU_1096","Bin47",0.000107333147196213,"Bacteria","Bacteroidota","Bacteroidia","Bacteroidales","Prolixibacteraceae","Sunxiuqinia"
"OTU_1097","Bin51",6.60137496797249e-05,"Bacteria","Bacteroidota","Bacteroidia","Bacteroidales","Prolixibacteraceae","uncultured__bacterium"
"OTU_1098","Bin33",2.99467668772782e-05,"Bacteria","Bacteroidota","Bacteroidia","Bacteroidales","Marinifilaceae","Marinifilum"
"OTU_1094","Bin61",4.19474310148978e-05,"Bacteria","Bacteroidota","Bacteroidia","Sphingobacteriales","Lentimicrobiaceae","uncultured__bacterium"
"OTU_1100","Bin42",3.71983878279806e-05,"Bacteria","Bacteroidota","Bacteroidia","Bacteroidales","Bacteroidaceae","Bacteroides"
"OTU_1099","Bin59",3.22470958726412e-05,"Bacteria","Bacteroidota","Bacteroidia","Flavobacteriales","Flavobacteriaceae","Maritimimonas"
"OTU_1104","Bin61",2.30159060672851e-05,"Bacteria","Bacteroidota","Bacteroidia","Sphingobacteriales","Lentimicrobiaceae","uncultured__bacterium"
"OTU_1101","Bin55",7.05863051250314e-05,"Bacteria","Bacteroidota","Bacteroidia","Bacteroidales","Prolixibacteraceae","Sunxiuqinia"
"OTU_1107","Bin40",1.04308451233547e-05,"Bacteria","Bacteroidota","Bacteroidia","Bacteroidales","Muribaculaceae","uncultured__bacterium"
"OTU_1108","Bin62",2.82580720711049e-05,"Bacteria","Bacteroidota","Bacteroidia","Sphingobacteriales","Lentimicrobiaceae","uncultured__bacterium"
"OTU_1103","Bin48",1.58320067380426e-05,"Bacteria","Bacteroidota","Bacteroidia","Sphingobacteriales","Lentimicrobiaceae","uncultured__bacterium"
"OTU_1105","Bin59",7.27980293109473e-05,"Bacteria","Bacteroidota","Bacteroidia","Bacteroidales","Bacteroidetes__BD2-2","uncultured__bacterium"
"OTU_1102","Bin32",5.08802881401131e-05,"Bacteria","Bacteroidota","Bacteroidia","Flavobacteriales","Flavobacteriaceae","Muricauda"
"OTU_1110","Bin48",1.84047092865479e-05,"Bacteria","Bacteroidota","Bacteroidia","Sphingobacteriales","Lentimicrobiaceae","uncultured__bacterium"
"OTU_1111","Bin124",1.37595048220023e-05,"Bacteria","Bacteroidota","Bacteroidia","Bacteroidales","Bacteroidaceae","Bacteroides"
"OTU_1106","Bin48",1.50204508371349e-05,"Bacteria","Bacteroidota","Bacteroidia","Bacteroidales","Marinilabiliaceae","Carboxylicivirga"
"OTU_1109","Bin53",0.000252503359176367,"Bacteria","Bacteroidota","Bacteroidia","Bacteroidales","Prolixibacteraceae","Mangrovibacterium"
"OTU_1113","Bin62",2.42350821976355e-05,"Bacteria","Bacteroidota","Bacteroidia","Bacteroidetes__VC2.1__Bac22","uncultured__bacterium","uncultured__bacterium"
"OTU_1114","Bin56",2.45367816931138e-05,"Bacteria","Bacteroidota","Bacteroidia","Bacteroidales","Marinifilaceae","uncultured"
"OTU_1115","Bin41",1.08347380757855e-05,"Bacteria","Bacteroidota","Bacteroidia","Bacteroidales","Rikenellaceae","Rikenella"
"OTU_1112","Bin54",5.14212839604549e-05,"Bacteria","Bacteroidota","Bacteroidia","Bacteroidales","Prolixibacteraceae","Sunxiuqinia"
"OTU_1117","Bin43",3.57281781509552e-05,"Bacteria","Bacteroidota","Bacteroidia","Bacteroidales","Marinifilaceae","uncultured"
"OTU_1118","Bin68",1.10499050502278e-05,"Bacteria","Cyanobacteria","Vampirivibrionia","Gastranaerophilales","uncultured__bacterium","uncultured__bacterium"
"OTU_1116","Bin59",2.73915988281813e-05,"Bacteria","Bacteroidota","Bacteroidia","Bacteroidales","Prolixibacteraceae","Roseimarinus"
"OTU_1120","Bin51",3.84116814431179e-05,"Bacteria","Bacteroidota","Bacteroidia","Bacteroidales","Prolixibacteraceae","uncultured"
"OTU_1124","Bin54",3.8517812368739e-05,"Bacteria","Bacteroidota","Bacteroidia","Bacteroidales","Prolixibacteraceae","Sunxiuqinia"
"OTU_1119","Bin54",4.94247866109742e-05,"Bacteria","Bacteroidota","Bacteroidia","Bacteroidales","Prolixibacteraceae","Sunxiuqinia"
"OTU_1122","Bin46",3.83525326202929e-05,"Bacteria","Bacteroidota","Bacteroidia","Bacteroidales","Bacteroidaceae","Bacteroides"
"OTU_1127","Bin32",3.47282887334495e-05,"Bacteria","Bacteroidota","Bacteroidia","Flavobacteriales","Flavobacteriaceae","Robiginitalea"
"OTU_1121","Bin53",8.8285953715843e-06,"Bacteria","Bacteroidota","Bacteroidia","Bacteroidales","Prolixibacteraceae","Mangrovibacterium"
"OTU_1126","Bin55",5.9501367096935e-05,"Bacteria","Bacteroidota","Bacteroidia","Bacteroidales","Prolixibacteraceae","Sunxiuqinia"
"OTU_1123","Bin53",2.57742856047819e-05,"Bacteria","Bacteroidota","Bacteroidia","Bacteroidales","Prolixibacteraceae","Mangrovibacterium"
"OTU_1128","Bin57",4.11546157215942e-05,"Bacteria","Bacteroidota","Bacteroidia","Bacteroidales","Bacteroidetes__vadinHA17","uncultured__bacterium"
"OTU_1130","Bin51",2.98872620377639e-05,"Bacteria","Bacteroidota","Bacteroidia","Bacteroidales","Prolixibacteraceae","uncultured"
"OTU_1125","Bin42",9.96844777758788e-06,"Bacteria","Bacteroidota","Bacteroidia","Bacteroidales","Bacteroidaceae","Bacteroides"
"OTU_1131","Bin43",2.10655410586759e-05,"Bacteria","Bacteroidota","Bacteroidia","Bacteroidales","Bacteroidaceae","Bacteroides"
"OTU_1129","Bin32",1.35572167459114e-05,"Bacteria","Bacteroidota","Bacteroidia","Flavobacteriales","Flavobacteriaceae","Actibacter"
"OTU_1132","Bin32",7.24685282123107e-06,"Bacteria","Bacteroidota","Bacteroidia","Flavobacteriales","Flavobacteriaceae","Algibacter"
"OTU_1133","Bin57",1.61458339414501e-05,"Bacteria","Bacteroidota","Bacteroidia","Bacteroidales","Bacteroidetes__vadinHA17","uncultured__bacterium"
"OTU_1138","Bin57",3.09385651830573e-05,"Bacteria","Bacteroidota","Bacteroidia","Bacteroidales","Bacteroidetes__vadinHA17","uncultured__bacterium"
"OTU_1135","Bin39",7.19230491128349e-06,"Bacteria","Bacteroidota","Bacteroidia","Bacteroidales","Marinifilaceae","uncultured"
"OTU_1137","Bin53",1.66823988978513e-05,"Bacteria","Bacteroidota","Bacteroidia","Bacteroidales","Prolixibacteraceae","Mangrovibacterium"
"OTU_1136","Bin52",3.56617612456233e-05,"Bacteria","Bacteroidota","Bacteroidia","Bacteroidales","Prolixibacteraceae","Draconibacterium"
"OTU_1134","Bin58",1.37941825879903e-05,"Bacteria","Bacteroidota","Bacteroidia","Bacteroidales","Marinilabiliaceae","uncultured"
"OTU_1142","Bin53",9.98636427055759e-06,"Bacteria","Bacteroidota","Bacteroidia","Bacteroidales","Prolixibacteraceae","Mangrovibacterium"
"OTU_1141","Bin42",1.26639595156717e-05,"Bacteria","Bacteroidota","Bacteroidia","Bacteroidales","Bacteroidaceae","Bacteroides"
"OTU_1144","Bin34",8.9800247437966e-06,"Bacteria","Bacteroidota","Bacteroidia","Bacteroidales","Marinifilaceae","Marinifilum"
"OTU_1143","Bin54",1.10748562897024e-05,"Bacteria","Bacteroidota","Bacteroidia","Bacteroidales","Prolixibacteraceae","Sunxiuqinia"
"OTU_1140","Bin62",8.61578419132541e-06,"Bacteria","Bacteroidota","Bacteroidia","Bacteroidales","Prolixibacteraceae","Mangrovibacterium"
"OTU_1146","Bin59",6.20593968531692e-06,"Bacteria","Bacteroidota","Bacteroidia","Bacteroidales","Bacteroidetes__BD2-2","uncultured__Bacteroidetes__bacterium"
"OTU_1147","Bin60",1.14144911265131e-05,"Bacteria","Bacteroidota","Bacteroidia","Sphingobacteriales","Lentimicrobiaceae","uncultured__organism"
"OTU_1139","Bin32",4.01581995163283e-05,"Bacteria","Bacteroidota","Bacteroidia","Flavobacteriales","Flavobacteriaceae","Actibacter"
"OTU_1148","Bin56",3.34203863728083e-06,"Bacteria","Bacteroidota","Bacteroidia","Bacteroidales","Marinilabiliaceae","uncultured"
"OTU_1145","Bin59",2.41078934483831e-05,"Bacteria","Bacteroidota","Bacteroidia","Bacteroidales","SB-5","uncultured__bacterium"
"OTU_1150","Bin54",0.000189131475295805,"Bacteria","Bacteroidota","Bacteroidia","Bacteroidales","Prolixibacteraceae","Sunxiuqinia"
"OTU_1152","Bin41",1.02146091197571e-05,"Bacteria","Bacteroidota","Bacteroidia","Bacteroidales","Marinilabiliaceae","Carboxylicivirga"
"OTU_1151","Bin39",1.80697605652244e-05,"Bacteria","Bacteroidota","Bacteroidia","Bacteroidales","Marinifilaceae","uncultured"
"OTU_1149","Bin91",1.19269370795625e-05,"Bacteria","Firmicutes","Bacilli","Erysipelotrichales","Erysipelotrichaceae","Erysipelothrix"
"OTU_1156","Bin42",1.00380733097086e-05,"Bacteria","Bacteroidota","Bacteroidia","Bacteroidales","Paludibacteraceae","uncultured"
"OTU_1155","Bin44",4.45880594939436e-05,"Bacteria","Bacteroidota","Bacteroidia","Bacteroidales","Williamwhitmaniaceae","Blvii28__wastewater-sludge__group"
"OTU_1153","Bin51",2.8977787646092e-05,"Bacteria","Bacteroidota","Bacteroidia","Bacteroidales","Prolixibacteraceae","uncultured"
"OTU_1157","Bin43",4.35151405847646e-05,"Bacteria","Bacteroidota","Bacteroidia","Bacteroidales","Prolixibacteraceae","Mangrovibacterium"
"OTU_1158","Bin47",1.96040623169305e-05,"Bacteria","Bacteroidota","Bacteroidia","Bacteroidales","Prolixibacteraceae","Sunxiuqinia"
"OTU_1161","Bin47",2.85075694784041e-05,"Bacteria","Bacteroidota","Bacteroidia","Bacteroidales","Marinilabiliaceae","Mangroviflexus"
"OTU_1160","Bin34",5.60565898577717e-06,"Bacteria","Bacteroidota","Bacteroidia","Bacteroidales","Marinifilaceae","Marinifilum"
"OTU_1154","Bin52",1.80440894783142e-05,"Bacteria","Bacteroidota","Bacteroidia","Bacteroidales","Prolixibacteraceae","Draconibacterium"
"OTU_1165","Bin34",3.1117455291977e-05,"Bacteria","Bacteroidota","Bacteroidia","Bacteroidales","Marinifilaceae","Marinifilum"
"OTU_1159","Bin42",4.97937664259964e-06,"Bacteria","Bacteroidota","Bacteroidia","Bacteroidales","Bacteroidaceae","Bacteroides"
"OTU_1163","Bin34",1.22715179429324e-05,"Bacteria","Bacteroidota","Bacteroidia","Bacteroidales","Bacteroidetes__vadinHA17","uncultured__bacterium"
"OTU_1162","Bin42",1.32756083795925e-05,"Bacteria","Bacteroidota","Bacteroidia","Bacteroidales","Dysgonomonadaceae","Proteiniphilum"
"OTU_1164","Bin59",2.2027132344931e-05,"Bacteria","Bacteroidota","Bacteroidia","Bacteroidales","Bacteroidetes__BD2-2","uncultured__organism"
"OTU_1167","Bin56",1.77484562266222e-05,"Bacteria","Bacteroidota","Bacteroidia","Bacteroidales","Prolixibacteraceae","Mangrovibacterium"
"OTU_1170","Bin39",2.96530565592726e-05,"Bacteria","Bacteroidota","Bacteroidia","Bacteroidales","Marinifilaceae","uncultured"
"OTU_1171","Bin32",1.32344792536499e-05,"Bacteria","Bacteroidota","Bacteroidia","Flavobacteriales","Flavobacteriaceae","Maribacter"
"OTU_1166","Bin56",2.16641332100892e-05,"Bacteria","Bacteroidota","Bacteroidia","Bacteroidales","Marinilabiliaceae","uncultured"
"OTU_1168","Bin42",1.88089905810322e-05,"Bacteria","Bacteroidota","Bacteroidia","Bacteroidales","Bacteroidaceae","Bacteroides"
"OTU_1169","Bin59",1.5116174982161e-05,"Bacteria","Bacteroidota","Ignavibacteria","Ignavibacteriales","PHOS-HE36","uncultured__bacterium"
"OTU_1173","Bin51",5.22884273507536e-06,"Bacteria","Bacteroidota","Bacteroidia","Bacteroidales","Prolixibacteraceae","uncultured"
"OTU_1172","Bin51",1.47623573627261e-05,"Bacteria","Bacteroidota","Bacteroidia","Bacteroidales","Prolixibacteraceae","Tangfeifania"
"OTU_1174","Bin48",1.65484687815048e-05,"Bacteria","Bacteroidota","Bacteroidia","Bacteroidales","Bacteroidetes__vadinHA17","uncultured__bacterium"
"OTU_1175","Bin54",1.10626514502429e-05,"Bacteria","Bacteroidota","Bacteroidia","Bacteroidales","Prolixibacteraceae","Sunxiuqinia"
"OTU_1179","Bin60",1.07901636654685e-05,"Bacteria","Bacteroidota","Bacteroidia","Sphingobacteriales","Lentimicrobiaceae","uncultured__bacterium"
"OTU_1177","Bin34",4.0209628173462e-05,"Bacteria","Bacteroidota","Bacteroidia","Bacteroidales","Marinifilaceae","Marinifilum"
"OTU_1181","Bin54",8.61292866510486e-06,"Bacteria","Bacteroidota","Bacteroidia","Bacteroidales","Prolixibacteraceae","Sunxiuqinia"
"OTU_1176","Bin40",3.55958769316791e-06,"Bacteria","Bacteroidota","Bacteroidia","Bacteroidales","Barnesiellaceae","Barnesiella"
"OTU_1180","Bin41",1.68954933548573e-05,"Bacteria","Bacteroidota","Bacteroidia","Bacteroidales","Marinilabiliaceae","Carboxylicivirga"
"OTU_1178","Bin56",3.32444938119577e-05,"Bacteria","Bacteroidota","Bacteroidia","Bacteroidales","Bacteroidetes__vadinHA17","uncultured__bacterium"
"OTU_1182","Bin35",3.38450246536861e-06,"Bacteria","Bacteroidota","Bacteroidia","Bacteroidales","F082","uncultured__bacterium"
"OTU_1183","Bin56",1.75244880149357e-05,"Bacteria","Bacteroidota","Bacteroidia","Bacteroidales","Prolixibacteraceae","Draconibacterium"
"OTU_1184","Bin46",5.09435301378444e-05,"Bacteria","Bacteroidota","Bacteroidia","Bacteroidales","Bacteroidaceae","Bacteroides"
"OTU_1189","Bin48",1.38708476660324e-05,"Bacteria","Bacteroidota","Bacteroidia","Bacteroidales","Marinilabiliaceae","uncultured"
"OTU_1188","Bin59",1.38579829500906e-05,"Bacteria","Bacteroidota","Bacteroidia","Bacteroidales","Bacteroidetes__BD2-2","uncultured__organism"
"OTU_1186","Bin32",2.43148107340926e-05,"Bacteria","Bacteroidota","Bacteroidia","Flavobacteriales","Flavobacteriaceae","Winogradskyella"
"OTU_1192","Bin52",1.16360793282454e-05,"Bacteria","Bacteroidota","Bacteroidia","Bacteroidales","Prolixibacteraceae","Draconibacterium"
"OTU_1185","Bin43",1.57548173047434e-05,"Bacteria","Bacteroidota","Bacteroidia","Bacteroidales","Bacteroidaceae","Bacteroides"
"OTU_1187","Bin39",1.58541947593544e-05,"Bacteria","Bacteroidota","Bacteroidia","Bacteroidales","Marinifilaceae","uncultured"
"OTU_1191","Bin38",8.28187791963682e-06,"Bacteria","Bacteroidota","Bacteroidia","Bacteroidales","Rikenellaceae","uncultured"
"OTU_1194","Bin38",2.47655238543388e-05,"Bacteria","Bacteroidota","Bacteroidia","Bacteroidales","Rikenellaceae","uncultured"
"OTU_1193","Bin56",2.39601035866796e-05,"Bacteria","Bacteroidota","Bacteroidia","Bacteroidales","Prolixibacteraceae","Draconibacterium"
"OTU_1190","Bin4",1.03889228916895e-05,"Bacteria","Cloacimonadota","Cloacimonadia","Cloacimonadales","MSBL8","uncultured__bacterium"
"OTU_1196","Bin37",1.17479994691532e-05,"Bacteria","Bacteroidota","Bacteroidia","Bacteroidales","Rikenellaceae","uncultured"
"OTU_1195","Bin56",1.76622706123031e-05,"Bacteria","Bacteroidota","Bacteroidia","Bacteroidales","Prolixibacteraceae","Draconibacterium"
"OTU_1198","Bin48",5.99972910873298e-06,"Bacteria","Bacteroidota","Bacteroidia","Bacteroidales","Marinilabiliaceae","uncultured"
"OTU_1200","Bin55",1.40395464792283e-05,"Bacteria","Bacteroidota","Bacteroidia","Bacteroidales","Prolixibacteraceae","Roseimarinus"
"OTU_1197","Bin46",0.00205182559391934,"Bacteria","Bacteroidota","Bacteroidia","Bacteroidales","Bacteroidaceae","Bacteroides"
"OTU_1201","Bin55",3.35332564678961e-05,"Bacteria","Bacteroidota","Bacteroidia","Bacteroidales","Marinifilaceae","uncultured"
"OTU_1202","Bin42",8.71260714698521e-06,"Bacteria","Bacteroidota","Bacteroidia","Bacteroidales","Bacteroidaceae","Bacteroides"
"OTU_1199","Bin38",1.40205571271952e-05,"Bacteria","Bacteroidota","Bacteroidia","Sphingobacteriales","Lentimicrobiaceae","uncultured__bacterium"
"OTU_1204","Bin56",2.36382185628256e-05,"Bacteria","Bacteroidota","Bacteroidia","Bacteroidales","Prolixibacteraceae","Draconibacterium"
"OTU_1209","Bin62",3.34127287047654e-05,"Bacteria","Bacteroidota","Bacteroidia","Sphingobacteriales","Lentimicrobiaceae","uncultured__bacterium"
"OTU_1203","Bin59",7.06987085418616e-06,"Bacteria","Bacteroidota","Bacteroidia","Bacteroidales","Bacteroidetes__BD2-2","uncultured__Bacteroidetes__bacterium"
"OTU_1207","Bin60",1.54794168486818e-05,"Bacteria","Bacteroidota","Bacteroidia","Sphingobacteriales","Lentimicrobiaceae","uncultured__bacterium"
"OTU_1205","Bin35",1.4860709618319e-05,"Bacteria","Bacteroidota","Bacteroidia","Bacteroidales","Prolixibacteraceae","Draconibacterium"
"OTU_1206","Bin32",2.07972182790243e-05,"Bacteria","Bacteroidota","Bacteroidia","Flavobacteriales","Flavobacteriaceae","uncultured"
"OTU_1208","Bin39",1.24304146588971e-05,"Bacteria","Bacteroidota","Bacteroidia","Bacteroidales","Prolixibacteraceae","Sunxiuqinia"
"OTU_1210","Bin62",3.9944193091029e-06,"Bacteria","Bacteroidota","Bacteroidia","Sphingobacteriales","ST-12K33","uncultured__Cytophagales__bacterium"
"OTU_1213","Bin54",0.000106250301246248,"Bacteria","Bacteroidota","Bacteroidia","Bacteroidales","Prolixibacteraceae","Sunxiuqinia"
"OTU_1211","Bin56",1.44631357798632e-05,"Bacteria","Bacteroidota","Bacteroidia","Bacteroidales","Prolixibacteraceae","Draconibacterium"
"OTU_1212","Bin49",8.80787353923286e-06,"Bacteria","Bacteroidota","Bacteroidia","Bacteroidales","Marinilabiliaceae","uncultured"
"OTU_1214","Bin54",5.29713138998407e-05,"Bacteria","Bacteroidota","Bacteroidia","Bacteroidales","Prolixibacteraceae","Sunxiuqinia"
"OTU_1219","Bin57",1.47730911199319e-05,"Bacteria","Bacteroidota","Bacteroidia","Bacteroidales","Bacteroidetes__vadinHA17","uncultured__bacterium"
"OTU_1218","Bin49",1.40603198593114e-05,"Bacteria","Bacteroidota","Bacteroidia","Bacteroidales","SB-5","uncultured__organism"
"OTU_1216","Bin61",3.09968506504493e-06,"Bacteria","Bacteroidota","Bacteroidia","Flavobacteriales","Crocinitomicaceae","Salinirepens"
"OTU_1217","Bin51",1.01935540247524e-05,"Bacteria","Bacteroidota","Bacteroidia","Bacteroidales","Prolixibacteraceae","uncultured"
"OTU_1215","Bin40",8.8388739559835e-06,"Bacteria","Bacteroidota","Bacteroidia","Bacteroidales","Muribaculaceae","uncultured__bacterium"
"OTU_1220","Bin61",2.5925745712566e-06,"Bacteria","Bacteroidota","Bacteroidia","Sphingobacteriales","Lentimicrobiaceae","uncultured__Bacteroidetes__bacterium"
"OTU_1224","Bin50",2.10964483049018e-05,"Bacteria","Bacteroidota","Bacteroidia","Bacteroidales","Prolixibacteraceae","Draconibacterium"
"OTU_1223","Bin61",1.60598546179583e-06,"Bacteria","Bacteroidota","Bacteroidia","Sphingobacteriales","Lentimicrobiaceae","uncultured__organism"
"OTU_1221","Bin41",1.26764676413277e-05,"Bacteria","Bacteroidota","Bacteroidia","Bacteroidales","Marinilabiliaceae","Carboxylicivirga"
"OTU_1227","Bin43",1.84459746242869e-05,"Bacteria","Bacteroidota","Bacteroidia","Bacteroidales","Bacteroidaceae","Bacteroides"
"OTU_1226","Bin61",6.41235303549201e-06,"Bacteria","Bacteroidota","Bacteroidia","Sphingobacteriales","Lentimicrobiaceae","Lentimicrobium"
"OTU_1222","Bin62",7.57676143661258e-06,"Bacteria","Bacteroidota","Bacteroidia","Sphingobacteriales","ST-12K33","uncultured__bacterium"
"OTU_1230","Bin61",3.56938747475317e-06,"Bacteria","Bacteroidota","Bacteroidia","Bacteroidales","Rs-E47__termite__group","GWE2-42-42"
"OTU_1225","Bin39",5.73253693766475e-06,"Bacteria","Bacteroidota","Bacteroidia","Bacteroidales","Marinifilaceae","uncultured"
"OTU_1228","Bin50",9.83881804312335e-06,"Bacteria","Bacteroidota","Bacteroidia","Bacteroidales","Marinilabiliaceae","uncultured"
"OTU_1231","Bin38",1.53268705231594e-05,"Bacteria","Bacteroidota","Bacteroidia","Bacteroidales","Prolixibacteraceae","Draconibacterium"
"OTU_1232","Bin52",6.56670008291587e-05,"Bacteria","Bacteroidota","Bacteroidia","Bacteroidales","Prolixibacteraceae","Draconibacterium"
"OTU_1236","Bin42",1.45057358962993e-05,"Bacteria","Bacteroidota","Bacteroidia","Bacteroidales","Bacteroidaceae","Bacteroides"
"OTU_1234","Bin55",2.44266261629541e-05,"Bacteria","Bacteroidota","Bacteroidia","Bacteroidales","Prolixibacteraceae","Sunxiuqinia"
"OTU_1233","Bin54",8.4908007945372e-06,"Bacteria","Bacteroidota","Bacteroidia","Bacteroidales","Prolixibacteraceae","Sunxiuqinia"
"OTU_1235","Bin54",6.82179179997276e-06,"Bacteria","Bacteroidota","Bacteroidia","Bacteroidales","Prolixibacteraceae","Sunxiuqinia"
"OTU_1229","Bin33",0.000300470797052683,"Bacteria","Bacteroidota","Bacteroidia","Bacteroidales","Marinifilaceae","Marinifilum"
"OTU_1239","Bin50",2.50496340451643e-05,"Bacteria","Bacteroidota","Bacteroidia","Bacteroidales","Marinilabiliaceae","uncultured"
"OTU_1237","Bin34",1.61112081536449e-05,"Bacteria","Bacteroidota","Bacteroidia","Bacteroidales","Marinifilaceae","Marinifilum"
"OTU_1238","Bin34",1.08278533017614e-05,"Bacteria","Bacteroidota","Bacteroidia","Bacteroidales","Marinifilaceae","Marinifilum"
"OTU_1240","Bin50",2.64389610312208e-05,"Bacteria","Bacteroidota","Bacteroidia","Bacteroidales","Marinilabiliaceae","uncultured"
"OTU_1246","Bin62",1.94670916727742e-05,"Bacteria","Bacteroidota","Bacteroidia","Bacteroidales","Marinilabiliaceae","Carboxylicivirga"
"OTU_1243","Bin52",9.90087888541448e-06,"Bacteria","Bacteroidota","Bacteroidia","Bacteroidales","Prolixibacteraceae","Draconibacterium"
"OTU_1244","Bin5",5.85211556497184e-06,"Bacteria","Campilobacterota","Campylobacteria","Campylobacterales","Sulfurospirillaceae","Sulfurospirillum"
"OTU_1242","Bin51",6.82666971029616e-06,"Bacteria","Bacteroidota","Bacteroidia","Bacteroidales","Prolixibacteraceae","uncultured"
"OTU_1248","Bin62",6.17970976374969e-06,"Bacteria","Bacteroidota","Bacteroidia","Sphingobacteriales","Lentimicrobiaceae","uncultured__bacterium"
"OTU_1247","Bin52",2.22223577105374e-05,"Bacteria","Bacteroidota","Bacteroidia","Bacteroidales","Prolixibacteraceae","Draconibacterium"
"OTU_1241","Bin58",4.35761113054196e-06,"Bacteria","Bacteroidota","Bacteroidia","Bacteroidales","Marinilabiliaceae","uncultured"
"OTU_1245","Bin33",8.47264955610239e-06,"Bacteria","Bacteroidota","Bacteroidia","Bacteroidales","Marinifilaceae","Marinifilum"
"OTU_1249","Bin47",9.8218215632933e-06,"Bacteria","Bacteroidota","Bacteroidia","Bacteroidetes__VC2.1__Bac22","uncultured__bacterium","uncultured__bacterium"
"OTU_1254","Bin62",8.29069484952116e-06,"Bacteria","Bacteroidota","Bacteroidia","Sphingobacteriales","Lentimicrobiaceae","uncultured__bacterium"
"OTU_1252","Bin38",5.54540441455295e-06,"Bacteria","Bacteroidota","Bacteroidia","Bacteroidales","Rikenellaceae","uncultured"
"OTU_1250","Bin56",2.0372944787281e-05,"Bacteria","Bacteroidota","Bacteroidia","Bacteroidales","Prolixibacteraceae","Draconibacterium"
"OTU_1253","Bin52",9.82136865884838e-06,"Bacteria","Bacteroidota","Bacteroidia","Bacteroidales","Prolixibacteraceae","Draconibacterium"
"OTU_1256","Bin48",6.02244744866847e-06,"Bacteria","Bacteroidota","Bacteroidia","Sphingobacteriales","Lentimicrobiaceae","uncultured__sediment__bacterium"
"OTU_1255","Bin48",8.51603178321628e-06,"Bacteria","Bacteroidota","Bacteroidia","Bacteroidales","Marinilabiliaceae","Labilibacter"
"OTU_1251","Bin37",7.96823524505977e-06,"Bacteria","Bacteroidota","Bacteroidia","Bacteroidales","Rikenellaceae","uncultured"
"OTU_1257","Bin62",1.27688032913076e-05,"Bacteria","Bacteroidota","Bacteroidia","Bacteroidales","Prolixibacteraceae","Sunxiuqinia"
"OTU_1259","Bin62",5.21921392328927e-06,"Bacteria","Bacteroidota","Bacteroidia","Sphingobacteriales","Lentimicrobiaceae","uncultured__bacterium"
"OTU_1263","Bin47",2.34107198873603e-05,"Bacteria","Bacteroidota","Bacteroidia","Bacteroidales","Prolixibacteraceae","Sunxiuqinia"
"OTU_1258","Bin48",2.36473537726863e-05,"Bacteria","Bacteroidota","Bacteroidia","Sphingobacteriales","Lentimicrobiaceae","uncultured__bacterium"
"OTU_1262","Bin47",1.57496203549347e-05,"Bacteria","Bacteroidota","Bacteroidia","Bacteroidales","Prolixibacteraceae","Mangrovibacterium"
"OTU_1261","Bin37",1.26694322118272e-05,"Bacteria","Bacteroidota","Bacteroidia","Bacteroidales","Rikenellaceae","uncultured"
"OTU_1260","Bin62",1.28527540011799e-05,"Bacteria","Bacteroidota","Bacteroidia","Sphingobacteriales","Lentimicrobiaceae","uncultured__bacterium"
"OTU_1265","Bin53",4.96520560873926e-06,"Bacteria","Bacteroidota","Bacteroidia","Bacteroidales","Marinilabiliaceae","Labilibacter"
"OTU_1264","Bin56",3.40214610249849e-06,"Bacteria","Bacteroidota","Bacteroidia","Bacteroidales","Prolixibacteraceae","Draconibacterium"
"OTU_1266","Bin56",1.37312551949638e-05,"Bacteria","Bacteroidota","Bacteroidia","Bacteroidales","Marinilabiliaceae","Carboxylicivirga"
"OTU_1267","Bin34",0.000212212711183373,"Bacteria","Bacteroidota","Bacteroidia","Bacteroidales","Marinifilaceae","Marinifilum"
"OTU_1269","Bin46",2.88650468841349e-06,"Bacteria","Bacteroidota","Bacteroidia","Bacteroidales","Bacteroidaceae","Bacteroides"
"OTU_1271","Bin51",2.42775133076703e-06,"Bacteria","Bacteroidota","Bacteroidia","Bacteroidales","Prolixibacteraceae","uncultured"
"OTU_1270","Bin55",4.64043416341876e-06,"Bacteria","Bacteroidota","Bacteroidia","Bacteroidales","Prolixibacteraceae","Roseimarinus"
"OTU_1273","Bin32",1.59414483224275e-05,"Bacteria","Bacteroidota","Bacteroidia","Flavobacteriales","Flavobacteriaceae","Robertkochia__marina"
"OTU_1276","Bin62",1.13560173609823e-05,"Bacteria","Bacteroidota","Bacteroidia","Chitinophagales","Chitinophagaceae","Flavihumibacter"
"OTU_1268","Bin43",8.84622713155511e-06,"Bacteria","Bacteroidota","Bacteroidia","Bacteroidales","Marinilabiliaceae","Marinilabilia"
"OTU_1275","Bin39",1.70632539693673e-05,"Bacteria","Bacteroidota","Bacteroidia","Bacteroidales","Marinifilaceae","uncultured"
"OTU_1277","Bin52",8.26967816733603e-06,"Bacteria","Bacteroidota","Bacteroidia","Bacteroidales","Prolixibacteraceae","uncultured"
"OTU_1272","Bin59",1.46175285267898e-05,"Bacteria","Bacteroidota","Ignavibacteria","Ignavibacteriales","PHOS-HE36","uncultured__bacterium"
"OTU_1279","Bin32",1.76607325403867e-05,"Bacteria","Bacteroidota","Bacteroidia","Flavobacteriales","Flavobacteriaceae","Lutibacter"
"OTU_1285","Bin50",4.98803161792083e-06,"Bacteria","Bacteroidota","Bacteroidia","Bacteroidales","Marinilabiliaceae","uncultured"
"OTU_1274","Bin51",1.37059692100556e-05,"Bacteria","Bacteroidota","Bacteroidia","Bacteroidales","Prolixibacteraceae","uncultured"
"OTU_1280","Bin39",4.2176856152822e-06,"Bacteria","Bacteroidota","Bacteroidia","Bacteroidales","Marinifilaceae","uncultured"
"OTU_1278","Bin51",3.57101884833536e-06,"Bacteria","Bacteroidota","Bacteroidia","Bacteroidales","Prolixibacteraceae","uncultured"
"OTU_1284","Bin44",1.27736543230416e-05,"Bacteria","Bacteroidota","Bacteroidia","Bacteroidales","Rikenellaceae","uncultured"
"OTU_1283","Bin43",1.11004113853795e-05,"Bacteria","Bacteroidota","Bacteroidia","Bacteroidales","Marinilabiliaceae","uncultured"
"OTU_1281","Bin52",8.35368957930345e-06,"Bacteria","Bacteroidota","Bacteroidia","Bacteroidales","Prolixibacteraceae","Draconibacterium"
"OTU_1288","Bin60",3.20923737590539e-06,"Bacteria","Bacteroidota","Bacteroidia","Sphingobacteriales","Lentimicrobiaceae","Lentimicrobium"
"OTU_1287","Bin35",4.62435122053883e-06,"Bacteria","Bacteroidota","Bacteroidia","Bacteroidales","Marinifilaceae","Marinifilum"
"OTU_1286","Bin43",7.86920020631208e-06,"Bacteria","Bacteroidota","Bacteroidia","Bacteroidales","Marinilabiliaceae","uncultured"
"OTU_1293","Bin43",5.90001653880552e-06,"Bacteria","Bacteroidota","Bacteroidia","Bacteroidales","Bacteroidaceae","Bacteroides"
"OTU_1282","Bin59",8.07857452357207e-06,"Bacteria","Bacteroidota","Bacteroidia","Bacteroidales","Bacteroidetes__BD2-2","uncultured__Cytophagales__bacterium"
"OTU_1290","Bin41",6.82947278401801e-06,"Bacteria","Bacteroidota","Bacteroidia","Bacteroidales","Salinivirgaceae","uncultured"
"OTU_1292","Bin46",9.03541033235194e-06,"Bacteria","Bacteroidota","Bacteroidia","Bacteroidales","Marinilabiliaceae","Labilibacter"
"OTU_1294","Bin44",9.61930542842448e-06,"Bacteria","Bacteroidota","Bacteroidia","Bacteroidales","Williamwhitmaniaceae","Blvii28__wastewater-sludge__group"
"OTU_1296","Bin61",5.10201979999755e-06,"Bacteria","Bacteroidota","Bacteroidia","Sphingobacteriales","Lentimicrobiaceae","uncultured__bacterium"
"OTU_1298","Bin48",5.57799719611632e-06,"Bacteria","Bacteroidota","Bacteroidia","Bacteroidales","Marinilabiliaceae","uncultured"
"OTU_1297","Bin49",2.83731731025544e-06,"Bacteria","Bacteroidota","Bacteroidia","Bacteroidales","Marinifilaceae","Marinifilum"
"OTU_1289","Bin62",3.78735953006801e-06,"Bacteria","Bacteroidota","Bacteroidia","Bacteroidetes__VC2.1__Bac22","uncultured__bacterium","uncultured__bacterium"
"OTU_1291","Bin38",4.03864403111671e-06,"Bacteria","Bacteroidota","Bacteroidia","Bacteroidales","Marinifilaceae","Marinifilum"
"OTU_1295","Bin48",2.05731006445999e-06,"Bacteria","Bacteroidota","Bacteroidia","Bacteroidales","Marinifilaceae","Marinifilum"
"OTU_1299","Bin59",2.24487569832236e-06,"Bacteria","Bacteroidota","Bacteroidia","Bacteroidales","Prolixibacteraceae","Roseimarinus"
"OTU_1302","Bin68",3.20299355487656e-06,"Bacteria","Cyanobacteria","Vampirivibrionia","Gastranaerophilales","uncultured__bacterium","uncultured__bacterium"
"OTU_1301","Bin56",1.25455224181978e-05,"Bacteria","Bacteroidota","Bacteroidia","Bacteroidales","Prolixibacteraceae","Draconibacterium"
"OTU_1303","Bin48",1.37220218104549e-05,"Bacteria","Bacteroidota","Bacteroidia","Bacteroidales","SB-5","uncultured__organism"
"OTU_1304","Bin3",1.10306776133303e-05,"Bacteria","Cloacimonadota","Cloacimonadia","Cloacimonadales","LK-44f","uncultured__bacterium"
"OTU_1300","Bin47",1.19776699793455e-05,"Bacteria","Bacteroidota","Bacteroidia","Bacteroidales","Marinilabiliaceae","Carboxylicivirga"
"OTU_1306","Bin4",1.27490221111322e-05,"Bacteria","Cloacimonadota","Cloacimonadia","Cloacimonadales","MSBL8","uncultured__bacterium"
"OTU_1305","Bin44",6.80484209436631e-06,"Bacteria","Bacteroidota","Bacteroidia","Bacteroidales","Williamwhitmaniaceae","Blvii28__wastewater-sludge__group"
"OTU_1307","Bin4",5.19651635301913e-06,"Bacteria","Cloacimonadota","Cloacimonadia","Cloacimonadales","MSBL8","uncultured__bacterium"
"OTU_1308","Bin61",6.01347110756053e-06,"Bacteria","Bacteroidota","Bacteroidia","Sphingobacteriales","Lentimicrobiaceae","uncultured__bacterium"
"OTU_1310","Bin53",1.91772982813582e-05,"Bacteria","Bacteroidota","Bacteroidia","Bacteroidales","Prolixibacteraceae","Mangrovibacterium"
"OTU_1309","Bin44",3.76492094789533e-06,"Bacteria","Bacteroidota","Bacteroidia","Bacteroidales","Williamwhitmaniaceae","Blvii28__wastewater-sludge__group"
"OTU_1311","Bin50",7.96741000868814e-06,"Bacteria","Bacteroidota","Bacteroidia","Bacteroidales","Marinilabiliaceae","uncultured"
"OTU_1312","Bin33",8.23515636110055e-06,"Bacteria","Bacteroidota","Bacteroidia","Bacteroidales","Marinifilaceae","Marinifilum"
"OTU_1313","Bin33",2.5815034348243e-06,"Bacteria","Bacteroidota","Bacteroidia","Bacteroidales","Marinifilaceae","Marinifilum"
"OTU_1317","Bin54",8.90370363754544e-06,"Bacteria","Bacteroidota","Bacteroidia","Bacteroidales","Prolixibacteraceae","Sunxiuqinia"
"OTU_1315","Bin55",7.89325032477055e-06,"Bacteria","Bacteroidota","Bacteroidia","Bacteroidales","Prolixibacteraceae","Mangrovibacterium"
"OTU_1316","Bin53",1.97714846549269e-06,"Bacteria","Bacteroidota","Bacteroidia","Bacteroidales","Prolixibacteraceae","Mangrovibacterium"
"OTU_1314","Bin54",4.80284874307133e-06,"Bacteria","Bacteroidota","Bacteroidia","Bacteroidales","Prolixibacteraceae","Sunxiuqinia"
"OTU_1319","Bin42",1.94805476698879e-06,"Bacteria","Bacteroidota","Bacteroidia","Bacteroidales","Tannerellaceae","Parabacteroides"
"OTU_1321","Bin33",4.25281684670383e-06,"Bacteria","Bacteroidota","Bacteroidia","Bacteroidales","Marinifilaceae","Marinifilum"
"OTU_1325","Bin57",2.84526401672287e-06,"Bacteria","Bacteroidota","Bacteroidia","Bacteroidales","Bacteroidetes__vadinHA17","uncultured__bacterium"
"OTU_1318","Bin34",7.10678618034264e-06,"Bacteria","Bacteroidota","Bacteroidia","Bacteroidales","Marinifilaceae","Marinifilum"
"OTU_1322","Bin62",8.0677456123399e-06,"Bacteria","Bacteroidota","Bacteroidia","Bacteroidetes__VC2.1__Bac22","uncultured__bacterium","uncultured__bacterium"
"OTU_1324","Bin59",3.62762739554738e-06,"Bacteria","Bacteroidota","Ignavibacteria","Ignavibacteriales","Ignavibacteriaceae","Ignavibacterium"
"OTU_1327","Bin51",7.75100274592221e-06,"Bacteria","Bacteroidota","Bacteroidia","Bacteroidales","Prolixibacteraceae","uncultured"
"OTU_1323","Bin59",8.46016093884924e-06,"Bacteria","Bacteroidota","Bacteroidia","Bacteroidales","SB-5","uncultured__bacterium"
"OTU_1320","Bin52",3.74395768467368e-06,"Bacteria","Bacteroidota","Bacteroidia","Bacteroidales","Prolixibacteraceae","Draconibacterium"
"OTU_1326","Bin59",4.60354584573633e-06,"Bacteria","Bacteroidota","Bacteroidia","Bacteroidales","Bacteroidetes__BD2-2","uncultured__bacterium"
"OTU_1330","Bin59",5.41917717695172e-06,"Bacteria","Bacteroidota","Bacteroidia","Bacteroidales","Bacteroidetes__BD2-2","uncultured__Cytophaga__sp."
"OTU_1328","Bin49",6.70413983873233e-06,"Bacteria","Bacteroidota","Bacteroidia","Bacteroidales","Marinilabiliaceae","Labilibacter"
"OTU_1329","Bin57",1.17720875073644e-05,"Bacteria","Bacteroidota","Bacteroidia","Bacteroidales","Bacteroidetes__vadinHA17","uncultured__bacterium"
"OTU_1331","Bin50",9.97426846661595e-06,"Bacteria","Bacteroidota","Bacteroidia","Bacteroidales","Marinilabiliaceae","uncultured"
"OTU_1332","Bin55",6.43464710220842e-06,"Bacteria","Bacteroidota","Bacteroidia","Bacteroidales","Prolixibacteraceae","Roseimarinus"
"OTU_1334","Bin56",6.10774853220734e-06,"Bacteria","Bacteroidota","Bacteroidia","Bacteroidales","Prolixibacteraceae","Draconibacterium"
"OTU_1339","Bin44",5.29050859346452e-06,"Bacteria","Bacteroidota","Bacteroidia","Bacteroidales","Williamwhitmaniaceae","Blvii28__wastewater-sludge__group"
"OTU_1336","Bin43",4.20540721189299e-06,"Bacteria","Bacteroidota","Bacteroidia","Sphingobacteriales","Lentimicrobiaceae","Lentimicrobium"
"OTU_1340","Bin49",1.10458898714785e-05,"Bacteria","Bacteroidota","Bacteroidia","Bacteroidales","Marinilabiliaceae","uncultured"
"OTU_1335","Bin53",6.59197486770407e-06,"Bacteria","Bacteroidota","Bacteroidia","Bacteroidales","Marinilabiliaceae","Carboxylicivirga"
"OTU_1338","Bin47",6.0411910333148e-06,"Bacteria","Bacteroidota","Bacteroidia","Bacteroidales","Marinifilaceae","uncultured"
"OTU_1342","Bin52",1.02072372617677e-05,"Bacteria","Bacteroidota","Bacteroidia","Bacteroidales","Marinilabiliaceae","Carboxylicivirga"
"OTU_1333","Bin48",3.40435604907149e-06,"Bacteria","Bacteroidota","Bacteroidia","Sphingobacteriales","SBYC-2600","uncultured__organism"
"OTU_1337","Bin56",2.63749481116478e-05,"Bacteria","Bacteroidota","Bacteroidia","Bacteroidales","Prolixibacteraceae","Draconibacterium"
"OTU_1341","Bin50",5.69284080037844e-06,"Bacteria","Bacteroidota","Bacteroidia","Bacteroidales","Marinifilaceae","Marinifilum"
"OTU_1344","Bin52",5.84378628460948e-06,"Bacteria","Bacteroidota","Bacteroidia","Bacteroidales","Prolixibacteraceae","Draconibacterium"
"OTU_1345","Bin56",9.18172779643178e-06,"Bacteria","Bacteroidota","Bacteroidia","Sphingobacteriales","Lentimicrobiaceae","Lentimicrobium"
"OTU_1343","Bin39",4.96626081626135e-06,"Bacteria","Bacteroidota","Bacteroidia","Bacteroidales","Rikenellaceae","uncultured"
"OTU_1346","Bin62",8.4869979574992e-06,"Bacteria","Bacteroidota","Bacteroidia","Bacteroidetes__VC2.1__Bac22","uncultured__bacterium","uncultured__bacterium"
"OTU_1348","Bin52",6.19391710194342e-06,"Bacteria","Bacteroidota","Bacteroidia","Bacteroidales","Prolixibacteraceae","Draconibacterium"
"OTU_1349","Bin47",7.96427578115611e-06,"Bacteria","Bacteroidota","Bacteroidia","Sphingobacteriales","Lentimicrobiaceae","Lentimicrobium"
"OTU_1350","Bin39",1.99283351830086e-06,"Bacteria","Bacteroidota","Bacteroidia","Bacteroidales","Marinifilaceae","uncultured"
"OTU_1355","Bin53",1.57930644512717e-06,"Bacteria","Bacteroidota","Bacteroidia","Bacteroidales","Prolixibacteraceae","Mangrovibacterium"
"OTU_1351","Bin43",1.60969645487294e-05,"Bacteria","Bacteroidota","Bacteroidia","Bacteroidales","Williamwhitmaniaceae","Blvii28__wastewater-sludge__group"
"OTU_1347","Bin49",1.38815649209682e-06,"Bacteria","Bacteroidota","Bacteroidia","Bacteroidales","Marinilabiliaceae","uncultured"
"OTU_1353","Bin33",2.45254529232054e-06,"Bacteria","Bacteroidota","Bacteroidia","Bacteroidales","Marinifilaceae","Marinifilum"
"OTU_1352","Bin43",1.06212248983607e-05,"Bacteria","Bacteroidota","Bacteroidia","Bacteroidales","Bacteroidaceae","Bacteroides"
"OTU_1359","Bin54",6.57391772284744e-06,"Bacteria","Bacteroidota","Bacteroidia","Bacteroidales","Prolixibacteraceae","Sunxiuqinia"
"OTU_1354","Bin50",4.17549728136871e-06,"Bacteria","Bacteroidota","Bacteroidia","Bacteroidales","Marinilabiliaceae","uncultured"
"OTU_1360","Bin62",1.18178360611782e-06,"Bacteria","Bacteroidota","Bacteroidia","Sphingobacteriales","Lentimicrobiaceae","uncultured__bacterium"
"OTU_1357","Bin68",1.99265087915333e-06,"Bacteria","Cyanobacteria","Vampirivibrionia","Gastranaerophilales","uncultured__bacterium","uncultured__bacterium"
"OTU_1356","Bin50",3.4215610545708e-06,"Bacteria","Bacteroidota","Bacteroidia","Bacteroidales","Marinilabiliaceae","uncultured"
"OTU_1362","Bin123",3.25354427494061e-06,"Bacteria","Firmicutes","Desulfitobacteriia","Desulfitobacteriales","uncultured","uncultured__bacterium"
"OTU_1363","Bin34",2.40654619789895e-06,"Bacteria","Bacteroidota","Bacteroidia","Bacteroidales","Marinifilaceae","Marinifilum"
"OTU_1365","Bin38",2.41252377925976e-06,"Bacteria","Bacteroidota","Bacteroidia","Bacteroidales","Rikenellaceae","uncultured"
"OTU_1358","Bin43",1.25818612697842e-05,"Bacteria","Bacteroidota","Bacteroidia","Bacteroidales","Bacteroidaceae","Bacteroides"
"OTU_1361","Bin55",2.39611194995447e-06,"Bacteria","Bacteroidota","Bacteroidia","Bacteroidales","Prolixibacteraceae","Roseimarinus"
"OTU_1364","Bin39",5.01009612589095e-06,"Bacteria","Bacteroidota","Bacteroidia","Bacteroidales","Marinifilaceae","uncultured"
"OTU_1369","Bin42",3.60191411085503e-06,"Bacteria","Bacteroidota","Bacteroidia","Bacteroidales","Marinifilaceae","Marinifilum"
"OTU_1368","Bin33",8.02545108995475e-06,"Bacteria","Bacteroidota","Bacteroidia","Bacteroidales","Marinifilaceae","Marinifilum"
"OTU_1366","Bin34",1.60290411203349e-05,"Bacteria","Bacteroidota","Bacteroidia","Bacteroidales","Marinifilaceae","Marinifilum"
"OTU_1367","Bin55",3.75421215283946e-06,"Bacteria","Bacteroidota","Bacteroidia","Bacteroidales","Prolixibacteraceae","Roseimarinus"
"OTU_1372","Bin55",1.01896130276353e-05,"Bacteria","Bacteroidota","Bacteroidia","Bacteroidales","Prolixibacteraceae","Sunxiuqinia"
"OTU_1373","Bin54",1.27437520489143e-05,"Bacteria","Bacteroidota","Bacteroidia","Bacteroidales","Prolixibacteraceae","Sunxiuqinia"
"OTU_1371","Bin56",1.03774908772471e-05,"Bacteria","Bacteroidota","Bacteroidia","Bacteroidales","Marinilabiliaceae","uncultured"
"OTU_1376","Bin41",1.56550677493072e-06,"Bacteria","Bacteroidota","Bacteroidia","Bacteroidales","Rikenellaceae","Alistipes"
"OTU_1374","Bin42",2.22963480152506e-06,"Bacteria","Bacteroidota","Bacteroidia","Bacteroidales","Bacteroidaceae","Bacteroides"
"OTU_1370","Bin50",1.03795471841492e-05,"Bacteria","Bacteroidota","Bacteroidia","Bacteroidales","Marinilabiliaceae","uncultured"
"OTU_1375","Bin34",1.63850416973113e-05,"Bacteria","Bacteroidota","Bacteroidia","Bacteroidales","Marinifilaceae","Marinifilum"
"OTU_1378","Bin55",6.30824013562477e-06,"Bacteria","Bacteroidota","Bacteroidia","Bacteroidales","Prolixibacteraceae","Sunxiuqinia"
"OTU_1377","Bin56",2.94358811233714e-05,"Bacteria","Bacteroidota","Bacteroidia","Bacteroidales","Prolixibacteraceae","Sunxiuqinia"
"OTU_1379","Bin54",4.35811858292822e-05,"Bacteria","Bacteroidota","Bacteroidia","Bacteroidales","Marinifilaceae","Marinifilum"
"OTU_1381","Bin47",9.27767327038774e-06,"Bacteria","Bacteroidota","Bacteroidia","Sphingobacteriales","ST-12K33","uncultured__Bacteroidetes__bacterium"
"OTU_1384","Bin42",3.03443436767942e-06,"Bacteria","Bacteroidota","Bacteroidia","Bacteroidales","Tannerellaceae","Macellibacteroides"
"OTU_1383","Bin57",2.89074472746655e-05,"Bacteria","Bacteroidota","Bacteroidia","Bacteroidales","Bacteroidetes__vadinHA17","uncultured__bacterium"
"OTU_1380","Bin11",1.08654275604979e-05,"Bacteria","Fermentibacterota","Fermentibacteria","Fermentibacterales","Fermentibacteraceae","uncultured__bacterium"
"OTU_1386","Bin59",4.81747955453202e-06,"Bacteria","Bacteroidota","Ignavibacteria","Ignavibacteriales","Melioribacteraceae","IheB3-7"
"OTU_1382","Bin11",4.85436271945559e-06,"Bacteria","Fermentibacterota","Fermentibacteria","Fermentibacterales","Fermentibacteraceae","uncultured__bacterium"
"OTU_1385","Bin34",1.00782072130281e-05,"Bacteria","Bacteroidota","Bacteroidia","Bacteroidales","Marinifilaceae","Marinifilum"
"OTU_1387","Bin61",8.92412652169105e-06,"Bacteria","Bacteroidota","Bacteroidia","Sphingobacteriales","Lentimicrobiaceae","Lentimicrobium"
"OTU_1389","Bin61",7.16648363892398e-06,"Bacteria","Bacteroidota","Bacteroidia","Sphingobacteriales","CMW-169","uncultured__bacterium"
"OTU_1391","Bin61",5.85221019941116e-06,"Bacteria","Bacteroidota","Bacteroidia","Sphingobacteriales","Lentimicrobiaceae","Lentimicrobium"
"OTU_1388","Bin50",1.52773317666138e-05,"Bacteria","Bacteroidota","Bacteroidia","Bacteroidales","Prolixibacteraceae","Draconibacterium"
"OTU_1390","Bin58",3.66454752747211e-06,"Bacteria","Bacteroidota","Bacteroidia","Bacteroidales","Ika33","uncultured__bacterium"
"OTU_1393","Bin62",4.01056551131588e-06,"Bacteria","Bacteroidota","Bacteroidia","Bacteroidetes__VC2.1__Bac22","uncultured__bacterium","uncultured__bacterium"
"OTU_1394","Bin57",4.39499837417706e-06,"Bacteria","Bacteroidota","Bacteroidia","Bacteroidales","Bacteroidetes__vadinHA17","uncultured__bacterium"
"OTU_1392","Bin57",7.26887050451231e-06,"Bacteria","Bacteroidota","Bacteroidia","Bacteroidales","Bacteroidetes__vadinHA17","uncultured__bacterium"
"OTU_1397","Bin59",2.5968281121421e-06,"Bacteria","Bacteroidota","Bacteroidia","Bacteroidales","SB-5","uncultured__bacterium"
"OTU_1398","Bin38",6.46280718617416e-06,"Bacteria","Bacteroidota","Bacteroidia","Bacteroidales","Rikenellaceae","DMER64"
"OTU_1402","Bin52",8.40425931395176e-06,"Bacteria","Bacteroidota","Bacteroidia","Bacteroidales","Prolixibacteraceae","Draconibacterium"
"OTU_1395","Bin60",4.49559181928815e-06,"Bacteria","Bacteroidota","Bacteroidia","Sphingobacteriales","Lentimicrobiaceae","uncultured__prokaryote"
"OTU_1399","Bin58",3.19307437326687e-06,"Bacteria","Bacteroidota","Bacteroidia","Bacteroidales","SB-5","uncultured__organism"
"OTU_1396","Bin34",3.36534993707609e-06,"Bacteria","Bacteroidota","Bacteroidia","Bacteroidales","Marinilabiliaceae","Saccharicrinis"
"OTU_1401","Bin47",4.66974425491442e-06,"Bacteria","Bacteroidota","Bacteroidia","Bacteroidales","Marinilabiliaceae","[Cytophaga]__xylanolytica__group"
"OTU_1403","Bin50",3.89848925649585e-06,"Bacteria","Bacteroidota","Bacteroidia","Bacteroidales","Marinilabiliaceae","Labilibacter"
"OTU_1400","Bin57",1.37301192702214e-05,"Bacteria","Bacteroidota","Bacteroidia","Bacteroidales","Bacteroidetes__vadinHA17","uncultured__bacterium"
"OTU_1404","Bin50",1.56003754582339e-05,"Bacteria","Bacteroidota","Bacteroidia","Bacteroidales","Marinilabiliaceae","uncultured"
"OTU_1408","Bin59",1.26514310319976e-05,"Bacteria","Bacteroidota","Bacteroidia","Bacteroidales","Marinilabiliaceae","Labilibacter"
"OTU_1406","Bin50",4.48080441692437e-06,"Bacteria","Bacteroidota","Bacteroidia","Bacteroidales","Marinifilaceae","Marinifilum"
"OTU_1407","Bin50",1.23652226865387e-05,"Bacteria","Bacteroidota","Bacteroidia","Bacteroidetes__VC2.1__Bac22","uncultured__bacterium","uncultured__bacterium"
"OTU_1411","Bin32",3.03808515480583e-06,"Bacteria","Bacteroidota","Bacteroidia","Flavobacteriales","Flavobacteriaceae","Gramella"
"OTU_1416","Bin38",3.98994916720372e-06,"Bacteria","Bacteroidota","Bacteroidia","Bacteroidales","Marinilabiliaceae","Carboxylicivirga"
"OTU_1409","Bin32",7.47323019735346e-06,"Bacteria","Bacteroidota","Bacteroidia","Flavobacteriales","Flavobacteriaceae","Winogradskyella"
"OTU_1413","Bin35",1.42232801006871e-06,"Bacteria","Bacteroidota","Bacteroidia","Bacteroidales","Marinifilaceae","Marinifilum"
"OTU_1417","Bin38",7.04266583511447e-06,"Bacteria","Bacteroidota","Bacteroidia","Bacteroidales","Prolixibacteraceae","Draconibacterium"
"OTU_1419","Bin38",3.19156984804278e-06,"Bacteria","Bacteroidota","Bacteroidia","Bacteroidales","Rikenellaceae","uncultured"
"OTU_1415","Bin47",4.25895548006511e-06,"Bacteria","Bacteroidota","Bacteroidia","Bacteroidales","Bacteroidetes__vadinHA17","uncultured__bacterium"
"OTU_1414","Bin61",5.39063966473606e-06,"Bacteria","Bacteroidota","Bacteroidia","Sphingobacteriales","Lentimicrobiaceae","Lentimicrobium"
"OTU_1418","Bin39",1.36134471024159e-05,"Bacteria","Bacteroidota","Bacteroidia","Bacteroidales","Marinifilaceae","uncultured"
"OTU_1410","Bin32",3.89974466454094e-06,"Bacteria","Bacteroidota","Bacteroidia","Flavobacteriales","Flavobacteriaceae","Salegentibacter"
"OTU_1412","Bin43",5.0024462484086e-06,"Bacteria","Bacteroidota","Bacteroidia","Bacteroidetes__VC2.1__Bac22","uncultured__bacterium","uncultured__bacterium"
"OTU_1405","Bin62",2.84984870559794e-06,"Bacteria","Bacteroidota","Bacteroidia","Bacteroidetes__VC2.1__Bac22","uncultured__bacterium","uncultured__bacterium"
"OTU_1423","Bin39",3.40913490258052e-06,"Bacteria","Bacteroidota","Bacteroidia","Bacteroidales","Prolixibacteraceae","Mangrovibacterium"
"OTU_1428","Bin52",4.2151655402108e-06,"Bacteria","Bacteroidota","Bacteroidia","Bacteroidales","Prolixibacteraceae","Draconibacterium"
"OTU_1424","Bin43",3.20766836724623e-06,"Bacteria","Bacteroidota","Bacteroidia","Bacteroidales","Marinilabiliaceae","Carboxylicivirga"
"OTU_1420","Bin56",1.42330323033915e-05,"Bacteria","Bacteroidota","Bacteroidia","Bacteroidales","Marinilabiliaceae","uncultured"
"OTU_1427","Bin61",4.85300550550352e-06,"Bacteria","Bacteroidota","Bacteroidia","Sphingobacteriales","Lentimicrobiaceae","Lentimicrobium"
"OTU_1422","Bin56",4.62931154543935e-06,"Bacteria","Bacteroidota","Bacteroidia","Bacteroidales","Prolixibacteraceae","Draconibacterium"
"OTU_1421","Bin46",2.22934852092621e-06,"Bacteria","Bacteroidota","Bacteroidia","Bacteroidales","Bacteroidaceae","Bacteroides"
"OTU_1432","Bin37",4.73027673279813e-06,"Bacteria","Bacteroidota","Bacteroidia","Bacteroidales","Rikenellaceae","uncultured"
"OTU_1429","Bin11",4.03104786284791e-06,"Bacteria","Fermentibacterota","Fermentibacteria","Fermentibacterales","Fermentibacteraceae","uncultured__bacterium"
"OTU_1430","Bin54",7.50280098196045e-06,"Bacteria","Bacteroidota","Bacteroidia","Bacteroidales","Prolixibacteraceae","Sunxiuqinia"
"OTU_1425","Bin34",6.78917833822029e-06,"Bacteria","Bacteroidota","Bacteroidia","Bacteroidales","Marinifilaceae","Marinifilum"
"OTU_1433","Bin33",9.31894324181434e-06,"Bacteria","Bacteroidota","Bacteroidia","Bacteroidales","Marinifilaceae","Marinifilum"
"OTU_1435","Bin44",8.17571693484537e-06,"Bacteria","Bacteroidota","Bacteroidia","Bacteroidales","Rikenellaceae","uncultured"
"OTU_1434","Bin56",1.81261636067526e-06,"Bacteria","Bacteroidota","Bacteroidia","Bacteroidales","Marinilabiliaceae","uncultured"
"OTU_1426","Bin45",4.8560091660781e-06,"Bacteria","Bacteroidota","Bacteroidia","ML602M-17","uncultured__organism","uncultured__bacterium"
"OTU_1431","Bin56",9.22733146249466e-06,"Bacteria","Bacteroidota","Bacteroidia","Bacteroidales","Prolixibacteraceae","Prolixibacter"
"OTU_1438","Bin45",4.16984313094896e-06,"Bacteria","Bacteroidota","Bacteroidia","ML602M-17","uncultured__organism","uncultured__bacterium"
"OTU_1436","Bin4",3.21649093333986e-06,"Bacteria","Cloacimonadota","Cloacimonadia","Cloacimonadales","MSBL8","uncultured__bacterium"
"OTU_1442","Bin22",2.59328760395432e-06,"Bacteria","Thermotogota","Thermotogae","Petrotogales","Petrotogaceae","SC103"
"OTU_1444","Bin41",4.3895029371758e-06,"Bacteria","Bacteroidota","Bacteroidia","Bacteroidales","Marinilabiliaceae","Carboxylicivirga"
"OTU_1445","Bin38",3.82128836438382e-06,"Bacteria","Bacteroidota","Bacteroidia","Bacteroidales","Marinilabiliaceae","uncultured"
"OTU_1440","Bin61",2.39410017616446e-06,"Bacteria","Bacteroidota","Bacteroidia","Sphingobacteriales","Lentimicrobiaceae","Lentimicrobium"
"OTU_1437","Bin39",1.61814051913032e-06,"Bacteria","Bacteroidota","Bacteroidia","Bacteroidales","Marinifilaceae","uncultured"
"OTU_1443","Bin46",1.95638063545264e-05,"Bacteria","Bacteroidota","Bacteroidia","Bacteroidales","Bacteroidaceae","Bacteroides"
"OTU_1439","Bin41",6.56260489715577e-06,"Bacteria","Bacteroidota","Bacteroidia","Bacteroidales","Marinilabiliaceae","Carboxylicivirga"
"OTU_1441","Bin56",4.63838469596441e-06,"Bacteria","Bacteroidota","Bacteroidia","Bacteroidales","Prolixibacteraceae","Draconibacterium"
"OTU_1447","Bin43",1.40775634653149e-05,"Bacteria","Bacteroidota","Bacteroidia","Bacteroidales","Rikenellaceae","Alistipes"
"OTU_1446","Bin48",2.39938911671807e-06,"Bacteria","Bacteroidota","Bacteroidia","Bacteroidales","Marinilabiliaceae","Carboxylicivirga"
"OTU_1450","Bin61",1.81603052978923e-06,"Bacteria","Bacteroidota","Bacteroidia","Bacteroidales","ML635J-40__aquatic__group","uncultured__Sphingobacteriia__bacterium"
"OTU_1449","Bin47",2.4240259634306e-05,"Bacteria","Bacteroidota","Bacteroidia","Sphingobacteriales","ST-12K33","uncultured__organism"
"OTU_1452","Bin39",3.01931446488542e-06,"Bacteria","Bacteroidota","Bacteroidia","Bacteroidales","Marinifilaceae","uncultured"
"OTU_1448","Bin48",6.358675417428e-06,"Bacteria","Bacteroidota","Bacteroidia","Bacteroidales","Prolixibacteraceae","Sunxiuqinia"
"OTU_1451","Bin43",7.37180163828944e-06,"Bacteria","Bacteroidota","Bacteroidia","Sphingobacteriales","Lentimicrobiaceae","uncultured__bacterium"
"OTU_1454","Bin46",7.24871209303198e-06,"Bacteria","Bacteroidota","Bacteroidia","Bacteroidales","Bacteroidaceae","Bacteroides"
"OTU_1453","Bin62",3.22690190517785e-06,"Bacteria","Bacteroidota","Bacteroidia","Bacteroidales","Marinilabiliaceae","uncultured"
"OTU_1459","Bin52",2.20161873508831e-06,"Bacteria","Bacteroidota","Bacteroidia","Bacteroidales","Prolixibacteraceae","Draconibacterium"
"OTU_1458","Bin61",6.87696145029272e-06,"Bacteria","Bacteroidota","Bacteroidia","Sphingobacteriales","Lentimicrobiaceae","Lentimicrobium"
"OTU_1455","Bin62",7.88376052912049e-07,"Bacteria","Bacteroidota","Bacteroidia","Sphingobacteriales","Lentimicrobiaceae","uncultured__bacterium"
"OTU_1457","Bin68",2.3557049560596e-06,"Bacteria","Cyanobacteria","Vampirivibrionia","Gastranaerophilales","uncultured__bacterium","uncultured__bacterium"
"OTU_1456","Bin53",3.15499823999176e-06,"Bacteria","Bacteroidota","Bacteroidia","Bacteroidales","Prolixibacteraceae","Mangrovibacterium"
"OTU_1460","Bin62",2.01311774476399e-06,"Bacteria","Bacteroidota","Bacteroidia","Bacteroidales","Marinifilaceae","Marinifilum"
"OTU_1461","Bin61",6.60191327717592e-06,"Bacteria","Bacteroidota","Bacteroidia","Sphingobacteriales","Lentimicrobiaceae","uncultured__bacterium"
"OTU_1463","Bin43",3.54661948855587e-06,"Bacteria","Bacteroidota","Bacteroidia","Bacteroidales","Marinilabiliaceae","Carboxylicivirga"
"OTU_1462","Bin37",3.57877533158404e-06,"Bacteria","Bacteroidota","Bacteroidia","Bacteroidales","Rikenellaceae","uncultured"
"OTU_1465","Bin60",1.57450523743481e-06,"Bacteria","Bacteroidota","Bacteroidia","Sphingobacteriales","Lentimicrobiaceae","uncultured__organism"
"OTU_1464","Bin61",5.62394048632416e-06,"Bacteria","Bacteroidota","Bacteroidia","Sphingobacteriales","Lentimicrobiaceae","uncultured__sediment__bacterium"
"OTU_1467","Bin48",4.21555418074722e-06,"Bacteria","Bacteroidota","Bacteroidia","Sphingobacteriales","Lentimicrobiaceae","Lentimicrobium"
"OTU_1466","Bin39",5.03004919757039e-06,"Bacteria","Bacteroidota","Bacteroidia","Bacteroidales","Marinifilaceae","uncultured"
"OTU_1468","Bin1",5.82722654310323e-06,"Bacteria","Cloacimonadota","Cloacimonadia","Cloacimonadales","Cloacimonadaceae","Candidatus__Cloacimonas"
"OTU_1471","Bin62",1.78723339567659e-06,"Bacteria","Bacteroidota","Bacteroidia","Sphingobacteriales","Lentimicrobiaceae","uncultured__bacterium"
"OTU_1469","Bin50",3.78591715445196e-06,"Bacteria","Bacteroidota","Bacteroidia","Bacteroidales","Marinilabiliaceae","Carboxylicivirga"
"OTU_1472","Bin58",3.64757271681791e-06,"Bacteria","Bacteroidota","Bacteroidia","Bacteroidales","Marinilabiliaceae","uncultured"
"OTU_1470","Bin62",3.01864689767628e-06,"Bacteria","Bacteroidota","Bacteroidia","Chitinophagales","uncultured","uncultured__organism"
"OTU_1475","Bin56",3.9830625361601e-06,"Bacteria","Bacteroidota","Bacteroidia","Bacteroidales","Prolixibacteraceae","Draconibacterium"
"OTU_1473","Bin7",2.635251387537e-06,"Bacteria","Spirochaetota","Spirochaetia","Spirochaetales","Spirochaetaceae","Sphaerochaeta"
"OTU_1477","Bin50",1.36828352430231e-05,"Bacteria","Bacteroidota","Bacteroidia","Bacteroidales","Marinilabiliaceae","uncultured"
"OTU_1474","Bin38",2.76980582857953e-06,"Bacteria","Bacteroidota","Bacteroidia","Bacteroidales","Prolixibacteraceae","Sunxiuqinia"
"OTU_1476","Bin58",1.97284633742035e-06,"Bacteria","Bacteroidota","Bacteroidia","Bacteroidales","Marinilabiliaceae","uncultured"
"OTU_1478","Bin47",5.1838918735683e-06,"Bacteria","Bacteroidota","Bacteroidia","Sphingobacteriales","Lentimicrobiaceae","uncultured__Bacteroidetes__bacterium"
"OTU_1481","Bin59",6.79336556137856e-06,"Bacteria","Bacteroidota","Bacteroidia","Bacteroidales","SB-5","uncultured__organism"
"OTU_1486","Bin47",3.0553258947675e-06,"Bacteria","Bacteroidota","Bacteroidia","Bacteroidales","Prolixibacteraceae","Mangrovibacterium"
"OTU_1483","Bin54",9.80090718096777e-07,"Bacteria","Bacteroidota","Bacteroidia","Bacteroidales","Prolixibacteraceae","Sunxiuqinia"
"OTU_1480","Bin36",1.10503519012413e-05,"Bacteria","Bacteroidota","Bacteroidia","Bacteroidales","Prolixibacteraceae","Sunxiuqinia"
"OTU_1479","Bin34",2.79578978309793e-06,"Bacteria","Bacteroidota","Bacteroidia","Bacteroidales","Marinifilaceae","Marinifilum"
"OTU_1484","Bin46",0.000119011043030476,"Bacteria","Firmicutes","Clostridia","Lachnospirales","Lachnospiraceae","Lachnospiraceae__UCG-004"
"OTU_1482","Bin55",7.09498816819237e-06,"Bacteria","Bacteroidota","Bacteroidia","Bacteroidales","Prolixibacteraceae","Sunxiuqinia"
"OTU_1487","Bin54",4.7193068881399e-06,"Bacteria","Bacteroidota","Bacteroidia","Bacteroidales","Prolixibacteraceae","Sunxiuqinia"
"OTU_1485","Bin54",1.18541453655161e-05,"Bacteria","Bacteroidota","Bacteroidia","Bacteroidales","Prolixibacteraceae","Sunxiuqinia"
"OTU_1488","Bin54",1.48841623706711e-05,"Bacteria","Bacteroidota","Bacteroidia","Bacteroidales","Prolixibacteraceae","Sunxiuqinia"
"OTU_1490","Bin46",7.77358120722854e-06,"Bacteria","Bacteroidota","Bacteroidia","Bacteroidales","Bacteroidaceae","Bacteroides"
"OTU_1489","Bin46",1.62642662187761e-06,"Bacteria","Bacteroidota","Bacteroidia","Bacteroidales","Bacteroidaceae","Bacteroides"
"OTU_1493","Bin54",2.05744219542565e-05,"Bacteria","Bacteroidota","Bacteroidia","Bacteroidales","Prolixibacteraceae","Sunxiuqinia"
"OTU_1492","Bin33",5.0767218735769e-06,"Bacteria","Bacteroidota","Bacteroidia","Bacteroidales","Marinifilaceae","Marinifilum"
"OTU_1491","Bin54",1.36683923480312e-05,"Bacteria","Bacteroidota","Bacteroidia","Bacteroidales","Prolixibacteraceae","Sunxiuqinia"
"OTU_1494","Bin56",3.6234647511319e-05,"Bacteria","Bacteroidota","Bacteroidia","Bacteroidales","Prolixibacteraceae","Draconibacterium"
"OTU_1496","Bin42",8.15245356052348e-07,"Bacteria","Bacteroidota","Bacteroidia","Bacteroidales","Tannerellaceae","Parabacteroides"
"OTU_1495","Bin46",4.85641486371535e-06,"Bacteria","Bacteroidota","Bacteroidia","Bacteroidales","Prolixibacteraceae","Sunxiuqinia"
"OTU_1500","Bin43",2.82676659036286e-06,"Bacteria","Bacteroidota","Bacteroidia","Bacteroidales","Marinifilaceae","Marinifilum"
"OTU_1498","Bin59",7.07376693802657e-06,"Bacteria","Bacteroidota","Bacteroidia","Bacteroidales","Marinilabiliaceae","Marinilabilia"
"OTU_1497","Bin54",3.94837176433526e-05,"Bacteria","Bacteroidota","Bacteroidia","Bacteroidales","Prolixibacteraceae","Sunxiuqinia"
"OTU_1504","Bin41",1.98643558635375e-06,"Bacteria","Bacteroidota","Bacteroidia","Bacteroidales","Rikenellaceae","Alistipes"
"OTU_1501","Bin52",1.93946370236548e-05,"Bacteria","Bacteroidota","Bacteroidia","Bacteroidales","Prolixibacteraceae","Draconibacterium"
"OTU_1503","Bin53",5.58043545311569e-06,"Bacteria","Bacteroidota","Bacteroidia","Bacteroidales","Prolixibacteraceae","Mangrovibacterium"
"OTU_1499","Bin42",3.00269792423954e-06,"Bacteria","Bacteroidota","Bacteroidia","Bacteroidales","Prolixibacteraceae","Draconibacterium"
"OTU_1502","Bin54",1.43349118391378e-05,"Bacteria","Bacteroidota","Bacteroidia","Bacteroidales","Prolixibacteraceae","Sunxiuqinia"
"OTU_1505","Bin55",3.83988627718306e-06,"Bacteria","Bacteroidota","Bacteroidia","Bacteroidales","Marinifilaceae","Marinifilum"
"OTU_1508","Bin34",6.87803822887603e-05,"Bacteria","Bacteroidota","Bacteroidia","Bacteroidales","Marinifilaceae","Marinifilum"
"OTU_1509","Bin53",1.42935349073126e-05,"Bacteria","Bacteroidota","Bacteroidia","Bacteroidales","Prolixibacteraceae","Mangrovibacterium"
"OTU_1510","Bin34",1.56290979520643e-06,"Bacteria","Bacteroidota","Bacteroidia","Bacteroidales","Marinifilaceae","Marinifilum"
"OTU_1507","Bin34",5.30270479652352e-06,"Bacteria","Bacteroidota","Bacteroidia","Bacteroidales","Marinifilaceae","Marinifilum"
"OTU_1511","Bin41",3.51599041126019e-06,"Bacteria","Bacteroidota","Bacteroidia","Bacteroidales","Marinilabiliaceae","Carboxylicivirga"
"OTU_1512","Bin42",8.10280224968208e-06,"Bacteria","Bacteroidota","Bacteroidia","Bacteroidales","Paludibacteraceae","Paludibacter"
"OTU_1513","Bin50",8.26059255692949e-06,"Bacteria","Bacteroidota","Bacteroidia","Bacteroidetes__VC2.1__Bac22","uncultured__bacterium","uncultured__bacterium"
"OTU_1517","Bin51",4.63559985766728e-06,"Bacteria","Bacteroidota","Bacteroidia","Bacteroidales","Prolixibacteraceae","uncultured"
"OTU_1516","Bin33",8.37194469571302e-06,"Bacteria","Bacteroidota","Bacteroidia","Bacteroidales","Marinifilaceae","Marinifilum"
"OTU_1514","Bin39",7.96974079674906e-06,"Bacteria","Bacteroidota","Bacteroidia","Bacteroidales","Bacteroidetes__vadinHA17","uncultured__Bacteroidetes__bacterium"
"OTU_1506","Bin54",3.84277917688343e-06,"Bacteria","Bacteroidota","Bacteroidia","Bacteroidales","Prolixibacteraceae","Sunxiuqinia"
"OTU_1515","Bin56",1.09700540964634e-05,"Bacteria","Bacteroidota","Bacteroidia","Bacteroidales","Prolixibacteraceae","Draconibacterium"
"OTU_1518","Bin51",6.48106829009299e-06,"Bacteria","Bacteroidota","Bacteroidia","Bacteroidales","Prolixibacteraceae","uncultured"
"OTU_1521","Bin50",6.92120917885833e-06,"Bacteria","Bacteroidota","Bacteroidia","Bacteroidales","Marinilabiliaceae","uncultured"
"OTU_1520","Bin49",7.67504520941024e-06,"Bacteria","Bacteroidota","Bacteroidia","Bacteroidales","Prolixibacteraceae","Roseimarinus"
"OTU_1519","Bin59",8.59772160588184e-06,"Bacteria","Bacteroidota","Bacteroidia","Bacteroidales","SB-5","uncultured__organism"
"OTU_1522","Bin52",4.4497421428309e-06,"Bacteria","Bacteroidota","Bacteroidia","Bacteroidales","Prolixibacteraceae","uncultured"
"OTU_1523","Bin50",5.55434120895025e-06,"Bacteria","Bacteroidota","Bacteroidia","Sphingobacteriales","Lentimicrobiaceae","uncultured__Bacteroidetes__bacterium"
"OTU_1524","Bin32",8.67524961614082e-06,"Bacteria","Bacteroidota","Bacteroidia","Flavobacteriales","Flavobacteriaceae","Maribacter"
"OTU_1526","Bin61",3.04452305228418e-06,"Bacteria","Bacteroidota","Bacteroidia","Flavobacteriales","Crocinitomicaceae","Fluviicola"
"OTU_1527","Bin44",4.80783218575495e-06,"Bacteria","Bacteroidota","Bacteroidia","Bacteroidales","Williamwhitmaniaceae","Blvii28__wastewater-sludge__group"
"OTU_1528","Bin56",1.30332746176601e-05,"Bacteria","Bacteroidota","Bacteroidia","Bacteroidales","Prolixibacteraceae","Prolixibacter"
"OTU_1530","Bin39",3.37414697140273e-06,"Bacteria","Bacteroidota","Bacteroidia","Bacteroidales","Marinifilaceae","uncultured"
"OTU_1525","Bin50",9.52216493994114e-06,"Bacteria","Bacteroidota","Bacteroidia","Bacteroidales","Marinilabiliaceae","uncultured"
"OTU_1529","Bin57",6.52266983326785e-06,"Bacteria","Bacteroidota","Bacteroidia","Bacteroidales","Bacteroidetes__vadinHA17","uncultured__bacterium"
"OTU_1531","Bin50",7.74934568979119e-05,"Bacteria","Bacteroidota","Bacteroidia","Bacteroidales","Marinilabiliaceae","uncultured"
"OTU_1534","Bin38",2.63816428689516e-06,"Bacteria","Bacteroidota","Bacteroidia","Bacteroidales","Rikenellaceae","DMER64"
"OTU_1533","Bin32",3.20635105505339e-06,"Bacteria","Bacteroidota","Bacteroidia","Flavobacteriales","Flavobacteriaceae","Gillisia"
"OTU_1532","Bin62",5.43896774718722e-06,"Bacteria","Bacteroidota","Bacteroidia","Bacteroidetes__VC2.1__Bac22","uncultured__bacterium","uncultured__bacterium"
"OTU_1536","Bin56",8.40163181336913e-06,"Bacteria","Bacteroidota","Bacteroidia","Bacteroidales","Prolixibacteraceae","Draconibacterium"
"OTU_1535","Bin39",3.40707438694499e-06,"Bacteria","Bacteroidota","Bacteroidia","Bacteroidales","Marinifilaceae","uncultured"
"OTU_1538","Bin51",1.19353909738488e-05,"Bacteria","Bacteroidota","Bacteroidia","Bacteroidales","Prolixibacteraceae","uncultured"
"OTU_1541","Bin61",2.59359562185487e-06,"Bacteria","Bacteroidota","Bacteroidia","Sphingobacteriales","Lentimicrobiaceae","uncultured__bacterium"
"OTU_1540","Bin50",8.28406784915433e-06,"Bacteria","Bacteroidota","Bacteroidia","Bacteroidales","Marinilabiliaceae","uncultured"
"OTU_1539","Bin32",6.37172905551383e-06,"Bacteria","Bacteroidota","Bacteroidia","Flavobacteriales","Flavobacteriaceae","Winogradskyella"
"OTU_1543","Bin62",1.59537512090918e-06,"Bacteria","Bacteroidota","Bacteroidia","Bacteroidetes__VC2.1__Bac22","uncultured__bacterium","uncultured__bacterium"
"OTU_1537","Bin59",4.05923579641022e-06,"Bacteria","Bacteroidota","Bacteroidia","Bacteroidales","SB-5","bacterium__YC-LK-LKJ31"
"OTU_1542","Bin52",1.70449990061008e-05,"Bacteria","Bacteroidota","Bacteroidia","Bacteroidales","Prolixibacteraceae","Draconibacterium"
"OTU_1545","Bin59",5.3988865814224e-06,"Bacteria","Bacteroidota","Bacteroidia","Bacteroidales","SB-5","bacterium__YC-LK-LKJ31"
"OTU_1547","Bin41",6.26999994244407e-06,"Bacteria","Bacteroidota","Bacteroidia","Bacteroidales","Marinilabiliaceae","Carboxylicivirga"
"OTU_1544","Bin46",4.55835895022163e-06,"Bacteria","Bacteroidota","Bacteroidia","Bacteroidales","Bacteroidaceae","Bacteroides"
"OTU_1550","Bin59",1.39875054536744e-06,"Bacteria","Bacteroidota","Bacteroidia","Bacteroidales","SB-5","uncultured__organism"
"OTU_1548","Bin32",3.87446478765171e-06,"Bacteria","Bacteroidota","Bacteroidia","Flavobacteriales","Flavobacteriaceae","Hoppeia"
"OTU_1551","Bin52",1.0381728290059e-05,"Bacteria","Bacteroidota","Bacteroidia","Bacteroidales","Prolixibacteraceae","Draconibacterium"
"OTU_1549","Bin59",1.39275363386483e-05,"Bacteria","Bacteroidota","Bacteroidia","Bacteroidales","Bacteroidetes__vadinHA17","uncultured__bacterium"
"OTU_1552","Bin52",7.49217976045656e-06,"Bacteria","Bacteroidota","Bacteroidia","Bacteroidales","Prolixibacteraceae","Draconibacterium"
"OTU_1553","Bin57",1.79327057630941e-06,"Bacteria","Bacteroidota","Bacteroidia","Bacteroidales","Bacteroidetes__vadinHA17","uncultured__bacterium"
"OTU_1546","Bin51",7.80470782514987e-07,"Bacteria","Bacteroidota","Bacteroidia","Bacteroidales","Prolixibacteraceae","uncultured"
"OTU_1554","Bin53",4.00340977871337e-06,"Bacteria","Bacteroidota","Bacteroidia","Bacteroidales","Prolixibacteraceae","Mangrovibacterium"
"OTU_1556","Bin32",5.45082551166124e-06,"Bacteria","Bacteroidota","Bacteroidia","Flavobacteriales","Flavobacteriaceae","Muriicola"
"OTU_1555","Bin56",1.44187637921418e-05,"Bacteria","Bacteroidota","Bacteroidia","Bacteroidales","Bacteroidetes__vadinHA17","uncultured__bacterium"
"OTU_1557","Bin32",1.31894932806945e-06,"Bacteria","Bacteroidota","Bacteroidia","Flavobacteriales","Flavobacteriaceae","Lutibacter"
"OTU_1560","Bin32",2.22590399251236e-06,"Bacteria","Bacteroidota","Bacteroidia","Flavobacteriales","Flavobacteriaceae","Arcticiflavibacter"
"OTU_1558","Bin52",3.06084635249741e-06,"Bacteria","Bacteroidota","Bacteroidia","Bacteroidales","Prolixibacteraceae","Draconibacterium"
"OTU_1562","Bin51",6.04294016897522e-07,"Bacteria","Bacteroidota","Bacteroidia","Bacteroidales","Prolixibacteraceae","uncultured"
"OTU_1559","Bin39",2.40696415844188e-06,"Bacteria","Bacteroidota","Bacteroidia","Bacteroidales","Marinifilaceae","uncultured"
"OTU_1565","Bin42",3.80338957359105e-06,"Bacteria","Bacteroidota","Bacteroidia","Bacteroidales","Dysgonomonadaceae","Petrimonas"
"OTU_1561","Bin51",4.25506949199991e-06,"Bacteria","Bacteroidota","Bacteroidia","Bacteroidales","Prolixibacteraceae","uncultured"
"OTU_1568","Bin60",6.20323377431965e-06,"Bacteria","Bacteroidota","Bacteroidia","Sphingobacteriales","Lentimicrobiaceae","uncultured__bacterium"
"OTU_1564","Bin32",2.25032174233262e-06,"Bacteria","Bacteroidota","Bacteroidia","Flavobacteriales","Flavobacteriaceae","Salinimicrobium"
"OTU_1569","Bin39",6.10055560347876e-06,"Bacteria","Bacteroidota","Bacteroidia","Bacteroidales","Marinifilaceae","uncultured"
"OTU_1573","Bin38",5.25838931297792e-06,"Bacteria","Bacteroidota","Bacteroidia","Bacteroidales","Rikenellaceae","DMER64"
"OTU_1566","Bin61",4.19529196352883e-06,"Bacteria","Bacteroidota","Bacteroidia","Sphingobacteriales","Lentimicrobiaceae","uncultured__bacterium"
"OTU_1563","Bin32",1.00638704896706e-06,"Bacteria","Bacteroidota","Bacteroidia","Flavobacteriales","Flavobacteriaceae","Arenibacter"
"OTU_1570","Bin50",4.43645561546516e-06,"Bacteria","Bacteroidota","Bacteroidia","Bacteroidales","Marinilabiliaceae","uncultured"
"OTU_1567","Bin62",7.52589988815416e-06,"Bacteria","Bacteroidota","Bacteroidia","Bacteroidetes__VC2.1__Bac22","uncultured__bacterium","uncultured__bacterium"
"OTU_1571","Bin56",3.42013567963448e-06,"Bacteria","Bacteroidota","Bacteroidia","Bacteroidales","Prolixibacteraceae","Draconibacterium"
"OTU_1577","Bin46",2.9820461041407e-06,"Bacteria","Bacteroidota","Bacteroidia","Bacteroidales","Bacteroidaceae","Bacteroides"
"OTU_1579","Bin52",1.85915906316594e-06,"Bacteria","Bacteroidota","Bacteroidia","Bacteroidales","Prolixibacteraceae","Draconibacterium"
"OTU_1578","Bin38",6.83820621648061e-06,"Bacteria","Bacteroidota","Bacteroidia","Bacteroidales","Rikenellaceae","uncultured"
"OTU_1576","Bin59",4.2592527001747e-06,"Bacteria","Bacteroidota","Bacteroidia","Bacteroidales","Marinilabiliaceae","uncultured"
"OTU_1574","Bin46",8.14769291575585e-06,"Bacteria","Bacteroidota","Bacteroidia","Bacteroidales","Bacteroidaceae","Bacteroides"
"OTU_1575","Bin61",6.97602003203026e-06,"Bacteria","Bacteroidota","Bacteroidia","Bacteroidales","Rs-E47__termite__group","GWE2-42-42"
"OTU_1580","Bin52",2.64046988841051e-06,"Bacteria","Bacteroidota","Bacteroidia","Bacteroidales","Prolixibacteraceae","Draconibacterium"
"OTU_1581","Bin45",1.84613078308297e-06,"Bacteria","Bacteroidota","Bacteroidia","ML602M-17","uncultured__organism","uncultured__bacterium"
"OTU_1572","Bin57",7.34209756393573e-06,"Bacteria","Bacteroidota","Bacteroidia","Bacteroidales","Bacteroidetes__vadinHA17","uncultured__bacterium"
"OTU_1582","Bin39",5.20865008110095e-06,"Bacteria","Bacteroidota","Bacteroidia","Bacteroidales","Marinifilaceae","uncultured"
"OTU_1586","Bin42",1.03346334219237e-06,"Bacteria","Bacteroidota","Bacteroidia","Bacteroidales","Dysgonomonadaceae","uncultured"
"OTU_1587","Bin61",6.18606578113013e-07,"Bacteria","Bacteroidota","Bacteroidia","Sphingobacteriales","Lentimicrobiaceae","uncultured__bacterium"
"OTU_1583","Bin59",5.04788789970207e-06,"Bacteria","Bacteroidota","Bacteroidia","Bacteroidales","Marinifilaceae","Marinifilum"
"OTU_1585","Bin56",3.74607972757988e-06,"Bacteria","Bacteroidota","Bacteroidia","Bacteroidales","Prolixibacteraceae","Sunxiuqinia"
"OTU_1588","Bin38",1.98711514959814e-06,"Bacteria","Bacteroidota","Bacteroidia","Bacteroidales","Marinilabiliaceae","uncultured"
"OTU_1589","Bin38",4.29381594159706e-06,"Bacteria","Bacteroidota","Bacteroidia","Bacteroidales","Rikenellaceae","uncultured"
"OTU_1590","Bin50",2.04129740425375e-06,"Bacteria","Bacteroidota","Bacteroidia","Bacteroidales","Marinilabiliaceae","uncultured"
"OTU_1584","Bin53",1.58145300558977e-06,"Bacteria","Bacteroidota","Bacteroidia","Bacteroidales","Prolixibacteraceae","Mangrovibacterium"
"OTU_1591","Bin53",6.11692933281415e-07,"Bacteria","Bacteroidota","Bacteroidia","Bacteroidales","Prolixibacteraceae","Mangrovibacterium"
"OTU_1592","Bin55",6.1273496565829e-07,"Bacteria","Bacteroidota","Bacteroidia","Bacteroidales","Marinilabiliaceae","uncultured"
"OTU_1593","Bin51",3.41047816686488e-06,"Bacteria","Bacteroidota","Bacteroidia","Bacteroidales","Prolixibacteraceae","uncultured"
"OTU_1596","Bin48",1.98814292623022e-06,"Bacteria","Bacteroidota","Bacteroidia","Bacteroidales","Prolixibacteraceae","Draconibacterium"
"OTU_1595","Bin57",1.02479122068666e-06,"Bacteria","Bacteroidota","Bacteroidia","Bacteroidales","Bacteroidetes__vadinHA17","uncultured__bacterium"
"OTU_1597","Bin33",4.00231565159878e-06,"Bacteria","Bacteroidota","Bacteroidia","Bacteroidales","Marinifilaceae","Marinifilum"
"OTU_1598","Bin44",5.29801164224389e-06,"Bacteria","Bacteroidota","Bacteroidia","Bacteroidales","Williamwhitmaniaceae","Blvii28__wastewater-sludge__group"
"OTU_1599","Bin53",3.005136671898e-06,"Bacteria","Bacteroidota","Bacteroidia","Bacteroidales","Prolixibacteraceae","Mangrovibacterium"
"OTU_1594","Bin48",4.81200402088621e-06,"Bacteria","Bacteroidota","Bacteroidia","Bacteroidales","SB-5","uncultured__organism"
"OTU_1601","Bin43",7.75881664919841e-06,"Bacteria","Bacteroidota","Bacteroidia","Bacteroidales","Bacteroidaceae","Bacteroides"
"OTU_1600","Bin37",5.97482345404284e-06,"Bacteria","Bacteroidota","Bacteroidia","Bacteroidales","Rikenellaceae","uncultured"
"OTU_1602","Bin35",2.62645669046314e-06,"Bacteria","Bacteroidota","Bacteroidia","Bacteroidales","Marinilabiliaceae","Labilibacter"
"OTU_1607","Bin43",4.6669720989559e-06,"Bacteria","Bacteroidota","Bacteroidia","Bacteroidales","Marinilabiliaceae","Carboxylicivirga"
"OTU_1605","Bin52",4.43631872576861e-06,"Bacteria","Bacteroidota","Bacteroidia","Bacteroidales","Prolixibacteraceae","Draconibacterium"
"OTU_1604","Bin48",7.26445312593703e-06,"Bacteria","Bacteroidota","Bacteroidia","Bacteroidales","Bacteroidetes__vadinHA17","uncultured__Bacteroidetes__bacterium"
"OTU_1603","Bin43",5.20033953301382e-06,"Bacteria","Bacteroidota","Bacteroidia","Sphingobacteriales","Lentimicrobiaceae","Lentimicrobium"
"OTU_1606","Bin44",7.81059034803698e-07,"Bacteria","Bacteroidota","Bacteroidia","Bacteroidales","Williamwhitmaniaceae","Blvii28__wastewater-sludge__group"
"OTU_1608","Bin57",5.28543850391934e-06,"Bacteria","Bacteroidota","Bacteroidia","Bacteroidales","Bacteroidetes__vadinHA17","uncultured__bacterium"
"OTU_1611","Bin38",3.169073927169e-06,"Bacteria","Bacteroidota","Bacteroidia","Bacteroidales","Rikenellaceae","uncultured"
"OTU_1610","Bin38",1.35355555205617e-05,"Bacteria","Bacteroidota","Bacteroidia","Bacteroidales","Rikenellaceae","uncultured"
"OTU_1612","Bin39",5.66099230082137e-06,"Bacteria","Bacteroidota","Bacteroidia","Bacteroidales","Marinifilaceae","uncultured"
"OTU_1614","Bin22",1.78753801773421e-06,"Bacteria","Thermotogota","Thermotogae","Petrotogales","Petrotogaceae","SC103"
"OTU_1609","Bin58",3.84540018196862e-06,"Bacteria","Bacteroidota","Bacteroidia","Bacteroidales","Marinilabiliaceae","uncultured"
"OTU_1613","Bin62",4.05257596140115e-06,"Bacteria","Bacteroidota","Bacteroidia","Bacteroidales","Marinilabiliaceae","Carboxylicivirga"
"OTU_1617","Bin47",3.5767934736596e-06,"Bacteria","Bacteroidota","Bacteroidia","Bacteroidales","SB-5","uncultured__bacterium"
"OTU_1616","Bin62",1.9774411663169e-06,"Bacteria","Bacteroidota","Bacteroidia","Bacteroidales","SB-5","uncultured__organism"
"OTU_1615","Bin44",1.7987055309095e-06,"Bacteria","Bacteroidota","Bacteroidia","Bacteroidales","Williamwhitmaniaceae","Blvii28__wastewater-sludge__group"
"OTU_1619","Bin49",1.95091211073986e-06,"Bacteria","Bacteroidota","Bacteroidia","Bacteroidales","Prolixibacteraceae","Roseimarinus"
"OTU_1620","Bin34",2.60436233805311e-06,"Bacteria","Bacteroidota","Bacteroidia","Bacteroidales","Marinifilaceae","Marinifilum"
"OTU_1618","Bin37",3.00686006358497e-06,"Bacteria","Bacteroidota","Bacteroidia","Bacteroidales","Rikenellaceae","uncultured"
"OTU_1621","Bin56",5.14090375826199e-06,"Bacteria","Bacteroidota","Bacteroidia","Bacteroidales","Prolixibacteraceae","Roseimarinus"
"OTU_1624","Bin43",2.42230363315773e-06,"Bacteria","Bacteroidota","Bacteroidia","Bacteroidales","Bacteroidaceae","Bacteroides"
"OTU_1622","Bin56",6.20197472178974e-07,"Bacteria","Bacteroidota","Bacteroidia","Bacteroidales","Prolixibacteraceae","Draconibacterium"
"OTU_1628","Bin5",2.40439302335142e-06,"Bacteria","Campilobacterota","Campylobacteria","Campylobacterales","Sulfurospirillaceae","Sulfurospirillum"
"OTU_1627","Bin41",4.24923507997287e-06,"Bacteria","Bacteroidota","Bacteroidia","Bacteroidales","Marinilabiliaceae","Carboxylicivirga"
"OTU_1625","Bin56",1.81147578311213e-06,"Bacteria","Bacteroidota","Bacteroidia","Bacteroidales","Prolixibacteraceae","Roseimarinus"
"OTU_1626","Bin47",2.59469610930404e-06,"Bacteria","Bacteroidota","Bacteroidia","Sphingobacteriales","Lentimicrobiaceae","uncultured__Bacteroidetes__bacterium"
"OTU_1623","Bin59",2.00840090719763e-06,"Bacteria","Bacteroidota","Bacteroidia","Bacteroidales","SB-5","uncultured__Cytophagales__bacterium"
"OTU_1629","Bin44",1.39629995135706e-06,"Bacteria","Bacteroidota","Bacteroidia","Bacteroidales","Marinilabiliaceae","uncultured"
"OTU_1630","Bin51",1.95684819129679e-06,"Bacteria","Bacteroidota","Bacteroidia","Bacteroidales","Prolixibacteraceae","Draconibacterium"
"OTU_1631","Bin40",9.80142075328132e-07,"Bacteria","Bacteroidota","Bacteroidia","Bacteroidales","Marinifilaceae","uncultured"
"OTU_1634","Bin38",3.36791408331074e-06,"Bacteria","Bacteroidota","Bacteroidia","Bacteroidales","Rikenellaceae","uncultured"
"OTU_1635","Bin44",3.04175924333375e-06,"Bacteria","Bacteroidota","Bacteroidia","Bacteroidales","Williamwhitmaniaceae","Blvii28__wastewater-sludge__group"
"OTU_1632","Bin61",3.59735170534422e-06,"Bacteria","Bacteroidota","Bacteroidia","Sphingobacteriales","Lentimicrobiaceae","Lentimicrobium"
"OTU_1638","Bin49",3.45966032665226e-06,"Bacteria","Bacteroidota","Bacteroidia","Bacteroidales","Marinifilaceae","uncultured"
"OTU_1633","Bin38",2.16473077947137e-06,"Bacteria","Bacteroidota","Bacteroidia","Bacteroidales","Marinilabiliaceae","Labilibacter"
"OTU_1637","Bin49",1.18558689138001e-06,"Bacteria","Bacteroidota","Bacteroidia","Bacteroidales","Bacteroidetes__BD2-2","uncultured__organism"
"OTU_1641","Bin59",1.98315888203767e-06,"Bacteria","Bacteroidota","Bacteroidia","Bacteroidales","Marinilabiliaceae","Labilibacter"
"OTU_1640","Bin70",1.99448568126702e-06,"Bacteria","Marinimicrobia__(SAR406__clade)","uncultured__bacterium","uncultured__bacterium","uncultured__bacterium","uncultured__bacterium"
"OTU_1636","Bin61",7.98275529585828e-06,"Bacteria","Bacteroidota","Bacteroidia","Sphingobacteriales","Lentimicrobiaceae","Lentimicrobium"
"OTU_1639","Bin40",3.9811745532943e-07,"Bacteria","Bacteroidota","Bacteroidia","Bacteroidales","Marinifilaceae","uncultured"
"OTU_1642","Bin45",2.55068864283486e-06,"Bacteria","Bacteroidota","Bacteroidia","ML602M-17","uncultured__organism","uncultured__bacterium"
"OTU_1644","Bin43",1.40347957366584e-06,"Bacteria","Bacteroidota","Bacteroidia","Bacteroidales","Dysgonomonadaceae","Proteiniphilum"
"OTU_1646","Bin56",4.41078910258305e-06,"Bacteria","Bacteroidota","Bacteroidia","Sphingobacteriales","Lentimicrobiaceae","Lentimicrobium"
"OTU_1643","Bin61",2.98463116573688e-06,"Bacteria","Bacteroidota","Bacteroidia","Bacteroidales","Marinifilaceae","Marinifilum"
"OTU_1648","Bin61",3.20299450888058e-06,"Bacteria","Bacteroidota","Bacteroidia","Sphingobacteriales","Lentimicrobiaceae","Lentimicrobium"
"OTU_1645","Bin56",1.58477391355453e-05,"Bacteria","Bacteroidota","Bacteroidia","Bacteroidales","Prolixibacteraceae","Draconibacterium"
"OTU_1650","Bin57",3.00124665791221e-06,"Bacteria","Bacteroidota","Bacteroidia","Bacteroidales","Marinilabiliaceae","uncultured"
"OTU_1647","Bin39",3.4896447078541e-06,"Bacteria","Bacteroidota","Bacteroidia","Bacteroidales","Marinifilaceae","uncultured"
"OTU_1649","Bin38",3.55062546299322e-06,"Bacteria","Bacteroidota","Bacteroidia","Bacteroidales","Rikenellaceae","uncultured"
"OTU_1654","Bin44",3.17276473814431e-06,"Bacteria","Bacteroidota","Bacteroidia","Bacteroidales","Rikenellaceae","uncultured"
"OTU_1652","Bin22",7.03907554807155e-06,"Bacteria","Thermotogota","Thermotogae","Petrotogales","Petrotogaceae","SC103"
"OTU_1653","Bin62",3.79842488078939e-06,"Bacteria","Bacteroidota","Bacteroidia","Sphingobacteriales","ST-12K33","uncultured__organism"
"OTU_1657","Bin52",3.47570482697409e-06,"Bacteria","Bacteroidota","Bacteroidia","Bacteroidales","Prolixibacteraceae","Draconibacterium"
"OTU_1651","Bin44",7.82835233036323e-07,"Bacteria","Bacteroidota","Bacteroidia","Bacteroidales","Williamwhitmaniaceae","Blvii28__wastewater-sludge__group"
"OTU_1658","Bin1",4.77384024625293e-06,"Bacteria","Cloacimonadota","Cloacimonadia","Cloacimonadales","Cloacimonadaceae","Candidatus__Cloacimonas"
"OTU_1656","Bin48",2.37582876729009e-06,"Bacteria","Bacteroidota","Bacteroidia","Bacteroidales","Prolixibacteraceae","Roseimarinus"
"OTU_1655","Bin55",3.96256100698658e-07,"Bacteria","Bacteroidota","Bacteroidia","Bacteroidales","Marinifilaceae","uncultured"
"OTU_1664","Bin34",3.18712486923704e-06,"Bacteria","Bacteroidota","Bacteroidia","Bacteroidales","Marinifilaceae","Marinifilum"
"OTU_1659","Bin62",1.18501618961521e-06,"Bacteria","Bacteroidota","Bacteroidia","Sphingobacteriales","Lentimicrobiaceae","uncultured__bacterium"
"OTU_1660","Bin46",2.19835666363815e-06,"Bacteria","Bacteroidota","Bacteroidia","Bacteroidales","Bacteroidaceae","Bacteroides"
"OTU_1666","Bin1",5.40489564347352e-06,"Bacteria","Cloacimonadota","Cloacimonadia","Cloacimonadales","Cloacimonadaceae","Candidatus__Cloacimonas"
"OTU_1662","Bin4",1.59953285981835e-06,"Bacteria","Cloacimonadota","Cloacimonadia","Cloacimonadales","MSBL8","uncultured__bacterium"
"OTU_1661","Bin47",4.37814304425328e-06,"Bacteria","Bacteroidota","Bacteroidia","Bacteroidales","Bacteroidetes__vadinHA17","uncultured__bacterium"
"OTU_1669","Bin56",9.98188030971942e-07,"Bacteria","Bacteroidota","Bacteroidia","Bacteroidales","Prolixibacteraceae","Draconibacterium"
"OTU_1665","Bin61",4.24993070383148e-06,"Bacteria","Bacteroidota","Bacteroidia","Sphingobacteriales","Lentimicrobiaceae","Lentimicrobium"
"OTU_1667","Bin37",5.78262854648872e-06,"Bacteria","Bacteroidota","Bacteroidia","Bacteroidales","Rikenellaceae","uncultured"
"OTU_1663","Bin38",2.80411532618466e-06,"Bacteria","Bacteroidota","Bacteroidia","Bacteroidales","Marinifilaceae","Marinifilum"
"OTU_1671","Bin98",2.61183864937099e-06,"Bacteria","Firmicutes","Clostridia","Oscillospirales","Oscillospiraceae","Colidextribacter"
"OTU_1670","Bin42",2.22608034666792e-06,"Bacteria","Bacteroidota","Bacteroidia","Bacteroidales","Paludibacteraceae","Paludibacter"
"OTU_1668","Bin4",2.22609978433942e-06,"Bacteria","Cloacimonadota","Cloacimonadia","Cloacimonadales","MSBL8","uncultured__bacterium"
"OTU_1673","Bin43",1.43463044627407e-06,"Bacteria","Bacteroidota","Bacteroidia","Bacteroidales","Bacteroidetes__vadinHA17","uncultured__Bacteroidetes__bacterium"
"OTU_1672","Bin56",1.19564267620499e-06,"Bacteria","Bacteroidota","Bacteroidia","Bacteroidales","Prolixibacteraceae","Draconibacterium"
"OTU_1674","Bin41",4.67446707039482e-06,"Bacteria","Bacteroidota","Bacteroidia","Bacteroidales","Marinilabiliaceae","Carboxylicivirga"
"OTU_1678","Bin52",2.41231163089075e-06,"Bacteria","Bacteroidota","Bacteroidia","Bacteroidales","Prolixibacteraceae","Draconibacterium"
"OTU_1676","Bin48",3.82295833128815e-06,"Bacteria","Bacteroidota","Bacteroidia","Sphingobacteriales","Lentimicrobiaceae","uncultured__bacterium"
"OTU_1677","Bin48",3.3910767102854e-06,"Bacteria","Bacteroidota","Bacteroidia","Bacteroidales","Marinilabiliaceae","uncultured"
"OTU_1675","Bin43",4.23735615559744e-06,"Bacteria","Bacteroidota","Bacteroidia","Bacteroidales","Marinifilaceae","uncultured"
"OTU_1679","Bin38",2.34723951001419e-06,"Bacteria","Bacteroidota","Bacteroidia","Bacteroidales","Rikenellaceae","uncultured"
"OTU_1682","Bin53",5.92642248101053e-07,"Bacteria","Bacteroidota","Bacteroidia","Bacteroidales","Prolixibacteraceae","Mangrovibacterium"
"OTU_1681","Bin38",3.61217700524045e-06,"Bacteria","Bacteroidota","Bacteroidia","Bacteroidales","Marinilabiliaceae","Labilibacter"
"OTU_1680","Bin61",5.76895302598203e-07,"Bacteria","Bacteroidota","Bacteroidia","Sphingobacteriales","Lentimicrobiaceae","uncultured__Bacteroidetes__bacterium"
"OTU_1683","Bin56",2.84646546829037e-06,"Bacteria","Bacteroidota","Bacteroidia","Bacteroidales","Bacteroidetes__vadinHA17","uncultured__Bacteroidales__bacterium"
"OTU_1690","Bin53",3.46816000310271e-06,"Bacteria","Bacteroidota","Bacteroidia","Bacteroidales","Prolixibacteraceae","Mangrovibacterium"
"OTU_1688","Bin62",5.3915246684173e-06,"Bacteria","Bacteroidota","Bacteroidia","Sphingobacteriales","Lentimicrobiaceae","uncultured__bacterium"
"OTU_1685","Bin61",3.05266128254307e-06,"Bacteria","Bacteroidota","Bacteroidia","Bacteroidales","Marinilabiliaceae","uncultured"
"OTU_1691","Bin38",3.44628121866341e-06,"Bacteria","Bacteroidota","Bacteroidia","Bacteroidales","Bacteroidetes__vadinHA17","uncultured__bacterium"
"OTU_1686","Bin62",3.39645494098665e-06,"Bacteria","Bacteroidota","Bacteroidia","Bacteroidales","Prolixibacteraceae","Mangrovibacterium"
"OTU_1684","Bin70",6.3562194264111e-06,"Bacteria","Marinimicrobia__(SAR406__clade)","uncultured__bacterium","uncultured__bacterium","uncultured__bacterium","uncultured__bacterium"
"OTU_1694","Bin46",2.20603303037166e-06,"Bacteria","Bacteroidota","Bacteroidia","Bacteroidales","Bacteroidaceae","Bacteroides"
"OTU_1689","Bin56",1.22926979423917e-06,"Bacteria","Bacteroidota","Bacteroidia","Bacteroidales","Prolixibacteraceae","Draconibacterium"
"OTU_1687","Bin62",2.17423484001403e-06,"Bacteria","Bacteroidota","Bacteroidia","Bacteroidetes__VC2.1__Bac22","uncultured__bacterium","uncultured__bacterium"
"OTU_1693","Bin47",2.1678253613244e-06,"Bacteria","Bacteroidota","Bacteroidia","Chitinophagales","uncultured","uncultured__organism"
"OTU_1692","Bin50",5.84414835488317e-06,"Bacteria","Bacteroidota","Bacteroidia","Bacteroidales","Marinilabiliaceae","uncultured"
"OTU_1695","Bin61",4.01848356673966e-06,"Bacteria","Bacteroidota","Bacteroidia","Sphingobacteriales","Lentimicrobiaceae","uncultured__bacterium"
"OTU_1696","Bin59",5.6321099799363e-06,"Bacteria","Bacteroidota","Bacteroidia","Bacteroidales","Bacteroidetes__BD2-2","uncultured__bacterium"
"OTU_1699","Bin39",2.41437022647402e-06,"Bacteria","Bacteroidota","Bacteroidia","Bacteroidales","Marinifilaceae","uncultured"
"OTU_1700","Bin41",4.66856546246626e-06,"Bacteria","Bacteroidota","Bacteroidia","Bacteroidales","Marinilabiliaceae","Carboxylicivirga"
"OTU_1697","Bin56",2.77727931590828e-06,"Bacteria","Bacteroidota","Bacteroidia","Bacteroidales","Prolixibacteraceae","Draconibacterium"
"OTU_1702","Bin62",4.00549134309039e-07,"Bacteria","Bacteroidota","Bacteroidia","Bacteroidales","Marinifilaceae","Marinifilum"
"OTU_1698","Bin51",3.81485649706598e-06,"Bacteria","Bacteroidota","Bacteroidia","Bacteroidales","Prolixibacteraceae","uncultured"
"OTU_1703","Bin37",1.58958777138222e-06,"Bacteria","Bacteroidota","Bacteroidia","Bacteroidales","Rikenellaceae","uncultured"
"OTU_1706","Bin37",3.16458375985509e-06,"Bacteria","Bacteroidota","Bacteroidia","Bacteroidales","Marinilabiliaceae","Carboxylicivirga"
"OTU_1701","Bin41",5.47027445593386e-06,"Bacteria","Bacteroidota","Bacteroidia","Bacteroidales","Marinilabiliaceae","Carboxylicivirga"
"OTU_1707","Bin37",2.20084876152321e-06,"Bacteria","Bacteroidota","Bacteroidia","Bacteroidales","Rikenellaceae","uncultured"
"OTU_1711","Bin92",1.01694131508558e-06,"Bacteria","Firmicutes","Bacilli","Acholeplasmatales","Acholeplasmataceae","Acholeplasma"
"OTU_1710","Bin49",2.0101999482539e-06,"Bacteria","Bacteroidota","Bacteroidia","Bacteroidales","Marinilabiliaceae","uncultured"
"OTU_1704","Bin52",1.54187964853931e-05,"Bacteria","Bacteroidota","Bacteroidia","Bacteroidales","Prolixibacteraceae","Mangrovibacterium"
"OTU_1708","Bin41",4.64317394644963e-06,"Bacteria","Bacteroidota","Bacteroidia","Bacteroidales","Prolixibacteraceae","Mangrovibacterium"
"OTU_1709","Bin55",6.74533530426452e-06,"Bacteria","Bacteroidota","Bacteroidia","Bacteroidales","Prolixibacteraceae","Roseimarinus"
"OTU_1713","Bin51",6.04146850017414e-06,"Bacteria","Bacteroidota","Bacteroidia","Bacteroidales","Prolixibacteraceae","Draconibacterium"
"OTU_1714","Bin59",1.81691068236901e-05,"Bacteria","Bacteroidota","Bacteroidia","Bacteroidales","Bacteroidetes__BD2-2","uncultured__bacterium"
"OTU_1705","Bin61",3.98220740815522e-07,"Bacteria","Bacteroidota","Bacteroidia","Bacteroidales","Marinilabiliaceae","uncultured"
"OTU_1712","Bin38",1.80609768634055e-06,"Bacteria","Bacteroidota","Bacteroidia","Bacteroidales","Rikenellaceae","DMER64"
"OTU_1715","Bin61",5.57769721857554e-07,"Bacteria","Bacteroidota","Bacteroidia","Sphingobacteriales","Lentimicrobiaceae","Lentimicrobium"
"OTU_1716","Bin29",0.000108211648138018,"Bacteria","Actinobacteriota","Actinobacteria","Micrococcales","Bogoriellaceae","Georgenia"
"OTU_1718","Bin62",4.39730578775565e-06,"Bacteria","Bacteroidota","Bacteroidia","Bacteroidales","Marinifilaceae","uncultured"
"OTU_1719","Bin42",1.56080855697361e-06,"Bacteria","Bacteroidota","Bacteroidia","Bacteroidales","Bacteroidaceae","Bacteroides"
"OTU_1717","Bin48",2.78982738341452e-06,"Bacteria","Bacteroidota","Bacteroidia","Sphingobacteriales","Lentimicrobiaceae","Lentimicrobium"
"OTU_1724","Bin53",1.81323337477349e-06,"Bacteria","Bacteroidota","Bacteroidia","Bacteroidales","Prolixibacteraceae","Mangrovibacterium"
"OTU_1723","Bin56",8.57261281281524e-06,"Bacteria","Bacteroidota","Bacteroidia","Bacteroidales","Prolixibacteraceae","Mangrovibacterium"
"OTU_1722","Bin53",1.7665723509874e-06,"Bacteria","Bacteroidota","Bacteroidia","Bacteroidales","Prolixibacteraceae","Mangrovibacterium"
"OTU_1721","Bin52",5.86616034416268e-07,"Bacteria","Bacteroidota","Bacteroidia","Bacteroidales","Prolixibacteraceae","Draconibacterium"
"OTU_1726","Bin38",6.56709292421357e-06,"Bacteria","Bacteroidota","Bacteroidia","Bacteroidales","Rikenellaceae","uncultured"
"OTU_1725","Bin42",2.77560347536629e-06,"Bacteria","Bacteroidota","Bacteroidia","Bacteroidales","Dysgonomonadaceae","uncultured"
"OTU_1720","Bin52",5.22694495981209e-06,"Bacteria","Bacteroidota","Bacteroidia","Bacteroidales","SB-5","uncultured__organism"
"OTU_1728","Bin61",4.84901759361359e-06,"Bacteria","Bacteroidota","Bacteroidia","Sphingobacteriales","Lentimicrobiaceae","Lentimicrobium"
"OTU_1727","Bin59",3.97321916849697e-07,"Bacteria","Bacteroidota","Rhodothermia","Balneolales","Balneolaceae","uncultured"
"OTU_1730","Bin58",9.72470230583196e-07,"Bacteria","Bacteroidota","Bacteroidia","Bacteroidales","Marinilabiliaceae","uncultured"
"OTU_1731","Bin58",1.20503995801741e-06,"Bacteria","Bacteroidota","Bacteroidia","Bacteroidales","Marinilabiliaceae","uncultured"
"OTU_1734","Bin50",1.20196758892418e-06,"Bacteria","Bacteroidota","Bacteroidia","Bacteroidales","Marinilabiliaceae","uncultured"
"OTU_1729","Bin58",1.0184182129945e-06,"Bacteria","Bacteroidota","Bacteroidia","Bacteroidales","Marinilabiliaceae","uncultured"
"OTU_1733","Bin56",2.18371644283455e-06,"Bacteria","Bacteroidota","Bacteroidia","Bacteroidales","Marinilabiliaceae","uncultured"
"OTU_1738","Bin62",9.92628250434993e-07,"Bacteria","Bacteroidota","Bacteroidia","Bacteroidales","Prolixibacteraceae","Mangrovibacterium"
"OTU_1732","Bin62",5.1477229237113e-06,"Bacteria","Bacteroidota","Bacteroidia","Bacteroidales","Prolixibacteraceae","Sunxiuqinia"
"OTU_1735","Bin34",5.63252449684517e-06,"Bacteria","Bacteroidota","Bacteroidia","Bacteroidales","Marinilabiliaceae","Labilibacter"
"OTU_1739","Bin50",3.82549783888235e-06,"Bacteria","Bacteroidota","Bacteroidia","Bacteroidales","Marinifilaceae","Marinifilum"
"OTU_1740","Bin54",1.00673965490195e-06,"Bacteria","Bacteroidota","Bacteroidia","Bacteroidales","Prolixibacteraceae","Sunxiuqinia"
"OTU_1737","Bin43",4.88741735377609e-06,"Bacteria","Bacteroidota","Bacteroidia","Bacteroidales","Marinilabiliaceae","Carboxylicivirga"
"OTU_1736","Bin50",1.37610186754536e-06,"Bacteria","Bacteroidota","Bacteroidia","Bacteroidales","Marinilabiliaceae","uncultured"
"OTU_1741","Bin34",1.38466784783632e-06,"Bacteria","Bacteroidota","Bacteroidia","Bacteroidales","Marinifilaceae","uncultured"
"OTU_1743","Bin52",3.66698988646314e-06,"Bacteria","Bacteroidota","Bacteroidia","Bacteroidales","Prolixibacteraceae","Draconibacterium"
"OTU_1744","Bin71",1.18027105581845e-06,"Bacteria","Proteobacteria","Gammaproteobacteria","Coxiellales","Coxiellaceae","Coxiella"
"OTU_1745","Bin55",6.42547833722503e-06,"Bacteria","Bacteroidota","Bacteroidia","Bacteroidales","Marinifilaceae","Marinifilum"
"OTU_1742","Bin56",2.42821644161875e-06,"Bacteria","Bacteroidota","Bacteroidia","Bacteroidales","Prolixibacteraceae","Roseimarinus"
"OTU_1746","Bin61",3.90022588014566e-07,"Bacteria","Bacteroidota","Bacteroidia","Sphingobacteriales","Lentimicrobiaceae","Lentimicrobium"
"OTU_1747","Bin33",1.81709591064454e-06,"Bacteria","Bacteroidota","Bacteroidia","Bacteroidales","Marinifilaceae","Marinifilum"
"OTU_1748","Bin56",4.17246466699345e-06,"Bacteria","Bacteroidota","Bacteroidia","Bacteroidales","Prolixibacteraceae","Draconibacterium"
"OTU_1750","Bin54",1.58093129543023e-06,"Bacteria","Bacteroidota","Bacteroidia","Bacteroidales","Prolixibacteraceae","Sunxiuqinia"
"OTU_1753","Bin47",1.57594390432625e-05,"Bacteria","Bacteroidota","Bacteroidia","Bacteroidales","Prolixibacteraceae","Sunxiuqinia"
"OTU_1749","Bin52",5.79362603435243e-06,"Bacteria","Bacteroidota","Bacteroidia","Bacteroidales","Prolixibacteraceae","Draconibacterium"
"OTU_1755","Bin7",2.85294452145363e-06,"Bacteria","Spirochaetota","Spirochaetia","Spirochaetales","Spirochaetaceae","Sphaerochaeta"
"OTU_1752","Bin45",4.51457252652546e-06,"Bacteria","Bacteroidota","Bacteroidia","ML602M-17","uncultured__organism","uncultured__bacterium"
"OTU_1751","Bin71",3.10221201023658e-06,"Bacteria","Proteobacteria","Gammaproteobacteria","Vibrionales","Vibrionaceae","Vibrio"
"OTU_1756","Bin43",8.19772663131567e-06,"Bacteria","Bacteroidota","Bacteroidia","Bacteroidales","Marinifilaceae","Marinifilum"
"OTU_1760","Bin55",3.61430113257079e-06,"Bacteria","Bacteroidota","Bacteroidia","Bacteroidales","Prolixibacteraceae","Sunxiuqinia"
"OTU_1757","Bin71",5.91586093676462e-06,"Bacteria","Proteobacteria","Gammaproteobacteria","Vibrionales","Vibrionaceae","Vibrio"
"OTU_1762","Bin40",4.58563617862004e-06,"Bacteria","Bacteroidota","Bacteroidia","Bacteroidales","Muribaculaceae","uncultured__bacterium"
"OTU_1754","Bin51",1.59817257970597e-05,"Bacteria","Bacteroidota","Bacteroidia","Bacteroidales","Prolixibacteraceae","Draconibacterium"
"OTU_1759","Bin54",8.32051214168263e-06,"Bacteria","Bacteroidota","Bacteroidia","Bacteroidales","Prolixibacteraceae","Roseimarinus"
"OTU_1758","Bin59",8.60208557663509e-07,"Bacteria","Bacteroidota","Bacteroidia","Bacteroidales","Prolixibacteraceae","Roseimarinus"
"OTU_1761","Bin41",5.9133690838947e-07,"Bacteria","Bacteroidota","Bacteroidia","Bacteroidales","Rikenellaceae","Alistipes"
"OTU_1763","Bin54",6.2786985284526e-06,"Bacteria","Bacteroidota","Bacteroidia","Bacteroidales","Prolixibacteraceae","Sunxiuqinia"
"OTU_1765","Bin43",1.92333577308896e-05,"Bacteria","Bacteroidota","Bacteroidia","Bacteroidales","Bacteroidaceae","Bacteroides"
"OTU_1766","Bin40",5.95308684956185e-07,"Bacteria","Bacteroidota","Bacteroidia","Bacteroidales","Muribaculaceae","uncultured__bacterium"
"OTU_1774","Bin34",4.96374009184298e-06,"Bacteria","Bacteroidota","Bacteroidia","Bacteroidales","Marinifilaceae","Marinifilum"
"OTU_1764","Bin41",8.05583515334127e-07,"Bacteria","Bacteroidota","Bacteroidia","Bacteroidales","Rikenellaceae","Alistipes"
"OTU_1767","Bin42",3.57041478797135e-06,"Bacteria","Bacteroidota","Bacteroidia","Bacteroidales","Bacteroidaceae","Bacteroides"
"OTU_1768","Bin41",7.94233932241813e-07,"Bacteria","Bacteroidota","Bacteroidia","Bacteroidales","Rikenellaceae","Alistipes"
"OTU_1775","Bin54",1.73361542105515e-05,"Bacteria","Bacteroidota","Bacteroidia","Bacteroidales","Prolixibacteraceae","Sunxiuqinia"
"OTU_1773","Bin54",1.39771441086306e-05,"Bacteria","Bacteroidota","Bacteroidia","Bacteroidales","Prolixibacteraceae","Sunxiuqinia"
"OTU_1770","Bin54",2.15438413922151e-05,"Bacteria","Bacteroidota","Bacteroidia","Bacteroidales","Prolixibacteraceae","Sunxiuqinia"
"OTU_1769","Bin33",3.25987291418675e-06,"Bacteria","Bacteroidota","Bacteroidia","Bacteroidales","Marinifilaceae","Marinifilum"
"OTU_1771","Bin52",3.80559949824378e-06,"Bacteria","Bacteroidota","Bacteroidia","Bacteroidales","Prolixibacteraceae","Draconibacterium"
"OTU_1772","Bin54",1.53644781182856e-05,"Bacteria","Bacteroidota","Bacteroidia","Bacteroidales","Prolixibacteraceae","Sunxiuqinia"
"OTU_1776","Bin51",4.7019172603413e-06,"Bacteria","Bacteroidota","Bacteroidia","Bacteroidales","Prolixibacteraceae","Draconibacterium"
"OTU_1777","Bin54",1.66701799383488e-05,"Bacteria","Bacteroidota","Bacteroidia","Bacteroidales","Prolixibacteraceae","Sunxiuqinia"
"OTU_1780","Bin32",5.10695075439158e-06,"Bacteria","Bacteroidota","Bacteroidia","Flavobacteriales","Flavobacteriaceae","Olleya"
"OTU_1778","Bin55",2.70187361516909e-05,"Bacteria","Bacteroidota","Bacteroidia","Bacteroidales","Prolixibacteraceae","Sunxiuqinia"
"OTU_1779","Bin54",1.92703778061765e-06,"Bacteria","Bacteroidota","Bacteroidia","Bacteroidales","Prolixibacteraceae","Sunxiuqinia"
"OTU_1781","Bin34",3.13215325726637e-05,"Bacteria","Bacteroidota","Bacteroidia","Bacteroidales","Marinifilaceae","Marinifilum"
"OTU_1784","Bin54",1.83302663448277e-05,"Bacteria","Bacteroidota","Bacteroidia","Bacteroidales","Prolixibacteraceae","Sunxiuqinia"
"OTU_1792","Bin40",1.17056192950918e-05,"Bacteria","Bacteroidota","Bacteroidia","Bacteroidales","Muribaculaceae","uncultured__bacterium"
"OTU_1787","Bin33",1.72689302012867e-06,"Bacteria","Bacteroidota","Bacteroidia","Bacteroidales","Marinifilaceae","Marinifilum"
"OTU_1782","Bin34",2.24589013174347e-05,"Bacteria","Bacteroidota","Bacteroidia","Bacteroidales","Prolixibacteraceae","Sunxiuqinia"
"OTU_1785","Bin33",4.91744117254067e-06,"Bacteria","Bacteroidota","Bacteroidia","Bacteroidales","Marinifilaceae","Marinifilum"
"OTU_1788","Bin45",0.000183860678327594,"Bacteria","Bacteroidota","Bacteroidia","Bacteroidales","Marinilabiliaceae","uncultured"
"OTU_1791","Bin91",1.71717292238146e-05,"Bacteria","Firmicutes","Bacilli","Erysipelotrichales","Erysipelotrichaceae","[Anaerorhabdus]__furcosa__group"
"OTU_1794","Bin40",4.98325019960039e-06,"Bacteria","Bacteroidota","Bacteroidia","Bacteroidales","Marinifilaceae","Odoribacter"
"OTU_1790","Bin45",7.52344460923627e-06,"Bacteria","Bacteroidota","Bacteroidia","Bacteroidales","Marinilabiliaceae","uncultured"
"OTU_1786","Bin34",1.06913242684465e-05,"Bacteria","Bacteroidota","Bacteroidia","Bacteroidales","Marinifilaceae","Marinifilum"
"OTU_1793","Bin59",2.01555965320261e-05,"Bacteria","Bacteroidota","Bacteroidia","Cytophagales","Cyclobacteriaceae","Algoriphagus"
"OTU_1783","Bin71",1.45503525274053e-06,"Bacteria","Proteobacteria","Gammaproteobacteria","Alteromonadales","Shewanellaceae","Shewanella"
"OTU_1789","Bin94",0.000136101116461034,"Bacteria","Firmicutes","D8A-2","uncultured__bacterium","uncultured__bacterium","uncultured__bacterium"
"OTU_1796","Bin40",7.1863208186903e-06,"Bacteria","Bacteroidota","Bacteroidia","Bacteroidales","Muribaculaceae","uncultured__bacterium"
"OTU_1795","Bin124",1.20632818253127e-05,"Bacteria","Firmicutes","Clostridia","Lachnospirales","Lachnospiraceae","Blautia"
"OTU_1797","Bin40",7.60193859956164e-06,"Bacteria","Bacteroidota","Bacteroidia","Bacteroidales","Muribaculaceae","uncultured__bacterium"
"OTU_1798","Bin59",6.29323295916607e-06,"Bacteria","Bacteroidota","Bacteroidia","Cytophagales","Cyclobacteriaceae","Algoriphagus"
"OTU_1800","Bin45",7.77963326876196e-06,"Bacteria","Bacteroidota","Bacteroidia","Bacteroidales","Marinilabiliaceae","uncultured"
"OTU_1799","Bin92",1.48431562329605e-05,"Bacteria","Firmicutes","Bacilli","Izemoplasmatales","Izemoplasmataceae","bacterium__enrichment__culture__clone__R4-81B"
"OTU_1802","Bin59",3.66236755978629e-06,"Bacteria","Bacteroidota","Bacteroidia","Cytophagales","Cyclobacteriaceae","Mariniradius"
"OTU_1803","Bin59",8.66756610495783e-06,"Bacteria","Bacteroidota","Rhodothermia","Rhodothermales","Rhodothermaceae","uncultured"
"OTU_1805","Bin45",3.50472348261146e-06,"Bacteria","Bacteroidota","Bacteroidia","Bacteroidales","Marinilabiliaceae","uncultured"
"OTU_1804","Bin98",2.55247600639529e-06,"Bacteria","Firmicutes","Clostridia","Peptostreptococcales-Tissierellales","uncultured","uncultured__bacterium"
"OTU_1801","Bin109",6.67462151169482e-06,"Bacteria","Firmicutes","Clostridia","Peptostreptococcales-Tissierellales","livecontrolB21","uncultured__bacterium"
"OTU_1808","Bin59",6.26708740953343e-06,"Bacteria","Bacteroidota","Bacteroidia","Cytophagales","Cyclobacteriaceae","Algoriphagus"
"OTU_1807","Bin40",2.38315146511009e-06,"Bacteria","Bacteroidota","Bacteroidia","Bacteroidales","Marinifilaceae","Odoribacter"
"OTU_1806","Bin45",3.20193619189953e-06,"Bacteria","Bacteroidota","Bacteroidia","Bacteroidales","Marinilabiliaceae","uncultured"
"OTU_1812","Bin92",1.35840266592947e-05,"Bacteria","Firmicutes","Bacilli","Izemoplasmatales","Izemoplasmataceae","bacterium__enrichment__culture__clone__R4-81B"
"OTU_1810","Bin30",1.16565624699676e-05,"Bacteria","Actinobacteriota","Actinobacteria","Streptomycetales","Streptomycetaceae","Streptomyces"
"OTU_1813","Bin100",5.40484809646957e-06,"Bacteria","Fusobacteriota","Fusobacteriia","Fusobacteriales","Fusobacteriaceae","Fusobacterium"
"OTU_1809","Bin30",2.04214322146327e-05,"Bacteria","Actinobacteriota","Actinobacteria","Corynebacteriales","Mycobacteriaceae","Mycobacterium"
"OTU_1816","Bin59",3.78273488312063e-06,"Bacteria","Bacteroidota","Bacteroidia","Bacteroidales","Bacteroidetes__BD2-2","uncultured__Bacteroidales__bacterium"
"OTU_1811","Bin59",4.60487183690655e-06,"Bacteria","Bacteroidota","Bacteroidia","Cytophagales","Cyclobacteriaceae","Algoriphagus"
"OTU_1815","Bin29",1.71361538617794e-05,"Bacteria","Actinobacteriota","Actinobacteria","Actinomycetales","Actinomycetaceae","uncultured"
"OTU_1819","Bin92",8.12980671882901e-06,"Bacteria","Firmicutes","Bacilli","Izemoplasmatales","Izemoplasmataceae","bacterium__enrichment__culture__clone__R4-81B"
"OTU_1821","Bin45",2.47936504917519e-06,"Bacteria","Bacteroidota","Bacteroidia","Bacteroidales","Marinifilaceae","uncultured"
"OTU_1817","Bin109",3.67561064774042e-06,"Bacteria","Firmicutes","Clostridia","Peptostreptococcales-Tissierellales","livecontrolB21","uncultured__bacterium"
"OTU_1814","Bin36",0.000390804515065565,"Bacteria","Bacteroidota","Bacteroidia","Bacteroidales","Marinilabiliaceae","uncultured"
"OTU_1820","Bin45",7.58481770246367e-06,"Bacteria","Bacteroidota","Bacteroidia","Bacteroidales","Marinilabiliaceae","uncultured"
"OTU_1822","Bin35",0.00102092620867108,"Bacteria","Bacteroidota","Bacteroidia","Bacteroidales","Marinilabiliaceae","uncultured"
"OTU_1818","Bin45",3.61992745169618e-06,"Bacteria","Bacteroidota","Bacteroidia","Bacteroidales","Marinilabiliaceae","uncultured"
"OTU_1823","Bin36",0.000316596771999632,"Bacteria","Bacteroidota","Bacteroidia","Bacteroidales","Marinilabiliaceae","uncultured"
"OTU_1825","Bin125",4.72868668934166e-06,"Bacteria","Bacteroidota","Bacteroidia","Bacteroidales","Prolixibacteraceae","Sunxiuqinia"
"OTU_1824","Bin45",1.03183395751291e-05,"Bacteria","Bacteroidota","Bacteroidia","Bacteroidales","Marinilabiliaceae","uncultured"
"OTU_1827","Bin59",4.84715001273518e-06,"Bacteria","Bacteroidota","Bacteroidia","Cytophagales","Cyclobacteriaceae","Aquiflexum"
"OTU_1833","Bin45",4.04120874542311e-06,"Bacteria","Bacteroidota","Bacteroidia","Bacteroidales","Marinilabiliaceae","uncultured"
"OTU_1828","Bin98",4.65832862172051e-06,"Bacteria","Firmicutes","Clostridia","Peptostreptococcales-Tissierellales","Fusibacteraceae","Fusibacter"
"OTU_1829","Bin59",1.13924918412109e-05,"Bacteria","Bacteroidota","Bacteroidia","Cytophagales","Cyclobacteriaceae","uncultured"
"OTU_1826","Bin40",8.00925620253525e-07,"Bacteria","Bacteroidota","Bacteroidia","Bacteroidales","Muribaculaceae","uncultured__bacterium"
"OTU_1832","Bin45",1.61531297214049e-06,"Bacteria","Bacteroidota","Bacteroidia","Bacteroidales","Marinilabiliaceae","uncultured"
"OTU_1834","Bin98",1.00014595544558e-06,"Bacteria","Bacteroidota","Bacteroidia","Bacteroidales","Rikenellaceae","uncultured"
"OTU_1835","Bin92",1.98630729589678e-06,"Bacteria","Firmicutes","Bacilli","Izemoplasmatales","Izemoplasmataceae","bacterium__enrichment__culture__clone__R4-81B"
"OTU_1841","Bin92",2.38967496687753e-06,"Bacteria","Firmicutes","Bacilli","Izemoplasmatales","Izemoplasmataceae","uncultured__bacterium"
"OTU_1836","Bin45",2.38819590307047e-06,"Bacteria","Bacteroidota","Bacteroidia","Bacteroidales","Marinilabiliaceae","uncultured"
"OTU_1830","Bin109",1.40480897593548e-06,"Bacteria","Firmicutes","Clostridia","Peptostreptococcales-Tissierellales","livecontrolB21","uncultured__bacterium"
"OTU_1838","Bin45",9.97093728036822e-07,"Bacteria","Bacteroidota","Bacteroidia","Bacteroidales","Marinilabiliaceae","uncultured"
"OTU_1837","Bin92",2.38061947520022e-06,"Bacteria","Firmicutes","Bacilli","Izemoplasmatales","Izemoplasmataceae","bacterium__enrichment__culture__clone__R4-81B"
"OTU_1831","Bin45",3.18887852937848e-06,"Bacteria","Bacteroidota","Bacteroidia","Bacteroidales","Marinilabiliaceae","uncultured"
"OTU_1839","Bin40",5.73751490858136e-06,"Bacteria","Bacteroidota","Bacteroidia","Bacteroidales","Muribaculaceae","uncultured__bacterium"
"OTU_1840","Bin92",2.79008772827511e-06,"Bacteria","Firmicutes","Bacilli","Izemoplasmatales","Izemoplasmataceae","uncultured__bacterium"
"OTU_1843","Bin116",9.6786715921737e-07,"Bacteria","Firmicutes","Clostridia","Peptostreptococcales-Tissierellales","Fusibacteraceae","Fusibacter"
"OTU_1844","Bin40",1.19430725246092e-06,"Bacteria","Bacteroidota","Bacteroidia","Bacteroidales","Muribaculaceae","uncultured__bacterium"
"OTU_1842","Bin125",7.5026524374908e-06,"Bacteria","Bacteroidota","Bacteroidia","Bacteroidales","Prolixibacteraceae","Sunxiuqinia"
"OTU_1847","Bin29",5.7747092177103e-05,"Bacteria","Actinobacteriota","Actinobacteria","Bifidobacteriales","Bifidobacteriaceae","Bifidobacterium"
"OTU_1848","Bin92",2.55988006615072e-05,"Bacteria","Firmicutes","Bacilli","Acholeplasmatales","Acholeplasmataceae","Acholeplasma"
"OTU_1845","Bin98",3.99527540133955e-06,"Bacteria","Bacteroidota","Bacteroidia","Bacteroidales","Prolixibacteraceae","Sunxiuqinia"
"OTU_1849","Bin35",3.89887573856596e-05,"Bacteria","Bacteroidota","Bacteroidia","Bacteroidales","Prolixibacteraceae","Sunxiuqinia"
"OTU_1846","Bin36",0.000123689240951002,"Bacteria","Bacteroidota","Bacteroidia","Bacteroidales","Marinilabiliaceae","uncultured"
"OTU_1852","Bin92",1.12563386437012e-05,"Bacteria","Firmicutes","Bacilli","Acholeplasmatales","Acholeplasmataceae","Acholeplasma"
"OTU_1854","Bin56",6.366731809469e-06,"Bacteria","Bacteroidota","Bacteroidia","Bacteroidales","Marinilabiliaceae","uncultured"
"OTU_1851","Bin52",1.32578746294862e-05,"Bacteria","Bacteroidota","Bacteroidia","Bacteroidales","Marinilabiliaceae","uncultured"
"OTU_1850","Bin40",5.96973887174102e-06,"Bacteria","Bacteroidota","Bacteroidia","Bacteroidales","Muribaculaceae","uncultured__bacterium"
"OTU_1853","Bin35",9.19931693188148e-06,"Bacteria","Bacteroidota","Bacteroidia","Bacteroidales","Marinilabiliaceae","uncultured"
"OTU_1856","Bin62",8.62239044572549e-06,"Bacteria","Bacteroidota","Bacteroidia","Bacteroidales","Marinilabiliaceae","uncultured"
"OTU_1858","Bin35",1.00575576878999e-05,"Bacteria","Bacteroidota","Bacteroidia","Bacteroidales","Prolixibacteraceae","Draconibacterium"
"OTU_1857","Bin52",1.09174740157122e-05,"Bacteria","Bacteroidota","Bacteroidia","Bacteroidales","Prolixibacteraceae","Draconibacterium"
"OTU_1855","Bin92",5.37189356421039e-06,"Bacteria","Firmicutes","Bacilli","Acholeplasmatales","Acholeplasmataceae","Acholeplasma"
"OTU_1859","Bin35",1.30040475490282e-05,"Bacteria","Bacteroidota","Bacteroidia","Bacteroidales","Marinilabiliaceae","uncultured"
"OTU_1860","Bin43",7.59171859652886e-06,"Bacteria","Bacteroidota","Bacteroidia","Bacteroidales","Bacteroidaceae","Bacteroides"
"OTU_1861","Bin36",8.58620944453587e-06,"Bacteria","Bacteroidota","Bacteroidia","Bacteroidales","Prolixibacteraceae","Sunxiuqinia"
"OTU_1863","Bin36",3.59433866760226e-06,"Bacteria","Bacteroidota","Bacteroidia","Bacteroidales","Marinilabiliaceae","uncultured"
"OTU_1866","Bin35",2.75120399059668e-05,"Bacteria","Bacteroidota","Bacteroidia","Bacteroidales","Marinilabiliaceae","uncultured"
"OTU_1865","Bin36",6.15052241223502e-06,"Bacteria","Bacteroidota","Bacteroidia","Bacteroidales","Marinilabiliaceae","uncultured"
"OTU_1862","Bin92",3.97569808557053e-06,"Bacteria","Firmicutes","Bacilli","Acholeplasmatales","Acholeplasmataceae","Acholeplasma"
"OTU_1868","Bin59",1.41130660088822e-05,"Bacteria","Bacteroidota","Kapabacteria","Kapabacteriales","uncultured__organism","uncultured__bacterium"
"OTU_1867","Bin29",3.32646964362006e-05,"Bacteria","Actinobacteriota","Actinobacteria","Actinomycetales","Actinomycetaceae","uncultured"
"OTU_1872","Bin56",1.75565178855386e-05,"Bacteria","Bacteroidota","Bacteroidia","Bacteroidales","Marinilabiliaceae","uncultured"
"OTU_1870","Bin43",5.55821661885974e-06,"Bacteria","Bacteroidota","Bacteroidia","Bacteroidales","Bacteroidaceae","Bacteroides"
"OTU_1864","Bin35",1.72309967862274e-05,"Bacteria","Bacteroidota","Bacteroidia","Bacteroidales","Marinilabiliaceae","uncultured"
"OTU_1871","Bin59",1.18822708233035e-06,"Bacteria","Bacteroidota","Kapabacteria","Kapabacteriales","uncultured__organism","uncultured__bacterium"
"OTU_1874","Bin62",2.81970463264572e-06,"Bacteria","Bacteroidota","Bacteroidia","Bacteroidales","Marinilabiliaceae","uncultured"
"OTU_1873","Bin35",7.9935833784017e-06,"Bacteria","Bacteroidota","Bacteroidia","Bacteroidales","Marinilabiliaceae","uncultured"
"OTU_1869","Bin62",3.64065524002517e-06,"Bacteria","Bacteroidota","Bacteroidia","Sphingobacteriales","ST-12K33","uncultured__bacterium"
"OTU_1875","Bin36",2.38409993738657e-06,"Bacteria","Bacteroidota","Bacteroidia","Bacteroidales","Marinilabiliaceae","uncultured"
"OTU_1876","Bin35",1.63461109546322e-05,"Bacteria","Bacteroidota","Bacteroidia","Bacteroidales","Marinilabiliaceae","uncultured"
"OTU_1877","Bin36",4.62299372550345e-06,"Bacteria","Bacteroidota","Bacteroidia","Bacteroidales","Prolixibacteraceae","Sunxiuqinia"
"OTU_1879","Bin35",4.61445221110338e-06,"Bacteria","Bacteroidota","Bacteroidia","Bacteroidales","Marinilabiliaceae","uncultured"
"OTU_1878","Bin35",3.81937037127069e-06,"Bacteria","Bacteroidota","Bacteroidia","Bacteroidales","Prolixibacteraceae","Mangrovibacterium"
"OTU_1880","Bin61",2.79428673329448e-06,"Bacteria","Bacteroidota","Bacteroidia","Sphingobacteriales","Lentimicrobiaceae","Lentimicrobium"
"OTU_1882","Bin4",2.1911694952212e-06,"Bacteria","Cloacimonadota","Cloacimonadia","Cloacimonadales","MSBL8","uncultured__bacterium"
"OTU_1883","Bin52",3.40876079617205e-06,"Bacteria","Bacteroidota","Bacteroidia","Bacteroidales","Prolixibacteraceae","Draconibacterium"
"OTU_1884","Bin39",2.219348380841e-06,"Bacteria","Bacteroidota","Bacteroidia","Bacteroidales","Marinifilaceae","uncultured"
"OTU_1887","Bin36",1.74879781637899e-05,"Bacteria","Bacteroidota","Bacteroidia","Bacteroidales","Marinilabiliaceae","uncultured"
"OTU_1881","Bin36",2.60293603761784e-06,"Bacteria","Bacteroidota","Bacteroidia","Bacteroidales","Bacteroidetes__vadinHA17","uncultured__bacterium"
"OTU_1885","Bin61",1.78882041847167e-06,"Bacteria","Bacteroidota","Bacteroidia","Sphingobacteriales","Lentimicrobiaceae","uncultured__bacterium"
"OTU_1886","Bin68",1.38832997790816e-06,"Bacteria","Cyanobacteria","Vampirivibrionia","Gastranaerophilales","uncultured__bacterium","uncultured__bacterium"
"OTU_1890","Bin36",8.11082483811507e-07,"Bacteria","Bacteroidota","Bacteroidia","Bacteroidales","Marinilabiliaceae","uncultured"
"OTU_1894","Bin36",3.97822210969695e-06,"Bacteria","Bacteroidota","Bacteroidia","Bacteroidales","Marinilabiliaceae","uncultured"
"OTU_1892","Bin36",2.81922631794987e-06,"Bacteria","Bacteroidota","Bacteroidia","Bacteroidales","Marinilabiliaceae","uncultured"
"OTU_1889","Bin49",2.40060254889095e-06,"Bacteria","Bacteroidota","Bacteroidia","Bacteroidales","Marinilabiliaceae","uncultured"
"OTU_1888","Bin43",6.23197896915197e-06,"Bacteria","Bacteroidota","Bacteroidia","Bacteroidales","Marinilabiliaceae","uncultured"
"OTU_1895","Bin36",8.38591527796977e-06,"Bacteria","Bacteroidota","Bacteroidia","Bacteroidales","Marinilabiliaceae","uncultured"
"OTU_1893","Bin43",8.30933553689807e-06,"Bacteria","Bacteroidota","Bacteroidia","Bacteroidales","Marinilabiliaceae","uncultured"
"OTU_1891","Bin36",4.01046155420087e-06,"Bacteria","Bacteroidota","Bacteroidia","Bacteroidales","Prolixibacteraceae","Mangrovibacterium"
"OTU_1896","Bin36",6.19110231219602e-06,"Bacteria","Bacteroidota","Bacteroidia","Bacteroidales","Marinilabiliaceae","uncultured"
"OTU_1898","Bin98",2.82819505285676e-06,"Bacteria","Bacteroidota","Bacteroidia","Bacteroidales","Marinilabiliaceae","uncultured"
"OTU_1897","Bin39",1.00807198185659e-06,"Bacteria","Bacteroidota","Bacteroidia","Bacteroidales","Marinifilaceae","uncultured"
"OTU_1899","Bin49",1.41897772502218e-06,"Bacteria","Bacteroidota","Bacteroidia","Bacteroidales","Marinifilaceae","uncultured"
"OTU_1901","Bin98",4.550965064035e-06,"Bacteria","Bacteroidota","Bacteroidia","Bacteroidales","Marinilabiliaceae","uncultured"
"OTU_1905","Bin36",1.76689150465133e-06,"Bacteria","Bacteroidota","Bacteroidia","Bacteroidales","Marinilabiliaceae","uncultured"
"OTU_1902","Bin36",3.99991165261558e-06,"Bacteria","Bacteroidota","Bacteroidia","Bacteroidales","Marinilabiliaceae","uncultured"
"OTU_1900","Bin61",7.87828334612211e-07,"Bacteria","Bacteroidota","Bacteroidia","Sphingobacteriales","Lentimicrobiaceae","uncultured__bacterium"
"OTU_1906","Bin35",2.17465429018238e-06,"Bacteria","Bacteroidota","Bacteroidia","Bacteroidales","Marinilabiliaceae","Labilibacter"
"OTU_1909","Bin40",1.77892266100137e-06,"Bacteria","Bacteroidota","Bacteroidia","Bacteroidales","Muribaculaceae","uncultured__bacterium"
"OTU_1908","Bin36",2.03785195882788e-06,"Bacteria","Bacteroidota","Bacteroidia","Bacteroidales","Marinilabiliaceae","uncultured"
"OTU_1907","Bin35",2.01850700810515e-06,"Bacteria","Bacteroidota","Bacteroidia","Bacteroidales","Marinifilaceae","Marinifilum"
"OTU_1904","Bin36",9.8329975994143e-07,"Bacteria","Bacteroidota","Bacteroidia","Sphingobacteriales","Lentimicrobiaceae","uncultured__sediment__bacterium"
"OTU_1903","Bin92",5.97027734078974e-07,"Bacteria","Firmicutes","Bacilli","Acholeplasmatales","Acholeplasmataceae","Acholeplasma"
"OTU_1910","Bin40",2.19537791365153e-06,"Bacteria","Bacteroidota","Bacteroidia","Bacteroidales","Muribaculaceae","uncultured__bacterium"
"OTU_1913","Bin59",2.84196861819683e-05,"Bacteria","Bacteroidota","Kryptonia","Kryptoniales","MSB-3C8","uncultured__bacterium"
"OTU_1912","Bin29",5.92603679547057e-05,"Bacteria","Actinobacteriota","Actinobacteria","Actinomycetales","Actinomycetaceae","Actinomyces"
"OTU_1911","Bin70",4.0395993847907e-05,"Bacteria","LCP-89","uncultured__bacterium","uncultured__bacterium","uncultured__bacterium","uncultured__bacterium"
"OTU_1917","Bin70",7.30020626109324e-06,"Bacteria","LCP-89","uncultured__bacterium","uncultured__bacterium","uncultured__bacterium","uncultured__bacterium"
"OTU_1914","Bin30",8.80652943972942e-06,"Bacteria","Actinobacteriota","Actinobacteria","Corynebacteriales","Mycobacteriaceae","Mycobacterium"
"OTU_1915","Bin59",1.81762985126042e-06,"Bacteria","Bacteroidota","Kapabacteria","Kapabacteriales","uncultured__bacterium","uncultured__bacterium"
"OTU_1916","Bin70",5.30011183109594e-06,"Bacteria","LCP-89","uncultured__bacterium","uncultured__bacterium","uncultured__bacterium","uncultured__bacterium"
"OTU_1919","Bin98",4.00279012637737e-06,"Bacteria","Bacteroidota","Bacteroidia","Bacteroidales","Marinilabiliaceae","uncultured"
"OTU_1918","Bin29",6.2026813257146e-06,"Bacteria","Actinobacteriota","Actinobacteria","Actinomycetales","Actinomycetaceae","Actinomyces"
"OTU_1920","Bin98",2.37380109796684e-06,"Bacteria","Firmicutes","Clostridia","Peptostreptococcales-Tissierellales","uncultured","uncultured__bacterium"
"OTU_1921","Bin98",3.43147112504271e-06,"Bacteria","Firmicutes","Clostridia","Peptostreptococcales-Tissierellales","JTB215","bacterium__enrichment__culture__clone__AOM-SR-B4"
"OTU_1924","Bin14",1.02644061562238e-06,"Bacteria","Chloroflexi","Chloroflexia","Thermomicrobiales","JG30-KF-CM45","uncultured__bacterium"
"OTU_1926","Bin10",1.20978695064721e-06,"Bacteria","Spirochaetota","Spirochaetia","Spirochaetales","Spirochaetaceae","GWE2-31-10"
"OTU_1927","Bin87",1.58187670382755e-05,"Bacteria","Acidobacteriota","Subgroup__18","uncultured__bacterium","uncultured__bacterium","uncultured__bacterium"
"OTU_1928","Bin22",4.6595967217513e-06,"Bacteria","Caldisericota","Caldisericia","Caldisericales","LF045","uncultured__Caldiserica__bacterium"
"OTU_1925","Bin94",3.21696094303163e-06,"Bacteria","Deinococcota","Deinococci","Deinococcales","Deinococcaceae","Deinococcus"
"OTU_1929","Bin22",2.20351419043372e-06,"Bacteria","Caldisericota","Caldisericia","Caldisericales","LF045","uncultured__organism"
"OTU_1923","Bin29",2.4053811944146e-06,"Bacteria","Actinobacteriota","Actinobacteria","Actinomycetales","Actinomycetaceae","Actinomyces"
"OTU_1922","Bin109",2.3914130791421e-06,"Bacteria","Firmicutes","Clostridia","Peptostreptococcales-Tissierellales","livecontrolB21","uncultured__bacterium"
"OTU_1931","Bin29",7.87729781659996e-06,"Bacteria","Actinobacteriota","Actinobacteria","Micrococcales","Bogoriellaceae","Georgenia"
"OTU_1930","Bin94",2.81831165890631e-06,"Bacteria","Deinococcota","Deinococci","Deinococcales","Deinococcaceae","Deinococcus"
"OTU_1933","Bin81",6.88811325228054e-06,"Bacteria","Bdellovibrionota","Bdellovibrionia","Bdellovibrionales","Bdellovibrionaceae","OM27__clade"
"OTU_1935","Bin29",0.000690568227406019,"Bacteria","Actinobacteriota","Actinobacteria","Micrococcales","Bogoriellaceae","Georgenia"
"OTU_1937","Bin29",9.31891507310591e-06,"Bacteria","Actinobacteriota","Actinobacteria","Micrococcales","Microbacteriaceae","Leucobacter"
"OTU_1934","Bin30",5.98680908326695e-06,"Bacteria","Actinobacteriota","Actinobacteria","Corynebacteriales","Corynebacteriaceae","Corynebacterium"
"OTU_1932","Bin23",4.6996031542967e-05,"Bacteria","Acidobacteriota","Aminicenantia","Aminicenantales","uncultured__bacterium","uncultured__bacterium"
"OTU_1936","Bin29",2.23993719752686e-05,"Bacteria","Actinobacteriota","Actinobacteria","Bifidobacteriales","Bifidobacteriaceae","Bifidobacterium"
"OTU_1938","Bin29",3.56977180550529e-06,"Bacteria","Actinobacteriota","Actinobacteria","Micrococcales","Bogoriellaceae","Georgenia"
"OTU_1940","Bin29",1.80038818336163e-05,"Bacteria","Actinobacteriota","Actinobacteria","Micrococcales","Bogoriellaceae","Georgenia"
"OTU_1939","Bin29",1.00088907321517e-06,"Bacteria","Actinobacteriota","Actinobacteria","Micrococcales","Microbacteriaceae","Agromyces"
"OTU_1943","Bin86",4.30347307481809e-05,"Bacteria","Acidobacteriota","d142","uncultured__bacterium","uncultured__bacterium","uncultured__bacterium"
"OTU_1947","Bin29",3.25845227436358e-06,"Bacteria","Actinobacteriota","Actinobacteria","Micrococcales","Bogoriellaceae","Georgenia"
"OTU_1942","Bin29",2.20867472324189e-06,"Bacteria","Actinobacteriota","Actinobacteria","Micrococcales","Bogoriellaceae","Georgenia"
"OTU_1945","Bin31",1.25741522513863e-05,"Bacteria","Actinobacteriota","MB-A2-108","uncultured__bacterium","uncultured__bacterium","uncultured__bacterium"
"OTU_1941","Bin89",1.05341451925071e-05,"Bacteria","Firmicutes","Clostridia","Clostridiales","Clostridiaceae","Oceanirhabdus"
"OTU_1946","Bin31",5.28663638555342e-06,"Bacteria","Actinobacteriota","Coriobacteriia","Coriobacteriales","Atopobiaceae","Coriobacteriaceae__UCG-002"
"OTU_1948","Bin29",1.05015433038352e-05,"Bacteria","Actinobacteriota","Actinobacteria","Streptomycetales","Streptomycetaceae","Streptomyces"
"OTU_1944","Bin29",2.06300099923423e-05,"Bacteria","Actinobacteriota","Actinobacteria","Micrococcales","Intrasporangiaceae","Ornithinimicrobium"
"OTU_1954","Bin24",7.1974572655483e-06,"Bacteria","Verrucomicrobiota","Verrucomicrobiae","Verrucomicrobiales","Akkermansiaceae","Akkermansia"
"OTU_1950","Bin28",9.34038760025526e-06,"Bacteria","Actinobacteriota","Actinobacteria","Propionibacteriales","Propionibacteriaceae","Propionicicella"
"OTU_1951","Bin29",2.42662808963735e-06,"Bacteria","Actinobacteriota","Actinobacteria","Streptomycetales","Streptomycetaceae","Streptomyces"
"OTU_1952","Bin30",7.92547761194351e-05,"Bacteria","Actinobacteriota","Actinobacteria","Corynebacteriales","Corynebacteriaceae","Corynebacterium"
"OTU_1955","Bin30",1.09608647167825e-05,"Bacteria","Actinobacteriota","Actinobacteria","Corynebacteriales","Corynebacteriaceae","Corynebacterium"
"OTU_1956","Bin27",1.73785971708088e-05,"Bacteria","Actinobacteriota","Acidimicrobiia","Actinomarinales","uncultured","uncultured__bacterium"
"OTU_1953","Bin30",9.39800849830136e-05,"Bacteria","Actinobacteriota","Actinobacteria","PeM15","uncultured__bacterium","uncultured__bacterium"
"OTU_1957","Bin80",6.09519865527822e-06,"Bacteria","SAR324__clade(Marine__group__B)","uncultured__bacterium","uncultured__bacterium","uncultured__bacterium","uncultured__bacterium"
"OTU_1961","Bin30",2.62456928314356e-05,"Bacteria","Actinobacteriota","Actinobacteria","Corynebacteriales","Nocardiaceae","Rhodococcus"
"OTU_1967","Bin28",4.91185728039648e-05,"Bacteria","Actinobacteriota","Actinobacteria","Propionibacteriales","Nocardioidaceae","Nocardioides"
"OTU_1959","Bin30",1.00619061662742e-06,"Bacteria","Actinobacteriota","Actinobacteria","Corynebacteriales","Corynebacteriaceae","Corynebacterium"
"OTU_1966","Bin30",3.73629260165765e-05,"Bacteria","Actinobacteriota","Actinobacteria","Propionibacteriales","Propionibacteriaceae","uncultured"
"OTU_1960","Bin28",0.000319496863453566,"Bacteria","Actinobacteriota","Actinobacteria","Propionibacteriales","Propionibacteriaceae","Brooklawnia"
"OTU_1962","Bin29",6.82144005515834e-05,"Bacteria","Actinobacteriota","Actinobacteria","Micrococcales","Microbacteriaceae","Microbacterium"
"OTU_1958","Bin31",6.02718555955529e-06,"Bacteria","Actinobacteriota","Coriobacteriia","Coriobacteriales","Atopobiaceae","Atopobium"
"OTU_1963","Bin29",4.08415730366409e-05,"Bacteria","Actinobacteriota","Actinobacteria","Micrococcales","Micrococcaceae","Kocuria"
"OTU_1965","Bin27",3.19144177775362e-05,"Bacteria","Actinobacteriota","Actinobacteria","Nitriliruptorales","Nitriliruptoraceae","uncultured__bacterium"
"OTU_1969","Bin30",4.53515092343397e-05,"Bacteria","Actinobacteriota","Actinobacteria","Corynebacteriales","Dietziaceae","Dietzia"
"OTU_1968","Bin29",7.57194190685175e-05,"Bacteria","Actinobacteriota","Actinobacteria","Micrococcales","Microbacteriaceae","Leucobacter"
"OTU_1970","Bin30",2.64497038273945e-05,"Bacteria","Actinobacteriota","Actinobacteria","Corynebacteriales","Mycobacteriaceae","Mycobacterium"
"OTU_1964","Bin30",7.10197335793068e-05,"Bacteria","Actinobacteriota","Actinobacteria","PeM15","uncultured__bacterium","uncultured__bacterium"
"OTU_1972","Bin28",2.08484908458369e-05,"Bacteria","Actinobacteriota","Actinobacteria","Propionibacteriales","Propionibacteriaceae","Tessaracoccus"
"OTU_1971","Bin27",2.71063727584576e-05,"Bacteria","Actinobacteriota","Actinobacteria","Nitriliruptorales","Nitriliruptoraceae","uncultured__bacterium"
"OTU_1980","Bin30",1.469539335418e-05,"Bacteria","Actinobacteriota","Actinobacteria","Micromonosporales","Micromonosporaceae","Micromonospora"
"OTU_1973","Bin28",3.41961803450851e-05,"Bacteria","Actinobacteriota","Actinobacteria","Propionibacteriales","Propionibacteriaceae","Tessaracoccus"
"OTU_1974","Bin29",1.61228881577969e-05,"Bacteria","Actinobacteriota","Actinobacteria","Micrococcales","Dermatophilaceae","uncultured"
"OTU_1976","Bin29",1.00847273327254e-05,"Bacteria","Actinobacteriota","Actinobacteria","Micrococcales","Intrasporangiaceae","Ornithinicoccus"
"OTU_1978","Bin29",8.28323355155823e-06,"Bacteria","Actinobacteriota","Actinobacteria","Micrococcales","Intrasporangiaceae","Ornithinicoccus"
"OTU_1981","Bin30",2.32096364798525e-05,"Bacteria","Actinobacteriota","Actinobacteria","Corynebacteriales","Mycobacteriaceae","Mycobacterium"
"OTU_1975","Bin28",1.81712849237484e-05,"Bacteria","Actinobacteriota","Actinobacteria","Propionibacteriales","Propionibacteriaceae","Raineyella"
"OTU_1979","Bin29",3.90966396366986e-05,"Bacteria","Actinobacteriota","Actinobacteria","Micrococcales","Intrasporangiaceae","Ornithinibacter"
"OTU_1977","Bin28",3.07449182800342e-05,"Bacteria","Actinobacteriota","Actinobacteria","Propionibacteriales","Nocardioidaceae","Nocardioides"
"OTU_1983","Bin66",3.82696462017515e-06,"Bacteria","Cyanobacteria","Cyanobacteriia","Chloroplast","Cyclotella__sp.__L04_2","uncultured__bacterium"
"OTU_1987","Bin30",1.28299497465281e-05,"Bacteria","Actinobacteriota","Actinobacteria","Frankiales","Geodermatophilaceae","Blastococcus"
"OTU_1988","Bin29",5.8437102800087e-06,"Bacteria","Actinobacteriota","Actinobacteria","Micrococcales","Dermatophilaceae","uncultured"
"OTU_1982","Bin30",2.48942239516744e-05,"Bacteria","Actinobacteriota","Actinobacteria","Corynebacteriales","Nocardiaceae","Gordonia"
"OTU_1984","Bin30",3.97837736798579e-06,"Bacteria","Actinobacteriota","Actinobacteria","Corynebacteriales","Mycobacteriaceae","Mycobacterium"
"OTU_1985","Bin30",7.42304992560117e-06,"Bacteria","Actinobacteriota","Actinobacteria","PeM15","metagenome","uncultured__bacterium"
"OTU_1986","Bin30",1.71280920452427e-05,"Bacteria","Actinobacteriota","Actinobacteria","Frankiales","uncultured__bacterium","uncultured__bacterium"
"OTU_1990","Bin30",7.01592893870204e-06,"Bacteria","Actinobacteriota","Actinobacteria","Frankiales","Geodermatophilaceae","Blastococcus"
"OTU_1989","Bin30",8.24817230650185e-06,"Bacteria","Actinobacteriota","Actinobacteria","Corynebacteriales","Nocardiaceae","Gordonia"
"OTU_1991","Bin30",1.575037847889e-05,"Bacteria","Actinobacteriota","Actinobacteria","Frankiales","uncultured","uncultured__actinobacterium"
"OTU_1994","Bin30",2.68802954121358e-05,"Bacteria","Actinobacteriota","Actinobacteria","Corynebacteriales","Mycobacteriaceae","Mycobacterium"
"OTU_1993","Bin28",1.62805917377851e-05,"Bacteria","Actinobacteriota","Actinobacteria","Propionibacteriales","Propionibacteriaceae","Propionicimonas"
"OTU_1996","Bin29",4.62595645722663e-06,"Bacteria","Actinobacteriota","Actinobacteria","Streptomycetales","Streptomycetaceae","Streptomyces"
"OTU_1997","Bin28",1.08058947730905e-05,"Bacteria","Actinobacteriota","Actinobacteria","Propionibacteriales","Nocardioidaceae","Nocardioides"
"OTU_1995","Bin29",5.46278333307241e-06,"Bacteria","Actinobacteriota","Actinobacteria","Micrococcales","Intrasporangiaceae","Ornithinimicrobium"
"OTU_1992","Bin30",4.39067296014384e-06,"Bacteria","Actinobacteriota","Actinobacteria","Frankiales","Geodermatophilaceae","Modestobacter"
"OTU_1999","Bin30",5.53285765863043e-06,"Bacteria","Actinobacteriota","Actinobacteria","Corynebacteriales","Nocardiaceae","Williamsia"
"OTU_2000","Bin29",1.3538627615693e-05,"Bacteria","Actinobacteriota","Actinobacteria","Micrococcales","Micrococcaceae","Arthrobacter"
"OTU_2001","Bin28",1.38854264863733e-06,"Bacteria","Actinobacteriota","Actinobacteria","Propionibacteriales","Propionibacteriaceae","Cutibacterium"
"OTU_1998","Bin28",8.46279276015965e-06,"Bacteria","Actinobacteriota","Actinobacteria","Propionibacteriales","Nocardioidaceae","Nocardioides"
"OTU_2005","Bin28",1.23270908362547e-05,"Bacteria","Actinobacteriota","Actinobacteria","Propionibacteriales","Nocardioidaceae","Nocardioides"
"OTU_2003","Bin30",7.27172026697945e-06,"Bacteria","Actinobacteriota","Actinobacteria","PeM15","uncultured__bacterium","uncultured__bacterium"
"OTU_2002","Bin30",1.6526337295348e-05,"Bacteria","Actinobacteriota","Actinobacteria","Corynebacteriales","Nocardiaceae","Rhodococcus"
"OTU_2007","Bin28",3.37330700828251e-06,"Bacteria","Actinobacteriota","Actinobacteria","Propionibacteriales","Propionibacteriaceae","Brooklawnia"
"OTU_2008","Bin28",4.58641624047458e-06,"Bacteria","Actinobacteriota","Actinobacteria","Propionibacteriales","Propionibacteriaceae","Propionimicrobium"
"OTU_2011","Bin30",2.47753172634115e-06,"Bacteria","Actinobacteriota","Actinobacteria","Micromonosporales","Micromonosporaceae","Micromonospora"
"OTU_2004","Bin30",4.88971229904832e-06,"Bacteria","Actinobacteriota","Actinobacteria","Propionibacteriales","Propionibacteriaceae","uncultured"
"OTU_2006","Bin27",4.8604149510186e-06,"Bacteria","Actinobacteriota","Actinobacteria","Nitriliruptorales","Nitriliruptoraceae","uncultured__bacterium"
"OTU_2014","Bin100",0.290614537814431,"Bacteria","Fusobacteriota","Fusobacteriia","Fusobacteriales","Fusobacteriaceae","Fusobacterium"
"OTU_2009","Bin30",4.37289177176984e-06,"Bacteria","Actinobacteriota","Actinobacteria","Frankiales","Sporichthyaceae","Longivirga"
"OTU_2010","Bin29",1.28366986195389e-05,"Bacteria","Actinobacteriota","Actinobacteria","Micrococcales","Cellulomonadaceae","Cellulomonas"
"OTU_2012","Bin28",2.02524106851351e-06,"Bacteria","Actinobacteriota","Actinobacteria","Propionibacteriales","Propionibacteriaceae","Friedmanniella"
"OTU_2018","Bin99",6.20713076663097e-05,"Bacteria","Bacteroidota","Bacteroidia","Bacteroidales","Prolixibacteraceae","Sunxiuqinia"
"OTU_2017","Bin101",5.57571021043428e-05,"Bacteria","Fusobacteriota","Fusobacteriia","Fusobacteriales","Fusobacteriaceae","Fusobacterium"
"OTU_2016","Bin88",8.91628075755302e-05,"Bacteria","Firmicutes","Clostridia","Eubacteriales","Eubacteriaceae","uncultured"
"OTU_2021","Bin101",1.89392933240825e-05,"Bacteria","Proteobacteria","Gammaproteobacteria","Vibrionales","Vibrionaceae","Vibrio"
"OTU_2019","Bin99",1.38327265742595e-05,"Bacteria","Bacteroidota","Bacteroidia","Sphingobacteriales","Lentimicrobiaceae","uncultured__bacterium"
"OTU_2020","Bin101",0.011157387452922,"Bacteria","Fusobacteriota","Fusobacteriia","Fusobacteriales","Fusobacteriaceae","Propionigenium"
"OTU_2015","Bin77",5.23576937610247e-05,"Bacteria","Proteobacteria","Alphaproteobacteria","Rhodospirillales","Rhodospirillaceae","Candidatus__Riegeria"
"OTU_2022","Bin101",2.79048120049832e-05,"Bacteria","Proteobacteria","Gammaproteobacteria","Alteromonadales","Pseudoalteromonadaceae","Pseudoalteromonas"
"OTU_2023","Bin99",1.35020516498495e-05,"Bacteria","Bacteroidota","Bacteroidia","Bacteroidales","Prolixibacteraceae","Draconibacterium"
"OTU_2013","Bin30",2.00177403533733e-06,"Bacteria","Actinobacteriota","Actinobacteria","Corynebacteriales","Tsukamurellaceae","Tsukamurella"
"OTU_2029","Bin64",8.93014459901438e-06,"Bacteria","Patescibacteria","Microgenomatia","Candidatus__Pacebacteria","uncultured__bacterium","uncultured__bacterium"
"OTU_2025","Bin68",5.18136258662238e-06,"Bacteria","Fusobacteriota","Fusobacteriia","Fusobacteriales","Fusobacteriaceae","Fusobacterium"
"OTU_2026","Bin99",1.65618199586895e-05,"Bacteria","Fusobacteriota","Fusobacteriia","Fusobacteriales","Fusobacteriaceae","Fusobacterium"
"OTU_2027","Bin101",5.79851382164815e-06,"Bacteria","Fusobacteriota","Fusobacteriia","Fusobacteriales","Fusobacteriaceae","Fusobacterium"
"OTU_2024","Bin109",1.66181363022061e-05,"Bacteria","Firmicutes","Clostridia","Peptostreptococcales-Tissierellales","livecontrolB21","uncultured__bacterium"
"OTU_2028","Bin24",6.56131324755896e-06,"Bacteria","Verrucomicrobiota","Lentisphaeria","P.palmC41","uncultured__bacterium","uncultured__bacterium"
"OTU_2030","Bin99",4.1658117783254e-06,"Bacteria","Bacteroidota","Bacteroidia","Bacteroidales","Marinifilaceae","Marinifilum"
"OTU_2031","Bin66",1.07198367673836e-05,"Bacteria","Cyanobacteria","Cyanobacteriia","Chloroplast","uncultured__bacterium","uncultured__bacterium"
"OTU_2033","Bin101",6.26753732651945e-06,"Bacteria","Fusobacteriota","Fusobacteriia","Fusobacteriales","Fusobacteriaceae","Fusobacterium"
"OTU_2034","Bin99",1.15152038715383e-05,"Bacteria","Fermentibacterota","Fermentibacteria","Fermentibacterales","Fermentibacteraceae","uncultured__bacterium"
"OTU_2035","Bin26",1.98186877540955e-05,"Bacteria","Armatimonadota","uncultured","uncultured__bacterium","uncultured__bacterium","uncultured__bacterium"
"OTU_2032","Bin99",6.74208625390005e-06,"Bacteria","Bacteroidota","Bacteroidia","Bacteroidales","Marinilabiliaceae","uncultured"
"OTU_2036","Bin69",8.17724238454012e-06,"Bacteria","Cyanobacteria","Vampirivibrionia","Gastranaerophilales","uncultured__bacterium","uncultured__bacterium"
"OTU_2037","Bin124",8.45446871580577e-06,"Bacteria","Bacteroidota","Bacteroidia","Bacteroidales","Prolixibacteraceae","Draconibacterium"
"OTU_2038","Bin99",1.14224086212795e-05,"Bacteria","Firmicutes","Clostridia","Clostridiales","Clostridiaceae","Oceanirhabdus"
"OTU_2039","Bin124",4.23856278577331e-06,"Bacteria","Firmicutes","Clostridia","Peptostreptococcales-Tissierellales","livecontrolB21","uncultured__bacterium"
"OTU_2042","Bin109",0.0022785138632889,"Bacteria","Firmicutes","Clostridia","Peptostreptococcales-Tissierellales","livecontrolB21","uncultured__bacterium"
"OTU_2043","Bin12",1.05144506867321e-05,"Bacteria","Firmicutes","Clostridia","Peptostreptococcales-Tissierellales","livecontrolB21","uncultured__bacterium"
"OTU_2040","Bin66",4.0530457172029e-06,"Bacteria","Cyanobacteria","Cyanobacteriia","Chloroplast","uncultured__bacterium","uncultured__bacterium"
"OTU_2041","Bin22",1.98419811673796e-05,"Bacteria","Thermotogota","Thermotogae","Petrotogales","Petrotogaceae","SC103"
"OTU_2044","Bin99",6.95523424296552e-06,"Bacteria","Bacteroidota","Bacteroidia","Bacteroidales","Prolixibacteraceae","Sunxiuqinia"
"OTU_2045","Bin69",0.00132680735821045,"Bacteria","Cyanobacteria","Vampirivibrionia","Gastranaerophilales","uncultured__bacterium","uncultured__bacterium"
"OTU_2046","Bin68",3.71269792459412e-06,"Bacteria","Cyanobacteria","Vampirivibrionia","Gastranaerophilales","uncultured__organism","uncultured__bacterium"
"OTU_2048","Bin99",2.58943779596859e-06,"Bacteria","Bacteroidota","Bacteroidia","Bacteroidales","Marinilabiliaceae","uncultured"
"OTU_2047","Bin101",1.4670400315717e-05,"Bacteria","Fusobacteriota","Fusobacteriia","Fusobacteriales","Fusobacteriaceae","Fusobacterium"
"OTU_2053","Bin67",2.8032727411606e-06,"Bacteria","Patescibacteria","Gracilibacteria","uncultured__bacterium","uncultured__bacterium","uncultured__bacterium"
"OTU_2049","Bin99",1.14898643267851e-05,"Bacteria","Firmicutes","Desulfitobacteriia","Desulfitobacteriales","uncultured","uncultured__bacterium"
"OTU_2052","Bin101",4.5087923780138e-06,"Bacteria","Fusobacteriota","Fusobacteriia","Fusobacteriales","Fusobacteriaceae","Fusobacterium"
"OTU_2050","Bin71",2.91170282977333e-06,"Bacteria","Proteobacteria","Gammaproteobacteria","Coxiellales","Coxiellaceae","Coxiella"
"OTU_2054","Bin7",1.43663308772263e-06,"Bacteria","Firmicutes","Clostridia","Peptostreptococcales-Tissierellales","livecontrolB21","uncultured__bacterium"
"OTU_2057","Bin101",0.000403974040358691,"Bacteria","Fusobacteriota","Fusobacteriia","Fusobacteriales","Fusobacteriaceae","Psychrilyobacter"
"OTU_2051","Bin99",3.85366813325993e-06,"Bacteria","Fusobacteriota","Fusobacteriia","Fusobacteriales","Fusobacteriaceae","Cetobacterium"
"OTU_2058","Bin80",3.59886856099597e-06,"Bacteria","SAR324__clade(Marine__group__B)","uncultured__bacterium","uncultured__bacterium","uncultured__bacterium","uncultured__bacterium"
"OTU_2062","Bin7",3.54279157598157e-06,"Bacteria","Spirochaetota","Spirochaetia","Spirochaetales","Spirochaetaceae","Sphaerochaeta"
"OTU_2059","Bin7",7.30732745152541e-06,"Bacteria","Spirochaetota","Spirochaetia","Spirochaetales","Spirochaetaceae","Sphaerochaeta"
"OTU_2055","Bin4",2.8270635261564e-06,"Bacteria","Cloacimonadota","Cloacimonadia","Cloacimonadales","MSBL8","uncultured__bacterium"
"OTU_2056","Bin22",0.00071838663245419,"Bacteria","Thermotogota","Thermotogae","Petrotogales","Petrotogaceae","SC103"
"OTU_2061","Bin5",2.60091650257922e-06,"Bacteria","Campilobacterota","Campylobacteria","Campylobacterales","Sulfurospirillaceae","Sulfurospirillum"
"OTU_2064","Bin101",1.8086674809832e-06,"Bacteria","Fusobacteriota","Fusobacteriia","Fusobacteriales","Fusobacteriaceae","Fusobacterium"
"OTU_2060","Bin99",5.02570775415638e-06,"Bacteria","Bacteroidota","Bacteroidia","Bacteroidales","Marinilabiliaceae","Carboxylicivirga"
"OTU_2066","Bin99",3.76155664104808e-06,"Bacteria","Firmicutes","Clostridia","Peptococcales","Peptococcaceae","uncultured"
"OTU_2065","Bin99",1.60345011484487e-06,"Bacteria","Firmicutes","Clostridia","Clostridiales","Clostridiaceae","Clostridium__sensu__stricto__7"
"OTU_2067","Bin77",4.99258950766603e-06,"Bacteria","Proteobacteria","Alphaproteobacteria","Rhodospirillales","Rhodospirillaceae","Candidatus__Riegeria"
"OTU_2063","Bin119",0.000877628166164029,"Bacteria","Firmicutes","Clostridia","Lachnospirales","Lachnospiraceae","Anaerostignum"
"OTU_2069","Bin22",5.24360865330319e-06,"Bacteria","Thermotogota","Thermotogae","Petrotogales","Petrotogaceae","SC103"
"OTU_2068","Bin121",3.96899378889574e-06,"Bacteria","Firmicutes","Clostridia","Lachnospirales","Defluviitaleaceae","Defluviitaleaceae__UCG-011"
"OTU_2070","Bin19",1.63407836873781e-06,"Bacteria","Chloroflexi","Anaerolineae","Anaerolineales","Anaerolineaceae","uncultured"
"OTU_2073","Bin77",3.78973458681217e-06,"Bacteria","Proteobacteria","Alphaproteobacteria","Micavibrionales","uncultured","uncultured__bacterium"
"OTU_2071","Bin19",3.21963986854469e-06,"Bacteria","Chloroflexi","Anaerolineae","Anaerolineales","Anaerolineaceae","uncultured"
"OTU_2075","Bin77",1.17690051855347e-06,"Bacteria","Proteobacteria","Alphaproteobacteria","Micavibrionales","uncultured","uncultured__bacterium"
"OTU_2072","Bin95",9.1090438811677e-06,"Bacteria","Firmicutes","Clostridia","Peptococcales","Peptococcaceae","uncultured"
"OTU_2077","Bin24",1.60043541724513e-06,"Bacteria","Verrucomicrobiota","Verrucomicrobiae","LD1-PB3","uncultured__bacterium","uncultured__bacterium"
"OTU_2076","Bin89",2.54227818152179e-05,"Bacteria","Firmicutes","Clostridia","Clostridiales","Clostridiaceae","Oceanirhabdus"
"OTU_2074","Bin4",9.89968994158857e-07,"Bacteria","Cloacimonadota","Cloacimonadia","Cloacimonadales","MSBL8","uncultured__bacterium"
"OTU_2078","Bin99",2.03853874920083e-06,"Bacteria","Bacteroidota","Bacteroidia","Bacteroidetes__VC2.1__Bac22","uncultured__bacterium","uncultured__bacterium"
"OTU_2081","Bin1",9.72591844939237e-07,"Bacteria","Cloacimonadota","Cloacimonadia","Cloacimonadales","Cloacimonadaceae","Candidatus__Cloacimonas"
"OTU_2079","Bin11",1.08728684000075e-05,"Bacteria","Fermentibacterota","Fermentibacteria","Fermentibacterales","Fermentibacteraceae","uncultured__bacterium"
"OTU_2083","Bin37",2.17687020138587e-06,"Bacteria","Bacteroidota","Bacteroidia","Bacteroidales","Rikenellaceae","uncultured"
"OTU_2082","Bin123",2.61574085464498e-06,"Bacteria","Firmicutes","Desulfitobacteriia","Desulfitobacteriales","uncultured","uncultured__bacterium"
"OTU_2080","Bin31",3.01926523406698e-06,"Bacteria","Actinobacteriota","Coriobacteriia","OPB41","uncultured__bacterium","uncultured__bacterium"
"OTU_2087","Bin65",8.33355636959769e-06,"Bacteria","Patescibacteria","Dojkabacteria","uncultured__anaerobic__bacterium","uncultured__bacterium","uncultured__bacterium"
"OTU_2084","Bin4",4.58826499786993e-06,"Bacteria","Desulfobacterota","Desulfobacteria","Desulfobacterales","Desulfosarcinaceae","SEEP-SRB1"
"OTU_2086","Bin3",2.79357275792157e-06,"Bacteria","Cloacimonadota","Cloacimonadia","Cloacimonadales","LK-44f","uncultured__bacterium"
"OTU_2085","Bin16",1.1705572255376e-05,"Bacteria","Chloroflexi","Anaerolineae","SBR1031","uncultured__organism","uncultured__bacterium"
"OTU_2088","Bin63",1.37435386302072e-06,"Bacteria","Patescibacteria","Parcubacteria","Candidatus__Moranbacteria","uncultured__bacterium","uncultured__bacterium"
"OTU_2090","Bin66",3.19021975287898e-06,"Bacteria","Patescibacteria","Gracilibacteria","JGI__0000069-P22","uncultured__bacterium","uncultured__bacterium"
"OTU_2089","Bin64",1.82255825863705e-06,"Bacteria","Patescibacteria","Microgenomatia","Candidatus__Pacebacteria","uncultured__bacterium","uncultured__bacterium"
"OTU_2094","Bin7",4.71782562131396e-06,"Bacteria","Fusobacteriota","Fusobacteriia","Fusobacteriales","Fusobacteriaceae","Fusobacterium"
"OTU_2093","Bin99",7.7805828944559e-07,"Bacteria","Bacteroidota","Bacteroidia","ML602M-17","uncultured__organism","uncultured__bacterium"
"OTU_2091","Bin7",7.96743254666857e-07,"Bacteria","Spirochaetota","Spirochaetia","Spirochaetales","Spirochaetaceae","Sediminispirochaeta"
"OTU_2092","Bin99",5.90902130232182e-07,"Bacteria","Bacteroidota","Bacteroidia","Sphingobacteriales","Lentimicrobiaceae","uncultured__bacterium"
"OTU_2095","Bin99",2.48650244560779e-06,"Bacteria","Bacteroidota","Bacteroidia","Bacteroidales","Prolixibacteraceae","Draconibacterium"
"OTU_2096","Bin101",2.43580269636725e-06,"Bacteria","Fusobacteriota","Fusobacteriia","Fusobacteriales","Fusobacteriaceae","Fusobacterium"
"OTU_2099","Bin101",1.18748205799435e-05,"Bacteria","Fusobacteriota","Fusobacteriia","Fusobacteriales","Fusobacteriaceae","Fusobacterium"
"OTU_2102","Bin80",0.000329894017296047,"Bacteria","SAR324__clade(Marine__group__B)","uncultured__bacterium","uncultured__bacterium","uncultured__bacterium","uncultured__bacterium"
"OTU_2098","Bin101",2.3693758039463e-06,"Bacteria","Fusobacteriota","Fusobacteriia","Fusobacteriales","Fusobacteriaceae","Fusobacterium"
"OTU_2103","Bin101",0.00325765186713256,"Bacteria","Fusobacteriota","Fusobacteriia","Fusobacteriales","Fusobacteriaceae","Fusobacterium"
"OTU_2097","Bin101",1.81154935976524e-06,"Bacteria","Fusobacteriota","Fusobacteriia","Fusobacteriales","Fusobacteriaceae","Fusobacterium"
"OTU_2101","Bin96",0.000468532503947141,"Bacteria","Firmicutes","Clostridia","Oscillospirales","Oscillospiraceae","Colidextribacter"
"OTU_2100","Bin101",1.42175862030166e-06,"Bacteria","Proteobacteria","Gammaproteobacteria","Alteromonadales","Shewanellaceae","Shewanella"
"OTU_2104","Bin22",0.000160658347344731,"Bacteria","Thermotogota","Thermotogae","Petrotogales","Petrotogaceae","SC103"
"OTU_2105","Bin101",0.00121376600681982,"Bacteria","Fusobacteriota","Fusobacteriia","Fusobacteriales","Fusobacteriaceae","Ilyobacter"
"OTU_2107","Bin107",0.000161126711707589,"Bacteria","Firmicutes","Clostridia","Peptostreptococcales-Tissierellales","uncultured","marine__sediment__metagenome"
"OTU_2110","Bin87",0.000219217314529164,"Bacteria","Acidobacteriota","Subgroup__21","uncultured__bacterium","uncultured__bacterium","uncultured__bacterium"
"OTU_2109","Bin16",0.00023010267032358,"Bacteria","Chloroflexi","Anaerolineae","SBR1031","uncultured__bacterium","uncultured__bacterium"
"OTU_2106","Bin109",0.000166854021004239,"Bacteria","Firmicutes","Clostridia","Peptostreptococcales-Tissierellales","livecontrolB21","uncultured__bacterium"
"OTU_2113","Bin15",9.67273296337811e-05,"Bacteria","Chloroflexi","Anaerolineae","RBG-13-54-9","uncultured__Chloroflexi__bacterium","uncultured__bacterium"
"OTU_2114","Bin88",7.00639931927757e-05,"Bacteria","Synergistota","Synergistia","Synergistales","Synergistaceae","Thermovirga"
"OTU_2111","Bin109",0.000117411739802761,"Bacteria","Firmicutes","Clostridia","Peptostreptococcales-Tissierellales","GoM-GC232-4463-Bac1","uncultured__bacterium"
"OTU_2108","Bin96",5.02233232901215e-05,"Bacteria","Firmicutes","Clostridia","Hungateiclostridiaceae","uncultured","uncultured__Acetivibrio__sp."
"OTU_2116","Bin103",6.43556293561597e-05,"Bacteria","Firmicutes","Clostridia","Peptostreptococcales-Tissierellales","Dethiosulfatibacteraceae","Dethiosulfatibacter"
"OTU_2112","Bin96",6.65185329885483e-05,"Bacteria","Firmicutes","Clostridia","Hungateiclostridiaceae","Ercella","uncultured__bacterium"
"OTU_2115","Bin65",0.000183712315319613,"Bacteria","Patescibacteria","Dojkabacteria","uncultured__anaerobic__bacterium","uncultured__bacterium","uncultured__bacterium"
"OTU_2117","Bin96",8.87432224801604e-05,"Bacteria","Firmicutes","Clostridia","Hungateiclostridiaceae","Ercella","uncultured__bacterium"
"OTU_2119","Bin90",4.47384258250232e-05,"Bacteria","Firmicutes","Clostridia","Christensenellales","Christensenellaceae","uncultured"
"OTU_2121","Bin65",2.19641946345304e-05,"Bacteria","Patescibacteria","Dojkabacteria","uncultured__bacterium","uncultured__bacterium","uncultured__bacterium"
"OTU_2118","Bin101",9.17109454724792e-05,"Bacteria","Fusobacteriota","Fusobacteriia","Fusobacteriales","Fusobacteriaceae","Fusobacterium"
"OTU_2123","Bin89",1.35481394064419e-05,"Bacteria","Firmicutes","uncultured","uncultured__bacterium","uncultured__bacterium","uncultured__bacterium"
"OTU_2128","Bin101",5.85702721737879e-05,"Bacteria","Fusobacteriota","Fusobacteriia","Fusobacteriales","Fusobacteriaceae","Ilyobacter"
"OTU_2124","Bin88",5.8291190250122e-05,"Bacteria","Synergistota","Synergistia","Synergistales","Synergistaceae","Thermovirga"
"OTU_2126","Bin96",1.39715089964755e-05,"Bacteria","Firmicutes","Clostridia","Oscillospirales","Oscillospiraceae","uncultured"
"OTU_2125","Bin90",5.87647945099889e-05,"Bacteria","Firmicutes","Clostridia","Christensenellales","Christensenellaceae","Christensenellaceae__R-7__group"
"OTU_2122","Bin65",8.16584941799056e-05,"Bacteria","Patescibacteria","Dojkabacteria","uncultured__bacterium","uncultured__bacterium","uncultured__bacterium"
"OTU_2130","Bin99",1.01469755943298e-05,"Bacteria","Firmicutes","Clostridia","Peptostreptococcales-Tissierellales","Guggenheimella","Tindallia__sp.__Mic8c12"
"OTU_2132","Bin66",7.66055972554005e-06,"Bacteria","Cyanobacteria","Cyanobacteriia","Chloroplast","Sargassum__muticum","uncultured__bacterium"
"OTU_2129","Bin90",4.46630801035367e-05,"Bacteria","Firmicutes","Clostridia","Christensenellales","Christensenellaceae","uncultured"
"OTU_2127","Bin95",2.29662890336007e-05,"Bacteria","Firmicutes","Clostridia","Eubacteriales","Alkalibacteraceae","Alkalibacter"
"OTU_2131","Bin65",2.75794102110007e-05,"Bacteria","Patescibacteria","Dojkabacteria","uncultured__bacterium","uncultured__bacterium","uncultured__bacterium"
"OTU_2120","Bin90",2.69704753161642e-05,"Bacteria","Firmicutes","Clostridia","Christensenellales","Christensenellaceae","uncultured"
"OTU_2133","Bin65",2.67812250021013e-05,"Bacteria","Patescibacteria","Dojkabacteria","uncultured__organism","uncultured__bacterium","uncultured__bacterium"
"OTU_2134","Bin112",2.26804688201085e-05,"Bacteria","Firmicutes","Clostridia","Peptostreptococcales-Tissierellales","Peptostreptococcaceae","Peptoclostridium"
"OTU_2135","Bin90",4.31549127037044e-05,"Bacteria","Firmicutes","Clostridia","Christensenellales","Christensenellaceae","uncultured"
"OTU_2140","Bin90",4.30898980539012e-05,"Bacteria","Firmicutes","Clostridia","Christensenellales","Christensenellaceae","uncultured"
"OTU_2137","Bin118",3.82268942532334e-05,"Bacteria","Firmicutes","Clostridia","Peptostreptococcales-Tissierellales","Guggenheimella","Tindallia__sp.__Mic8c12"
"OTU_2139","Bin65",3.72633309970718e-05,"Bacteria","Patescibacteria","Dojkabacteria","uncultured__bacterium","uncultured__bacterium","uncultured__bacterium"
"OTU_2142","Bin96",6.46004296888135e-06,"Bacteria","Firmicutes","Clostridia","Oscillospirales","Oscillospiraceae","uncultured"
"OTU_2136","Bin92",2.03153780680299e-05,"Bacteria","Firmicutes","Bacilli","Izemoplasmatales","Izemoplasmataceae","bacterium__enrichment__culture__clone__R4-81B"
"OTU_2138","Bin95",2.6005347037237e-05,"Bacteria","Firmicutes","Clostridia","Clostridia__vadinBB60__group","uncultured__bacterium","uncultured__bacterium"
"OTU_2141","Bin88",1.11207216628187e-05,"Bacteria","Synergistota","Synergistia","Synergistales","Synergistaceae","EBM-39"
"OTU_2146","Bin65",1.24495641116975e-05,"Bacteria","Patescibacteria","Dojkabacteria","uncultured__bacterium","uncultured__bacterium","uncultured__bacterium"
"OTU_2144","Bin65",2.73405946937161e-05,"Bacteria","Patescibacteria","Dojkabacteria","uncultured__candidate__division__WS6__bacterium","uncultured__bacterium","uncultured__bacterium"
"OTU_2143","Bin96",6.74363413642446e-06,"Bacteria","Firmicutes","Clostridia","Oscillospirales","UCG-010","uncultured__bacterium"
"OTU_2147","Bin95",1.75422982209958e-05,"Bacteria","Firmicutes","Clostridia","Christensenellales","Christensenellaceae","Christensenellaceae__R-7__group"
"OTU_2149","Bin16",1.34981850384758e-05,"Bacteria","Chloroflexi","Anaerolineae","SBR1031","uncultured__bacterium","uncultured__bacterium"
"OTU_2145","Bin90",2.10198982726345e-05,"Bacteria","Firmicutes","Clostridia","Christensenellales","Christensenellaceae","uncultured"
"OTU_2150","Bin102",3.13162049377789e-05,"Bacteria","Firmicutes","Clostridia","Peptostreptococcales-Tissierellales","Dethiosulfatibacteraceae","Dethiosulfatibacter"
"OTU_2148","Bin65",1.53934609665903e-05,"Bacteria","Patescibacteria","Dojkabacteria","uncultured__bacterium","uncultured__bacterium","uncultured__bacterium"
"OTU_2153","Bin92",1.77953274764234e-05,"Bacteria","Firmicutes","Bacilli","Izemoplasmatales","Izemoplasmataceae","bacterium"
"OTU_2152","Bin26",2.09509961762807e-05,"Bacteria","Armatimonadota","uncultured","uncultured__bacterium","uncultured__bacterium","uncultured__bacterium"
"OTU_2155","Bin64",2.44447731952844e-05,"Bacteria","Patescibacteria","Microgenomatia","Candidatus__Pacebacteria","uncultured__bacterium","uncultured__bacterium"
"OTU_2154","Bin114",1.10846361532719e-05,"Bacteria","Firmicutes","Clostridia","Peptostreptococcales-Tissierellales","Anaerovoracaceae","uncultured__bacterium"
"OTU_2157","Bin65",2.36804032208232e-05,"Bacteria","Patescibacteria","Dojkabacteria","uncultured__candidate__division__WS6__bacterium","uncultured__bacterium","uncultured__bacterium"
"OTU_2151","Bin109",4.79685872170475e-05,"Bacteria","Firmicutes","Clostridia","Peptostreptococcales-Tissierellales","livecontrolB21","uncultured__bacterium"
"OTU_2156","Bin65",1.5732211140613e-05,"Bacteria","Patescibacteria","Dojkabacteria","uncultured__bacterium","uncultured__bacterium","uncultured__bacterium"
"OTU_2159","Bin65",1.00087804094595e-05,"Bacteria","Patescibacteria","Dojkabacteria","uncultured__bacterium","uncultured__bacterium","uncultured__bacterium"
"OTU_2160","Bin102",1.34387750568427e-05,"Bacteria","Firmicutes","Clostridia","Peptostreptococcales-Tissierellales","Dethiosulfatibacteraceae","Dethiosulfatibacter"
"OTU_2158","Bin113",3.36455511560849e-05,"Bacteria","Firmicutes","Clostridia","Peptostreptococcales-Tissierellales","Fusibacteraceae","Fusibacter"
"OTU_2161","Bin65",1.6123077851123e-05,"Bacteria","Patescibacteria","Dojkabacteria","uncultured__candidate__division__WS6__bacterium","uncultured__bacterium","uncultured__bacterium"
"OTU_2163","Bin99",5.68238489008595e-06,"Bacteria","Fusobacteriota","Fusobacteriia","Fusobacteriales","Fusobacteriaceae","Cetobacterium"
"OTU_2162","Bin96",6.44197334754103e-06,"Bacteria","Firmicutes","Clostridia","Hungateiclostridiaceae","uncultured","uncultured__bacterium"
"OTU_2165","Bin96",3.29971331293766e-05,"Bacteria","Firmicutes","Clostridia","Hungateiclostridiaceae","uncultured","uncultured__low__G+C__Gram-positive__bacterium__SHD-209"
"OTU_2167","Bin69",3.18751891475368e-05,"Bacteria","Cyanobacteria","Vampirivibrionia","Gastranaerophilales","uncultured__organism","uncultured__bacterium"
"OTU_2164","Bin120",1.08346023333705e-05,"Bacteria","Firmicutes","Clostridia","Lachnospirales","Lachnospiraceae","Epulopiscium"
"OTU_2168","Bin108",1.7814637853809e-05,"Bacteria","Firmicutes","Clostridia","Peptostreptococcales-Tissierellales","JTB215","uncultured__bacterium"
"OTU_2169","Bin95",7.60072742448402e-06,"Bacteria","Firmicutes","Clostridia","Clostridia__vadinBB60__group","uncultured__bacterium","uncultured__bacterium"
"OTU_2170","Bin88",7.97676310377901e-06,"Bacteria","Firmicutes","Clostridia","Eubacteriales","Eubacteriaceae","Acetobacterium"
"OTU_2171","Bin14",2.78066993300756e-05,"Bacteria","Chloroflexi","Chloroflexia","Thermomicrobiales","JG30-KF-CM45","uncultured__Chloroflexi__bacterium"
"OTU_2166","Bin88",2.11198229650799e-05,"Bacteria","Synergistota","Synergistia","Synergistales","Synergistaceae","JGI-0000079-D21"
"OTU_2172","Bin65",1.34434474876624e-05,"Bacteria","Patescibacteria","Dojkabacteria","uncultured__bacterium","uncultured__bacterium","uncultured__bacterium"
"OTU_2174","Bin7",4.20793125475757e-06,"Bacteria","Spirochaetota","Spirochaetia","Spirochaetales","Spirochaetaceae","Sphaerochaeta"
"OTU_2178","Bin109",2.99451801037927e-06,"Bacteria","Firmicutes","Clostridia","Peptostreptococcales-Tissierellales","livecontrolB21","uncultured__bacterium"
"OTU_2175","Bin65",5.11249020771424e-06,"Bacteria","Patescibacteria","Dojkabacteria","uncultured__bacterium","uncultured__bacterium","uncultured__bacterium"
"OTU_2173","Bin96",9.88612515302906e-06,"Bacteria","Firmicutes","Clostridia","Hungateiclostridiaceae","UCG-012","uncultured__bacterium"
"OTU_2181","Bin11",5.64439487130732e-06,"Bacteria","Fermentibacterota","Fermentibacteria","Fermentibacterales","Fermentibacteraceae","uncultured__bacterium"
"OTU_2176","Bin96",4.03875079235197e-06,"Bacteria","Firmicutes","Clostridia","Monoglobales","Monoglobaceae","Monoglobus"
"OTU_2180","Bin4",5.00321207525039e-06,"Bacteria","Desulfobacterota","Desulfobacteria","Desulfobacterales","Desulfosarcinaceae","SEEP-SRB1"
"OTU_2177","Bin96",3.86194177793734e-06,"Bacteria","Firmicutes","Clostridia","Hungateiclostridiaceae","Saccharofermentans","uncultured__microorganism"
"OTU_2182","Bin109",9.72942081153774e-05,"Bacteria","Firmicutes","Clostridia","Peptostreptococcales-Tissierellales","livecontrolB21","uncultured__bacterium"
"OTU_2183","Bin115",8.38956693815405e-06,"Bacteria","Firmicutes","Clostridia","Peptostreptococcales-Tissierellales","Anaerovoracaceae","S5-A14a"
"OTU_2188","Bin63",2.03239128759776e-06,"Bacteria","Patescibacteria","ABY1","Candidatus__Komeilibacteria","uncultured__bacterium","uncultured__bacterium"
"OTU_2187","Bin65",9.38463552622939e-06,"Bacteria","Patescibacteria","Dojkabacteria","uncultured__bacterium","uncultured__bacterium","uncultured__bacterium"
"OTU_2186","Bin65",5.23217028084066e-06,"Bacteria","Patescibacteria","Dojkabacteria","uncultured__bacterium","uncultured__bacterium","uncultured__bacterium"
"OTU_2179","Bin69",2.60191705003855e-06,"Bacteria","Cyanobacteria","Vampirivibrionia","Gastranaerophilales","uncultured__bacterium","uncultured__bacterium"
"OTU_2184","Bin120",4.70398335939753e-06,"Bacteria","Firmicutes","Clostridia","Lachnospirales","Lachnospiraceae","Lachnospiraceae__NK4A136__group"
"OTU_2189","Bin88",6.89106088869238e-06,"Bacteria","Firmicutes","Clostridia","Eubacteriales","Anaerofustaceae","Anaerofustis"
"OTU_2185","Bin96",4.68075657675011e-06,"Bacteria","Firmicutes","Clostridia","Oscillospirales","UCG-010","uncultured__bacterium"
"OTU_2195","Bin100",6.00141384648857e-06,"Bacteria","Fusobacteriota","Fusobacteriia","Fusobacteriales","Fusobacteriaceae","Fusobacterium"
"OTU_2190","Bin63",4.85628240531281e-06,"Bacteria","Patescibacteria","Parcubacteria","Candidatus__Kaiserbacteria","Parcubacteria__group__bacterium__GW2011_GWD2_42_14","uncultured__bacterium"
"OTU_2192","Bin65",6.24166348815239e-06,"Bacteria","Patescibacteria","Dojkabacteria","uncultured__bacterium","uncultured__bacterium","uncultured__bacterium"
"OTU_2197","Bin101",8.84937299975402e-05,"Bacteria","Fusobacteriota","Fusobacteriia","Fusobacteriales","Fusobacteriaceae","Fusobacterium"
"OTU_2199","Bin124",4.57481451192814e-06,"Bacteria","Bacteroidota","Bacteroidia","Sphingobacteriales","Lentimicrobiaceae","uncultured__bacterium"
"OTU_2198","Bin109",4.18511331321304e-06,"Bacteria","Firmicutes","Clostridia","Peptostreptococcales-Tissierellales","livecontrolB21","uncultured__bacterium"
"OTU_2196","Bin109",2.96431360327101e-06,"Bacteria","Firmicutes","Clostridia","Peptostreptococcales-Tissierellales","livecontrolB21","uncultured__bacterium"
"OTU_2193","Bin65",2.41198610769176e-06,"Bacteria","Patescibacteria","Dojkabacteria","uncultured__bacterium","uncultured__bacterium","uncultured__bacterium"
"OTU_2191","Bin90",7.38380736987857e-06,"Bacteria","Firmicutes","Clostridia","Christensenellales","Christensenellaceae","uncultured"
"OTU_2201","Bin69",2.39412557261327e-06,"Bacteria","Cyanobacteria","Vampirivibrionia","Gastranaerophilales","uncultured__organism","uncultured__bacterium"
"OTU_2204","Bin101",9.94587930344083e-06,"Bacteria","Fusobacteriota","Fusobacteriia","Fusobacteriales","Fusobacteriaceae","Fusobacterium"
"OTU_2202","Bin69",4.62630616522414e-06,"Bacteria","Cyanobacteria","Vampirivibrionia","Gastranaerophilales","uncultured__organism","uncultured__bacterium"
"OTU_2203","Bin90",1.58389914098139e-05,"Bacteria","Firmicutes","Clostridia","Christensenellales","Christensenellaceae","uncultured"
"OTU_2194","Bin109",1.16461437171105e-05,"Bacteria","Firmicutes","Clostridia","Peptostreptococcales-Tissierellales","livecontrolB21","uncultured__bacterium"
"OTU_2200","Bin69",1.18283096112987e-06,"Bacteria","Cyanobacteria","Vampirivibrionia","Gastranaerophilales","uncultured__organism","uncultured__bacterium"
"OTU_2205","Bin119",4.83083881574857e-06,"Bacteria","Firmicutes","Clostridia","Lachnospirales","Lachnospiraceae","Anaerostignum"
"OTU_2206","Bin101",4.23501312769062e-06,"Bacteria","Fusobacteriota","Fusobacteriia","Fusobacteriales","Fusobacteriaceae","Fusobacterium"
"OTU_2210","Bin96",2.44687225327217e-05,"Bacteria","Firmicutes","Clostridia","Oscillospirales","Oscillospiraceae","Colidextribacter"
"OTU_2209","Bin65",3.57998514683333e-06,"Bacteria","Patescibacteria","Dojkabacteria","uncultured__candidate__division__WS6__bacterium","uncultured__bacterium","uncultured__bacterium"
"OTU_2213","Bin65",9.81957420737045e-06,"Bacteria","Patescibacteria","Dojkabacteria","uncultured__bacterium","uncultured__bacterium","uncultured__bacterium"
"OTU_2208","Bin65",8.17184664190015e-06,"Bacteria","Patescibacteria","Dojkabacteria","uncultured__anaerobic__bacterium","uncultured__bacterium","uncultured__bacterium"
"OTU_2207","Bin96",1.79604086705728e-05,"Bacteria","Firmicutes","Clostridia","Hungateiclostridiaceae","UCG-012","metagenome"
"OTU_2217","Bin101",2.1678969534499e-06,"Bacteria","Fusobacteriota","Fusobacteriia","Fusobacteriales","Leptotrichiaceae","Hypnocyclicus"
"OTU_2212","Bin21",2.53867178920244e-05,"Bacteria","Chloroflexi","Anaerolineae","SJA-15","uncultured__bacterium","uncultured__bacterium"
"OTU_2216","Bin63",4.43275754581878e-06,"Bacteria","Patescibacteria","ABY1","Candidatus__Kerfeldbacteria","uncultured__bacterium","uncultured__bacterium"
"OTU_2211","Bin90",4.40554698006988e-06,"Bacteria","Firmicutes","Clostridia","Christensenellales","Christensenellaceae","uncultured"
"OTU_2218","Bin96",7.94642148058749e-07,"Bacteria","Firmicutes","Clostridia","Oscillospirales","Oscillospiraceae","uncultured"
"OTU_2220","Bin66",5.82404196635021e-06,"Bacteria","Chloroflexi","KD4-96","uncultured__bacterium","uncultured__bacterium","uncultured__bacterium"
"OTU_2219","Bin96",5.80691111360341e-06,"Bacteria","Firmicutes","Clostridia","Hungateiclostridiaceae","Fastidiosipila","uncultured__bacterium"
"OTU_2224","Bin115",4.61189590524184e-06,"Bacteria","Firmicutes","Clostridia","Peptostreptococcales-Tissierellales","Anaerovoracaceae","[Eubacterium]__brachy__group"
"OTU_2222","Bin65",6.47300511955141e-06,"Bacteria","Patescibacteria","Dojkabacteria","uncultured__bacterium","uncultured__bacterium","uncultured__bacterium"
"OTU_2214","Bin96",1.79508820283637e-05,"Bacteria","Firmicutes","Clostridia","Hungateiclostridiaceae","uncultured","uncultured__bacterium"
"OTU_2221","Bin97",3.62685880564186e-06,"Bacteria","Firmicutes","Clostridia","Oscillospirales","Ruminococcaceae","uncultured"
"OTU_2215","Bin90",3.24845837397543e-06,"Bacteria","Firmicutes","Clostridia","Christensenellales","Christensenellaceae","Christensenellaceae__R-7__group"
"OTU_2225","Bin69",3.40834568125266e-06,"Bacteria","Cyanobacteria","Vampirivibrionia","Gastranaerophilales","uncultured__organism","uncultured__bacterium"
"OTU_2223","Bin90",1.07184445331466e-05,"Bacteria","Firmicutes","Clostridia","Christensenellales","Christensenellaceae","uncultured"
"OTU_2227","Bin7",8.15754973323695e-06,"Bacteria","Spirochaetota","Spirochaetia","Spirochaetales","Spirochaetaceae","Sphaerochaeta"
"OTU_2226","Bin117",1.56289059387127e-05,"Bacteria","Firmicutes","Clostridia","Peptostreptococcales-Tissierellales","Fusibacteraceae","Fusibacter"
"OTU_2231","Bin123",2.99633501296858e-06,"Bacteria","Firmicutes","Desulfitobacteriia","Desulfitobacteriales","uncultured","uncultured__bacterium"
"OTU_2229","Bin16",2.63755484681037e-06,"Bacteria","Chloroflexi","Anaerolineae","SBR1031","uncultured__bacterium","uncultured__bacterium"
"OTU_2228","Bin124",4.05819281985799e-06,"Bacteria","Bacteroidota","Bacteroidia","Sphingobacteriales","Lentimicrobiaceae","uncultured__bacterium"
"OTU_2230","Bin85",2.59413850875777e-06,"Bacteria","SAR324__clade(Marine__group__B)","uncultured__organism","uncultured__bacterium","uncultured__bacterium","uncultured__bacterium"
"OTU_2232","Bin22",9.21878831061452e-06,"Bacteria","Thermotogota","Thermotogae","Petrotogales","Petrotogaceae","SC103"
"OTU_2233","Bin124",2.80750959372548e-06,"Bacteria","Bacteroidota","Bacteroidia","Bacteroidales","Salinivirgaceae","uncultured"
"OTU_2238","Bin92",5.87726617596977e-07,"Bacteria","Fusobacteriota","Fusobacteriia","Fusobacteriales","Fusobacteriaceae","Fusobacterium"
"OTU_2234","Bin80",4.09256193993248e-06,"Bacteria","SAR324__clade(Marine__group__B)","uncultured__bacterium","uncultured__bacterium","uncultured__bacterium","uncultured__bacterium"
"OTU_2236","Bin124",5.89870223159483e-06,"Bacteria","Bacteroidota","Bacteroidia","Bacteroidales","Marinifilaceae","uncultured"
"OTU_2235","Bin65",2.41023891144725e-06,"Bacteria","Patescibacteria","Dojkabacteria","uncultured__organism","uncultured__bacterium","uncultured__bacterium"
"OTU_2240","Bin77",1.91174027210417e-06,"Bacteria","Proteobacteria","Alphaproteobacteria","Rhodospirillales","Rhodospirillaceae","Candidatus__Riegeria"
"OTU_2239","Bin12",1.99937740799532e-06,"Bacteria","Firmicutes","Clostridia","Oscillospirales","Oscillospiraceae","Colidextribacter"
"OTU_2237","Bin22",5.38534037799835e-06,"Bacteria","Thermotogota","Thermotogae","Petrotogales","Petrotogaceae","SC103"
"OTU_2241","Bin99",2.22065555680824e-06,"Bacteria","Firmicutes","Clostridia","Peptostreptococcales-Tissierellales","Anaerovoracaceae","Anaerovorax"
"OTU_2246","Bin99",4.21372553593885e-06,"Bacteria","Firmicutes","Clostridia","Peptostreptococcales-Tissierellales","Fusibacteraceae","Fusibacter"
"OTU_2243","Bin99",3.8454831087965e-06,"Bacteria","Firmicutes","Clostridia","Peptostreptococcales-Tissierellales","Fusibacteraceae","Fusibacter"
"OTU_2244","Bin119",2.25478640223768e-05,"Bacteria","Firmicutes","Clostridia","Lachnospirales","Lachnospiraceae","Anaerostignum"
"OTU_2242","Bin31",1.17769943168471e-06,"Bacteria","Actinobacteriota","Coriobacteriia","Coriobacteriales","Coriobacteriales__Incertae__Sedis","uncultured"
"OTU_2245","Bin101",4.27844462663634e-05,"Bacteria","Fusobacteriota","Fusobacteriia","Fusobacteriales","Fusobacteriaceae","Fusobacterium"
"OTU_2248","Bin21",4.60594620820434e-06,"Bacteria","Chloroflexi","Anaerolineae","uncultured__bacterium","uncultured__bacterium","uncultured__bacterium"
"OTU_2247","Bin100",6.43286361115152e-06,"Bacteria","Fusobacteriota","Fusobacteriia","Fusobacteriales","Fusobacteriaceae","Fusobacterium"
"OTU_2250","Bin85",4.80750373911246e-06,"Bacteria","SAR324__clade(Marine__group__B)","uncultured__bacterium","uncultured__bacterium","uncultured__bacterium","uncultured__bacterium"
"OTU_2252","Bin96",4.66132907837175e-06,"Bacteria","Firmicutes","Clostridia","Hungateiclostridiaceae","UCG-012","metagenome"
"OTU_2249","Bin85",1.35939670305311e-05,"Bacteria","SAR324__clade(Marine__group__B)","uncultured__bacterium","uncultured__bacterium","uncultured__bacterium","uncultured__bacterium"
"OTU_2253","Bin14",2.60435468982766e-06,"Bacteria","Chloroflexi","Chloroflexia","Thermomicrobiales","Thermomicrobiaceae","Nitrolancea"
"OTU_2259","Bin100",2.09203444648919e-06,"Bacteria","Fusobacteriota","Fusobacteriia","Fusobacteriales","Fusobacteriaceae","Fusobacterium"
"OTU_2255","Bin111",2.24691492020818e-05,"Bacteria","Firmicutes","Clostridia","Peptostreptococcales-Tissierellales","Peptostreptococcaceae","Tepidibacter"
"OTU_2258","Bin16",2.80097499292825e-05,"Bacteria","Chloroflexi","Anaerolineae","SBR1031","uncultured__bacterium","uncultured__bacterium"
"OTU_2254","Bin65",2.01835460466171e-06,"Bacteria","Patescibacteria","Dojkabacteria","uncultured__candidate__division__WS6__bacterium","uncultured__bacterium","uncultured__bacterium"
"OTU_2256","Bin87",6.88029966953298e-06,"Bacteria","Acidobacteriota","Subgroup__21","uncultured__bacterium","uncultured__bacterium","uncultured__bacterium"
"OTU_2251","Bin96",3.83829897561554e-06,"Bacteria","Firmicutes","Clostridia","Hungateiclostridiaceae","uncultured","uncultured__bacterium"
"OTU_2262","Bin63",9.86772154529746e-07,"Bacteria","Patescibacteria","ABY1","Candidatus__Falkowbacteria","uncultured__anaerobic__bacterium","uncultured__bacterium"
"OTU_2261","Bin16",6.90538359315197e-06,"Bacteria","Chloroflexi","Anaerolineae","SBR1031","uncultured__bacterium","uncultured__bacterium"
"OTU_2260","Bin96",1.41316334790021e-06,"Bacteria","Firmicutes","Clostridia","Hungateiclostridiaceae","uncultured","uncultured__bacterium"
"OTU_2264","Bin65",2.59304036914937e-06,"Bacteria","Patescibacteria","Dojkabacteria","uncultured__eubacterium__WCHB1-01","uncultured__bacterium","uncultured__bacterium"
"OTU_2257","Bin96",5.23436535323026e-05,"Bacteria","Firmicutes","Clostridia","Hungateiclostridiaceae","Ercella","uncultured__bacterium"
"OTU_2269","Bin63",1.44090593916526e-06,"Bacteria","Patescibacteria","ABY1","Candidatus__Falkowbacteria","uncultured__bacterium","uncultured__bacterium"
"OTU_2266","Bin90",5.18163854947605e-06,"Bacteria","Firmicutes","Clostridia","Christensenellales","Christensenellaceae","uncultured"
"OTU_2265","Bin109",3.2340065672105e-06,"Bacteria","Firmicutes","Clostridia","Peptostreptococcales-Tissierellales","livecontrolB21","uncultured__bacterium"
"OTU_2277","Bin4",1.21086745214273e-06,"Bacteria","Cloacimonadota","Cloacimonadia","Cloacimonadales","MSBL8","uncultured__bacterium"
"OTU_2271","Bin69",3.23060208295294e-06,"Bacteria","Cyanobacteria","Vampirivibrionia","Gastranaerophilales","uncultured__bacterium","uncultured__bacterium"
"OTU_2270","Bin97",2.82140633426189e-06,"Bacteria","Firmicutes","Clostridia","Oscillospirales","Ruminococcaceae","CAG-352"
"OTU_2274","Bin69",6.37136150195977e-06,"Bacteria","Cyanobacteria","Vampirivibrionia","Gastranaerophilales","uncultured__bacterium","uncultured__bacterium"
"OTU_2273","Bin12",3.17206990218733e-06,"Bacteria","Firmicutes","Clostridia","Oscillospirales","Oscillospiraceae","Colidextribacter"
"OTU_2275","Bin101",0.00021083916450568,"Bacteria","Fusobacteriota","Fusobacteriia","Fusobacteriales","Fusobacteriaceae","Fusobacterium"
"OTU_2267","Bin89",1.4276169571566e-06,"Bacteria","Firmicutes","Clostridia","Clostridiales","Clostridiaceae","Proteiniclasticum"
"OTU_2272","Bin95",5.13686633155867e-06,"Bacteria","Firmicutes","Clostridia","Clostridia__vadinBB60__group","uncultured__bacterium","uncultured__bacterium"
"OTU_2268","Bin16",8.96491046777655e-06,"Bacteria","Chloroflexi","Anaerolineae","SBR1031","uncultured__bacterium","uncultured__bacterium"
"OTU_2280","Bin89",3.44925993857e-06,"Bacteria","Firmicutes","Clostridia","Clostridiales","Clostridiaceae","Oceanirhabdus"
"OTU_2279","Bin123",2.58235956851958e-06,"Bacteria","Firmicutes","Desulfitobacteriia","Desulfitobacteriales","uncultured","uncultured__bacterium"
"OTU_2281","Bin80",2.81964112740737e-06,"Bacteria","Desulfobacterota","Desulfuromonadia","Desulfuromonadaceae","Desulfuromonas","uncultured__bacterium"
"OTU_2278","Bin123",3.23467363739553e-06,"Bacteria","Firmicutes","Desulfitobacteriia","Desulfitobacteriales","uncultured","uncultured__bacterium"
"OTU_2282","Bin97",6.03501115255776e-06,"Bacteria","Firmicutes","Clostridia","Oscillospirales","[Eubacterium]__coprostanoligenes__group","uncultured__Clostridia__bacterium"
"OTU_2285","Bin109",3.01156232119783e-06,"Bacteria","Firmicutes","Clostridia","Peptostreptococcales-Tissierellales","livecontrolB21","uncultured__bacterium"
"OTU_2283","Bin5",1.39834924448196e-06,"Bacteria","Campilobacterota","Campylobacteria","Campylobacterales","Sulfurospirillaceae","Sulfurospirillum"
"OTU_2289","Bin109",3.60542236441485e-06,"Bacteria","Firmicutes","Clostridia","Peptostreptococcales-Tissierellales","livecontrolB21","uncultured__bacterium"
"OTU_2284","Bin80",1.31916528824285e-05,"Bacteria","SAR324__clade(Marine__group__B)","uncultured__proteobacterium","uncultured__bacterium","uncultured__bacterium","uncultured__bacterium"
"OTU_2287","Bin12",2.20472011025646e-06,"Bacteria","Cyanobacteria","Vampirivibrionia","Gastranaerophilales","uncultured__bacterium","uncultured__bacterium"
"OTU_2286","Bin4",8.20002971521022e-07,"Bacteria","Cloacimonadota","Cloacimonadia","Cloacimonadales","MSBL8","uncultured__bacterium"
"OTU_2291","Bin69",1.18886384774053e-06,"Bacteria","Cyanobacteria","Vampirivibrionia","Gastranaerophilales","uncultured__organism","uncultured__bacterium"
"OTU_2293","Bin4",2.1794794214448e-06,"Bacteria","Cloacimonadota","Cloacimonadia","Cloacimonadales","MSBL8","uncultured__bacterium"
"OTU_2295","Bin3",2.76314000226242e-06,"Bacteria","Cloacimonadota","Cloacimonadia","Cloacimonadales","LK-44f","uncultured__bacterium"
"OTU_2276","Bin109",1.26807050750932e-05,"Bacteria","Firmicutes","Clostridia","Peptostreptococcales-Tissierellales","livecontrolB21","uncultured__bacterium"
"OTU_2288","Bin123",5.62507719600075e-06,"Bacteria","Firmicutes","Desulfitobacteriia","Desulfitobacteriales","uncultured","uncultured__bacterium"
"OTU_2294","Bin80",1.21728734529904e-06,"Bacteria","SAR324__clade(Marine__group__B)","uncultured__bacterium","uncultured__bacterium","uncultured__bacterium","uncultured__bacterium"
"OTU_2292","Bin109",1.8129786242446e-05,"Bacteria","Firmicutes","Clostridia","Peptostreptococcales-Tissierellales","livecontrolB21","uncultured__bacterium"
"OTU_2296","Bin69",4.58055988516663e-06,"Bacteria","Cyanobacteria","Vampirivibrionia","Gastranaerophilales","uncultured__organism","uncultured__bacterium"
"OTU_2297","Bin1",7.6895795142105e-06,"Bacteria","Cloacimonadota","Cloacimonadia","Cloacimonadales","Cloacimonadaceae","Candidatus__Cloacimonas"
"OTU_2290","Bin7",2.21770591498569e-06,"Bacteria","Spirochaetota","Spirochaetia","Spirochaetales","Spirochaetaceae","Sphaerochaeta"
"OTU_2300","Bin121",5.20964266238194e-06,"Bacteria","Firmicutes","Clostridia","Lachnospirales","Lachnospiraceae","uncultured"
"OTU_2299","Bin92",1.56642386539389e-06,"Bacteria","Firmicutes","Bacilli","Izemoplasmatales","Izemoplasmataceae","bacterium__enrichment__culture__clone__R4-81B"
"OTU_2298","Bin92",4.03758899989241e-07,"Bacteria","Firmicutes","Bacilli","Izemoplasmatales","uncultured__bacterium","uncultured__bacterium"
"OTU_2301","Bin123",7.24108510297687e-06,"Bacteria","Firmicutes","Desulfitobacteriia","Desulfitobacteriales","uncultured","uncultured__bacterium"
"OTU_2304","Bin92",2.82179664038248e-06,"Bacteria","Firmicutes","Bacilli","Izemoplasmatales","Izemoplasmataceae","uncultured__bacterium"
"OTU_2306","Bin109",1.06354224170872e-05,"Bacteria","Firmicutes","Clostridia","Peptostreptococcales-Tissierellales","livecontrolB21","uncultured__bacterium"
"OTU_2307","Bin69",1.37964048464672e-06,"Bacteria","Cyanobacteria","Vampirivibrionia","Gastranaerophilales","uncultured__organism","uncultured__bacterium"
"OTU_2308","Bin80",3.16216812475918e-06,"Bacteria","SAR324__clade(Marine__group__B)","uncultured__bacterium","uncultured__bacterium","uncultured__bacterium","uncultured__bacterium"
"OTU_2303","Bin101",1.64216012108122e-06,"Bacteria","Fusobacteriota","Fusobacteriia","Fusobacteriales","Fusobacteriaceae","Fusobacterium"
"OTU_2305","Bin7",4.46345575605021e-06,"Bacteria","Spirochaetota","Spirochaetia","Spirochaetales","Spirochaetaceae","Sphaerochaeta"
"OTU_2309","Bin109",2.04675007690766e-05,"Bacteria","Firmicutes","Clostridia","Peptostreptococcales-Tissierellales","livecontrolB21","uncultured__bacterium"
"OTU_2310","Bin7",3.40685773801692e-06,"Bacteria","Spirochaetota","Spirochaetia","Spirochaetales","Spirochaetaceae","Sediminispirochaeta"
"OTU_2312","Bin101",2.2375262196595e-06,"Bacteria","Fusobacteriota","Fusobacteriia","Fusobacteriales","Fusobacteriaceae","Fusobacterium"
"OTU_2311","Bin109",5.61277883734919e-06,"Bacteria","Firmicutes","Clostridia","Peptostreptococcales-Tissierellales","livecontrolB21","uncultured__bacterium"
"OTU_2314","Bin100",1.29777608821634e-05,"Bacteria","Fusobacteriota","Fusobacteriia","Fusobacteriales","Fusobacteriaceae","Fusobacterium"
"OTU_2302","Bin65",5.84201912297871e-06,"Bacteria","Patescibacteria","Dojkabacteria","uncultured__candidate__division__WS6__bacterium","uncultured__bacterium","uncultured__bacterium"
"OTU_2316","Bin101",2.00722978984802e-06,"Bacteria","Fusobacteriota","Fusobacteriia","Fusobacteriales","Fusobacteriaceae","Fusobacterium"
"OTU_2315","Bin101",2.89044067867922e-06,"Bacteria","Fusobacteriota","Fusobacteriia","Fusobacteriales","Fusobacteriaceae","Fusobacterium"
"OTU_2313","Bin101",3.88787254910483e-06,"Bacteria","Fusobacteriota","Fusobacteriia","Fusobacteriales","Fusobacteriaceae","Fusobacterium"
"OTU_2317","Bin99",4.15201090318828e-07,"Bacteria","Firmicutes","Clostridia","Clostridia__vadinBB60__group","uncultured__bacterium","uncultured__bacterium"
"OTU_2319","Bin99",3.23151674678245e-06,"Bacteria","Firmicutes","Clostridia","Peptostreptococcales-Tissierellales","Dethiosulfatibacteraceae","Dethiosulfatibacter"
"OTU_2318","Bin93",4.96603102594549e-06,"Bacteria","Firmicutes","Bacilli","Exiguobacterales","Exiguobacteraceae","Exiguobacterium"
"OTU_2322","Bin100",2.34379805269503e-06,"Bacteria","Fusobacteriota","Fusobacteriia","Fusobacteriales","Fusobacteriaceae","Propionigenium"
"OTU_2321","Bin94",7.5329540859576e-06,"Bacteria","Firmicutes","Desulfotomaculia","Desulfotomaculales","Desulfurispora","uncultured__Desulfotomaculum__sp."
"OTU_2326","Bin101",0.00033265348688542,"Bacteria","Fusobacteriota","Fusobacteriia","Fusobacteriales","Fusobacteriaceae","Fusobacterium"
"OTU_2325","Bin101",1.83464443655165e-05,"Bacteria","Fusobacteriota","Fusobacteriia","Fusobacteriales","Fusobacteriaceae","uncultured__Fusobacteria__bacterium"
"OTU_2320","Bin85",2.18408491538646e-05,"Bacteria","Desulfobacterota","Desulfovibrionia","Desulfovibrionales","Desulfovibrionaceae","Desulfovibrio"
"OTU_2328","Bin88",0.000513178917839191,"Bacteria","Synergistota","Synergistia","Synergistales","Synergistaceae","Aminobacterium"
"OTU_2329","Bin115",0.000138033468696327,"Bacteria","Firmicutes","Clostridia","Peptostreptococcales-Tissierellales","Anaerovoracaceae","[Eubacterium]__brachy__group"
"OTU_2327","Bin102",0.000142507397271262,"Bacteria","Firmicutes","Clostridia","MAT-CR-H4-C10","uncultured__bacterium","uncultured__bacterium"
"OTU_2324","Bin101",1.81976847440047e-05,"Bacteria","Fusobacteriota","Fusobacteriia","Fusobacteriales","Fusobacteriaceae","Ilyobacter"
"OTU_2323","Bin100",7.01348409340854e-06,"Bacteria","Fusobacteriota","Fusobacteriia","Fusobacteriales","Fusobacteriaceae","Fusobacterium"
"OTU_2331","Bin115",0.00033518951218628,"Bacteria","Firmicutes","Clostridia","Peptostreptococcales-Tissierellales","Anaerovoracaceae","Anaerovorax"
"OTU_2330","Bin115",0.000157750765270963,"Bacteria","Firmicutes","Clostridia","Peptostreptococcales-Tissierellales","Anaerovoracaceae","Amnipila"
"OTU_2333","Bin117",0.000183004969337282,"Bacteria","Firmicutes","Clostridia","Peptostreptococcales-Tissierellales","Fusibacteraceae","Fusibacter"
"OTU_2334","Bin69",2.60680541587471e-05,"Bacteria","Cyanobacteria","Vampirivibrionia","Gastranaerophilales","uncultured__organism","uncultured__bacterium"
"OTU_2335","Bin88",5.10745129545633e-05,"Bacteria","Synergistota","Synergistia","Synergistales","Synergistaceae","Dethiosulfovibrio"
"OTU_2332","Bin115",7.38448233784915e-05,"Bacteria","Firmicutes","Clostridia","Peptostreptococcales-Tissierellales","Anaerovoracaceae","Anaerovorax"
"OTU_2336","Bin16",9.56378652443266e-05,"Bacteria","Chloroflexi","Anaerolineae","SBR1031","uncultured__bacterium","uncultured__bacterium"
"OTU_2338","Bin14",0.000155350456549695,"Bacteria","Chloroflexi","Chloroflexia","Thermomicrobiales","JG30-KF-CM45","uncultured__bacterium"
"OTU_2344","Bin16",5.6866811226205e-05,"Bacteria","Chloroflexi","Anaerolineae","SBR1031","uncultured__soil__bacterium","uncultured__bacterium"
"OTU_2337","Bin115",5.39306782048546e-05,"Bacteria","Firmicutes","Clostridia","Peptostreptococcales-Tissierellales","Anaerovoracaceae","Anaerovorax"
"OTU_2343","Bin20",5.27252859097121e-05,"Bacteria","Chloroflexi","Anaerolineae","SBR1031","uncultured__bacterium","uncultured__bacterium"
"OTU_2339","Bin118",0.00130199608287361,"Bacteria","Firmicutes","Clostridia","Peptostreptococcales-Tissierellales","Guggenheimella","Tindallia__sp.__Mic8c12"
"OTU_2340","Bin88",0.000104971497876234,"Bacteria","Synergistota","Synergistia","Synergistales","Synergistaceae","uncultured"
"OTU_2345","Bin63",1.1364508636765e-05,"Bacteria","Patescibacteria","Parcubacteria","Candidatus__Kaiserbacteria","uncultured__bacterium","uncultured__bacterium"
"OTU_2341","Bin115",0.000101174668091773,"Bacteria","Firmicutes","Clostridia","Peptostreptococcales-Tissierellales","Anaerovoracaceae","Anaerovorax"
"OTU_2347","Bin102",4.69643541798698e-05,"Bacteria","Firmicutes","Clostridia","MAT-CR-H4-C10","uncultured__bacterium","uncultured__bacterium"
"OTU_2346","Bin93",2.41080631193713e-05,"Bacteria","Firmicutes","Bacilli","Exiguobacterales","Exiguobacteraceae","Exiguobacterium"
"OTU_2348","Bin95",3.32129170382103e-05,"Bacteria","Firmicutes","Clostridia","Christensenellales","Christensenellaceae","Christensenellaceae__R-7__group"
"OTU_2350","Bin110",1.05250680948472e-05,"Bacteria","Firmicutes","Clostridia","Peptostreptococcales-Tissierellales","uncultured","uncultured__bacterium"
"OTU_2349","Bin95",2.77126396459281e-05,"Bacteria","Firmicutes","Clostridia","Christensenellales","Christensenellaceae","Christensenellaceae__R-7__group"
"OTU_2354","Bin16",2.64820153283311e-05,"Bacteria","Chloroflexi","Anaerolineae","SBR1031","uncultured__organism","uncultured__bacterium"
"OTU_2353","Bin16",6.7898936908505e-05,"Bacteria","Chloroflexi","Anaerolineae","SBR1031","uncultured__bacterium","uncultured__bacterium"
"OTU_2342","Bin125",3.36307791653908e-05,"Bacteria","Bacteroidota","Bacteroidia","Bacteroidales","Prolixibacteraceae","Sunxiuqinia"
"OTU_2358","Bin115",3.377650807306e-05,"Bacteria","Firmicutes","Clostridia","Peptostreptococcales-Tissierellales","Anaerovoracaceae","uncultured"
"OTU_2352","Bin103",2.31239993850619e-05,"Bacteria","Firmicutes","Clostridia","Peptostreptococcales-Tissierellales","Sedimentibacteraceae","Sedimentibacter"
"OTU_2356","Bin24",1.25683243556193e-05,"Bacteria","Verrucomicrobiota","Lentisphaeria","Victivallales","uncultured__bacterium","uncultured__bacterium"
"OTU_2359","Bin7",1.79099909230855e-05,"Bacteria","Spirochaetota","Spirochaetia","Spirochaetales","Spirochaetaceae","Sphaerochaeta"
"OTU_2355","Bin102",0.00126936513884762,"Bacteria","Firmicutes","Clostridia","Peptostreptococcales-Tissierellales","Dethiosulfatibacteraceae","Dethiosulfatibacter"
"OTU_2357","Bin119",0.00750988171283389,"Bacteria","Firmicutes","Clostridia","Peptostreptococcales-Tissierellales","Fusibacteraceae","Fusibacter"
"OTU_2361","Bin63",1.36425512987136e-05,"Bacteria","Patescibacteria","ABY1","Candidatus__Falkowbacteria","Candidatus__Falkowbacteria__bacterium__RIFOXYC2_FULL_34_220","uncultured__bacterium"
"OTU_2362","Bin102",4.54945141753641e-06,"Bacteria","Firmicutes","Clostridia","MAT-CR-H4-C10","uncultured__bacterium","uncultured__bacterium"
"OTU_2351","Bin115",7.50060256415489e-05,"Bacteria","Firmicutes","Clostridia","Peptostreptococcales-Tissierellales","Anaerovoracaceae","Anaerovorax"
"OTU_2364","Bin63",1.73303475707038e-05,"Bacteria","Patescibacteria","ABY1","Candidatus__Falkowbacteria","Candidatus__Falkowbacteria__bacterium__RIFOXYC2_FULL_34_220","uncultured__bacterium"
"OTU_2366","Bin16",2.28828856524791e-05,"Bacteria","Chloroflexi","Anaerolineae","SBR1031","uncultured__Chloroflexi__bacterium","uncultured__bacterium"
"OTU_2360","Bin88",3.46907777728111e-05,"Bacteria","Synergistota","Synergistia","Synergistales","Synergistaceae","Syner-01"
"OTU_2365","Bin102",5.02123087771305e-05,"Bacteria","Firmicutes","Clostridia","Peptostreptococcales-Tissierellales","Dethiosulfatibacteraceae","Dethiosulfatibacter"
"OTU_2363","Bin16",4.68198054809295e-05,"Bacteria","Chloroflexi","Anaerolineae","SBR1031","uncultured__Chloroflexi__bacterium","uncultured__bacterium"
"OTU_2369","Bin66",9.57559184157657e-06,"Bacteria","Patescibacteria","Gracilibacteria","uncultured__Compostimonas__sp.","uncultured__bacterium","uncultured__bacterium"
"OTU_2367","Bin24",8.87972357184127e-05,"Bacteria","Verrucomicrobiota","Lentisphaeria","P.palmC41","uncultured__bacterium","uncultured__bacterium"
"OTU_2370","Bin88",3.65803414821121e-05,"Bacteria","Synergistota","Synergistia","Synergistales","Synergistaceae","uncultured"
"OTU_2371","Bin115",5.6129730753794e-06,"Bacteria","Firmicutes","Clostridia","Peptostreptococcales-Tissierellales","Anaerovoracaceae","Family__XIII__UCG-001"
"OTU_2372","Bin120",1.00734924147505e-05,"Bacteria","Firmicutes","Clostridia","Lachnospirales","Lachnospiraceae","Roseburia"
"OTU_2368","Bin71",1.48573322122359e-05,"Bacteria","Proteobacteria","Gammaproteobacteria","Vibrionales","Vibrionaceae","Vibrio"
"OTU_2373","Bin27",3.48844552137284e-05,"Bacteria","Actinobacteriota","Acidimicrobiia","Microtrichales","Microtrichaceae","IMCC26207"
"OTU_2375","Bin14",1.69667354485284e-05,"Bacteria","Chloroflexi","Chloroflexia","Thermomicrobiales","JG30-KF-CM45","uncultured__bacterium"
"OTU_2376","Bin88",4.4816097573411e-06,"Bacteria","Synergistota","Synergistia","Synergistales","Synergistaceae","Dethiosulfovibrio"
"OTU_2378","Bin21",1.64378092315694e-05,"Bacteria","Chloroflexi","Anaerolineae","Caldilineales","Caldilineaceae","uncultured"
"OTU_2374","Bin107",1.78363079130704e-05,"Bacteria","Firmicutes","Clostridia","Peptostreptococcales-Tissierellales","uncultured","marine__sediment__metagenome"
"OTU_2380","Bin63",8.73788161860823e-06,"Bacteria","Patescibacteria","ABY1","Candidatus__Falkowbacteria","uncultured__bacterium","uncultured__bacterium"
"OTU_2381","Bin16",1.69561339551103e-05,"Bacteria","Chloroflexi","Anaerolineae","SBR1031","uncultured__bacterium","uncultured__bacterium"
"OTU_2385","Bin14",1.81317878793721e-05,"Bacteria","Chloroflexi","Chloroflexia","Thermomicrobiales","JG30-KF-CM45","uncultured__bacterium"
"OTU_2387","Bin14",3.43025315212649e-05,"Bacteria","Chloroflexi","Chloroflexia","Thermomicrobiales","JG30-KF-CM45","uncultured__bacterium"
"OTU_2377","Bin95",1.06835484655724e-05,"Bacteria","Firmicutes","Clostridia","Christensenellales","Christensenellaceae","Christensenellaceae__R-7__group"
"OTU_2383","Bin120",8.51300193445786e-06,"Bacteria","Firmicutes","Clostridia","Lachnospirales","Lachnospiraceae","Epulopiscium"
"OTU_2384","Bin63",1.86217696256762e-05,"Bacteria","Patescibacteria","ABY1","Candidatus__Falkowbacteria","uncultured__bacterium","uncultured__bacterium"
"OTU_2379","Bin14",2.24515026561136e-05,"Bacteria","Chloroflexi","Chloroflexia","Thermomicrobiales","JG30-KF-CM45","uncultured__Chloroflexi__bacterium"
"OTU_2382","Bin123",7.49726596315116e-06,"Bacteria","Firmicutes","Desulfitobacteriia","Desulfitobacteriales","uncultured","uncultured__bacterium"
"OTU_2386","Bin67",7.43869514522638e-06,"Bacteria","Patescibacteria","Saccharimonadia","Saccharimonadales","Saccharimonadaceae","TM7a"
"OTU_2388","Bin11",9.15016984947823e-06,"Bacteria","Fermentibacterota","Fermentibacteria","Fermentibacterales","Fermentibacteraceae","uncultured__bacterium"
"OTU_2389","Bin14",1.32219026160872e-05,"Bacteria","Chloroflexi","Chloroflexia","Thermomicrobiales","JG30-KF-CM45","uncultured__bacterium"
"OTU_2390","Bin88",6.38981510250708e-06,"Bacteria","Synergistota","Synergistia","Synergistales","Synergistaceae","uncultured"
"OTU_2397","Bin107",8.82872662795436e-06,"Bacteria","Firmicutes","Clostridia","Peptostreptococcales-Tissierellales","uncultured","marine__sediment__metagenome"
"OTU_2394","Bin103",7.54313563637716e-06,"Bacteria","Firmicutes","Clostridia","Peptostreptococcales-Tissierellales","Dethiosulfatibacteraceae","Dethiosulfatibacter"
"OTU_2393","Bin109",1.2457441134588e-05,"Bacteria","Firmicutes","Clostridia","Peptostreptococcales-Tissierellales","livecontrolB21","uncultured__bacterium"
"OTU_2396","Bin77",9.09277264670737e-06,"Bacteria","Proteobacteria","Alphaproteobacteria","Rhodospirillales","Rhodospirillaceae","Candidatus__Riegeria"
"OTU_2400","Bin15",1.87185236960176e-05,"Bacteria","Chloroflexi","Anaerolineae","RBG-13-54-9","uncultured__bacterium","uncultured__bacterium"
"OTU_2392","Bin107",6.46515471578092e-06,"Bacteria","Firmicutes","Clostridia","Peptostreptococcales-Tissierellales","uncultured","marine__sediment__metagenome"
"OTU_2395","Bin88",3.94474859882053e-06,"Bacteria","Synergistota","Synergistia","Synergistales","Synergistaceae","uncultured"
"OTU_2403","Bin107",4.3908443582194e-06,"Bacteria","Firmicutes","Clostridia","Peptostreptococcales-Tissierellales","uncultured","marine__sediment__metagenome"
"OTU_2391","Bin107",1.2908322420546e-05,"Bacteria","Firmicutes","Clostridia","Peptostreptococcales-Tissierellales","uncultured","marine__sediment__metagenome"
"OTU_2404","Bin103",5.96038428744449e-06,"Bacteria","Firmicutes","Clostridia","Peptostreptococcales-Tissierellales","Dethiosulfatibacteraceae","Dethiosulfatibacter"
"OTU_2407","Bin7",9.36473076897713e-06,"Bacteria","Firmicutes","Clostridia","Peptostreptococcales-Tissierellales","Fusibacteraceae","Fusibacter"
"OTU_2401","Bin16",5.7057391560228e-06,"Bacteria","Chloroflexi","Anaerolineae","SBR1031","uncultured__organism","uncultured__bacterium"
"OTU_2402","Bin103",1.20492683311191e-05,"Bacteria","Firmicutes","Clostridia","Peptostreptococcales-Tissierellales","Dethiosulfatibacteraceae","Dethiosulfatibacter"
"OTU_2405","Bin112",5.4293523726038e-05,"Bacteria","Firmicutes","Clostridia","Peptostreptococcales-Tissierellales","Peptostreptococcaceae","Peptoclostridium"
"OTU_2398","Bin89",3.64633096165716e-05,"Bacteria","Firmicutes","Clostridia","Clostridiales","Clostridiaceae","Oceanirhabdus"
"OTU_2399","Bin14",3.15706340877952e-05,"Bacteria","Chloroflexi","Chloroflexia","Thermomicrobiales","JG30-KF-CM45","uncultured__bacterium"
"OTU_2408","Bin7",9.39267135185336e-06,"Bacteria","Spirochaetota","Spirochaetia","Spirochaetales","Spirochaetaceae","Sphaerochaeta"
"OTU_2410","Bin103",4.82541533145341e-06,"Bacteria","Firmicutes","Clostridia","Peptostreptococcales-Tissierellales","Sedimentibacteraceae","Sedimentibacter"
"OTU_2409","Bin119",3.44409899636693e-06,"Bacteria","Firmicutes","Clostridia","Peptostreptococcales-Tissierellales","Fusibacteraceae","Fusibacter"
"OTU_2406","Bin113",3.2044403178525e-06,"Bacteria","Firmicutes","Clostridia","Peptostreptococcales-Tissierellales","Fusibacteraceae","Fusibacter"
"OTU_2418","Bin65",8.09701889815276e-06,"Bacteria","Patescibacteria","Dojkabacteria","bacterium__enrichment__culture__clone__E1","uncultured__bacterium","uncultured__bacterium"
"OTU_2411","Bin88",7.7388634803289e-06,"Bacteria","Synergistota","Synergistia","Synergistales","Synergistaceae","Syner-01"
"OTU_2417","Bin107",1.69772454694859e-05,"Bacteria","Firmicutes","Clostridia","Peptostreptococcales-Tissierellales","uncultured","marine__sediment__metagenome"
"OTU_2415","Bin63",1.49394648416654e-05,"Bacteria","Patescibacteria","ABY1","Candidatus__Falkowbacteria","uncultured__bacterium","uncultured__bacterium"
"OTU_2414","Bin66",1.04841854536795e-05,"Bacteria","Patescibacteria","Gracilibacteria","uncultured__sediment__bacterium","uncultured__bacterium","uncultured__bacterium"
"OTU_2422","Bin63",3.47085972641568e-06,"Bacteria","Patescibacteria","ABY1","Candidatus__Falkowbacteria","uncultured__bacterium","uncultured__bacterium"
"OTU_2416","Bin112",0.000135527680996254,"Bacteria","Firmicutes","Clostridia","Peptostreptococcales-Tissierellales","Thermotaleaceae","Crassaminicella"
"OTU_2421","Bin63",8.23012630097893e-06,"Bacteria","Patescibacteria","ABY1","Candidatus__Falkowbacteria","uncultured__bacterium","uncultured__bacterium"
"OTU_2420","Bin21",8.65648613926228e-06,"Bacteria","Chloroflexi","Anaerolineae","Caldilineales","Caldilineaceae","uncultured"
"OTU_2412","Bin21",1.07512697983337e-05,"Bacteria","Chloroflexi","Anaerolineae","SBR1031","uncultured__bacterium","uncultured__bacterium"
"OTU_2413","Bin121",9.67069750602505e-06,"Bacteria","Firmicutes","Clostridia","Lachnospirales","Lachnospiraceae","uncultured"
"OTU_2423","Bin69",4.02222593099825e-06,"Bacteria","Firmicutes","Clostridia","Peptostreptococcales-Tissierellales","Fusibacteraceae","Fusibacter"
"OTU_2419","Bin115",2.84960542611318e-05,"Bacteria","Firmicutes","Clostridia","Peptostreptococcales-Tissierellales","Anaerovoracaceae","Anaerovorax"
"OTU_2428","Bin3",1.03983786626802e-05,"Bacteria","Cloacimonadota","Cloacimonadia","Cloacimonadales","LK-44f","uncultured__bacterium"
"OTU_2426","Bin99",5.75369615014199e-06,"Bacteria","Firmicutes","Clostridia","Peptostreptococcales-Tissierellales","livecontrolB21","uncultured__bacterium"
"OTU_2424","Bin109",5.55481597262856e-06,"Bacteria","Firmicutes","Clostridia","Peptostreptococcales-Tissierellales","livecontrolB21","uncultured__bacterium"
"OTU_2431","Bin69",1.38655935140472e-06,"Bacteria","Cyanobacteria","Vampirivibrionia","Gastranaerophilales","uncultured__organism","uncultured__bacterium"
"OTU_2430","Bin12",6.97657200434929e-06,"Bacteria","Firmicutes","Clostridia","Peptostreptococcales-Tissierellales","Dethiosulfatibacteraceae","Dethiosulfatibacter"
"OTU_2425","Bin118",1.43871285594269e-05,"Bacteria","Firmicutes","Clostridia","Peptostreptococcales-Tissierellales","livecontrolB21","uncultured__bacterium"
"OTU_2433","Bin100",6.2196365980332e-06,"Bacteria","Fusobacteriota","Fusobacteriia","Fusobacteriales","Fusobacteriaceae","Fusobacterium"
"OTU_2432","Bin118",2.92083202565672e-05,"Bacteria","Firmicutes","Clostridia","Peptostreptococcales-Tissierellales","Guggenheimella","Tindallia__sp.__Mic8c12"
"OTU_2427","Bin110",4.01735483263724e-06,"Bacteria","Firmicutes","Clostridia","Peptostreptococcales-Tissierellales","GoM-GC232-4463-Bac1","uncultured__bacterium"
"OTU_2429","Bin110",3.03187416360767e-06,"Bacteria","Firmicutes","Clostridia","Peptostreptococcales-Tissierellales","GoM-GC232-4463-Bac1","uncultured__bacterium"
"OTU_2438","Bin116",2.03922157202775e-06,"Bacteria","Firmicutes","Clostridia","Peptostreptococcales-Tissierellales","Fusibacteraceae","Fusibacter"
"OTU_2436","Bin115",1.02877290069422e-06,"Bacteria","Firmicutes","Clostridia","Peptostreptococcales-Tissierellales","Anaerovoracaceae","Amnipila"
"OTU_2434","Bin119",2.6278771655414e-06,"Bacteria","Firmicutes","Clostridia","Peptostreptococcales-Tissierellales","Fusibacteraceae","Fusibacter"
"OTU_2437","Bin124",5.6326908039324e-06,"Bacteria","Firmicutes","Clostridia","Lachnospirales","Lachnospiraceae","Blautia"
"OTU_2444","Bin63",5.42660739599033e-06,"Bacteria","Patescibacteria","ABY1","Candidatus__Buchananbacteria","uncultured__bacterium","uncultured__bacterium"
"OTU_2440","Bin96",5.86873625015328e-06,"Bacteria","Firmicutes","Clostridia","Oscillospirales","Oscillospiraceae","UCG-002"
"OTU_2442","Bin118",5.69398546577816e-05,"Bacteria","Firmicutes","Clostridia","Peptostreptococcales-Tissierellales","Guggenheimella","Tindallia__sp.__Mic8c12"
"OTU_2435","Bin116",2.13465928253592e-06,"Bacteria","Firmicutes","Clostridia","Peptostreptococcales-Tissierellales","Fusibacteraceae","Fusibacter"
"OTU_2447","Bin67",2.38496416433277e-06,"Bacteria","Patescibacteria","Saccharimonadia","Saccharimonadales","metagenome","uncultured__bacterium"
"OTU_2446","Bin66",3.21740614403144e-06,"Bacteria","Patescibacteria","Gracilibacteria","Candidatus__Abawacabacteria","uncultured__bacterium","uncultured__bacterium"
"OTU_2439","Bin86",6.50171840346129e-06,"Bacteria","Acidobacteriota","c5LKS83","uncultured__bacterium","uncultured__bacterium","uncultured__bacterium"
"OTU_2448","Bin63",2.06219627267568e-06,"Bacteria","Patescibacteria","ABY1","Candidatus__Falkowbacteria","metagenome","uncultured__bacterium"
"OTU_2443","Bin107",2.50322219038379e-05,"Bacteria","Firmicutes","Clostridia","Peptostreptococcales-Tissierellales","uncultured","marine__sediment__metagenome"
"OTU_2441","Bin89",2.70135484236909e-05,"Bacteria","Firmicutes","Clostridia","Clostridiales","Clostridiaceae","Oceanirhabdus"
"OTU_2450","Bin63",5.04018828483451e-06,"Bacteria","Patescibacteria","ABY1","Candidatus__Falkowbacteria","uncultured__bacterium","uncultured__bacterium"
"OTU_2451","Bin115",6.70098371660332e-06,"Bacteria","Firmicutes","Clostridia","Peptostreptococcales-Tissierellales","Anaerovoracaceae","[Eubacterium]__brachy__group"
"OTU_2445","Bin124",6.08714912359843e-06,"Bacteria","Bacteroidota","Bacteroidia","Bacteroidales","Marinifilaceae","uncultured"
"OTU_2449","Bin120",5.07582734799645e-06,"Bacteria","Firmicutes","Clostridia","Lachnospirales","Lachnospiraceae","Cellulosilyticum"
"OTU_2452","Bin63",3.83967535418511e-06,"Bacteria","Patescibacteria","ABY1","Candidatus__Falkowbacteria","uncultured__bacterium","uncultured__bacterium"
"OTU_2453","Bin113",0.00339691487517152,"Bacteria","Firmicutes","Clostridia","Peptostreptococcales-Tissierellales","Fusibacteraceae","Fusibacter"
"OTU_2456","Bin124",4.21186567275794e-06,"Bacteria","Bacteroidota","Bacteroidia","Sphingobacteriales","Lentimicrobiaceae","uncultured__bacterium"
"OTU_2454","Bin123",9.22877268093491e-06,"Bacteria","Firmicutes","Desulfitobacteriia","Desulfitobacteriales","uncultured","uncultured__bacterium"
"OTU_2455","Bin103",1.2045810571357e-05,"Bacteria","Firmicutes","Clostridia","Peptostreptococcales-Tissierellales","Dethiosulfatibacteraceae","Dethiosulfatibacter"
"OTU_2460","Bin80",1.83154552346919e-06,"Bacteria","SAR324__clade(Marine__group__B)","uncultured__proteobacterium","uncultured__bacterium","uncultured__bacterium","uncultured__bacterium"
"OTU_2458","Bin92",7.6948907238658e-06,"Bacteria","Firmicutes","Bacilli","Izemoplasmatales","Izemoplasmataceae","bacterium"
"OTU_2457","Bin115",1.61340449629628e-05,"Bacteria","Firmicutes","Clostridia","Peptostreptococcales-Tissierellales","Anaerovoracaceae","Anaerovorax"
"OTU_2461","Bin96",8.10250074678864e-07,"Bacteria","Firmicutes","Clostridia","Hungateiclostridiaceae","uncultured","uncultured__bacterium"
"OTU_2459","Bin102",3.88778176731205e-06,"Bacteria","Firmicutes","Clostridia","Peptostreptococcales-Tissierellales","Dethiosulfatibacteraceae","Dethiosulfatibacter"
"OTU_2464","Bin66",1.18808773368051e-06,"Bacteria","Patescibacteria","Gracilibacteria","Candidatus__Abawacabacteria","uncultured__organism","uncultured__bacterium"
"OTU_2466","Bin88",7.8831292902794e-07,"Bacteria","Firmicutes","Clostridia","Eubacteriales","Anaerofustaceae","Anaerofustis"
"OTU_2469","Bin108",7.59553545610979e-06,"Bacteria","Firmicutes","Clostridia","Peptostreptococcales-Tissierellales","Dethiosulfatibacteraceae","Dethiosulfatibacter"
"OTU_2463","Bin4",5.37588817485778e-06,"Bacteria","Cloacimonadota","Cloacimonadia","Cloacimonadales","MSBL8","uncultured__bacterium"
"OTU_2462","Bin99",9.87346953668466e-06,"Bacteria","Firmicutes","Clostridia","Peptostreptococcales-Tissierellales","Fusibacteraceae","Fusibacter"
"OTU_2468","Bin4",8.6387735557772e-06,"Bacteria","Cloacimonadota","Cloacimonadia","Cloacimonadales","MSBL8","uncultured__bacterium"
"OTU_2465","Bin70",6.19839049992193e-06,"Bacteria","Marinimicrobia__(SAR406__clade)","uncultured__bacterium","uncultured__bacterium","uncultured__bacterium","uncultured__bacterium"
"OTU_2467","Bin92",5.34112338202775e-06,"Bacteria","Firmicutes","Bacilli","Izemoplasmatales","Izemoplasmataceae","bacterium__enrichment__culture__clone__R4-81B"
"OTU_2470","Bin22",3.76852877688549e-06,"Bacteria","Thermotogota","Thermotogae","Petrotogales","Petrotogaceae","SC103"
"OTU_2473","Bin88",1.77115161234345e-05,"Bacteria","Synergistota","Synergistia","Synergistales","Synergistaceae","Aminobacterium"
"OTU_2472","Bin118",5.05648985355162e-06,"Bacteria","Firmicutes","Clostridia","Peptostreptococcales-Tissierellales","Guggenheimella","Tindallia__sp.__Mic8c12"
"OTU_2475","Bin66",4.86092796667962e-06,"Bacteria","Cyanobacteria","Cyanobacteriia","Chloroplast","uncultured__bacterium","uncultured__bacterium"
"OTU_2474","Bin102",1.99293991267822e-06,"Bacteria","Firmicutes","Clostridia","Peptostreptococcales-Tissierellales","Dethiosulfatibacteraceae","Dethiosulfatibacter"
"OTU_2471","Bin110",4.22578258088184e-06,"Bacteria","Firmicutes","Clostridia","Peptostreptococcales-Tissierellales","Peptostreptococcaceae","Tepidibacter"
"OTU_2477","Bin89",6.53134373934581e-06,"Bacteria","Firmicutes","Clostridia","Clostridiales","Caloramatoraceae","Fonticella"
"OTU_2478","Bin110",3.41995960890246e-06,"Bacteria","Firmicutes","Clostridia","Peptostreptococcales-Tissierellales","JTB215","bacterium__enrichment__culture__clone__AOM-SR-B4"
"OTU_2476","Bin118",3.82486451264576e-06,"Bacteria","Firmicutes","Clostridia","Peptostreptococcales-Tissierellales","Guggenheimella","Tindallia__sp.__Mic8c12"
"OTU_2484","Bin64",3.24086493469831e-06,"Bacteria","Patescibacteria","Microgenomatia","Candidatus__Pacebacteria","uncultured__bacterium","uncultured__bacterium"
"OTU_2479","Bin102",1.31165479632169e-05,"Bacteria","Firmicutes","Clostridia","Peptostreptococcales-Tissierellales","Dethiosulfatibacteraceae","Dethiosulfatibacter"
"OTU_2485","Bin16",1.21617870936171e-06,"Bacteria","Chloroflexi","Anaerolineae","SBR1031","uncultured__bacterium","uncultured__bacterium"
"OTU_2481","Bin67",2.18527090875327e-06,"Bacteria","Patescibacteria","Saccharimonadia","Saccharimonadales","Saccharimonadaceae","Candidatus__Saccharimonas"
"OTU_2483","Bin89",9.63082807317586e-07,"Bacteria","Firmicutes","Clostridia","Clostridiales","Caloramatoraceae","Fonticella"
"OTU_2487","Bin88",3.25862969094132e-06,"Bacteria","Synergistota","Synergistia","Synergistales","Synergistaceae","uncultured"
"OTU_2488","Bin66",4.67241946346369e-06,"Bacteria","Patescibacteria","Gracilibacteria","uncultured__organism","uncultured__bacterium","uncultured__bacterium"
"OTU_2482","Bin116",4.3694276378335e-05,"Bacteria","Firmicutes","Clostridia","Peptostreptococcales-Tissierellales","Fusibacteraceae","Fusibacter"
"OTU_2480","Bin71",6.4219304225841e-06,"Bacteria","Proteobacteria","Gammaproteobacteria","Vibrionales","Vibrionaceae","Vibrio"
"OTU_2492","Bin67",1.20466420186989e-06,"Bacteria","Patescibacteria","Saccharimonadia","Saccharimonadales","Saccharimonadaceae","metagenome"
"OTU_2489","Bin27",1.64224768505377e-06,"Bacteria","Actinobacteriota","Acidimicrobiia","Microtrichales","Iamiaceae","Iamia"
"OTU_2493","Bin63",1.43254027348477e-06,"Bacteria","Patescibacteria","ABY1","Candidatus__Falkowbacteria","Candidatus__Falkowbacteria__bacterium__RIFOXYC2_FULL_34_220","uncultured__bacterium"
"OTU_2497","Bin15",3.60738666364354e-06,"Bacteria","Chloroflexi","Anaerolineae","RBG-13-54-9","uncultured__bacterium","uncultured__bacterium"
"OTU_2494","Bin86",2.6041836770019e-06,"Bacteria","Acidobacteriota","c5LKS83","metagenome","uncultured__bacterium","uncultured__bacterium"
"OTU_2495","Bin80",2.20010083922697e-06,"Bacteria","SAR324__clade(Marine__group__B)","uncultured__proteobacterium","uncultured__bacterium","uncultured__bacterium","uncultured__bacterium"
"OTU_2496","Bin102",4.80650358446743e-06,"Bacteria","Firmicutes","Clostridia","Peptostreptococcales-Tissierellales","Gottschalkia","uncultured__bacterium"
"OTU_2491","Bin111",0.000635007415712319,"Bacteria","Firmicutes","Clostridia","Peptostreptococcales-Tissierellales","Peptostreptococcaceae","uncultured"
"OTU_2498","Bin95",1.07783357529529e-05,"Bacteria","Firmicutes","Clostridia","Christensenellales","Christensenellaceae","Christensenellaceae__R-7__group"
"OTU_2501","Bin16",6.87122680909665e-06,"Bacteria","Chloroflexi","Anaerolineae","SBR1031","uncultured__Chloroflexi__bacterium","uncultured__bacterium"
"OTU_2499","Bin67",5.04633882257197e-06,"Bacteria","Patescibacteria","Saccharimonadia","Saccharimonadales","Saccharimonadaceae","TM7a"
"OTU_2490","Bin115",2.60159860753173e-06,"Bacteria","Firmicutes","Clostridia","Peptostreptococcales-Tissierellales","Anaerovoracaceae","Anaerovorax"
"OTU_2503","Bin88",2.40459481014232e-06,"Bacteria","Synergistota","Synergistia","Synergistales","Synergistaceae","Lactivibrio"
"OTU_2500","Bin88",7.84374834551746e-07,"Bacteria","Firmicutes","Clostridia","Eubacteriales","Eubacteriaceae","Eubacterium"
"OTU_2505","Bin66",4.80011997922386e-06,"Bacteria","Patescibacteria","Gracilibacteria","uncultured__bacterium","uncultured__bacterium","uncultured__bacterium"
"OTU_2504","Bin117",0.000208978688956859,"Bacteria","Firmicutes","Clostridia","Peptostreptococcales-Tissierellales","Fusibacteraceae","Fusibacter"
"OTU_2507","Bin63",1.40665996405318e-06,"Bacteria","Patescibacteria","ABY1","Candidatus__Falkowbacteria","uncultured__bacterium","uncultured__bacterium"
"OTU_2512","Bin67",7.37165609812763e-06,"Bacteria","Patescibacteria","Saccharimonadia","Saccharimonadales","Saccharimonadaceae","TM7a"
"OTU_2508","Bin96",8.56890609745907e-06,"Bacteria","Firmicutes","Clostridia","Hungateiclostridiaceae","UCG-012","uncultured__bacterium"
"OTU_2509","Bin66",1.8123316804446e-06,"Bacteria","Patescibacteria","Gracilibacteria","Candidatus__Abawacabacteria","uncultured__bacterium","uncultured__bacterium"
"OTU_2511","Bin14",1.61528423930267e-06,"Bacteria","Chloroflexi","Chloroflexia","Thermomicrobiales","JG30-KF-CM45","uncultured__Chloroflexi__bacterium"
"OTU_2510","Bin14",1.51751795449616e-05,"Bacteria","Chloroflexi","Chloroflexia","Thermomicrobiales","JG30-KF-CM45","uncultured__bacterium"
"OTU_2506","Bin16",7.23142450395934e-06,"Bacteria","Chloroflexi","Anaerolineae","SBR1031","uncultured__bacterium","uncultured__bacterium"
"OTU_2513","Bin14",7.66764413267896e-06,"Bacteria","Armatimonadota","uncultured","uncultured__bacterium","uncultured__bacterium","uncultured__bacterium"
"OTU_2502","Bin14",1.82649653397656e-05,"Bacteria","Chloroflexi","JG30-KF-CM66","metagenome","uncultured__bacterium","uncultured__bacterium"
"OTU_2515","Bin16",7.75239610338755e-06,"Bacteria","Chloroflexi","Anaerolineae","SBR1031","uncultured__bacterium","uncultured__bacterium"
"OTU_2514","Bin23",3.18008939351706e-06,"Bacteria","WPS-2","uncultured__bacterium","uncultured__bacterium","uncultured__bacterium","uncultured__bacterium"
"OTU_2517","Bin21",1.83160554702676e-06,"Bacteria","Chloroflexi","Anaerolineae","SJA-15","uncultured__soil__bacterium","uncultured__bacterium"
"OTU_2516","Bin67",9.56425854670027e-06,"Bacteria","Patescibacteria","Saccharimonadia","Saccharimonadales","uncultured__bacterium","uncultured__bacterium"
"OTU_2521","Bin63",3.5969262962253e-06,"Bacteria","Patescibacteria","Parcubacteria","Candidatus__Kaiserbacteria","uncultured__bacterium","uncultured__bacterium"
"OTU_2520","Bin104",3.18796264302484e-06,"Bacteria","Firmicutes","Clostridia","Peptostreptococcales-Tissierellales","Dethiosulfatibacteraceae","Dethiosulfatibacter"
"OTU_2524","Bin124",6.90750711030574e-06,"Bacteria","Bacteroidota","Bacteroidia","Bacteroidales","Marinilabiliaceae","uncultured"
"OTU_2518","Bin94",6.83124178827731e-06,"Bacteria","Firmicutes","Bacilli","Thermoactinomycetales","Thermoactinomycetaceae","Laceyella"
"OTU_2522","Bin63",2.44213189055451e-06,"Bacteria","Patescibacteria","ABY1","Candidatus__Falkowbacteria","uncultured__bacterium","uncultured__bacterium"
"OTU_2525","Bin22",2.13396069727325e-05,"Bacteria","Thermotogota","Thermotogae","Petrotogales","Petrotogaceae","SC103"
"OTU_2526","Bin67",7.48987458166347e-06,"Bacteria","Patescibacteria","Saccharimonadia","Saccharimonadales","uncultured__bacterium","uncultured__bacterium"
"OTU_2528","Bin16",2.23385109374291e-06,"Bacteria","Chloroflexi","Anaerolineae","SBR1031","uncultured__Chloroflexi__bacterium","uncultured__bacterium"
"OTU_2519","Bin115",5.03324346269268e-06,"Bacteria","Firmicutes","Clostridia","Peptostreptococcales-Tissierellales","Anaerovoracaceae","Anaerovorax"
"OTU_2529","Bin92",2.82471113414677e-06,"Bacteria","Firmicutes","Bacilli","Izemoplasmatales","Izemoplasmataceae","bacterium__enrichment__culture__clone__R4-81B"
"OTU_2523","Bin124",2.05512729971024e-06,"Bacteria","Bacteroidota","Bacteroidia","Bacteroidales","Marinilabiliaceae","uncultured"
"OTU_2531","Bin123",2.61808458290362e-06,"Bacteria","Firmicutes","Desulfitobacteriia","Desulfitobacteriales","uncultured","uncultured__bacterium"
"OTU_2533","Bin103",1.42380513424818e-06,"Bacteria","Firmicutes","Clostridia","Peptostreptococcales-Tissierellales","Dethiosulfatibacteraceae","Dethiosulfatibacter"
"OTU_2532","Bin12",2.83121693035235e-06,"Bacteria","Firmicutes","Clostridia","Peptostreptococcales-Tissierellales","Fusibacteraceae","Fusibacter"
"OTU_2534","Bin124",6.45428264982507e-06,"Bacteria","Firmicutes","Clostridia","Lachnospirales","Lachnospiraceae","Blautia"
"OTU_2539","Bin67",3.64886528918425e-06,"Bacteria","Patescibacteria","Saccharimonadia","Saccharimonadales","uncultured__bacterium","uncultured__bacterium"
"OTU_2530","Bin11",3.05523535241846e-06,"Bacteria","Fermentibacterota","Fermentibacteria","Fermentibacterales","Fermentibacteraceae","uncultured__bacterium"
"OTU_2527","Bin29",3.85333105515502e-06,"Bacteria","Actinobacteriota","Actinobacteria","Micrococcales","Bogoriellaceae","Georgenia"
"OTU_2536","Bin109",2.39688974002573e-06,"Bacteria","Firmicutes","Clostridia","Peptostreptococcales-Tissierellales","livecontrolB21","uncultured__bacterium"
"OTU_2538","Bin99",8.23537004516734e-06,"Bacteria","Firmicutes","Clostridia","Peptostreptococcales-Tissierellales","GoM-GC232-4463-Bac1","uncultured__bacterium"
"OTU_2540","Bin88",4.78379989829813e-06,"Bacteria","Synergistota","Synergistia","Synergistales","Synergistaceae","uncultured"
"OTU_2535","Bin102",2.60118532432524e-06,"Bacteria","Firmicutes","Clostridia","Peptostreptococcales-Tissierellales","Dethiosulfatibacteraceae","Dethiosulfatibacter"
"OTU_2541","Bin118",1.20429078710051e-06,"Bacteria","Firmicutes","Clostridia","Peptostreptococcales-Tissierellales","Guggenheimella","uncultured__Firmicutes__bacterium"
"OTU_2543","Bin1",2.59145603038078e-06,"Bacteria","Cloacimonadota","Cloacimonadia","Cloacimonadales","Cloacimonadaceae","Candidatus__Cloacimonas"
"OTU_2542","Bin124",2.40288993967502e-06,"Bacteria","Bacteroidota","Bacteroidia","Bacteroidales","Marinilabiliaceae","uncultured"
"OTU_2537","Bin110",1.62967600055291e-05,"Bacteria","Firmicutes","Clostridia","Peptostreptococcales-Tissierellales","Peptostreptococcaceae","Tepidibacter"
"OTU_2545","Bin105",5.76844693034917e-06,"Bacteria","Firmicutes","Clostridia","Peptostreptococcales-Tissierellales","Dethiosulfatibacteraceae","Dethiosulfatibacter"
"OTU_2546","Bin80",3.02550037185665e-06,"Bacteria","LCP-89","uncultured__bacterium","uncultured__bacterium","uncultured__bacterium","uncultured__bacterium"
"OTU_2547","Bin88",8.61134526754408e-06,"Bacteria","Synergistota","Synergistia","Synergistales","Synergistaceae","Thermovirga"
"OTU_2544","Bin92",9.98788892524144e-06,"Bacteria","Firmicutes","Bacilli","Izemoplasmatales","Izemoplasmataceae","bacterium__enrichment__culture__clone__R4-81B"
"OTU_2549","Bin124",3.60048796477591e-06,"Bacteria","Bacteroidota","Bacteroidia","Bacteroidales","Rikenellaceae","uncultured"
"OTU_2551","Bin92",2.61825021762013e-06,"Bacteria","Firmicutes","Bacilli","Izemoplasmatales","Izemoplasmataceae","bacterium"
"OTU_2552","Bin102",7.98817795914889e-07,"Bacteria","Firmicutes","Clostridia","Peptostreptococcales-Tissierellales","Dethiosulfatibacteraceae","Dethiosulfatibacter"
"OTU_2548","Bin108",2.39634400333022e-06,"Bacteria","Firmicutes","Clostridia","Peptostreptococcales-Tissierellales","JTB215","bacterium__enrichment__culture__clone__AOM-SR-B4"
"OTU_2553","Bin5",7.97836307999747e-07,"Bacteria","Campilobacterota","Campylobacteria","Campylobacterales","Sulfurospirillaceae","Sulfurospirillum"
"OTU_2554","Bin115",1.79284983878272e-06,"Bacteria","Firmicutes","Clostridia","Peptostreptococcales-Tissierellales","Anaerovoracaceae","[Eubacterium]__nodatum__group"
"OTU_2556","Bin102",5.85489411087209e-07,"Bacteria","Firmicutes","Clostridia","Peptostreptococcales-Tissierellales","Dethiosulfatibacteraceae","Dethiosulfatibacter"
"OTU_2560","Bin124",2.80127094461609e-06,"Bacteria","Bacteroidota","Bacteroidia","Bacteroidales","Marinilabiliaceae","uncultured"
"OTU_2559","Bin22",2.00021003216716e-06,"Bacteria","Thermotogota","Thermotogae","Petrotogales","Petrotogaceae","SC103"
"OTU_2557","Bin99",3.16641651623175e-06,"Bacteria","Firmicutes","Clostridia","Peptostreptococcales-Tissierellales","Dethiosulfatibacteraceae","Dethiosulfatibacter"
"OTU_2565","Bin114",3.41429831628023e-06,"Bacteria","Firmicutes","Clostridia","Peptostreptococcales-Tissierellales","Anaerovoracaceae","uncultured__bacterium"
"OTU_2561","Bin109",2.34772123553631e-06,"Bacteria","Firmicutes","Clostridia","Peptostreptococcales-Tissierellales","livecontrolB21","uncultured__bacterium"
"OTU_2564","Bin5",1.40391118742984e-06,"Bacteria","Campilobacterota","Campylobacteria","Campylobacterales","Sulfurospirillaceae","Sulfurospirillum"
"OTU_2550","Bin99",3.14867061902124e-06,"Bacteria","Thermotogota","Thermotogae","Petrotogales","Petrotogaceae","SC103"
"OTU_2562","Bin92",3.78342589298205e-06,"Bacteria","Firmicutes","Bacilli","Izemoplasmatales","Izemoplasmataceae","bacterium"
"OTU_2555","Bin15",3.02641542371663e-06,"Bacteria","Chloroflexi","Anaerolineae","RBG-13-54-9","uncultured__Chloroflexi__bacterium","uncultured__bacterium"
"OTU_2558","Bin118",4.22200096082525e-06,"Bacteria","Firmicutes","Clostridia","Peptostreptococcales-Tissierellales","Guggenheimella","Tindallia__sp.__Mic8c12"
"OTU_2566","Bin22",4.44719602750668e-06,"Bacteria","Thermotogota","Thermotogae","Petrotogales","Petrotogaceae","SC103"
"OTU_2567","Bin124",1.39897240620454e-06,"Bacteria","Firmicutes","Clostridia","Peptostreptococcales-Tissierellales","Dethiosulfatibacteraceae","Dethiosulfatibacter"
"OTU_2563","Bin110",3.01664329719862e-06,"Bacteria","Firmicutes","Clostridia","Peptostreptococcales-Tissierellales","GoM-GC232-4463-Bac1","uncultured__bacterium"
"OTU_2568","Bin110",9.73679316464965e-07,"Bacteria","Firmicutes","Clostridia","Peptostreptococcales-Tissierellales","livecontrolB21","uncultured__bacterium"
"OTU_2570","Bin67",5.1873991611522e-06,"Bacteria","Patescibacteria","Saccharimonadia","Saccharimonadales","Saccharimonadaceae","TM7a"
"OTU_2571","Bin115",2.19458910990822e-06,"Bacteria","Firmicutes","Clostridia","Peptostreptococcales-Tissierellales","Anaerovoracaceae","[Eubacterium]__nodatum__group"
"OTU_2569","Bin12",1.77672873266728e-06,"Bacteria","Firmicutes","Clostridia","Peptostreptococcales-Tissierellales","Alkaliphilus","uncultured__bacterium"
"OTU_2580","Bin3",2.03526898605253e-06,"Bacteria","Cloacimonadota","Cloacimonadia","Cloacimonadales","LK-44f","uncultured__bacterium"
"OTU_2572","Bin109",1.99216240803366e-06,"Bacteria","Firmicutes","Clostridia","Peptostreptococcales-Tissierellales","livecontrolB21","uncultured__bacterium"
"OTU_2576","Bin117",1.41639081106187e-05,"Bacteria","Firmicutes","Clostridia","Peptostreptococcales-Tissierellales","Guggenheimella","Tindallia__sp.__Mic8c12"
"OTU_2573","Bin88",6.00490513155689e-07,"Bacteria","Synergistota","Synergistia","Synergistales","Synergistaceae","Dethiosulfovibrio"
"OTU_2575","Bin115",3.06591354893257e-06,"Bacteria","Firmicutes","Clostridia","Peptostreptococcales-Tissierellales","Anaerovoracaceae","Amnipila"
"OTU_2578","Bin125",6.22707831561881e-06,"Bacteria","Firmicutes","Clostridia","Peptostreptococcales-Tissierellales","Fusibacteraceae","Fusibacter"
"OTU_2581","Bin118",0.000245413467601634,"Bacteria","Firmicutes","Clostridia","Peptostreptococcales-Tissierellales","Guggenheimella","Tindallia__sp.__Mic8c12"
"OTU_2579","Bin119",3.06477867917388e-06,"Bacteria","Firmicutes","Clostridia","Lachnospirales","Lachnospiraceae","Anaerostignum"
"OTU_2584","Bin112",0.000125417838288036,"Bacteria","Firmicutes","Clostridia","Peptostreptococcales-Tissierellales","Peptostreptococcaceae","Peptoclostridium"
"OTU_2582","Bin71",1.88476819952888e-06,"Bacteria","Proteobacteria","Gammaproteobacteria","Alteromonadales","Shewanellaceae","Shewanella"
"OTU_2577","Bin119",4.00021545033229e-06,"Bacteria","Firmicutes","Clostridia","Clostridiales","Clostridiaceae","Clostridium__sensu__stricto__8"
"OTU_2585","Bin14",1.04894978464786e-05,"Bacteria","Chloroflexi","Chloroflexia","Thermomicrobiales","JG30-KF-CM45","uncultured__bacterium"
"OTU_2583","Bin117",3.51903797147332e-06,"Bacteria","Firmicutes","Clostridia","Peptostreptococcales-Tissierellales","Fusibacteraceae","Fusibacter"
"OTU_2574","Bin114",6.71749793069371e-06,"Bacteria","Firmicutes","Clostridia","Peptostreptococcales-Tissierellales","Guggenheimella","Tindallia__sp.__Mic8c12"
"OTU_2586","Bin119",6.10156101557137e-06,"Bacteria","Bacteroidota","Bacteroidia","Bacteroidales","Prolixibacteraceae","Mangrovibacterium"
"OTU_2590","Bin101",0.000215710900477878,"Bacteria","Fusobacteriota","Fusobacteriia","Fusobacteriales","Fusobacteriaceae","Propionigenium"
"OTU_2587","Bin115",3.32600715704413e-05,"Bacteria","Firmicutes","Clostridia","Peptostreptococcales-Tissierellales","Anaerovoracaceae","Anaerovorax"
"OTU_2592","Bin5",3.85298750723014e-06,"Bacteria","Campilobacterota","Campylobacteria","Campylobacterales","Sulfurospirillaceae","Sulfurospirillum"
"OTU_2591","Bin96",2.02274321885284e-06,"Bacteria","Firmicutes","Clostridia","Oscillospirales","Oscillospiraceae","NK4A214__group"
"OTU_2588","Bin93",1.6306474967974e-06,"Bacteria","Firmicutes","Clostridia","Lachnospirales","Lachnospiraceae","uncultured"
"OTU_2589","Bin116",0.000204766213379069,"Bacteria","Firmicutes","Clostridia","Peptostreptococcales-Tissierellales","Fusibacteraceae","Fusibacter"
"OTU_2595","Bin104",0.00329650441864842,"Bacteria","Firmicutes","Clostridia","Peptostreptococcales-Tissierellales","Dethiosulfatibacteraceae","Dethiosulfatibacter"
"OTU_2593","Bin119",1.69847779187599e-06,"Bacteria","Firmicutes","Clostridia","Peptostreptococcales-Tissierellales","Fusibacteraceae","Fusibacter"
"OTU_2594","Bin116",0.000398890016153998,"Bacteria","Firmicutes","Clostridia","Peptostreptococcales-Tissierellales","Fusibacteraceae","Fusibacter"
"OTU_2596","Bin16",0.000801275381423193,"Bacteria","Chloroflexi","Anaerolineae","SBR1031","uncultured__bacterium","uncultured__bacterium"
"OTU_2599","Bin111",0.000784621115258037,"Bacteria","Firmicutes","Clostridia","Peptostreptococcales-Tissierellales","Anaeromicrobium","Marinisporobacter__balticus"
"OTU_2597","Bin27",0.000389313706332685,"Bacteria","Actinobacteriota","Acidimicrobiia","Microtrichales","Ilumatobacteraceae","Ilumatobacter"
"OTU_2601","Bin119",0.000139558615420239,"Bacteria","Firmicutes","Clostridia","Peptostreptococcales-Tissierellales","Fusibacteraceae","Fusibacter"
"OTU_2602","Bin104",0.000126670185058502,"Bacteria","Firmicutes","Clostridia","Peptostreptococcales-Tissierellales","Dethiosulfatibacteraceae","Dethiosulfatibacter"
"OTU_2603","Bin118",0.000182593464353282,"Bacteria","Firmicutes","Clostridia","Peptostreptococcales-Tissierellales","Acidaminobacteraceae","Acidaminobacter"
"OTU_2600","Bin96",0.000155140734197016,"Bacteria","Firmicutes","Clostridia","Hungateiclostridiaceae","uncultured","uncultured__microorganism"
"OTU_2605","Bin18",0.000384341347842323,"Bacteria","Chloroflexi","Anaerolineae","Anaerolineales","Anaerolineaceae","uncultured"
"OTU_2606","Bin109",0.000241304422767504,"Bacteria","Firmicutes","Clostridia","Peptostreptococcales-Tissierellales","GoM-GC232-4463-Bac1","uncultured__bacterium"
"OTU_2598","Bin112",9.61181392467719e-05,"Bacteria","Firmicutes","Clostridia","Peptostreptococcales-Tissierellales","Peptostreptococcaceae","Peptoclostridium"
"OTU_2608","Bin116",8.53751687526847e-05,"Bacteria","Firmicutes","Clostridia","Peptostreptococcales-Tissierellales","Fusibacteraceae","Fusibacter"
"OTU_2604","Bin18",0.000195552468700573,"Bacteria","Chloroflexi","Anaerolineae","Anaerolineales","Anaerolineaceae","uncultured"
"OTU_2611","Bin21",0.00011334082382326,"Bacteria","Chloroflexi","Anaerolineae","uncultured","uncultured__bacterium","uncultured__bacterium"
"OTU_2610","Bin19",7.13608180929933e-05,"Bacteria","Chloroflexi","Anaerolineae","Anaerolineales","Anaerolineaceae","uncultured"
"OTU_2607","Bin121",0.000242939743074067,"Bacteria","Firmicutes","Clostridia","Lachnospirales","Defluviitaleaceae","Defluviitaleaceae__UCG-011"
"OTU_2609","Bin88",1.67341978046011e-05,"Bacteria","Firmicutes","Clostridia","Eubacteriales","Anaerofustaceae","Anaerofustis"
"OTU_2613","Bin19",0.000292799638200502,"Bacteria","Chloroflexi","Anaerolineae","Anaerolineales","Anaerolineaceae","uncultured"
"OTU_2612","Bin19",0.000135668298099182,"Bacteria","Chloroflexi","Anaerolineae","Anaerolineales","Anaerolineaceae","uncultured"
"OTU_2614","Bin18",4.32723669598193e-05,"Bacteria","Chloroflexi","Anaerolineae","Anaerolineales","Anaerolineaceae","Anaerolineaceae__UCG-001"
"OTU_2617","Bin107",0.000200438298320563,"Bacteria","Firmicutes","Clostridia","Peptostreptococcales-Tissierellales","uncultured","marine__sediment__metagenome"
"OTU_2615","Bin15",6.9103356603918e-05,"Bacteria","Chloroflexi","Anaerolineae","RBG-13-54-9","uncultured__bacterium","uncultured__bacterium"
"OTU_2616","Bin109",6.33562085532535e-05,"Bacteria","Firmicutes","Clostridia","Peptostreptococcales-Tissierellales","livecontrolB21","uncultured__bacterium"
"OTU_2618","Bin96",4.92275159334021e-05,"Bacteria","Firmicutes","Clostridia","Hungateiclostridiaceae","uncultured","uncultured__bacterium"
"OTU_2619","Bin116",1.06431014893545e-05,"Bacteria","Firmicutes","Clostridia","Peptostreptococcales-Tissierellales","Fusibacteraceae","Fusibacter"
"OTU_2622","Bin15",7.40293792667102e-05,"Bacteria","Chloroflexi","Anaerolineae","RBG-13-54-9","uncultured__Chloroflexi__bacterium","uncultured__bacterium"
"OTU_2623","Bin117",8.08467490452554e-05,"Bacteria","Firmicutes","Clostridia","Peptostreptococcales-Tissierellales","Fusibacteraceae","Fusibacter"
"OTU_2621","Bin107",3.99102553619792e-05,"Bacteria","Firmicutes","Clostridia","Peptostreptococcales-Tissierellales","uncultured","marine__sediment__metagenome"
"OTU_2626","Bin64",1.06440158836931e-05,"Bacteria","Patescibacteria","Gracilibacteria","Absconditabacteriales__(SR1)","uncultured__organism","uncultured__bacterium"
"OTU_2625","Bin18",7.86390393689119e-05,"Bacteria","Chloroflexi","Anaerolineae","Anaerolineales","Anaerolineaceae","Ornatilinea"
"OTU_2628","Bin24",1.22637570166273e-05,"Bacteria","Verrucomicrobiota","Lentisphaeria","P.palmC41","uncultured__bacterium","uncultured__bacterium"
"OTU_2627","Bin102",1.70632467580579e-05,"Bacteria","Firmicutes","Clostridia","Peptostreptococcales-Tissierellales","Dethiosulfatibacteraceae","Dethiosulfatibacter"
"OTU_2620","Bin96",1.46486737365096e-05,"Bacteria","Firmicutes","Clostridia","uncultured","uncultured__organism","uncultured__bacterium"
"OTU_2633","Bin18",3.46555876691424e-05,"Bacteria","Chloroflexi","Anaerolineae","Anaerolineales","Anaerolineaceae","Ornatilinea"
"OTU_2632","Bin117",2.83480231669168e-05,"Bacteria","Firmicutes","Clostridia","Peptostreptococcales-Tissierellales","Anoxynatronum","uncultured__bacterium"
"OTU_2624","Bin104",0.000271872344362218,"Bacteria","Firmicutes","Clostridia","Peptostreptococcales-Tissierellales","Dethiosulfatibacteraceae","Dethiosulfatibacter"
"OTU_2629","Bin27",4.921561794493e-05,"Bacteria","Actinobacteriota","Acidimicrobiia","Microtrichales","uncultured","bacterium__YC-ZSS-LKJ199"
"OTU_2631","Bin116",2.4027589071861e-05,"Bacteria","Firmicutes","Clostridia","Peptostreptococcales-Tissierellales","Fusibacteraceae","Fusibacter"
"OTU_2630","Bin119",2.51262020466432e-05,"Bacteria","Firmicutes","Clostridia","Peptostreptococcales-Tissierellales","Fusibacteraceae","Fusibacter"
"OTU_2638","Bin21",5.31436466709294e-05,"Bacteria","Chloroflexi","Anaerolineae","uncultured","uncultured__bacterium","uncultured__bacterium"
"OTU_2635","Bin18",3.45636965245701e-05,"Bacteria","Chloroflexi","Anaerolineae","Anaerolineales","Anaerolineaceae","Anaerolineaceae__UCG-001"
"OTU_2639","Bin64",2.47293100087111e-05,"Bacteria","Patescibacteria","Berkelbacteria","uncultured__bacterium","uncultured__bacterium","uncultured__bacterium"
"OTU_2636","Bin15",5.13730877399566e-05,"Bacteria","Chloroflexi","Anaerolineae","RBG-13-54-9","uncultured__bacterium","uncultured__bacterium"
"OTU_2637","Bin119",4.7475819116587e-05,"Bacteria","Firmicutes","Clostridia","Peptostreptococcales-Tissierellales","Fusibacteraceae","Fusibacter"
"OTU_2642","Bin114",9.52395967688264e-06,"Bacteria","Firmicutes","Clostridia","Peptostreptococcales-Tissierellales","Anaerovoracaceae","Anaerovorax"
"OTU_2634","Bin15",3.16693841939549e-05,"Bacteria","Chloroflexi","Anaerolineae","RBG-13-54-9","uncultured__bacterium","uncultured__bacterium"
"OTU_2648","Bin67",1.33775621378872e-05,"Bacteria","Patescibacteria","Saccharimonadia","Saccharimonadales","uncultured__bacterium","uncultured__bacterium"
"OTU_2646","Bin15",3.98788225577249e-05,"Bacteria","Chloroflexi","Anaerolineae","RBG-13-54-9","uncultured__bacterium","uncultured__bacterium"
"OTU_2644","Bin66",1.27531213462196e-05,"Bacteria","Patescibacteria","Gracilibacteria","uncultured__organism","uncultured__bacterium","uncultured__bacterium"
"OTU_2643","Bin78",0.00164010532943659,"Bacteria","Proteobacteria","Alphaproteobacteria","Rhodobacterales","Rhodobacteraceae","uncultured"
"OTU_2641","Bin88",2.1835936583245e-06,"Bacteria","Firmicutes","Clostridia","Eubacteriales","Eubacteriaceae","Acetobacterium"
"OTU_2645","Bin116",0.000468607065016265,"Bacteria","Firmicutes","Clostridia","Peptostreptococcales-Tissierellales","Fusibacteraceae","Fusibacter"
"OTU_2640","Bin27",2.42624473356908e-05,"Bacteria","Actinobacteriota","Acidimicrobiia","Microtrichales","Ilumatobacteraceae","Ilumatobacter"
"OTU_2647","Bin15",2.72315842143852e-05,"Bacteria","Chloroflexi","Anaerolineae","MSB-5E12","uncultured__bacterium","uncultured__bacterium"
"OTU_2649","Bin18",6.16660133275055e-05,"Bacteria","Chloroflexi","Anaerolineae","Anaerolineales","Anaerolineaceae","Pelolinea"
"OTU_2651","Bin119",1.20911008492716e-05,"Bacteria","Firmicutes","Clostridia","Peptostreptococcales-Tissierellales","Fusibacteraceae","Fusibacter"
"OTU_2652","Bin16",1.90207512644212e-05,"Bacteria","Chloroflexi","Anaerolineae","SBR1031","uncultured__bacterium","uncultured__bacterium"
"OTU_2650","Bin118",2.34766536351318e-05,"Bacteria","Firmicutes","Clostridia","Peptostreptococcales-Tissierellales","Guggenheimella","Tindallia__sp.__Mic8c12"
"OTU_2654","Bin18",1.29170681601864e-05,"Bacteria","Chloroflexi","Anaerolineae","Anaerolineales","Anaerolineaceae","Pelolinea"
"OTU_2653","Bin16",2.09277207995833e-05,"Bacteria","Chloroflexi","Anaerolineae","SBR1031","A4b","uncultured__bacterium"
"OTU_2656","Bin119",1.39320746340206e-05,"Bacteria","Firmicutes","Clostridia","Peptostreptococcales-Tissierellales","Fusibacteraceae","Fusibacter"
"OTU_2657","Bin15",1.73645068947685e-05,"Bacteria","Chloroflexi","Anaerolineae","RBG-13-54-9","uncultured__bacterium","uncultured__bacterium"
"OTU_2658","Bin97",1.02815361452807e-05,"Bacteria","Firmicutes","Clostridia","Oscillospirales","Ruminococcaceae","Ruminococcus"
"OTU_2659","Bin27",4.14689280594942e-05,"Bacteria","Actinobacteriota","Acidimicrobiia","Actinomarinales","uncultured","uncultured__actinobacterium"
"OTU_2661","Bin109",1.09991188849783e-05,"Bacteria","Firmicutes","Clostridia","Peptostreptococcales-Tissierellales","livecontrolB21","uncultured__bacterium"
"OTU_2666","Bin66",1.91400097321745e-05,"Bacteria","Patescibacteria","Gracilibacteria","Candidatus__Abawacabacteria","uncultured__organism","uncultured__bacterium"
"OTU_2664","Bin78",0.00185573269073027,"Bacteria","Proteobacteria","Alphaproteobacteria","Rhodobacterales","Rhodobacteraceae","Seohaeicola"
"OTU_2665","Bin19",3.47502399824975e-05,"Bacteria","Chloroflexi","Anaerolineae","Anaerolineales","Anaerolineaceae","uncultured"
"OTU_2655","Bin119",4.30254581984042e-05,"Bacteria","Firmicutes","Clostridia","Peptostreptococcales-Tissierellales","Fusibacteraceae","Fusibacter"
"OTU_2660","Bin110",0.000127120263587152,"Bacteria","Firmicutes","Clostridia","Peptostreptococcales-Tissierellales","GoM-GC232-4463-Bac1","uncultured__bacterium"
"OTU_2662","Bin89",0.00361627761032813,"Bacteria","Firmicutes","Clostridia","Clostridiales","Clostridiaceae","Proteiniclasticum"
"OTU_2667","Bin17",1.35188950549762e-05,"Bacteria","Chloroflexi","Anaerolineae","Anaerolineales","Anaerolineaceae","Longilinea"
"OTU_2668","Bin16",2.39543994275686e-05,"Bacteria","Chloroflexi","Anaerolineae","SBR1031","uncultured__bacterium","uncultured__bacterium"
"OTU_2663","Bin114",2.5664114060871e-06,"Bacteria","Firmicutes","Clostridia","Peptostreptococcales-Tissierellales","Thermotaleaceae","Crassaminicella"
"OTU_2672","Bin19",1.82110301077803e-05,"Bacteria","Chloroflexi","Anaerolineae","Anaerolineales","Anaerolineaceae","uncultured"
"OTU_2669","Bin21",2.14281810095942e-05,"Bacteria","Chloroflexi","Gitt-GS-136","uncultured__bacterium","uncultured__bacterium","uncultured__bacterium"
"OTU_2670","Bin109",6.16302997881468e-06,"Bacteria","Firmicutes","Clostridia","Peptostreptococcales-Tissierellales","GoM-GC232-4463-Bac1","uncultured__bacterium"
"OTU_2671","Bin21",2.27077845715565e-05,"Bacteria","Chloroflexi","Anaerolineae","uncultured","uncultured__Chloroflexi__bacterium","uncultured__bacterium"
"OTU_2673","Bin20",1.17872419058641e-05,"Bacteria","Chloroflexi","Anaerolineae","SBR1031","uncultured__bacterium","uncultured__bacterium"
"OTU_2674","Bin21",2.39479691825402e-05,"Bacteria","Chloroflexi","Anaerolineae","uncultured","bacterium","uncultured__bacterium"
"OTU_2677","Bin113",2.78783017140338e-05,"Bacteria","Firmicutes","Clostridia","Peptostreptococcales-Tissierellales","Fusibacteraceae","Fusibacter"
"OTU_2676","Bin88",1.06797900293054e-05,"Bacteria","Firmicutes","Clostridia","Eubacteriales","Eubacteriaceae","Acetobacterium"
"OTU_2678","Bin112",1.40625265090706e-05,"Bacteria","Firmicutes","Clostridia","Peptostreptococcales-Tissierellales","Peptostreptococcaceae","Peptoclostridium"
"OTU_2675","Bin20",1.13232543233962e-05,"Bacteria","Chloroflexi","Anaerolineae","SBR1031","uncultured__Chloroflexi__bacterium","uncultured__bacterium"
"OTU_2680","Bin119",2.26971099492287e-05,"Bacteria","Firmicutes","Clostridia","Peptostreptococcales-Tissierellales","Fusibacteraceae","Fusibacter"
"OTU_2679","Bin104",3.16436050402008e-05,"Bacteria","Firmicutes","Clostridia","Peptostreptococcales-Tissierellales","Dethiosulfatibacteraceae","Dethiosulfatibacter"
"OTU_2685","Bin19",9.53023011103861e-06,"Bacteria","Chloroflexi","Anaerolineae","Anaerolineales","Anaerolineaceae","uncultured"
"OTU_2687","Bin20",1.23599297550774e-05,"Bacteria","Chloroflexi","Anaerolineae","SBR1031","uncultured__Chloroflexi__bacterium","uncultured__bacterium"
"OTU_2682","Bin90",6.37981079883595e-06,"Bacteria","Firmicutes","Thermoanaerobacteria","Thermoanaerobacterales","SRB2","uncultured__bacterium"
"OTU_2688","Bin104",6.35248955607561e-06,"Bacteria","Firmicutes","Clostridia","Peptostreptococcales-Tissierellales","Dethiosulfatibacteraceae","Dethiosulfatibacter"
"OTU_2686","Bin18",4.59547662509125e-06,"Bacteria","Chloroflexi","Anaerolineae","Anaerolineales","Anaerolineaceae","Pelolinea"
"OTU_2684","Bin27",1.85858215501873e-05,"Bacteria","Actinobacteriota","Acidimicrobiia","Actinomarinales","uncultured","uncultured__bacterium"
"OTU_2683","Bin19",2.82463196648809e-06,"Bacteria","Chloroflexi","Anaerolineae","Anaerolineales","Anaerolineaceae","uncultured"
"OTU_2689","Bin77",0.00134534098451017,"Bacteria","Proteobacteria","Alphaproteobacteria","Rhodospirillales","Rhodospirillaceae","Candidatus__Riegeria"
"OTU_2681","Bin116",4.35285997182434e-05,"Bacteria","Firmicutes","Clostridia","Peptostreptococcales-Tissierellales","Fusibacteraceae","Fusibacter"
"OTU_2692","Bin19",1.66519803329268e-05,"Bacteria","Chloroflexi","Anaerolineae","Anaerolineales","Anaerolineaceae","uncultured"
"OTU_2690","Bin108",1.50657378200299e-05,"Bacteria","Firmicutes","Clostridia","Peptostreptococcales-Tissierellales","JTB215","bacterium__enrichment__culture__clone__AOM-SR-B4"
"OTU_2691","Bin109",6.09525821414808e-05,"Bacteria","Firmicutes","Clostridia","Peptostreptococcales-Tissierellales","GoM-GC232-4463-Bac1","uncultured__bacterium"
"OTU_2693","Bin99",1.62237316754698e-05,"Bacteria","Firmicutes","Clostridia","Clostridiales","Clostridiaceae","Oceanirhabdus"
"OTU_2694","Bin21",2.1349172496663e-05,"Bacteria","Chloroflexi","Anaerolineae","SBR1031","uncultured__bacterium","uncultured__bacterium"
"OTU_2696","Bin21",1.80976865198955e-05,"Bacteria","Chloroflexi","Anaerolineae","uncultured","uncultured__bacterium","uncultured__bacterium"
"OTU_2697","Bin19",1.51392750796203e-05,"Bacteria","Chloroflexi","Anaerolineae","Anaerolineales","Anaerolineaceae","uncultured"
"OTU_2698","Bin18",9.10377559050512e-06,"Bacteria","Chloroflexi","Anaerolineae","Anaerolineales","Anaerolineaceae","Anaerolinea"
"OTU_2701","Bin19",1.5597677876934e-05,"Bacteria","Chloroflexi","Anaerolineae","Anaerolineales","Anaerolineaceae","uncultured"
"OTU_2695","Bin20",5.43579204448212e-06,"Bacteria","Chloroflexi","Anaerolineae","SBR1031","uncultured__bacterium","uncultured__bacterium"
"OTU_2700","Bin19",1.00331962213411e-05,"Bacteria","Chloroflexi","Anaerolineae","Anaerolineales","Anaerolineaceae","uncultured"
"OTU_2702","Bin15",8.01069356011336e-06,"Bacteria","Chloroflexi","Anaerolineae","RBG-13-54-9","uncultured__bacterium","uncultured__bacterium"
"OTU_2704","Bin113",1.13923536405778e-05,"Bacteria","Firmicutes","Clostridia","Peptostreptococcales-Tissierellales","Dethiosulfatibacteraceae","Dethiosulfatibacter"
"OTU_2703","Bin109",0.00193550898098842,"Bacteria","Firmicutes","Clostridia","Peptostreptococcales-Tissierellales","GoM-GC232-4463-Bac1","uncultured__bacterium"
"OTU_2705","Bin104",3.91306466312713e-05,"Bacteria","Firmicutes","Clostridia","Peptostreptococcales-Tissierellales","Dethiosulfatibacteraceae","Dethiosulfatibacter"
"OTU_2699","Bin18",7.66532777681363e-06,"Bacteria","Chloroflexi","Anaerolineae","Anaerolineales","Anaerolineaceae","Anaerolineaceae__UCG-001"
"OTU_2707","Bin109",1.01693070867157e-05,"Bacteria","Firmicutes","Clostridia","Peptostreptococcales-Tissierellales","GoM-GC232-4463-Bac1","uncultured__bacterium"
"OTU_2708","Bin116",2.03359518860322e-06,"Bacteria","Firmicutes","Clostridia","Peptostreptococcales-Tissierellales","Fusibacteraceae","Fusibacter"
"OTU_2714","Bin15",1.23736475374353e-05,"Bacteria","Chloroflexi","Anaerolineae","RBG-13-54-9","uncultured__bacterium","uncultured__bacterium"
"OTU_2706","Bin108",1.27840087110946e-05,"Bacteria","Firmicutes","Clostridia","Peptostreptococcales-Tissierellales","JTB215","uncultured__bacterium"
"OTU_2713","Bin18",8.07838537738037e-06,"Bacteria","Chloroflexi","Anaerolineae","Anaerolineales","Anaerolineaceae","Levilinea"
"OTU_2710","Bin27",1.26933552816599e-05,"Bacteria","Actinobacteriota","Acidimicrobiia","Actinomarinales","uncultured","uncultured__bacterium"
"OTU_2712","Bin21",1.38179772245542e-05,"Bacteria","Chloroflexi","Anaerolineae","SJA-15","uncultured__bacterium__SHA-3","uncultured__bacterium"
"OTU_2711","Bin20",1.65391659562365e-05,"Bacteria","Chloroflexi","Anaerolineae","SBR1031","uncultured__bacterium","uncultured__bacterium"
"OTU_2718","Bin63",5.47660428625747e-06,"Bacteria","Patescibacteria","ABY1","Candidatus__Buchananbacteria","uncultured__anaerobic__bacterium","uncultured__bacterium"
"OTU_2709","Bin118",8.6292018882031e-06,"Bacteria","Firmicutes","Clostridia","Peptostreptococcales-Tissierellales","Guggenheimella","Tindallia__sp.__Mic8c12"
"OTU_2716","Bin113",5.35490711683939e-05,"Bacteria","Firmicutes","Clostridia","Peptostreptococcales-Tissierellales","Fusibacteraceae","Fusibacter"
"OTU_2721","Bin20",2.0861384229281e-05,"Bacteria","Chloroflexi","Anaerolineae","SBR1031","uncultured__bacterium","uncultured__bacterium"
"OTU_2719","Bin16",1.13781819382876e-05,"Bacteria","Chloroflexi","Anaerolineae","SBR1031","uncultured__bacterium","uncultured__bacterium"
"OTU_2717","Bin20",1.28420764213614e-05,"Bacteria","Chloroflexi","Anaerolineae","SBR1031","terrestrial__metagenome","uncultured__bacterium"
"OTU_2720","Bin15",1.31444464612053e-05,"Bacteria","Chloroflexi","Anaerolineae","RBG-13-54-9","uncultured__bacterium","uncultured__bacterium"
"OTU_2715","Bin111",1.17517901736295e-05,"Bacteria","Firmicutes","Clostridia","Peptostreptococcales-Tissierellales","Peptostreptococcaceae","Sporacetigenium"
"OTU_2723","Bin15",8.31101142185513e-06,"Bacteria","Chloroflexi","Anaerolineae","RBG-13-54-9","uncultured__bacterium","uncultured__bacterium"
"OTU_2722","Bin19",2.73587502297132e-05,"Bacteria","Chloroflexi","Anaerolineae","Anaerolineales","Anaerolineaceae","uncultured"
"OTU_2726","Bin115",5.04891349953328e-06,"Bacteria","Firmicutes","Clostridia","Peptostreptococcales-Tissierellales","Anaerovoracaceae","Anaerovorax"
"OTU_2725","Bin109",4.61721972487903e-06,"Bacteria","Firmicutes","Clostridia","Peptostreptococcales-Tissierellales","GoM-GC232-4463-Bac1","uncultured__bacterium"
"OTU_2727","Bin104",5.77041109303998e-06,"Bacteria","Firmicutes","Clostridia","Peptostreptococcales-Tissierellales","Dethiosulfatibacteraceae","Dethiosulfatibacter"
"OTU_2724","Bin110",1.50204168012729e-05,"Bacteria","Firmicutes","Clostridia","Peptostreptococcales-Tissierellales","Fusibacteraceae","Fusibacter"
"OTU_2728","Bin113",1.78810699179236e-06,"Bacteria","Firmicutes","Clostridia","Peptostreptococcales-Tissierellales","Fusibacteraceae","Fusibacter"
"OTU_2730","Bin119",1.99616429733089e-05,"Bacteria","Firmicutes","Clostridia","Peptostreptococcales-Tissierellales","Fusibacteraceae","Fusibacter"
"OTU_2732","Bin18",6.27478418455759e-06,"Bacteria","Chloroflexi","Anaerolineae","Anaerolineales","Anaerolineaceae","uncultured"
"OTU_2731","Bin6",0.00276496579720577,"Bacteria","Campilobacterota","Campylobacteria","Campylobacterales","Arcobacteraceae","Halarcobacter"
"OTU_2729","Bin119",5.88545576266895e-06,"Bacteria","Firmicutes","Clostridia","Peptostreptococcales-Tissierellales","Fusibacteraceae","Fusibacter"
"OTU_2733","Bin69",8.78096347236812e-06,"Bacteria","Cyanobacteria","Vampirivibrionia","Gastranaerophilales","uncultured__organism","uncultured__bacterium"
"OTU_2735","Bin15",8.3754418188813e-06,"Bacteria","Chloroflexi","Anaerolineae","RBG-13-54-9","uncultured__bacterium","uncultured__bacterium"
"OTU_2734","Bin21",1.33595289880116e-05,"Bacteria","Chloroflexi","Anaerolineae","Anaerolineales","Anaerolineaceae","uncultured"
"OTU_2736","Bin17",7.65599958915437e-06,"Bacteria","Chloroflexi","Anaerolineae","Anaerolineales","Anaerolineaceae","Anaerolinea"
"OTU_2739","Bin21",1.52139349204744e-05,"Bacteria","Chloroflexi","Anaerolineae","ADurb.Bin180","uncultured__bacterium","uncultured__bacterium"
"OTU_2738","Bin28",8.45167131757529e-06,"Bacteria","Actinobacteriota","Actinobacteria","Propionibacteriales","Propionibacteriaceae","Propioniciclava"
"OTU_2737","Bin16",8.12343405389131e-06,"Bacteria","Chloroflexi","Anaerolineae","SBR1031","A4b","uncultured__organism"
"OTU_2740","Bin21",1.27287207433716e-05,"Bacteria","Chloroflexi","Anaerolineae","SJA-15","uncultured__bacterium","uncultured__bacterium"
"OTU_2743","Bin18",7.70820199611056e-06,"Bacteria","Chloroflexi","Anaerolineae","Anaerolineales","Anaerolineaceae","uncultured"
"OTU_2741","Bin21",5.24519437886702e-06,"Bacteria","Patescibacteria","Berkelbacteria","uncultured__bacterium","uncultured__bacterium","uncultured__bacterium"
"OTU_2742","Bin118",1.20811111865876e-05,"Bacteria","Firmicutes","Clostridia","Peptostreptococcales-Tissierellales","Guggenheimella","Tindallia__sp.__Mic8c12"
"OTU_2745","Bin21",1.31928704806378e-05,"Bacteria","Chloroflexi","Anaerolineae","uncultured","uncultured__organism","uncultured__bacterium"
"OTU_2744","Bin64",8.05273612540507e-06,"Bacteria","Patescibacteria","Berkelbacteria","Candidatus__Berkelbacteria__bacterium__RIFOXYA2_FULL_43_10","uncultured__bacterium","uncultured__bacterium"
"OTU_2746","Bin27",1.17547292179661e-05,"Bacteria","Actinobacteriota","Acidimicrobiia","Microtrichales","Ilumatobacteraceae","Ilumatobacter"
"OTU_2747","Bin92",9.11730018316122e-06,"Bacteria","Firmicutes","Bacilli","Izemoplasmatales","Izemoplasmataceae","bacterium__enrichment__culture__clone__R4-81B"
"OTU_2748","Bin21",1.08529498486879e-05,"Bacteria","Chloroflexi","Anaerolineae","KZNMV-5-B42","uncultured__organism","uncultured__bacterium"
"OTU_2750","Bin102",6.65454298311831e-06,"Bacteria","Firmicutes","Clostridia","Peptostreptococcales-Tissierellales","Dethiosulfatibacteraceae","Dethiosulfatibacter"
"OTU_2751","Bin102",1.15754610617622e-05,"Bacteria","Firmicutes","Clostridia","Peptostreptococcales-Tissierellales","Dethiosulfatibacteraceae","Dethiosulfatibacter"
"OTU_2753","Bin104",6.22141069285723e-06,"Bacteria","Firmicutes","Clostridia","Peptostreptococcales-Tissierellales","Dethiosulfatibacteraceae","Dethiosulfatibacter"
"OTU_2749","Bin21",5.29099119329133e-06,"Bacteria","Chloroflexi","Dehalococcoidia","GIF3","uncultured__bacterium","uncultured__bacterium"
"OTU_2757","Bin116",1.12394172712571e-05,"Bacteria","Firmicutes","Clostridia","Peptostreptococcales-Tissierellales","Fusibacteraceae","Fusibacter"
"OTU_2758","Bin97",2.11168766403201e-06,"Bacteria","Firmicutes","Clostridia","Oscillospirales","[Eubacterium]__coprostanoligenes__group","uncultured__bacterium"
"OTU_2756","Bin109",1.7837183469786e-06,"Bacteria","Firmicutes","Clostridia","Peptostreptococcales-Tissierellales","GoM-GC232-4463-Bac1","uncultured__bacterium"
"OTU_2752","Bin109",4.9964718321273e-06,"Bacteria","Firmicutes","Clostridia","Peptostreptococcales-Tissierellales","Dethiosulfatibacteraceae","Dethiosulfatibacter"
"OTU_2754","Bin92",1.52361525958279e-05,"Bacteria","Firmicutes","Bacilli","Izemoplasmatales","Izemoplasmataceae","uncultured__bacterium"
"OTU_2761","Bin20",1.29915432020208e-05,"Bacteria","Chloroflexi","Anaerolineae","SBR1031","uncultured__bacterium","uncultured__bacterium"
"OTU_2759","Bin6",0.00156801919196276,"Bacteria","Campilobacterota","Campylobacteria","Campylobacterales","Arcobacteraceae","Halarcobacter"
"OTU_2760","Bin67",1.60366778851247e-05,"Bacteria","Patescibacteria","Saccharimonadia","Saccharimonadales","uncultured__bacterium","uncultured__bacterium"
"OTU_2763","Bin89",0.00852092841190288,"Bacteria","Firmicutes","Clostridia","Clostridiales","Clostridiaceae","Oceanirhabdus"
"OTU_2755","Bin109",4.96456643687104e-05,"Bacteria","Firmicutes","Clostridia","Peptostreptococcales-Tissierellales","livecontrolB21","uncultured__bacterium"
"OTU_2764","Bin18",1.54860636852579e-05,"Bacteria","Chloroflexi","Anaerolineae","Anaerolineales","Anaerolineaceae","Pelolinea"
"OTU_2762","Bin15",1.33380310188577e-05,"Bacteria","Chloroflexi","Anaerolineae","RBG-13-54-9","uncultured__Chloroflexi__bacterium","uncultured__bacterium"
"OTU_2766","Bin67",6.38326780438429e-06,"Bacteria","Patescibacteria","Saccharimonadia","Saccharimonadales","uncultured__bacterium","uncultured__bacterium"
"OTU_2769","Bin17",1.78714127468382e-06,"Bacteria","Chloroflexi","Anaerolineae","Anaerolineales","Anaerolineaceae","Leptolinea"
"OTU_2767","Bin15",5.27916736033544e-06,"Bacteria","Chloroflexi","Anaerolineae","RBG-13-54-9","uncultured__bacterium","uncultured__bacterium"
"OTU_2765","Bin19",9.81504428155076e-06,"Bacteria","Chloroflexi","Anaerolineae","Anaerolineales","Anaerolineaceae","RBG-16-58-14"
"OTU_2771","Bin19",5.30514859649075e-06,"Bacteria","Chloroflexi","Anaerolineae","Anaerolineales","Anaerolineaceae","uncultured"
"OTU_2768","Bin17",4.08869088149402e-06,"Bacteria","Chloroflexi","Anaerolineae","Anaerolineales","Anaerolineaceae","Anaerolinea"
"OTU_2770","Bin27",1.24530287624266e-05,"Bacteria","Actinobacteriota","Acidimicrobiia","Actinomarinales","uncultured","uncultured__bacterium"
"OTU_2774","Bin16",6.85301733925568e-06,"Bacteria","Chloroflexi","Anaerolineae","SBR1031","A4b","uncultured__bacterium"
"OTU_2775","Bin64",3.45460657087225e-06,"Bacteria","Patescibacteria","Berkelbacteria","uncultured__bacterium","uncultured__bacterium","uncultured__bacterium"
"OTU_2772","Bin27",5.08677298308441e-06,"Bacteria","Actinobacteriota","Acidimicrobiia","Actinomarinales","uncultured","uncultured__bacterium"
"OTU_2776","Bin104",1.10885255670118e-05,"Bacteria","Firmicutes","Clostridia","Peptostreptococcales-Tissierellales","Dethiosulfatibacteraceae","Dethiosulfatibacter"
"OTU_2779","Bin15",1.86174926902974e-05,"Bacteria","Chloroflexi","Anaerolineae","RBG-13-54-9","uncultured__microorganism","uncultured__bacterium"
"OTU_2785","Bin67",4.79284001647768e-06,"Bacteria","Patescibacteria","Saccharimonadia","Saccharimonadales","uncultured__bacterium","uncultured__bacterium"
"OTU_2773","Bin108",1.80689484555498e-05,"Bacteria","Firmicutes","Clostridia","Peptostreptococcales-Tissierellales","JTB215","uncultured__bacterium"
"OTU_2782","Bin64",1.79258663089309e-06,"Bacteria","Patescibacteria","Gracilibacteria","Absconditabacteriales__(SR1)","uncultured__organism","uncultured__bacterium"
"OTU_2778","Bin104",6.03893426551396e-06,"Bacteria","Firmicutes","Clostridia","Peptostreptococcales-Tissierellales","Dethiosulfatibacteraceae","Dethiosulfatibacter"
"OTU_2777","Bin21",1.17082075555059e-05,"Bacteria","Chloroflexi","Anaerolineae","uncultured","metagenome","uncultured__bacterium"
"OTU_2781","Bin112",3.85847415097085e-06,"Bacteria","Firmicutes","Clostridia","Peptostreptococcales-Tissierellales","Thermotaleaceae","Anaerosolibacter"
"OTU_2786","Bin20",7.92693383864631e-06,"Bacteria","Chloroflexi","Anaerolineae","SBR1031","uncultured__organism","uncultured__bacterium"
"OTU_2787","Bin20",1.51384764259643e-05,"Bacteria","Chloroflexi","Anaerolineae","SBR1031","uncultured__Chloroflexi__bacterium","uncultured__bacterium"
"OTU_2780","Bin27",3.86642084835048e-06,"Bacteria","Actinobacteriota","Acidimicrobiia","Actinomarinales","uncultured","uncultured__actinobacterium"
"OTU_2783","Bin17",3.5964150102793e-06,"Bacteria","Chloroflexi","Anaerolineae","Anaerolineales","Anaerolineaceae","Leptolinea"
"OTU_2784","Bin16",3.1806157238422e-06,"Bacteria","Chloroflexi","Anaerolineae","SBR1031","uncultured__bacterium","uncultured__bacterium"
"OTU_2789","Bin102",2.04817231655354e-06,"Bacteria","Firmicutes","Clostridia","Peptostreptococcales-Tissierellales","Dethiosulfatibacteraceae","Dethiosulfatibacter"
"OTU_2788","Bin18",2.63182301929711e-06,"Bacteria","Chloroflexi","Anaerolineae","Anaerolineales","Anaerolineaceae","Leptolinea"
"OTU_2790","Bin96",2.86323204088395e-06,"Bacteria","Firmicutes","Clostridia","Hungateiclostridiaceae","uncultured","uncultured__microorganism"
"OTU_2791","Bin113",1.17388343499138e-05,"Bacteria","Firmicutes","Clostridia","Peptostreptococcales-Tissierellales","Fusibacteraceae","Fusibacter"
"OTU_2794","Bin104",5.0074867731549e-06,"Bacteria","Firmicutes","Clostridia","Peptostreptococcales-Tissierellales","Dethiosulfatibacteraceae","Dethiosulfatibacter"
"OTU_2793","Bin102",6.8692543841266e-06,"Bacteria","Firmicutes","Clostridia","Peptostreptococcales-Tissierellales","Dethiosulfatibacteraceae","Dethiosulfatibacter"
"OTU_2795","Bin107",8.66757859489524e-06,"Bacteria","Firmicutes","Clostridia","Peptostreptococcales-Tissierellales","uncultured","uncultured__bacterium"
"OTU_2792","Bin109",1.080478351116e-05,"Bacteria","Firmicutes","Clostridia","Peptostreptococcales-Tissierellales","Guggenheimella","Tindallia__sp.__Mic8c12"
"OTU_2796","Bin20",2.20995783417463e-06,"Bacteria","Chloroflexi","Anaerolineae","SBR1031","uncultured__bacterium","uncultured__bacterium"
"OTU_2799","Bin118",7.39351341748088e-05,"Bacteria","Firmicutes","Clostridia","Peptostreptococcales-Tissierellales","Guggenheimella","Tindallia__sp.__Mic8c12"
"OTU_2801","Bin119",7.33954239745759e-06,"Bacteria","Firmicutes","Clostridia","Peptostreptococcales-Tissierellales","Peptostreptococcaceae","Peptoclostridium"
"OTU_2797","Bin120",8.08286572971462e-06,"Bacteria","Firmicutes","Clostridia","Lachnospirales","Lachnospiraceae","Lachnoclostridium"
"OTU_2802","Bin114",5.83076980880555e-05,"Bacteria","Firmicutes","Clostridia","Peptostreptococcales-Tissierellales","Anaerovoracaceae","Anaerovorax"
"OTU_2798","Bin78",0.000725531239989285,"Bacteria","Proteobacteria","Alphaproteobacteria","Rhizobiales","Rhizobiaceae","Cohaesibacter"
"OTU_2800","Bin112",6.64495442541309e-06,"Bacteria","Firmicutes","Clostridia","Peptostreptococcales-Tissierellales","Peptostreptococcaceae","Peptoclostridium"
"OTU_2805","Bin21",1.43507976059808e-06,"Bacteria","Chloroflexi","Anaerolineae","Ardenticatenales","uncultured","uncultured__bacterium"
"OTU_2804","Bin21",2.08744487520181e-05,"Bacteria","Chloroflexi","Anaerolineae","Caldilineales","Caldilineaceae","uncultured"
"OTU_2803","Bin28",4.08309547651962e-06,"Bacteria","Actinobacteriota","Actinobacteria","Propionibacteriales","Propionibacteriaceae","Propioniciclava"
"OTU_2807","Bin18",2.03828712017191e-06,"Bacteria","Chloroflexi","Anaerolineae","Anaerolineales","Anaerolineaceae","Anaerolinea"
"OTU_2809","Bin19",3.42378550469102e-06,"Bacteria","Chloroflexi","Anaerolineae","Anaerolineales","Anaerolineaceae","uncultured"
"OTU_2806","Bin20",1.09181799911209e-05,"Bacteria","Chloroflexi","Anaerolineae","SBR1031","uncultured__Chloroflexi__bacterium","uncultured__bacterium"
"OTU_2808","Bin21",2.66351164853519e-06,"Bacteria","Chloroflexi","Anaerolineae","Caldilineales","Caldilineaceae","uncultured"
"OTU_2811","Bin27",4.69684339070724e-06,"Bacteria","Actinobacteriota","Acidimicrobiia","Actinomarinales","uncultured","uncultured__bacterium"
"OTU_2813","Bin18",3.66389964639831e-06,"Bacteria","Chloroflexi","Anaerolineae","Anaerolineales","Anaerolineaceae","GWD2-49-16"
"OTU_2812","Bin27",6.75882507724797e-06,"Bacteria","Actinobacteriota","Acidimicrobiia","Actinomarinales","uncultured","uncultured__bacterium"
"OTU_2810","Bin104",8.29773787466062e-06,"Bacteria","Firmicutes","Clostridia","Peptostreptococcales-Tissierellales","Dethiosulfatibacteraceae","Dethiosulfatibacter"
"OTU_2816","Bin20",4.44968855525415e-06,"Bacteria","Chloroflexi","Anaerolineae","SBR1031","uncultured__bacterium","uncultured__bacterium"
"OTU_2819","Bin21",4.03585336521929e-06,"Bacteria","Chloroflexi","Gitt-GS-136","uncultured__bacterium","uncultured__bacterium","uncultured__bacterium"
"OTU_2822","Bin18",2.66256630464833e-06,"Bacteria","Chloroflexi","Anaerolineae","Anaerolineales","Anaerolineaceae","uncultured"
"OTU_2814","Bin18",5.6864937699402e-06,"Bacteria","Chloroflexi","Anaerolineae","Anaerolineales","Anaerolineaceae","uncultured"
"OTU_2818","Bin16",5.48651448220273e-06,"Bacteria","Chloroflexi","Anaerolineae","SBR1031","uncultured__Chloroflexi__bacterium","uncultured__bacterium"
"OTU_2820","Bin18",1.21955713309747e-06,"Bacteria","Chloroflexi","Anaerolineae","Anaerolineales","Anaerolineaceae","Anaerolineaceae__UCG-001"
"OTU_2817","Bin19",4.87927791900094e-06,"Bacteria","Chloroflexi","Anaerolineae","Anaerolineales","Anaerolineaceae","uncultured"
"OTU_2815","Bin27",1.83458626114093e-06,"Bacteria","Actinobacteriota","Acidimicrobiia","Microtrichales","uncultured","metagenome"
"OTU_2821","Bin28",1.1418435849009e-05,"Bacteria","Actinobacteriota","Actinobacteria","Propionibacteriales","Propionibacteriaceae","Propioniciclava"
"OTU_2823","Bin16",4.48161525175631e-06,"Bacteria","Chloroflexi","Anaerolineae","SBR1031","uncultured__bacterium","uncultured__bacterium"
"OTU_2824","Bin16",4.63963278269955e-06,"Bacteria","Chloroflexi","Anaerolineae","SBR1031","uncultured__bacterium","uncultured__bacterium"
"OTU_2825","Bin16",1.26168884071565e-05,"Bacteria","Chloroflexi","Anaerolineae","SBR1031","uncultured__bacterium","uncultured__bacterium"
"OTU_2826","Bin14",7.08809432445747e-06,"Bacteria","Chloroflexi","Chloroflexia","Thermomicrobiales","JG30-KF-CM45","uncultured__bacterium"
"OTU_2827","Bin19",4.65012568570002e-06,"Bacteria","Chloroflexi","Anaerolineae","Anaerolineales","Anaerolineaceae","uncultured"
"OTU_2829","Bin65",2.80723135441969e-06,"Bacteria","Patescibacteria","Microgenomatia","uncultured__sediment__bacterium","uncultured__bacterium","uncultured__bacterium"
"OTU_2831","Bin22",3.23065819010173e-06,"Bacteria","Thermotogota","Thermotogae","Petrotogales","Petrotogaceae","SC103"
"OTU_2832","Bin19",3.39091942219662e-06,"Bacteria","Chloroflexi","Anaerolineae","Anaerolineales","Anaerolineaceae","uncultured"
"OTU_2830","Bin17",1.78382289073215e-06,"Bacteria","Chloroflexi","Anaerolineae","Anaerolineales","Anaerolineaceae","Anaerolinea"
"OTU_2834","Bin18",2.58183374541632e-06,"Bacteria","Chloroflexi","Anaerolineae","Anaerolineales","Anaerolineaceae","Anaerolineaceae__UCG-001"
"OTU_2833","Bin19",6.85533909727387e-06,"Bacteria","Chloroflexi","Anaerolineae","Anaerolineales","Anaerolineaceae","uncultured"
"OTU_2828","Bin29",8.28908532674932e-06,"Bacteria","Actinobacteriota","Actinobacteria","Streptosporangiales","Streptosporangiaceae","Nonomuraea"
"OTU_2835","Bin111",3.57344819056763e-05,"Bacteria","Firmicutes","Clostridia","Peptostreptococcales-Tissierellales","Anaeromicrobium","Marinisporobacter__balticus"
"OTU_2841","Bin66",4.2257228156118e-06,"Bacteria","Chloroflexi","Ktedonobacteria","MVP-21","uncultured__organism","uncultured__bacterium"
"OTU_2842","Bin20",7.96885885041979e-06,"Bacteria","Chloroflexi","Anaerolineae","SBR1031","uncultured__Chloroflexi__bacterium","uncultured__bacterium"
"OTU_2837","Bin113",1.25189380565273e-05,"Bacteria","Firmicutes","Clostridia","Peptostreptococcales-Tissierellales","Fusibacteraceae","Fusibacter"
"OTU_2838","Bin19",1.99234431097791e-06,"Bacteria","Chloroflexi","Anaerolineae","Anaerolineales","Anaerolineaceae","uncultured"
"OTU_2839","Bin27",1.25156274789145e-05,"Bacteria","Actinobacteriota","Acidimicrobiia","Microtrichales","uncultured","bacterium__YC-LK-LKJ22"
"OTU_2840","Bin21",8.69154279778927e-06,"Bacteria","Chloroflexi","Anaerolineae","uncultured","uncultured__bacterium","uncultured__bacterium"
"OTU_2843","Bin16",4.23744789111014e-06,"Bacteria","Chloroflexi","Anaerolineae","SBR1031","uncultured__bacterium","uncultured__bacterium"
"OTU_2845","Bin67",5.44028418294173e-06,"Bacteria","Patescibacteria","Saccharimonadia","Saccharimonadales","uncultured__Candidatus__Saccharibacteria__bacterium","uncultured__bacterium"
"OTU_2836","Bin27",6.41676718872043e-06,"Bacteria","Actinobacteriota","Acidimicrobiia","IMCC26256","uncultured__bacterium","uncultured__bacterium"
"OTU_2849","Bin20",4.48579375399876e-06,"Bacteria","Chloroflexi","Anaerolineae","SBR1031","uncultured__Chloroflexi__bacterium","uncultured__bacterium"
"OTU_2844","Bin21",4.86612829477782e-06,"Bacteria","Chloroflexi","Anaerolineae","Caldilineales","Caldilineaceae","uncultured"
"OTU_2846","Bin21",5.70779566428586e-06,"Bacteria","Chloroflexi","Anaerolineae","SBR1031","uncultured__bacterium","uncultured__bacterium"
"OTU_2848","Bin5",0.000340194232593956,"Bacteria","Campilobacterota","Campylobacteria","Campylobacterales","Sulfurovaceae","Sulfurovum"
"OTU_2847","Bin18",1.07248287948681e-05,"Bacteria","Chloroflexi","Anaerolineae","Anaerolineales","Anaerolineaceae","uncultured"
"OTU_2852","Bin109",3.04740783144524e-06,"Bacteria","Firmicutes","Clostridia","Peptostreptococcales-Tissierellales","GoM-GC232-4463-Bac1","uncultured__bacterium"
"OTU_2853","Bin88",1.42272074786332e-06,"Bacteria","Firmicutes","Clostridia","Peptostreptococcales-Tissierellales","Dethiosulfatibacteraceae","Dethiosulfatibacter"
"OTU_2850","Bin119",3.19339961277905e-06,"Bacteria","Firmicutes","Clostridia","Peptostreptococcales-Tissierellales","Fusibacteraceae","Fusibacter"
"OTU_2856","Bin21",7.97975528898174e-07,"Bacteria","Chloroflexi","Dehalococcoidia","661239","uncultured__bacterium","uncultured__bacterium"
"OTU_2851","Bin109",2.05868414489078e-05,"Bacteria","Firmicutes","Clostridia","Peptostreptococcales-Tissierellales","livecontrolB21","uncultured__bacterium"
"OTU_2854","Bin109",3.45407541984587e-06,"Bacteria","Firmicutes","Clostridia","Peptostreptococcales-Tissierellales","livecontrolB21","uncultured__bacterium"
"OTU_2858","Bin19",9.87091096274574e-06,"Bacteria","Chloroflexi","Anaerolineae","Anaerolineales","Anaerolineaceae","uncultured"
"OTU_2855","Bin104",1.29983153228306e-05,"Bacteria","Firmicutes","Clostridia","Peptostreptococcales-Tissierellales","Dethiosulfatibacteraceae","Dethiosulfatibacter"
"OTU_2857","Bin103",6.46395268377368e-06,"Bacteria","Firmicutes","Clostridia","Peptostreptococcales-Tissierellales","Dethiosulfatibacteraceae","Dethiosulfatibacter"
"OTU_2859","Bin108",4.65715636579314e-05,"Bacteria","Firmicutes","Clostridia","Peptostreptococcales-Tissierellales","JTB215","bacterium__enrichment__culture__clone__AOM-SR-B4"
"OTU_2862","Bin113",4.83147345901498e-06,"Bacteria","Firmicutes","Clostridia","Peptostreptococcales-Tissierellales","Fusibacteraceae","Fusibacter"
"OTU_2861","Bin92",4.40558160073132e-06,"Bacteria","Firmicutes","Bacilli","Izemoplasmatales","Izemoplasmataceae","uncultured__bacterium"
"OTU_2869","Bin92",1.02168529676612e-06,"Bacteria","Firmicutes","Bacilli","Izemoplasmatales","Izemoplasmataceae","bacterium__enrichment__culture__clone__R4-81B"
"OTU_2865","Bin15",2.18924404766334e-06,"Bacteria","Chloroflexi","Anaerolineae","RBG-13-54-9","uncultured__bacterium","uncultured__bacterium"
"OTU_2867","Bin66",3.84567007257595e-06,"Bacteria","Chloroflexi","Dehalococcoidia","GIF3","uncultured__bacterium","uncultured__bacterium"
"OTU_2860","Bin115",2.78358547532391e-06,"Bacteria","Firmicutes","Clostridia","Peptostreptococcales-Tissierellales","Anaerovoracaceae","S5-A14a"
"OTU_2868","Bin15",2.85267460122927e-06,"Bacteria","Chloroflexi","Anaerolineae","MSB-5E12","uncultured__bacterium","uncultured__bacterium"
"OTU_2863","Bin4",2.81640471295612e-06,"Bacteria","Firmicutes","Clostridia","Peptostreptococcales-Tissierellales","Dethiosulfatibacteraceae","Dethiosulfatibacter"
"OTU_2864","Bin113",2.03951307682265e-06,"Bacteria","Firmicutes","Clostridia","Peptostreptococcales-Tissierellales","Fusibacteraceae","Fusibacter"
"OTU_2871","Bin21",2.78188163874303e-06,"Bacteria","Chloroflexi","Gitt-GS-136","uncultured__bacterium","uncultured__bacterium","uncultured__bacterium"
"OTU_2866","Bin88",1.60622894351473e-06,"Bacteria","Synergistota","Synergistia","Synergistales","Synergistaceae","Thermovirga"
"OTU_2870","Bin31",2.97052551184405e-06,"Bacteria","Actinobacteriota","Coriobacteriia","Coriobacteriales","Coriobacteriaceae","Collinsella"
"OTU_2872","Bin108",2.06265969678428e-05,"Bacteria","Firmicutes","Clostridia","Peptostreptococcales-Tissierellales","JTB215","uncultured__Firmicutes__bacterium"
"OTU_2873","Bin19",1.41028726631018e-06,"Bacteria","Chloroflexi","Anaerolineae","Anaerolineales","Anaerolineaceae","RBG-16-58-14"
"OTU_2875","Bin119",2.01605121895734e-06,"Bacteria","Firmicutes","Clostridia","Peptostreptococcales-Tissierellales","Fusibacteraceae","Fusibacter"
"OTU_2874","Bin113",1.57739546458652e-05,"Bacteria","Firmicutes","Clostridia","Peptostreptococcales-Tissierellales","Fusibacteraceae","Fusibacter"
"OTU_2876","Bin30",2.74941326017921e-06,"Bacteria","Actinobacteriota","Actinobacteria","Frankiales","Nakamurellaceae","Nakamurella"
"OTU_2878","Bin104",2.3623883948865e-06,"Bacteria","Firmicutes","Clostridia","Peptostreptococcales-Tissierellales","Peptostreptococcaceae","Peptoclostridium"
"OTU_2879","Bin6",0.000349532522377477,"Bacteria","Campilobacterota","Campylobacteria","Campylobacterales","Arcobacteraceae","uncultured"
"OTU_2880","Bin116",9.82937859493438e-07,"Bacteria","Firmicutes","Clostridia","Peptostreptococcales-Tissierellales","Fusibacteraceae","Fusibacter"
"OTU_2881","Bin104",7.15125012244346e-06,"Bacteria","Firmicutes","Clostridia","Peptostreptococcales-Tissierellales","Dethiosulfatibacteraceae","Dethiosulfatibacter"
"OTU_2877","Bin21",4.03229918739593e-06,"Bacteria","Chloroflexi","Anaerolineae","SJA-15","uncultured__bacterium","uncultured__bacterium"
"OTU_2884","Bin21",7.06800881449141e-06,"Bacteria","Chloroflexi","Anaerolineae","SBR1031","uncultured__bacterium","uncultured__bacterium"
"OTU_2882","Bin16",2.29575101970167e-05,"Bacteria","Chloroflexi","Anaerolineae","SBR1031","uncultured__bacterium","uncultured__bacterium"
"OTU_2883","Bin104",1.10250573046543e-05,"Bacteria","Firmicutes","Clostridia","Peptostreptococcales-Tissierellales","Dethiosulfatibacteraceae","Dethiosulfatibacter"
"OTU_2885","Bin125",1.00408353562753e-06,"Bacteria","Bacteroidota","Bacteroidia","Bacteroidales","Prolixibacteraceae","Sunxiuqinia"
"OTU_2886","Bin24",3.40234078079059e-06,"Bacteria","Verrucomicrobiota","Lentisphaeria","P.palmC41","uncultured__bacterium","uncultured__bacterium"
"OTU_2889","Bin5",3.87895573553693e-06,"Bacteria","Campilobacterota","Campylobacteria","Campylobacterales","Sulfurospirillaceae","Sulfurospirillum"
"OTU_2888","Bin102",0.0229546403664712,"Bacteria","Firmicutes","Clostridia","Peptostreptococcales-Tissierellales","Dethiosulfatibacteraceae","Dethiosulfatibacter"
"OTU_2890","Bin24",1.06342152264282e-06,"Bacteria","Verrucomicrobiota","Lentisphaeria","P.palmC41","uncultured__Lentisphaerae__bacterium","uncultured__bacterium"
"OTU_2892","Bin31",7.7291124839698e-06,"Bacteria","Actinobacteriota","Coriobacteriia","Coriobacteriales","Eggerthellaceae","Enterorhabdus"
"OTU_2887","Bin115",4.6165105964156e-06,"Bacteria","Firmicutes","Clostridia","Peptostreptococcales-Tissierellales","Anaerovoracaceae","Amnipila"
"OTU_2891","Bin99",3.91153052865693e-07,"Bacteria","Firmicutes","Clostridia","Clostridiales","Clostridiaceae","Clostridium__sensu__stricto__7"
"OTU_2894","Bin118",6.46022370190588e-06,"Bacteria","Firmicutes","Clostridia","Peptostreptococcales-Tissierellales","Fusibacteraceae","Fusibacter"
"OTU_2895","Bin112",1.0247119524352e-05,"Bacteria","Firmicutes","Clostridia","Peptostreptococcales-Tissierellales","Thermotaleaceae","Crassaminicella"
"OTU_2893","Bin112",2.44398053007077e-05,"Bacteria","Firmicutes","Clostridia","Peptostreptococcales-Tissierellales","Fusibacteraceae","Fusibacter"
"OTU_2898","Bin100",2.53059692858786e-06,"Bacteria","Fusobacteriota","Fusobacteriia","Fusobacteriales","Fusobacteriaceae","Fusobacterium"
"OTU_2896","Bin112",2.2294697925282e-05,"Bacteria","Firmicutes","Clostridia","Peptostreptococcales-Tissierellales","Peptostreptococcaceae","Peptoclostridium"
"OTU_2899","Bin116",1.08360873695464e-05,"Bacteria","Firmicutes","Clostridia","Peptostreptococcales-Tissierellales","Fusibacteraceae","Fusibacter"
"OTU_2897","Bin117",3.26269300797954e-05,"Bacteria","Firmicutes","Clostridia","Peptostreptococcales-Tissierellales","Fusibacteraceae","Fusibacter"
"OTU_2900","Bin89",0.000658040241141354,"Bacteria","Firmicutes","Clostridia","Clostridiales","Clostridiaceae","Clostridium__sensu__stricto__7"
"OTU_2902","Bin89",0.000684187705917187,"Bacteria","Firmicutes","Clostridia","Clostridiales","Clostridiaceae","Clostridium__sensu__stricto__7"
"OTU_2905","Bin6",0.00014391326103158,"Bacteria","Campilobacterota","Campylobacteria","Campylobacterales","Arcobacteraceae","Malaciobacter"
"OTU_2904","Bin17",0.00069860178295074,"Bacteria","Chloroflexi","Anaerolineae","Anaerolineales","Anaerolineaceae","uncultured"
"OTU_2906","Bin89",0.000704987867216485,"Bacteria","Firmicutes","Clostridia","Clostridiales","Clostridiaceae","Clostridium__sensu__stricto__1"
"OTU_2903","Bin6",0.000335495842756019,"Bacteria","Campilobacterota","Campylobacteria","Campylobacterales","Arcobacteraceae","Malaciobacter"
"OTU_2901","Bin5",0.0002403374475933,"Bacteria","Campilobacterota","Campylobacteria","Campylobacterales","Sulfurospirillaceae","Sulfurospirillum"
"OTU_2909","Bin77",5.17470928036476e-05,"Bacteria","Proteobacteria","Alphaproteobacteria","Micavibrionales","uncultured","uncultured__bacterium"
"OTU_2910","Bin17",0.000142171614400852,"Bacteria","Chloroflexi","Anaerolineae","Anaerolineales","Anaerolineaceae","ADurb.Bin120"
"OTU_2912","Bin31",5.33813778893804e-05,"Bacteria","Actinobacteriota","Coriobacteriia","Coriobacteriales","Coriobacteriales__Incertae__Sedis","uncultured"
"OTU_2908","Bin77",6.07323594550353e-05,"Bacteria","Proteobacteria","Alphaproteobacteria","Rhodospirillales","Rhodospirillaceae","Candidatus__Riegeria"
"OTU_2911","Bin78",0.000199110714087198,"Bacteria","Proteobacteria","Alphaproteobacteria","Rhodobacterales","Rhodobacteraceae","uncultured"
"OTU_2907","Bin79",0.00017489678918367,"Bacteria","Proteobacteria","Alphaproteobacteria","Rhizobiales","Stappiaceae","Labrenzia"
"OTU_2915","Bin17",0.0004953611298182,"Bacteria","Chloroflexi","Anaerolineae","Anaerolineales","Anaerolineaceae","ADurb.Bin120"
"OTU_2914","Bin79",2.62915987526072e-05,"Bacteria","Proteobacteria","Alphaproteobacteria","Rickettsiales","Mitochondria","uncultured__Alphaproteobacteria__bacterium"
"OTU_2916","Bin66",5.17354906040388e-05,"Bacteria","Patescibacteria","Gracilibacteria","JGI__0000069-P22","uncultured__bacterium","uncultured__bacterium"
"OTU_2913","Bin120",5.74995571304523e-05,"Bacteria","Firmicutes","Clostridia","Lachnospirales","Lachnospiraceae","uncultured"
"OTU_2920","Bin5",0.000110796490344938,"Bacteria","Campilobacterota","Campylobacteria","Campylobacterales","Sulfurovaceae","Sulfurovum"
"OTU_2917","Bin90",0.000113577236412759,"Bacteria","Firmicutes","TSAC18","uncultured__bacterium","uncultured__bacterium","uncultured__bacterium"
"OTU_2922","Bin78",0.000113710330796017,"Bacteria","Proteobacteria","Alphaproteobacteria","Rhodobacterales","Rhodobacteraceae","Amaricoccus"
"OTU_2918","Bin89",9.47400807588639e-05,"Bacteria","Firmicutes","Clostridia","Clostridiales","Clostridiaceae","Clostridium__sensu__stricto__1"
"OTU_2925","Bin21",0.00013701075387569,"Bacteria","Chloroflexi","KD4-96","uncultured__bacterium","uncultured__bacterium","uncultured__bacterium"
"OTU_2923","Bin31",0.000101739664058777,"Bacteria","Actinobacteriota","Coriobacteriia","OPB41","uncultured__Coriobacteriaceae__bacterium","uncultured__bacterium"
"OTU_2926","Bin107",0.025315017956543,"Bacteria","Firmicutes","Clostridia","Peptostreptococcales-Tissierellales","uncultured","marine__sediment__metagenome"
"OTU_2919","Bin97",3.54240005680343e-05,"Bacteria","Firmicutes","Clostridia","Oscillospirales","Ethanoligenenaceae","Acetanaerobacterium"
"OTU_2927","Bin79",2.68506642087967e-05,"Bacteria","Proteobacteria","Alphaproteobacteria","Sphingomonadales","Sphingomonadaceae","Sphingomonas"
"OTU_2924","Bin17",0.000391958779150155,"Bacteria","Chloroflexi","Anaerolineae","Anaerolineales","Anaerolineaceae","ADurb.Bin120"
"OTU_2921","Bin31",0.000158613173951963,"Bacteria","Actinobacteriota","Coriobacteriia","OPB41","uncultured__bacterium","uncultured__bacterium"
"OTU_2929","Bin79",1.20814343634713e-05,"Bacteria","Proteobacteria","Alphaproteobacteria","Rhodospirillales","uncultured","metagenome"
"OTU_2930","Bin17",5.79055489795317e-05,"Bacteria","Chloroflexi","Anaerolineae","Anaerolineales","Anaerolineaceae","Leptolinea"
"OTU_2931","Bin79",2.72127935975864e-05,"Bacteria","Proteobacteria","Alphaproteobacteria","Rhizobiales","Xanthobacteraceae","Bradyrhizobium"
"OTU_2934","Bin79",1.01155698895111e-05,"Bacteria","Proteobacteria","Alphaproteobacteria","Rhizobiales","Beijerinckiaceae","Methylobacterium-Methylorubrum"
"OTU_2933","Bin77",9.66671171714721e-06,"Bacteria","Proteobacteria","Alphaproteobacteria","Micavibrionales","Micavibrionaceae","uncultured"
"OTU_2935","Bin78",4.9599553199233e-05,"Bacteria","Proteobacteria","Alphaproteobacteria","Rhodobacterales","Rhodobacteraceae","Yoonia-Loktanella"
"OTU_2928","Bin123",5.21131089343484e-05,"Bacteria","Firmicutes","Desulfitobacteriia","Desulfitobacteriales","uncultured","uncultured__bacterium"
"OTU_2936","Bin79",1.83974762051828e-05,"Bacteria","Proteobacteria","Alphaproteobacteria","Rhizobiales","Beijerinckiaceae","Methylobacterium-Methylorubrum"
"OTU_2941","Bin6",1.19143574414758e-05,"Bacteria","Campilobacterota","Campylobacteria","Campylobacterales","Arcobacteraceae","uncultured"
"OTU_2940","Bin66",8.65737186078e-06,"Bacteria","Patescibacteria","Gracilibacteria","uncultured__bacterium","uncultured__bacterium","uncultured__bacterium"
"OTU_2932","Bin89",3.90389506463924e-05,"Bacteria","Firmicutes","Clostridia","Clostridiales","Clostridiaceae","Oceanirhabdus"
"OTU_2946","Bin4",2.09493238517606e-05,"Bacteria","Cloacimonadota","Cloacimonadia","Cloacimonadales","MSBL8","uncultured__bacterium"
"OTU_2943","Bin17",1.64013489967279e-05,"Bacteria","Chloroflexi","Anaerolineae","Anaerolineales","Anaerolineaceae","Levilinea"
"OTU_2937","Bin6",4.79668255973298e-05,"Bacteria","Campilobacterota","Campylobacteria","Campylobacterales","Arcobacteraceae","Halarcobacter"
"OTU_2944","Bin78",0.00106069272803416,"Bacteria","Proteobacteria","Alphaproteobacteria","Rhodobacterales","Rhodobacteraceae","Pseudophaeobacter"
"OTU_2938","Bin112",1.55944979257221e-05,"Bacteria","Firmicutes","Clostridia","Peptostreptococcales-Tissierellales","Fusibacteraceae","Fusibacter"
"OTU_2939","Bin78",1.22348662998695e-05,"Bacteria","Proteobacteria","Alphaproteobacteria","Rhodobacterales","Rhodobacteraceae","uncultured"
"OTU_2948","Bin78",2.59676643560527e-05,"Bacteria","Proteobacteria","Alphaproteobacteria","Rhodobacterales","Rhodobacteraceae","Rubrimonas"
"OTU_2945","Bin78",4.00786600293032e-05,"Bacteria","Proteobacteria","Alphaproteobacteria","Rhodobacterales","Rhodobacteraceae","Tropicimonas"
"OTU_2949","Bin78",5.94428739003565e-05,"Bacteria","Proteobacteria","Alphaproteobacteria","Rhodobacterales","Rhodobacteraceae","Rhodobacter"
"OTU_2947","Bin89",0.000165193919959849,"Bacteria","Firmicutes","Clostridia","Clostridiales","Clostridiaceae","Oceanirhabdus"
"OTU_2942","Bin79",8.31996123566387e-05,"Bacteria","Proteobacteria","Alphaproteobacteria","Sphingomonadales","Sphingomonadaceae","Porphyrobacter"
"OTU_2954","Bin17",1.41666651024824e-05,"Bacteria","Chloroflexi","Anaerolineae","Anaerolineales","Anaerolineaceae","uncultured"
"OTU_2950","Bin77",7.56008507567879e-06,"Bacteria","Proteobacteria","Alphaproteobacteria","Micavibrionales","Micavibrionaceae","uncultured"
"OTU_2952","Bin89",4.94277377026907e-05,"Bacteria","Firmicutes","Clostridia","Clostridiales","Clostridiaceae","Clostridium__sensu__stricto__13"
"OTU_2951","Bin78",9.91606069629463e-06,"Bacteria","Proteobacteria","Alphaproteobacteria","Caulobacterales","Caulobacteraceae","Brevundimonas"
"OTU_2955","Bin79",2.25922361788917e-05,"Bacteria","Proteobacteria","Alphaproteobacteria","Sphingomonadales","Sphingomonadaceae","Novosphingobium"
"OTU_2956","Bin24",2.04644496612786e-05,"Bacteria","WS2","uncultured__bacterium","uncultured__bacterium","uncultured__bacterium","uncultured__bacterium"
"OTU_2957","Bin22",2.10811243525333e-05,"Bacteria","Thermotogota","Thermotogae","Petrotogales","Petrotogaceae","SC103"
"OTU_2961","Bin63",1.85696107113623e-05,"Bacteria","Patescibacteria","Kazania","uncultured__bacterium","uncultured__bacterium","uncultured__bacterium"
"OTU_2959","Bin21",3.93646874372192e-05,"Bacteria","Chloroflexi","KD4-96","uncultured__bacterium","uncultured__bacterium","uncultured__bacterium"
"OTU_2960","Bin112",0.00021073465603747,"Bacteria","Firmicutes","Clostridia","Peptostreptococcales-Tissierellales","Peptostreptococcaceae","Peptoclostridium"
"OTU_2953","Bin12",1.80818199969535e-05,"Bacteria","Firmicutes","Clostridia","Peptostreptococcales-Tissierellales","uncultured","uncultured__bacterium"
"OTU_2958","Bin78",8.55210114277477e-06,"Bacteria","Proteobacteria","Alphaproteobacteria","Rhodobacterales","Rhodobacteraceae","Nautella"
"OTU_2962","Bin89",5.79506287363901e-05,"Bacteria","Firmicutes","Clostridia","Clostridiales","Clostridiaceae","Proteiniclasticum"
"OTU_2965","Bin79",5.95799052560903e-06,"Bacteria","Proteobacteria","Alphaproteobacteria","Rhodospirillales","uncultured","uncultured__organism"
"OTU_2963","Bin24",2.21049242361691e-05,"Bacteria","WS2","uncultured__bacterium","uncultured__bacterium","uncultured__bacterium","uncultured__bacterium"
"OTU_2964","Bin78",7.00796113750824e-06,"Bacteria","Proteobacteria","Alphaproteobacteria","Caulobacterales","Hyphomonadaceae","Hyphomonas"
"OTU_2967","Bin111",1.42346123981624e-05,"Bacteria","Firmicutes","Clostridia","Peptostreptococcales-Tissierellales","Peptostreptococcaceae","Sporacetigenium"
"OTU_2968","Bin79",2.8916208605115e-05,"Bacteria","Proteobacteria","Alphaproteobacteria","Defluviicoccales","Defluviicoccaceae","Defluviicoccus"
"OTU_2973","Bin31",3.817833136419e-06,"Bacteria","Actinobacteriota","Coriobacteriia","Coriobacteriales","Coriobacteriales__Incertae__Sedis","uncultured"
"OTU_2966","Bin97",1.03077921994263e-05,"Bacteria","Firmicutes","Clostridia","Oscillospirales","Ruminococcaceae","Faecalibacterium"
"OTU_2970","Bin89",2.43542699197113e-05,"Bacteria","Firmicutes","Clostridia","Clostridiales","Clostridiaceae","Sarcina"
"OTU_2972","Bin7",9.04277443192891e-06,"Bacteria","Spirochaetota","Spirochaetia","Spirochaetales","Spirochaetaceae","Sphaerochaeta"
"OTU_2969","Bin95",1.944550207973e-05,"Bacteria","Firmicutes","Clostridia","Christensenellales","Christensenellaceae","Christensenellaceae__R-7__group"
"OTU_2974","Bin112",6.73544391987451e-05,"Bacteria","Firmicutes","Clostridia","Peptostreptococcales-Tissierellales","Thermotaleaceae","Crassaminicella"
"OTU_2971","Bin79",2.40959968241358e-05,"Bacteria","Proteobacteria","Alphaproteobacteria","Rhizobiales","Rhizobiales__Incertae__Sedis","uncultured"
"OTU_2976","Bin11",1.74115264094119e-05,"Bacteria","Fermentibacterota","Fermentibacteria","Fermentibacterales","Fermentibacteraceae","uncultured__bacterium"
"OTU_2975","Bin78",8.29167665691881e-05,"Bacteria","Proteobacteria","Alphaproteobacteria","Rhodobacterales","Rhodobacteraceae","Pseudophaeobacter"
"OTU_2977","Bin89",0.000102317660569063,"Bacteria","Firmicutes","Clostridia","Clostridiales","Clostridiaceae","Oceanirhabdus"
"OTU_2980","Bin1",1.82702999980445e-05,"Bacteria","Cloacimonadota","Cloacimonadia","Cloacimonadales","Cloacimonadaceae","Candidatus__Cloacimonas"
"OTU_2978","Bin28",2.78510201494331e-05,"Bacteria","Actinobacteriota","Actinobacteria","Propionibacteriales","Propionibacteriaceae","Propioniciclava"
"OTU_2981","Bin80",1.11081376835177e-05,"Bacteria","SAR324__clade(Marine__group__B)","uncultured__bacterium","uncultured__bacterium","uncultured__bacterium","uncultured__bacterium"
"OTU_2979","Bin78",1.95769922065962e-05,"Bacteria","Proteobacteria","Alphaproteobacteria","Rhodobacterales","Rhodobacteraceae","Marivita"
"OTU_2984","Bin89",8.23937177500511e-06,"Bacteria","Firmicutes","Clostridia","Clostridiales","Clostridiaceae","Oceanirhabdus"
"OTU_2982","Bin89",4.36481597643351e-05,"Bacteria","Firmicutes","Clostridia","Clostridiales","Clostridiaceae","Clostridium__sensu__stricto__1"
"OTU_2987","Bin89",3.18007182197312e-06,"Bacteria","Firmicutes","Clostridia","Clostridiales","Clostridiaceae","Proteiniclasticum"
"OTU_2985","Bin78",1.24013468448917e-05,"Bacteria","Proteobacteria","Alphaproteobacteria","Rhodobacterales","Rhodobacteraceae","uncultured"
"OTU_2988","Bin114",6.01401916696575e-06,"Bacteria","Firmicutes","Clostridia","Peptostreptococcales-Tissierellales","Anaerovoracaceae","uncultured__bacterium"
"OTU_2990","Bin96",2.20826413206737e-06,"Bacteria","Firmicutes","Clostridia","Oscillospirales","Oscillospiraceae","uncultured"
"OTU_2983","Bin78",1.52247181713899e-05,"Bacteria","Proteobacteria","Alphaproteobacteria","Rhodobacterales","Rhodobacteraceae","Tropicimonas"
"OTU_2986","Bin89",3.74853512581239e-05,"Bacteria","Firmicutes","Clostridia","Clostridiales","Clostridiaceae","Oceanirhabdus"
"OTU_2989","Bin74",9.06256531692851e-06,"Bacteria","Proteobacteria","Gammaproteobacteria","Vibrionales","Vibrionaceae","Vibrio"
"OTU_2993","Bin124",1.63268875249323e-05,"Bacteria","Bacteroidota","Bacteroidia","Bacteroidales","Prolixibacteraceae","Draconibacterium"
"OTU_2991","Bin79",5.47434791131313e-06,"Bacteria","Proteobacteria","Alphaproteobacteria","Rhizobiales","Beijerinckiaceae","Bosea"
"OTU_2992","Bin6",3.22982186635596e-06,"Bacteria","Campilobacterota","Campylobacteria","Campylobacterales","Arcobacteraceae","Halarcobacter"
"OTU_2995","Bin78",3.77205401815927e-05,"Bacteria","Proteobacteria","Alphaproteobacteria","Rhodobacterales","Rhodobacteraceae","Paracoccus"
"OTU_2996","Bin110",1.10033928999173e-05,"Bacteria","Firmicutes","Clostridia","Peptostreptococcales-Tissierellales","Clostridiisalibacter","bacterium__YC-ZSS-LKJ129"
"OTU_2997","Bin18",1.64495438470697e-05,"Bacteria","Chloroflexi","Anaerolineae","Anaerolineales","Anaerolineaceae","uncultured"
"OTU_2998","Bin95",8.91615847506477e-06,"Bacteria","Firmicutes","Clostridia","Peptococcales","Peptococcaceae","uncultured"
"OTU_2994","Bin78",4.19217057814398e-06,"Bacteria","Proteobacteria","Alphaproteobacteria","Rhodobacterales","Rhodobacteraceae","Roseibaca"
"OTU_3003","Bin69",5.42182014561398e-06,"Bacteria","Firmicutes","Clostridia","Peptostreptococcales-Tissierellales","JTB215","uncultured__bacterium"
"OTU_3006","Bin5",1.29509673610803e-05,"Bacteria","Campilobacterota","Campylobacteria","Campylobacterales","Arcobacteraceae","Halarcobacter"
"OTU_3007","Bin4",8.40874028440994e-06,"Bacteria","Cloacimonadota","Cloacimonadia","Cloacimonadales","MSBL8","uncultured__bacterium"
"OTU_3005","Bin121",5.92486102198198e-06,"Bacteria","Firmicutes","Clostridia","Lachnospirales","Defluviitaleaceae","Defluviitaleaceae__UCG-011"
"OTU_3002","Bin12",3.60615519978663e-06,"Bacteria","Firmicutes","Clostridia","Clostridiales","Clostridiaceae","Proteiniclasticum"
"OTU_3004","Bin7",5.09349757438853e-06,"Bacteria","Spirochaetota","Spirochaetia","Spirochaetales","Spirochaetaceae","Sphaerochaeta"
"OTU_3001","Bin89",2.4283382989134e-05,"Bacteria","Firmicutes","Clostridia","Clostridiales","Clostridiaceae","Clostridium__sensu__stricto__1"
"OTU_3000","Bin89",6.48415953961004e-06,"Bacteria","Firmicutes","Clostridia","Clostridiales","Clostridiaceae","Clostridium__sensu__stricto__6"
"OTU_3009","Bin124",4.57775893880606e-06,"Bacteria","Bacteroidota","Bacteroidia","Bacteroidales","Marinilabiliaceae","uncultured"
"OTU_2999","Bin28",5.32297207689362e-06,"Bacteria","Actinobacteriota","Actinobacteria","Propionibacteriales","Propionibacteriaceae","Propioniciclava"
"OTU_3008","Bin77",7.06807262222435e-06,"Bacteria","Proteobacteria","Alphaproteobacteria","Rhodospirillales","Rhodospirillaceae","Candidatus__Riegeria"
"OTU_3013","Bin89",7.29191327658601e-06,"Bacteria","Firmicutes","Clostridia","Clostridiales","Clostridiaceae","Clostridium__sensu__stricto__2"
"OTU_3010","Bin7",6.27621608929989e-06,"Bacteria","Spirochaetota","Spirochaetia","Spirochaetales","Spirochaetaceae","Sphaerochaeta"
"OTU_3011","Bin93",1.32138630845971e-05,"Bacteria","Firmicutes","Bacilli","Exiguobacterales","Exiguobacteraceae","Exiguobacterium"
"OTU_3014","Bin121",8.23612469432765e-06,"Bacteria","Firmicutes","Clostridia","Lachnospirales","Lachnospiraceae","uncultured"
"OTU_3012","Bin78",1.11079016481737e-05,"Bacteria","Proteobacteria","Alphaproteobacteria","Rhodobacterales","Rhodobacteraceae","Pseudophaeobacter"
"OTU_3015","Bin79",8.69741501712186e-06,"Bacteria","Proteobacteria","Alphaproteobacteria","Rickettsiales","Mitochondria","uncultured__organism"
"OTU_3016","Bin31",1.10638519560213e-05,"Bacteria","Actinobacteriota","Coriobacteriia","OPB41","uncultured__bacterium","uncultured__bacterium"
"OTU_3020","Bin21",2.32591940214813e-05,"Bacteria","Chloroflexi","Anaerolineae","Caldilineales","Caldilineaceae","uncultured"
"OTU_3018","Bin123",4.33231982640185e-05,"Bacteria","Firmicutes","Desulfitobacteriia","Desulfitobacteriales","uncultured","uncultured__bacterium"
"OTU_3017","Bin23",1.14794748972983e-05,"Bacteria","Acidobacteriota","Aminicenantia","Aminicenantales","uncultured__bacterium","uncultured__bacterium"
"OTU_3019","Bin79",4.40972091075476e-06,"Bacteria","Proteobacteria","Alphaproteobacteria","Sphingomonadales","Sphingomonadaceae","Sandaracinobacter"
"OTU_3025","Bin120",9.29349962251961e-06,"Bacteria","Firmicutes","Clostridia","Lachnospirales","Lachnospiraceae","Blautia"
"OTU_3026","Bin89",1.20833967450936e-05,"Bacteria","Firmicutes","Clostridia","Clostridiales","Clostridiaceae","Clostridium__sensu__stricto__13"
"OTU_3021","Bin123",1.27797154769085e-05,"Bacteria","Firmicutes","Desulfitobacteriia","Desulfitobacteriales","uncultured","uncultured__bacterium"
"OTU_3023","Bin79",1.49098392667997e-05,"Bacteria","Proteobacteria","Alphaproteobacteria","Azospirillales","Azospirillaceae","Skermanella"
"OTU_3022","Bin89",1.0542722719112e-05,"Bacteria","Firmicutes","Clostridia","Clostridiales","Clostridiaceae","Clostridium__sensu__stricto__7"
"OTU_3027","Bin21",1.07950815642325e-05,"Bacteria","Chloroflexi","KD4-96","uncultured__bacterium","uncultured__bacterium","uncultured__bacterium"
"OTU_3029","Bin11",1.6590747649395e-05,"Bacteria","Fermentibacterota","Fermentibacteria","Fermentibacterales","Fermentibacteraceae","uncultured__bacterium"
"OTU_3028","Bin78",1.83866966750059e-05,"Bacteria","Proteobacteria","Alphaproteobacteria","Rhizobiales","Methyloligellaceae","Methyloceanibacter"
"OTU_3031","Bin89",1.57470328512383e-06,"Bacteria","Firmicutes","Clostridia","Clostridiales","Clostridiaceae","Proteiniclasticum"
"OTU_3024","Bin79",8.14360150373276e-06,"Bacteria","Proteobacteria","Alphaproteobacteria","Acetobacterales","Acetobacteraceae","Roseomonas"
"OTU_3030","Bin124",2.22113604130665e-06,"Bacteria","Bacteroidota","Bacteroidia","Sphingobacteriales","Lentimicrobiaceae","uncultured__bacterium"
"OTU_3034","Bin6",1.92785932898031e-06,"Bacteria","Campilobacterota","Campylobacteria","Campylobacterales","Arcobacteraceae","Halarcobacter"
"OTU_3035","Bin112",1.32132513368459e-05,"Bacteria","Firmicutes","Clostridia","Peptostreptococcales-Tissierellales","Alkaliphilus","bacterium__YC-ZSS-LKJ25"
"OTU_3033","Bin77",3.24078028469074e-06,"Bacteria","Proteobacteria","Alphaproteobacteria","Rhodospirillales","Rhodospirillaceae","Candidatus__Riegeria"
"OTU_3036","Bin78",4.64009158262057e-06,"Bacteria","Proteobacteria","Alphaproteobacteria","Rhodobacterales","Rhodobacteraceae","Rhodobaculum"
"OTU_3037","Bin110",1.45230000885388e-05,"Bacteria","Firmicutes","Clostridia","Peptostreptococcales-Tissierellales","Clostridiisalibacter","Clostridium__sp.__AN-AS6E"
"OTU_3042","Bin88",5.65661385186908e-06,"Bacteria","Firmicutes","Clostridia","Eubacteriales","Eubacteriaceae","uncultured"
"OTU_3038","Bin78",8.22432256217424e-06,"Bacteria","Proteobacteria","Alphaproteobacteria","Rhodobacterales","Rhodobacteraceae","Boseongicola"
"OTU_3043","Bin24",6.66686027615512e-06,"Bacteria","WS2","uncultured__microorganism","uncultured__bacterium","uncultured__bacterium","uncultured__bacterium"
"OTU_3040","Bin18",3.62869854866204e-06,"Bacteria","Chloroflexi","Anaerolineae","Anaerolineales","Anaerolineaceae","uncultured"
"OTU_3032","Bin77",1.40728697607301e-06,"Bacteria","Proteobacteria","Alphaproteobacteria","Rhodospirillales","Rhodospirillaceae","Candidatus__Riegeria"
"OTU_3044","Bin3",1.18456217212811e-05,"Bacteria","Firmicutes","Clostridia","Peptostreptococcales-Tissierellales","uncultured","uncultured__bacterium"
"OTU_3047","Bin17",4.02411650034053e-06,"Bacteria","Chloroflexi","Anaerolineae","Anaerolineales","Anaerolineaceae","uncultured"
"OTU_3039","Bin79",6.98104688015405e-06,"Bacteria","Proteobacteria","Alphaproteobacteria","Sphingomonadales","Sphingomonadaceae","Sphingomicrobium"
"OTU_3041","Bin89",8.94988393913072e-06,"Bacteria","Firmicutes","Clostridia","Clostridiales","Clostridiaceae","Clostridium__sensu__stricto__5"
"OTU_3046","Bin78",7.63675374328609e-06,"Bacteria","Proteobacteria","Alphaproteobacteria","Rhodobacterales","Rhodobacteraceae","Actibacterium"
"OTU_3045","Bin120",1.12389941054171e-05,"Bacteria","Firmicutes","Clostridia","Lachnospirales","Lachnospiraceae","Anaerosporobacter"
"OTU_3050","Bin78",5.65251839702614e-06,"Bacteria","Proteobacteria","Alphaproteobacteria","Rhodobacterales","Rhodobacteraceae","Roseovarius"
"OTU_3048","Bin3",1.06426704641759e-05,"Bacteria","Cloacimonadota","Cloacimonadia","Cloacimonadales","LK-44f","uncultured__bacterium"
"OTU_3049","Bin96",7.11181736061279e-06,"Bacteria","Firmicutes","Clostridia","Oscillospirales","UCG-010","uncultured__bacterium"
"OTU_3051","Bin106",0.00337179251669969,"Bacteria","Firmicutes","Clostridia","Peptostreptococcales-Tissierellales","JTB215","bacterium__enrichment__culture__clone__AOM-SR-B4"
"OTU_3052","Bin28",1.22153103764546e-05,"Bacteria","Actinobacteriota","Actinobacteria","Propionibacteriales","Propionibacteriaceae","Micropruina"
"OTU_3053","Bin31",5.01091499093253e-06,"Bacteria","Actinobacteriota","Coriobacteriia","Coriobacteriales","Eggerthellaceae","Eggerthella"
"OTU_3055","Bin18",4.2676001240187e-06,"Bacteria","Chloroflexi","Anaerolineae","Anaerolineales","Anaerolineaceae","Anaerolinea"
"OTU_3054","Bin4",3.02656577856322e-06,"Bacteria","Desulfobacterota","Desulfobacteria","Desulfobacterales","Desulfosarcinaceae","SEEP-SRB1"
"OTU_3056","Bin10",4.05407038725731e-06,"Bacteria","Spirochaetota","MVP-15","uncultured__organism","uncultured__bacterium","uncultured__bacterium"
"OTU_3057","Bin88",3.56745116140395e-06,"Bacteria","Firmicutes","Clostridia","Peptostreptococcales-Tissierellales","uncultured","uncultured__bacterium"
"OTU_3059","Bin22",4.2280633784762e-06,"Bacteria","Thermotogota","Thermotogae","Petrotogales","Petrotogaceae","SC103"
"OTU_3063","Bin7",4.04062791708573e-06,"Bacteria","Spirochaetota","Spirochaetia","Spirochaetales","Spirochaetaceae","Sphaerochaeta"
"OTU_3061","Bin77",2.81563071912029e-06,"Bacteria","Proteobacteria","Alphaproteobacteria","Rhodospirillales","Rhodospirillaceae","Candidatus__Riegeria"
"OTU_3060","Bin5",2.84732131583996e-06,"Bacteria","Campilobacterota","Campylobacteria","Campylobacterales","Sulfurospirillaceae","Sulfurospirillum"
"OTU_3058","Bin69",5.38084648247645e-06,"Bacteria","Firmicutes","Clostridia","Peptostreptococcales-Tissierellales","Dethiosulfatibacteraceae","Dethiosulfatibacter"
"OTU_3065","Bin78",8.73030686210508e-06,"Bacteria","Proteobacteria","Alphaproteobacteria","Rhodobacterales","Rhodobacteraceae","Seohaeicola"
"OTU_3064","Bin31",2.23186457518912e-06,"Bacteria","Actinobacteriota","Coriobacteriia","Coriobacteriales","Coriobacteriaceae","Collinsella"
"OTU_3067","Bin78",2.31376014869408e-06,"Bacteria","Proteobacteria","Alphaproteobacteria","Rhodobacterales","Rhodobacteraceae","uncultured"
"OTU_3066","Bin78",3.3350951954944e-06,"Bacteria","Proteobacteria","Alphaproteobacteria","Rhodobacterales","Rhodobacteraceae","uncultured"
"OTU_3068","Bin78",7.85911099880767e-06,"Bacteria","Proteobacteria","Alphaproteobacteria","Rhodobacterales","Rhodobacteraceae","uncultured"
"OTU_3069","Bin110",7.11479964084989e-06,"Bacteria","Firmicutes","Clostridia","Peptostreptococcales-Tissierellales","Brassicibacter","uncultured__Firmicutes__bacterium"
"OTU_3071","Bin110",2.44594692117024e-06,"Bacteria","Firmicutes","Clostridia","Peptostreptococcales-Tissierellales","Clostridiisalibacter","uncultured__bacterium"
"OTU_3062","Bin121",1.23264488844723e-05,"Bacteria","Firmicutes","Clostridia","Lachnospirales","Defluviitaleaceae","Defluviitaleaceae__UCG-011"
"OTU_3070","Bin95",4.86735324035786e-06,"Bacteria","Firmicutes","Clostridia","Christensenellales","Christensenellaceae","Christensenellaceae__R-7__group"
"OTU_3072","Bin89",2.23375298633597e-05,"Bacteria","Firmicutes","Clostridia","Clostridiales","Clostridiaceae","Oceanirhabdus"
"OTU_3076","Bin79",1.34153629912502e-05,"Bacteria","Proteobacteria","Alphaproteobacteria","Sphingomonadales","Sphingomonadaceae","Sphingomonas"
"OTU_3074","Bin21",1.09208019710343e-05,"Bacteria","Chloroflexi","Anaerolineae","Anaerolineales","Anaerolineaceae","uncultured"
"OTU_3073","Bin124",2.15982361052932e-05,"Bacteria","Bacteroidota","Bacteroidia","Bacteroidales","Bacteroidetes__vadinHA17","uncultured__bacterium"
"OTU_3075","Bin29",9.98001380437106e-06,"Bacteria","Actinobacteriota","Actinobacteria","Micrococcales","Bogoriellaceae","Georgenia"
"OTU_3079","Bin89",3.26827634180054e-05,"Bacteria","Firmicutes","Clostridia","Clostridiales","Clostridiaceae","Oceanirhabdus"
"OTU_3078","Bin78",9.7283614887505e-06,"Bacteria","Proteobacteria","Alphaproteobacteria","Rhizobiales","Stappiaceae","Stappia"
"OTU_3082","Bin78",1.93844385744727e-05,"Bacteria","Proteobacteria","Alphaproteobacteria","Rhodobacterales","Rhodobacteraceae","Sulfitobacter"
"OTU_3080","Bin89",6.70385261754531e-06,"Bacteria","Firmicutes","Clostridia","Clostridiales","Clostridiaceae","Clostridium__sensu__stricto__11"
"OTU_3077","Bin97",5.48186724745435e-06,"Bacteria","Firmicutes","Clostridia","Oscillospirales","Ruminococcaceae","Ruminococcus"
"OTU_3081","Bin89",4.08119040913654e-05,"Bacteria","Firmicutes","Clostridia","Clostridiales","Clostridiaceae","Oceanirhabdus"
"OTU_3084","Bin89",8.86457882695991e-06,"Bacteria","Firmicutes","Clostridia","Clostridiales","Clostridiaceae","Clostridium__sensu__stricto__15"
"OTU_3085","Bin120",7.19959782904259e-06,"Bacteria","Firmicutes","Clostridia","Lachnospirales","Lachnospiraceae","Agathobacter"
"OTU_3086","Bin79",5.66697990503842e-06,"Bacteria","Proteobacteria","Alphaproteobacteria","Rhizobiales","Hyphomicrobiaceae","Filomicrobium"
"OTU_3083","Bin87",4.39485208810213e-06,"Bacteria","Acidobacteriota","Acidobacteriae","Acidobacteriales","uncultured","uncultured__bacterium"
"OTU_3088","Bin23",6.84229327153834e-06,"Bacteria","Firmicutes","Dethiobacteria","Dethiobacterales","Dethiobacteraceae","Dethiobacter"
"OTU_3087","Bin79",5.42517598160717e-06,"Bacteria","Proteobacteria","Alphaproteobacteria","Kiloniellales","Kiloniellaceae","Limibacillus"
"OTU_3090","Bin17",5.88442172632383e-06,"Bacteria","Chloroflexi","Anaerolineae","Anaerolineales","Anaerolineaceae","uncultured"
"OTU_3089","Bin95",2.61600522321187e-06,"Bacteria","Acidobacteriota","Acidobacteriae","Bryobacterales","Bryobacteraceae","Bryobacter"
"OTU_3091","Bin81",6.58778002188537e-06,"Bacteria","Proteobacteria","Alphaproteobacteria","Tistrellales","Geminicoccaceae","uncultured"
"OTU_3092","Bin120",8.4226461506964e-06,"Bacteria","Firmicutes","Clostridia","Lachnospirales","Lachnospiraceae","[Eubacterium]__xylanophilum__group"
"OTU_3097","Bin17",1.79837819147689e-06,"Bacteria","Chloroflexi","Anaerolineae","Anaerolineales","Anaerolineaceae","ADurb.Bin120"
"OTU_3094","Bin95",8.11005121366743e-06,"Bacteria","Firmicutes","Clostridia","Peptococcales","Peptococcaceae","uncultured"
"OTU_3095","Bin110",4.30418089049623e-06,"Bacteria","Firmicutes","Clostridia","Peptostreptococcales-Tissierellales","Clostridiisalibacter","uncultured__bacterium"
"OTU_3099","Bin70",5.01915313018607e-06,"Bacteria","Marinimicrobia__(SAR406__clade)","uncultured__bacterium","uncultured__bacterium","uncultured__bacterium","uncultured__bacterium"
"OTU_3093","Bin111",0.002576765926129,"Bacteria","Firmicutes","Clostridia","Peptostreptococcales-Tissierellales","Peptostreptococcaceae","Romboutsia"
"OTU_3098","Bin124",6.46861027706279e-06,"Bacteria","Bacteroidota","Bacteroidia","Bacteroidales","Marinifilaceae","uncultured"
"OTU_3100","Bin70",2.42471012631009e-06,"Bacteria","Marinimicrobia__(SAR406__clade)","uncultured__bacterium","uncultured__bacterium","uncultured__bacterium","uncultured__bacterium"
"OTU_3096","Bin28",4.07230301412554e-06,"Bacteria","Actinobacteriota","Actinobacteria","Propionibacteriales","Propionibacteriaceae","Propioniciclava"
"OTU_3101","Bin5",2.6026696041244e-06,"Bacteria","Campilobacterota","Campylobacteria","Campylobacterales","Sulfurovaceae","Sulfurovum"
"OTU_3105","Bin6",2.815587066394e-06,"Bacteria","Campilobacterota","Campylobacteria","Campylobacterales","Arcobacteraceae","uncultured"
"OTU_3104","Bin123",3.76864164080717e-06,"Bacteria","Firmicutes","Desulfitobacteriia","Desulfitobacteriales","uncultured","uncultured__bacterium"
"OTU_3106","Bin70",5.43182412713689e-06,"Bacteria","Firmicutes","Clostridia","Peptostreptococcales-Tissierellales","Dethiosulfatibacteraceae","Dethiosulfatibacter"
"OTU_3102","Bin69",1.35524449704361e-05,"Bacteria","Cyanobacteria","Vampirivibrionia","Gastranaerophilales","uncultured__bacterium","uncultured__bacterium"
"OTU_3103","Bin12",8.02130309176388e-06,"Bacteria","Firmicutes","Clostridia","Peptostreptococcales-Tissierellales","Dethiosulfatibacteraceae","Dethiosulfatibacter"
"OTU_3107","Bin115",0.000868364979590655,"Bacteria","Firmicutes","Clostridia","Peptostreptococcales-Tissierellales","Anaerovoracaceae","S5-A14a"
"OTU_3108","Bin5",2.20882825367562e-06,"Bacteria","Campilobacterota","Campylobacteria","Campylobacterales","Sulfurospirillaceae","Sulfurospirillum"
"OTU_3109","Bin5",2.81093130644112e-06,"Bacteria","Campilobacterota","Campylobacteria","Campylobacterales","Sulfurospirillaceae","Sulfurospirillum"
"OTU_3110","Bin69",2.98213113087382e-06,"Bacteria","Cyanobacteria","Vampirivibrionia","Gastranaerophilales","uncultured__organism","uncultured__bacterium"
"OTU_3112","Bin3",1.39899358106668e-05,"Bacteria","Cloacimonadota","Cloacimonadia","Cloacimonadales","LK-44f","uncultured__bacterium"
"OTU_3115","Bin3",9.0098739132741e-06,"Bacteria","Cloacimonadota","Cloacimonadia","Cloacimonadales","LK-44f","uncultured__bacterium"
"OTU_3111","Bin69",4.81937697100428e-06,"Bacteria","Cyanobacteria","Vampirivibrionia","Gastranaerophilales","uncultured__bacterium","uncultured__bacterium"
"OTU_3113","Bin89",1.61529858324388e-06,"Bacteria","Firmicutes","Clostridia","Clostridiales","Clostridiaceae","Proteiniclasticum"
"OTU_3116","Bin124",3.03578320746831e-06,"Bacteria","Bacteroidota","Bacteroidia","Bacteroidales","Marinilabiliaceae","uncultured"
"OTU_3119","Bin125",4.10316148693399e-06,"Bacteria","Bacteroidota","Bacteroidia","Bacteroidales","Prolixibacteraceae","Sunxiuqinia"
"OTU_3114","Bin4",1.12568961191176e-05,"Bacteria","Cloacimonadota","Cloacimonadia","Cloacimonadales","MSBL8","uncultured__bacterium"
"OTU_3120","Bin77",3.62600230405398e-06,"Bacteria","Proteobacteria","Alphaproteobacteria","Rhodospirillales","Rhodospirillaceae","Candidatus__Riegeria"
"OTU_3117","Bin100",1.29767849014691e-05,"Bacteria","Fusobacteriota","Fusobacteriia","Fusobacteriales","Fusobacteriaceae","Fusobacterium"
"OTU_3118","Bin71",2.30080708928865e-06,"Bacteria","Proteobacteria","Gammaproteobacteria","Vibrionales","Vibrionaceae","Vibrio"
"OTU_3122","Bin31",2.186129327203e-06,"Bacteria","Actinobacteriota","Coriobacteriia","Coriobacteriales","Eggerthellaceae","Enterorhabdus"
"OTU_3121","Bin89",1.61288483514705e-05,"Bacteria","Firmicutes","Clostridia","Clostridiales","Clostridiaceae","Clostridium__sensu__stricto__7"
"OTU_3125","Bin78",1.11746970662897e-06,"Bacteria","Proteobacteria","Alphaproteobacteria","Rhodobacterales","Rhodobacteraceae","Celeribacter"
"OTU_3128","Bin17",2.36552557255397e-05,"Bacteria","Chloroflexi","Anaerolineae","Anaerolineales","Anaerolineaceae","uncultured"
"OTU_3127","Bin79",2.2081710359152e-06,"Bacteria","Proteobacteria","Alphaproteobacteria","Sphingomonadales","Sphingomonadaceae","Altererythrobacter"
"OTU_3123","Bin121",8.09731878303191e-07,"Bacteria","Firmicutes","Clostridia","Lachnospirales","Defluviitaleaceae","Defluviitaleaceae__UCG-011"
"OTU_3124","Bin78",7.9675326339999e-06,"Bacteria","Proteobacteria","Alphaproteobacteria","Rhodobacterales","Rhodobacteraceae","Sedimentitalea"
"OTU_3126","Bin78",5.24760041466841e-06,"Bacteria","Proteobacteria","Alphaproteobacteria","Rhodobacterales","Rhodobacteraceae","Pseudophaeobacter"
"OTU_3130","Bin31",9.83606254169898e-06,"Bacteria","Actinobacteriota","Coriobacteriia","OPB41","unidentified__marine__bacterioplankton","uncultured__bacterium"
"OTU_3133","Bin94",9.37370957365366e-06,"Bacteria","Firmicutes","Clostridia","Clostridiales","Clostridiaceae","Oceanirhabdus"
"OTU_3134","Bin19",8.14187613224767e-06,"Bacteria","Chloroflexi","Anaerolineae","Anaerolineales","Anaerolineaceae","uncultured"
"OTU_3129","Bin79",4.2491223032975e-06,"Bacteria","Proteobacteria","Alphaproteobacteria","Rhizobiales","Hyphomicrobiaceae","Hyphomicrobium"
"OTU_3132","Bin78",9.23304199515004e-06,"Bacteria","Proteobacteria","Alphaproteobacteria","Rhizobiales","Rhizobiaceae","Shinella"
"OTU_3131","Bin78",4.20567118551807e-06,"Bacteria","Proteobacteria","Alphaproteobacteria","Rhodobacterales","Rhodobacteraceae","Rubellimicrobium"
"OTU_3136","Bin95",6.24467235769944e-06,"Bacteria","Firmicutes","Clostridia","Christensenellales","Christensenellaceae","Christensenellaceae__R-7__group"
"OTU_3135","Bin121",4.0421886010486e-07,"Bacteria","Firmicutes","Clostridia","Lachnospirales","Defluviitaleaceae","Defluviitaleaceae__UCG-011"
"OTU_3139","Bin22",3.82696598359328e-06,"Bacteria","Thermotogota","Thermotogae","Petrotogales","Petrotogaceae","SC103"
"OTU_3137","Bin124",1.13932913667084e-05,"Bacteria","Bacteroidota","Bacteroidia","Bacteroidales","Marinilabiliaceae","uncultured"
"OTU_3140","Bin20",3.83547082891085e-06,"Bacteria","Chloroflexi","Anaerolineae","SBR1031","uncultured__bacterium","uncultured__bacterium"
"OTU_3138","Bin31",5.23109074658703e-06,"Bacteria","Actinobacteriota","Coriobacteriia","OPB41","uncultured__bacterium","uncultured__bacterium"
"OTU_3143","Bin80",1.8220136356647e-05,"Bacteria","SAR324__clade(Marine__group__B)","uncultured__proteobacterium","uncultured__bacterium","uncultured__bacterium","uncultured__bacterium"
"OTU_3142","Bin112",3.65811662581155e-06,"Bacteria","Firmicutes","Clostridia","Peptostreptococcales-Tissierellales","Thermotaleaceae","Crassaminicella"
"OTU_3141","Bin95",4.06001802546862e-06,"Bacteria","Firmicutes","Clostridia","Christensenellales","Christensenellaceae","Christensenellaceae__R-7__group"
"OTU_3144","Bin17",5.09078516383955e-06,"Bacteria","Chloroflexi","Anaerolineae","Anaerolineales","Anaerolineaceae","Anaerolinea"
"OTU_3147","Bin90",8.56312771201827e-06,"Bacteria","Firmicutes","TSAC18","uncultured__bacterium","uncultured__bacterium","uncultured__bacterium"
"OTU_3145","Bin66",1.21180683906402e-06,"Bacteria","Cyanobacteria","Cyanobacteriia","Cyanobacteriales","Chroococcidiopsaceae","Chlorogloea__SAG__10.99"
"OTU_3146","Bin31",7.13523792585224e-06,"Bacteria","Actinobacteriota","Coriobacteriia","OPB41","uncultured__bacterium","uncultured__bacterium"
"OTU_3148","Bin80",5.83193087909108e-06,"Bacteria","SAR324__clade(Marine__group__B)","uncultured__bacterium","uncultured__bacterium","uncultured__bacterium","uncultured__bacterium"
"OTU_3149","Bin113",3.57839454500294e-05,"Bacteria","Firmicutes","Clostridia","Peptostreptococcales-Tissierellales","Anaeromicrobium","Marinisporobacter__balticus"
"OTU_3153","Bin13",1.11075662681994e-05,"Bacteria","Firmicutes","Clostridia","Peptostreptococcales-Tissierellales","uncultured","uncultured__bacterium"
"OTU_3154","Bin78",2.43128996119273e-06,"Bacteria","Proteobacteria","Alphaproteobacteria","Rhodobacterales","Rhodobacteraceae","Jannaschia"
"OTU_3151","Bin120",4.03581730216973e-06,"Bacteria","Firmicutes","Clostridia","Lachnospirales","Lachnospiraceae","Coprococcus"
"OTU_3150","Bin94",1.00671399123324e-05,"Bacteria","Firmicutes","D8A-2","uncultured__bacterium","uncultured__bacterium","uncultured__bacterium"
"OTU_3156","Bin83",3.24899806329162e-06,"Bacteria","Bdellovibrionota","Bdellovibrionia","Bdellovibrionales","Bdellovibrionaceae","Bdellovibrio"
"OTU_3152","Bin123",7.71928206388067e-06,"Bacteria","Firmicutes","Desulfitobacteriia","Desulfitobacteriales","uncultured","uncultured__bacterium"
"OTU_3155","Bin22",7.29700486176726e-06,"Bacteria","Acidobacteriota","Blastocatellia","Blastocatellales","Blastocatellaceae","uncultured"
"OTU_3159","Bin124",8.52504841292995e-06,"Bacteria","Bacteroidota","Bacteroidia","Bacteroidetes__VC2.1__Bac22","uncultured__bacterium","uncultured__bacterium"
"OTU_3158","Bin89",1.9561708329846e-05,"Bacteria","Firmicutes","Clostridia","Clostridiales","Clostridiaceae","Youngiibacter"
"OTU_3161","Bin89",1.5214338708879e-05,"Bacteria","Firmicutes","Clostridia","Clostridiales","Clostridiaceae","Oceanirhabdus"
"OTU_3157","Bin79",9.72355736701178e-06,"Bacteria","Proteobacteria","Alphaproteobacteria","Sphingomonadales","Sphingomonadaceae","Sphingomonas"
"OTU_3160","Bin21",2.40700080666678e-05,"Bacteria","Chloroflexi","KD4-96","uncultured__bacterium","uncultured__bacterium","uncultured__bacterium"
"OTU_3162","Bin63",1.37892801999866e-06,"Bacteria","Patescibacteria","Kazania","uncultured__bacterium","uncultured__bacterium","uncultured__bacterium"
"OTU_3164","Bin17",3.41145486919755e-06,"Bacteria","Chloroflexi","Anaerolineae","Anaerolineales","Anaerolineaceae","Leptolinea"
"OTU_3163","Bin120",6.24192797898168e-06,"Bacteria","Firmicutes","Clostridia","Lachnospirales","Lachnospiraceae","Lachnospiraceae__UCG-001"
"OTU_3166","Bin78",2.78651644611254e-06,"Bacteria","Proteobacteria","Alphaproteobacteria","Rhizobiales","Kaistiaceae","Kaistia"
"OTU_3165","Bin10",2.99777277492218e-06,"Bacteria","Spirochaetota","Spirochaetia","Spirochaetales","Spirochaetaceae","Sediminispirochaeta"
"OTU_3170","Bin78",1.47242157167251e-05,"Bacteria","Proteobacteria","Alphaproteobacteria","Rhodobacterales","Rhodobacteraceae","Yoonia-Loktanella"
"OTU_3167","Bin121",4.5039195165203e-06,"Bacteria","Firmicutes","Clostridia","Lachnospirales","Lachnospiraceae","Natranaerovirga"
"OTU_3168","Bin95",6.56592187242067e-06,"Bacteria","Firmicutes","Clostridia","Peptococcales","Peptococcaceae","uncultured"
"OTU_3171","Bin89",1.51690749086189e-05,"Bacteria","Firmicutes","Clostridia","Clostridiales","Clostridiaceae","Clostridium__sensu__stricto__8"
"OTU_3175","Bin21",1.81821330641889e-05,"Bacteria","Chloroflexi","Anaerolineae","Anaerolineales","Anaerolineaceae","uncultured"
"OTU_3174","Bin79",7.83055330705745e-06,"Bacteria","Proteobacteria","Alphaproteobacteria","Rhizobiales","Hyphomicrobiaceae","Hyphomicrobium"
"OTU_3177","Bin21",7.55952907299755e-06,"Bacteria","Chloroflexi","KD4-96","uncultured__bacterium","uncultured__bacterium","uncultured__bacterium"
"OTU_3169","Bin97",6.85727871954078e-06,"Bacteria","Firmicutes","Clostridia","Oscillospirales","Ruminococcaceae","Ruminococcus"
"OTU_3173","Bin90",5.01829330169506e-06,"Bacteria","Firmicutes","Clostridia","Christensenellales","Christensenellaceae","uncultured"
"OTU_3172","Bin107",3.82703487109085e-06,"Bacteria","Firmicutes","Clostridia","Peptostreptococcales-Tissierellales","uncultured","marine__sediment__metagenome"
"OTU_3180","Bin89",1.02747569029418e-05,"Bacteria","Firmicutes","Clostridia","Clostridiales","Clostridiaceae","uncultured"
"OTU_3181","Bin79",2.39668973537739e-05,"Bacteria","Proteobacteria","Alphaproteobacteria","Sphingomonadales","Sphingomonadaceae","Erythrobacter"
"OTU_3182","Bin97",7.99082599779511e-07,"Bacteria","Firmicutes","Clostridia","Oscillospirales","Ruminococcaceae","Subdoligranulum"
"OTU_3176","Bin94",2.4060890339581e-06,"Bacteria","Deinococcota","Deinococci","Deinococcales","Trueperaceae","Truepera"
"OTU_3179","Bin89",4.32509169709804e-05,"Bacteria","Firmicutes","Clostridia","Clostridiales","Clostridiaceae","Clostridium__sensu__stricto__1"
"OTU_3178","Bin121",2.40509562364237e-06,"Bacteria","Firmicutes","Clostridia","Lachnospirales","Defluviitaleaceae","Defluviitaleaceae__UCG-011"
"OTU_3184","Bin124",8.53215274086489e-06,"Bacteria","Bacteroidota","Bacteroidia","Bacteroidales","Prolixibacteraceae","Draconibacterium"
"OTU_3187","Bin17",9.12573184224557e-06,"Bacteria","Chloroflexi","Anaerolineae","Anaerolineales","Anaerolineaceae","Leptolinea"
"OTU_3185","Bin79",8.16425651442137e-06,"Bacteria","Proteobacteria","Alphaproteobacteria","Acetobacterales","Acetobacteraceae","Roseomonas"
"OTU_3191","Bin7",6.541651597988e-06,"Bacteria","Spirochaetota","Spirochaetia","Spirochaetales","Spirochaetaceae","Sphaerochaeta"
"OTU_3190","Bin96",4.64382862984235e-06,"Bacteria","Firmicutes","Clostridia","Hungateiclostridiaceae","uncultured","uncultured__microorganism"
"OTU_3183","Bin123",7.66803201306866e-06,"Bacteria","Firmicutes","Desulfitobacteriia","Desulfitobacteriales","uncultured","uncultured__bacterium"
"OTU_3188","Bin107",5.65389072477017e-06,"Bacteria","Firmicutes","Clostridia","Peptostreptococcales-Tissierellales","uncultured","uncultured__bacterium"
"OTU_3192","Bin89",4.29230166194303e-06,"Bacteria","Firmicutes","Clostridia","Clostridiales","Clostridiaceae","Clostridium__sensu__stricto__7"
"OTU_3189","Bin120",5.66062463348831e-06,"Bacteria","Firmicutes","Clostridia","Lachnospirales","Lachnospiraceae","Lachnoclostridium"
"OTU_3186","Bin121",5.66026620410303e-06,"Bacteria","Firmicutes","Clostridia","Lachnospirales","Defluviitaleaceae","Defluviitaleaceae__UCG-011"
"OTU_3195","Bin31",7.30335108859221e-06,"Bacteria","Actinobacteriota","Coriobacteriia","Coriobacteriales","uncultured","uncultured__bacterium"
"OTU_3193","Bin77",2.48101073704861e-06,"Bacteria","Proteobacteria","Alphaproteobacteria","Rhodobacterales","Rhodobacteraceae","Amaricoccus"
"OTU_3197","Bin78",8.54012413948413e-06,"Bacteria","Proteobacteria","Alphaproteobacteria","Rhodobacterales","Rhodobacteraceae","Thioclava"
"OTU_3194","Bin13",3.448186255595e-06,"Bacteria","Firmicutes","Clostridia","Peptostreptococcales-Tissierellales","uncultured","uncultured__bacterium"
"OTU_3196","Bin120",3.46928332834115e-06,"Bacteria","Firmicutes","Clostridia","Lachnospirales","Lachnospiraceae","uncultured"
"OTU_3200","Bin100",3.22766530135641e-06,"Bacteria","Fusobacteriota","Fusobacteriia","Fusobacteriales","Fusobacteriaceae","Fusobacterium"
"OTU_3198","Bin107",5.03646826077351e-06,"Bacteria","Firmicutes","Clostridia","Peptostreptococcales-Tissierellales","uncultured","marine__sediment__metagenome"
"OTU_3199","Bin107",2.98105249669019e-06,"Bacteria","Firmicutes","Clostridia","Peptostreptococcales-Tissierellales","uncultured","marine__sediment__metagenome"
"OTU_3201","Bin12",3.02358274372294e-06,"Bacteria","Firmicutes","Clostridia","Peptostreptococcales-Tissierellales","JTB215","uncultured__bacterium"
"OTU_3202","Bin120",1.38766796315245e-06,"Bacteria","Firmicutes","Clostridia","Lachnospirales","Lachnospiraceae","Anaerostipes"
"OTU_3206","Bin12",3.2029524326289e-06,"Bacteria","Firmicutes","Clostridia","Clostridiales","Clostridiaceae","Proteiniclasticum"
"OTU_3204","Bin89",1.4311770837522e-06,"Bacteria","Firmicutes","uncultured","uncultured__bacterium","uncultured__bacterium","uncultured__bacterium"
"OTU_3205","Bin89",2.84814045585319e-06,"Bacteria","Firmicutes","Clostridia","Clostridiales","Clostridiaceae","Proteiniclasticum"
"OTU_3203","Bin6",3.02013940257059e-06,"Bacteria","Campilobacterota","Campylobacteria","Campylobacterales","Arcobacteraceae","uncultured"
"OTU_3208","Bin89",4.07266692989743e-06,"Bacteria","Firmicutes","Clostridia","Clostridiales","Clostridiaceae","Oceanirhabdus"
"OTU_3207","Bin68",9.88427914983324e-07,"Bacteria","Cyanobacteria","Vampirivibrionia","Gastranaerophilales","uncultured__bacterium","uncultured__bacterium"
"OTU_3209","Bin13",1.79567468129534e-05,"Bacteria","Firmicutes","Clostridia","Peptostreptococcales-Tissierellales","uncultured","marine__sediment__metagenome"
"OTU_3210","Bin4",1.76271664181349e-06,"Bacteria","Cloacimonadota","Cloacimonadia","Cloacimonadales","MSBL8","uncultured__bacterium"
"OTU_3212","Bin6",7.94214066275705e-07,"Bacteria","Campilobacterota","Campylobacteria","Campylobacterales","Arcobacteraceae","uncultured"
"OTU_3213","Bin124",3.10251616390481e-06,"Bacteria","Bacteroidota","Bacteroidia","Bacteroidales","Marinilabiliaceae","uncultured"
"OTU_3211","Bin97",5.09217543412508e-06,"Bacteria","Firmicutes","Clostridia","Oscillospirales","Ruminococcaceae","Caproiciproducens"
"OTU_3214","Bin123",2.1825072952366e-06,"Bacteria","Firmicutes","Desulfitobacteriia","Desulfitobacteriales","uncultured","uncultured__bacterium"
"OTU_3215","Bin77",3.20613306350483e-06,"Bacteria","Proteobacteria","Alphaproteobacteria","Rhodospirillales","Rhodospirillaceae","Marispirillum"
"OTU_3216","Bin6",0.000584310774430053,"Bacteria","Campilobacterota","Campylobacteria","Campylobacterales","Arcobacteraceae","Halarcobacter"
"OTU_3219","Bin5",1.19163879741803e-06,"Bacteria","Campilobacterota","Campylobacteria","Campylobacterales","Sulfurospirillaceae","Sulfurospirillum"
"OTU_3218","Bin78",3.02501806824243e-06,"Bacteria","Proteobacteria","Alphaproteobacteria","Rhodobacterales","Rhodobacteraceae","Rubellimicrobium"
"OTU_3220","Bin3",2.80612183635861e-06,"Bacteria","Cloacimonadota","Cloacimonadia","Cloacimonadales","LK-44f","uncultured__bacterium"
"OTU_3217","Bin90",5.63870955707836e-06,"Bacteria","Firmicutes","Clostridia","Christensenellales","Christensenellaceae","uncultured"
"OTU_3225","Bin70",3.86423966319764e-06,"Bacteria","Firmicutes","Clostridia","Peptostreptococcales-Tissierellales","Dethiosulfatibacteraceae","Dethiosulfatibacter"
"OTU_3221","Bin88",1.18704738300046e-06,"Bacteria","Firmicutes","Clostridia","Peptostreptococcales-Tissierellales","Dethiosulfatibacteraceae","Dethiosulfatibacter"
"OTU_3224","Bin123",1.22295801093046e-05,"Bacteria","Firmicutes","Desulfitobacteriia","Desulfitobacteriales","uncultured","uncultured__bacterium"
"OTU_3230","Bin11",2.21675205665459e-06,"Bacteria","Spirochaetota","Leptospirae","Leptospirales","Leptospiraceae","Rs-H88__termite__group"
"OTU_3226","Bin124",2.18842004411864e-06,"Bacteria","Bacteroidota","Bacteroidia","Sphingobacteriales","Lentimicrobiaceae","uncultured__bacterium"
"OTU_3222","Bin70",3.23014768919906e-06,"Bacteria","Firmicutes","Clostridia","Peptostreptococcales-Tissierellales","uncultured","uncultured__bacterium"
"OTU_3229","Bin100",1.79337396129016e-06,"Bacteria","Fusobacteriota","Fusobacteriia","Fusobacteriales","Fusobacteriaceae","Fusobacterium"
"OTU_3227","Bin78",3.67626529767908e-06,"Bacteria","Proteobacteria","Alphaproteobacteria","Rhizobiales","Rhizobiaceae","Allorhizobium-Neorhizobium-Pararhizobium-Rhizobium"
"OTU_3223","Bin12",7.28668179907594e-06,"Bacteria","Firmicutes","Clostridia","Peptostreptococcales-Tissierellales","uncultured","marine__sediment__metagenome"
"OTU_3231","Bin22",8.89634489963554e-06,"Bacteria","Thermotogota","Thermotogae","Petrotogales","Petrotogaceae","SC103"
"OTU_3232","Bin7",2.0483352125111e-06,"Bacteria","Spirochaetota","Spirochaetia","Spirochaetales","Spirochaetaceae","Sphaerochaeta"
"OTU_3228","Bin120",2.3969691623759e-06,"Bacteria","Firmicutes","Clostridia","Lachnospirales","Lachnospiraceae","uncultured"
"OTU_3233","Bin7",2.94134508193319e-06,"Bacteria","Spirochaetota","Spirochaetia","Spirochaetales","Spirochaetaceae","Sphaerochaeta"
"OTU_3237","Bin6",1.20220431512238e-06,"Bacteria","Campilobacterota","Campylobacteria","Campylobacterales","Arcobacteraceae","Halarcobacter"
"OTU_3236","Bin95",4.3840266189286e-06,"Bacteria","Firmicutes","Clostridia","Christensenellales","Christensenellaceae","Christensenellaceae__R-7__group"
"OTU_3234","Bin89",4.78932467715953e-06,"Bacteria","Firmicutes","Clostridia","Clostridiales","Clostridiaceae","Oceanirhabdus"
"OTU_3238","Bin22",4.86644753005959e-06,"Bacteria","Thermotogota","Thermotogae","Petrotogales","Petrotogaceae","SC103"
"OTU_3235","Bin13",3.18407438312249e-06,"Bacteria","Firmicutes","Clostridia","Peptostreptococcales-Tissierellales","uncultured","uncultured__bacterium"
"OTU_3241","Bin4",1.97462027674449e-06,"Bacteria","Cloacimonadota","Cloacimonadia","Cloacimonadales","MSBL8","uncultured__bacterium"
"OTU_3240","Bin70",3.60959246676282e-06,"Bacteria","Marinimicrobia__(SAR406__clade)","uncultured__bacterium","uncultured__bacterium","uncultured__bacterium","uncultured__bacterium"
"OTU_3244","Bin124",1.00434053835344e-06,"Bacteria","Bacteroidota","Bacteroidia","Bacteroidales","Marinilabiliaceae","uncultured"
"OTU_3239","Bin6",1.41540168813195e-06,"Bacteria","Campilobacterota","Campylobacteria","Campylobacterales","Arcobacteraceae","Halarcobacter"
"OTU_3243","Bin6",3.05726605909483e-06,"Bacteria","Campilobacterota","Campylobacteria","Campylobacterales","Arcobacteraceae","Halarcobacter"
"OTU_3242","Bin124",2.43727513228956e-06,"Bacteria","Firmicutes","Clostridia","Oscillospirales","Ruminococcaceae","Ruminococcus"
"OTU_3246","Bin112",4.07462882986609e-06,"Bacteria","Firmicutes","Clostridia","Peptostreptococcales-Tissierellales","Thermotaleaceae","Crassaminicella"
"OTU_3245","Bin77",9.96420697211769e-07,"Bacteria","Proteobacteria","Alphaproteobacteria","Rhodospirillales","Rhodospirillaceae","Candidatus__Riegeria"
"OTU_3247","Bin77",1.0319310792996e-06,"Bacteria","Proteobacteria","Alphaproteobacteria","Rhodospirillales","Rhodospirillaceae","Candidatus__Riegeria"
"OTU_3249","Bin66",6.11969636514515e-07,"Bacteria","Patescibacteria","Gracilibacteria","JGI__0000069-P22","uncultured__bacterium","uncultured__bacterium"
"OTU_3248","Bin7",7.22457724582526e-06,"Bacteria","Spirochaetota","Spirochaetia","Spirochaetales","Spirochaetaceae","Sphaerochaeta"
"OTU_3255","Bin6",8.01332482611598e-07,"Bacteria","Campilobacterota","Campylobacteria","Campylobacterales","Arcobacteraceae","Halarcobacter"
"OTU_3257","Bin100",4.33143382810635e-06,"Bacteria","Fusobacteriota","Fusobacteriia","Fusobacteriales","Fusobacteriaceae","Fusobacterium"
"OTU_3254","Bin125",1.20273284859833e-06,"Bacteria","Firmicutes","Clostridia","Clostridiales","Clostridiaceae","Clostridium__sensu__stricto__7"
"OTU_3250","Bin7",2.08263061313309e-06,"Bacteria","Spirochaetota","Spirochaetia","Spirochaetales","Spirochaetaceae","Sphaerochaeta"
"OTU_3258","Bin125",3.21226099118186e-06,"Bacteria","Firmicutes","Clostridia","Peptostreptococcales-Tissierellales","Anaerovoracaceae","uncultured__bacterium"
"OTU_3256","Bin24",4.37776630088417e-06,"Bacteria","Verrucomicrobiota","Lentisphaeria","P.palmC41","uncultured__bacterium","uncultured__bacterium"
"OTU_3253","Bin76",1.02761264615872e-06,"Bacteria","Proteobacteria","Gammaproteobacteria","Thiotrichales","Thiotrichaceae","Thiothrix"
"OTU_3251","Bin7",1.81921453811506e-06,"Bacteria","Spirochaetota","Spirochaetia","Spirochaetales","Spirochaetaceae","Sphaerochaeta"
"OTU_3252","Bin114",0.00164927744224269,"Bacteria","Firmicutes","Clostridia","Peptostreptococcales-Tissierellales","Anaerovoracaceae","uncultured__bacterium"
"OTU_3259","Bin123",4.60259467529057e-06,"Bacteria","Firmicutes","Desulfitobacteriia","Desulfitobacteriales","uncultured","uncultured__bacterium"
"OTU_3261","Bin89",0.000132685439417795,"Bacteria","Firmicutes","Clostridia","Clostridiales","Clostridiaceae","Oceanirhabdus"
"OTU_3260","Bin125",3.26714758263812e-06,"Bacteria","Bacteroidota","Bacteroidia","Bacteroidales","Prolixibacteraceae","Sunxiuqinia"
"OTU_3263","Bin7",4.36555474305956e-06,"Bacteria","Spirochaetota","Spirochaetia","Spirochaetales","Spirochaetaceae","Sphaerochaeta"
"OTU_3262","Bin6",1.44350498640886e-06,"Bacteria","Campilobacterota","Campylobacteria","Campylobacterales","Arcobacteraceae","Halarcobacter"
"OTU_3264","Bin121",2.16695342512398e-06,"Bacteria","Firmicutes","Clostridia","Lachnospirales","Defluviitaleaceae","Defluviitaleaceae__UCG-011"
"OTU_3266","Bin97",3.3806597012675e-06,"Bacteria","Firmicutes","Clostridia","Oscillospirales","Ruminococcaceae","Paludicola"
"OTU_3265","Bin77",3.00577790955045e-06,"Bacteria","Proteobacteria","Alphaproteobacteria","Rhodospirillales","Rhodospirillaceae","Candidatus__Riegeria"
"OTU_3267","Bin120",3.41890423707268e-06,"Bacteria","Firmicutes","Clostridia","Lachnospirales","Lachnospiraceae","uncultured"
"OTU_3268","Bin121",4.44805382555092e-06,"Bacteria","Firmicutes","Clostridia","Lachnospirales","Defluviitaleaceae","Defluviitaleaceae__UCG-011"
"OTU_3269","Bin121",7.37520019496895e-06,"Bacteria","Firmicutes","Clostridia","Lachnospirales","Defluviitaleaceae","Defluviitaleaceae__UCG-011"
"OTU_3272","Bin125",4.29833377172551e-06,"Bacteria","Bacteroidota","Bacteroidia","Bacteroidales","Prolixibacteraceae","Sunxiuqinia"
"OTU_3274","Bin89",1.18082778278609e-06,"Bacteria","Firmicutes","Clostridia","Clostridiales","Caloramatoraceae","Fonticella"
"OTU_3275","Bin97",1.6029600236042e-06,"Bacteria","Firmicutes","Clostridia","Oscillospirales","Ruminococcaceae","Subdoligranulum"
"OTU_3270","Bin78",1.11424129560316e-05,"Bacteria","Proteobacteria","Alphaproteobacteria","Rhizobiales","Pleomorphomonadaceae","Chthonobacter"
"OTU_3271","Bin7",6.71422343445415e-06,"Bacteria","Spirochaetota","Spirochaetia","Spirochaetales","Spirochaetaceae","Sphaerochaeta"
"OTU_3273","Bin90",9.48609641820177e-07,"Bacteria","Firmicutes","Limnochordia","Limnochordales","uncultured","uncultured__Clostridia__bacterium"
"OTU_3276","Bin97",4.01751176829777e-06,"Bacteria","Firmicutes","Clostridia","Oscillospirales","Ruminococcaceae","[Eubacterium]__siraeum__group"
"OTU_3280","Bin94",2.66216333588331e-06,"Bacteria","Firmicutes","Bacilli","Lactobacillales","Carnobacteriaceae","Trichococcus"
"OTU_3281","Bin102",0.000582093817176628,"Bacteria","Firmicutes","Clostridia","Peptostreptococcales-Tissierellales","Dethiosulfatibacteraceae","Dethiosulfatibacter"
"OTU_3278","Bin78",2.01591071934606e-06,"Bacteria","Proteobacteria","Alphaproteobacteria","Rhodobacterales","Rhodobacteraceae","uncultured"
"OTU_3277","Bin78",1.61766993772904e-05,"Bacteria","Proteobacteria","Alphaproteobacteria","Rhodobacterales","Rhodobacteraceae","Tropicibacter"
"OTU_3282","Bin102",0.000667670134395589,"Bacteria","Firmicutes","Clostridia","Peptostreptococcales-Tissierellales","Dethiosulfatibacteraceae","Dethiosulfatibacter"
"OTU_3283","Bin103",0.000174950087493035,"Bacteria","Firmicutes","Clostridia","Peptostreptococcales-Tissierellales","Dethiosulfatibacteraceae","Dethiosulfatibacter"
"OTU_3287","Bin102",0.00010904046436323,"Bacteria","Firmicutes","Clostridia","Peptostreptococcales-Tissierellales","Dethiosulfatibacteraceae","Dethiosulfatibacter"
"OTU_3279","Bin78",1.24422369151215e-06,"Bacteria","Proteobacteria","Alphaproteobacteria","Rhodobacterales","Rhodobacteraceae","Roseobacter__clade__CHAB-I-5__lineage"
"OTU_3284","Bin111",0.00116564673978382,"Bacteria","Firmicutes","Clostridia","Peptostreptococcales-Tissierellales","Peptostreptococcaceae","Tepidibacter"
"OTU_3289","Bin95",2.11376461227626e-05,"Bacteria","Margulisbacteria","uncultured__bacterium","uncultured__bacterium","uncultured__bacterium","uncultured__bacterium"
"OTU_3285","Bin111",0.000392133002481321,"Bacteria","Firmicutes","Clostridia","Peptostreptococcales-Tissierellales","Peptostreptococcaceae","Intestinibacter"
"OTU_3288","Bin115",5.97272294068678e-05,"Bacteria","Firmicutes","Clostridia","Peptostreptococcales-Tissierellales","Anaerovoracaceae","Amnipila"
"OTU_3286","Bin92",8.28582225363128e-05,"Bacteria","Firmicutes","Bacilli","Izemoplasmatales","Izemoplasmataceae","bacterium__enrichment__culture__clone__R4-81B"
"OTU_3290","Bin107",0.000136978313437933,"Bacteria","Firmicutes","Clostridia","Peptostreptococcales-Tissierellales","Gottschalkia","uncultured__bacterium"
"OTU_3291","Bin106",0.000198028270823485,"Bacteria","Firmicutes","Clostridia","Peptostreptococcales-Tissierellales","uncultured","marine__sediment__metagenome"
"OTU_3292","Bin109",5.28520183343299e-05,"Bacteria","Firmicutes","Clostridia","Peptostreptococcales-Tissierellales","livecontrolB21","uncultured__bacterium"
"OTU_3295","Bin108",0.000128623775964068,"Bacteria","Firmicutes","Clostridia","Peptostreptococcales-Tissierellales","JTB215","bacterium__enrichment__culture__clone__AOM-SR-B4"
"OTU_3294","Bin102",0.000115950356391206,"Bacteria","Firmicutes","Clostridia","Peptostreptococcales-Tissierellales","Dethiosulfatibacteraceae","Dethiosulfatibacter"
"OTU_3298","Bin97",1.39307229184312e-05,"Bacteria","Firmicutes","Clostridia","Oscillospirales","Ruminococcaceae","uncultured"
"OTU_3293","Bin107",6.50727183763469e-05,"Bacteria","Firmicutes","Clostridia","Peptostreptococcales-Tissierellales","uncultured","marine__sediment__metagenome"
"OTU_3299","Bin102",0.000103519824777719,"Bacteria","Firmicutes","Clostridia","Peptostreptococcales-Tissierellales","Dethiosulfatibacteraceae","Dethiosulfatibacter"
"OTU_3297","Bin107",4.37356569524922e-05,"Bacteria","Firmicutes","Clostridia","Peptostreptococcales-Tissierellales","uncultured","marine__sediment__metagenome"
"OTU_3301","Bin112",5.37977426628463e-05,"Bacteria","Firmicutes","Clostridia","Peptostreptococcales-Tissierellales","Peptostreptococcaceae","Acetoanaerobium"
"OTU_3296","Bin112",9.63742355771768e-05,"Bacteria","Firmicutes","Clostridia","Peptostreptococcales-Tissierellales","Peptostreptococcaceae","Peptoclostridium"
"OTU_3302","Bin108",0.000148067066123611,"Bacteria","Firmicutes","Clostridia","Peptostreptococcales-Tissierellales","JTB215","bacterium__enrichment__culture__clone__AOM-SR-B4"
"OTU_3304","Bin106",7.2023375470079e-05,"Bacteria","Firmicutes","Clostridia","Peptostreptococcales-Tissierellales","JTB215","uncultured__Firmicutes__bacterium"
"OTU_3303","Bin107",4.3510622235226e-05,"Bacteria","Firmicutes","Clostridia","Peptostreptococcales-Tissierellales","Gallicola","Peptostreptococcaceae__bacterium__SK031"
"OTU_3300","Bin103",3.62679809079713e-05,"Bacteria","Firmicutes","Clostridia","Peptostreptococcales-Tissierellales","Dethiosulfatibacteraceae","Dethiosulfatibacter"
"OTU_3306","Bin113",4.16048558818275e-05,"Bacteria","Firmicutes","Clostridia","Peptostreptococcales-Tissierellales","Fusibacteraceae","Fusibacter"
"OTU_3308","Bin112",2.11349025245925e-05,"Bacteria","Firmicutes","Clostridia","Peptostreptococcales-Tissierellales","Peptostreptococcaceae","Peptoclostridium"
"OTU_3311","Bin114",1.15433281837692e-05,"Bacteria","Firmicutes","Clostridia","Peptostreptococcales-Tissierellales","Anaerovoracaceae","uncultured__bacterium"
"OTU_3310","Bin112",0.000491791265943619,"Bacteria","Firmicutes","Clostridia","Peptostreptococcales-Tissierellales","Peptostreptococcaceae","Peptoclostridium"
"OTU_3305","Bin114",2.4624307623214e-05,"Bacteria","Firmicutes","Clostridia","Peptostreptococcales-Tissierellales","Anaerovoracaceae","uncultured__bacterium"
"OTU_3307","Bin13",1.71747502229051e-05,"Bacteria","Firmicutes","Clostridia","Peptostreptococcales-Tissierellales","uncultured","marine__sediment__metagenome"
"OTU_3309","Bin13",0.000377856096217091,"Bacteria","Firmicutes","Clostridia","Peptostreptococcales-Tissierellales","uncultured","marine__sediment__metagenome"
"OTU_3313","Bin13",5.96509746934276e-05,"Bacteria","Firmicutes","Clostridia","Peptostreptococcales-Tissierellales","uncultured","marine__sediment__metagenome"
"OTU_3314","Bin104",0.000164198279621362,"Bacteria","Firmicutes","Clostridia","Peptostreptococcales-Tissierellales","Dethiosulfatibacteraceae","Dethiosulfatibacter"
"OTU_3315","Bin94",0.000165368549346392,"Bacteria","Deinococcota","Deinococci","Deinococcales","Trueperaceae","Truepera"
"OTU_3312","Bin116",2.97879794209676e-05,"Bacteria","Firmicutes","Clostridia","Peptostreptococcales-Tissierellales","Peptostreptococcaceae","Tepidibacter"
"OTU_3317","Bin13",1.8120788095365e-05,"Bacteria","Firmicutes","Clostridia","Peptostreptococcales-Tissierellales","uncultured","marine__sediment__metagenome"
"OTU_3318","Bin107",2.59944552559921e-05,"Bacteria","Firmicutes","Clostridia","Peptostreptococcales-Tissierellales","Gallicola","uncultured__bacterium"
"OTU_3319","Bin13",9.97608267040812e-06,"Bacteria","Firmicutes","Clostridia","Peptostreptococcales-Tissierellales","uncultured","marine__sediment__metagenome"
"OTU_3321","Bin109",2.29114833398537e-05,"Bacteria","Firmicutes","Clostridia","Peptostreptococcales-Tissierellales","livecontrolB21","uncultured__bacterium"
"OTU_3316","Bin113",4.14177327965757e-05,"Bacteria","Firmicutes","Clostridia","Peptostreptococcales-Tissierellales","Fusibacteraceae","Fusibacter"
"OTU_3320","Bin117",1.96983294897155e-05,"Bacteria","Firmicutes","Clostridia","Peptostreptococcales-Tissierellales","Fusibacteraceae","Fusibacter"
"OTU_3322","Bin13",2.60081004627146e-05,"Bacteria","Firmicutes","Clostridia","Peptostreptococcales-Tissierellales","uncultured","marine__sediment__metagenome"
"OTU_3323","Bin107",0.000116202940906319,"Bacteria","Firmicutes","Clostridia","Peptostreptococcales-Tissierellales","uncultured","marine__sediment__metagenome"
"OTU_3328","Bin113",2.55093166462615e-05,"Bacteria","Firmicutes","Clostridia","Peptostreptococcales-Tissierellales","Fusibacteraceae","Fusibacter"
"OTU_3326","Bin103",9.21214870930005e-06,"Bacteria","Firmicutes","Clostridia","Peptostreptococcales-Tissierellales","Dethiosulfatibacteraceae","Dethiosulfatibacter"
"OTU_3324","Bin109",7.51442128172334e-06,"Bacteria","Firmicutes","Clostridia","Peptostreptococcales-Tissierellales","livecontrolB21","uncultured__bacterium"
"OTU_3330","Bin13",0.000138315948186752,"Bacteria","Firmicutes","Clostridia","Peptostreptococcales-Tissierellales","uncultured","marine__sediment__metagenome"
"OTU_3327","Bin114",1.99624488152904e-05,"Bacteria","Firmicutes","Clostridia","Peptostreptococcales-Tissierellales","Anaerovoracaceae","uncultured__bacterium"
"OTU_3329","Bin109",2.33141888900821e-05,"Bacteria","Firmicutes","Clostridia","Peptostreptococcales-Tissierellales","GoM-GC232-4463-Bac1","uncultured__bacterium"
"OTU_3332","Bin97",8.38647429400469e-06,"Bacteria","Firmicutes","Clostridia","Oscillospirales","Hydrogenoanaerobacterium","uncultured__bacterium"
"OTU_3331","Bin106",1.78617183619497e-05,"Bacteria","Firmicutes","Clostridia","Peptostreptococcales-Tissierellales","Dethiosulfatibacteraceae","Dethiosulfatibacter"
"OTU_3325","Bin107",4.74905496184368e-05,"Bacteria","Firmicutes","Clostridia","Peptostreptococcales-Tissierellales","uncultured","uncultured__bacterium"
"OTU_3333","Bin92",1.00602660359286e-05,"Bacteria","Firmicutes","Bacilli","Izemoplasmatales","Izemoplasmataceae","bacterium"
"OTU_3335","Bin112",0.000590152151309135,"Bacteria","Firmicutes","Clostridia","Peptostreptococcales-Tissierellales","Peptostreptococcaceae","Peptoclostridium"
"OTU_3334","Bin109",2.14318985508793e-05,"Bacteria","Firmicutes","Clostridia","Peptostreptococcales-Tissierellales","livecontrolB21","uncultured__bacterium"
"OTU_3340","Bin115",1.0367990621541e-05,"Bacteria","Firmicutes","Clostridia","Peptostreptococcales-Tissierellales","Anaerovoracaceae","[Eubacterium]__brachy__group"
"OTU_3336","Bin111",2.84846321685136e-05,"Bacteria","Firmicutes","Clostridia","Peptostreptococcales-Tissierellales","Peptostreptococcaceae","Romboutsia"
"OTU_3339","Bin117",7.85256931503778e-06,"Bacteria","Firmicutes","Clostridia","Peptostreptococcales-Tissierellales","Fusibacteraceae","Fusibacter"
"OTU_3338","Bin103",1.86609365695454e-05,"Bacteria","Firmicutes","Clostridia","Peptostreptococcales-Tissierellales","Dethiosulfatibacteraceae","Dethiosulfatibacter"
"OTU_3341","Bin112",1.51510571357979e-05,"Bacteria","Firmicutes","Clostridia","Peptostreptococcales-Tissierellales","Peptostreptococcaceae","Peptoclostridium"
"OTU_3343","Bin114",5.9363175100349e-06,"Bacteria","Firmicutes","Clostridia","Peptostreptococcales-Tissierellales","Peptostreptococcaceae","Peptoclostridium"
"OTU_3337","Bin103",3.56183927680113e-05,"Bacteria","Firmicutes","Clostridia","Peptostreptococcales-Tissierellales","Dethiosulfatibacteraceae","Dethiosulfatibacter"
"OTU_3342","Bin117",0.000185225513430073,"Bacteria","Firmicutes","Clostridia","Peptostreptococcales-Tissierellales","Fusibacteraceae","Fusibacter"
"OTU_3345","Bin13",2.23573884666796e-05,"Bacteria","Firmicutes","Clostridia","Peptostreptococcales-Tissierellales","uncultured","marine__sediment__metagenome"
"OTU_3347","Bin118",8.2480534014149e-06,"Bacteria","Firmicutes","Clostridia","Peptostreptococcales-Tissierellales","Guggenheimella","Tindallia__sp.__Mic8c12"
"OTU_3349","Bin111",8.85776880846198e-06,"Bacteria","Firmicutes","Clostridia","Peptostreptococcales-Tissierellales","Peptostreptococcaceae","Peptostreptococcus"
"OTU_3346","Bin114",7.23004351260558e-06,"Bacteria","Firmicutes","Clostridia","Peptostreptococcales-Tissierellales","Anaerovoracaceae","uncultured__bacterium"
"OTU_3344","Bin117",6.9490537247275e-06,"Bacteria","Firmicutes","Clostridia","Peptostreptococcales-Tissierellales","Fusibacteraceae","Fusibacter"
"OTU_3350","Bin13",7.00912728225343e-06,"Bacteria","Firmicutes","Clostridia","Peptostreptococcales-Tissierellales","uncultured","uncultured__bacterium"
"OTU_3348","Bin118",1.21249155711321e-05,"Bacteria","Firmicutes","Clostridia","Peptostreptococcales-Tissierellales","Guggenheimella","Tindallia__sp.__Mic8c12"
"OTU_3351","Bin106",0.000536074697087787,"Bacteria","Firmicutes","Clostridia","Peptostreptococcales-Tissierellales","JTB215","uncultured__bacterium"
"OTU_3352","Bin116",4.81303639852121e-06,"Bacteria","Firmicutes","Clostridia","Peptostreptococcales-Tissierellales","Fusibacteraceae","Fusibacter"
"OTU_3354","Bin114",2.7540637202926e-05,"Bacteria","Firmicutes","Clostridia","Peptostreptococcales-Tissierellales","Anaerovoracaceae","uncultured__bacterium"
"OTU_3357","Bin111",1.15865836689773e-05,"Bacteria","Firmicutes","Clostridia","Peptostreptococcales-Tissierellales","Peptostreptococcaceae","Paraclostridium"
"OTU_3356","Bin111",2.64122180795169e-05,"Bacteria","Firmicutes","Clostridia","Peptostreptococcales-Tissierellales","Peptostreptococcaceae","Romboutsia"
"OTU_3360","Bin13",2.25290202044425e-05,"Bacteria","Firmicutes","Clostridia","Peptostreptococcales-Tissierellales","uncultured","uncultured__bacterium"
"OTU_3359","Bin92",8.54709992089494e-06,"Bacteria","Firmicutes","Bacilli","Izemoplasmatales","Izemoplasmataceae","bacterium__enrichment__culture__clone__R4-81B"
"OTU_3355","Bin102",1.1652649252949e-05,"Bacteria","Firmicutes","Clostridia","Peptostreptococcales-Tissierellales","Dethiosulfatibacteraceae","Dethiosulfatibacter"
"OTU_3353","Bin115",2.16228310883223e-05,"Bacteria","Firmicutes","Clostridia","Peptostreptococcales-Tissierellales","Anaerovoracaceae","S5-A14a"
"OTU_3362","Bin92",2.02599448405988e-05,"Bacteria","Firmicutes","Bacilli","Izemoplasmatales","Izemoplasmataceae","uncultured__bacterium"
"OTU_3365","Bin13",5.04499364688552e-05,"Bacteria","Firmicutes","Clostridia","Peptostreptococcales-Tissierellales","uncultured","marine__sediment__metagenome"
"OTU_3358","Bin110",1.49271584724391e-05,"Bacteria","Firmicutes","Clostridia","Peptostreptococcales-Tissierellales","GoM-GC232-4463-Bac1","uncultured__bacterium"
"OTU_3361","Bin111",1.63982709123465e-05,"Bacteria","Firmicutes","Clostridia","Peptostreptococcales-Tissierellales","Anaeromicrobium","Marinisporobacter__balticus"
"OTU_3364","Bin114",5.74522710615132e-06,"Bacteria","Firmicutes","Clostridia","Peptostreptococcales-Tissierellales","Anaerovoracaceae","uncultured__bacterium"
"OTU_3363","Bin109",4.43563723912042e-06,"Bacteria","Firmicutes","Clostridia","Peptostreptococcales-Tissierellales","livecontrolB21","uncultured__bacterium"
"OTU_3367","Bin106",1.25554840266481e-05,"Bacteria","Firmicutes","Clostridia","Peptostreptococcales-Tissierellales","JTB215","uncultured__bacterium"
"OTU_3369","Bin13",1.4332408950949e-05,"Bacteria","Firmicutes","Clostridia","Peptostreptococcales-Tissierellales","uncultured","marine__sediment__metagenome"
"OTU_3366","Bin13",8.60632427738284e-05,"Bacteria","Firmicutes","Clostridia","Peptostreptococcales-Tissierellales","uncultured","marine__sediment__metagenome"
"OTU_3368","Bin110",1.30063901063624e-05,"Bacteria","Firmicutes","Clostridia","Peptostreptococcales-Tissierellales","GoM-GC232-4463-Bac1","uncultured__bacterium"
"OTU_3370","Bin102",1.37672490705577e-05,"Bacteria","Firmicutes","Clostridia","Peptostreptococcales-Tissierellales","Dethiosulfatibacteraceae","Dethiosulfatibacter"
"OTU_3372","Bin92",9.47393241765036e-06,"Bacteria","Firmicutes","Bacilli","Izemoplasmatales","Izemoplasmataceae","bacterium__enrichment__culture__clone__R4-81B"
"OTU_3377","Bin115",1.94380055981871e-05,"Bacteria","Firmicutes","Clostridia","Peptostreptococcales-Tissierellales","Anaerovoracaceae","S5-A14a"
"OTU_3371","Bin13",1.64036689630621e-05,"Bacteria","Firmicutes","Clostridia","Peptostreptococcales-Tissierellales","uncultured","marine__sediment__metagenome"
"OTU_3373","Bin102",2.42504231160422e-06,"Bacteria","Firmicutes","Clostridia","Peptostreptococcales-Tissierellales","uncultured","uncultured__bacterium"
"OTU_3374","Bin118",1.45451975916046e-05,"Bacteria","Firmicutes","Clostridia","Peptostreptococcales-Tissierellales","Guggenheimella","Tindallia__sp.__Mic8c12"
"OTU_3376","Bin106",9.12703394696081e-06,"Bacteria","Firmicutes","Clostridia","Peptostreptococcales-Tissierellales","JTB215","uncultured__bacterium"
"OTU_3379","Bin94",7.11574123595939e-06,"Bacteria","Deinococcota","Deinococci","Deinococcales","Trueperaceae","Truepera"
"OTU_3381","Bin88",7.32850264029519e-06,"Bacteria","Synergistota","Synergistia","Synergistales","Synergistaceae","uncultured"
"OTU_3375","Bin102",2.0191970174958e-06,"Bacteria","Firmicutes","Clostridia","Clostridiales","Clostridiaceae","Proteiniclasticum"
"OTU_3378","Bin108",4.08151888860725e-05,"Bacteria","Firmicutes","Clostridia","Peptostreptococcales-Tissierellales","Peptostreptococcaceae","Tepidibacter"
"OTU_3382","Bin94",3.80141287528972e-06,"Bacteria","Deinococcota","Deinococci","Deinococcales","Trueperaceae","Truepera"
"OTU_3380","Bin106",2.2291025726166e-05,"Bacteria","Firmicutes","Clostridia","Peptostreptococcales-Tissierellales","JTB215","uncultured__Firmicutes__bacterium"
"OTU_3383","Bin107",4.85549198868577e-06,"Bacteria","Firmicutes","Clostridia","Peptostreptococcales-Tissierellales","uncultured","marine__sediment__metagenome"
"OTU_3385","Bin107",5.2981553759001e-06,"Bacteria","Firmicutes","Clostridia","Peptostreptococcales-Tissierellales","uncultured","marine__sediment__metagenome"
"OTU_3387","Bin106",6.45836150286644e-05,"Bacteria","Firmicutes","Clostridia","Peptostreptococcales-Tissierellales","JTB215","uncultured__bacterium"
"OTU_3384","Bin115",7.0239236095574e-06,"Bacteria","Firmicutes","Clostridia","Peptostreptococcales-Tissierellales","Anaerovoracaceae","Anaerovorax"
"OTU_3388","Bin13",4.61972731929387e-05,"Bacteria","Firmicutes","Clostridia","Peptostreptococcales-Tissierellales","uncultured","marine__sediment__metagenome"
"OTU_3389","Bin112",8.28418918188709e-06,"Bacteria","Firmicutes","Clostridia","Peptostreptococcales-Tissierellales","Peptostreptococcaceae","Proteocatella"
"OTU_3386","Bin13",1.62528888082058e-05,"Bacteria","Firmicutes","Clostridia","Peptostreptococcales-Tissierellales","uncultured","marine__sediment__metagenome"
"OTU_3391","Bin92",7.15049997346938e-06,"Bacteria","Firmicutes","Bacilli","Izemoplasmatales","Izemoplasmataceae","bacterium"
"OTU_3390","Bin13",1.12305519814503e-05,"Bacteria","Firmicutes","Clostridia","Peptostreptococcales-Tissierellales","uncultured","marine__sediment__metagenome"
"OTU_3393","Bin92",8.00711797295618e-06,"Bacteria","Firmicutes","Bacilli","Izemoplasmatales","Izemoplasmataceae","bacterium__enrichment__culture__clone__R4-81B"
"OTU_3394","Bin106",1.40092388036177e-05,"Bacteria","Firmicutes","Clostridia","Peptostreptococcales-Tissierellales","JTB215","uncultured__Firmicutes__bacterium"
"OTU_3392","Bin113",4.66169703246404e-06,"Bacteria","Firmicutes","Clostridia","Peptostreptococcales-Tissierellales","Fusibacteraceae","Fusibacter"
"OTU_3395","Bin102",1.22919647276488e-06,"Bacteria","Firmicutes","Clostridia","Peptostreptococcales-Tissierellales","Dethiosulfatibacteraceae","Dethiosulfatibacter"
"OTU_3399","Bin110",6.26623047604065e-06,"Bacteria","Firmicutes","Clostridia","Peptostreptococcales-Tissierellales","uncultured","marine__sediment__metagenome"
"OTU_3400","Bin107",0.000189290379187126,"Bacteria","Firmicutes","Clostridia","Peptostreptococcales-Tissierellales","uncultured","marine__sediment__metagenome"
"OTU_3397","Bin88",7.82138836912486e-06,"Bacteria","Synergistota","Synergistia","Synergistales","Synergistaceae","uncultured"
"OTU_3396","Bin114",8.07427471224648e-06,"Bacteria","Firmicutes","Clostridia","Peptostreptococcales-Tissierellales","livecontrolB21","uncultured__bacterium"
"OTU_3401","Bin106",5.30904791150018e-05,"Bacteria","Firmicutes","Clostridia","Peptostreptococcales-Tissierellales","JTB215","uncultured__bacterium"
"OTU_3403","Bin102",1.56322575434389e-06,"Bacteria","Firmicutes","Clostridia","Peptostreptococcales-Tissierellales","Dethiosulfatibacteraceae","Dethiosulfatibacter"
"OTU_3398","Bin112",4.61846434244606e-06,"Bacteria","Firmicutes","Clostridia","Peptostreptococcales-Tissierellales","Peptostreptococcaceae","Peptoclostridium"
"OTU_3404","Bin116",8.3571189529004e-06,"Bacteria","Firmicutes","Clostridia","Peptostreptococcales-Tissierellales","Dethiosulfatibacteraceae","Dethiosulfatibacter"
"OTU_3402","Bin108",9.22391975260473e-06,"Bacteria","Firmicutes","Clostridia","Peptostreptococcales-Tissierellales","JTB215","bacterium__enrichment__culture__clone__AOM-SR-B4"
"OTU_3406","Bin115",3.80570004950825e-06,"Bacteria","Firmicutes","Clostridia","Peptostreptococcales-Tissierellales","Anaerovoracaceae","[Eubacterium]__saphenum__group"
"OTU_3407","Bin106",0.000111522587072117,"Bacteria","Firmicutes","Clostridia","Peptostreptococcales-Tissierellales","JTB215","bacterium__enrichment__culture__clone__AOM-SR-B4"
"OTU_3409","Bin115",4.59740358009447e-06,"Bacteria","Firmicutes","Clostridia","Peptostreptococcales-Tissierellales","Anaerovoracaceae","[Eubacterium]__brachy__group"
"OTU_3408","Bin117",5.3721889823914e-06,"Bacteria","Firmicutes","Clostridia","Peptostreptococcales-Tissierellales","Fusibacteraceae","Fusibacter"
"OTU_3405","Bin89",4.62279197003995e-06,"Bacteria","Firmicutes","Clostridia","Clostridiales","Clostridiaceae","Proteiniclasticum"
"OTU_3410","Bin113",5.92024418175903e-06,"Bacteria","Firmicutes","Clostridia","Peptostreptococcales-Tissierellales","Fusibacteraceae","Fusibacter"
"OTU_3413","Bin13",6.42026436193907e-06,"Bacteria","Firmicutes","Clostridia","Peptostreptococcales-Tissierellales","uncultured","marine__sediment__metagenome"
"OTU_3412","Bin111",2.01222077929336e-05,"Bacteria","Firmicutes","Clostridia","Peptostreptococcales-Tissierellales","Peptostreptococcaceae","Romboutsia"
"OTU_3416","Bin13",1.22661193001894e-05,"Bacteria","Firmicutes","Clostridia","Peptostreptococcales-Tissierellales","uncultured","marine__sediment__metagenome"
"OTU_3417","Bin112",8.49226843784478e-06,"Bacteria","Firmicutes","Clostridia","Peptostreptococcales-Tissierellales","Thermotaleaceae","Crassaminicella"
"OTU_3411","Bin13",8.50691081333096e-06,"Bacteria","Firmicutes","Clostridia","Peptostreptococcales-Tissierellales","livecontrolB21","uncultured__bacterium"
"OTU_3421","Bin31",4.63330335528048e-06,"Bacteria","Actinobacteriota","Coriobacteriia","Coriobacteriales","Eggerthellaceae","Gordonibacter"
"OTU_3415","Bin102",5.35443906623788e-06,"Bacteria","Firmicutes","Clostridia","Peptostreptococcales-Tissierellales","Dethiosulfatibacteraceae","Dethiosulfatibacter"
"OTU_3414","Bin108",1.62795133357774e-05,"Bacteria","Firmicutes","Clostridia","Clostridiales","Clostridiaceae","Oceanirhabdus"
"OTU_3418","Bin111",9.20633249809858e-05,"Bacteria","Firmicutes","Clostridia","Peptostreptococcales-Tissierellales","Peptostreptococcaceae","Romboutsia"
"OTU_3425","Bin95",3.02525771802828e-06,"Bacteria","Firmicutes","Clostridia","Peptostreptococcales-Tissierellales","Tissierella","uncultured__bacterium"
"OTU_3424","Bin13",1.01384010273583e-06,"Bacteria","Firmicutes","Clostridia","Peptostreptococcales-Tissierellales","uncultured","marine__sediment__metagenome"
"OTU_3419","Bin107",1.82925978881207e-06,"Bacteria","Firmicutes","Clostridia","Peptostreptococcales-Tissierellales","uncultured","marine__sediment__metagenome"
"OTU_3422","Bin13",6.35447431348351e-07,"Bacteria","Firmicutes","Clostridia","Peptostreptococcales-Tissierellales","Guggenheimella","Tindallia__sp.__Mic8c12"
"OTU_3426","Bin102",5.82645730833198e-07,"Bacteria","Firmicutes","Clostridia","Peptostreptococcales-Tissierellales","Dethiosulfatibacteraceae","Dethiosulfatibacter"
"OTU_3423","Bin118",2.25112455207741e-06,"Bacteria","Firmicutes","Clostridia","Peptostreptococcales-Tissierellales","Guggenheimella","Tindallia__sp.__Mic8c12"
"OTU_3428","Bin114",1.61163042442355e-06,"Bacteria","Firmicutes","Clostridia","Peptostreptococcales-Tissierellales","Anaerovoracaceae","uncultured__bacterium"
"OTU_3429","Bin107",7.27474199679511e-06,"Bacteria","Firmicutes","Clostridia","Peptostreptococcales-Tissierellales","uncultured","marine__sediment__metagenome"
"OTU_3430","Bin102",5.84546346668925e-05,"Bacteria","Firmicutes","Clostridia","Peptostreptococcales-Tissierellales","Dethiosulfatibacteraceae","Dethiosulfatibacter"
"OTU_3420","Bin111",9.46360263345859e-06,"Bacteria","Firmicutes","Clostridia","Peptostreptococcales-Tissierellales","Peptostreptococcaceae","Paraclostridium"
"OTU_3427","Bin92",5.05265666663904e-06,"Bacteria","Firmicutes","Clostridia","Peptostreptococcales-Tissierellales","Dethiosulfatibacteraceae","Dethiosulfatibacter"
"OTU_3434","Bin13",1.12884234135515e-05,"Bacteria","Firmicutes","Clostridia","Peptostreptococcales-Tissierellales","uncultured","marine__sediment__metagenome"
"OTU_3431","Bin122",9.78371302689265e-07,"Bacteria","Firmicutes","Clostridia","Peptostreptococcales-Tissierellales","uncultured","marine__sediment__metagenome"
"OTU_3432","Bin118",1.41645703878327e-06,"Bacteria","Firmicutes","Clostridia","Peptostreptococcales-Tissierellales","Peptostreptococcaceae","Peptoclostridium"
"OTU_3433","Bin106",1.97269469143295e-06,"Bacteria","Firmicutes","Clostridia","Peptostreptococcales-Tissierellales","JTB215","uncultured__Firmicutes__bacterium"
"OTU_3435","Bin107",1.97680913115568e-06,"Bacteria","Firmicutes","Clostridia","Peptostreptococcales-Tissierellales","Anaerovoracaceae","uncultured__bacterium"
"OTU_3439","Bin102",5.3977413416154e-06,"Bacteria","Firmicutes","Clostridia","Peptostreptococcales-Tissierellales","Dethiosulfatibacteraceae","Dethiosulfatibacter"
"OTU_3436","Bin13",1.65788950934645e-05,"Bacteria","Firmicutes","Clostridia","Peptostreptococcales-Tissierellales","uncultured","uncultured__bacterium"
"OTU_3438","Bin102",4.20483540067096e-06,"Bacteria","Firmicutes","Clostridia","Peptostreptococcales-Tissierellales","Dethiosulfatibacteraceae","Dethiosulfatibacter"
"OTU_3440","Bin111",3.64340807188854e-06,"Bacteria","Firmicutes","Clostridia","Peptostreptococcales-Tissierellales","Peptostreptococcaceae","Romboutsia"
"OTU_3437","Bin106",2.75501491213733e-06,"Bacteria","Firmicutes","Clostridia","Peptostreptococcales-Tissierellales","JTB215","uncultured__Firmicutes__bacterium"
"OTU_3443","Bin106",1.64243985797303e-06,"Bacteria","Firmicutes","Clostridia","Peptostreptococcales-Tissierellales","JTB215","uncultured__bacterium"
"OTU_3442","Bin13",1.05536465016754e-05,"Bacteria","Firmicutes","Clostridia","Peptostreptococcales-Tissierellales","uncultured","marine__sediment__metagenome"
"OTU_3444","Bin118",3.20282481895069e-06,"Bacteria","Firmicutes","Clostridia","Peptostreptococcales-Tissierellales","Guggenheimella","Tindallia__sp.__Mic8c12"
"OTU_3441","Bin102",7.98782790589205e-06,"Bacteria","Firmicutes","Clostridia","Peptostreptococcales-Tissierellales","Dethiosulfatibacteraceae","Dethiosulfatibacter"
"OTU_3446","Bin110",1.07664093781441e-05,"Bacteria","Firmicutes","Clostridia","Peptostreptococcales-Tissierellales","Brassicibacter","Clostridiaceae__bacterium__SLHBact121"
"OTU_3447","Bin115",4.18802975438802e-06,"Bacteria","Firmicutes","Clostridia","Peptostreptococcales-Tissierellales","Anaerovoracaceae","S5-A14a"
"OTU_3449","Bin115",5.91485804070742e-06,"Bacteria","Firmicutes","Clostridia","Peptostreptococcales-Tissierellales","Anaerovoracaceae","Amnipila"
"OTU_3445","Bin108",5.75827373622321e-07,"Bacteria","Firmicutes","Clostridia","Oscillospirales","Ethanoligenenaceae","Acetanaerobacterium"
"OTU_3448","Bin102",5.37601546247287e-06,"Bacteria","Firmicutes","Clostridia","Peptostreptococcales-Tissierellales","Dethiosulfatibacteraceae","Dethiosulfatibacter"
"OTU_3451","Bin115",1.3904580584628e-06,"Bacteria","Firmicutes","Clostridia","Peptostreptococcales-Tissierellales","uncultured","uncultured__bacterium"
"OTU_3450","Bin114",2.16224721705898e-05,"Bacteria","Firmicutes","Clostridia","Peptostreptococcales-Tissierellales","Anaerovoracaceae","uncultured__bacterium"
"OTU_3453","Bin119",4.34966455923733e-06,"Bacteria","Firmicutes","Clostridia","Peptostreptococcales-Tissierellales","Fusibacteraceae","Fusibacter"
"OTU_3452","Bin114",7.83886010158733e-06,"Bacteria","Firmicutes","Clostridia","Peptostreptococcales-Tissierellales","Dethiosulfatibacteraceae","Dethiosulfatibacter"
"OTU_3458","Bin31",1.04580741004734e-06,"Bacteria","Actinobacteriota","Coriobacteriia","Coriobacteriales","Eggerthellaceae","Parvibacter"
"OTU_3455","Bin114",8.42055590890841e-06,"Bacteria","Firmicutes","Clostridia","Peptostreptococcales-Tissierellales","Anaerovoracaceae","uncultured__bacterium"
"OTU_3454","Bin119",8.21730351708105e-07,"Bacteria","Firmicutes","Clostridia","Clostridiales","Clostridiaceae","Clostridium__sensu__stricto__7"
"OTU_3456","Bin102",2.69138168181741e-06,"Bacteria","Firmicutes","Clostridia","Peptostreptococcales-Tissierellales","Dethiosulfatibacteraceae","Dethiosulfatibacter"
"OTU_3457","Bin114",3.41080351168532e-06,"Bacteria","Firmicutes","Clostridia","Peptostreptococcales-Tissierellales","Anaerovoracaceae","uncultured__bacterium"
"OTU_3460","Bin102",2.76986112205279e-06,"Bacteria","Firmicutes","Clostridia","Peptostreptococcales-Tissierellales","Dethiosulfatibacteraceae","Dethiosulfatibacter"
"OTU_3468","Bin64",3.00053953176733e-06,"Bacteria","Patescibacteria","Microgenomatia","Candidatus__Shapirobacteria","uncultured__bacterium","uncultured__bacterium"
"OTU_3464","Bin112",0.00823493964855308,"Bacteria","Firmicutes","Clostridia","Peptostreptococcales-Tissierellales","Peptostreptococcaceae","Peptoclostridium"
"OTU_3467","Bin64",5.88988927779864e-06,"Bacteria","Patescibacteria","Microgenomatia","Candidatus__Woesebacteria","uncultured__bacterium","uncultured__bacterium"
"OTU_3459","Bin116",1.22161028293487e-06,"Bacteria","Firmicutes","Clostridia","Peptostreptococcales-Tissierellales","Fusibacteraceae","Fusibacter"
"OTU_3463","Bin102",1.89677800367136e-05,"Bacteria","Firmicutes","Clostridia","Peptostreptococcales-Tissierellales","Dethiosulfatibacteraceae","Dethiosulfatibacter"
"OTU_3461","Bin102",6.76143762303984e-06,"Bacteria","Firmicutes","Clostridia","Peptostreptococcales-Tissierellales","Dethiosulfatibacteraceae","Dethiosulfatibacter"
"OTU_3462","Bin117",0.000131436449810023,"Bacteria","Firmicutes","Clostridia","Peptostreptococcales-Tissierellales","Fusibacteraceae","Fusibacter"
"OTU_3470","Bin100",2.79796714039143e-06,"Bacteria","Fusobacteriota","Fusobacteriia","Fusobacteriales","Fusobacteriaceae","Fusobacterium"
"OTU_3466","Bin94",4.46264394245476e-06,"Bacteria","Deinococcota","Deinococci","Deinococcales","Trueperaceae","Truepera"
"OTU_3474","Bin64",4.25131222155036e-05,"Bacteria","Patescibacteria","WWE3","uncultured__candidate__division__WWE3__bacterium","uncultured__bacterium","uncultured__bacterium"
"OTU_3473","Bin64",3.04063104884206e-05,"Bacteria","Patescibacteria","WWE3","candidate__division__WWE3__bacterium__RIFOXYA1_FULL_40_11","uncultured__bacterium","uncultured__bacterium"
"OTU_3472","Bin64",5.4427364542648e-06,"Bacteria","Patescibacteria","WWE3","uncultured__anaerobic__bacterium","uncultured__bacterium","uncultured__bacterium"
"OTU_3465","Bin112",6.88027603344097e-06,"Bacteria","Firmicutes","Clostridia","Peptostreptococcales-Tissierellales","Peptostreptococcaceae","Peptoclostridium"
"OTU_3471","Bin29",6.54075973005138e-06,"Bacteria","Actinobacteriota","Actinobacteria","Micrococcales","Bogoriellaceae","Georgenia"
"OTU_3475","Bin64",3.53982877255479e-05,"Bacteria","Patescibacteria","WWE3","uncultured__candidate__division__WWE3__bacterium","uncultured__bacterium","uncultured__bacterium"
"OTU_3478","Bin64",8.64489053759413e-06,"Bacteria","Patescibacteria","WWE3","uncultured__anaerobic__bacterium","uncultured__bacterium","uncultured__bacterium"
"OTU_3476","Bin64",1.541597381575e-05,"Bacteria","Patescibacteria","WWE3","uncultured__candidate__division__WWE3__bacterium","uncultured__bacterium","uncultured__bacterium"
"OTU_3479","Bin64",5.38729068349197e-06,"Bacteria","Patescibacteria","WWE3","uncultured__anaerobic__bacterium","uncultured__bacterium","uncultured__bacterium"
"OTU_3480","Bin64",9.94824749668244e-06,"Bacteria","Patescibacteria","WWE3","uncultured__bacterium","uncultured__bacterium","uncultured__bacterium"
"OTU_3481","Bin64",1.1868690797643e-05,"Bacteria","Patescibacteria","WWE3","uncultured__bacterium","uncultured__bacterium","uncultured__bacterium"
"OTU_3477","Bin64",9.67394544772992e-06,"Bacteria","Patescibacteria","WWE3","candidate__division__WWE3__bacterium__RIFOXYA1_FULL_40_11","uncultured__bacterium","uncultured__bacterium"
"OTU_3483","Bin64",2.35753565542365e-06,"Bacteria","Patescibacteria","WWE3","uncultured__candidate__division__WWE3__bacterium","uncultured__bacterium","uncultured__bacterium"
"OTU_3482","Bin64",2.01955871430643e-06,"Bacteria","Patescibacteria","WWE3","metagenome","uncultured__bacterium","uncultured__bacterium"
"OTU_3485","Bin107",9.66359038531687e-07,"Bacteria","Firmicutes","Clostridia","Peptostreptococcales-Tissierellales","uncultured","marine__sediment__metagenome"
"OTU_3486","Bin8",3.37910306030338e-06,"Bacteria","Spirochaetota","Spirochaetia","Spirochaetales","Spirochaetaceae","Sphaerochaeta"
"OTU_3487","Bin8",9.91827981052365e-07,"Bacteria","Spirochaetota","Spirochaetia","Spirochaetales","Spirochaetaceae","Sphaerochaeta"
"OTU_3490","Bin34",2.1960329053235e-06,"Bacteria","Bacteroidota","Bacteroidia","Bacteroidales","Marinifilaceae","Marinifilum"
"OTU_3484","Bin113",3.0680421141022e-06,"Bacteria","Firmicutes","Clostridia","Peptostreptococcales-Tissierellales","Fusibacteraceae","Fusibacter"
"OTU_3495","Bin74",1.98516752587426e-06,"Bacteria","Proteobacteria","Gammaproteobacteria","Vibrionales","Vibrionaceae","Vibrio"
"OTU_3488","Bin73",3.67266247493317e-06,"Bacteria","Proteobacteria","Gammaproteobacteria","Vibrionales","Vibrionaceae","Vibrio"
"OTU_3496","Bin77",3.81274539782567e-07,"Bacteria","Proteobacteria","Gammaproteobacteria","Alteromonadales","Shewanellaceae","Shewanella"
"OTU_3494","Bin34",1.16685217682676e-06,"Bacteria","Bacteroidota","Bacteroidia","Bacteroidales","Marinifilaceae","Marinifilum"
