"Bins","Group","Process","Relative importance","Family","Phylum","Rank_within_group_process"
"Bin75","D3","HoS",0.338319614292688,"Vibrionaceae","Proteobacteria",1
"Bin100","D3","HoS",0.323074993330754,"Fusobacteriaceae","Fusobacteriota",2
"Bin100","D6","HoS",0.256298581775384,"Fusobacteriaceae","Fusobacteriota",1
"Bin100","D5","HoS",0.238288347890337,"Fusobacteriaceae","Fusobacteriota",1
"Bin75","D5","HoS",0.218093959032613,"Vibrionaceae","Proteobacteria",2
"Bin100","D7","DR",0.143106690896227,"Fusobacteriaceae","Fusobacteriota",1
"Bin107","D0","DR",0.133989621038099,"uncultured","Firmicutes",1
"Bin75","D6","HoS",0.129798685371658,"Vibrionaceae","Proteobacteria",2
"Bin75","D5","DR",0.119058761700767,"Vibrionaceae","Proteobacteria",1
"Bin100","D7","HoS",0.116159597544655,"Fusobacteriaceae","Fusobacteriota",1
"Bin100","D3","DR",0.112901437197821,"Fusobacteriaceae","Fusobacteriota",1
"Bin71","D6","HoS",0.109182338727923,"Shewanellaceae","Proteobacteria",3
"Bin100","D6","DR",0.104670080376048,"Fusobacteriaceae","Fusobacteriota",1
"Bin107","D1","HoS",0.0930138092550458,"uncultured","Firmicutes",1
"Bin100","D1","DR",0.0885349770924103,"Fusobacteriaceae","Fusobacteriota",1
"Bin46","D1","HoS",0.0832223360395384,"Bacteroidaceae","Bacteroidota",2
"Bin73","D5","DL",0.0830497441865856,"Vibrionaceae","Proteobacteria",1
"Bin54","D7","HoS",0.0783393517168692,"Prolixibacteraceae","Bacteroidota",2
"Bin73","D5","DR",0.069041217949203,"Vibrionaceae","Proteobacteria",2
"Bin54","D6","HoS",0.0659106264769272,"Prolixibacteraceae","Bacteroidota",4
"Bin100","D5","DR",0.0659001213675158,"Fusobacteriaceae","Fusobacteriota",3
"Bin89","D0","DR",0.0652750685962259,"Clostridiaceae","Firmicutes",2
"Bin75","D7","HoS",0.0595547249393364,"Vibrionaceae","Proteobacteria",3
"Bin89","D0","DL",0.0592932433145298,"Clostridiaceae","Firmicutes",1
"Bin34","D7","DR",0.0580246132891409,"Marinifilaceae","Bacteroidota",2
"Bin100","D1","DL",0.0568942548048797,"Fusobacteriaceae","Fusobacteriota",1
"Bin73","D3","DR",0.051834286096128,"Vibrionaceae","Proteobacteria",2
"Bin102","D0","HoS",0.0483314740686,"Dethiosulfatibacteraceae","Firmicutes",1
"Bin34","D7","HoS",0.0443113735553673,"Marinifilaceae","Bacteroidota",4
"Bin71","D7","HoS",0.0426491027101956,"Shewanellaceae","Proteobacteria",5
"Bin100","D1","HoS",0.0422603283395954,"Fusobacteriaceae","Fusobacteriota",3
"Bin109","D1","HoS",0.040775929334161,"livecontrolB21","Firmicutes",4
"Bin93","D6","HoS",0.0406298795967137,"Exiguobacteraceae","Firmicutes",5
"Bin71","D7","DR",0.039362620113517,"Shewanellaceae","Proteobacteria",3
"Bin93","D7","HoS",0.0384673811559091,"Exiguobacteraceae","Firmicutes",6
"Bin101","D7","HoS",0.0372564687946593,"Fusobacteriaceae","Fusobacteriota",7
"Bin104","D1","HoS",0.035892126771738,"Dethiosulfatibacteraceae","Firmicutes",5
"Bin34","D1","HoS",0.0331021718881773,"Marinifilaceae","Bacteroidota",6
"Bin54","D5","HoS",0.0320310343544554,"Prolixibacteraceae","Bacteroidota",3
"Bin94","D7","HoS",0.0316566250465147,"Carnobacteriaceae","Firmicutes",8
"Bin111","D0","DL",0.031192081826171,"Peptostreptococcaceae","Firmicutes",2
"Bin100","D0","DR",0.0294705716738997,"Fusobacteriaceae","Fusobacteriota",3
"Bin111","D0","DR",0.0273688985717498,"Peptostreptococcaceae","Firmicutes",4
"Bin54","D3","HoS",0.0273121649786819,"Prolixibacteraceae","Bacteroidota",3
"Bin75","D6","DR",0.0269744168942278,"Vibrionaceae","Proteobacteria",2
"Bin102","D1","DL",0.0264192840868757,"Dethiosulfatibacteraceae","Firmicutes",2
"Bin94","D7","DL",0.0261457350548855,"Carnobacteriaceae","Firmicutes",1
"Bin101","D1","HoS",0.0258186897505121,"Fusobacteriaceae","Fusobacteriota",7
"Bin56","D1","HoS",0.0254559811247651,"Prolixibacteraceae","Bacteroidota",8
"Bin57","D0","DL",0.0242036257270876,"Bacteroidetes__vadinHA17","Bacteroidota",3
"Bin48","D1","DL",0.0231997977716816,"Lentimicrobiaceae","Bacteroidota",3
"Bin89","D1","DR",0.0219643391825802,"Clostridiaceae","Firmicutes",2
"Bin102","D3","DR",0.0211626800057764,"Dethiosulfatibacteraceae","Firmicutes",3
"Bin102","D6","HoS",0.0207465691762006,"Dethiosulfatibacteraceae","Firmicutes",6
"Bin102","D1","HoS",0.020720423564575,"Dethiosulfatibacteraceae","Firmicutes",9
"Bin73","D5","HoS",0.0204579453679366,"Vibrionaceae","Proteobacteria",4
"Bin73","D6","DR",0.0193005967860979,"Vibrionaceae","Proteobacteria",3
"Bin50","D0","HoS",0.0185097465192656,"Marinilabiliaceae","Bacteroidota",2
"Bin56","D1","DL",0.0184479871398899,"Prolixibacteraceae","Bacteroidota",4
"Bin71","D7","DL",0.0182022567046799,"Shewanellaceae","Proteobacteria",2
"Bin92","D1","HoS",0.0181618059681112,"Izemoplasmataceae","Firmicutes",10
"Bin93","D7","DL",0.01799981559329,"Exiguobacteraceae","Firmicutes",3
"Bin57","D0","DR",0.0178079988831746,"Bacteroidetes__vadinHA17","Bacteroidota",5
"Bin56","D0","HoS",0.0172036287175767,"Prolixibacteraceae","Bacteroidota",3
"Bin34","D6","DR",0.0166878877815428,"Marinifilaceae","Bacteroidota",4
"Bin113","D0","DR",0.0166483466492427,"Fusibacteraceae","Firmicutes",6
"Bin107","D1","DL",0.0165891309341177,"uncultured","Firmicutes",5
"Bin73","D7","DL",0.0159514559868775,"Vibrionaceae","Proteobacteria",4
"Bin107","D0","HoS",0.0158906680276452,"uncultured","Firmicutes",4
"Bin39","D0","HoS",0.0154724809771861,"Marinifilaceae","Bacteroidota",5
"Bin100","D0","DL",0.0154437397631929,"Fusobacteriaceae","Fusobacteriota",4
"Bin109","D0","HoS",0.0150821236928578,"livecontrolB21","Firmicutes",6
"Bin69","D1","HoS",0.0148722171824192,"uncultured__bacterium","Cyanobacteria",11
"Bin71","D5","HoS",0.0145235197360455,"Shewanellaceae","Proteobacteria",5
"Bin73","D7","DR",0.0141222469414269,"Vibrionaceae","Proteobacteria",4
"Bin9","D1","HoS",0.0138503605645138,"Spirochaetaceae","Spirochaetota",12
"Bin107","D1","DR",0.0137636204801173,"uncultured","Firmicutes",3
"Bin85","D7","DR",0.0134383870570807,"Desulfovibrionaceae","Desulfobacterota",5
"Bin112","D6","HoS",0.0132780335358555,"Peptostreptococcaceae","Firmicutes",7
"Bin106","D0","DR",0.0129181007471027,"JTB215","Firmicutes",7
"Bin94","D0","DR",0.0125899665827577,"Carnobacteriaceae","Firmicutes",8
"Bin75","D5","DL",0.0124939635468737,"Vibrionaceae","Proteobacteria",2
"Bin46","D6","HoS",0.0122938582087932,"Bacteroidaceae","Bacteroidota",8
"Bin17","D0","DL",0.0122449614498756,"Anaerolineaceae","Chloroflexi",5
"Bin34","D3","HoS",0.0122413284181406,"Marinifilaceae","Bacteroidota",4
"Bin93","D7","DR",0.0121257668077391,"Exiguobacteraceae","Firmicutes",6
"Bin106","D0","DL",0.0120407935408672,"JTB215","Firmicutes",6
"Bin119","D6","HoS",0.0119723758650163,"Fusibacteraceae","Firmicutes",9
"Bin112","D7","HoS",0.011884589569803,"Peptostreptococcaceae","Firmicutes",9
"Bin102","D5","HoS",0.0118286906449912,"Dethiosulfatibacteraceae","Firmicutes",6
"Bin105","D0","HoS",0.011503363187456,"Fermentibacteraceae","Fermentibacterota",7
"Bin74","D6","DL",0.0114224505439825,"Vibrionaceae","Proteobacteria",1
"Bin113","D0","HoS",0.0113918922440008,"Fusibacteraceae","Firmicutes",8
"Bin112","D1","HoS",0.0112268468713817,"Peptostreptococcaceae","Firmicutes",13
"Bin113","D1","HoS",0.0111379369645698,"Fusibacteraceae","Firmicutes",14
"Bin33","D7","DL",0.0109638412076013,"Marinifilaceae","Bacteroidota",5
"Bin16","D0","DL",0.0109531641734371,"uncultured__bacterium","Chloroflexi",7
"Bin71","D6","DR",0.0101764011783227,"Shewanellaceae","Proteobacteria",5
"Bin122","D0","HoS",0.0100922837470671,"uncultured","Firmicutes",9
"Bin73","D6","DL",0.00987948568253052,"Vibrionaceae","Proteobacteria",2
"Bin8","D1","DL",0.00958401700192548,"Spirochaetaceae","Spirochaetota",6
"Bin9","D5","DL",0.00911109413327058,"Spirochaetaceae","Spirochaetota",3
"Bin85","D6","DR",0.00872131341694391,"Desulfovibrionaceae","Desulfobacterota",6
"Bin6","D5","HoS",0.00840627051595853,"Arcobacteraceae","Campilobacterota",7
"Bin122","D1","HoS",0.00819470953313284,"uncultured","Firmicutes",15
"Bin6","D3","HoS",0.00812781468673691,"Arcobacteraceae","Campilobacterota",5
"Bin85","D5","DR",0.00807028308603423,"Desulfovibrionaceae","Desulfobacterota",4
"Bin39","D1","HoS",0.00803920817138627,"Marinifilaceae","Bacteroidota",16
"Bin34","D6","HoS",0.0080340213375735,"Marinifilaceae","Bacteroidota",10
"Bin29","D0","DL",0.00784130598492091,"Bogoriellaceae","Actinobacteriota",8
"Bin85","D3","DR",0.0075784361908769,"Desulfovibrionaceae","Desulfobacterota",4
"Bin102","D6","DR",0.00715671282871504,"Dethiosulfatibacteraceae","Firmicutes",7
"Bin118","D1","HoS",0.00709622452360298,"Guggenheimella","Firmicutes",17
"Bin2","D1","DL",0.00707261613279214,"MSBL8","Cloacimonadota",7
"Bin46","D5","HoS",0.00692656510327508,"Bacteroidaceae","Bacteroidota",8
"Bin106","D1","DR",0.00670037360388911,"JTB215","Firmicutes",4
"Bin78","D0","DR",0.00655036263483766,"Rhodobacteraceae","Proteobacteria",9
"Bin1","D1","DL",0.0065443074504161,"LK-44f","Cloacimonadota",8
"Bin53","D7","HoS",0.00644823067638364,"Prolixibacteraceae","Bacteroidota",10
"Bin104","D0","HoS",0.00638759609594116,"Dethiosulfatibacteraceae","Firmicutes",10
"Bin74","D3","HoS",0.0063871947194923,"Vibrionaceae","Proteobacteria",6
"Bin102","D5","DR",0.00637258040166559,"Dethiosulfatibacteraceae","Firmicutes",5
"Bin115","D1","DL",0.00632465198449529,"Anaerovoracaceae","Firmicutes",9
"Bin83","D0","DL",0.00628969370474665,"Desulfobacteraceae","Desulfobacterota",9
"Bin13","D1","HoS",0.00618432585132194,"uncultured","Firmicutes",18
"Bin88","D0","DL",0.00617078709361559,"Synergistaceae","Synergistota",10
"Bin18","D0","DL",0.00608734785506075,"Anaerolineaceae","Chloroflexi",11
"Bin38","D1","DL",0.00606927569782027,"Rikenellaceae","Bacteroidota",10
"Bin102","D7","HoS",0.00604992929332896,"Dethiosulfatibacteraceae","Firmicutes",11
"Bin59","D0","DL",0.00601591500278135,"Marinilabiliaceae","Bacteroidota",12
"Bin114","D3","HoS",0.00593744434589739,"Anaerovoracaceae","Firmicutes",7
"Bin119","D3","DR",0.005927238956179,"Fusibacteraceae","Firmicutes",5
"Bin82","D0","DL",0.00589070967191905,"Desulfobulbaceae","Desulfobacterota",13
"Bin27","D0","DL",0.00586906517645661,"Ilumatobacteraceae","Actinobacteriota",14
"Bin119","D7","HoS",0.00582269081266261,"Fusibacteraceae","Firmicutes",12
"Bin93","D6","DL",0.0056872606193889,"Exiguobacteraceae","Firmicutes",3
"Bin43","D1","DL",0.00563366678274821,"Prolixibacteraceae","Bacteroidota",11
"Bin110","D1","DL",0.00550058080282038,"uncultured","Actinobacteriota",12
"Bin78","D7","HoS",0.00543941367497188,"Rhodobacteraceae","Proteobacteria",13
"Bin101","D7","DR",0.00542773195057244,"Fusobacteriaceae","Fusobacteriota",7
"Bin105","D1","HoS",0.00538465542685221,"Fermentibacteraceae","Fermentibacterota",19
"Bin85","D7","HoS",0.00534926470482614,"Desulfovibrionaceae","Desulfobacterota",14
"Bin62","D1","DL",0.00529852078731404,"uncultured__bacterium","Bacteroidota",13
"Bin119","D5","HoS",0.00524699916702924,"Fusibacteraceae","Firmicutes",9
"Bin101","D0","HoS",0.00518359638653229,"Fusobacteriaceae","Fusobacteriota",11
"Bin30","D0","DL",0.00518280881125981,"uncultured__bacterium","Actinobacteriota",15
"Bin78","D7","DL",0.00517759098089619,"Rhodobacteraceae","Proteobacteria",6
"Bin5","D1","DL",0.00514578009684505,"Sulfurovaceae","Campilobacterota",14
"Bin17","D0","DR",0.00513299841617408,"Anaerolineaceae","Chloroflexi",10
"Bin119","D5","DR",0.00512108864813244,"Fusibacteraceae","Firmicutes",6
"Bin21","D0","DL",0.00508098092700861,"uncultured__bacterium","Chloroflexi",16
"Bin6","D7","DR",0.0050602252184772,"Arcobacteraceae","Campilobacterota",8
"Bin56","D3","DR",0.00502318921069606,"Prolixibacteraceae","Bacteroidota",6
"Bin34","D5","DR",0.00500516047250085,"Marinifilaceae","Bacteroidota",7
"Bin22","D0","DL",0.00497739096069627,"Petrotogaceae","Thermotogota",17
"Bin19","D0","DL",0.0048516444784575,"Anaerolineaceae","Chloroflexi",18
"Bin6","D1","DR",0.00477974696538219,"Arcobacteraceae","Campilobacterota",5
"Bin34","D0","HoS",0.00475315845299587,"Marinifilaceae","Bacteroidota",12
"Bin115","D0","DL",0.00463502991135307,"Anaerovoracaceae","Firmicutes",19
"Bin13","D0","HoS",0.00461180246283942,"uncultured","Firmicutes",13
"Bin102","D7","DR",0.00454357490143093,"Dethiosulfatibacteraceae","Firmicutes",9
"Bin112","D5","HoS",0.00453002604915524,"Peptostreptococcaceae","Firmicutes",10
"Bin102","D1","DR",0.00450625697728236,"Dethiosulfatibacteraceae","Firmicutes",6
"Bin36","D1","DL",0.00450384583115238,"Marinilabiliaceae","Bacteroidota",15
"Bin73","D7","HoS",0.00449468780011409,"Vibrionaceae","Proteobacteria",15
"Bin46","D3","HoS",0.00436225978955463,"Bacteroidaceae","Bacteroidota",8
"Bin77","D5","HoS",0.00426501268293098,"Rhodospirillaceae","Proteobacteria",11
"Bin85","D6","HoS",0.00425868244414541,"Desulfovibrionaceae","Desulfobacterota",11
"Bin34","D5","HoS",0.00424696784254129,"Marinifilaceae","Bacteroidota",12
"Bin74","D5","HoS",0.0042222856735189,"Vibrionaceae","Proteobacteria",13
"Bin61","D1","DL",0.00414576351132901,"Lentimicrobiaceae","Bacteroidota",16
"Bin16","D0","DR",0.00414024782970235,"uncultured__bacterium","Chloroflexi",11
"Bin75","D7","DR",0.00413726811947224,"Vibrionaceae","Proteobacteria",10
"Bin41","D0","HoS",0.00410201687010769,"Marinilabiliaceae","Bacteroidota",14
"Bin52","D1","DL",0.00404830951920136,"Prolixibacteraceae","Bacteroidota",17
"Bin102","D3","HoS",0.00402673961773553,"Dethiosulfatibacteraceae","Firmicutes",9
"Bin93","D0","DR",0.00389938821995387,"Exiguobacteraceae","Firmicutes",12
"Bin35","D3","HoS",0.00389736872151479,"Marinilabiliaceae","Bacteroidota",10
"Bin74","D5","DR",0.00389251295867881,"Vibrionaceae","Proteobacteria",8
"Bin9","D5","DR",0.00388251951084536,"Spirochaetaceae","Spirochaetota",9
"Bin28","D0","DL",0.00386769916973066,"Propionibacteriaceae","Actinobacteriota",20
"Bin65","D0","HoS",0.00380824721530719,"uncultured__bacterium","Patescibacteria",15
"Bin15","D0","DL",0.00380316854241787,"uncultured__Chloroflexi__bacterium","Chloroflexi",21
"Bin96","D1","DL",0.00378442757973383,"Oscillospiraceae","Firmicutes",18
"Bin112","D3","HoS",0.00370807508518734,"Peptostreptococcaceae","Firmicutes",11
"Bin9","D3","HoS",0.00366715639397138,"Spirochaetaceae","Spirochaetota",12
"Bin57","D1","DR",0.00365756094361924,"Bacteroidetes__vadinHA17","Bacteroidota",7
"Bin61","D0","DL",0.00365290850970267,"Lentimicrobiaceae","Bacteroidota",22
"Bin45","D1","DL",0.00360616067798005,"Marinilabiliaceae","Bacteroidota",19
"Bin101","D6","HoS",0.00345816816807685,"Fusobacteriaceae","Fusobacteriota",12
"Bin31","D0","HoS",0.00337448820229034,"uncultured__bacterium","Actinobacteriota",16
"Bin112","D0","DR",0.00334791043929035,"Peptostreptococcaceae","Firmicutes",13
"Bin87","D0","DL",0.00334339197751837,"uncultured__bacterium","Acidobacteriota",23
"Bin62","D0","DR",0.00323029925381427,"uncultured__bacterium","Bacteroidota",14
"Bin50","D1","HoS",0.00322046696412644,"Marinilabiliaceae","Bacteroidota",20
"Bin70","D1","HoS",0.00319023056834272,"uncultured__bacterium","Marinimicrobia__(SAR406__clade)",21
"Bin22","D0","DR",0.0031713459913786,"Petrotogaceae","Thermotogota",15
"Bin95","D0","DL",0.00313385600925882,"Peptococcaceae","Firmicutes",24
"Bin9","D6","DR",0.00308899530825311,"Spirochaetaceae","Spirochaetota",8
"Bin53","D3","HoS",0.00307759769757597,"Prolixibacteraceae","Bacteroidota",13
"Bin34","D3","DR",0.00306279986742165,"Marinifilaceae","Bacteroidota",7
"Bin96","D0","HoS",0.00303692662234764,"Oscillospiraceae","Firmicutes",17
"Bin115","D0","DR",0.00303628740370073,"Anaerovoracaceae","Firmicutes",16
"Bin54","D7","DR",0.00303144520971657,"Prolixibacteraceae","Bacteroidota",11
"Bin72","D5","HoS",0.00302457414213841,"Vibrionaceae","Proteobacteria",14
"Bin54","D1","HoS",0.00300871053284472,"Prolixibacteraceae","Bacteroidota",22
"Bin89","D3","HoS",0.00299122507413997,"Clostridiaceae","Firmicutes",14
"Bin9","D6","HoS",0.00292783424162114,"Spirochaetaceae","Spirochaetota",13
"Bin14","D0","DL",0.00288278722574915,"JG30-KF-CM45","Chloroflexi",25
"Bin23","D0","DL",0.0028421285643254,"uncultured__bacterium","Caldatribacteriota",26
"Bin62","D0","DL",0.00282862630036521,"uncultured__bacterium","Bacteroidota",27
"Bin71","D3","DR",0.00280220317214474,"Shewanellaceae","Proteobacteria",8
"Bin108","D0","HoS",0.00272921068489182,"JTB215","Firmicutes",18
"Bin85","D0","DR",0.00267757637160932,"Desulfovibrionaceae","Desulfobacterota",17
"Bin33","D7","HoS",0.00262405879122119,"Marinifilaceae","Bacteroidota",16
"Bin118","D0","DL",0.00261274625001554,"Guggenheimella","Firmicutes",28
"Bin26","D0","DL",0.00260880886466459,"uncultured","Actinobacteriota",29
"Bin114","D1","HoS",0.00260415794652035,"Anaerovoracaceae","Firmicutes",23
"Bin54","D0","HoS",0.00257918175896688,"Prolixibacteraceae","Bacteroidota",19
"Bin22","D1","DL",0.00257260976349309,"Petrotogaceae","Thermotogota",20
"Bin83","D1","HoS",0.00255580506906661,"Desulfobacteraceae","Desulfobacterota",24
"Bin56","D7","DR",0.00253770084269053,"Prolixibacteraceae","Bacteroidota",12
"Bin101","D6","DR",0.00252789996862338,"Fusobacteriaceae","Fusobacteriota",9
"Bin18","D0","DR",0.00251946470570966,"Anaerolineaceae","Chloroflexi",18
"Bin88","D1","HoS",0.00250747611732581,"Synergistaceae","Synergistota",25
"Bin59","D1","DL",0.00250458661494747,"Marinilabiliaceae","Bacteroidota",21
"Bin94","D7","DR",0.00246654623605814,"Carnobacteriaceae","Firmicutes",13
"Bin61","D0","DR",0.00245176850980499,"Lentimicrobiaceae","Bacteroidota",19
"Bin88","D0","DR",0.00243481790498446,"Synergistaceae","Synergistota",20
"Bin29","D0","HoS",0.00243388671320574,"Bogoriellaceae","Actinobacteriota",20
"Bin94","D6","DR",0.00242593066575336,"Carnobacteriaceae","Firmicutes",10
"Bin41","D1","DL",0.00240461396922934,"Marinilabiliaceae","Bacteroidota",22
"Bin46","D0","HoS",0.00238002011736516,"Bacteroidaceae","Bacteroidota",21
"Bin9","D0","HoS",0.00236693441017459,"Spirochaetaceae","Spirochaetota",22
"Bin6","D7","HoS",0.00233615275534801,"Arcobacteraceae","Campilobacterota",17
"Bin48","D1","DR",0.0023348686086043,"Lentimicrobiaceae","Bacteroidota",8
"Bin33","D7","DR",0.00232596410382184,"Marinifilaceae","Bacteroidota",14
"Bin106","D5","HoS",0.00232244056094359,"JTB215","Firmicutes",15
"Bin91","D0","DR",0.00229977902111613,"Erysipelotrichaceae","Firmicutes",21
"Bin32","D0","DL",0.00227050335541198,"Flavobacteriaceae","Bacteroidota",30
"Bin106","D1","DL",0.00226731571466133,"JTB215","Firmicutes",23
"Bin115","D3","DR",0.00226111717585492,"Anaerovoracaceae","Firmicutes",9
"Bin106","D0","HoS",0.00222642119282024,"JTB215","Firmicutes",23
"Bin118","D0","DR",0.00220393881394945,"Guggenheimella","Firmicutes",22
"Bin93","D6","DR",0.00216699638799939,"Exiguobacteraceae","Firmicutes",11
"Bin122","D3","HoS",0.00215982430648401,"uncultured","Firmicutes",15
"Bin53","D1","HoS",0.00214434868132039,"Prolixibacteraceae","Bacteroidota",26
"Bin90","D0","DL",0.00212275056630232,"uncultured__bacterium","Firmicutes",31
"Bin103","D1","HoS",0.00211833457573778,"Dethiosulfatibacteraceae","Firmicutes",27
"Bin82","D0","DR",0.00211031172525749,"Desulfobulbaceae","Desulfobacterota",23
"Bin34","D0","DR",0.00208653629178298,"Marinifilaceae","Bacteroidota",24
"Bin78","D7","DR",0.00208441754715862,"Rhodobacteraceae","Proteobacteria",15
"Bin57","D1","HoS",0.00206816044424614,"Bacteroidetes__vadinHA17","Bacteroidota",28
"Bin79","D0","DL",0.00205740242681282,"Stappiaceae","Proteobacteria",32
"Bin56","D0","DR",0.00204013744002011,"Prolixibacteraceae","Bacteroidota",25
"Bin49","D1","DL",0.00201637192727517,"Marinilabiliaceae","Bacteroidota",24
"Bin84","D3","DR",0.00201426542704196,"Desulfovibrionaceae","Desulfobacterota",10
"Bin25","D0","DL",0.00200446781229719,"uncultured__bacterium","Latescibacterota",33
"Bin91","D0","DL",0.00200263265130145,"Erysipelotrichaceae","Firmicutes",34
"Bin51","D0","HoS",0.00200137291706888,"Prolixibacteraceae","Bacteroidota",24
"Bin84","D5","HoS",0.00198854488327113,"Desulfovibrionaceae","Desulfobacterota",16
"Bin29","D0","DR",0.00197090538667336,"Bogoriellaceae","Actinobacteriota",26
"Bin41","D1","HoS",0.00193388183272863,"Marinilabiliaceae","Bacteroidota",29
"Bin107","D3","HoS",0.00191425342832509,"uncultured","Firmicutes",16
"Bin116","D6","HoS",0.00189505975682848,"Fusibacteraceae","Firmicutes",14
"Bin5","D0","HoS",0.00188841699258926,"Sulfurovaceae","Campilobacterota",25
"Bin114","D5","HoS",0.00188454760052338,"Anaerovoracaceae","Firmicutes",17
"Bin33","D6","DR",0.00187460337454611,"Marinifilaceae","Bacteroidota",12
"Bin27","D0","DR",0.00185474288730972,"Ilumatobacteraceae","Actinobacteriota",27
"Bin118","D5","HoS",0.00182791424769422,"Guggenheimella","Firmicutes",18
"Bin19","D0","DR",0.00182791423977638,"Anaerolineaceae","Chloroflexi",28
"Bin59","D0","DR",0.00180427957908713,"Marinilabiliaceae","Bacteroidota",29
"Bin89","D5","HoS",0.00179645025354269,"Clostridiaceae","Firmicutes",19
"Bin77","D3","HoS",0.00175671438753673,"Rhodospirillaceae","Proteobacteria",17
"Bin76","D0","DL",0.00174749453786702,"Rhodocyclaceae","Proteobacteria",35
"Bin29","D1","HoS",0.00172760554697436,"Bogoriellaceae","Actinobacteriota",30
"Bin84","D5","DR",0.0017245437836404,"Desulfovibrionaceae","Desulfobacterota",10
"Bin74","D6","HoS",0.00171962765853499,"Vibrionaceae","Proteobacteria",15
"Bin106","D3","HoS",0.0016971208463649,"JTB215","Firmicutes",18
"Bin90","D0","DR",0.00168577056720986,"uncultured__bacterium","Firmicutes",30
"Bin118","D3","HoS",0.001652313584113,"Guggenheimella","Firmicutes",19
"Bin53","D0","HoS",0.00163469837810337,"Prolixibacteraceae","Bacteroidota",26
"Bin22","D1","HoS",0.0016336504461509,"Petrotogaceae","Thermotogota",31
"Bin9","D7","HoS",0.0016217955935623,"Spirochaetaceae","Spirochaetota",18
"Bin112","D6","DR",0.00162114173293599,"Peptostreptococcaceae","Firmicutes",13
"Bin111","D1","DR",0.00161400485765786,"Peptostreptococcaceae","Firmicutes",9
"Bin115","D1","DR",0.00161370937738488,"Anaerovoracaceae","Firmicutes",10
"Bin28","D0","DR",0.00161127451450895,"Propionibacteriaceae","Actinobacteriota",31
"Bin71","D0","HoS",0.00160293125353238,"Shewanellaceae","Proteobacteria",27
"Bin44","D1","DL",0.00159092336203682,"Williamwhitmaniaceae","Bacteroidota",25
"Bin80","D1","HoS",0.00158045595559239,"uncultured__bacterium","SAR324__clade(Marine__group__B)",32
"Bin24","D0","DL",0.0015803517697836,"uncultured__bacterium","Verrucomicrobiota",36
"Bin20","D0","DL",0.00156911832101529,"uncultured__bacterium","Chloroflexi",37
"Bin103","D1","DL",0.00154493351003378,"Dethiosulfatibacteraceae","Firmicutes",26
"Bin83","D0","DR",0.00152725257140945,"Desulfobacteraceae","Desulfobacterota",32
"Bin51","D0","DL",0.00152442158538489,"Prolixibacteraceae","Bacteroidota",38
"Bin112","D0","DL",0.00152085103065447,"Peptostreptococcaceae","Firmicutes",39
"Bin117","D0","HoS",0.00149386351668516,"Fusibacteraceae","Firmicutes",28
"Bin34","D7","DL",0.00148572871923885,"Marinifilaceae","Bacteroidota",7
"Bin75","D0","HoS",0.00147671019808506,"Vibrionaceae","Proteobacteria",29
"Bin16","D1","DR",0.00144658403887242,"uncultured__bacterium","Chloroflexi",11
"Bin35","D1","DL",0.00140291429788771,"Marinilabiliaceae","Bacteroidota",27
"Bin69","D0","DR",0.00139389267500232,"uncultured__bacterium","Cyanobacteria",33
"Bin10","D1","DL",0.00138025918925612,"Spirochaetaceae","Spirochaetota",28
"Bin6","D7","DL",0.00135939669351141,"Arcobacteraceae","Campilobacterota",8
"Bin96","D1","DR",0.00135922658536746,"Oscillospiraceae","Firmicutes",12
"Bin117","D0","DR",0.0013574855423198,"Fusibacteraceae","Firmicutes",34
"Bin8","D3","DR",0.00135419702631825,"Spirochaetaceae","Spirochaetota",11
"Bin35","D1","DR",0.00134719146302692,"Marinilabiliaceae","Bacteroidota",13
"Bin21","D0","DR",0.00132827278210392,"uncultured__bacterium","Chloroflexi",35
"Bin11","D0","DL",0.00132390655526389,"Leptospiraceae","Spirochaetota",40
"Bin64","D0","DL",0.00132291963185453,"uncultured__bacterium","Patescibacteria",41
"Bin71","D3","HoS",0.00132013313420212,"Shewanellaceae","Proteobacteria",20
"Bin84","D1","DR",0.00131985304777635,"Desulfovibrionaceae","Desulfobacterota",14
"Bin108","D1","HoS",0.00131614146676322,"JTB215","Firmicutes",33
"Bin65","D0","DL",0.00130568873182708,"uncultured__bacterium","Patescibacteria",42
"Bin72","D6","HoS",0.00130149378252464,"Vibrionaceae","Proteobacteria",16
"Bin74","D6","DR",0.00129182826326292,"Vibrionaceae","Proteobacteria",14
"Bin56","D6","DR",0.00129045581726795,"Prolixibacteraceae","Bacteroidota",15
"Bin58","D1","DL",0.00127854192659403,"Marinilabiliaceae","Bacteroidota",29
"Bin106","D3","DR",0.00127819066009441,"JTB215","Firmicutes",12
"Bin96","D0","DL",0.0012732122469653,"Oscillospiraceae","Firmicutes",43
"Bin74","D7","DR",0.00126834353427441,"Vibrionaceae","Proteobacteria",16
"Bin17","D1","DR",0.00126241528349965,"Anaerolineaceae","Chloroflexi",15
"Bin101","D7","DL",0.00126156246478328,"Fusobacteriaceae","Fusobacteriota",9
"Bin15","D0","DR",0.00125997298793815,"uncultured__Chloroflexi__bacterium","Chloroflexi",36
"Bin34","D1","DR",0.00121255791752861,"Marinifilaceae","Bacteroidota",16
"Bin6","D1","DL",0.00121055087499632,"Arcobacteraceae","Campilobacterota",30
"Bin85","D6","DL",0.00117433958585815,"Desulfovibrionaceae","Desulfobacterota",4
"Bin81","D0","DL",0.00116277758494803,"Syntrophotalea","Desulfobacterota",44
"Bin63","D0","DL",0.00114437696203093,"uncultured__bacterium","Patescibacteria",45
"Bin21","D0","HoS",0.00112831684348335,"uncultured__bacterium","Chloroflexi",30
"Bin1","D0","DR",0.00112728090887526,"LK-44f","Cloacimonadota",37
"Bin2","D1","HoS",0.00112677908036253,"MSBL8","Cloacimonadota",34
"Bin86","D0","DL",0.00112552393583778,"uncultured__bacterium","Acidobacteriota",46
"Bin75","D1","HoS",0.00111156531362668,"Vibrionaceae","Proteobacteria",35
"Bin36","D3","DR",0.00107119601863339,"Marinilabiliaceae","Bacteroidota",13
"Bin80","D0","DL",0.00106886292754492,"uncultured__bacterium","SAR324__clade(Marine__group__B)",47
"Bin114","D6","HoS",0.0010569616000255,"Anaerovoracaceae","Firmicutes",17
"Bin59","D1","DR",0.00105684381761148,"Marinilabiliaceae","Bacteroidota",17
"Bin101","D5","DR",0.00105200464461988,"Fusobacteriaceae","Fusobacteriota",11
"Bin53","D6","HoS",0.00104775352346973,"Prolixibacteraceae","Bacteroidota",18
"Bin80","D0","DR",0.00103630907338875,"uncultured__bacterium","SAR324__clade(Marine__group__B)",38
"Bin44","D1","HoS",0.00103141807322591,"Williamwhitmaniaceae","Bacteroidota",36
"Bin116","D5","HoS",0.00102998644001291,"Fusibacteraceae","Firmicutes",20
"Bin95","D0","DR",0.00102898082586019,"Peptococcaceae","Firmicutes",39
"Bin124","D0","HoS",0.00101163898962289,"Bacteroidetes__vadinHA17","Bacteroidota",31
"Bin10","D0","DL",0.00101057136524709,"Spirochaetaceae","Spirochaetota",48
"Bin71","D6","DL",0.000997446186547739,"Shewanellaceae","Proteobacteria",5
"Bin77","D6","HoS",0.000989360684776171,"Rhodospirillaceae","Proteobacteria",19
"Bin6","D6","HoS",0.000975251733542652,"Arcobacteraceae","Campilobacterota",20
"Bin107","D3","DR",0.000972266258978739,"uncultured","Firmicutes",14
"Bin17","D1","HoS",0.000968228402665606,"Anaerolineaceae","Chloroflexi",37
"Bin124","D1","DL",0.00096658536689134,"Bacteroidetes__vadinHA17","Bacteroidota",31
"Bin47","D1","DL",0.000966381095005734,"Prolixibacteraceae","Bacteroidota",32
"Bin9","D5","HoS",0.000940819125844505,"Spirochaetaceae","Spirochaetota",21
"Bin23","D0","DR",0.00094063139439815,"uncultured__bacterium","Caldatribacteriota",40
"Bin80","D1","DL",0.000939138746127989,"uncultured__bacterium","SAR324__clade(Marine__group__B)",33
"Bin41","D1","DR",0.000936986498035016,"Marinilabiliaceae","Bacteroidota",18
"Bin123","D0","HoS",0.00093482241277936,"uncultured","Firmicutes",32
"Bin51","D1","DR",0.00092191367714908,"Prolixibacteraceae","Bacteroidota",19
"Bin30","D0","DR",0.000916315300339642,"uncultured__bacterium","Actinobacteriota",41
"Bin33","D6","HoS",0.000906392712776506,"Marinifilaceae","Bacteroidota",21
"Bin75","D6","DL",0.000897125171675703,"Vibrionaceae","Proteobacteria",6
"Bin93","D5","HoS",0.000895898553492811,"Exiguobacteraceae","Firmicutes",22
"Bin51","D0","DR",0.000890287479002898,"Prolixibacteraceae","Bacteroidota",42
"Bin90","D1","HoS",0.000887440698395145,"uncultured__bacterium","Firmicutes",38
"Bin34","D1","DL",0.000881930221151158,"Marinifilaceae","Bacteroidota",34
"Bin94","D6","HoS",0.000880887998512636,"Carnobacteriaceae","Firmicutes",22
"Bin66","D0","HoS",0.000878578762391621,"uncultured__bacterium","Patescibacteria",33
"Bin38","D0","DR",0.000872223406925901,"Rikenellaceae","Bacteroidota",43
"Bin18","D1","DR",0.000865441264732356,"Anaerolineaceae","Chloroflexi",20
"Bin70","D0","DR",0.00085899896528082,"uncultured__bacterium","Marinimicrobia__(SAR406__clade)",44
"Bin58","D0","DR",0.00085259850664884,"Marinilabiliaceae","Bacteroidota",45
"Bin120","D0","DL",0.000848156994469301,"Lachnospiraceae","Firmicutes",49
"Bin116","D7","HoS",0.000839354922702095,"Fusibacteraceae","Firmicutes",19
"Bin99","D1","DL",0.000838566018539061,"Prolixibacteraceae","Bacteroidota",35
"Bin24","D0","DR",0.000836628893990169,"uncultured__bacterium","Verrucomicrobiota",46
"Bin26","D0","DR",0.000835362674661193,"uncultured","Actinobacteriota",47
"Bin52","D0","DR",0.000835168081898583,"Prolixibacteraceae","Bacteroidota",48
"Bin89","D7","DR",0.000831002744217529,"Clostridiaceae","Firmicutes",17
"Bin95","D1","DR",0.000827869276277831,"Peptococcaceae","Firmicutes",21
"Bin94","D1","DR",0.000824851738486745,"Carnobacteriaceae","Firmicutes",22
"Bin115","D5","DL",0.000820768488940197,"Anaerovoracaceae","Firmicutes",4
"Bin91","D6","DR",0.000818018330574542,"Erysipelotrichaceae","Firmicutes",16
"Bin79","D7","DL",0.000815546888372686,"Stappiaceae","Proteobacteria",10
"Bin79","D0","DR",0.000807745946421953,"Stappiaceae","Proteobacteria",49
"Bin109","D3","HoS",0.000804348725313527,"livecontrolB21","Firmicutes",21
"Bin110","D0","HoS",0.000803141464328435,"uncultured","Actinobacteriota",34
"Bin72","D3","HoS",0.000802796201975404,"Vibrionaceae","Proteobacteria",22
"Bin82","D1","DR",0.000801797159146021,"Desulfobulbaceae","Desulfobacterota",23
"Bin92","D0","DR",0.000792658134971208,"Izemoplasmataceae","Firmicutes",50
"Bin118","D6","HoS",0.000792336647223247,"Guggenheimella","Firmicutes",23
"Bin93","D0","HoS",0.000786686639791158,"Exiguobacteraceae","Firmicutes",35
"Bin44","D0","HoS",0.000783856805950652,"Williamwhitmaniaceae","Bacteroidota",36
"Bin87","D0","DR",0.000779989692359285,"uncultured__bacterium","Acidobacteriota",51
"Bin24","D1","DR",0.000777226326624442,"uncultured__bacterium","Verrucomicrobiota",24
"Bin77","D6","DR",0.000775103912644849,"Rhodospirillaceae","Proteobacteria",17
"Bin4","D1","HoS",0.000768915337422864,"MSBL8","Cloacimonadota",39
"Bin36","D3","DL",0.000766724500072963,"Marinilabiliaceae","Bacteroidota",1
"Bin33","D3","DR",0.0007662224631714,"Marinifilaceae","Bacteroidota",15
"Bin6","D6","DR",0.000764353805862061,"Arcobacteraceae","Campilobacterota",18
"Bin89","D1","DL",0.000762214870352367,"Clostridiaceae","Firmicutes",36
"Bin85","D5","HoS",0.000759889894515312,"Desulfovibrionaceae","Desulfobacterota",23
"Bin19","D1","DR",0.000755110566015487,"Anaerolineaceae","Chloroflexi",25
"Bin78","D6","DR",0.000747463521728525,"Rhodobacteraceae","Proteobacteria",19
"Bin35","D6","HoS",0.000737859620397074,"Marinilabiliaceae","Bacteroidota",24
"Bin7","D1","DL",0.000735330426586028,"Spirochaetaceae","Spirochaetota",37
"Bin117","D0","DL",0.000731420007395538,"Fusibacteraceae","Firmicutes",50
"Bin46","D7","HoS",0.000726676013669292,"Bacteroidaceae","Bacteroidota",20
"Bin84","D6","DR",0.000723329013292301,"Desulfovibrionaceae","Desulfobacterota",20
"Bin77","D5","DR",0.000722834562436028,"Rhodospirillaceae","Proteobacteria",12
"Bin102","D3","DL",0.000717969137981541,"Dethiosulfatibacteraceae","Firmicutes",2
"Bin96","D0","DR",0.000716940734419041,"Oscillospiraceae","Firmicutes",52
"Bin91","D1","DR",0.000710364888172229,"Erysipelotrichaceae","Firmicutes",26
"Bin55","D6","DR",0.000708696971262266,"Prolixibacteraceae","Bacteroidota",21
"Bin93","D0","DL",0.000700505547041851,"Exiguobacteraceae","Firmicutes",51
"Bin48","D3","DR",0.000699304800408604,"Lentimicrobiaceae","Bacteroidota",16
"Bin33","D5","DR",0.000698817091121758,"Marinifilaceae","Bacteroidota",13
"Bin2","D0","DR",0.000698476346017812,"MSBL8","Cloacimonadota",53
"Bin61","D1","DR",0.000681192567726128,"Lentimicrobiaceae","Bacteroidota",27
"Bin79","D1","DR",0.000675235910291993,"Stappiaceae","Proteobacteria",28
"Bin112","D5","DR",0.00066964746441434,"Peptostreptococcaceae","Firmicutes",14
"Bin89","D5","DR",0.00066105915708895,"Clostridiaceae","Firmicutes",15
"Bin23","D1","DR",0.000657342970708465,"uncultured__bacterium","Caldatribacteriota",29
"Bin58","D0","DL",0.000655554260474846,"Marinilabiliaceae","Bacteroidota",52
"Bin121","D0","DR",0.000650771676318913,"Defluviitaleaceae","Firmicutes",54
"Bin60","D0","DL",0.000650495496219583,"Lentimicrobiaceae","Bacteroidota",53
"Bin123","D1","DL",0.000648430649279045,"uncultured","Firmicutes",38
"Bin3","D1","DL",0.000646184723665198,"uncultured__bacterium","Nitrospirota",39
"Bin4","D1","DL",0.000643286926764308,"MSBL8","Cloacimonadota",40
"Bin119","D1","HoS",0.00064094262881889,"Fusibacteraceae","Firmicutes",40
"Bin33","D3","HoS",0.000638436974487871,"Marinifilaceae","Bacteroidota",23
"Bin6","D5","DR",0.000630109582250221,"Arcobacteraceae","Campilobacterota",16
"Bin18","D1","DL",0.000629962083838368,"Anaerolineaceae","Chloroflexi",41
"Bin100","D0","HoS",0.000621492591486921,"Fusobacteriaceae","Fusobacteriota",37
"Bin67","D0","DL",0.000619791813148453,"uncultured__bacterium","Patescibacteria",54
"Bin62","D1","HoS",0.000616045805696575,"uncultured__bacterium","Bacteroidota",41
"Bin103","D0","DR",0.000594924600232165,"Dethiosulfatibacteraceae","Firmicutes",55
"Bin53","D1","DR",0.000592696246655831,"Prolixibacteraceae","Bacteroidota",30
"Bin55","D3","DR",0.000591866585713844,"Prolixibacteraceae","Bacteroidota",17
"Bin64","D0","HoS",0.000588669336606625,"uncultured__bacterium","Patescibacteria",38
"Bin117","D6","HoS",0.000583814785387554,"Fusibacteraceae","Firmicutes",25
"Bin117","D5","HoS",0.000578505315862208,"Fusibacteraceae","Firmicutes",24
"Bin96","D3","DR",0.000564081414773653,"Oscillospiraceae","Firmicutes",18
"Bin22","D1","DR",0.000552094914305529,"Petrotogaceae","Thermotogota",31
"Bin8","D0","DR",0.000549916041809797,"Spirochaetaceae","Spirochaetota",56
"Bin59","D1","HoS",0.000547822440986804,"Marinilabiliaceae","Bacteroidota",42
"Bin11","D0","DR",0.000546973365849318,"Leptospiraceae","Spirochaetota",57
"Bin101","D5","HoS",0.000537193632448947,"Fusobacteriaceae","Fusobacteriota",25
"Bin77","D3","DR",0.00053670106539465,"Rhodospirillaceae","Proteobacteria",19
"Bin2","D1","DR",0.00053372970890887,"MSBL8","Cloacimonadota",32
"Bin12","D1","HoS",0.000532447001389211,"uncultured","Firmicutes",43
"Bin114","D1","DR",0.000519737167132934,"Anaerovoracaceae","Firmicutes",33
"Bin20","D0","DR",0.000509568996627051,"uncultured__bacterium","Chloroflexi",58
"Bin85","D1","DR",0.000506460764168446,"Desulfovibrionaceae","Desulfobacterota",34
"Bin89","D3","DR",0.000505488566564638,"Clostridiaceae","Firmicutes",20
"Bin24","D3","HoS",0.000501903490873539,"uncultured__bacterium","Verrucomicrobiota",24
"Bin33","D5","HoS",0.000496275363825334,"Marinifilaceae","Bacteroidota",26
"Bin14","D0","DR",0.000495545927156252,"JG30-KF-CM45","Chloroflexi",59
"Bin68","D1","DL",0.00049330778744428,"uncultured__bacterium","Cyanobacteria",42
"Bin76","D0","DR",0.000492030953805766,"Rhodocyclaceae","Proteobacteria",60
"Bin53","D1","DL",0.000486389101636836,"Prolixibacteraceae","Bacteroidota",43
"Bin60","D1","DL",0.000480773749971392,"Lentimicrobiaceae","Bacteroidota",44
"Bin21","D1","DR",0.000479640672053175,"uncultured__bacterium","Chloroflexi",35
"Bin86","D0","DR",0.00047675036270292,"uncultured__bacterium","Acidobacteriota",61
"Bin43","D6","DR",0.000473639060034711,"Prolixibacteraceae","Bacteroidota",22
"Bin64","D0","DR",0.00046956409818583,"uncultured__bacterium","Patescibacteria",62
"Bin42","D0","DR",0.000465095159163085,"Bacteroidaceae","Bacteroidota",63
"Bin55","D1","DR",0.000464522605298804,"Prolixibacteraceae","Bacteroidota",36
"Bin125","D3","DR",0.000462577109759887,"Peptococcaceae","Firmicutes",21
"Bin101","D3","HoS",0.000458874956328161,"Fusobacteriaceae","Fusobacteriota",25
"Bin36","D1","HoS",0.000455846920102932,"Marinilabiliaceae","Bacteroidota",44
"Bin88","D1","DL",0.00045329775382177,"Synergistaceae","Synergistota",45
"Bin106","D6","HoS",0.000451602144105222,"JTB215","Firmicutes",26
"Bin77","D1","DR",0.00044835362113643,"Rhodospirillaceae","Proteobacteria",37
"Bin43","D6","HoS",0.000446302978362888,"Prolixibacteraceae","Bacteroidota",27
"Bin33","D1","DR",0.000441065454301193,"Marinifilaceae","Bacteroidota",38
"Bin117","D1","DR",0.000439296055490897,"Fusibacteraceae","Firmicutes",39
"Bin71","D0","DR",0.000438960809897352,"Shewanellaceae","Proteobacteria",64
"Bin25","D0","DR",0.00043624080374312,"uncultured__bacterium","Latescibacterota",65
"Bin65","D1","HoS",0.000433219581856456,"uncultured__bacterium","Patescibacteria",45
"Bin52","D3","DR",0.000429841172594417,"Prolixibacteraceae","Bacteroidota",22
"Bin10","D0","HoS",0.000429630059286781,"Spirochaetaceae","Spirochaetota",39
"Bin31","D1","HoS",0.000428027265489154,"uncultured__bacterium","Actinobacteriota",46
"Bin55","D7","HoS",0.000426042040585738,"Prolixibacteraceae","Bacteroidota",21
"Bin15","D1","DR",0.000424775357585721,"uncultured__Chloroflexi__bacterium","Chloroflexi",40
"Bin78","D3","HoS",0.000423770680875012,"Rhodobacteraceae","Proteobacteria",26
"Bin52","D7","HoS",0.000421195820886588,"Prolixibacteraceae","Bacteroidota",22
"Bin51","D3","HoS",0.000417101402394731,"Prolixibacteraceae","Bacteroidota",27
"Bin47","D1","HoS",0.000415879586590635,"Prolixibacteraceae","Bacteroidota",47
"Bin84","D1","DL",0.000406667814330073,"Desulfovibrionaceae","Desulfobacterota",46
"Bin42","D6","HoS",0.000401320129545923,"Bacteroidaceae","Bacteroidota",28
"Bin116","D1","HoS",0.000396992178834853,"Fusibacteraceae","Firmicutes",48
"Bin32","D0","DR",0.000396790408230037,"Flavobacteriaceae","Bacteroidota",66
"Bin10","D0","DR",0.000391724547026036,"Spirochaetaceae","Spirochaetota",67
"Bin41","D0","DR",0.0003905412540882,"Marinilabiliaceae","Bacteroidota",68
"Bin28","D1","DR",0.000386689017492143,"Propionibacteriaceae","Actinobacteriota",41
"Bin3","D0","DR",0.000386382080614768,"uncultured__bacterium","Nitrospirota",69
"Bin64","D1","DR",0.000382206609220174,"uncultured__bacterium","Patescibacteria",42
"Bin55","D7","DR",0.000382156873402803,"Prolixibacteraceae","Bacteroidota",18
"Bin89","D6","DR",0.000379905204153769,"Clostridiaceae","Firmicutes",23
"Bin59","D6","DL",0.000378895127181786,"Marinilabiliaceae","Bacteroidota",7
"Bin35","D6","DR",0.000377320825071317,"Marinilabiliaceae","Bacteroidota",24
"Bin14","D0","HoS",0.000374869096450867,"JG30-KF-CM45","Chloroflexi",40
"Bin27","D1","DR",0.000373330838696583,"Ilumatobacteraceae","Actinobacteriota",43
"Bin120","D0","DR",0.000368314459258825,"Lachnospiraceae","Firmicutes",70
"Bin116","D7","DL",0.00036550885069384,"Fusibacteraceae","Firmicutes",11
"Bin30","D1","DR",0.000363894187277076,"uncultured__bacterium","Actinobacteriota",44
"Bin60","D1","DR",0.000362886784438717,"Lentimicrobiaceae","Bacteroidota",45
"Bin52","D3","HoS",0.00036253245871006,"Prolixibacteraceae","Bacteroidota",28
"Bin1","D1","HoS",0.000361735470699141,"LK-44f","Cloacimonadota",49
"Bin101","D1","DR",0.000360794478784252,"Fusobacteriaceae","Fusobacteriota",46
"Bin116","D7","DR",0.000355509445736328,"Fusibacteraceae","Firmicutes",19
"Bin72","D6","DL",0.000354097655812081,"Vibrionaceae","Proteobacteria",8
"Bin47","D6","HoS",0.000353290198875209,"Prolixibacteraceae","Bacteroidota",29
"Bin37","D1","HoS",0.000351367733660882,"Rikenellaceae","Bacteroidota",50
"Bin65","D0","DR",0.000350245503673985,"uncultured__bacterium","Patescibacteria",71
"Bin60","D0","DR",0.000349450564462385,"Lentimicrobiaceae","Bacteroidota",72
"Bin125","D0","HoS",0.000343600786298171,"Peptococcaceae","Firmicutes",41
"Bin36","D5","DR",0.000342552496229321,"Marinilabiliaceae","Bacteroidota",17
"Bin93","D5","DR",0.000341089048007209,"Exiguobacteraceae","Firmicutes",18
"Bin117","D7","DR",0.000340597068230857,"Fusibacteraceae","Firmicutes",20
"Bin11","D1","DL",0.000337704614719559,"Leptospiraceae","Spirochaetota",47
"Bin97","D1","DR",0.000337395517981065,"Ethanoligenenaceae","Firmicutes",47
"Bin78","D5","HoS",0.000336654539877963,"Rhodobacteraceae","Proteobacteria",27
"Bin117","D6","DR",0.00033664318072752,"Fusibacteraceae","Firmicutes",25
"Bin97","D0","DR",0.000333064841549782,"Ethanoligenenaceae","Firmicutes",73
"Bin55","D5","DR",0.000330843120768892,"Prolixibacteraceae","Bacteroidota",19
"Bin24","D1","DL",0.000329079620532903,"uncultured__bacterium","Verrucomicrobiota",48
"Bin56","D1","DR",0.000328887890175183,"Prolixibacteraceae","Bacteroidota",48
"Bin37","D1","DL",0.00032736773882076,"Rikenellaceae","Bacteroidota",49
"Bin6","D5","DL",0.000323662355241268,"Arcobacteraceae","Campilobacterota",5
"Bin84","D6","HoS",0.000317527282523173,"Desulfovibrionaceae","Desulfobacterota",30
"Bin125","D0","DR",0.000317174040598576,"Peptococcaceae","Firmicutes",74
"Bin36","D1","DR",0.000311779997046729,"Marinilabiliaceae","Bacteroidota",49
"Bin11","D0","HoS",0.000307565021609064,"Leptospiraceae","Spirochaetota",42
"Bin99","D1","DR",0.00030721356056754,"Prolixibacteraceae","Bacteroidota",50
"Bin53","D5","HoS",0.000306953715520599,"Prolixibacteraceae","Bacteroidota",28
"Bin121","D0","DL",0.000304614449684744,"Defluviitaleaceae","Firmicutes",55
"Bin65","D1","DR",0.000303678152398596,"uncultured__bacterium","Patescibacteria",51
"Bin116","D6","DR",0.000303594162784351,"Fusibacteraceae","Firmicutes",26
"Bin8","D6","DR",0.000300302973956279,"Spirochaetaceae","Spirochaetota",27
"Bin83","D1","DL",0.000298271830810641,"Desulfobacteraceae","Desulfobacterota",50
"Bin8","D5","DR",0.000297261519974403,"Spirochaetaceae","Spirochaetota",20
"Bin40","D6","DL",0.000296398152350242,"Marinifilaceae","Bacteroidota",9
"Bin28","D0","HoS",0.000284967341350952,"Propionibacteriaceae","Actinobacteriota",43
"Bin72","D5","DR",0.000281429025261878,"Vibrionaceae","Proteobacteria",21
"Bin63","D0","DR",0.000281161869142771,"uncultured__bacterium","Patescibacteria",75
"Bin26","D1","DR",0.000280859395248284,"uncultured","Actinobacteriota",52
"Bin120","D1","DR",0.000278180968612131,"Lachnospiraceae","Firmicutes",53
"Bin119","D6","DR",0.000274792141297883,"Fusibacteraceae","Firmicutes",28
"Bin114","D6","DR",0.000274742033532431,"Anaerovoracaceae","Firmicutes",29
"Bin121","D6","HoS",0.000273831764238525,"Defluviitaleaceae","Firmicutes",31
"Bin115","D5","DR",0.000272245778361584,"Anaerovoracaceae","Firmicutes",22
"Bin17","D1","DL",0.000272044773855855,"Anaerolineaceae","Chloroflexi",51
"Bin31","D3","HoS",0.00027146051563326,"uncultured__bacterium","Actinobacteriota",29
"Bin67","D0","DR",0.000270237196250446,"uncultured__bacterium","Patescibacteria",76
"Bin101","D1","DL",0.000269604560391596,"Fusobacteriaceae","Fusobacteriota",52
"Bin95","D1","DL",0.000268981203756336,"Peptococcaceae","Firmicutes",53
"Bin66","D1","DR",0.000267793949139116,"uncultured__bacterium","Patescibacteria",54
"Bin70","D3","DR",0.00026568027406693,"uncultured__bacterium","Marinimicrobia__(SAR406__clade)",23
"Bin83","D1","DR",0.000264062938294053,"Desulfobacteraceae","Desulfobacterota",55
"Bin88","D1","DR",0.000264037336508087,"Synergistaceae","Synergistota",56
"Bin62","D1","DR",0.000259103292874795,"uncultured__bacterium","Bacteroidota",57
"Bin76","D1","DR",0.000258496786278353,"Rhodocyclaceae","Proteobacteria",58
"Bin106","D6","DR",0.000256291759958561,"JTB215","Firmicutes",30
"Bin43","D5","HoS",0.000254344345947751,"Prolixibacteraceae","Bacteroidota",29
"Bin72","D3","DR",0.00025314028953709,"Vibrionaceae","Proteobacteria",24
"Bin49","D1","DR",0.00025165736446341,"Marinilabiliaceae","Bacteroidota",59
"Bin1","D0","DL",0.000251611057950386,"LK-44f","Cloacimonadota",56
"Bin96","D5","DR",0.000251234930602344,"Oscillospiraceae","Firmicutes",23
"Bin36","D6","DR",0.000249457530902332,"Marinilabiliaceae","Bacteroidota",31
"Bin12","D1","DL",0.00024878310292312,"uncultured","Firmicutes",54
"Bin116","D5","DL",0.000248326155259764,"Fusibacteraceae","Firmicutes",6
"Bin38","D1","HoS",0.000245342192305704,"Rikenellaceae","Bacteroidota",51
"Bin117","D5","DR",0.000243603389723771,"Fusibacteraceae","Firmicutes",24
"Bin52","D7","DR",0.00023909991675527,"Prolixibacteraceae","Bacteroidota",21
"Bin58","D1","DR",0.000239089708401855,"Marinilabiliaceae","Bacteroidota",60
"Bin72","D0","HoS",0.000238475536773855,"Vibrionaceae","Proteobacteria",44
"Bin114","D5","DR",0.000235597576417862,"Anaerovoracaceae","Firmicutes",25
"Bin87","D1","DR",0.000235054487678665,"uncultured__bacterium","Acidobacteriota",61
"Bin42","D5","HoS",0.000232820471976376,"Bacteroidaceae","Bacteroidota",30
"Bin99","D3","DR",0.000230720313599048,"Prolixibacteraceae","Bacteroidota",25
"Bin47","D5","HoS",0.000230052842514993,"Prolixibacteraceae","Bacteroidota",31
"Bin63","D1","DR",0.000229542287432022,"uncultured__bacterium","Patescibacteria",62
"Bin109","D3","DR",0.000228890968926489,"livecontrolB21","Firmicutes",26
"Bin41","D3","HoS",0.00022802213560249,"Marinilabiliaceae","Bacteroidota",30
"Bin11","D1","HoS",0.000227768540736644,"Leptospiraceae","Spirochaetota",52
"Bin97","D1","DL",0.000224250444653898,"Ethanoligenenaceae","Firmicutes",55
"Bin72","D5","DL",0.000219374981107675,"Vibrionaceae","Proteobacteria",7
"Bin118","D3","DR",0.000218809740237817,"Guggenheimella","Firmicutes",27
"Bin42","D1","DR",0.000218170687069506,"Bacteroidaceae","Bacteroidota",63
"Bin51","D7","DR",0.000217664415275443,"Prolixibacteraceae","Bacteroidota",22
"Bin47","D0","DR",0.000215852594602048,"Prolixibacteraceae","Bacteroidota",77
"Bin42","D3","HoS",0.000214783460314586,"Bacteroidaceae","Bacteroidota",31
"Bin81","D1","DR",0.00021433128254129,"Syntrophotalea","Desulfobacterota",64
"Bin56","D7","HoS",0.000213676077069155,"Prolixibacteraceae","Bacteroidota",23
"Bin43","D5","DR",0.000212477595337202,"Prolixibacteraceae","Bacteroidota",26
"Bin111","D6","HoS",0.000211978136692859,"Peptostreptococcaceae","Firmicutes",32
"Bin81","D0","DR",0.000210713560112017,"Syntrophotalea","Desulfobacterota",78
"Bin11","D1","DR",0.000210469445585995,"Leptospiraceae","Spirochaetota",65
"Bin118","D6","DR",0.000210200202142413,"Guggenheimella","Firmicutes",32
"Bin90","D1","DR",0.00020420106470441,"uncultured__bacterium","Firmicutes",66
"Bin74","D5","DL",0.00020124441407102,"Vibrionaceae","Proteobacteria",8
"Bin110","D0","DL",0.00020101463660503,"uncultured","Actinobacteriota",57
"Bin42","D7","DR",0.000200437014311757,"Bacteroidaceae","Bacteroidota",23
"Bin41","D6","DR",0.000200100906898966,"Marinilabiliaceae","Bacteroidota",33
"Bin46","D7","DR",0.000199813217819514,"Bacteroidaceae","Bacteroidota",24
"Bin106","D5","DR",0.000198703278713495,"JTB215","Firmicutes",27
"Bin112","D7","DR",0.000198286153580978,"Peptostreptococcaceae","Firmicutes",25
"Bin50","D1","DR",0.000197643788031746,"Marinilabiliaceae","Bacteroidota",67
"Bin43","D3","DR",0.000197244378310315,"Prolixibacteraceae","Bacteroidota",28
"Bin90","D1","DL",0.000193108205407543,"uncultured__bacterium","Firmicutes",56
"Bin38","D1","DR",0.000193042684751144,"Rikenellaceae","Bacteroidota",68
"Bin112","D3","DR",0.000192461399589966,"Peptostreptococcaceae","Firmicutes",29
"Bin35","D5","DR",0.000191342531749408,"Marinilabiliaceae","Bacteroidota",28
"Bin72","D6","DR",0.000189972596665696,"Vibrionaceae","Proteobacteria",34
"Bin124","D1","DR",0.000188530422280752,"Bacteroidetes__vadinHA17","Bacteroidota",69
"Bin122","D5","HoS",0.000184775404450541,"uncultured","Firmicutes",32
"Bin52","D6","DR",0.000183993117247877,"Prolixibacteraceae","Bacteroidota",35
"Bin108","D3","DR",0.000182012922761578,"JTB215","Firmicutes",30
"Bin14","D1","DR",0.000181457419864108,"JG30-KF-CM45","Chloroflexi",70
"Bin66","D1","DL",0.000181252945386145,"uncultured__bacterium","Patescibacteria",57
"Bin98","D0","DR",0.000180877004052023,"Bacteroidetes__vadinHA17","Bacteroidota",79
"Bin78","D5","DR",0.000180335561629839,"Rhodobacteraceae","Proteobacteria",29
"Bin114","D1","DL",0.000179786142739397,"Anaerovoracaceae","Firmicutes",58
"Bin48","D0","DR",0.000179750150167209,"Lentimicrobiaceae","Bacteroidota",80
"Bin40","D1","DR",0.000179185280776324,"Marinifilaceae","Bacteroidota",71
"Bin72","D7","DR",0.000178277664702693,"Vibrionaceae","Proteobacteria",26
"Bin99","D0","HoS",0.000177662172507379,"Prolixibacteraceae","Bacteroidota",45
"Bin121","D1","DR",0.000176569073168455,"Defluviitaleaceae","Firmicutes",72
"Bin62","D3","DR",0.000175815241157993,"uncultured__bacterium","Bacteroidota",31
"Bin108","D5","DR",0.000174349168081366,"JTB215","Firmicutes",30
"Bin59","D3","DL",0.000174032054773577,"Marinilabiliaceae","Bacteroidota",3
"Bin116","D0","HoS",0.000172765136529662,"Fusibacteraceae","Firmicutes",46
"Bin32","D1","DR",0.000169363789923907,"Flavobacteriaceae","Bacteroidota",73
"Bin116","D6","DL",0.000164267397094892,"Fusibacteraceae","Firmicutes",10
"Bin97","D0","DL",0.000162643364872159,"Ethanoligenenaceae","Firmicutes",58
"Bin59","D3","DR",0.000162546999753427,"Marinilabiliaceae","Bacteroidota",32
"Bin8","D7","DR",0.000160928641467834,"Spirochaetaceae","Spirochaetota",27
"Bin84","D7","DR",0.00015985104806279,"Desulfovibrionaceae","Desulfobacterota",28
"Bin23","D1","DL",0.000159609962462677,"uncultured__bacterium","Caldatribacteriota",59
"Bin35","D5","HoS",0.000158486220666135,"Marinilabiliaceae","Bacteroidota",33
"Bin43","D3","HoS",0.000157427958025785,"Prolixibacteraceae","Bacteroidota",32
"Bin10","D1","DR",0.000156490149748933,"Spirochaetaceae","Spirochaetota",74
"Bin89","D6","HoS",0.000155506231640286,"Clostridiaceae","Firmicutes",33
"Bin93","D1","DR",0.000155351716131888,"Exiguobacteraceae","Firmicutes",75
"Bin96","D3","HoS",0.000154653354150346,"Oscillospiraceae","Firmicutes",33
"Bin121","D1","HoS",0.000154346144977651,"Defluviitaleaceae","Firmicutes",53
"Bin84","D0","DR",0.000154321127120789,"Desulfovibrionaceae","Desulfobacterota",81
"Bin49","D0","DR",0.000153210831257371,"Marinilabiliaceae","Bacteroidota",82
"Bin7","D1","DR",0.000152074651000949,"Spirochaetaceae","Spirochaetota",76
"Bin123","D1","HoS",0.000151473701383147,"uncultured","Firmicutes",54
"Bin3","D0","DL",0.000150398997764613,"uncultured__bacterium","Nitrospirota",59
"Bin8","D6","HoS",0.000144490850856858,"Spirochaetaceae","Spirochaetota",34
"Bin119","D7","DR",0.00014427096453535,"Fusibacteraceae","Firmicutes",29
"Bin125","D6","DR",0.00014289841921525,"Peptococcaceae","Firmicutes",36
"Bin110","D0","DR",0.000141167932149939,"uncultured","Actinobacteriota",83
"Bin52","D0","HoS",0.000138798812395996,"Prolixibacteraceae","Bacteroidota",47
"Bin38","D3","DR",0.000137693564361716,"Rikenellaceae","Bacteroidota",33
"Bin91","D5","DR",0.000136644506589413,"Erysipelotrichaceae","Firmicutes",31
"Bin36","D0","HoS",0.000135098809386208,"Marinilabiliaceae","Bacteroidota",48
"Bin96","D5","HoS",0.000134961417933483,"Oscillospiraceae","Firmicutes",34
"Bin70","D0","DL",0.000133110567272703,"uncultured__bacterium","Marinimicrobia__(SAR406__clade)",60
"Bin80","D1","DR",0.000131303462440959,"uncultured__bacterium","SAR324__clade(Marine__group__B)",77
"Bin108","D3","HoS",0.000130977568309016,"JTB215","Firmicutes",34
"Bin59","D5","DR",0.000128402684174201,"Marinilabiliaceae","Bacteroidota",32
"Bin72","D7","HoS",0.000127113342886592,"Vibrionaceae","Proteobacteria",24
"Bin119","D1","DR",0.000125816269855803,"Fusibacteraceae","Firmicutes",78
"Bin67","D1","DR",0.000124377264318626,"uncultured__bacterium","Patescibacteria",79
"Bin59","D6","HoS",0.000123258172047687,"Marinilabiliaceae","Bacteroidota",35
"Bin115","D6","DR",0.000122575300951573,"Anaerovoracaceae","Firmicutes",37
"Bin99","D6","DR",0.000122300517476785,"Prolixibacteraceae","Bacteroidota",38
"Bin121","D7","HoS",0.000120642849882046,"Defluviitaleaceae","Firmicutes",25
"Bin65","D1","DL",0.000120611923835675,"uncultured__bacterium","Patescibacteria",60
"Bin99","D5","DR",0.000120342490539344,"Prolixibacteraceae","Bacteroidota",33
"Bin91","D1","DL",0.000119566217322501,"Erysipelotrichaceae","Firmicutes",61
"Bin125","D7","DR",0.000118716655669833,"Peptococcaceae","Firmicutes",30
"Bin55","D1","DL",0.000117856509288549,"Prolixibacteraceae","Bacteroidota",62
"Bin121","D6","DR",0.000116604383984614,"Defluviitaleaceae","Firmicutes",39
"Bin76","D7","DL",0.00011608706448845,"Rhodocyclaceae","Proteobacteria",12
"Bin45","D0","HoS",0.000114672694410206,"Marinilabiliaceae","Bacteroidota",49
"Bin33","D0","DR",0.000114537725777903,"Marinifilaceae","Bacteroidota",84
"Bin29","D6","DR",0.000114508373274391,"Bogoriellaceae","Actinobacteriota",40
"Bin5","D7","DR",0.0001128007896651,"Sulfurovaceae","Campilobacterota",31
"Bin86","D1","DR",0.000112707040092375,"uncultured__bacterium","Acidobacteriota",80
"Bin51","D7","DL",0.000112692014112395,"Prolixibacteraceae","Bacteroidota",13
"Bin123","D1","DR",0.000112199126185445,"uncultured","Firmicutes",81
"Bin36","D3","HoS",0.000111744999992179,"Marinilabiliaceae","Bacteroidota",35
"Bin78","D6","HoS",0.000111630518279203,"Rhodobacteraceae","Proteobacteria",36
"Bin41","D0","DL",0.00011144732711629,"Marinilabiliaceae","Bacteroidota",61
"Bin20","D1","DR",0.000110696725898684,"uncultured__bacterium","Chloroflexi",82
"Bin24","D5","HoS",0.000110104578453833,"uncultured__bacterium","Verrucomicrobiota",35
"Bin52","D1","DR",0.000107442343282741,"Prolixibacteraceae","Bacteroidota",83
"Bin123","D0","DL",0.000105993664075566,"uncultured","Firmicutes",62
"Bin5","D1","DR",0.000105930015928921,"Sulfurovaceae","Campilobacterota",84
"Bin53","D0","DR",0.000104293624582275,"Prolixibacteraceae","Bacteroidota",85
"Bin125","D5","DR",0.000103586545190892,"Peptococcaceae","Firmicutes",34
"Bin98","D1","DR",0.000102958161638612,"Bacteroidetes__vadinHA17","Bacteroidota",85
"Bin7","D6","DR",0.000100571761883812,"Spirochaetaceae","Spirochaetota",41
"Bin66","D0","DL",0.00010041261940752,"uncultured__bacterium","Patescibacteria",63
"Bin104","D3","HoS",9.98564604174779e-05,"Dethiosulfatibacteraceae","Firmicutes",36
"Bin53","D7","DR",9.97912047032302e-05,"Prolixibacteraceae","Bacteroidota",32
"Bin98","D1","HoS",9.76221746294069e-05,"Bacteroidetes__vadinHA17","Bacteroidota",55
"Bin118","D5","DR",9.74775351094502e-05,"Guggenheimella","Firmicutes",35
"Bin121","D5","HoS",9.73478684573482e-05,"Defluviitaleaceae","Firmicutes",36
"Bin91","D6","DL",9.71973505592839e-05,"Erysipelotrichaceae","Firmicutes",11
"Bin40","D1","HoS",9.69131577941109e-05,"Marinifilaceae","Bacteroidota",56
"Bin45","D3","DR",9.65393191026417e-05,"Marinilabiliaceae","Bacteroidota",34
"Bin13","D3","DR",9.43965446320389e-05,"uncultured","Firmicutes",35
"Bin43","D1","DR",9.33977669188969e-05,"Prolixibacteraceae","Bacteroidota",86
"Bin7","D5","DL",9.27747526191119e-05,"Spirochaetaceae","Spirochaetota",9
"Bin85","D7","DL",9.15980714735093e-05,"Desulfovibrionaceae","Desulfobacterota",14
"Bin93","D3","HoS",8.99092617126169e-05,"Exiguobacteraceae","Firmicutes",37
"Bin64","D1","DL",8.88095894358571e-05,"uncultured__bacterium","Patescibacteria",63
"Bin119","D6","DL",8.71916912207775e-05,"Fusibacteraceae","Firmicutes",12
"Bin41","D7","DR",8.71392360290862e-05,"Marinilabiliaceae","Bacteroidota",33
"Bin108","D5","HoS",8.59820303767132e-05,"JTB215","Firmicutes",37
"Bin55","D0","DR",8.42378737681804e-05,"Prolixibacteraceae","Bacteroidota",86
"Bin7","D3","DR",8.42304905704112e-05,"Spirochaetaceae","Spirochaetota",36
"Bin66","D3","DL",8.38362265678137e-05,"uncultured__bacterium","Patescibacteria",4
"Bin6","D0","HoS",8.38310143287232e-05,"Arcobacteraceae","Campilobacterota",50
"Bin93","D3","DR",8.25377667075888e-05,"Exiguobacteraceae","Firmicutes",37
"Bin74","D7","HoS",8.2489897461811e-05,"Vibrionaceae","Proteobacteria",26
"Bin7","D5","DR",8.07094661145294e-05,"Spirochaetaceae","Spirochaetota",36
"Bin99","D0","DR",7.85342292554562e-05,"Prolixibacteraceae","Bacteroidota",87
"Bin7","D5","HoS",7.83370774170549e-05,"Spirochaetaceae","Spirochaetota",38
"Bin52","D6","HoS",7.74420645095443e-05,"Prolixibacteraceae","Bacteroidota",37
"Bin42","D6","DR",7.69418623684226e-05,"Bacteroidaceae","Bacteroidota",42
"Bin76","D7","DR",7.68259479284333e-05,"Rhodocyclaceae","Proteobacteria",34
"Bin59","D5","HoS",7.55616501889356e-05,"Marinilabiliaceae","Bacteroidota",39
"Bin73","D1","HoS",7.54339449989712e-05,"Vibrionaceae","Proteobacteria",57
"Bin96","D5","DL",7.41052642868338e-05,"Oscillospiraceae","Firmicutes",10
"Bin39","D3","HoS",7.31684526797174e-05,"Marinifilaceae","Bacteroidota",38
"Bin8","D1","DR",7.28571882858591e-05,"Spirochaetaceae","Spirochaetota",87
"Bin99","D7","DR",7.26494940446891e-05,"Prolixibacteraceae","Bacteroidota",35
"Bin121","D1","DL",7.23915026048981e-05,"Defluviitaleaceae","Firmicutes",64
"Bin121","D5","DR",7.22049266535563e-05,"Defluviitaleaceae","Firmicutes",37
"Bin51","D3","DR",7.21304387024189e-05,"Prolixibacteraceae","Bacteroidota",38
"Bin118","D1","DL",7.16783735569903e-05,"Guggenheimella","Firmicutes",65
"Bin73","D0","DR",7.02200705677192e-05,"Vibrionaceae","Proteobacteria",88
"Bin41","D3","DR",6.97865053344379e-05,"Marinilabiliaceae","Bacteroidota",39
"Bin101","D3","DR",6.9409600143879e-05,"Fusobacteriaceae","Fusobacteriota",40
"Bin97","D0","HoS",6.92895713497378e-05,"Ethanoligenenaceae","Firmicutes",51
"Bin112","D6","DL",6.90404091630649e-05,"Peptostreptococcaceae","Firmicutes",13
"Bin47","D3","HoS",6.90117750616553e-05,"Prolixibacteraceae","Bacteroidota",39
"Bin35","D6","DL",6.88183813221685e-05,"Marinilabiliaceae","Bacteroidota",14
"Bin46","D6","DR",6.74861903027119e-05,"Bacteroidaceae","Bacteroidota",43
"Bin52","D1","HoS",6.70068446322651e-05,"Prolixibacteraceae","Bacteroidota",58
"Bin75","D1","DR",6.69106984351635e-05,"Vibrionaceae","Proteobacteria",88
"Bin123","D3","DR",6.6583794487367e-05,"uncultured","Firmicutes",41
"Bin5","D5","DR",6.63825262512813e-05,"Sulfurovaceae","Campilobacterota",38
"Bin35","D3","DR",6.4554466019294e-05,"Marinilabiliaceae","Bacteroidota",42
"Bin89","D7","HoS",6.43281517968587e-05,"Clostridiaceae","Firmicutes",27
"Bin47","D1","DR",6.42397014987397e-05,"Prolixibacteraceae","Bacteroidota",89
"Bin115","D6","HoS",6.39150248526079e-05,"Anaerovoracaceae","Firmicutes",38
"Bin45","D0","DR",6.38208205927355e-05,"Marinilabiliaceae","Bacteroidota",89
"Bin66","D3","HoS",6.36568354405293e-05,"uncultured__bacterium","Patescibacteria",40
"Bin125","D5","HoS",6.34276852694652e-05,"Peptococcaceae","Firmicutes",40
"Bin124","D3","DR",6.21357232745848e-05,"Bacteroidetes__vadinHA17","Bacteroidota",43
"Bin122","D6","HoS",6.19552577752278e-05,"uncultured","Firmicutes",39
"Bin29","D6","HoS",6.16604725377351e-05,"Bogoriellaceae","Actinobacteriota",40
"Bin108","D6","DR",6.12362890814745e-05,"JTB215","Firmicutes",44
"Bin94","D3","HoS",6.07372171242763e-05,"Carnobacteriaceae","Firmicutes",41
"Bin123","D0","DR",5.99788679642664e-05,"uncultured","Firmicutes",90
"Bin23","D1","HoS",5.99784726701242e-05,"uncultured__bacterium","Caldatribacteriota",59
"Bin61","D1","HoS",5.96048025072425e-05,"Lentimicrobiaceae","Bacteroidota",60
"Bin5","D3","DR",5.88172427913808e-05,"Sulfurovaceae","Campilobacterota",44
"Bin31","D5","HoS",5.80130854151e-05,"uncultured__bacterium","Actinobacteriota",41
"Bin125","D1","DR",5.79221327696063e-05,"Peptococcaceae","Firmicutes",90
"Bin42","D3","DR",5.74757023070181e-05,"Bacteroidaceae","Bacteroidota",45
"Bin47","D3","DR",5.68950834000112e-05,"Prolixibacteraceae","Bacteroidota",46
"Bin125","D6","HoS",5.67984233460359e-05,"Peptococcaceae","Firmicutes",41
"Bin31","D6","DR",5.6542802868603e-05,"uncultured__bacterium","Actinobacteriota",45
"Bin125","D1","HoS",5.64330183260427e-05,"Peptococcaceae","Firmicutes",61
"Bin31","D3","DR",5.5398862469094e-05,"uncultured__bacterium","Actinobacteriota",47
"Bin8","D5","HoS",5.50853885867412e-05,"Spirochaetaceae","Spirochaetota",42
"Bin121","D3","DR",5.46643336007093e-05,"Defluviitaleaceae","Firmicutes",48
"Bin76","D1","HoS",5.4633809344837e-05,"Rhodocyclaceae","Proteobacteria",62
"Bin115","D5","HoS",5.39612539159279e-05,"Anaerovoracaceae","Firmicutes",43
"Bin117","D7","HoS",5.37501434689338e-05,"Fusibacteraceae","Firmicutes",28
"Bin40","D6","HoS",5.33066891518288e-05,"Marinifilaceae","Bacteroidota",42
"Bin52","D0","DL",5.32897190640934e-05,"Prolixibacteraceae","Bacteroidota",64
"Bin124","D6","DR",5.19693811789108e-05,"Bacteroidetes__vadinHA17","Bacteroidota",46
"Bin51","D1","HoS",5.04768323744016e-05,"Prolixibacteraceae","Bacteroidota",63
"Bin78","D3","DR",5.03987744325381e-05,"Rhodobacteraceae","Proteobacteria",49
"Bin79","D7","DR",5.03571642748365e-05,"Stappiaceae","Proteobacteria",36
"Bin48","D3","HoS",5.03497163105701e-05,"Lentimicrobiaceae","Bacteroidota",42
"Bin55","D6","HoS",5.03151575355035e-05,"Prolixibacteraceae","Bacteroidota",43
"Bin42","D6","DL",4.98811253907731e-05,"Bacteroidaceae","Bacteroidota",15
"Bin42","D5","DR",4.97456441171202e-05,"Bacteroidaceae","Bacteroidota",39
"Bin19","D1","DL",4.91372638086796e-05,"Anaerolineaceae","Chloroflexi",66
"Bin110","D1","DR",4.89837805638083e-05,"uncultured","Actinobacteriota",91
"Bin16","D1","DL",4.87329585106064e-05,"uncultured__bacterium","Chloroflexi",67
"Bin122","D5","DR",4.86526910063306e-05,"uncultured","Firmicutes",40
"Bin103","D1","DR",4.84349939326869e-05,"Dethiosulfatibacteraceae","Firmicutes",92
"Bin59","D3","HoS",4.69327981809757e-05,"Marinilabiliaceae","Bacteroidota",43
"Bin43","D7","HoS",4.58312076037206e-05,"Prolixibacteraceae","Bacteroidota",29
"Bin1","D3","HoS",4.5811455089469e-05,"LK-44f","Cloacimonadota",44
"Bin111","D6","DR",4.55634555488626e-05,"Peptostreptococcaceae","Firmicutes",47
"Bin45","D3","HoS",4.45188270623009e-05,"Marinilabiliaceae","Bacteroidota",45
"Bin116","D1","DR",4.39280571114062e-05,"Fusibacteraceae","Firmicutes",93
"Bin70","D3","HoS",4.35492329987705e-05,"uncultured__bacterium","Marinimicrobia__(SAR406__clade)",46
"Bin59","D7","DR",4.33391812973713e-05,"Marinilabiliaceae","Bacteroidota",37
"Bin103","D6","DL",4.30742306455558e-05,"Dethiosulfatibacteraceae","Firmicutes",16
"Bin77","D7","DR",4.2851534259652e-05,"Rhodospirillaceae","Proteobacteria",38
"Bin42","D7","HoS",4.27617019485221e-05,"Bacteroidaceae","Bacteroidota",30
"Bin114","D3","DR",4.23449546841195e-05,"Anaerovoracaceae","Firmicutes",50
"Bin50","D3","HoS",4.21980993405207e-05,"Marinilabiliaceae","Bacteroidota",47
"Bin48","D5","HoS",4.18450779553571e-05,"Lentimicrobiaceae","Bacteroidota",44
"Bin51","D7","HoS",4.14760278930228e-05,"Prolixibacteraceae","Bacteroidota",31
"Bin47","D5","DR",4.1023510483646e-05,"Prolixibacteraceae","Bacteroidota",41
"Bin115","D7","DR",4.08712248376075e-05,"Anaerovoracaceae","Firmicutes",39
"Bin56","D5","DR",4.0701419161084e-05,"Prolixibacteraceae","Bacteroidota",42
"Bin113","D3","HoS",4.00012700934218e-05,"Fusibacteraceae","Firmicutes",48
"Bin99","D6","HoS",3.98966026805507e-05,"Prolixibacteraceae","Bacteroidota",44
"Bin38","D3","HoS",3.92879835110934e-05,"Rikenellaceae","Bacteroidota",49
"Bin66","D3","DR",3.8648445422681e-05,"uncultured__bacterium","Patescibacteria",51
"Bin76","D5","DR",3.81948305530949e-05,"Rhodocyclaceae","Proteobacteria",43
"Bin31","D0","DL",3.79991492391626e-05,"uncultured__bacterium","Actinobacteriota",65
"Bin98","D1","DL",3.78825343616441e-05,"Bacteroidetes__vadinHA17","Bacteroidota",68
"Bin44","D0","DR",3.78327394382434e-05,"Williamwhitmaniaceae","Bacteroidota",91
"Bin99","D7","HoS",3.72964066102271e-05,"Prolixibacteraceae","Bacteroidota",32
"Bin39","D5","DR",3.72537118480487e-05,"Marinifilaceae","Bacteroidota",44
"Bin111","D5","DR",3.6593417640453e-05,"Peptostreptococcaceae","Firmicutes",45
"Bin9","D7","DR",3.65348901226182e-05,"Spirochaetaceae","Spirochaetota",40
"Bin5","D6","DR",3.63735784654492e-05,"Sulfurovaceae","Campilobacterota",48
"Bin99","D3","HoS",3.63611720267056e-05,"Prolixibacteraceae","Bacteroidota",50
"Bin118","D3","DL",3.62324621611569e-05,"Guggenheimella","Firmicutes",5
"Bin31","D1","DR",3.62067230315305e-05,"uncultured__bacterium","Actinobacteriota",94
"Bin50","D1","DL",3.57605678287985e-05,"Marinilabiliaceae","Bacteroidota",69
"Bin24","D1","HoS",3.55632082113975e-05,"uncultured__bacterium","Verrucomicrobiota",64
"Bin31","D0","DR",3.55592440492484e-05,"uncultured__bacterium","Actinobacteriota",92
"Bin47","D7","DR",3.54779899461995e-05,"Prolixibacteraceae","Bacteroidota",41
"Bin68","D1","DR",3.53355394487144e-05,"uncultured__bacterium","Cyanobacteria",95
"Bin53","D6","DR",3.50782767672792e-05,"Prolixibacteraceae","Bacteroidota",49
"Bin7","D7","DR",3.48525967721445e-05,"Spirochaetaceae","Spirochaetota",42
"Bin52","D5","HoS",3.4126359963979e-05,"Prolixibacteraceae","Bacteroidota",45
"Bin88","D3","DR",3.38041024002892e-05,"Synergistaceae","Synergistota",52
"Bin79","D0","HoS",3.29947151554666e-05,"Stappiaceae","Proteobacteria",52
"Bin29","D7","DR",3.25208428245175e-05,"Bogoriellaceae","Actinobacteriota",43
"Bin62","D5","DR",3.1833461493784e-05,"uncultured__bacterium","Bacteroidota",46
"Bin70","D3","DL",3.17690413937195e-05,"uncultured__bacterium","Marinimicrobia__(SAR406__clade)",6
"Bin115","D3","DL",3.15665641713215e-05,"Anaerovoracaceae","Firmicutes",7
"Bin43","D6","DL",3.14685244331921e-05,"Prolixibacteraceae","Bacteroidota",17
"Bin35","D7","DR",3.10657647452218e-05,"Marinilabiliaceae","Bacteroidota",44
"Bin59","D6","DR",3.0998644949294e-05,"Marinilabiliaceae","Bacteroidota",50
"Bin39","D6","DR",3.08577291717989e-05,"Marinifilaceae","Bacteroidota",51
"Bin75","D0","DR",3.08566061908046e-05,"Vibrionaceae","Proteobacteria",93
"Bin24","D5","DR",3.0663694160024e-05,"uncultured__bacterium","Verrucomicrobiota",47
"Bin84","D3","HoS",3.06032777494849e-05,"Desulfovibrionaceae","Desulfobacterota",51
"Bin35","D3","DL",3.04847391018427e-05,"Marinilabiliaceae","Bacteroidota",8
"Bin43","D7","DR",3.04597588371978e-05,"Prolixibacteraceae","Bacteroidota",45
"Bin66","D0","DR",3.04331722121895e-05,"uncultured__bacterium","Patescibacteria",94
"Bin76","D1","DL",3.02755005408399e-05,"Rhodocyclaceae","Proteobacteria",70
"Bin41","D6","HoS",3.00815694419323e-05,"Marinilabiliaceae","Bacteroidota",45
"Bin120","D6","DR",2.97730666581056e-05,"Lachnospiraceae","Firmicutes",52
"Bin116","D3","HoS",2.95759586092574e-05,"Fusibacteraceae","Firmicutes",52
"Bin94","D3","DR",2.9331149394521e-05,"Carnobacteriaceae","Firmicutes",53
"Bin66","D1","HoS",2.93098748548833e-05,"uncultured__bacterium","Patescibacteria",65
"Bin117","D7","DL",2.92288633276978e-05,"Fusibacteraceae","Firmicutes",15
"Bin39","D3","DR",2.90996604327696e-05,"Marinifilaceae","Bacteroidota",54
"Bin41","D5","DR",2.84407298138563e-05,"Marinilabiliaceae","Bacteroidota",48
"Bin84","D5","DL",2.82277833849094e-05,"Desulfovibrionaceae","Desulfobacterota",11
"Bin108","D6","HoS",2.80219330577525e-05,"JTB215","Firmicutes",46
"Bin36","D7","DR",2.72317926203533e-05,"Marinilabiliaceae","Bacteroidota",46
"Bin99","D6","DL",2.72256505014776e-05,"Prolixibacteraceae","Bacteroidota",18
"Bin10","D3","DR",2.68820778843893e-05,"Spirochaetaceae","Spirochaetota",55
"Bin3","D1","HoS",2.68339707107438e-05,"uncultured__bacterium","Nitrospirota",66
"Bin50","D6","DR",2.67275911969335e-05,"Marinilabiliaceae","Bacteroidota",53
"Bin94","D5","DR",2.63062450795966e-05,"Carnobacteriaceae","Firmicutes",49
"Bin13","D3","HoS",2.61753762262591e-05,"uncultured","Firmicutes",53
"Bin32","D7","DL",2.61202411435459e-05,"Flavobacteriaceae","Bacteroidota",16
"Bin40","D0","HoS",2.60743182822566e-05,"Marinifilaceae","Bacteroidota",53
"Bin117","D3","DR",2.60707475697214e-05,"Fusibacteraceae","Firmicutes",56
"Bin51","D6","DR",2.58638540799338e-05,"Prolixibacteraceae","Bacteroidota",54
"Bin82","D1","DL",2.52276204270014e-05,"Desulfobulbaceae","Desulfobacterota",71
"Bin29","D7","HoS",2.4824947864312e-05,"Bogoriellaceae","Actinobacteriota",33
"Bin76","D6","DR",2.41699919939333e-05,"Rhodocyclaceae","Proteobacteria",55
"Bin7","D6","HoS",2.39648825725304e-05,"Spirochaetaceae","Spirochaetota",47
"Bin84","D1","HoS",2.3793305479612e-05,"Desulfovibrionaceae","Desulfobacterota",67
"Bin114","D0","HoS",2.37866174897362e-05,"Anaerovoracaceae","Firmicutes",54
"Bin2","D0","HoS",2.3489768433079e-05,"MSBL8","Cloacimonadota",55
"Bin74","D1","HoS",2.34072892543895e-05,"Vibrionaceae","Proteobacteria",68
"Bin91","D3","DR",2.33250116198802e-05,"Erysipelotrichaceae","Firmicutes",57
"Bin33","D0","HoS",2.30803386283003e-05,"Marinifilaceae","Bacteroidota",56
"Bin41","D5","HoS",2.30474758338394e-05,"Marinilabiliaceae","Bacteroidota",46
"Bin14","D1","HoS",2.30459186184664e-05,"JG30-KF-CM45","Chloroflexi",69
"Bin37","D6","DL",2.29611804571835e-05,"Rikenellaceae","Bacteroidota",19
"Bin36","D0","DR",2.27909158957442e-05,"Marinilabiliaceae","Bacteroidota",95
"Bin30","D7","DR",2.27758530818928e-05,"uncultured__bacterium","Actinobacteriota",47
"Bin7","D6","DL",2.25366389504261e-05,"Spirochaetaceae","Spirochaetota",20
"Bin121","D7","DR",2.22558508724194e-05,"Defluviitaleaceae","Firmicutes",48
"Bin120","D7","DR",2.2219689279049e-05,"Lachnospiraceae","Firmicutes",49
"Bin3","D3","DR",2.2065208008969e-05,"uncultured__bacterium","Nitrospirota",58
"Bin8","D7","HoS",2.19645642377099e-05,"Spirochaetaceae","Spirochaetota",34
"Bin116","D5","DR",2.1781743491075e-05,"Fusibacteraceae","Firmicutes",50
"Bin4","D0","HoS",2.17523927349374e-05,"MSBL8","Cloacimonadota",57
"Bin118","D5","DL",2.1747392164273e-05,"Guggenheimella","Firmicutes",12
"Bin4","D1","DR",2.1616457204804e-05,"MSBL8","Cloacimonadota",96
"Bin29","D1","DR",2.15700155912733e-05,"Bogoriellaceae","Actinobacteriota",97
"Bin47","D6","DR",2.14634819705922e-05,"Prolixibacteraceae","Bacteroidota",56
"Bin47","D7","HoS",2.11498660821616e-05,"Prolixibacteraceae","Bacteroidota",35
"Bin40","D6","DR",2.08853308655915e-05,"Marinifilaceae","Bacteroidota",57
"Bin124","D5","DR",2.03718898273399e-05,"Bacteroidetes__vadinHA17","Bacteroidota",51
"Bin3","D1","DR",2.02562307411037e-05,"uncultured__bacterium","Nitrospirota",98
"Bin82","D3","DR",2.00363106596502e-05,"Desulfobulbaceae","Desulfobacterota",59
"Bin113","D3","DR",2.00253767778599e-05,"Fusibacteraceae","Firmicutes",60
"Bin98","D3","DR",1.99718137683694e-05,"Bacteroidetes__vadinHA17","Bacteroidota",61
"Bin99","D5","HoS",1.9936025095886e-05,"Prolixibacteraceae","Bacteroidota",47
"Bin125","D7","HoS",1.97737240212313e-05,"Peptococcaceae","Firmicutes",36
"Bin30","D5","DR",1.96075057111491e-05,"uncultured__bacterium","Actinobacteriota",52
"Bin40","D7","DR",1.93381328787566e-05,"Marinifilaceae","Bacteroidota",50
"Bin50","D3","DR",1.89520744770127e-05,"Marinilabiliaceae","Bacteroidota",62
"Bin37","D6","DR",1.88276861503526e-05,"Rikenellaceae","Bacteroidota",58
"Bin28","D1","HoS",1.86640235638235e-05,"Propionibacteriaceae","Actinobacteriota",70
"Bin37","D6","HoS",1.85728296033494e-05,"Rikenellaceae","Bacteroidota",48
"Bin1","D3","DR",1.85296281535271e-05,"LK-44f","Cloacimonadota",63
"Bin123","D3","HoS",1.84571752014823e-05,"uncultured","Firmicutes",54
"Bin62","D3","HoS",1.82664524782402e-05,"uncultured__bacterium","Bacteroidota",55
"Bin90","D7","DR",1.82512495086202e-05,"uncultured__bacterium","Firmicutes",51
"Bin111","D3","DR",1.82135376978175e-05,"Peptostreptococcaceae","Firmicutes",64
"Bin8","D3","HoS",1.80661944943499e-05,"Spirochaetaceae","Spirochaetota",56
"Bin117","D3","HoS",1.79054115003825e-05,"Fusibacteraceae","Firmicutes",57
"Bin76","D3","DR",1.79047913332027e-05,"Rhodocyclaceae","Proteobacteria",65
"Bin124","D6","HoS",1.78549445664362e-05,"Bacteroidetes__vadinHA17","Bacteroidota",49
"Bin6","D6","DL",1.74684510057251e-05,"Arcobacteraceae","Campilobacterota",21
"Bin118","D7","DR",1.73463735203585e-05,"Guggenheimella","Firmicutes",52
"Bin76","D7","HoS",1.69561764473365e-05,"Rhodocyclaceae","Proteobacteria",37
"Bin66","D7","DR",1.69344499787493e-05,"uncultured__bacterium","Patescibacteria",53
"Bin39","D7","DR",1.66059108933353e-05,"Marinifilaceae","Bacteroidota",54
"Bin96","D6","DR",1.65291065455473e-05,"Oscillospiraceae","Firmicutes",59
"Bin5","D7","DL",1.65010554320651e-05,"Sulfurovaceae","Campilobacterota",17
"Bin24","D6","DR",1.62773790162389e-05,"uncultured__bacterium","Verrucomicrobiota",60
"Bin55","D7","DL",1.62539016550955e-05,"Prolixibacteraceae","Bacteroidota",18
"Bin37","D1","DR",1.61567916803824e-05,"Rikenellaceae","Bacteroidota",99
"Bin82","D3","HoS",1.61146890084544e-05,"Desulfobulbaceae","Desulfobacterota",58
"Bin91","D5","DL",1.60758243046369e-05,"Erysipelotrichaceae","Firmicutes",13
"Bin36","D5","HoS",1.59107818184442e-05,"Marinilabiliaceae","Bacteroidota",48
"Bin97","D7","DR",1.58401496270658e-05,"Ethanoligenenaceae","Firmicutes",55
"Bin39","D6","HoS",1.56723525253967e-05,"Marinifilaceae","Bacteroidota",50
"Bin111","D7","DR",1.54064765921758e-05,"Peptostreptococcaceae","Firmicutes",56
"Bin51","D1","DL",1.53763722670568e-05,"Prolixibacteraceae","Bacteroidota",72
"Bin123","D5","DR",1.50571728196234e-05,"uncultured","Firmicutes",53
"Bin32","D7","DR",1.5028162401269e-05,"Flavobacteriaceae","Bacteroidota",57
"Bin84","D3","DL",1.50132829412106e-05,"Desulfovibrionaceae","Desulfobacterota",9
"Bin98","D0","DL",1.46681976166804e-05,"Bacteroidetes__vadinHA17","Bacteroidota",66
"Bin48","D5","DR",1.46241069018734e-05,"Lentimicrobiaceae","Bacteroidota",54
"Bin121","D3","HoS",1.45189643402028e-05,"Defluviitaleaceae","Firmicutes",59
"Bin116","D3","DR",1.44104346978578e-05,"Fusibacteraceae","Firmicutes",66
"Bin40","D5","DL",1.41500745181439e-05,"Marinifilaceae","Bacteroidota",14
"Bin104","D3","DR",1.40898100211363e-05,"Dethiosulfatibacteraceae","Firmicutes",67
"Bin45","D5","DR",1.39054708517221e-05,"Marinilabiliaceae","Bacteroidota",55
"Bin103","D3","DR",1.36931091146391e-05,"Dethiosulfatibacteraceae","Firmicutes",68
"Bin40","D3","DR",1.31692021224596e-05,"Marinifilaceae","Bacteroidota",69
"Bin37","D3","DR",1.30819022227602e-05,"Rikenellaceae","Bacteroidota",70
"Bin10","D5","DR",1.30451225278308e-05,"Spirochaetaceae","Spirochaetota",56
"Bin97","D6","DR",1.30054604678125e-05,"Ethanoligenenaceae","Firmicutes",61
"Bin12","D1","DR",1.28551741757193e-05,"uncultured","Firmicutes",100
"Bin41","D7","HoS",1.27014244931313e-05,"Marinilabiliaceae","Bacteroidota",38
"Bin24","D3","DR",1.23174360871176e-05,"uncultured__bacterium","Verrucomicrobiota",71
"Bin7","D1","HoS",1.23003197325955e-05,"Spirochaetaceae","Spirochaetota",71
"Bin124","D5","HoS",1.20666483985778e-05,"Bacteroidetes__vadinHA17","Bacteroidota",49
"Bin64","D1","HoS",1.19474485957267e-05,"uncultured__bacterium","Patescibacteria",72
"Bin87","D6","DR",1.19126116587917e-05,"uncultured__bacterium","Acidobacteriota",62
"Bin96","D7","DR",1.18360506763567e-05,"Oscillospiraceae","Firmicutes",58
"Bin46","D5","DR",1.17518691408462e-05,"Bacteroidaceae","Bacteroidota",57
"Bin103","D6","DR",1.16238836540821e-05,"Dethiosulfatibacteraceae","Firmicutes",63
"Bin84","D6","DL",1.15764880187487e-05,"Desulfovibrionaceae","Desulfobacterota",22
"Bin117","D5","DL",1.15352234886819e-05,"Fusibacteraceae","Firmicutes",15
"Bin27","D7","DR",1.12606601015085e-05,"Ilumatobacteraceae","Actinobacteriota",59
"Bin30","D6","DR",1.10903919418336e-05,"uncultured__bacterium","Actinobacteriota",64
"Bin59","D7","HoS",1.10412278780766e-05,"Marinilabiliaceae","Bacteroidota",39
"Bin33","D1","HoS",1.0982507058345e-05,"Marinifilaceae","Bacteroidota",73
"Bin28","D7","DR",1.08602347248839e-05,"Propionibacteriaceae","Actinobacteriota",60
"Bin29","D5","DR",1.06876520799325e-05,"Bogoriellaceae","Actinobacteriota",58
"Bin66","D7","DL",1.06828499548643e-05,"uncultured__bacterium","Patescibacteria",19
"Bin97","D7","DL",1.06119797520005e-05,"Ethanoligenenaceae","Firmicutes",20
"Bin125","D3","HoS",1.0498684782611e-05,"Peptococcaceae","Firmicutes",60
"Bin87","D7","DR",1.02655705763676e-05,"uncultured__bacterium","Acidobacteriota",61
"Bin111","D3","HoS",1.00869217086804e-05,"Peptostreptococcaceae","Firmicutes",61
"Bin115","D7","HoS",9.88315773945355e-06,"Anaerovoracaceae","Firmicutes",40
"Bin68","D1","HoS",9.65089356354103e-06,"uncultured__bacterium","Cyanobacteria",74
"Bin48","D6","DR",9.63953892422265e-06,"Lentimicrobiaceae","Bacteroidota",65
"Bin21","D7","DR",9.54489465377829e-06,"uncultured__bacterium","Chloroflexi",62
"Bin14","D7","DR",9.37324907167774e-06,"JG30-KF-CM45","Chloroflexi",63
"Bin61","D7","DR",9.20725531718995e-06,"Lentimicrobiaceae","Bacteroidota",64
"Bin31","D5","DR",8.92561398369347e-06,"uncultured__bacterium","Actinobacteriota",59
"Bin2","D3","DR",8.79099902837751e-06,"MSBL8","Cloacimonadota",72
"Bin103","D0","HoS",8.74356979000057e-06,"Dethiosulfatibacteraceae","Firmicutes",58
"Bin26","D7","DR",8.73273494278589e-06,"uncultured","Actinobacteriota",65
"Bin79","D3","DR",8.60919991525875e-06,"Stappiaceae","Proteobacteria",73
"Bin118","D7","HoS",8.5873531013037e-06,"Guggenheimella","Firmicutes",41
"Bin55","D6","DL",8.58475960744943e-06,"Prolixibacteraceae","Bacteroidota",23
"Bin87","D5","DR",8.55707383212048e-06,"uncultured__bacterium","Acidobacteriota",60
"Bin60","D3","DR",8.52718379870687e-06,"Lentimicrobiaceae","Bacteroidota",74
"Bin81","D1","HoS",8.40760095703043e-06,"Syntrophotalea","Desulfobacterota",75
"Bin81","D7","DR",8.33620127814749e-06,"Syntrophotalea","Desulfobacterota",66
"Bin68","D0","HoS",8.14135413338721e-06,"uncultured__bacterium","Cyanobacteria",59
"Bin122","D6","DR",8.0759840406103e-06,"uncultured","Firmicutes",66
"Bin98","D7","DR",7.72969912462448e-06,"Bacteroidetes__vadinHA17","Bacteroidota",67
"Bin4","D3","DR",7.58609355140189e-06,"MSBL8","Cloacimonadota",75
"Bin84","D0","HoS",7.48473941388099e-06,"Desulfovibrionaceae","Desulfobacterota",60
"Bin123","D6","DR",7.44148631837855e-06,"uncultured","Firmicutes",67
"Bin76","D3","HoS",7.39397596867744e-06,"Rhodocyclaceae","Proteobacteria",62
"Bin98","D5","DR",7.38838603956924e-06,"Bacteroidetes__vadinHA17","Bacteroidota",61
"Bin98","D6","DR",7.37940414838984e-06,"Bacteroidetes__vadinHA17","Bacteroidota",68
"Bin91","D7","DR",7.36632772123312e-06,"Erysipelotrichaceae","Firmicutes",68
"Bin35","D7","HoS",7.3319116454151e-06,"Marinilabiliaceae","Bacteroidota",42
"Bin67","D6","DR",7.25622006880894e-06,"uncultured__bacterium","Patescibacteria",69
"Bin51","D5","DR",7.14831002426495e-06,"Prolixibacteraceae","Bacteroidota",62
"Bin124","D7","DR",6.91464837087248e-06,"Bacteroidetes__vadinHA17","Bacteroidota",69
"Bin42","D7","DL",6.8021870257017e-06,"Bacteroidaceae","Bacteroidota",21
"Bin30","D3","DR",6.62882243053301e-06,"uncultured__bacterium","Actinobacteriota",76
"Bin40","D5","DR",6.53080362375873e-06,"Marinifilaceae","Bacteroidota",63
"Bin55","D3","HoS",6.51430007064462e-06,"Prolixibacteraceae","Bacteroidota",63
"Bin72","D1","HoS",6.42179464094181e-06,"Vibrionaceae","Proteobacteria",76
"Bin119","D0","DR",6.32158740406064e-06,"Fusibacteraceae","Firmicutes",96
"Bin86","D7","DR",6.31774021452238e-06,"uncultured__bacterium","Acidobacteriota",70
"Bin117","D1","HoS",6.27883553199361e-06,"Fusibacteraceae","Firmicutes",77
"Bin80","D3","DR",6.19811181891694e-06,"uncultured__bacterium","SAR324__clade(Marine__group__B)",77
"Bin79","D6","DR",6.12867396558915e-06,"Stappiaceae","Proteobacteria",70
"Bin22","D3","HoS",6.0882814830164e-06,"Petrotogaceae","Thermotogota",64
"Bin44","D3","DR",5.78695097259012e-06,"Williamwhitmaniaceae","Bacteroidota",78
"Bin5","D3","HoS",5.6847008505078e-06,"Sulfurovaceae","Campilobacterota",65
"Bin7","D3","HoS",5.61236346499782e-06,"Spirochaetaceae","Spirochaetota",66
"Bin91","D3","HoS",5.49021975416022e-06,"Erysipelotrichaceae","Firmicutes",67
"Bin49","D3","DR",5.37139824798585e-06,"Marinilabiliaceae","Bacteroidota",79
"Bin35","D0","HoS",5.31515981156544e-06,"Marinilabiliaceae","Bacteroidota",61
"Bin95","D3","DR",5.29905412505698e-06,"Peptococcaceae","Firmicutes",80
"Bin7","D0","HoS",5.28441409819191e-06,"Spirochaetaceae","Spirochaetota",62
"Bin84","D7","HoS",5.26849579872928e-06,"Desulfovibrionaceae","Desulfobacterota",43
"Bin96","D7","HoS",5.17044419341095e-06,"Oscillospiraceae","Firmicutes",44
"Bin74","D0","HoS",5.09212346787689e-06,"Vibrionaceae","Proteobacteria",63
"Bin50","D6","HoS",5.02847359091843e-06,"Marinilabiliaceae","Bacteroidota",51
"Bin25","D1","DR",4.95854384804818e-06,"uncultured__bacterium","Latescibacterota",101
"Bin22","D3","DR",4.87970864771642e-06,"Petrotogaceae","Thermotogota",81
"Bin3","D5","DR",4.86061675536627e-06,"uncultured__bacterium","Nitrospirota",64
"Bin91","D6","HoS",4.80614931612686e-06,"Erysipelotrichaceae","Firmicutes",52
"Bin117","D6","DL",4.7838322176941e-06,"Fusibacteraceae","Firmicutes",24
"Bin15","D1","HoS",4.75991356460576e-06,"uncultured__Chloroflexi__bacterium","Chloroflexi",78
"Bin92","D3","HoS",4.75813253062117e-06,"Izemoplasmataceae","Firmicutes",68
"Bin24","D3","DL",4.5167644084626e-06,"uncultured__bacterium","Verrucomicrobiota",10
"Bin125","D6","DL",4.50623409038729e-06,"Peptococcaceae","Firmicutes",25
"Bin63","D1","DL",4.49545503079478e-06,"uncultured__bacterium","Patescibacteria",73
"Bin113","D6","DR",4.48657416262703e-06,"Fusibacteraceae","Firmicutes",71
"Bin110","D3","DR",4.43886691084689e-06,"uncultured","Actinobacteriota",82
"Bin83","D3","HoS",4.38927293695528e-06,"Desulfobacteraceae","Desulfobacterota",69
"Bin76","D6","HoS",4.37766344152633e-06,"Rhodocyclaceae","Proteobacteria",53
"Bin14","D6","DR",4.37657058229638e-06,"JG30-KF-CM45","Chloroflexi",72
"Bin81","D6","DR",4.34283528430856e-06,"Syntrophotalea","Desulfobacterota",73
"Bin58","D3","DR",4.21796267079739e-06,"Marinilabiliaceae","Bacteroidota",83
"Bin93","D1","HoS",4.20207831723796e-06,"Exiguobacteraceae","Firmicutes",79
"Bin88","D3","HoS",4.18542064988187e-06,"Synergistaceae","Synergistota",70
"Bin120","D3","DR",4.15335563031763e-06,"Lachnospiraceae","Firmicutes",84
"Bin61","D3","HoS",4.10771154122986e-06,"Lentimicrobiaceae","Bacteroidota",71
"Bin7","D7","DL",4.06254175288137e-06,"Spirochaetaceae","Spirochaetota",22
"Bin24","D7","HoS",4.03139450944998e-06,"uncultured__bacterium","Verrucomicrobiota",45
"Bin3","D3","HoS",4.01663737305242e-06,"uncultured__bacterium","Nitrospirota",72
"Bin31","D7","DR",4.01521985990436e-06,"uncultured__bacterium","Actinobacteriota",71
"Bin56","D6","HoS",4.00572682199619e-06,"Prolixibacteraceae","Bacteroidota",54
"Bin120","D1","HoS",3.95341339044419e-06,"Lachnospiraceae","Firmicutes",80
"Bin22","D6","DR",3.90384311031234e-06,"Petrotogaceae","Thermotogota",74
"Bin55","D5","HoS",3.75682410904755e-06,"Prolixibacteraceae","Bacteroidota",50
"Bin48","D6","HoS",3.709794196313e-06,"Lentimicrobiaceae","Bacteroidota",55
"Bin2","D3","HoS",3.69845225719445e-06,"MSBL8","Cloacimonadota",73
"Bin79","D5","DR",3.6309215288534e-06,"Stappiaceae","Proteobacteria",65
"Bin123","D7","DR",3.56605449896527e-06,"uncultured","Firmicutes",72
"Bin10","D5","HoS",3.52001789857195e-06,"Spirochaetaceae","Spirochaetota",51
"Bin27","D5","DR",3.49759842469617e-06,"Ilumatobacteraceae","Actinobacteriota",66
"Bin73","D6","HoS",3.36046101494465e-06,"Vibrionaceae","Proteobacteria",56
"Bin51","D6","HoS",3.34179851348134e-06,"Prolixibacteraceae","Bacteroidota",57
"Bin24","D6","HoS",3.30362043404911e-06,"uncultured__bacterium","Verrucomicrobiota",58
"Bin37","D5","DR",3.18167356029271e-06,"Rikenellaceae","Bacteroidota",67
"Bin97","D5","DR",3.18167356029271e-06,"Ethanoligenenaceae","Firmicutes",67
"Bin36","D6","HoS",3.1404975774918e-06,"Marinilabiliaceae","Bacteroidota",59
"Bin22","D7","DR",3.04835820533466e-06,"Petrotogaceae","Thermotogota",73
"Bin27","D6","DR",3.04296667982926e-06,"Ilumatobacteraceae","Actinobacteriota",75
"Bin40","D7","DL",2.97719043913207e-06,"Marinifilaceae","Bacteroidota",23
"Bin12","D3","DR",2.94355581712488e-06,"uncultured","Firmicutes",85
"Bin14","D5","DR",2.91756210449038e-06,"JG30-KF-CM45","Chloroflexi",69
"Bin124","D3","HoS",2.91207242381781e-06,"Bacteroidetes__vadinHA17","Bacteroidota",74
"Bin87","D3","DR",2.90836570671106e-06,"uncultured__bacterium","Acidobacteriota",86
"Bin26","D6","DR",2.89267146135384e-06,"uncultured","Actinobacteriota",76
"Bin26","D5","DR",2.86697247706422e-06,"uncultured","Actinobacteriota",70
"Bin111","D5","HoS",2.73032477509438e-06,"Peptostreptococcaceae","Firmicutes",52
"Bin88","D5","DR",2.72593308010192e-06,"Synergistaceae","Synergistota",71
"Bin94","D5","HoS",2.69522441882331e-06,"Carnobacteriaceae","Firmicutes",53
"Bin48","D7","DR",2.67832437253297e-06,"Lentimicrobiaceae","Bacteroidota",74
"Bin96","D6","HoS",2.62852861644979e-06,"Oscillospiraceae","Firmicutes",60
"Bin37","D3","HoS",2.57902451888339e-06,"Rikenellaceae","Bacteroidota",75
"Bin50","D5","DR",2.57736584044995e-06,"Marinilabiliaceae","Bacteroidota",72
"Bin63","D1","HoS",2.53213445361999e-06,"uncultured__bacterium","Patescibacteria",81
"Bin30","D3","HoS",2.44541880483409e-06,"uncultured__bacterium","Actinobacteriota",76
"Bin62","D7","DR",2.43732907612384e-06,"uncultured__bacterium","Bacteroidota",75
"Bin24","D7","DR",2.34045752745e-06,"uncultured__bacterium","Verrucomicrobiota",76
"Bin51","D5","HoS",2.21389404268877e-06,"Prolixibacteraceae","Bacteroidota",54
"Bin49","D6","DR",2.20374789392841e-06,"Marinilabiliaceae","Bacteroidota",77
"Bin45","D5","HoS",2.19244081301003e-06,"Marinilabiliaceae","Bacteroidota",55
"Bin109","D7","DR",2.11563605328273e-06,"livecontrolB21","Firmicutes",77
"Bin31","D6","HoS",2.04722633080863e-06,"uncultured__bacterium","Actinobacteriota",61
"Bin103","D3","HoS",1.99800406020389e-06,"Dethiosulfatibacteraceae","Firmicutes",77
"Bin99","D5","DL",1.96096008556076e-06,"Prolixibacteraceae","Bacteroidota",16
"Bin30","D6","HoS",1.95869234877406e-06,"uncultured__bacterium","Actinobacteriota",62
"Bin47","D6","DL",1.92763692126895e-06,"Prolixibacteraceae","Bacteroidota",26
"Bin61","D3","DR",1.89684768026163e-06,"Lentimicrobiaceae","Bacteroidota",87
"Bin10","D3","HoS",1.87276628595733e-06,"Spirochaetaceae","Spirochaetota",78
"Bin39","D5","HoS",1.85049400851159e-06,"Marinifilaceae","Bacteroidota",56
"Bin103","D5","DR",1.84297825285662e-06,"Dethiosulfatibacteraceae","Firmicutes",73
"Bin80","D3","HoS",1.83589877978843e-06,"uncultured__bacterium","SAR324__clade(Marine__group__B)",79
"Bin57","D7","DR",1.77818035144523e-06,"Bacteroidetes__vadinHA17","Bacteroidota",78
"Bin67","D7","DR",1.77339646248728e-06,"uncultured__bacterium","Patescibacteria",79
"Bin62","D6","DR",1.77303293679432e-06,"uncultured__bacterium","Bacteroidota",78
"Bin56","D5","HoS",1.69251928347928e-06,"Prolixibacteraceae","Bacteroidota",57
"Bin79","D7","HoS",1.68627264452058e-06,"Stappiaceae","Proteobacteria",46
"Bin83","D5","DR",1.67181679117058e-06,"Desulfobacteraceae","Desulfobacterota",74
"Bin124","D7","HoS",1.66951201462259e-06,"Bacteroidetes__vadinHA17","Bacteroidota",47
"Bin70","D5","DR",1.6489805420296e-06,"uncultured__bacterium","Marinimicrobia__(SAR406__clade)",75
"Bin15","D3","DR",1.61248402195752e-06,"uncultured__Chloroflexi__bacterium","Chloroflexi",88
"Bin7","D7","HoS",1.57659881936143e-06,"Spirochaetaceae","Spirochaetota",48
"Bin38","D7","DR",1.53454255286499e-06,"Rikenellaceae","Bacteroidota",80
"Bin10","D6","DR",1.52662170516117e-06,"Spirochaetaceae","Spirochaetota",79
"Bin95","D3","HoS",1.52552215122547e-06,"Peptococcaceae","Firmicutes",80
"Bin82","D6","DR",1.50650894928794e-06,"Desulfobulbaceae","Desulfobacterota",80
"Bin50","D7","DR",1.48043686093782e-06,"Marinilabiliaceae","Bacteroidota",81
"Bin67","D3","DR",1.46799765120376e-06,"uncultured__bacterium","Patescibacteria",89
"Bin105","D3","DR",1.45828890844343e-06,"Fermentibacteraceae","Fermentibacterota",90
"Bin95","D7","DR",1.45346076268359e-06,"Peptococcaceae","Firmicutes",82
"Bin69","D6","DR",1.45177287881493e-06,"uncultured__bacterium","Cyanobacteria",81
"Bin104","D5","DR",1.44982167193435e-06,"Dethiosulfatibacteraceae","Firmicutes",76
"Bin97","D3","DR",1.43632759759846e-06,"Ethanoligenenaceae","Firmicutes",91
"Bin81","D5","DR",1.43348623853211e-06,"Syntrophotalea","Desulfobacterota",77
"Bin90","D6","DR",1.39101717780528e-06,"uncultured__bacterium","Firmicutes",82
"Bin90","D3","DR",1.38245017957947e-06,"uncultured__bacterium","Firmicutes",92
"Bin113","D5","DR",1.35803959439884e-06,"Fusibacteraceae","Firmicutes",78
"Bin31","D7","HoS",1.35425227475689e-06,"uncultured__bacterium","Actinobacteriota",49
"Bin26","D3","DR",1.35249467643068e-06,"uncultured","Actinobacteriota",93
"Bin107","D7","DR",1.3009764478208e-06,"uncultured","Firmicutes",83
"Bin87","D6","HoS",1.27245594383415e-06,"uncultured__bacterium","Acidobacteriota",63
"Bin79","D3","HoS",1.21700012204733e-06,"Stappiaceae","Proteobacteria",81
"Bin83","D3","DR",1.21671920033526e-06,"Desulfobacteraceae","Desulfobacterota",94
"Bin120","D6","HoS",1.15407320152333e-06,"Lachnospiraceae","Firmicutes",64
"Bin69","D5","DR",1.14459605679028e-06,"uncultured__bacterium","Cyanobacteria",79
"Bin30","D7","HoS",1.06115115486434e-06,"uncultured__bacterium","Actinobacteriota",50
"Bin38","D5","DR",9.91983249218241e-07,"Rikenellaceae","Bacteroidota",80
"Bin39","D7","HoS",9.8917195707558e-07,"Marinifilaceae","Bacteroidota",51
"Bin68","D0","DR",9.77521709511066e-07,"uncultured__bacterium","Cyanobacteria",97
"Bin1","D6","DR",9.35755565249544e-07,"LK-44f","Cloacimonadota",83
"Bin4","D3","HoS",9.20667287548316e-07,"MSBL8","Cloacimonadota",82
"Bin5","D6","HoS",9.18825917780742e-07,"Sulfurovaceae","Campilobacterota",65
"Bin90","D3","HoS",9.14756019163325e-07,"uncultured__bacterium","Firmicutes",83
"Bin17","D3","DR",9.10161037826293e-07,"Anaerolineaceae","Chloroflexi",95
"Bin27","D7","HoS",8.89339470106077e-07,"Ilumatobacteraceae","Actinobacteriota",52
"Bin110","D6","DR",8.39799791729652e-07,"uncultured","Actinobacteriota",84
"Bin67","D6","HoS",8.29282293578164e-07,"uncultured__bacterium","Patescibacteria",66
"Bin98","D7","HoS",8.04261887831682e-07,"Bacteroidetes__vadinHA17","Bacteroidota",53
"Bin110","D7","DR",7.98390444863156e-07,"uncultured","Actinobacteriota",84
"Bin16","D7","DR",7.98390444863156e-07,"uncultured__bacterium","Chloroflexi",84
"Bin122","D7","DR",7.97864847498799e-07,"uncultured","Firmicutes",86
"Bin87","D7","HoS",7.9308709761795e-07,"uncultured__bacterium","Acidobacteriota",54
"Bin91","D7","HoS",7.91453161699884e-07,"Erysipelotrichaceae","Firmicutes",55
"Bin106","D7","DR",7.88892395077311e-07,"JTB215","Firmicutes",87
"Bin1","D5","DR",7.83686826645655e-07,"LK-44f","Cloacimonadota",81
"Bin28","D6","DR",7.7862215024293e-07,"Propionibacteriaceae","Actinobacteriota",85
"Bin32","D3","DR",7.68209641338283e-07,"Flavobacteriaceae","Bacteroidota",96
"Bin45","D6","DR",7.58173106083581e-07,"Marinilabiliaceae","Bacteroidota",86
"Bin103","D7","DR",7.54511981650269e-07,"Dethiosulfatibacteraceae","Firmicutes",88
"Bin49","D7","DR",7.51811866598502e-07,"Marinilabiliaceae","Bacteroidota",89
"Bin88","D7","DR",7.48525404952244e-07,"Synergistaceae","Synergistota",90
"Bin3","D7","DR",7.42015908821085e-07,"uncultured__bacterium","Nitrospirota",91
"Bin18","D7","DR",7.31978684780699e-07,"Anaerolineaceae","Chloroflexi",92
"Bin32","D6","DR",7.27886799045013e-07,"Flavobacteriaceae","Bacteroidota",87
"Bin66","D7","HoS",7.26771050884568e-07,"uncultured__bacterium","Patescibacteria",56
"Bin17","D6","DR",7.18019415244988e-07,"Anaerolineaceae","Chloroflexi",88
"Bin66","D6","DR",7.18019415244988e-07,"uncultured__bacterium","Patescibacteria",88
"Bin123","D5","HoS",7.01606911401472e-07,"uncultured","Firmicutes",58
"Bin82","D7","DR",6.99594235343501e-07,"Desulfobulbaceae","Desulfobacterota",93
"Bin64","D3","DR",6.89175654027696e-07,"uncultured__bacterium","Patescibacteria",97
"Bin25","D7","DR",6.87171875429482e-07,"uncultured__bacterium","Latescibacterota",94
"Bin12","D0","HoS",6.56983551273338e-07,"uncultured","Firmicutes",64
"Bin95","D6","DR",6.5462734247484e-07,"Peptococcaceae","Firmicutes",90
"Bin110","D3","HoS",6.20270873604782e-07,"uncultured","Actinobacteriota",84
"Bin57","D3","HoS",6.15228824517793e-07,"Bacteroidetes__vadinHA17","Bacteroidota",85
"Bin76","D5","HoS",5.30938640803142e-07,"Rhodocyclaceae","Proteobacteria",59
"Bin28","D7","HoS",5.29169419994825e-07,"Propionibacteriaceae","Actinobacteriota",57
"Bin19","D3","DR",5.27763369000084e-07,"Anaerolineaceae","Chloroflexi",98
"Bin107","D6","DR",5.24758391146512e-07,"uncultured","Firmicutes",91
"Bin97","D6","HoS",5.05674541688917e-07,"Ethanoligenenaceae","Firmicutes",67
"Bin12","D0","DR",4.96571332222146e-07,"uncultured","Firmicutes",98
"Bin30","D5","HoS",4.75719903022234e-07,"uncultured__bacterium","Actinobacteriota",60
"Bin49","D3","HoS",4.62389404481673e-07,"Marinilabiliaceae","Bacteroidota",86
"Bin61","D6","DR",4.59530910846208e-07,"Lentimicrobiaceae","Bacteroidota",92
"Bin18","D3","HoS",4.55461859742887e-07,"Anaerolineaceae","Chloroflexi",87
"Bin18","D3","DR",4.51728871748045e-07,"Anaerolineaceae","Chloroflexi",99
"Bin98","D6","HoS",3.95198882601847e-07,"Bacteroidetes__vadinHA17","Bacteroidota",68
"Bin11","D3","DR",3.9360718947148e-07,"Leptospiraceae","Spirochaetota",100
"Bin98","D3","HoS",3.82545873254722e-07,"Bacteroidetes__vadinHA17","Bacteroidota",88
"Bin79","D6","HoS",3.80103720178019e-07,"Stappiaceae","Proteobacteria",69
"Bin37","D0","HoS",3.28530597071372e-07,"Rikenellaceae","Bacteroidota",65
"Bin21","D7","HoS",3.21236889798955e-07,"uncultured__bacterium","Chloroflexi",58
"Bin120","D7","DL",3.04416783106086e-07,"Lachnospiraceae","Firmicutes",24
"Bin83","D6","DR",2.87576342532182e-07,"Desulfobacteraceae","Desulfobacterota",93
"Bin111","D7","HoS",2.72958487578496e-07,"Peptostreptococcaceae","Firmicutes",59
"Bin22","D7","HoS",2.54029850444555e-07,"Petrotogaceae","Thermotogota",60
"Bin50","D5","HoS",2.45125217565158e-07,"Marinilabiliaceae","Bacteroidota",61
"Bin87","D5","HoS",2.36478617584675e-07,"uncultured__bacterium","Acidobacteriota",62
"Bin88","D5","HoS",2.34596151892366e-07,"Synergistaceae","Synergistota",63
"Bin120","D3","HoS",2.30741979462091e-07,"Lachnospiraceae","Firmicutes",89
"Bin109","D6","HoS",2.29985506827725e-07,"livecontrolB21","Firmicutes",70
"Bin13","D5","DR",2.26840698850825e-07,"uncultured","Firmicutes",82
"Bin22","D6","HoS",2.25992732474637e-07,"Petrotogaceae","Thermotogota",71
"Bin3","D5","HoS",1.87142742663403e-07,"uncultured__bacterium","Nitrospirota",64
"Bin21","D5","DR",1.66819584619234e-07,"uncultured__bacterium","Chloroflexi",83
"Bin1","D5","HoS",1.60034655372669e-07,"LK-44f","Cloacimonadota",65
"Bin113","D6","HoS",1.59850072659859e-07,"Fusibacteraceae","Firmicutes",72
"Bin109","D5","HoS",1.59557792877208e-07,"livecontrolB21","Firmicutes",66
"Bin79","D5","HoS",1.58856436442886e-07,"Stappiaceae","Proteobacteria",67
"Bin98","D5","HoS",1.54522007814247e-07,"Bacteroidetes__vadinHA17","Bacteroidota",68
"Bin40","D3","HoS",1.54390422455507e-07,"Marinifilaceae","Bacteroidota",90
"Bin60","D3","HoS",1.53435407782416e-07,"Lentimicrobiaceae","Bacteroidota",91
"Bin58","D3","HoS",1.53396036803572e-07,"Marinilabiliaceae","Bacteroidota",92
"Bin21","D3","HoS",1.51895156439916e-07,"uncultured__bacterium","Chloroflexi",93
"Bin62","D5","HoS",1.50285858155196e-07,"uncultured__bacterium","Bacteroidota",69
"Bin48","D7","HoS",1.44774290407188e-07,"Lentimicrobiaceae","Bacteroidota",61
"Bin103","D6","HoS",1.23047445260676e-07,"Dethiosulfatibacteraceae","Firmicutes",73
"Bin62","D6","HoS",1.19331455988574e-07,"uncultured__bacterium","Bacteroidota",74
"Bin49","D6","HoS",1.19121507779914e-07,"Marinilabiliaceae","Bacteroidota",75
"Bin123","D6","HoS",9.91885314131284e-08,"uncultured","Firmicutes",76
"Bin98","D7","DL",9.64847889800477e-08,"Bacteroidetes__vadinHA17","Bacteroidota",25
"Bin40","D7","HoS",7.68264831942694e-08,"Marinifilaceae","Bacteroidota",62
"Bin14","D6","HoS",7.63517292918365e-08,"JG30-KF-CM45","Chloroflexi",77
"Bin26","D6","HoS",7.61229331935222e-08,"uncultured","Actinobacteriota",78
"Bin107","D5","DR",7.5446644133269e-08,"uncultured","Firmicutes",84
"Bin109","D6","DR",7.51904822363998e-08,"livecontrolB21","Firmicutes",94
"Bin27","D3","DR",7.51385931350376e-08,"Ilumatobacteraceae","Actinobacteriota",101
"Bin26","D7","HoS",7.49121448986579e-08,"uncultured","Actinobacteriota",63
"Bin36","D7","HoS",7.30440870575671e-08,"Marinilabiliaceae","Bacteroidota",64
"Bin120","D7","HoS",7.26429936549061e-08,"Lachnospiraceae","Firmicutes",65
"Bin77","D7","HoS",6.89023579911003e-08,"Rhodospirillaceae","Proteobacteria",66
"Bin62","D7","HoS",6.48592353425283e-08,"uncultured__bacterium","Bacteroidota",67
"Bin81","D7","HoS",5.66693886771436e-08,"Syntrophotalea","Desulfobacterota",68
"Bin67","D7","HoS",4.66683279601916e-08,"uncultured__bacterium","Patescibacteria",69
"Bin14","D7","HoS",4.47462502955805e-08,"JG30-KF-CM45","Chloroflexi",70
"Bin10","D6","HoS",4.01742553989783e-08,"Spirochaetaceae","Spirochaetota",79
"Bin107","D6","HoS",3.90472800245837e-08,"uncultured","Firmicutes",80
"Bin90","D6","HoS",3.86209666212613e-08,"uncultured__bacterium","Firmicutes",81
"Bin1","D6","HoS",3.77475084374218e-08,"LK-44f","Cloacimonadota",82
"Bin32","D7","HoS",3.73948784744269e-08,"Flavobacteriaceae","Bacteroidota",71
"Bin107","D7","HoS",3.51835517779386e-08,"uncultured","Firmicutes",72
"Bin1","D0","HoS",0,"LK-44f","Cloacimonadota",66
"Bin1","D7","DR",0,"LK-44f","Cloacimonadota",95
"Bin1","D6","DL",0,"LK-44f","Cloacimonadota",27
"Bin1","D5","DL",0,"LK-44f","Cloacimonadota",17
"Bin1","D3","DL",0,"LK-44f","Cloacimonadota",11
"Bin1","D1","DR",0,"LK-44f","Cloacimonadota",102
"Bin1","D7","DL",0,"LK-44f","Cloacimonadota",26
"Bin1","D7","HoS",0,"LK-44f","Cloacimonadota",73
"Bin10","D7","HoS",0,"Spirochaetaceae","Spirochaetota",73
"Bin10","D1","HoS",0,"Spirochaetaceae","Spirochaetota",82
"Bin10","D6","DL",0,"Spirochaetaceae","Spirochaetota",27
"Bin10","D7","DR",0,"Spirochaetaceae","Spirochaetota",95
"Bin10","D5","DL",0,"Spirochaetaceae","Spirochaetota",17
"Bin10","D7","DL",0,"Spirochaetaceae","Spirochaetota",26
"Bin10","D3","DL",0,"Spirochaetaceae","Spirochaetota",11
"Bin100","D6","DL",0,"Fusobacteriaceae","Fusobacteriota",27
"Bin100","D7","DL",0,"Fusobacteriaceae","Fusobacteriota",26
"Bin100","D5","DL",0,"Fusobacteriaceae","Fusobacteriota",17
"Bin100","D3","DL",0,"Fusobacteriaceae","Fusobacteriota",11
"Bin101","D6","DL",0,"Fusobacteriaceae","Fusobacteriota",27
"Bin101","D3","DL",0,"Fusobacteriaceae","Fusobacteriota",11
"Bin101","D0","DL",0,"Fusobacteriaceae","Fusobacteriota",67
"Bin101","D5","DL",0,"Fusobacteriaceae","Fusobacteriota",17
"Bin101","D0","DR",0,"Fusobacteriaceae","Fusobacteriota",99
"Bin102","D7","DL",0,"Dethiosulfatibacteraceae","Firmicutes",26
"Bin102","D5","DL",0,"Dethiosulfatibacteraceae","Firmicutes",17
"Bin102","D0","DL",0,"Dethiosulfatibacteraceae","Firmicutes",67
"Bin102","D0","DR",0,"Dethiosulfatibacteraceae","Firmicutes",99
"Bin102","D6","DL",0,"Dethiosulfatibacteraceae","Firmicutes",27
"Bin103","D5","HoS",0,"Dethiosulfatibacteraceae","Firmicutes",70
"Bin103","D5","DL",0,"Dethiosulfatibacteraceae","Firmicutes",17
"Bin103","D0","DL",0,"Dethiosulfatibacteraceae","Firmicutes",67
"Bin103","D7","DL",0,"Dethiosulfatibacteraceae","Firmicutes",26
"Bin103","D3","DL",0,"Dethiosulfatibacteraceae","Firmicutes",11
"Bin103","D7","HoS",0,"Dethiosulfatibacteraceae","Firmicutes",73
"Bin104","D0","DL",0,"Dethiosulfatibacteraceae","Firmicutes",67
"Bin104","D5","DL",0,"Dethiosulfatibacteraceae","Firmicutes",17
"Bin104","D6","HoS",0,"Dethiosulfatibacteraceae","Firmicutes",83
"Bin104","D1","DL",0,"Dethiosulfatibacteraceae","Firmicutes",74
"Bin104","D6","DR",0,"Dethiosulfatibacteraceae","Firmicutes",95
"Bin104","D7","HoS",0,"Dethiosulfatibacteraceae","Firmicutes",73
"Bin104","D0","DR",0,"Dethiosulfatibacteraceae","Firmicutes",99
"Bin104","D6","DL",0,"Dethiosulfatibacteraceae","Firmicutes",27
"Bin104","D7","DR",0,"Dethiosulfatibacteraceae","Firmicutes",95
"Bin104","D1","DR",0,"Dethiosulfatibacteraceae","Firmicutes",102
"Bin104","D7","DL",0,"Dethiosulfatibacteraceae","Firmicutes",26
"Bin104","D3","DL",0,"Dethiosulfatibacteraceae","Firmicutes",11
"Bin104","D5","HoS",0,"Dethiosulfatibacteraceae","Firmicutes",70
"Bin105","D1","DR",0,"Fermentibacteraceae","Fermentibacterota",102
"Bin105","D6","DL",0,"Fermentibacteraceae","Fermentibacterota",27
"Bin105","D6","DR",0,"Fermentibacteraceae","Fermentibacterota",95
"Bin105","D1","DL",0,"Fermentibacteraceae","Fermentibacterota",74
"Bin105","D6","HoS",0,"Fermentibacteraceae","Fermentibacterota",83
"Bin105","D7","DL",0,"Fermentibacteraceae","Fermentibacterota",26
"Bin105","D7","DR",0,"Fermentibacteraceae","Fermentibacterota",95
"Bin105","D7","HoS",0,"Fermentibacteraceae","Fermentibacterota",73
"Bin105","D3","HoS",0,"Fermentibacteraceae","Fermentibacterota",94
"Bin105","D3","DL",0,"Fermentibacteraceae","Fermentibacterota",11
"Bin105","D0","DR",0,"Fermentibacteraceae","Fermentibacterota",99
"Bin105","D5","DL",0,"Fermentibacteraceae","Fermentibacterota",17
"Bin105","D5","HoS",0,"Fermentibacteraceae","Fermentibacterota",70
"Bin105","D0","DL",0,"Fermentibacteraceae","Fermentibacterota",67
"Bin105","D5","DR",0,"Fermentibacteraceae","Fermentibacterota",85
"Bin106","D7","DL",0,"JTB215","Firmicutes",26
"Bin106","D3","DL",0,"JTB215","Firmicutes",11
"Bin106","D7","HoS",0,"JTB215","Firmicutes",73
"Bin106","D5","DL",0,"JTB215","Firmicutes",17
"Bin106","D1","HoS",0,"JTB215","Firmicutes",82
"Bin106","D6","DL",0,"JTB215","Firmicutes",27
"Bin107","D3","DL",0,"uncultured","Firmicutes",11
"Bin107","D7","DL",0,"uncultured","Firmicutes",26
"Bin107","D5","HoS",0,"uncultured","Firmicutes",70
"Bin107","D0","DL",0,"uncultured","Firmicutes",67
"Bin107","D6","DL",0,"uncultured","Firmicutes",27
"Bin107","D5","DL",0,"uncultured","Firmicutes",17
"Bin108","D0","DR",0,"JTB215","Firmicutes",99
"Bin108","D0","DL",0,"JTB215","Firmicutes",67
"Bin108","D1","DR",0,"JTB215","Firmicutes",102
"Bin108","D7","HoS",0,"JTB215","Firmicutes",73
"Bin108","D5","DL",0,"JTB215","Firmicutes",17
"Bin108","D7","DL",0,"JTB215","Firmicutes",26
"Bin108","D6","DL",0,"JTB215","Firmicutes",27
"Bin108","D7","DR",0,"JTB215","Firmicutes",95
"Bin108","D3","DL",0,"JTB215","Firmicutes",11
"Bin108","D1","DL",0,"JTB215","Firmicutes",74
"Bin109","D1","DR",0,"livecontrolB21","Firmicutes",102
"Bin109","D7","HoS",0,"livecontrolB21","Firmicutes",73
"Bin109","D7","DL",0,"livecontrolB21","Firmicutes",26
"Bin109","D6","DL",0,"livecontrolB21","Firmicutes",27
"Bin109","D0","DR",0,"livecontrolB21","Firmicutes",99
"Bin109","D0","DL",0,"livecontrolB21","Firmicutes",67
"Bin109","D3","DL",0,"livecontrolB21","Firmicutes",11
"Bin109","D1","DL",0,"livecontrolB21","Firmicutes",74
"Bin109","D5","DL",0,"livecontrolB21","Firmicutes",17
"Bin109","D5","DR",0,"livecontrolB21","Firmicutes",85
"Bin11","D7","DR",0,"Leptospiraceae","Spirochaetota",95
"Bin11","D6","DL",0,"Leptospiraceae","Spirochaetota",27
"Bin11","D7","DL",0,"Leptospiraceae","Spirochaetota",26
"Bin11","D7","HoS",0,"Leptospiraceae","Spirochaetota",73
"Bin11","D6","HoS",0,"Leptospiraceae","Spirochaetota",83
"Bin11","D3","DL",0,"Leptospiraceae","Spirochaetota",11
"Bin11","D3","HoS",0,"Leptospiraceae","Spirochaetota",94
"Bin11","D6","DR",0,"Leptospiraceae","Spirochaetota",95
"Bin11","D5","DR",0,"Leptospiraceae","Spirochaetota",85
"Bin11","D5","HoS",0,"Leptospiraceae","Spirochaetota",70
"Bin11","D5","DL",0,"Leptospiraceae","Spirochaetota",17
"Bin110","D7","HoS",0,"uncultured","Actinobacteriota",73
"Bin110","D7","DL",0,"uncultured","Actinobacteriota",26
"Bin110","D6","DL",0,"uncultured","Actinobacteriota",27
"Bin110","D3","DL",0,"uncultured","Actinobacteriota",11
"Bin110","D5","DL",0,"uncultured","Actinobacteriota",17
"Bin110","D5","HoS",0,"uncultured","Actinobacteriota",70
"Bin110","D6","HoS",0,"uncultured","Actinobacteriota",83
"Bin110","D1","HoS",0,"uncultured","Actinobacteriota",82
"Bin110","D5","DR",0,"uncultured","Actinobacteriota",85
"Bin111","D3","DL",0,"Peptostreptococcaceae","Firmicutes",11
"Bin111","D5","DL",0,"Peptostreptococcaceae","Firmicutes",17
"Bin111","D6","DL",0,"Peptostreptococcaceae","Firmicutes",27
"Bin111","D0","HoS",0,"Peptostreptococcaceae","Firmicutes",66
"Bin111","D7","DL",0,"Peptostreptococcaceae","Firmicutes",26
"Bin111","D1","DL",0,"Peptostreptococcaceae","Firmicutes",74
"Bin111","D1","HoS",0,"Peptostreptococcaceae","Firmicutes",82
"Bin112","D0","HoS",0,"Peptostreptococcaceae","Firmicutes",66
"Bin112","D5","DL",0,"Peptostreptococcaceae","Firmicutes",17
"Bin112","D3","DL",0,"Peptostreptococcaceae","Firmicutes",11
"Bin112","D7","DL",0,"Peptostreptococcaceae","Firmicutes",26
"Bin112","D1","DL",0,"Peptostreptococcaceae","Firmicutes",74
"Bin112","D1","DR",0,"Peptostreptococcaceae","Firmicutes",102
"Bin113","D5","DL",0,"Fusibacteraceae","Firmicutes",17
"Bin113","D6","DL",0,"Fusibacteraceae","Firmicutes",27
"Bin113","D7","DR",0,"Fusibacteraceae","Firmicutes",95
"Bin113","D7","HoS",0,"Fusibacteraceae","Firmicutes",73
"Bin113","D0","DL",0,"Fusibacteraceae","Firmicutes",67
"Bin113","D3","DL",0,"Fusibacteraceae","Firmicutes",11
"Bin113","D7","DL",0,"Fusibacteraceae","Firmicutes",26
"Bin113","D5","HoS",0,"Fusibacteraceae","Firmicutes",70
"Bin113","D1","DL",0,"Fusibacteraceae","Firmicutes",74
"Bin113","D1","DR",0,"Fusibacteraceae","Firmicutes",102
"Bin114","D7","HoS",0,"Anaerovoracaceae","Firmicutes",73
"Bin114","D7","DR",0,"Anaerovoracaceae","Firmicutes",95
"Bin114","D5","DL",0,"Anaerovoracaceae","Firmicutes",17
"Bin114","D7","DL",0,"Anaerovoracaceae","Firmicutes",26
"Bin114","D3","DL",0,"Anaerovoracaceae","Firmicutes",11
"Bin114","D6","DL",0,"Anaerovoracaceae","Firmicutes",27
"Bin114","D0","DL",0,"Anaerovoracaceae","Firmicutes",67
"Bin114","D0","DR",0,"Anaerovoracaceae","Firmicutes",99
"Bin115","D3","HoS",0,"Anaerovoracaceae","Firmicutes",94
"Bin115","D6","DL",0,"Anaerovoracaceae","Firmicutes",27
"Bin115","D7","DL",0,"Anaerovoracaceae","Firmicutes",26
"Bin115","D0","HoS",0,"Anaerovoracaceae","Firmicutes",66
"Bin115","D1","HoS",0,"Anaerovoracaceae","Firmicutes",82
"Bin116","D3","DL",0,"Fusibacteraceae","Firmicutes",11
"Bin116","D1","DL",0,"Fusibacteraceae","Firmicutes",74
"Bin116","D0","DR",0,"Fusibacteraceae","Firmicutes",99
"Bin116","D0","DL",0,"Fusibacteraceae","Firmicutes",67
"Bin117","D3","DL",0,"Fusibacteraceae","Firmicutes",11
"Bin117","D1","DL",0,"Fusibacteraceae","Firmicutes",74
"Bin118","D7","DL",0,"Guggenheimella","Firmicutes",26
"Bin118","D1","DR",0,"Guggenheimella","Firmicutes",102
"Bin118","D0","HoS",0,"Guggenheimella","Firmicutes",66
"Bin118","D6","DL",0,"Guggenheimella","Firmicutes",27
"Bin119","D1","DL",0,"Fusibacteraceae","Firmicutes",74
"Bin119","D3","DL",0,"Fusibacteraceae","Firmicutes",11
"Bin119","D3","HoS",0,"Fusibacteraceae","Firmicutes",94
"Bin119","D7","DL",0,"Fusibacteraceae","Firmicutes",26
"Bin119","D0","DL",0,"Fusibacteraceae","Firmicutes",67
"Bin119","D0","HoS",0,"Fusibacteraceae","Firmicutes",66
"Bin119","D5","DL",0,"Fusibacteraceae","Firmicutes",17
"Bin12","D7","DL",0,"uncultured","Firmicutes",26
"Bin12","D7","DR",0,"uncultured","Firmicutes",95
"Bin12","D7","HoS",0,"uncultured","Firmicutes",73
"Bin12","D6","DL",0,"uncultured","Firmicutes",27
"Bin12","D5","DL",0,"uncultured","Firmicutes",17
"Bin12","D5","DR",0,"uncultured","Firmicutes",85
"Bin12","D5","HoS",0,"uncultured","Firmicutes",70
"Bin12","D3","DL",0,"uncultured","Firmicutes",11
"Bin12","D3","HoS",0,"uncultured","Firmicutes",94
"Bin12","D6","DR",0,"uncultured","Firmicutes",95
"Bin12","D6","HoS",0,"uncultured","Firmicutes",83
"Bin12","D0","DL",0,"uncultured","Firmicutes",67
"Bin120","D5","DL",0,"Lachnospiraceae","Firmicutes",17
"Bin120","D5","DR",0,"Lachnospiraceae","Firmicutes",85
"Bin120","D3","DL",0,"Lachnospiraceae","Firmicutes",11
"Bin120","D1","DL",0,"Lachnospiraceae","Firmicutes",74
"Bin120","D6","DL",0,"Lachnospiraceae","Firmicutes",27
"Bin120","D5","HoS",0,"Lachnospiraceae","Firmicutes",70
"Bin120","D0","HoS",0,"Lachnospiraceae","Firmicutes",66
"Bin121","D6","DL",0,"Defluviitaleaceae","Firmicutes",27
"Bin121","D5","DL",0,"Defluviitaleaceae","Firmicutes",17
"Bin121","D3","DL",0,"Defluviitaleaceae","Firmicutes",11
"Bin121","D0","HoS",0,"Defluviitaleaceae","Firmicutes",66
"Bin121","D7","DL",0,"Defluviitaleaceae","Firmicutes",26
"Bin122","D5","DL",0,"uncultured","Firmicutes",17
"Bin122","D1","DL",0,"uncultured","Firmicutes",74
"Bin122","D6","DL",0,"uncultured","Firmicutes",27
"Bin122","D3","DL",0,"uncultured","Firmicutes",11
"Bin122","D7","DL",0,"uncultured","Firmicutes",26
"Bin122","D0","DL",0,"uncultured","Firmicutes",67
"Bin122","D0","DR",0,"uncultured","Firmicutes",99
"Bin122","D7","HoS",0,"uncultured","Firmicutes",73
"Bin122","D3","DR",0,"uncultured","Firmicutes",102
"Bin122","D1","DR",0,"uncultured","Firmicutes",102
"Bin123","D6","DL",0,"uncultured","Firmicutes",27
"Bin123","D7","DL",0,"uncultured","Firmicutes",26
"Bin123","D7","HoS",0,"uncultured","Firmicutes",73
"Bin123","D5","DL",0,"uncultured","Firmicutes",17
"Bin123","D3","DL",0,"uncultured","Firmicutes",11
"Bin124","D3","DL",0,"Bacteroidetes__vadinHA17","Bacteroidota",11
"Bin124","D0","DL",0,"Bacteroidetes__vadinHA17","Bacteroidota",67
"Bin124","D6","DL",0,"Bacteroidetes__vadinHA17","Bacteroidota",27
"Bin124","D7","DL",0,"Bacteroidetes__vadinHA17","Bacteroidota",26
"Bin124","D5","DL",0,"Bacteroidetes__vadinHA17","Bacteroidota",17
"Bin124","D1","HoS",0,"Bacteroidetes__vadinHA17","Bacteroidota",82
"Bin124","D0","DR",0,"Bacteroidetes__vadinHA17","Bacteroidota",99
"Bin125","D0","DL",0,"Peptococcaceae","Firmicutes",67
"Bin125","D5","DL",0,"Peptococcaceae","Firmicutes",17
"Bin125","D3","DL",0,"Peptococcaceae","Firmicutes",11
"Bin125","D1","DL",0,"Peptococcaceae","Firmicutes",74
"Bin125","D7","DL",0,"Peptococcaceae","Firmicutes",26
"Bin13","D7","DR",0,"uncultured","Firmicutes",95
"Bin13","D6","DR",0,"uncultured","Firmicutes",95
"Bin13","D6","HoS",0,"uncultured","Firmicutes",83
"Bin13","D5","DL",0,"uncultured","Firmicutes",17
"Bin13","D3","DL",0,"uncultured","Firmicutes",11
"Bin13","D7","DL",0,"uncultured","Firmicutes",26
"Bin13","D6","DL",0,"uncultured","Firmicutes",27
"Bin13","D5","HoS",0,"uncultured","Firmicutes",70
"Bin13","D7","HoS",0,"uncultured","Firmicutes",73
"Bin13","D1","DR",0,"uncultured","Firmicutes",102
"Bin13","D0","DL",0,"uncultured","Firmicutes",67
"Bin13","D0","DR",0,"uncultured","Firmicutes",99
"Bin13","D1","DL",0,"uncultured","Firmicutes",74
"Bin14","D6","DL",0,"JG30-KF-CM45","Chloroflexi",27
"Bin14","D5","DL",0,"JG30-KF-CM45","Chloroflexi",17
"Bin14","D5","HoS",0,"JG30-KF-CM45","Chloroflexi",70
"Bin14","D3","DL",0,"JG30-KF-CM45","Chloroflexi",11
"Bin14","D1","DL",0,"JG30-KF-CM45","Chloroflexi",74
"Bin14","D3","HoS",0,"JG30-KF-CM45","Chloroflexi",94
"Bin14","D7","DL",0,"JG30-KF-CM45","Chloroflexi",26
"Bin14","D3","DR",0,"JG30-KF-CM45","Chloroflexi",102
"Bin15","D6","DR",0,"uncultured__Chloroflexi__bacterium","Chloroflexi",95
"Bin15","D7","HoS",0,"uncultured__Chloroflexi__bacterium","Chloroflexi",73
"Bin15","D6","DL",0,"uncultured__Chloroflexi__bacterium","Chloroflexi",27
"Bin15","D6","HoS",0,"uncultured__Chloroflexi__bacterium","Chloroflexi",83
"Bin15","D1","DL",0,"uncultured__Chloroflexi__bacterium","Chloroflexi",74
"Bin15","D0","HoS",0,"uncultured__Chloroflexi__bacterium","Chloroflexi",66
"Bin15","D7","DL",0,"uncultured__Chloroflexi__bacterium","Chloroflexi",26
"Bin15","D7","DR",0,"uncultured__Chloroflexi__bacterium","Chloroflexi",95
"Bin15","D3","HoS",0,"uncultured__Chloroflexi__bacterium","Chloroflexi",94
"Bin15","D5","HoS",0,"uncultured__Chloroflexi__bacterium","Chloroflexi",70
"Bin15","D3","DL",0,"uncultured__Chloroflexi__bacterium","Chloroflexi",11
"Bin15","D5","DR",0,"uncultured__Chloroflexi__bacterium","Chloroflexi",85
"Bin15","D5","DL",0,"uncultured__Chloroflexi__bacterium","Chloroflexi",17
"Bin16","D7","HoS",0,"uncultured__bacterium","Chloroflexi",73
"Bin16","D7","DL",0,"uncultured__bacterium","Chloroflexi",26
"Bin16","D3","DR",0,"uncultured__bacterium","Chloroflexi",102
"Bin16","D6","DL",0,"uncultured__bacterium","Chloroflexi",27
"Bin16","D3","DL",0,"uncultured__bacterium","Chloroflexi",11
"Bin16","D5","DL",0,"uncultured__bacterium","Chloroflexi",17
"Bin16","D3","HoS",0,"uncultured__bacterium","Chloroflexi",94
"Bin16","D5","HoS",0,"uncultured__bacterium","Chloroflexi",70
"Bin16","D6","HoS",0,"uncultured__bacterium","Chloroflexi",83
"Bin16","D5","DR",0,"uncultured__bacterium","Chloroflexi",85
"Bin16","D6","DR",0,"uncultured__bacterium","Chloroflexi",95
"Bin16","D1","HoS",0,"uncultured__bacterium","Chloroflexi",82
"Bin16","D0","HoS",0,"uncultured__bacterium","Chloroflexi",66
"Bin17","D3","DL",0,"Anaerolineaceae","Chloroflexi",11
"Bin17","D5","DL",0,"Anaerolineaceae","Chloroflexi",17
"Bin17","D3","HoS",0,"Anaerolineaceae","Chloroflexi",94
"Bin17","D6","HoS",0,"Anaerolineaceae","Chloroflexi",83
"Bin17","D5","DR",0,"Anaerolineaceae","Chloroflexi",85
"Bin17","D5","HoS",0,"Anaerolineaceae","Chloroflexi",70
"Bin17","D7","HoS",0,"Anaerolineaceae","Chloroflexi",73
"Bin17","D7","DL",0,"Anaerolineaceae","Chloroflexi",26
"Bin17","D7","DR",0,"Anaerolineaceae","Chloroflexi",95
"Bin17","D0","HoS",0,"Anaerolineaceae","Chloroflexi",66
"Bin17","D6","DL",0,"Anaerolineaceae","Chloroflexi",27
"Bin18","D6","HoS",0,"Anaerolineaceae","Chloroflexi",83
"Bin18","D5","DL",0,"Anaerolineaceae","Chloroflexi",17
"Bin18","D5","HoS",0,"Anaerolineaceae","Chloroflexi",70
"Bin18","D5","DR",0,"Anaerolineaceae","Chloroflexi",85
"Bin18","D1","HoS",0,"Anaerolineaceae","Chloroflexi",82
"Bin18","D0","HoS",0,"Anaerolineaceae","Chloroflexi",66
"Bin18","D3","DL",0,"Anaerolineaceae","Chloroflexi",11
"Bin18","D6","DL",0,"Anaerolineaceae","Chloroflexi",27
"Bin18","D7","DL",0,"Anaerolineaceae","Chloroflexi",26
"Bin18","D6","DR",0,"Anaerolineaceae","Chloroflexi",95
"Bin18","D7","HoS",0,"Anaerolineaceae","Chloroflexi",73
"Bin19","D5","DL",0,"Anaerolineaceae","Chloroflexi",17
"Bin19","D6","HoS",0,"Anaerolineaceae","Chloroflexi",83
"Bin19","D6","DR",0,"Anaerolineaceae","Chloroflexi",95
"Bin19","D3","HoS",0,"Anaerolineaceae","Chloroflexi",94
"Bin19","D1","HoS",0,"Anaerolineaceae","Chloroflexi",82
"Bin19","D5","DR",0,"Anaerolineaceae","Chloroflexi",85
"Bin19","D7","HoS",0,"Anaerolineaceae","Chloroflexi",73
"Bin19","D6","DL",0,"Anaerolineaceae","Chloroflexi",27
"Bin19","D7","DL",0,"Anaerolineaceae","Chloroflexi",26
"Bin19","D7","DR",0,"Anaerolineaceae","Chloroflexi",95
"Bin19","D3","DL",0,"Anaerolineaceae","Chloroflexi",11
"Bin19","D0","HoS",0,"Anaerolineaceae","Chloroflexi",66
"Bin19","D5","HoS",0,"Anaerolineaceae","Chloroflexi",70
"Bin2","D7","DR",0,"MSBL8","Cloacimonadota",95
"Bin2","D0","DL",0,"MSBL8","Cloacimonadota",67
"Bin2","D6","DR",0,"MSBL8","Cloacimonadota",95
"Bin2","D7","DL",0,"MSBL8","Cloacimonadota",26
"Bin2","D5","DL",0,"MSBL8","Cloacimonadota",17
"Bin2","D6","DL",0,"MSBL8","Cloacimonadota",27
"Bin2","D3","DL",0,"MSBL8","Cloacimonadota",11
"Bin2","D7","HoS",0,"MSBL8","Cloacimonadota",73
"Bin2","D5","HoS",0,"MSBL8","Cloacimonadota",70
"Bin2","D6","HoS",0,"MSBL8","Cloacimonadota",83
"Bin2","D5","DR",0,"MSBL8","Cloacimonadota",85
"Bin20","D6","DR",0,"uncultured__bacterium","Chloroflexi",95
"Bin20","D1","HoS",0,"uncultured__bacterium","Chloroflexi",82
"Bin20","D3","DR",0,"uncultured__bacterium","Chloroflexi",102
"Bin20","D6","DL",0,"uncultured__bacterium","Chloroflexi",27
"Bin20","D3","DL",0,"uncultured__bacterium","Chloroflexi",11
"Bin20","D3","HoS",0,"uncultured__bacterium","Chloroflexi",94
"Bin20","D1","DL",0,"uncultured__bacterium","Chloroflexi",74
"Bin20","D5","DR",0,"uncultured__bacterium","Chloroflexi",85
"Bin20","D6","HoS",0,"uncultured__bacterium","Chloroflexi",83
"Bin20","D7","DL",0,"uncultured__bacterium","Chloroflexi",26
"Bin20","D7","HoS",0,"uncultured__bacterium","Chloroflexi",73
"Bin20","D5","HoS",0,"uncultured__bacterium","Chloroflexi",70
"Bin20","D0","HoS",0,"uncultured__bacterium","Chloroflexi",66
"Bin20","D7","DR",0,"uncultured__bacterium","Chloroflexi",95
"Bin20","D5","DL",0,"uncultured__bacterium","Chloroflexi",17
"Bin21","D3","DR",0,"uncultured__bacterium","Chloroflexi",102
"Bin21","D3","DL",0,"uncultured__bacterium","Chloroflexi",11
"Bin21","D5","HoS",0,"uncultured__bacterium","Chloroflexi",70
"Bin21","D7","DL",0,"uncultured__bacterium","Chloroflexi",26
"Bin21","D5","DL",0,"uncultured__bacterium","Chloroflexi",17
"Bin21","D1","DL",0,"uncultured__bacterium","Chloroflexi",74
"Bin21","D6","HoS",0,"uncultured__bacterium","Chloroflexi",83
"Bin21","D1","HoS",0,"uncultured__bacterium","Chloroflexi",82
"Bin21","D6","DR",0,"uncultured__bacterium","Chloroflexi",95
"Bin21","D6","DL",0,"uncultured__bacterium","Chloroflexi",27
"Bin22","D3","DL",0,"Petrotogaceae","Thermotogota",11
"Bin22","D7","DL",0,"Petrotogaceae","Thermotogota",26
"Bin22","D5","DL",0,"Petrotogaceae","Thermotogota",17
"Bin22","D5","HoS",0,"Petrotogaceae","Thermotogota",70
"Bin22","D0","HoS",0,"Petrotogaceae","Thermotogota",66
"Bin22","D5","DR",0,"Petrotogaceae","Thermotogota",85
"Bin22","D6","DL",0,"Petrotogaceae","Thermotogota",27
"Bin23","D5","DR",0,"uncultured__bacterium","Caldatribacteriota",85
"Bin23","D5","DL",0,"uncultured__bacterium","Caldatribacteriota",17
"Bin23","D6","DR",0,"uncultured__bacterium","Caldatribacteriota",95
"Bin23","D6","HoS",0,"uncultured__bacterium","Caldatribacteriota",83
"Bin23","D5","HoS",0,"uncultured__bacterium","Caldatribacteriota",70
"Bin23","D0","HoS",0,"uncultured__bacterium","Caldatribacteriota",66
"Bin23","D7","DR",0,"uncultured__bacterium","Caldatribacteriota",95
"Bin23","D7","HoS",0,"uncultured__bacterium","Caldatribacteriota",73
"Bin23","D3","HoS",0,"uncultured__bacterium","Caldatribacteriota",94
"Bin23","D6","DL",0,"uncultured__bacterium","Caldatribacteriota",27
"Bin23","D3","DL",0,"uncultured__bacterium","Caldatribacteriota",11
"Bin23","D3","DR",0,"uncultured__bacterium","Caldatribacteriota",102
"Bin23","D7","DL",0,"uncultured__bacterium","Caldatribacteriota",26
"Bin24","D6","DL",0,"uncultured__bacterium","Verrucomicrobiota",27
"Bin24","D7","DL",0,"uncultured__bacterium","Verrucomicrobiota",26
"Bin24","D0","HoS",0,"uncultured__bacterium","Verrucomicrobiota",66
"Bin24","D5","DL",0,"uncultured__bacterium","Verrucomicrobiota",17
"Bin25","D7","DL",0,"uncultured__bacterium","Latescibacterota",26
"Bin25","D1","DL",0,"uncultured__bacterium","Latescibacterota",74
"Bin25","D3","HoS",0,"uncultured__bacterium","Latescibacterota",94
"Bin25","D0","HoS",0,"uncultured__bacterium","Latescibacterota",66
"Bin25","D7","HoS",0,"uncultured__bacterium","Latescibacterota",73
"Bin25","D5","DL",0,"uncultured__bacterium","Latescibacterota",17
"Bin25","D3","DL",0,"uncultured__bacterium","Latescibacterota",11
"Bin25","D3","DR",0,"uncultured__bacterium","Latescibacterota",102
"Bin25","D5","HoS",0,"uncultured__bacterium","Latescibacterota",70
"Bin25","D6","DL",0,"uncultured__bacterium","Latescibacterota",27
"Bin25","D6","HoS",0,"uncultured__bacterium","Latescibacterota",83
"Bin25","D5","DR",0,"uncultured__bacterium","Latescibacterota",85
"Bin25","D1","HoS",0,"uncultured__bacterium","Latescibacterota",82
"Bin25","D6","DR",0,"uncultured__bacterium","Latescibacterota",95
"Bin26","D3","DL",0,"uncultured","Actinobacteriota",11
"Bin26","D5","HoS",0,"uncultured","Actinobacteriota",70
"Bin26","D7","DL",0,"uncultured","Actinobacteriota",26
"Bin26","D3","HoS",0,"uncultured","Actinobacteriota",94
"Bin26","D0","HoS",0,"uncultured","Actinobacteriota",66
"Bin26","D1","HoS",0,"uncultured","Actinobacteriota",82
"Bin26","D5","DL",0,"uncultured","Actinobacteriota",17
"Bin26","D6","DL",0,"uncultured","Actinobacteriota",27
"Bin26","D1","DL",0,"uncultured","Actinobacteriota",74
"Bin27","D5","HoS",0,"Ilumatobacteraceae","Actinobacteriota",70
"Bin27","D0","HoS",0,"Ilumatobacteraceae","Actinobacteriota",66
"Bin27","D1","HoS",0,"Ilumatobacteraceae","Actinobacteriota",82
"Bin27","D5","DL",0,"Ilumatobacteraceae","Actinobacteriota",17
"Bin27","D6","DL",0,"Ilumatobacteraceae","Actinobacteriota",27
"Bin27","D6","HoS",0,"Ilumatobacteraceae","Actinobacteriota",83
"Bin27","D7","DL",0,"Ilumatobacteraceae","Actinobacteriota",26
"Bin27","D1","DL",0,"Ilumatobacteraceae","Actinobacteriota",74
"Bin27","D3","HoS",0,"Ilumatobacteraceae","Actinobacteriota",94
"Bin27","D3","DL",0,"Ilumatobacteraceae","Actinobacteriota",11
"Bin28","D5","DL",0,"Propionibacteriaceae","Actinobacteriota",17
"Bin28","D7","DL",0,"Propionibacteriaceae","Actinobacteriota",26
"Bin28","D1","DL",0,"Propionibacteriaceae","Actinobacteriota",74
"Bin28","D6","HoS",0,"Propionibacteriaceae","Actinobacteriota",83
"Bin28","D3","DL",0,"Propionibacteriaceae","Actinobacteriota",11
"Bin28","D6","DL",0,"Propionibacteriaceae","Actinobacteriota",27
"Bin28","D3","DR",0,"Propionibacteriaceae","Actinobacteriota",102
"Bin28","D3","HoS",0,"Propionibacteriaceae","Actinobacteriota",94
"Bin28","D5","HoS",0,"Propionibacteriaceae","Actinobacteriota",70
"Bin28","D5","DR",0,"Propionibacteriaceae","Actinobacteriota",85
"Bin29","D1","DL",0,"Bogoriellaceae","Actinobacteriota",74
"Bin29","D6","DL",0,"Bogoriellaceae","Actinobacteriota",27
"Bin29","D7","DL",0,"Bogoriellaceae","Actinobacteriota",26
"Bin29","D3","DL",0,"Bogoriellaceae","Actinobacteriota",11
"Bin29","D3","DR",0,"Bogoriellaceae","Actinobacteriota",102
"Bin29","D3","HoS",0,"Bogoriellaceae","Actinobacteriota",94
"Bin29","D5","HoS",0,"Bogoriellaceae","Actinobacteriota",70
"Bin29","D5","DL",0,"Bogoriellaceae","Actinobacteriota",17
"Bin3","D3","DL",0,"uncultured__bacterium","Nitrospirota",11
"Bin3","D6","DL",0,"uncultured__bacterium","Nitrospirota",27
"Bin3","D7","DL",0,"uncultured__bacterium","Nitrospirota",26
"Bin3","D5","DL",0,"uncultured__bacterium","Nitrospirota",17
"Bin3","D0","HoS",0,"uncultured__bacterium","Nitrospirota",66
"Bin3","D7","HoS",0,"uncultured__bacterium","Nitrospirota",73
"Bin3","D6","DR",0,"uncultured__bacterium","Nitrospirota",95
"Bin3","D6","HoS",0,"uncultured__bacterium","Nitrospirota",83
"Bin30","D7","DL",0,"uncultured__bacterium","Actinobacteriota",26
"Bin30","D3","DL",0,"uncultured__bacterium","Actinobacteriota",11
"Bin30","D6","DL",0,"uncultured__bacterium","Actinobacteriota",27
"Bin30","D0","HoS",0,"uncultured__bacterium","Actinobacteriota",66
"Bin30","D5","DL",0,"uncultured__bacterium","Actinobacteriota",17
"Bin30","D1","DL",0,"uncultured__bacterium","Actinobacteriota",74
"Bin30","D1","HoS",0,"uncultured__bacterium","Actinobacteriota",82
"Bin31","D5","DL",0,"uncultured__bacterium","Actinobacteriota",17
"Bin31","D3","DL",0,"uncultured__bacterium","Actinobacteriota",11
"Bin31","D6","DL",0,"uncultured__bacterium","Actinobacteriota",27
"Bin31","D7","DL",0,"uncultured__bacterium","Actinobacteriota",26
"Bin31","D1","DL",0,"uncultured__bacterium","Actinobacteriota",74
"Bin32","D5","DL",0,"Flavobacteriaceae","Bacteroidota",17
"Bin32","D1","HoS",0,"Flavobacteriaceae","Bacteroidota",82
"Bin32","D5","DR",0,"Flavobacteriaceae","Bacteroidota",85
"Bin32","D3","DL",0,"Flavobacteriaceae","Bacteroidota",11
"Bin32","D6","HoS",0,"Flavobacteriaceae","Bacteroidota",83
"Bin32","D0","HoS",0,"Flavobacteriaceae","Bacteroidota",66
"Bin32","D6","DL",0,"Flavobacteriaceae","Bacteroidota",27
"Bin32","D5","HoS",0,"Flavobacteriaceae","Bacteroidota",70
"Bin32","D3","HoS",0,"Flavobacteriaceae","Bacteroidota",94
"Bin32","D1","DL",0,"Flavobacteriaceae","Bacteroidota",74
"Bin33","D6","DL",0,"Marinifilaceae","Bacteroidota",27
"Bin33","D1","DL",0,"Marinifilaceae","Bacteroidota",74
"Bin33","D5","DL",0,"Marinifilaceae","Bacteroidota",17
"Bin33","D0","DL",0,"Marinifilaceae","Bacteroidota",67
"Bin33","D3","DL",0,"Marinifilaceae","Bacteroidota",11
"Bin34","D3","DL",0,"Marinifilaceae","Bacteroidota",11
"Bin34","D5","DL",0,"Marinifilaceae","Bacteroidota",17
"Bin34","D6","DL",0,"Marinifilaceae","Bacteroidota",27
"Bin34","D0","DL",0,"Marinifilaceae","Bacteroidota",67
"Bin35","D5","DL",0,"Marinilabiliaceae","Bacteroidota",17
"Bin35","D7","DL",0,"Marinilabiliaceae","Bacteroidota",26
"Bin35","D0","DR",0,"Marinilabiliaceae","Bacteroidota",99
"Bin35","D1","HoS",0,"Marinilabiliaceae","Bacteroidota",82
"Bin35","D0","DL",0,"Marinilabiliaceae","Bacteroidota",67
"Bin36","D5","DL",0,"Marinilabiliaceae","Bacteroidota",17
"Bin36","D0","DL",0,"Marinilabiliaceae","Bacteroidota",67
"Bin36","D6","DL",0,"Marinilabiliaceae","Bacteroidota",27
"Bin36","D7","DL",0,"Marinilabiliaceae","Bacteroidota",26
"Bin37","D7","DR",0,"Rikenellaceae","Bacteroidota",95
"Bin37","D7","HoS",0,"Rikenellaceae","Bacteroidota",73
"Bin37","D5","DL",0,"Rikenellaceae","Bacteroidota",17
"Bin37","D0","DR",0,"Rikenellaceae","Bacteroidota",99
"Bin37","D3","DL",0,"Rikenellaceae","Bacteroidota",11
"Bin37","D7","DL",0,"Rikenellaceae","Bacteroidota",26
"Bin37","D0","DL",0,"Rikenellaceae","Bacteroidota",67
"Bin37","D5","HoS",0,"Rikenellaceae","Bacteroidota",70
"Bin38","D7","HoS",0,"Rikenellaceae","Bacteroidota",73
"Bin38","D7","DL",0,"Rikenellaceae","Bacteroidota",26
"Bin38","D6","HoS",0,"Rikenellaceae","Bacteroidota",83
"Bin38","D6","DL",0,"Rikenellaceae","Bacteroidota",27
"Bin38","D6","DR",0,"Rikenellaceae","Bacteroidota",95
"Bin38","D3","DL",0,"Rikenellaceae","Bacteroidota",11
"Bin38","D5","DL",0,"Rikenellaceae","Bacteroidota",17
"Bin38","D0","HoS",0,"Rikenellaceae","Bacteroidota",66
"Bin38","D0","DL",0,"Rikenellaceae","Bacteroidota",67
"Bin38","D5","HoS",0,"Rikenellaceae","Bacteroidota",70
"Bin39","D1","DL",0,"Marinifilaceae","Bacteroidota",74
"Bin39","D3","DL",0,"Marinifilaceae","Bacteroidota",11
"Bin39","D5","DL",0,"Marinifilaceae","Bacteroidota",17
"Bin39","D1","DR",0,"Marinifilaceae","Bacteroidota",102
"Bin39","D7","DL",0,"Marinifilaceae","Bacteroidota",26
"Bin39","D6","DL",0,"Marinifilaceae","Bacteroidota",27
"Bin39","D0","DL",0,"Marinifilaceae","Bacteroidota",67
"Bin39","D0","DR",0,"Marinifilaceae","Bacteroidota",99
"Bin4","D6","DL",0,"MSBL8","Cloacimonadota",27
"Bin4","D6","DR",0,"MSBL8","Cloacimonadota",95
"Bin4","D5","DR",0,"MSBL8","Cloacimonadota",85
"Bin4","D3","DL",0,"MSBL8","Cloacimonadota",11
"Bin4","D5","DL",0,"MSBL8","Cloacimonadota",17
"Bin4","D0","DL",0,"MSBL8","Cloacimonadota",67
"Bin4","D0","DR",0,"MSBL8","Cloacimonadota",99
"Bin4","D7","DL",0,"MSBL8","Cloacimonadota",26
"Bin4","D7","DR",0,"MSBL8","Cloacimonadota",95
"Bin4","D7","HoS",0,"MSBL8","Cloacimonadota",73
"Bin4","D5","HoS",0,"MSBL8","Cloacimonadota",70
"Bin4","D6","HoS",0,"MSBL8","Cloacimonadota",83
"Bin40","D1","DL",0,"Marinifilaceae","Bacteroidota",74
"Bin40","D5","HoS",0,"Marinifilaceae","Bacteroidota",70
"Bin40","D3","DL",0,"Marinifilaceae","Bacteroidota",11
"Bin40","D0","DR",0,"Marinifilaceae","Bacteroidota",99
"Bin40","D0","DL",0,"Marinifilaceae","Bacteroidota",67
"Bin41","D6","DL",0,"Marinilabiliaceae","Bacteroidota",27
"Bin41","D5","DL",0,"Marinilabiliaceae","Bacteroidota",17
"Bin41","D3","DL",0,"Marinilabiliaceae","Bacteroidota",11
"Bin41","D7","DL",0,"Marinilabiliaceae","Bacteroidota",26
"Bin42","D0","DL",0,"Bacteroidaceae","Bacteroidota",67
"Bin42","D0","HoS",0,"Bacteroidaceae","Bacteroidota",66
"Bin42","D1","HoS",0,"Bacteroidaceae","Bacteroidota",82
"Bin42","D5","DL",0,"Bacteroidaceae","Bacteroidota",17
"Bin42","D1","DL",0,"Bacteroidaceae","Bacteroidota",74
"Bin42","D3","DL",0,"Bacteroidaceae","Bacteroidota",11
"Bin43","D0","DR",0,"Prolixibacteraceae","Bacteroidota",99
"Bin43","D3","DL",0,"Prolixibacteraceae","Bacteroidota",11
"Bin43","D0","DL",0,"Prolixibacteraceae","Bacteroidota",67
"Bin43","D7","DL",0,"Prolixibacteraceae","Bacteroidota",26
"Bin43","D1","HoS",0,"Prolixibacteraceae","Bacteroidota",82
"Bin43","D5","DL",0,"Prolixibacteraceae","Bacteroidota",17
"Bin43","D0","HoS",0,"Prolixibacteraceae","Bacteroidota",66
"Bin44","D5","DL",0,"Williamwhitmaniaceae","Bacteroidota",17
"Bin44","D3","DL",0,"Williamwhitmaniaceae","Bacteroidota",11
"Bin44","D6","DR",0,"Williamwhitmaniaceae","Bacteroidota",95
"Bin44","D5","DR",0,"Williamwhitmaniaceae","Bacteroidota",85
"Bin44","D5","HoS",0,"Williamwhitmaniaceae","Bacteroidota",70
"Bin44","D6","HoS",0,"Williamwhitmaniaceae","Bacteroidota",83
"Bin44","D3","HoS",0,"Williamwhitmaniaceae","Bacteroidota",94
"Bin44","D7","DL",0,"Williamwhitmaniaceae","Bacteroidota",26
"Bin44","D7","DR",0,"Williamwhitmaniaceae","Bacteroidota",95
"Bin44","D7","HoS",0,"Williamwhitmaniaceae","Bacteroidota",73
"Bin44","D6","DL",0,"Williamwhitmaniaceae","Bacteroidota",27
"Bin44","D0","DL",0,"Williamwhitmaniaceae","Bacteroidota",67
"Bin44","D1","DR",0,"Williamwhitmaniaceae","Bacteroidota",102
"Bin45","D5","DL",0,"Marinilabiliaceae","Bacteroidota",17
"Bin45","D6","HoS",0,"Marinilabiliaceae","Bacteroidota",83
"Bin45","D6","DL",0,"Marinilabiliaceae","Bacteroidota",27
"Bin45","D3","DL",0,"Marinilabiliaceae","Bacteroidota",11
"Bin45","D0","DL",0,"Marinilabiliaceae","Bacteroidota",67
"Bin45","D7","HoS",0,"Marinilabiliaceae","Bacteroidota",73
"Bin45","D1","HoS",0,"Marinilabiliaceae","Bacteroidota",82
"Bin45","D1","DR",0,"Marinilabiliaceae","Bacteroidota",102
"Bin45","D7","DR",0,"Marinilabiliaceae","Bacteroidota",95
"Bin45","D7","DL",0,"Marinilabiliaceae","Bacteroidota",26
"Bin46","D0","DR",0,"Bacteroidaceae","Bacteroidota",99
"Bin46","D6","DL",0,"Bacteroidaceae","Bacteroidota",27
"Bin46","D0","DL",0,"Bacteroidaceae","Bacteroidota",67
"Bin46","D5","DL",0,"Bacteroidaceae","Bacteroidota",17
"Bin46","D7","DL",0,"Bacteroidaceae","Bacteroidota",26
"Bin46","D1","DR",0,"Bacteroidaceae","Bacteroidota",102
"Bin46","D1","DL",0,"Bacteroidaceae","Bacteroidota",74
"Bin46","D3","DR",0,"Bacteroidaceae","Bacteroidota",102
"Bin46","D3","DL",0,"Bacteroidaceae","Bacteroidota",11
"Bin47","D7","DL",0,"Prolixibacteraceae","Bacteroidota",26
"Bin47","D3","DL",0,"Prolixibacteraceae","Bacteroidota",11
"Bin47","D0","DL",0,"Prolixibacteraceae","Bacteroidota",67
"Bin47","D5","DL",0,"Prolixibacteraceae","Bacteroidota",17
"Bin47","D0","HoS",0,"Prolixibacteraceae","Bacteroidota",66
"Bin48","D3","DL",0,"Lentimicrobiaceae","Bacteroidota",11
"Bin48","D5","DL",0,"Lentimicrobiaceae","Bacteroidota",17
"Bin48","D7","DL",0,"Lentimicrobiaceae","Bacteroidota",26
"Bin48","D1","HoS",0,"Lentimicrobiaceae","Bacteroidota",82
"Bin48","D6","DL",0,"Lentimicrobiaceae","Bacteroidota",27
"Bin48","D0","HoS",0,"Lentimicrobiaceae","Bacteroidota",66
"Bin48","D0","DL",0,"Lentimicrobiaceae","Bacteroidota",67
"Bin49","D5","DL",0,"Marinilabiliaceae","Bacteroidota",17
"Bin49","D5","DR",0,"Marinilabiliaceae","Bacteroidota",85
"Bin49","D7","HoS",0,"Marinilabiliaceae","Bacteroidota",73
"Bin49","D0","HoS",0,"Marinilabiliaceae","Bacteroidota",66
"Bin49","D6","DL",0,"Marinilabiliaceae","Bacteroidota",27
"Bin49","D3","DL",0,"Marinilabiliaceae","Bacteroidota",11
"Bin49","D1","HoS",0,"Marinilabiliaceae","Bacteroidota",82
"Bin49","D7","DL",0,"Marinilabiliaceae","Bacteroidota",26
"Bin49","D0","DL",0,"Marinilabiliaceae","Bacteroidota",67
"Bin49","D5","HoS",0,"Marinilabiliaceae","Bacteroidota",70
"Bin5","D6","DL",0,"Sulfurovaceae","Campilobacterota",27
"Bin5","D7","HoS",0,"Sulfurovaceae","Campilobacterota",73
"Bin5","D3","DL",0,"Sulfurovaceae","Campilobacterota",11
"Bin5","D5","DL",0,"Sulfurovaceae","Campilobacterota",17
"Bin5","D0","DL",0,"Sulfurovaceae","Campilobacterota",67
"Bin5","D0","DR",0,"Sulfurovaceae","Campilobacterota",99
"Bin5","D5","HoS",0,"Sulfurovaceae","Campilobacterota",70
"Bin5","D1","HoS",0,"Sulfurovaceae","Campilobacterota",82
"Bin50","D0","DL",0,"Marinilabiliaceae","Bacteroidota",67
"Bin50","D0","DR",0,"Marinilabiliaceae","Bacteroidota",99
"Bin50","D6","DL",0,"Marinilabiliaceae","Bacteroidota",27
"Bin50","D7","HoS",0,"Marinilabiliaceae","Bacteroidota",73
"Bin50","D5","DL",0,"Marinilabiliaceae","Bacteroidota",17
"Bin50","D7","DL",0,"Marinilabiliaceae","Bacteroidota",26
"Bin50","D3","DL",0,"Marinilabiliaceae","Bacteroidota",11
"Bin51","D3","DL",0,"Prolixibacteraceae","Bacteroidota",11
"Bin51","D5","DL",0,"Prolixibacteraceae","Bacteroidota",17
"Bin51","D6","DL",0,"Prolixibacteraceae","Bacteroidota",27
"Bin52","D7","DL",0,"Prolixibacteraceae","Bacteroidota",26
"Bin52","D3","DL",0,"Prolixibacteraceae","Bacteroidota",11
"Bin52","D5","DR",0,"Prolixibacteraceae","Bacteroidota",85
"Bin52","D6","DL",0,"Prolixibacteraceae","Bacteroidota",27
"Bin52","D5","DL",0,"Prolixibacteraceae","Bacteroidota",17
"Bin53","D7","DL",0,"Prolixibacteraceae","Bacteroidota",26
"Bin53","D5","DL",0,"Prolixibacteraceae","Bacteroidota",17
"Bin53","D5","DR",0,"Prolixibacteraceae","Bacteroidota",85
"Bin53","D3","DL",0,"Prolixibacteraceae","Bacteroidota",11
"Bin53","D3","DR",0,"Prolixibacteraceae","Bacteroidota",102
"Bin53","D6","DL",0,"Prolixibacteraceae","Bacteroidota",27
"Bin53","D0","DL",0,"Prolixibacteraceae","Bacteroidota",67
"Bin54","D5","DL",0,"Prolixibacteraceae","Bacteroidota",17
"Bin54","D1","DL",0,"Prolixibacteraceae","Bacteroidota",74
"Bin54","D5","DR",0,"Prolixibacteraceae","Bacteroidota",85
"Bin54","D0","DR",0,"Prolixibacteraceae","Bacteroidota",99
"Bin54","D6","DR",0,"Prolixibacteraceae","Bacteroidota",95
"Bin54","D0","DL",0,"Prolixibacteraceae","Bacteroidota",67
"Bin54","D3","DL",0,"Prolixibacteraceae","Bacteroidota",11
"Bin54","D1","DR",0,"Prolixibacteraceae","Bacteroidota",102
"Bin54","D6","DL",0,"Prolixibacteraceae","Bacteroidota",27
"Bin54","D7","DL",0,"Prolixibacteraceae","Bacteroidota",26
"Bin54","D3","DR",0,"Prolixibacteraceae","Bacteroidota",102
"Bin55","D1","HoS",0,"Prolixibacteraceae","Bacteroidota",82
"Bin55","D5","DL",0,"Prolixibacteraceae","Bacteroidota",17
"Bin55","D0","HoS",0,"Prolixibacteraceae","Bacteroidota",66
"Bin55","D0","DL",0,"Prolixibacteraceae","Bacteroidota",67
"Bin55","D3","DL",0,"Prolixibacteraceae","Bacteroidota",11
"Bin56","D6","DL",0,"Prolixibacteraceae","Bacteroidota",27
"Bin56","D3","HoS",0,"Prolixibacteraceae","Bacteroidota",94
"Bin56","D7","DL",0,"Prolixibacteraceae","Bacteroidota",26
"Bin56","D3","DL",0,"Prolixibacteraceae","Bacteroidota",11
"Bin56","D5","DL",0,"Prolixibacteraceae","Bacteroidota",17
"Bin56","D0","DL",0,"Prolixibacteraceae","Bacteroidota",67
"Bin57","D7","DL",0,"Bacteroidetes__vadinHA17","Bacteroidota",26
"Bin57","D3","DR",0,"Bacteroidetes__vadinHA17","Bacteroidota",102
"Bin57","D7","HoS",0,"Bacteroidetes__vadinHA17","Bacteroidota",73
"Bin57","D3","DL",0,"Bacteroidetes__vadinHA17","Bacteroidota",11
"Bin57","D5","DL",0,"Bacteroidetes__vadinHA17","Bacteroidota",17
"Bin57","D5","DR",0,"Bacteroidetes__vadinHA17","Bacteroidota",85
"Bin57","D5","HoS",0,"Bacteroidetes__vadinHA17","Bacteroidota",70
"Bin57","D0","HoS",0,"Bacteroidetes__vadinHA17","Bacteroidota",66
"Bin57","D6","HoS",0,"Bacteroidetes__vadinHA17","Bacteroidota",83
"Bin57","D1","DL",0,"Bacteroidetes__vadinHA17","Bacteroidota",74
"Bin57","D6","DL",0,"Bacteroidetes__vadinHA17","Bacteroidota",27
"Bin57","D6","DR",0,"Bacteroidetes__vadinHA17","Bacteroidota",95
"Bin58","D5","DL",0,"Marinilabiliaceae","Bacteroidota",17
"Bin58","D3","DL",0,"Marinilabiliaceae","Bacteroidota",11
"Bin58","D5","DR",0,"Marinilabiliaceae","Bacteroidota",85
"Bin58","D5","HoS",0,"Marinilabiliaceae","Bacteroidota",70
"Bin58","D1","HoS",0,"Marinilabiliaceae","Bacteroidota",82
"Bin58","D0","HoS",0,"Marinilabiliaceae","Bacteroidota",66
"Bin58","D7","HoS",0,"Marinilabiliaceae","Bacteroidota",73
"Bin58","D6","HoS",0,"Marinilabiliaceae","Bacteroidota",83
"Bin58","D7","DL",0,"Marinilabiliaceae","Bacteroidota",26
"Bin58","D7","DR",0,"Marinilabiliaceae","Bacteroidota",95
"Bin58","D6","DL",0,"Marinilabiliaceae","Bacteroidota",27
"Bin58","D6","DR",0,"Marinilabiliaceae","Bacteroidota",95
"Bin59","D5","DL",0,"Marinilabiliaceae","Bacteroidota",17
"Bin59","D7","DL",0,"Marinilabiliaceae","Bacteroidota",26
"Bin59","D0","HoS",0,"Marinilabiliaceae","Bacteroidota",66
"Bin6","D3","DL",0,"Arcobacteraceae","Campilobacterota",11
"Bin6","D1","HoS",0,"Arcobacteraceae","Campilobacterota",82
"Bin6","D0","DL",0,"Arcobacteraceae","Campilobacterota",67
"Bin6","D0","DR",0,"Arcobacteraceae","Campilobacterota",99
"Bin6","D3","DR",0,"Arcobacteraceae","Campilobacterota",102
"Bin60","D6","HoS",0,"Lentimicrobiaceae","Bacteroidota",83
"Bin60","D6","DR",0,"Lentimicrobiaceae","Bacteroidota",95
"Bin60","D1","HoS",0,"Lentimicrobiaceae","Bacteroidota",82
"Bin60","D7","DL",0,"Lentimicrobiaceae","Bacteroidota",26
"Bin60","D7","HoS",0,"Lentimicrobiaceae","Bacteroidota",73
"Bin60","D6","DL",0,"Lentimicrobiaceae","Bacteroidota",27
"Bin60","D3","DL",0,"Lentimicrobiaceae","Bacteroidota",11
"Bin60","D0","HoS",0,"Lentimicrobiaceae","Bacteroidota",66
"Bin60","D7","DR",0,"Lentimicrobiaceae","Bacteroidota",95
"Bin60","D5","DR",0,"Lentimicrobiaceae","Bacteroidota",85
"Bin60","D5","HoS",0,"Lentimicrobiaceae","Bacteroidota",70
"Bin60","D5","DL",0,"Lentimicrobiaceae","Bacteroidota",17
"Bin61","D7","HoS",0,"Lentimicrobiaceae","Bacteroidota",73
"Bin61","D5","DR",0,"Lentimicrobiaceae","Bacteroidota",85
"Bin61","D6","DL",0,"Lentimicrobiaceae","Bacteroidota",27
"Bin61","D3","DL",0,"Lentimicrobiaceae","Bacteroidota",11
"Bin61","D7","DL",0,"Lentimicrobiaceae","Bacteroidota",26
"Bin61","D5","HoS",0,"Lentimicrobiaceae","Bacteroidota",70
"Bin61","D0","HoS",0,"Lentimicrobiaceae","Bacteroidota",66
"Bin61","D5","DL",0,"Lentimicrobiaceae","Bacteroidota",17
"Bin61","D6","HoS",0,"Lentimicrobiaceae","Bacteroidota",83
"Bin62","D7","DL",0,"uncultured__bacterium","Bacteroidota",26
"Bin62","D3","DL",0,"uncultured__bacterium","Bacteroidota",11
"Bin62","D0","HoS",0,"uncultured__bacterium","Bacteroidota",66
"Bin62","D5","DL",0,"uncultured__bacterium","Bacteroidota",17
"Bin62","D6","DL",0,"uncultured__bacterium","Bacteroidota",27
"Bin63","D5","DR",0,"uncultured__bacterium","Patescibacteria",85
"Bin63","D5","HoS",0,"uncultured__bacterium","Patescibacteria",70
"Bin63","D0","HoS",0,"uncultured__bacterium","Patescibacteria",66
"Bin63","D5","DL",0,"uncultured__bacterium","Patescibacteria",17
"Bin63","D6","DR",0,"uncultured__bacterium","Patescibacteria",95
"Bin63","D6","HoS",0,"uncultured__bacterium","Patescibacteria",83
"Bin63","D6","DL",0,"uncultured__bacterium","Patescibacteria",27
"Bin63","D7","DR",0,"uncultured__bacterium","Patescibacteria",95
"Bin63","D7","HoS",0,"uncultured__bacterium","Patescibacteria",73
"Bin63","D3","HoS",0,"uncultured__bacterium","Patescibacteria",94
"Bin63","D7","DL",0,"uncultured__bacterium","Patescibacteria",26
"Bin63","D3","DL",0,"uncultured__bacterium","Patescibacteria",11
"Bin63","D3","DR",0,"uncultured__bacterium","Patescibacteria",102
"Bin64","D6","DR",0,"uncultured__bacterium","Patescibacteria",95
"Bin64","D6","HoS",0,"uncultured__bacterium","Patescibacteria",83
"Bin64","D6","DL",0,"uncultured__bacterium","Patescibacteria",27
"Bin64","D7","DR",0,"uncultured__bacterium","Patescibacteria",95
"Bin64","D5","DL",0,"uncultured__bacterium","Patescibacteria",17
"Bin64","D3","DL",0,"uncultured__bacterium","Patescibacteria",11
"Bin64","D7","HoS",0,"uncultured__bacterium","Patescibacteria",73
"Bin64","D3","HoS",0,"uncultured__bacterium","Patescibacteria",94
"Bin64","D7","DL",0,"uncultured__bacterium","Patescibacteria",26
"Bin64","D5","HoS",0,"uncultured__bacterium","Patescibacteria",70
"Bin64","D5","DR",0,"uncultured__bacterium","Patescibacteria",85
"Bin65","D6","DL",0,"uncultured__bacterium","Patescibacteria",27
"Bin65","D7","DR",0,"uncultured__bacterium","Patescibacteria",95
"Bin65","D3","HoS",0,"uncultured__bacterium","Patescibacteria",94
"Bin65","D7","DL",0,"uncultured__bacterium","Patescibacteria",26
"Bin65","D3","DL",0,"uncultured__bacterium","Patescibacteria",11
"Bin65","D7","HoS",0,"uncultured__bacterium","Patescibacteria",73
"Bin65","D6","DR",0,"uncultured__bacterium","Patescibacteria",95
"Bin65","D5","HoS",0,"uncultured__bacterium","Patescibacteria",70
"Bin65","D5","DL",0,"uncultured__bacterium","Patescibacteria",17
"Bin65","D5","DR",0,"uncultured__bacterium","Patescibacteria",85
"Bin65","D3","DR",0,"uncultured__bacterium","Patescibacteria",102
"Bin65","D6","HoS",0,"uncultured__bacterium","Patescibacteria",83
"Bin66","D5","HoS",0,"uncultured__bacterium","Patescibacteria",70
"Bin66","D5","DR",0,"uncultured__bacterium","Patescibacteria",85
"Bin66","D6","DL",0,"uncultured__bacterium","Patescibacteria",27
"Bin66","D6","HoS",0,"uncultured__bacterium","Patescibacteria",83
"Bin66","D5","DL",0,"uncultured__bacterium","Patescibacteria",17
"Bin67","D5","HoS",0,"uncultured__bacterium","Patescibacteria",70
"Bin67","D7","DL",0,"uncultured__bacterium","Patescibacteria",26
"Bin67","D0","HoS",0,"uncultured__bacterium","Patescibacteria",66
"Bin67","D5","DR",0,"uncultured__bacterium","Patescibacteria",85
"Bin67","D1","HoS",0,"uncultured__bacterium","Patescibacteria",82
"Bin67","D5","DL",0,"uncultured__bacterium","Patescibacteria",17
"Bin67","D6","DL",0,"uncultured__bacterium","Patescibacteria",27
"Bin67","D3","DL",0,"uncultured__bacterium","Patescibacteria",11
"Bin67","D1","DL",0,"uncultured__bacterium","Patescibacteria",74
"Bin67","D3","HoS",0,"uncultured__bacterium","Patescibacteria",94
"Bin68","D5","DL",0,"uncultured__bacterium","Cyanobacteria",17
"Bin68","D5","DR",0,"uncultured__bacterium","Cyanobacteria",85
"Bin68","D0","DL",0,"uncultured__bacterium","Cyanobacteria",67
"Bin68","D7","DL",0,"uncultured__bacterium","Cyanobacteria",26
"Bin68","D7","DR",0,"uncultured__bacterium","Cyanobacteria",95
"Bin68","D6","DL",0,"uncultured__bacterium","Cyanobacteria",27
"Bin68","D6","HoS",0,"uncultured__bacterium","Cyanobacteria",83
"Bin68","D3","DL",0,"uncultured__bacterium","Cyanobacteria",11
"Bin68","D3","DR",0,"uncultured__bacterium","Cyanobacteria",102
"Bin68","D7","HoS",0,"uncultured__bacterium","Cyanobacteria",73
"Bin68","D6","DR",0,"uncultured__bacterium","Cyanobacteria",95
"Bin68","D5","HoS",0,"uncultured__bacterium","Cyanobacteria",70
"Bin68","D3","HoS",0,"uncultured__bacterium","Cyanobacteria",94
"Bin69","D1","DR",0,"uncultured__bacterium","Cyanobacteria",102
"Bin69","D6","HoS",0,"uncultured__bacterium","Cyanobacteria",83
"Bin69","D1","DL",0,"uncultured__bacterium","Cyanobacteria",74
"Bin69","D6","DL",0,"uncultured__bacterium","Cyanobacteria",27
"Bin69","D7","DL",0,"uncultured__bacterium","Cyanobacteria",26
"Bin69","D7","DR",0,"uncultured__bacterium","Cyanobacteria",95
"Bin69","D7","HoS",0,"uncultured__bacterium","Cyanobacteria",73
"Bin69","D3","DL",0,"uncultured__bacterium","Cyanobacteria",11
"Bin69","D3","DR",0,"uncultured__bacterium","Cyanobacteria",102
"Bin69","D3","HoS",0,"uncultured__bacterium","Cyanobacteria",94
"Bin69","D5","HoS",0,"uncultured__bacterium","Cyanobacteria",70
"Bin69","D0","DL",0,"uncultured__bacterium","Cyanobacteria",67
"Bin69","D5","DL",0,"uncultured__bacterium","Cyanobacteria",17
"Bin69","D0","HoS",0,"uncultured__bacterium","Cyanobacteria",66
"Bin7","D3","DL",0,"Spirochaetaceae","Spirochaetota",11
"Bin7","D0","DL",0,"Spirochaetaceae","Spirochaetota",67
"Bin7","D0","DR",0,"Spirochaetaceae","Spirochaetota",99
"Bin70","D7","HoS",0,"uncultured__bacterium","Marinimicrobia__(SAR406__clade)",73
"Bin70","D1","DL",0,"uncultured__bacterium","Marinimicrobia__(SAR406__clade)",74
"Bin70","D7","DL",0,"uncultured__bacterium","Marinimicrobia__(SAR406__clade)",26
"Bin70","D7","DR",0,"uncultured__bacterium","Marinimicrobia__(SAR406__clade)",95
"Bin70","D5","HoS",0,"uncultured__bacterium","Marinimicrobia__(SAR406__clade)",70
"Bin70","D6","DR",0,"uncultured__bacterium","Marinimicrobia__(SAR406__clade)",95
"Bin70","D0","HoS",0,"uncultured__bacterium","Marinimicrobia__(SAR406__clade)",66
"Bin70","D5","DL",0,"uncultured__bacterium","Marinimicrobia__(SAR406__clade)",17
"Bin70","D6","DL",0,"uncultured__bacterium","Marinimicrobia__(SAR406__clade)",27
"Bin70","D1","DR",0,"uncultured__bacterium","Marinimicrobia__(SAR406__clade)",102
"Bin70","D6","HoS",0,"uncultured__bacterium","Marinimicrobia__(SAR406__clade)",83
"Bin71","D5","DR",0,"Shewanellaceae","Proteobacteria",85
"Bin71","D3","DL",0,"Shewanellaceae","Proteobacteria",11
"Bin71","D5","DL",0,"Shewanellaceae","Proteobacteria",17
"Bin71","D0","DL",0,"Shewanellaceae","Proteobacteria",67
"Bin71","D1","HoS",0,"Shewanellaceae","Proteobacteria",82
"Bin71","D1","DR",0,"Shewanellaceae","Proteobacteria",102
"Bin71","D1","DL",0,"Shewanellaceae","Proteobacteria",74
"Bin72","D0","DL",0,"Vibrionaceae","Proteobacteria",67
"Bin72","D3","DL",0,"Vibrionaceae","Proteobacteria",11
"Bin72","D1","DR",0,"Vibrionaceae","Proteobacteria",102
"Bin72","D0","DR",0,"Vibrionaceae","Proteobacteria",99
"Bin72","D7","DL",0,"Vibrionaceae","Proteobacteria",26
"Bin72","D1","DL",0,"Vibrionaceae","Proteobacteria",74
"Bin73","D1","DR",0,"Vibrionaceae","Proteobacteria",102
"Bin73","D1","DL",0,"Vibrionaceae","Proteobacteria",74
"Bin73","D3","HoS",0,"Vibrionaceae","Proteobacteria",94
"Bin73","D0","DL",0,"Vibrionaceae","Proteobacteria",67
"Bin73","D3","DL",0,"Vibrionaceae","Proteobacteria",11
"Bin73","D0","HoS",0,"Vibrionaceae","Proteobacteria",66
"Bin74","D1","DR",0,"Vibrionaceae","Proteobacteria",102
"Bin74","D1","DL",0,"Vibrionaceae","Proteobacteria",74
"Bin74","D7","DL",0,"Vibrionaceae","Proteobacteria",26
"Bin74","D3","DL",0,"Vibrionaceae","Proteobacteria",11
"Bin74","D3","DR",0,"Vibrionaceae","Proteobacteria",102
"Bin74","D0","DR",0,"Vibrionaceae","Proteobacteria",99
"Bin74","D0","DL",0,"Vibrionaceae","Proteobacteria",67
"Bin75","D7","DL",0,"Vibrionaceae","Proteobacteria",26
"Bin75","D3","DL",0,"Vibrionaceae","Proteobacteria",11
"Bin75","D3","DR",0,"Vibrionaceae","Proteobacteria",102
"Bin75","D1","DL",0,"Vibrionaceae","Proteobacteria",74
"Bin75","D0","DL",0,"Vibrionaceae","Proteobacteria",67
"Bin76","D5","DL",0,"Rhodocyclaceae","Proteobacteria",17
"Bin76","D3","DL",0,"Rhodocyclaceae","Proteobacteria",11
"Bin76","D0","HoS",0,"Rhodocyclaceae","Proteobacteria",66
"Bin76","D6","DL",0,"Rhodocyclaceae","Proteobacteria",27
"Bin77","D0","DR",0,"Rhodospirillaceae","Proteobacteria",99
"Bin77","D3","DL",0,"Rhodospirillaceae","Proteobacteria",11
"Bin77","D0","HoS",0,"Rhodospirillaceae","Proteobacteria",66
"Bin77","D6","DL",0,"Rhodospirillaceae","Proteobacteria",27
"Bin77","D1","HoS",0,"Rhodospirillaceae","Proteobacteria",82
"Bin77","D5","DL",0,"Rhodospirillaceae","Proteobacteria",17
"Bin77","D7","DL",0,"Rhodospirillaceae","Proteobacteria",26
"Bin77","D0","DL",0,"Rhodospirillaceae","Proteobacteria",67
"Bin77","D1","DL",0,"Rhodospirillaceae","Proteobacteria",74
"Bin78","D1","HoS",0,"Rhodobacteraceae","Proteobacteria",82
"Bin78","D6","DL",0,"Rhodobacteraceae","Proteobacteria",27
"Bin78","D1","DL",0,"Rhodobacteraceae","Proteobacteria",74
"Bin78","D1","DR",0,"Rhodobacteraceae","Proteobacteria",102
"Bin78","D3","DL",0,"Rhodobacteraceae","Proteobacteria",11
"Bin78","D0","HoS",0,"Rhodobacteraceae","Proteobacteria",66
"Bin78","D0","DL",0,"Rhodobacteraceae","Proteobacteria",67
"Bin78","D5","DL",0,"Rhodobacteraceae","Proteobacteria",17
"Bin79","D3","DL",0,"Stappiaceae","Proteobacteria",11
"Bin79","D1","DL",0,"Stappiaceae","Proteobacteria",74
"Bin79","D1","HoS",0,"Stappiaceae","Proteobacteria",82
"Bin79","D5","DL",0,"Stappiaceae","Proteobacteria",17
"Bin79","D6","DL",0,"Stappiaceae","Proteobacteria",27
"Bin8","D5","DL",0,"Spirochaetaceae","Spirochaetota",17
"Bin8","D3","DL",0,"Spirochaetaceae","Spirochaetota",11
"Bin8","D0","DL",0,"Spirochaetaceae","Spirochaetota",67
"Bin8","D1","HoS",0,"Spirochaetaceae","Spirochaetota",82
"Bin8","D7","DL",0,"Spirochaetaceae","Spirochaetota",26
"Bin8","D6","DL",0,"Spirochaetaceae","Spirochaetota",27
"Bin8","D0","HoS",0,"Spirochaetaceae","Spirochaetota",66
"Bin80","D5","HoS",0,"uncultured__bacterium","SAR324__clade(Marine__group__B)",70
"Bin80","D3","DL",0,"uncultured__bacterium","SAR324__clade(Marine__group__B)",11
"Bin80","D5","DR",0,"uncultured__bacterium","SAR324__clade(Marine__group__B)",85
"Bin80","D6","HoS",0,"uncultured__bacterium","SAR324__clade(Marine__group__B)",83
"Bin80","D5","DL",0,"uncultured__bacterium","SAR324__clade(Marine__group__B)",17
"Bin80","D6","DR",0,"uncultured__bacterium","SAR324__clade(Marine__group__B)",95
"Bin80","D7","DL",0,"uncultured__bacterium","SAR324__clade(Marine__group__B)",26
"Bin80","D0","HoS",0,"uncultured__bacterium","SAR324__clade(Marine__group__B)",66
"Bin80","D6","DL",0,"uncultured__bacterium","SAR324__clade(Marine__group__B)",27
"Bin80","D7","HoS",0,"uncultured__bacterium","SAR324__clade(Marine__group__B)",73
"Bin80","D7","DR",0,"uncultured__bacterium","SAR324__clade(Marine__group__B)",95
"Bin81","D5","DL",0,"Syntrophotalea","Desulfobacterota",17
"Bin81","D6","HoS",0,"Syntrophotalea","Desulfobacterota",83
"Bin81","D0","HoS",0,"Syntrophotalea","Desulfobacterota",66
"Bin81","D6","DL",0,"Syntrophotalea","Desulfobacterota",27
"Bin81","D3","DL",0,"Syntrophotalea","Desulfobacterota",11
"Bin81","D5","HoS",0,"Syntrophotalea","Desulfobacterota",70
"Bin81","D7","DL",0,"Syntrophotalea","Desulfobacterota",26
"Bin81","D3","DR",0,"Syntrophotalea","Desulfobacterota",102
"Bin81","D1","DL",0,"Syntrophotalea","Desulfobacterota",74
"Bin81","D3","HoS",0,"Syntrophotalea","Desulfobacterota",94
"Bin82","D7","HoS",0,"Desulfobulbaceae","Desulfobacterota",73
"Bin82","D1","HoS",0,"Desulfobulbaceae","Desulfobacterota",82
"Bin82","D0","HoS",0,"Desulfobulbaceae","Desulfobacterota",66
"Bin82","D6","DL",0,"Desulfobulbaceae","Desulfobacterota",27
"Bin82","D5","DL",0,"Desulfobulbaceae","Desulfobacterota",17
"Bin82","D7","DL",0,"Desulfobulbaceae","Desulfobacterota",26
"Bin82","D6","HoS",0,"Desulfobulbaceae","Desulfobacterota",83
"Bin82","D3","DL",0,"Desulfobulbaceae","Desulfobacterota",11
"Bin82","D5","DR",0,"Desulfobulbaceae","Desulfobacterota",85
"Bin82","D5","HoS",0,"Desulfobulbaceae","Desulfobacterota",70
"Bin83","D7","DL",0,"Desulfobacteraceae","Desulfobacterota",26
"Bin83","D3","DL",0,"Desulfobacteraceae","Desulfobacterota",11
"Bin83","D6","DL",0,"Desulfobacteraceae","Desulfobacterota",27
"Bin83","D0","HoS",0,"Desulfobacteraceae","Desulfobacterota",66
"Bin83","D7","HoS",0,"Desulfobacteraceae","Desulfobacterota",73
"Bin83","D5","HoS",0,"Desulfobacteraceae","Desulfobacterota",70
"Bin83","D7","DR",0,"Desulfobacteraceae","Desulfobacterota",95
"Bin83","D5","DL",0,"Desulfobacteraceae","Desulfobacterota",17
"Bin83","D6","HoS",0,"Desulfobacteraceae","Desulfobacterota",83
"Bin84","D7","DL",0,"Desulfovibrionaceae","Desulfobacterota",26
"Bin84","D0","DL",0,"Desulfovibrionaceae","Desulfobacterota",67
"Bin85","D5","DL",0,"Desulfovibrionaceae","Desulfobacterota",17
"Bin85","D0","HoS",0,"Desulfovibrionaceae","Desulfobacterota",66
"Bin85","D3","DL",0,"Desulfovibrionaceae","Desulfobacterota",11
"Bin85","D0","DL",0,"Desulfovibrionaceae","Desulfobacterota",67
"Bin85","D3","HoS",0,"Desulfovibrionaceae","Desulfobacterota",94
"Bin85","D1","HoS",0,"Desulfovibrionaceae","Desulfobacterota",82
"Bin85","D1","DL",0,"Desulfovibrionaceae","Desulfobacterota",74
"Bin86","D6","DR",0,"uncultured__bacterium","Acidobacteriota",95
"Bin86","D6","DL",0,"uncultured__bacterium","Acidobacteriota",27
"Bin86","D0","HoS",0,"uncultured__bacterium","Acidobacteriota",66
"Bin86","D5","DL",0,"uncultured__bacterium","Acidobacteriota",17
"Bin86","D7","HoS",0,"uncultured__bacterium","Acidobacteriota",73
"Bin86","D1","HoS",0,"uncultured__bacterium","Acidobacteriota",82
"Bin86","D5","HoS",0,"uncultured__bacterium","Acidobacteriota",70
"Bin86","D3","DL",0,"uncultured__bacterium","Acidobacteriota",11
"Bin86","D6","HoS",0,"uncultured__bacterium","Acidobacteriota",83
"Bin86","D5","DR",0,"uncultured__bacterium","Acidobacteriota",85
"Bin86","D7","DL",0,"uncultured__bacterium","Acidobacteriota",26
"Bin86","D1","DL",0,"uncultured__bacterium","Acidobacteriota",74
"Bin86","D3","DR",0,"uncultured__bacterium","Acidobacteriota",102
"Bin86","D3","HoS",0,"uncultured__bacterium","Acidobacteriota",94
"Bin87","D1","HoS",0,"uncultured__bacterium","Acidobacteriota",82
"Bin87","D0","HoS",0,"uncultured__bacterium","Acidobacteriota",66
"Bin87","D5","DL",0,"uncultured__bacterium","Acidobacteriota",17
"Bin87","D7","DL",0,"uncultured__bacterium","Acidobacteriota",26
"Bin87","D1","DL",0,"uncultured__bacterium","Acidobacteriota",74
"Bin87","D3","DL",0,"uncultured__bacterium","Acidobacteriota",11
"Bin87","D6","DL",0,"uncultured__bacterium","Acidobacteriota",27
"Bin87","D3","HoS",0,"uncultured__bacterium","Acidobacteriota",94
"Bin88","D3","DL",0,"Synergistaceae","Synergistota",11
"Bin88","D7","HoS",0,"Synergistaceae","Synergistota",73
"Bin88","D7","DL",0,"Synergistaceae","Synergistota",26
"Bin88","D5","DL",0,"Synergistaceae","Synergistota",17
"Bin88","D6","DL",0,"Synergistaceae","Synergistota",27
"Bin88","D6","HoS",0,"Synergistaceae","Synergistota",83
"Bin88","D6","DR",0,"Synergistaceae","Synergistota",95
"Bin88","D0","HoS",0,"Synergistaceae","Synergistota",66
"Bin89","D3","DL",0,"Clostridiaceae","Firmicutes",11
"Bin89","D5","DL",0,"Clostridiaceae","Firmicutes",17
"Bin89","D7","DL",0,"Clostridiaceae","Firmicutes",26
"Bin89","D0","HoS",0,"Clostridiaceae","Firmicutes",66
"Bin89","D6","DL",0,"Clostridiaceae","Firmicutes",27
"Bin89","D1","HoS",0,"Clostridiaceae","Firmicutes",82
"Bin9","D6","DL",0,"Spirochaetaceae","Spirochaetota",27
"Bin9","D7","DL",0,"Spirochaetaceae","Spirochaetota",26
"Bin9","D3","DL",0,"Spirochaetaceae","Spirochaetota",11
"Bin9","D0","DL",0,"Spirochaetaceae","Spirochaetota",67
"Bin9","D3","DR",0,"Spirochaetaceae","Spirochaetota",102
"Bin9","D0","DR",0,"Spirochaetaceae","Spirochaetota",99
"Bin9","D1","DL",0,"Spirochaetaceae","Spirochaetota",74
"Bin9","D1","DR",0,"Spirochaetaceae","Spirochaetota",102
"Bin90","D0","HoS",0,"uncultured__bacterium","Firmicutes",66
"Bin90","D3","DL",0,"uncultured__bacterium","Firmicutes",11
"Bin90","D6","DL",0,"uncultured__bacterium","Firmicutes",27
"Bin90","D5","DR",0,"uncultured__bacterium","Firmicutes",85
"Bin90","D5","DL",0,"uncultured__bacterium","Firmicutes",17
"Bin90","D7","HoS",0,"uncultured__bacterium","Firmicutes",73
"Bin90","D5","HoS",0,"uncultured__bacterium","Firmicutes",70
"Bin90","D7","DL",0,"uncultured__bacterium","Firmicutes",26
"Bin91","D7","DL",0,"Erysipelotrichaceae","Firmicutes",26
"Bin91","D1","HoS",0,"Erysipelotrichaceae","Firmicutes",82
"Bin91","D3","DL",0,"Erysipelotrichaceae","Firmicutes",11
"Bin91","D0","HoS",0,"Erysipelotrichaceae","Firmicutes",66
"Bin91","D5","HoS",0,"Erysipelotrichaceae","Firmicutes",70
"Bin92","D7","HoS",0,"Izemoplasmataceae","Firmicutes",73
"Bin92","D1","DR",0,"Izemoplasmataceae","Firmicutes",102
"Bin92","D7","DL",0,"Izemoplasmataceae","Firmicutes",26
"Bin92","D7","DR",0,"Izemoplasmataceae","Firmicutes",95
"Bin92","D1","DL",0,"Izemoplasmataceae","Firmicutes",74
"Bin92","D3","DL",0,"Izemoplasmataceae","Firmicutes",11
"Bin92","D6","DR",0,"Izemoplasmataceae","Firmicutes",95
"Bin92","D5","DL",0,"Izemoplasmataceae","Firmicutes",17
"Bin92","D6","HoS",0,"Izemoplasmataceae","Firmicutes",83
"Bin92","D3","DR",0,"Izemoplasmataceae","Firmicutes",102
"Bin92","D0","HoS",0,"Izemoplasmataceae","Firmicutes",66
"Bin92","D5","DR",0,"Izemoplasmataceae","Firmicutes",85
"Bin92","D5","HoS",0,"Izemoplasmataceae","Firmicutes",70
"Bin92","D6","DL",0,"Izemoplasmataceae","Firmicutes",27
"Bin92","D0","DL",0,"Izemoplasmataceae","Firmicutes",67
"Bin93","D3","DL",0,"Exiguobacteraceae","Firmicutes",11
"Bin93","D5","DL",0,"Exiguobacteraceae","Firmicutes",17
"Bin93","D1","DL",0,"Exiguobacteraceae","Firmicutes",74
"Bin94","D5","DL",0,"Carnobacteriaceae","Firmicutes",17
"Bin94","D3","DL",0,"Carnobacteriaceae","Firmicutes",11
"Bin94","D1","HoS",0,"Carnobacteriaceae","Firmicutes",82
"Bin94","D1","DL",0,"Carnobacteriaceae","Firmicutes",74
"Bin94","D0","HoS",0,"Carnobacteriaceae","Firmicutes",66
"Bin94","D0","DL",0,"Carnobacteriaceae","Firmicutes",67
"Bin94","D6","DL",0,"Carnobacteriaceae","Firmicutes",27
"Bin95","D6","HoS",0,"Peptococcaceae","Firmicutes",83
"Bin95","D0","HoS",0,"Peptococcaceae","Firmicutes",66
"Bin95","D1","HoS",0,"Peptococcaceae","Firmicutes",82
"Bin95","D5","DL",0,"Peptococcaceae","Firmicutes",17
"Bin95","D5","DR",0,"Peptococcaceae","Firmicutes",85
"Bin95","D7","DL",0,"Peptococcaceae","Firmicutes",26
"Bin95","D3","DL",0,"Peptococcaceae","Firmicutes",11
"Bin95","D7","HoS",0,"Peptococcaceae","Firmicutes",73
"Bin95","D6","DL",0,"Peptococcaceae","Firmicutes",27
"Bin95","D5","HoS",0,"Peptococcaceae","Firmicutes",70
"Bin96","D6","DL",0,"Oscillospiraceae","Firmicutes",27
"Bin96","D7","DL",0,"Oscillospiraceae","Firmicutes",26
"Bin96","D1","HoS",0,"Oscillospiraceae","Firmicutes",82
"Bin96","D3","DL",0,"Oscillospiraceae","Firmicutes",11
"Bin97","D7","HoS",0,"Ethanoligenenaceae","Firmicutes",73
"Bin97","D3","HoS",0,"Ethanoligenenaceae","Firmicutes",94
"Bin97","D3","DL",0,"Ethanoligenenaceae","Firmicutes",11
"Bin97","D5","DL",0,"Ethanoligenenaceae","Firmicutes",17
"Bin97","D5","HoS",0,"Ethanoligenenaceae","Firmicutes",70
"Bin97","D6","DL",0,"Ethanoligenenaceae","Firmicutes",27
"Bin97","D1","HoS",0,"Ethanoligenenaceae","Firmicutes",82
"Bin98","D3","DL",0,"Bacteroidetes__vadinHA17","Bacteroidota",11
"Bin98","D5","DL",0,"Bacteroidetes__vadinHA17","Bacteroidota",17
"Bin98","D6","DL",0,"Bacteroidetes__vadinHA17","Bacteroidota",27
"Bin98","D0","HoS",0,"Bacteroidetes__vadinHA17","Bacteroidota",66
"Bin99","D0","DL",0,"Prolixibacteraceae","Bacteroidota",67
"Bin99","D1","HoS",0,"Prolixibacteraceae","Bacteroidota",82
"Bin99","D7","DL",0,"Prolixibacteraceae","Bacteroidota",26
"Bin99","D3","DL",0,"Prolixibacteraceae","Bacteroidota",11
