"Bin ID","Dilution treatment","Assembly process","Relative importance","Relative importance (%)","Rank within group-process","Family","Phylum"
"Bin1","D0","DL",0.000251611057950386,0.0251611057950386,56,"LK-44f","Cloacimonadota"
"Bin1","D0","DR",0.00112728090887526,0.112728090887526,37,"LK-44f","Cloacimonadota"
"Bin1","D0","HoS",0,0,66,"LK-44f","Cloacimonadota"
"Bin1","D1","DL",0.0065443074504161,0.65443074504161,8,"LK-44f","Cloacimonadota"
"Bin1","D1","DR",0,0,102,"LK-44f","Cloacimonadota"
"Bin1","D1","HoS",0.000361735470699141,0.0361735470699141,49,"LK-44f","Cloacimonadota"
"Bin1","D3","DL",0,0,11,"LK-44f","Cloacimonadota"
"Bin1","D3","DR",1.85296281535271e-05,0.00185296281535271,63,"LK-44f","Cloacimonadota"
"Bin1","D3","HoS",4.5811455089469e-05,0.0045811455089469,44,"LK-44f","Cloacimonadota"
"Bin1","D5","DL",0,0,17,"LK-44f","Cloacimonadota"
"Bin1","D5","DR",7.83686826645655e-07,7.83686826645655e-05,81,"LK-44f","Cloacimonadota"
"Bin1","D5","HoS",1.60034655372669e-07,1.60034655372669e-05,65,"LK-44f","Cloacimonadota"
"Bin1","D6","DL",0,0,27,"LK-44f","Cloacimonadota"
"Bin1","D6","DR",9.35755565249544e-07,9.35755565249544e-05,83,"LK-44f","Cloacimonadota"
"Bin1","D6","HoS",3.77475084374218e-08,3.77475084374218e-06,82,"LK-44f","Cloacimonadota"
"Bin1","D7","DL",0,0,26,"LK-44f","Cloacimonadota"
"Bin1","D7","DR",0,0,95,"LK-44f","Cloacimonadota"
"Bin1","D7","HoS",0,0,73,"LK-44f","Cloacimonadota"
"Bin2","D0","DL",0,0,67,"MSBL8","Cloacimonadota"
"Bin2","D0","DR",0.000698476346017812,0.0698476346017812,53,"MSBL8","Cloacimonadota"
"Bin2","D0","HoS",2.3489768433079e-05,0.0023489768433079,55,"MSBL8","Cloacimonadota"
"Bin2","D1","DL",0.00707261613279214,0.707261613279214,7,"MSBL8","Cloacimonadota"
"Bin2","D1","DR",0.00053372970890887,0.053372970890887,32,"MSBL8","Cloacimonadota"
"Bin2","D1","HoS",0.00112677908036253,0.112677908036253,34,"MSBL8","Cloacimonadota"
"Bin2","D3","DL",0,0,11,"MSBL8","Cloacimonadota"
"Bin2","D3","DR",8.79099902837751e-06,0.000879099902837751,72,"MSBL8","Cloacimonadota"
"Bin2","D3","HoS",3.69845225719445e-06,0.000369845225719445,73,"MSBL8","Cloacimonadota"
"Bin2","D5","DL",0,0,17,"MSBL8","Cloacimonadota"
"Bin2","D5","DR",0,0,85,"MSBL8","Cloacimonadota"
"Bin2","D5","HoS",0,0,70,"MSBL8","Cloacimonadota"
"Bin2","D6","DL",0,0,27,"MSBL8","Cloacimonadota"
"Bin2","D6","DR",0,0,95,"MSBL8","Cloacimonadota"
"Bin2","D6","HoS",0,0,83,"MSBL8","Cloacimonadota"
"Bin2","D7","DL",0,0,26,"MSBL8","Cloacimonadota"
"Bin2","D7","DR",0,0,95,"MSBL8","Cloacimonadota"
"Bin2","D7","HoS",0,0,73,"MSBL8","Cloacimonadota"
"Bin3","D0","DL",0.000150398997764613,0.0150398997764613,59,"uncultured_bacterium","Nitrospirota"
"Bin3","D0","DR",0.000386382080614768,0.0386382080614768,69,"uncultured_bacterium","Nitrospirota"
"Bin3","D0","HoS",0,0,66,"uncultured_bacterium","Nitrospirota"
"Bin3","D1","DL",0.000646184723665198,0.0646184723665198,39,"uncultured_bacterium","Nitrospirota"
"Bin3","D1","DR",2.02562307411037e-05,0.00202562307411037,98,"uncultured_bacterium","Nitrospirota"
"Bin3","D1","HoS",2.68339707107438e-05,0.00268339707107438,66,"uncultured_bacterium","Nitrospirota"
"Bin3","D3","DL",0,0,11,"uncultured_bacterium","Nitrospirota"
"Bin3","D3","DR",2.2065208008969e-05,0.0022065208008969,58,"uncultured_bacterium","Nitrospirota"
"Bin3","D3","HoS",4.01663737305242e-06,0.000401663737305242,72,"uncultured_bacterium","Nitrospirota"
"Bin3","D5","DL",0,0,17,"uncultured_bacterium","Nitrospirota"
"Bin3","D5","DR",4.86061675536627e-06,0.000486061675536627,64,"uncultured_bacterium","Nitrospirota"
"Bin3","D5","HoS",1.87142742663403e-07,1.87142742663403e-05,64,"uncultured_bacterium","Nitrospirota"
"Bin3","D6","DL",0,0,27,"uncultured_bacterium","Nitrospirota"
"Bin3","D6","DR",0,0,95,"uncultured_bacterium","Nitrospirota"
"Bin3","D6","HoS",0,0,83,"uncultured_bacterium","Nitrospirota"
"Bin3","D7","DL",0,0,26,"uncultured_bacterium","Nitrospirota"
"Bin3","D7","DR",7.42015908821085e-07,7.42015908821085e-05,91,"uncultured_bacterium","Nitrospirota"
"Bin3","D7","HoS",0,0,73,"uncultured_bacterium","Nitrospirota"
"Bin4","D0","DL",0,0,67,"MSBL8","Cloacimonadota"
"Bin4","D0","DR",0,0,99,"MSBL8","Cloacimonadota"
"Bin4","D0","HoS",2.17523927349374e-05,0.00217523927349374,57,"MSBL8","Cloacimonadota"
"Bin4","D1","DL",0.000643286926764308,0.0643286926764308,40,"MSBL8","Cloacimonadota"
"Bin4","D1","DR",2.1616457204804e-05,0.0021616457204804,96,"MSBL8","Cloacimonadota"
"Bin4","D1","HoS",0.000768915337422864,0.0768915337422864,39,"MSBL8","Cloacimonadota"
"Bin4","D3","DL",0,0,11,"MSBL8","Cloacimonadota"
"Bin4","D3","DR",7.58609355140189e-06,0.000758609355140189,75,"MSBL8","Cloacimonadota"
"Bin4","D3","HoS",9.20667287548316e-07,9.20667287548316e-05,82,"MSBL8","Cloacimonadota"
"Bin4","D5","DL",0,0,17,"MSBL8","Cloacimonadota"
"Bin4","D5","DR",0,0,85,"MSBL8","Cloacimonadota"
"Bin4","D5","HoS",0,0,70,"MSBL8","Cloacimonadota"
"Bin4","D6","DL",0,0,27,"MSBL8","Cloacimonadota"
"Bin4","D6","DR",0,0,95,"MSBL8","Cloacimonadota"
"Bin4","D6","HoS",0,0,83,"MSBL8","Cloacimonadota"
"Bin4","D7","DL",0,0,26,"MSBL8","Cloacimonadota"
"Bin4","D7","DR",0,0,95,"MSBL8","Cloacimonadota"
"Bin4","D7","HoS",0,0,73,"MSBL8","Cloacimonadota"
"Bin5","D0","DL",0,0,67,"Sulfurovaceae","Campilobacterota"
"Bin5","D0","DR",0,0,99,"Sulfurovaceae","Campilobacterota"
"Bin5","D0","HoS",0.00188841699258926,0.188841699258926,25,"Sulfurovaceae","Campilobacterota"
"Bin5","D1","DL",0.00514578009684505,0.514578009684505,14,"Sulfurovaceae","Campilobacterota"
"Bin5","D1","DR",0.000105930015928921,0.0105930015928921,84,"Sulfurovaceae","Campilobacterota"
"Bin5","D1","HoS",0,0,82,"Sulfurovaceae","Campilobacterota"
"Bin5","D3","DL",0,0,11,"Sulfurovaceae","Campilobacterota"
"Bin5","D3","DR",5.88172427913808e-05,0.00588172427913808,44,"Sulfurovaceae","Campilobacterota"
"Bin5","D3","HoS",5.6847008505078e-06,0.00056847008505078,65,"Sulfurovaceae","Campilobacterota"
"Bin5","D5","DL",0,0,17,"Sulfurovaceae","Campilobacterota"
"Bin5","D5","DR",6.63825262512813e-05,0.00663825262512813,38,"Sulfurovaceae","Campilobacterota"
"Bin5","D5","HoS",0,0,70,"Sulfurovaceae","Campilobacterota"
"Bin5","D6","DL",0,0,27,"Sulfurovaceae","Campilobacterota"
"Bin5","D6","DR",3.63735784654492e-05,0.00363735784654492,48,"Sulfurovaceae","Campilobacterota"
"Bin5","D6","HoS",9.18825917780742e-07,9.18825917780742e-05,65,"Sulfurovaceae","Campilobacterota"
"Bin5","D7","DL",1.65010554320651e-05,0.00165010554320651,17,"Sulfurovaceae","Campilobacterota"
"Bin5","D7","DR",0.0001128007896651,0.01128007896651,31,"Sulfurovaceae","Campilobacterota"
"Bin5","D7","HoS",0,0,73,"Sulfurovaceae","Campilobacterota"
"Bin6","D0","DL",0,0,67,"Arcobacteraceae","Campilobacterota"
"Bin6","D0","DR",0,0,99,"Arcobacteraceae","Campilobacterota"
"Bin6","D0","HoS",8.38310143287232e-05,0.00838310143287232,50,"Arcobacteraceae","Campilobacterota"
"Bin6","D1","DL",0.00121055087499632,0.121055087499632,30,"Arcobacteraceae","Campilobacterota"
"Bin6","D1","DR",0.00477974696538219,0.477974696538219,5,"Arcobacteraceae","Campilobacterota"
"Bin6","D1","HoS",0,0,82,"Arcobacteraceae","Campilobacterota"
"Bin6","D3","DL",0,0,11,"Arcobacteraceae","Campilobacterota"
"Bin6","D3","DR",0,0,102,"Arcobacteraceae","Campilobacterota"
"Bin6","D3","HoS",0.00812781468673691,0.812781468673691,5,"Arcobacteraceae","Campilobacterota"
"Bin6","D5","DL",0.000323662355241268,0.0323662355241268,5,"Arcobacteraceae","Campilobacterota"
"Bin6","D5","DR",0.000630109582250221,0.0630109582250221,16,"Arcobacteraceae","Campilobacterota"
"Bin6","D5","HoS",0.00840627051595853,0.840627051595853,7,"Arcobacteraceae","Campilobacterota"
"Bin6","D6","DL",1.74684510057251e-05,0.00174684510057251,21,"Arcobacteraceae","Campilobacterota"
"Bin6","D6","DR",0.000764353805862061,0.0764353805862061,18,"Arcobacteraceae","Campilobacterota"
"Bin6","D6","HoS",0.000975251733542652,0.0975251733542652,20,"Arcobacteraceae","Campilobacterota"
"Bin6","D7","DL",0.00135939669351141,0.135939669351141,8,"Arcobacteraceae","Campilobacterota"
"Bin6","D7","DR",0.0050602252184772,0.50602252184772,8,"Arcobacteraceae","Campilobacterota"
"Bin6","D7","HoS",0.00233615275534801,0.233615275534801,17,"Arcobacteraceae","Campilobacterota"
"Bin7","D0","DL",0,0,67,"Spirochaetaceae","Spirochaetota"
"Bin7","D0","DR",0,0,99,"Spirochaetaceae","Spirochaetota"
"Bin7","D0","HoS",5.28441409819191e-06,0.000528441409819191,62,"Spirochaetaceae","Spirochaetota"
"Bin7","D1","DL",0.000735330426586028,0.0735330426586028,37,"Spirochaetaceae","Spirochaetota"
"Bin7","D1","DR",0.000152074651000949,0.0152074651000949,76,"Spirochaetaceae","Spirochaetota"
"Bin7","D1","HoS",1.23003197325955e-05,0.00123003197325955,71,"Spirochaetaceae","Spirochaetota"
"Bin7","D3","DL",0,0,11,"Spirochaetaceae","Spirochaetota"
"Bin7","D3","DR",8.42304905704112e-05,0.00842304905704112,36,"Spirochaetaceae","Spirochaetota"
"Bin7","D3","HoS",5.61236346499782e-06,0.000561236346499782,66,"Spirochaetaceae","Spirochaetota"
"Bin7","D5","DL",9.27747526191119e-05,0.00927747526191119,9,"Spirochaetaceae","Spirochaetota"
"Bin7","D5","DR",8.07094661145294e-05,0.00807094661145294,36,"Spirochaetaceae","Spirochaetota"
"Bin7","D5","HoS",7.83370774170549e-05,0.00783370774170549,38,"Spirochaetaceae","Spirochaetota"
"Bin7","D6","DL",2.25366389504261e-05,0.00225366389504261,20,"Spirochaetaceae","Spirochaetota"
"Bin7","D6","DR",0.000100571761883812,0.0100571761883812,41,"Spirochaetaceae","Spirochaetota"
"Bin7","D6","HoS",2.39648825725304e-05,0.00239648825725304,47,"Spirochaetaceae","Spirochaetota"
"Bin7","D7","DL",4.06254175288137e-06,0.000406254175288137,22,"Spirochaetaceae","Spirochaetota"
"Bin7","D7","DR",3.48525967721445e-05,0.00348525967721445,42,"Spirochaetaceae","Spirochaetota"
"Bin7","D7","HoS",1.57659881936143e-06,0.000157659881936143,48,"Spirochaetaceae","Spirochaetota"
"Bin8","D0","DL",0,0,67,"Spirochaetaceae","Spirochaetota"
"Bin8","D0","DR",0.000549916041809797,0.0549916041809797,56,"Spirochaetaceae","Spirochaetota"
"Bin8","D0","HoS",0,0,66,"Spirochaetaceae","Spirochaetota"
"Bin8","D1","DL",0.00958401700192548,0.958401700192548,6,"Spirochaetaceae","Spirochaetota"
"Bin8","D1","DR",7.28571882858591e-05,0.00728571882858591,87,"Spirochaetaceae","Spirochaetota"
"Bin8","D1","HoS",0,0,82,"Spirochaetaceae","Spirochaetota"
"Bin8","D3","DL",0,0,11,"Spirochaetaceae","Spirochaetota"
"Bin8","D3","DR",0.00135419702631825,0.135419702631825,11,"Spirochaetaceae","Spirochaetota"
"Bin8","D3","HoS",1.80661944943499e-05,0.00180661944943499,56,"Spirochaetaceae","Spirochaetota"
"Bin8","D5","DL",0,0,17,"Spirochaetaceae","Spirochaetota"
"Bin8","D5","DR",0.000297261519974403,0.0297261519974403,20,"Spirochaetaceae","Spirochaetota"
"Bin8","D5","HoS",5.50853885867412e-05,0.00550853885867412,42,"Spirochaetaceae","Spirochaetota"
"Bin8","D6","DL",0,0,27,"Spirochaetaceae","Spirochaetota"
"Bin8","D6","DR",0.000300302973956279,0.0300302973956279,27,"Spirochaetaceae","Spirochaetota"
"Bin8","D6","HoS",0.000144490850856858,0.0144490850856858,34,"Spirochaetaceae","Spirochaetota"
"Bin8","D7","DL",0,0,26,"Spirochaetaceae","Spirochaetota"
"Bin8","D7","DR",0.000160928641467834,0.0160928641467834,27,"Spirochaetaceae","Spirochaetota"
"Bin8","D7","HoS",2.19645642377099e-05,0.00219645642377099,34,"Spirochaetaceae","Spirochaetota"
"Bin9","D0","DL",0,0,67,"Spirochaetaceae","Spirochaetota"
"Bin9","D0","DR",0,0,99,"Spirochaetaceae","Spirochaetota"
"Bin9","D0","HoS",0.00236693441017459,0.236693441017459,22,"Spirochaetaceae","Spirochaetota"
"Bin9","D1","DL",0,0,74,"Spirochaetaceae","Spirochaetota"
"Bin9","D1","DR",0,0,102,"Spirochaetaceae","Spirochaetota"
"Bin9","D1","HoS",0.0138503605645138,1.38503605645138,12,"Spirochaetaceae","Spirochaetota"
"Bin9","D3","DL",0,0,11,"Spirochaetaceae","Spirochaetota"
"Bin9","D3","DR",0,0,102,"Spirochaetaceae","Spirochaetota"
"Bin9","D3","HoS",0.00366715639397138,0.366715639397138,12,"Spirochaetaceae","Spirochaetota"
"Bin9","D5","DL",0.00911109413327058,0.911109413327058,3,"Spirochaetaceae","Spirochaetota"
"Bin9","D5","DR",0.00388251951084536,0.388251951084536,9,"Spirochaetaceae","Spirochaetota"
"Bin9","D5","HoS",0.000940819125844505,0.0940819125844505,21,"Spirochaetaceae","Spirochaetota"
"Bin9","D6","DL",0,0,27,"Spirochaetaceae","Spirochaetota"
"Bin9","D6","DR",0.00308899530825311,0.308899530825311,8,"Spirochaetaceae","Spirochaetota"
"Bin9","D6","HoS",0.00292783424162114,0.292783424162114,13,"Spirochaetaceae","Spirochaetota"
"Bin9","D7","DL",0,0,26,"Spirochaetaceae","Spirochaetota"
"Bin9","D7","DR",3.65348901226182e-05,0.00365348901226182,40,"Spirochaetaceae","Spirochaetota"
"Bin9","D7","HoS",0.0016217955935623,0.16217955935623,18,"Spirochaetaceae","Spirochaetota"
"Bin10","D0","DL",0.00101057136524709,0.101057136524709,48,"Spirochaetaceae","Spirochaetota"
"Bin10","D0","DR",0.000391724547026036,0.0391724547026036,67,"Spirochaetaceae","Spirochaetota"
"Bin10","D0","HoS",0.000429630059286781,0.0429630059286781,39,"Spirochaetaceae","Spirochaetota"
"Bin10","D1","DL",0.00138025918925612,0.138025918925612,28,"Spirochaetaceae","Spirochaetota"
"Bin10","D1","DR",0.000156490149748933,0.0156490149748933,74,"Spirochaetaceae","Spirochaetota"
"Bin10","D1","HoS",0,0,82,"Spirochaetaceae","Spirochaetota"
"Bin10","D3","DL",0,0,11,"Spirochaetaceae","Spirochaetota"
"Bin10","D3","DR",2.68820778843893e-05,0.00268820778843893,55,"Spirochaetaceae","Spirochaetota"
"Bin10","D3","HoS",1.87276628595733e-06,0.000187276628595733,78,"Spirochaetaceae","Spirochaetota"
"Bin10","D5","DL",0,0,17,"Spirochaetaceae","Spirochaetota"
"Bin10","D5","DR",1.30451225278308e-05,0.00130451225278308,56,"Spirochaetaceae","Spirochaetota"
"Bin10","D5","HoS",3.52001789857195e-06,0.000352001789857195,51,"Spirochaetaceae","Spirochaetota"
"Bin10","D6","DL",0,0,27,"Spirochaetaceae","Spirochaetota"
"Bin10","D6","DR",1.52662170516117e-06,0.000152662170516117,79,"Spirochaetaceae","Spirochaetota"
"Bin10","D6","HoS",4.01742553989783e-08,4.01742553989783e-06,79,"Spirochaetaceae","Spirochaetota"
"Bin10","D7","DL",0,0,26,"Spirochaetaceae","Spirochaetota"
"Bin10","D7","DR",0,0,95,"Spirochaetaceae","Spirochaetota"
"Bin10","D7","HoS",0,0,73,"Spirochaetaceae","Spirochaetota"
"Bin11","D0","DL",0.00132390655526389,0.132390655526389,40,"Leptospiraceae","Spirochaetota"
"Bin11","D0","DR",0.000546973365849318,0.0546973365849318,57,"Leptospiraceae","Spirochaetota"
"Bin11","D0","HoS",0.000307565021609064,0.0307565021609064,42,"Leptospiraceae","Spirochaetota"
"Bin11","D1","DL",0.000337704614719559,0.0337704614719559,47,"Leptospiraceae","Spirochaetota"
"Bin11","D1","DR",0.000210469445585995,0.0210469445585995,65,"Leptospiraceae","Spirochaetota"
"Bin11","D1","HoS",0.000227768540736644,0.0227768540736644,52,"Leptospiraceae","Spirochaetota"
"Bin11","D3","DL",0,0,11,"Leptospiraceae","Spirochaetota"
"Bin11","D3","DR",3.9360718947148e-07,3.9360718947148e-05,100,"Leptospiraceae","Spirochaetota"
"Bin11","D3","HoS",0,0,94,"Leptospiraceae","Spirochaetota"
"Bin11","D5","DL",0,0,17,"Leptospiraceae","Spirochaetota"
"Bin11","D5","DR",0,0,85,"Leptospiraceae","Spirochaetota"
"Bin11","D5","HoS",0,0,70,"Leptospiraceae","Spirochaetota"
"Bin11","D6","DL",0,0,27,"Leptospiraceae","Spirochaetota"
"Bin11","D6","DR",0,0,95,"Leptospiraceae","Spirochaetota"
"Bin11","D6","HoS",0,0,83,"Leptospiraceae","Spirochaetota"
"Bin11","D7","DL",0,0,26,"Leptospiraceae","Spirochaetota"
"Bin11","D7","DR",0,0,95,"Leptospiraceae","Spirochaetota"
"Bin11","D7","HoS",0,0,73,"Leptospiraceae","Spirochaetota"
"Bin12","D0","DL",0,0,67,"uncultured","Firmicutes"
"Bin12","D0","DR",4.96571332222146e-07,4.96571332222146e-05,98,"uncultured","Firmicutes"
"Bin12","D0","HoS",6.56983551273338e-07,6.56983551273338e-05,64,"uncultured","Firmicutes"
"Bin12","D1","DL",0.00024878310292312,0.024878310292312,54,"uncultured","Firmicutes"
"Bin12","D1","DR",1.28551741757193e-05,0.00128551741757193,100,"uncultured","Firmicutes"
"Bin12","D1","HoS",0.000532447001389211,0.0532447001389211,43,"uncultured","Firmicutes"
"Bin12","D3","DL",0,0,11,"uncultured","Firmicutes"
"Bin12","D3","DR",2.94355581712488e-06,0.000294355581712488,85,"uncultured","Firmicutes"
"Bin12","D3","HoS",0,0,94,"uncultured","Firmicutes"
"Bin12","D5","DL",0,0,17,"uncultured","Firmicutes"
"Bin12","D5","DR",0,0,85,"uncultured","Firmicutes"
"Bin12","D5","HoS",0,0,70,"uncultured","Firmicutes"
"Bin12","D6","DL",0,0,27,"uncultured","Firmicutes"
"Bin12","D6","DR",0,0,95,"uncultured","Firmicutes"
"Bin12","D6","HoS",0,0,83,"uncultured","Firmicutes"
"Bin12","D7","DL",0,0,26,"uncultured","Firmicutes"
"Bin12","D7","DR",0,0,95,"uncultured","Firmicutes"
"Bin12","D7","HoS",0,0,73,"uncultured","Firmicutes"
"Bin13","D0","DL",0,0,67,"uncultured","Firmicutes"
"Bin13","D0","DR",0,0,99,"uncultured","Firmicutes"
"Bin13","D0","HoS",0.00461180246283942,0.461180246283942,13,"uncultured","Firmicutes"
"Bin13","D1","DL",0,0,74,"uncultured","Firmicutes"
"Bin13","D1","DR",0,0,102,"uncultured","Firmicutes"
"Bin13","D1","HoS",0.00618432585132194,0.618432585132194,18,"uncultured","Firmicutes"
"Bin13","D3","DL",0,0,11,"uncultured","Firmicutes"
"Bin13","D3","DR",9.43965446320389e-05,0.00943965446320389,35,"uncultured","Firmicutes"
"Bin13","D3","HoS",2.61753762262591e-05,0.00261753762262591,53,"uncultured","Firmicutes"
"Bin13","D5","DL",0,0,17,"uncultured","Firmicutes"
"Bin13","D5","DR",2.26840698850825e-07,2.26840698850825e-05,82,"uncultured","Firmicutes"
"Bin13","D5","HoS",0,0,70,"uncultured","Firmicutes"
"Bin13","D6","DL",0,0,27,"uncultured","Firmicutes"
"Bin13","D6","DR",0,0,95,"uncultured","Firmicutes"
"Bin13","D6","HoS",0,0,83,"uncultured","Firmicutes"
"Bin13","D7","DL",0,0,26,"uncultured","Firmicutes"
"Bin13","D7","DR",0,0,95,"uncultured","Firmicutes"
"Bin13","D7","HoS",0,0,73,"uncultured","Firmicutes"
"Bin14","D0","DL",0.00288278722574915,0.288278722574915,25,"JG30-KF-CM45","Chloroflexi"
"Bin14","D0","DR",0.000495545927156252,0.0495545927156252,59,"JG30-KF-CM45","Chloroflexi"
"Bin14","D0","HoS",0.000374869096450867,0.0374869096450867,40,"JG30-KF-CM45","Chloroflexi"
"Bin14","D1","DL",0,0,74,"JG30-KF-CM45","Chloroflexi"
"Bin14","D1","DR",0.000181457419864108,0.0181457419864108,70,"JG30-KF-CM45","Chloroflexi"
"Bin14","D1","HoS",2.30459186184664e-05,0.00230459186184664,69,"JG30-KF-CM45","Chloroflexi"
"Bin14","D3","DL",0,0,11,"JG30-KF-CM45","Chloroflexi"
"Bin14","D3","DR",0,0,102,"JG30-KF-CM45","Chloroflexi"
"Bin14","D3","HoS",0,0,94,"JG30-KF-CM45","Chloroflexi"
"Bin14","D5","DL",0,0,17,"JG30-KF-CM45","Chloroflexi"
"Bin14","D5","DR",2.91756210449038e-06,0.000291756210449038,69,"JG30-KF-CM45","Chloroflexi"
"Bin14","D5","HoS",0,0,70,"JG30-KF-CM45","Chloroflexi"
"Bin14","D6","DL",0,0,27,"JG30-KF-CM45","Chloroflexi"
"Bin14","D6","DR",4.37657058229638e-06,0.000437657058229638,72,"JG30-KF-CM45","Chloroflexi"
"Bin14","D6","HoS",7.63517292918365e-08,7.63517292918365e-06,77,"JG30-KF-CM45","Chloroflexi"
"Bin14","D7","DL",0,0,26,"JG30-KF-CM45","Chloroflexi"
"Bin14","D7","DR",9.37324907167774e-06,0.000937324907167774,63,"JG30-KF-CM45","Chloroflexi"
"Bin14","D7","HoS",4.47462502955805e-08,4.47462502955805e-06,70,"JG30-KF-CM45","Chloroflexi"
"Bin15","D0","DL",0.00380316854241787,0.380316854241787,21,"uncultured_Chloroflexi_bacterium","Chloroflexi"
"Bin15","D0","DR",0.00125997298793815,0.125997298793815,36,"uncultured_Chloroflexi_bacterium","Chloroflexi"
"Bin15","D0","HoS",0,0,66,"uncultured_Chloroflexi_bacterium","Chloroflexi"
"Bin15","D1","DL",0,0,74,"uncultured_Chloroflexi_bacterium","Chloroflexi"
"Bin15","D1","DR",0.000424775357585721,0.0424775357585721,40,"uncultured_Chloroflexi_bacterium","Chloroflexi"
"Bin15","D1","HoS",4.75991356460576e-06,0.000475991356460576,78,"uncultured_Chloroflexi_bacterium","Chloroflexi"
"Bin15","D3","DL",0,0,11,"uncultured_Chloroflexi_bacterium","Chloroflexi"
"Bin15","D3","DR",1.61248402195752e-06,0.000161248402195752,88,"uncultured_Chloroflexi_bacterium","Chloroflexi"
"Bin15","D3","HoS",0,0,94,"uncultured_Chloroflexi_bacterium","Chloroflexi"
"Bin15","D5","DL",0,0,17,"uncultured_Chloroflexi_bacterium","Chloroflexi"
"Bin15","D5","DR",0,0,85,"uncultured_Chloroflexi_bacterium","Chloroflexi"
"Bin15","D5","HoS",0,0,70,"uncultured_Chloroflexi_bacterium","Chloroflexi"
"Bin15","D6","DL",0,0,27,"uncultured_Chloroflexi_bacterium","Chloroflexi"
"Bin15","D6","DR",0,0,95,"uncultured_Chloroflexi_bacterium","Chloroflexi"
"Bin15","D6","HoS",0,0,83,"uncultured_Chloroflexi_bacterium","Chloroflexi"
"Bin15","D7","DL",0,0,26,"uncultured_Chloroflexi_bacterium","Chloroflexi"
"Bin15","D7","DR",0,0,95,"uncultured_Chloroflexi_bacterium","Chloroflexi"
"Bin15","D7","HoS",0,0,73,"uncultured_Chloroflexi_bacterium","Chloroflexi"
"Bin16","D0","DL",0.0109531641734371,1.09531641734371,7,"uncultured_bacterium","Chloroflexi"
"Bin16","D0","DR",0.00414024782970235,0.414024782970235,11,"uncultured_bacterium","Chloroflexi"
"Bin16","D0","HoS",0,0,66,"uncultured_bacterium","Chloroflexi"
"Bin16","D1","DL",4.87329585106064e-05,0.00487329585106064,67,"uncultured_bacterium","Chloroflexi"
"Bin16","D1","DR",0.00144658403887242,0.144658403887242,11,"uncultured_bacterium","Chloroflexi"
"Bin16","D1","HoS",0,0,82,"uncultured_bacterium","Chloroflexi"
"Bin16","D3","DL",0,0,11,"uncultured_bacterium","Chloroflexi"
"Bin16","D3","DR",0,0,102,"uncultured_bacterium","Chloroflexi"
"Bin16","D3","HoS",0,0,94,"uncultured_bacterium","Chloroflexi"
"Bin16","D5","DL",0,0,17,"uncultured_bacterium","Chloroflexi"
"Bin16","D5","DR",0,0,85,"uncultured_bacterium","Chloroflexi"
"Bin16","D5","HoS",0,0,70,"uncultured_bacterium","Chloroflexi"
"Bin16","D6","DL",0,0,27,"uncultured_bacterium","Chloroflexi"
"Bin16","D6","DR",0,0,95,"uncultured_bacterium","Chloroflexi"
"Bin16","D6","HoS",0,0,83,"uncultured_bacterium","Chloroflexi"
"Bin16","D7","DL",0,0,26,"uncultured_bacterium","Chloroflexi"
"Bin16","D7","DR",7.98390444863156e-07,7.98390444863156e-05,84,"uncultured_bacterium","Chloroflexi"
"Bin16","D7","HoS",0,0,73,"uncultured_bacterium","Chloroflexi"
"Bin17","D0","DL",0.0122449614498756,1.22449614498756,5,"Anaerolineaceae","Chloroflexi"
"Bin17","D0","DR",0.00513299841617408,0.513299841617408,10,"Anaerolineaceae","Chloroflexi"
"Bin17","D0","HoS",0,0,66,"Anaerolineaceae","Chloroflexi"
"Bin17","D1","DL",0.000272044773855855,0.0272044773855855,51,"Anaerolineaceae","Chloroflexi"
"Bin17","D1","DR",0.00126241528349965,0.126241528349965,15,"Anaerolineaceae","Chloroflexi"
"Bin17","D1","HoS",0.000968228402665606,0.0968228402665606,37,"Anaerolineaceae","Chloroflexi"
"Bin17","D3","DL",0,0,11,"Anaerolineaceae","Chloroflexi"
"Bin17","D3","DR",9.10161037826293e-07,9.10161037826293e-05,95,"Anaerolineaceae","Chloroflexi"
"Bin17","D3","HoS",0,0,94,"Anaerolineaceae","Chloroflexi"
"Bin17","D5","DL",0,0,17,"Anaerolineaceae","Chloroflexi"
"Bin17","D5","DR",0,0,85,"Anaerolineaceae","Chloroflexi"
"Bin17","D5","HoS",0,0,70,"Anaerolineaceae","Chloroflexi"
"Bin17","D6","DL",0,0,27,"Anaerolineaceae","Chloroflexi"
"Bin17","D6","DR",7.18019415244988e-07,7.18019415244988e-05,88,"Anaerolineaceae","Chloroflexi"
"Bin17","D6","HoS",0,0,83,"Anaerolineaceae","Chloroflexi"
"Bin17","D7","DL",0,0,26,"Anaerolineaceae","Chloroflexi"
"Bin17","D7","DR",0,0,95,"Anaerolineaceae","Chloroflexi"
"Bin17","D7","HoS",0,0,73,"Anaerolineaceae","Chloroflexi"
"Bin18","D0","DL",0.00608734785506075,0.608734785506075,11,"Anaerolineaceae","Chloroflexi"
"Bin18","D0","DR",0.00251946470570966,0.251946470570966,18,"Anaerolineaceae","Chloroflexi"
"Bin18","D0","HoS",0,0,66,"Anaerolineaceae","Chloroflexi"
"Bin18","D1","DL",0.000629962083838368,0.0629962083838368,41,"Anaerolineaceae","Chloroflexi"
"Bin18","D1","DR",0.000865441264732356,0.0865441264732356,20,"Anaerolineaceae","Chloroflexi"
"Bin18","D1","HoS",0,0,82,"Anaerolineaceae","Chloroflexi"
"Bin18","D3","DL",0,0,11,"Anaerolineaceae","Chloroflexi"
"Bin18","D3","DR",4.51728871748045e-07,4.51728871748045e-05,99,"Anaerolineaceae","Chloroflexi"
"Bin18","D3","HoS",4.55461859742887e-07,4.55461859742887e-05,87,"Anaerolineaceae","Chloroflexi"
"Bin18","D5","DL",0,0,17,"Anaerolineaceae","Chloroflexi"
"Bin18","D5","DR",0,0,85,"Anaerolineaceae","Chloroflexi"
"Bin18","D5","HoS",0,0,70,"Anaerolineaceae","Chloroflexi"
"Bin18","D6","DL",0,0,27,"Anaerolineaceae","Chloroflexi"
"Bin18","D6","DR",0,0,95,"Anaerolineaceae","Chloroflexi"
"Bin18","D6","HoS",0,0,83,"Anaerolineaceae","Chloroflexi"
"Bin18","D7","DL",0,0,26,"Anaerolineaceae","Chloroflexi"
"Bin18","D7","DR",7.31978684780699e-07,7.31978684780699e-05,92,"Anaerolineaceae","Chloroflexi"
"Bin18","D7","HoS",0,0,73,"Anaerolineaceae","Chloroflexi"
"Bin19","D0","DL",0.0048516444784575,0.48516444784575,18,"Anaerolineaceae","Chloroflexi"
"Bin19","D0","DR",0.00182791423977638,0.182791423977638,28,"Anaerolineaceae","Chloroflexi"
"Bin19","D0","HoS",0,0,66,"Anaerolineaceae","Chloroflexi"
"Bin19","D1","DL",4.91372638086796e-05,0.00491372638086796,66,"Anaerolineaceae","Chloroflexi"
"Bin19","D1","DR",0.000755110566015487,0.0755110566015487,25,"Anaerolineaceae","Chloroflexi"
"Bin19","D1","HoS",0,0,82,"Anaerolineaceae","Chloroflexi"
"Bin19","D3","DL",0,0,11,"Anaerolineaceae","Chloroflexi"
"Bin19","D3","DR",5.27763369000084e-07,5.27763369000084e-05,98,"Anaerolineaceae","Chloroflexi"
"Bin19","D3","HoS",0,0,94,"Anaerolineaceae","Chloroflexi"
"Bin19","D5","DL",0,0,17,"Anaerolineaceae","Chloroflexi"
"Bin19","D5","DR",0,0,85,"Anaerolineaceae","Chloroflexi"
"Bin19","D5","HoS",0,0,70,"Anaerolineaceae","Chloroflexi"
"Bin19","D6","DL",0,0,27,"Anaerolineaceae","Chloroflexi"
"Bin19","D6","DR",0,0,95,"Anaerolineaceae","Chloroflexi"
"Bin19","D6","HoS",0,0,83,"Anaerolineaceae","Chloroflexi"
"Bin19","D7","DL",0,0,26,"Anaerolineaceae","Chloroflexi"
"Bin19","D7","DR",0,0,95,"Anaerolineaceae","Chloroflexi"
"Bin19","D7","HoS",0,0,73,"Anaerolineaceae","Chloroflexi"
"Bin20","D0","DL",0.00156911832101529,0.156911832101529,37,"uncultured_bacterium","Chloroflexi"
"Bin20","D0","DR",0.000509568996627051,0.0509568996627051,58,"uncultured_bacterium","Chloroflexi"
"Bin20","D0","HoS",0,0,66,"uncultured_bacterium","Chloroflexi"
"Bin20","D1","DL",0,0,74,"uncultured_bacterium","Chloroflexi"
"Bin20","D1","DR",0.000110696725898684,0.0110696725898684,82,"uncultured_bacterium","Chloroflexi"
"Bin20","D1","HoS",0,0,82,"uncultured_bacterium","Chloroflexi"
"Bin20","D3","DL",0,0,11,"uncultured_bacterium","Chloroflexi"
"Bin20","D3","DR",0,0,102,"uncultured_bacterium","Chloroflexi"
"Bin20","D3","HoS",0,0,94,"uncultured_bacterium","Chloroflexi"
"Bin20","D5","DL",0,0,17,"uncultured_bacterium","Chloroflexi"
"Bin20","D5","DR",0,0,85,"uncultured_bacterium","Chloroflexi"
"Bin20","D5","HoS",0,0,70,"uncultured_bacterium","Chloroflexi"
"Bin20","D6","DL",0,0,27,"uncultured_bacterium","Chloroflexi"
"Bin20","D6","DR",0,0,95,"uncultured_bacterium","Chloroflexi"
"Bin20","D6","HoS",0,0,83,"uncultured_bacterium","Chloroflexi"
"Bin20","D7","DL",0,0,26,"uncultured_bacterium","Chloroflexi"
"Bin20","D7","DR",0,0,95,"uncultured_bacterium","Chloroflexi"
"Bin20","D7","HoS",0,0,73,"uncultured_bacterium","Chloroflexi"
"Bin21","D0","DL",0.00508098092700861,0.508098092700861,16,"uncultured_bacterium","Chloroflexi"
"Bin21","D0","DR",0.00132827278210392,0.132827278210392,35,"uncultured_bacterium","Chloroflexi"
"Bin21","D0","HoS",0.00112831684348335,0.112831684348335,30,"uncultured_bacterium","Chloroflexi"
"Bin21","D1","DL",0,0,74,"uncultured_bacterium","Chloroflexi"
"Bin21","D1","DR",0.000479640672053175,0.0479640672053175,35,"uncultured_bacterium","Chloroflexi"
"Bin21","D1","HoS",0,0,82,"uncultured_bacterium","Chloroflexi"
"Bin21","D3","DL",0,0,11,"uncultured_bacterium","Chloroflexi"
"Bin21","D3","DR",0,0,102,"uncultured_bacterium","Chloroflexi"
"Bin21","D3","HoS",1.51895156439916e-07,1.51895156439916e-05,93,"uncultured_bacterium","Chloroflexi"
"Bin21","D5","DL",0,0,17,"uncultured_bacterium","Chloroflexi"
"Bin21","D5","DR",1.66819584619234e-07,1.66819584619234e-05,83,"uncultured_bacterium","Chloroflexi"
"Bin21","D5","HoS",0,0,70,"uncultured_bacterium","Chloroflexi"
"Bin21","D6","DL",0,0,27,"uncultured_bacterium","Chloroflexi"
"Bin21","D6","DR",0,0,95,"uncultured_bacterium","Chloroflexi"
"Bin21","D6","HoS",0,0,83,"uncultured_bacterium","Chloroflexi"
"Bin21","D7","DL",0,0,26,"uncultured_bacterium","Chloroflexi"
"Bin21","D7","DR",9.54489465377829e-06,0.000954489465377829,62,"uncultured_bacterium","Chloroflexi"
"Bin21","D7","HoS",3.21236889798955e-07,3.21236889798955e-05,58,"uncultured_bacterium","Chloroflexi"
"Bin22","D0","DL",0.00497739096069627,0.497739096069627,17,"Petrotogaceae","Thermotogota"
"Bin22","D0","DR",0.0031713459913786,0.31713459913786,15,"Petrotogaceae","Thermotogota"
"Bin22","D0","HoS",0,0,66,"Petrotogaceae","Thermotogota"
"Bin22","D1","DL",0.00257260976349309,0.257260976349309,20,"Petrotogaceae","Thermotogota"
"Bin22","D1","DR",0.000552094914305529,0.0552094914305529,31,"Petrotogaceae","Thermotogota"
"Bin22","D1","HoS",0.0016336504461509,0.16336504461509,31,"Petrotogaceae","Thermotogota"
"Bin22","D3","DL",0,0,11,"Petrotogaceae","Thermotogota"
"Bin22","D3","DR",4.87970864771642e-06,0.000487970864771642,81,"Petrotogaceae","Thermotogota"
"Bin22","D3","HoS",6.0882814830164e-06,0.00060882814830164,64,"Petrotogaceae","Thermotogota"
"Bin22","D5","DL",0,0,17,"Petrotogaceae","Thermotogota"
"Bin22","D5","DR",0,0,85,"Petrotogaceae","Thermotogota"
"Bin22","D5","HoS",0,0,70,"Petrotogaceae","Thermotogota"
"Bin22","D6","DL",0,0,27,"Petrotogaceae","Thermotogota"
"Bin22","D6","DR",3.90384311031234e-06,0.000390384311031234,74,"Petrotogaceae","Thermotogota"
"Bin22","D6","HoS",2.25992732474637e-07,2.25992732474637e-05,71,"Petrotogaceae","Thermotogota"
"Bin22","D7","DL",0,0,26,"Petrotogaceae","Thermotogota"
"Bin22","D7","DR",3.04835820533466e-06,0.000304835820533466,73,"Petrotogaceae","Thermotogota"
"Bin22","D7","HoS",2.54029850444555e-07,2.54029850444555e-05,60,"Petrotogaceae","Thermotogota"
"Bin23","D0","DL",0.0028421285643254,0.28421285643254,26,"uncultured_bacterium","Caldatribacteriota"
"Bin23","D0","DR",0.00094063139439815,0.094063139439815,40,"uncultured_bacterium","Caldatribacteriota"
"Bin23","D0","HoS",0,0,66,"uncultured_bacterium","Caldatribacteriota"
"Bin23","D1","DL",0.000159609962462677,0.0159609962462677,59,"uncultured_bacterium","Caldatribacteriota"
"Bin23","D1","DR",0.000657342970708465,0.0657342970708465,29,"uncultured_bacterium","Caldatribacteriota"
"Bin23","D1","HoS",5.99784726701242e-05,0.00599784726701242,59,"uncultured_bacterium","Caldatribacteriota"
"Bin23","D3","DL",0,0,11,"uncultured_bacterium","Caldatribacteriota"
"Bin23","D3","DR",0,0,102,"uncultured_bacterium","Caldatribacteriota"
"Bin23","D3","HoS",0,0,94,"uncultured_bacterium","Caldatribacteriota"
"Bin23","D5","DL",0,0,17,"uncultured_bacterium","Caldatribacteriota"
"Bin23","D5","DR",0,0,85,"uncultured_bacterium","Caldatribacteriota"
"Bin23","D5","HoS",0,0,70,"uncultured_bacterium","Caldatribacteriota"
"Bin23","D6","DL",0,0,27,"uncultured_bacterium","Caldatribacteriota"
"Bin23","D6","DR",0,0,95,"uncultured_bacterium","Caldatribacteriota"
"Bin23","D6","HoS",0,0,83,"uncultured_bacterium","Caldatribacteriota"
"Bin23","D7","DL",0,0,26,"uncultured_bacterium","Caldatribacteriota"
"Bin23","D7","DR",0,0,95,"uncultured_bacterium","Caldatribacteriota"
"Bin23","D7","HoS",0,0,73,"uncultured_bacterium","Caldatribacteriota"
"Bin24","D0","DL",0.0015803517697836,0.15803517697836,36,"uncultured_bacterium","Verrucomicrobiota"
"Bin24","D0","DR",0.000836628893990169,0.0836628893990169,46,"uncultured_bacterium","Verrucomicrobiota"
"Bin24","D0","HoS",0,0,66,"uncultured_bacterium","Verrucomicrobiota"
"Bin24","D1","DL",0.000329079620532903,0.0329079620532903,48,"uncultured_bacterium","Verrucomicrobiota"
"Bin24","D1","DR",0.000777226326624442,0.0777226326624442,24,"uncultured_bacterium","Verrucomicrobiota"
"Bin24","D1","HoS",3.55632082113975e-05,0.00355632082113975,64,"uncultured_bacterium","Verrucomicrobiota"
"Bin24","D3","DL",4.5167644084626e-06,0.00045167644084626,10,"uncultured_bacterium","Verrucomicrobiota"
"Bin24","D3","DR",1.23174360871176e-05,0.00123174360871176,71,"uncultured_bacterium","Verrucomicrobiota"
"Bin24","D3","HoS",0.000501903490873539,0.0501903490873539,24,"uncultured_bacterium","Verrucomicrobiota"
"Bin24","D5","DL",0,0,17,"uncultured_bacterium","Verrucomicrobiota"
"Bin24","D5","DR",3.0663694160024e-05,0.0030663694160024,47,"uncultured_bacterium","Verrucomicrobiota"
"Bin24","D5","HoS",0.000110104578453833,0.0110104578453833,35,"uncultured_bacterium","Verrucomicrobiota"
"Bin24","D6","DL",0,0,27,"uncultured_bacterium","Verrucomicrobiota"
"Bin24","D6","DR",1.62773790162389e-05,0.00162773790162389,60,"uncultured_bacterium","Verrucomicrobiota"
"Bin24","D6","HoS",3.30362043404911e-06,0.000330362043404911,58,"uncultured_bacterium","Verrucomicrobiota"
"Bin24","D7","DL",0,0,26,"uncultured_bacterium","Verrucomicrobiota"
"Bin24","D7","DR",2.34045752745e-06,0.000234045752745,76,"uncultured_bacterium","Verrucomicrobiota"
"Bin24","D7","HoS",4.03139450944998e-06,0.000403139450944998,45,"uncultured_bacterium","Verrucomicrobiota"
"Bin25","D0","DL",0.00200446781229719,0.200446781229719,33,"uncultured_bacterium","Latescibacterota"
"Bin25","D0","DR",0.00043624080374312,0.043624080374312,65,"uncultured_bacterium","Latescibacterota"
"Bin25","D0","HoS",0,0,66,"uncultured_bacterium","Latescibacterota"
"Bin25","D1","DL",0,0,74,"uncultured_bacterium","Latescibacterota"
"Bin25","D1","DR",4.95854384804818e-06,0.000495854384804818,101,"uncultured_bacterium","Latescibacterota"
"Bin25","D1","HoS",0,0,82,"uncultured_bacterium","Latescibacterota"
"Bin25","D3","DL",0,0,11,"uncultured_bacterium","Latescibacterota"
"Bin25","D3","DR",0,0,102,"uncultured_bacterium","Latescibacterota"
"Bin25","D3","HoS",0,0,94,"uncultured_bacterium","Latescibacterota"
"Bin25","D5","DL",0,0,17,"uncultured_bacterium","Latescibacterota"
"Bin25","D5","DR",0,0,85,"uncultured_bacterium","Latescibacterota"
"Bin25","D5","HoS",0,0,70,"uncultured_bacterium","Latescibacterota"
"Bin25","D6","DL",0,0,27,"uncultured_bacterium","Latescibacterota"
"Bin25","D6","DR",0,0,95,"uncultured_bacterium","Latescibacterota"
"Bin25","D6","HoS",0,0,83,"uncultured_bacterium","Latescibacterota"
"Bin25","D7","DL",0,0,26,"uncultured_bacterium","Latescibacterota"
"Bin25","D7","DR",6.87171875429482e-07,6.87171875429482e-05,94,"uncultured_bacterium","Latescibacterota"
"Bin25","D7","HoS",0,0,73,"uncultured_bacterium","Latescibacterota"
"Bin26","D0","DL",0.00260880886466459,0.260880886466459,29,"uncultured","Actinobacteriota"
"Bin26","D0","DR",0.000835362674661193,0.0835362674661193,47,"uncultured","Actinobacteriota"
"Bin26","D0","HoS",0,0,66,"uncultured","Actinobacteriota"
"Bin26","D1","DL",0,0,74,"uncultured","Actinobacteriota"
"Bin26","D1","DR",0.000280859395248284,0.0280859395248284,52,"uncultured","Actinobacteriota"
"Bin26","D1","HoS",0,0,82,"uncultured","Actinobacteriota"
"Bin26","D3","DL",0,0,11,"uncultured","Actinobacteriota"
"Bin26","D3","DR",1.35249467643068e-06,0.000135249467643068,93,"uncultured","Actinobacteriota"
"Bin26","D3","HoS",0,0,94,"uncultured","Actinobacteriota"
"Bin26","D5","DL",0,0,17,"uncultured","Actinobacteriota"
"Bin26","D5","DR",2.86697247706422e-06,0.000286697247706422,70,"uncultured","Actinobacteriota"
"Bin26","D5","HoS",0,0,70,"uncultured","Actinobacteriota"
"Bin26","D6","DL",0,0,27,"uncultured","Actinobacteriota"
"Bin26","D6","DR",2.89267146135384e-06,0.000289267146135384,76,"uncultured","Actinobacteriota"
"Bin26","D6","HoS",7.61229331935222e-08,7.61229331935222e-06,78,"uncultured","Actinobacteriota"
"Bin26","D7","DL",0,0,26,"uncultured","Actinobacteriota"
"Bin26","D7","DR",8.73273494278589e-06,0.000873273494278589,65,"uncultured","Actinobacteriota"
"Bin26","D7","HoS",7.49121448986579e-08,7.49121448986579e-06,63,"uncultured","Actinobacteriota"
"Bin27","D0","DL",0.00586906517645661,0.586906517645661,14,"Ilumatobacteraceae","Actinobacteriota"
"Bin27","D0","DR",0.00185474288730972,0.185474288730972,27,"Ilumatobacteraceae","Actinobacteriota"
"Bin27","D0","HoS",0,0,66,"Ilumatobacteraceae","Actinobacteriota"
"Bin27","D1","DL",0,0,74,"Ilumatobacteraceae","Actinobacteriota"
"Bin27","D1","DR",0.000373330838696583,0.0373330838696583,43,"Ilumatobacteraceae","Actinobacteriota"
"Bin27","D1","HoS",0,0,82,"Ilumatobacteraceae","Actinobacteriota"
"Bin27","D3","DL",0,0,11,"Ilumatobacteraceae","Actinobacteriota"
"Bin27","D3","DR",7.51385931350376e-08,7.51385931350376e-06,101,"Ilumatobacteraceae","Actinobacteriota"
"Bin27","D3","HoS",0,0,94,"Ilumatobacteraceae","Actinobacteriota"
"Bin27","D5","DL",0,0,17,"Ilumatobacteraceae","Actinobacteriota"
"Bin27","D5","DR",3.49759842469617e-06,0.000349759842469617,66,"Ilumatobacteraceae","Actinobacteriota"
"Bin27","D5","HoS",0,0,70,"Ilumatobacteraceae","Actinobacteriota"
"Bin27","D6","DL",0,0,27,"Ilumatobacteraceae","Actinobacteriota"
"Bin27","D6","DR",3.04296667982926e-06,0.000304296667982926,75,"Ilumatobacteraceae","Actinobacteriota"
"Bin27","D6","HoS",0,0,83,"Ilumatobacteraceae","Actinobacteriota"
"Bin27","D7","DL",0,0,26,"Ilumatobacteraceae","Actinobacteriota"
"Bin27","D7","DR",1.12606601015085e-05,0.00112606601015085,59,"Ilumatobacteraceae","Actinobacteriota"
"Bin27","D7","HoS",8.89339470106077e-07,8.89339470106077e-05,52,"Ilumatobacteraceae","Actinobacteriota"
"Bin28","D0","DL",0.00386769916973066,0.386769916973066,20,"Propionibacteriaceae","Actinobacteriota"
"Bin28","D0","DR",0.00161127451450895,0.161127451450895,31,"Propionibacteriaceae","Actinobacteriota"
"Bin28","D0","HoS",0.000284967341350952,0.0284967341350952,43,"Propionibacteriaceae","Actinobacteriota"
"Bin28","D1","DL",0,0,74,"Propionibacteriaceae","Actinobacteriota"
"Bin28","D1","DR",0.000386689017492143,0.0386689017492143,41,"Propionibacteriaceae","Actinobacteriota"
"Bin28","D1","HoS",1.86640235638235e-05,0.00186640235638235,70,"Propionibacteriaceae","Actinobacteriota"
"Bin28","D3","DL",0,0,11,"Propionibacteriaceae","Actinobacteriota"
"Bin28","D3","DR",0,0,102,"Propionibacteriaceae","Actinobacteriota"
"Bin28","D3","HoS",0,0,94,"Propionibacteriaceae","Actinobacteriota"
"Bin28","D5","DL",0,0,17,"Propionibacteriaceae","Actinobacteriota"
"Bin28","D5","DR",0,0,85,"Propionibacteriaceae","Actinobacteriota"
"Bin28","D5","HoS",0,0,70,"Propionibacteriaceae","Actinobacteriota"
"Bin28","D6","DL",0,0,27,"Propionibacteriaceae","Actinobacteriota"
"Bin28","D6","DR",7.7862215024293e-07,7.7862215024293e-05,85,"Propionibacteriaceae","Actinobacteriota"
"Bin28","D6","HoS",0,0,83,"Propionibacteriaceae","Actinobacteriota"
"Bin28","D7","DL",0,0,26,"Propionibacteriaceae","Actinobacteriota"
"Bin28","D7","DR",1.08602347248839e-05,0.00108602347248839,60,"Propionibacteriaceae","Actinobacteriota"
"Bin28","D7","HoS",5.29169419994825e-07,5.29169419994825e-05,57,"Propionibacteriaceae","Actinobacteriota"
"Bin29","D0","DL",0.00784130598492091,0.784130598492091,8,"Bogoriellaceae","Actinobacteriota"
"Bin29","D0","DR",0.00197090538667336,0.197090538667336,26,"Bogoriellaceae","Actinobacteriota"
"Bin29","D0","HoS",0.00243388671320574,0.243388671320574,20,"Bogoriellaceae","Actinobacteriota"
"Bin29","D1","DL",0,0,74,"Bogoriellaceae","Actinobacteriota"
"Bin29","D1","DR",2.15700155912733e-05,0.00215700155912733,97,"Bogoriellaceae","Actinobacteriota"
"Bin29","D1","HoS",0.00172760554697436,0.172760554697436,30,"Bogoriellaceae","Actinobacteriota"
"Bin29","D3","DL",0,0,11,"Bogoriellaceae","Actinobacteriota"
"Bin29","D3","DR",0,0,102,"Bogoriellaceae","Actinobacteriota"
"Bin29","D3","HoS",0,0,94,"Bogoriellaceae","Actinobacteriota"
"Bin29","D5","DL",0,0,17,"Bogoriellaceae","Actinobacteriota"
"Bin29","D5","DR",1.06876520799325e-05,0.00106876520799325,58,"Bogoriellaceae","Actinobacteriota"
"Bin29","D5","HoS",0,0,70,"Bogoriellaceae","Actinobacteriota"
"Bin29","D6","DL",0,0,27,"Bogoriellaceae","Actinobacteriota"
"Bin29","D6","DR",0.000114508373274391,0.0114508373274391,40,"Bogoriellaceae","Actinobacteriota"
"Bin29","D6","HoS",6.16604725377351e-05,0.00616604725377351,40,"Bogoriellaceae","Actinobacteriota"
"Bin29","D7","DL",0,0,26,"Bogoriellaceae","Actinobacteriota"
"Bin29","D7","DR",3.25208428245175e-05,0.00325208428245175,43,"Bogoriellaceae","Actinobacteriota"
"Bin29","D7","HoS",2.4824947864312e-05,0.0024824947864312,33,"Bogoriellaceae","Actinobacteriota"
"Bin30","D0","DL",0.00518280881125981,0.518280881125981,15,"uncultured_bacterium","Actinobacteriota"
"Bin30","D0","DR",0.000916315300339642,0.0916315300339642,41,"uncultured_bacterium","Actinobacteriota"
"Bin30","D0","HoS",0,0,66,"uncultured_bacterium","Actinobacteriota"
"Bin30","D1","DL",0,0,74,"uncultured_bacterium","Actinobacteriota"
"Bin30","D1","DR",0.000363894187277076,0.0363894187277076,44,"uncultured_bacterium","Actinobacteriota"
"Bin30","D1","HoS",0,0,82,"uncultured_bacterium","Actinobacteriota"
"Bin30","D3","DL",0,0,11,"uncultured_bacterium","Actinobacteriota"
"Bin30","D3","DR",6.62882243053301e-06,0.000662882243053301,76,"uncultured_bacterium","Actinobacteriota"
"Bin30","D3","HoS",2.44541880483409e-06,0.000244541880483409,76,"uncultured_bacterium","Actinobacteriota"
"Bin30","D5","DL",0,0,17,"uncultured_bacterium","Actinobacteriota"
"Bin30","D5","DR",1.96075057111491e-05,0.00196075057111491,52,"uncultured_bacterium","Actinobacteriota"
"Bin30","D5","HoS",4.75719903022234e-07,4.75719903022234e-05,60,"uncultured_bacterium","Actinobacteriota"
"Bin30","D6","DL",0,0,27,"uncultured_bacterium","Actinobacteriota"
"Bin30","D6","DR",1.10903919418336e-05,0.00110903919418336,64,"uncultured_bacterium","Actinobacteriota"
"Bin30","D6","HoS",1.95869234877406e-06,0.000195869234877406,62,"uncultured_bacterium","Actinobacteriota"
"Bin30","D7","DL",0,0,26,"uncultured_bacterium","Actinobacteriota"
"Bin30","D7","DR",2.27758530818928e-05,0.00227758530818928,47,"uncultured_bacterium","Actinobacteriota"
"Bin30","D7","HoS",1.06115115486434e-06,0.000106115115486434,50,"uncultured_bacterium","Actinobacteriota"
"Bin31","D0","DL",3.79991492391626e-05,0.00379991492391626,65,"uncultured_bacterium","Actinobacteriota"
"Bin31","D0","DR",3.55592440492484e-05,0.00355592440492484,92,"uncultured_bacterium","Actinobacteriota"
"Bin31","D0","HoS",0.00337448820229034,0.337448820229034,16,"uncultured_bacterium","Actinobacteriota"
"Bin31","D1","DL",0,0,74,"uncultured_bacterium","Actinobacteriota"
"Bin31","D1","DR",3.62067230315305e-05,0.00362067230315305,94,"uncultured_bacterium","Actinobacteriota"
"Bin31","D1","HoS",0.000428027265489154,0.0428027265489154,46,"uncultured_bacterium","Actinobacteriota"
"Bin31","D3","DL",0,0,11,"uncultured_bacterium","Actinobacteriota"
"Bin31","D3","DR",5.5398862469094e-05,0.0055398862469094,47,"uncultured_bacterium","Actinobacteriota"
"Bin31","D3","HoS",0.00027146051563326,0.027146051563326,29,"uncultured_bacterium","Actinobacteriota"
"Bin31","D5","DL",0,0,17,"uncultured_bacterium","Actinobacteriota"
"Bin31","D5","DR",8.92561398369347e-06,0.000892561398369347,59,"uncultured_bacterium","Actinobacteriota"
"Bin31","D5","HoS",5.80130854151e-05,0.00580130854151,41,"uncultured_bacterium","Actinobacteriota"
"Bin31","D6","DL",0,0,27,"uncultured_bacterium","Actinobacteriota"
"Bin31","D6","DR",5.6542802868603e-05,0.0056542802868603,45,"uncultured_bacterium","Actinobacteriota"
"Bin31","D6","HoS",2.04722633080863e-06,0.000204722633080863,61,"uncultured_bacterium","Actinobacteriota"
"Bin31","D7","DL",0,0,26,"uncultured_bacterium","Actinobacteriota"
"Bin31","D7","DR",4.01521985990436e-06,0.000401521985990436,71,"uncultured_bacterium","Actinobacteriota"
"Bin31","D7","HoS",1.35425227475689e-06,0.000135425227475689,49,"uncultured_bacterium","Actinobacteriota"
"Bin32","D0","DL",0.00227050335541198,0.227050335541198,30,"Flavobacteriaceae","Bacteroidota"
"Bin32","D0","DR",0.000396790408230037,0.0396790408230037,66,"Flavobacteriaceae","Bacteroidota"
"Bin32","D0","HoS",0,0,66,"Flavobacteriaceae","Bacteroidota"
"Bin32","D1","DL",0,0,74,"Flavobacteriaceae","Bacteroidota"
"Bin32","D1","DR",0.000169363789923907,0.0169363789923907,73,"Flavobacteriaceae","Bacteroidota"
"Bin32","D1","HoS",0,0,82,"Flavobacteriaceae","Bacteroidota"
"Bin32","D3","DL",0,0,11,"Flavobacteriaceae","Bacteroidota"
"Bin32","D3","DR",7.68209641338283e-07,7.68209641338283e-05,96,"Flavobacteriaceae","Bacteroidota"
"Bin32","D3","HoS",0,0,94,"Flavobacteriaceae","Bacteroidota"
"Bin32","D5","DL",0,0,17,"Flavobacteriaceae","Bacteroidota"
"Bin32","D5","DR",0,0,85,"Flavobacteriaceae","Bacteroidota"
"Bin32","D5","HoS",0,0,70,"Flavobacteriaceae","Bacteroidota"
"Bin32","D6","DL",0,0,27,"Flavobacteriaceae","Bacteroidota"
"Bin32","D6","DR",7.27886799045013e-07,7.27886799045013e-05,87,"Flavobacteriaceae","Bacteroidota"
"Bin32","D6","HoS",0,0,83,"Flavobacteriaceae","Bacteroidota"
"Bin32","D7","DL",2.61202411435459e-05,0.00261202411435459,16,"Flavobacteriaceae","Bacteroidota"
"Bin32","D7","DR",1.5028162401269e-05,0.0015028162401269,57,"Flavobacteriaceae","Bacteroidota"
"Bin32","D7","HoS",3.73948784744269e-08,3.73948784744269e-06,71,"Flavobacteriaceae","Bacteroidota"
"Bin33","D0","DL",0,0,67,"Marinifilaceae","Bacteroidota"
"Bin33","D0","DR",0.000114537725777903,0.0114537725777903,84,"Marinifilaceae","Bacteroidota"
"Bin33","D0","HoS",2.30803386283003e-05,0.00230803386283003,56,"Marinifilaceae","Bacteroidota"
"Bin33","D1","DL",0,0,74,"Marinifilaceae","Bacteroidota"
"Bin33","D1","DR",0.000441065454301193,0.0441065454301193,38,"Marinifilaceae","Bacteroidota"
"Bin33","D1","HoS",1.0982507058345e-05,0.0010982507058345,73,"Marinifilaceae","Bacteroidota"
"Bin33","D3","DL",0,0,11,"Marinifilaceae","Bacteroidota"
"Bin33","D3","DR",0.0007662224631714,0.07662224631714,15,"Marinifilaceae","Bacteroidota"
"Bin33","D3","HoS",0.000638436974487871,0.0638436974487871,23,"Marinifilaceae","Bacteroidota"
"Bin33","D5","DL",0,0,17,"Marinifilaceae","Bacteroidota"
"Bin33","D5","DR",0.000698817091121758,0.0698817091121758,13,"Marinifilaceae","Bacteroidota"
"Bin33","D5","HoS",0.000496275363825334,0.0496275363825334,26,"Marinifilaceae","Bacteroidota"
"Bin33","D6","DL",0,0,27,"Marinifilaceae","Bacteroidota"
"Bin33","D6","DR",0.00187460337454611,0.187460337454611,12,"Marinifilaceae","Bacteroidota"
"Bin33","D6","HoS",0.000906392712776506,0.0906392712776506,21,"Marinifilaceae","Bacteroidota"
"Bin33","D7","DL",0.0109638412076013,1.09638412076013,5,"Marinifilaceae","Bacteroidota"
"Bin33","D7","DR",0.00232596410382184,0.232596410382184,14,"Marinifilaceae","Bacteroidota"
"Bin33","D7","HoS",0.00262405879122119,0.262405879122119,16,"Marinifilaceae","Bacteroidota"
"Bin34","D0","DL",0,0,67,"Marinifilaceae","Bacteroidota"
"Bin34","D0","DR",0.00208653629178298,0.208653629178298,24,"Marinifilaceae","Bacteroidota"
"Bin34","D0","HoS",0.00475315845299587,0.475315845299587,12,"Marinifilaceae","Bacteroidota"
"Bin34","D1","DL",0.000881930221151158,0.0881930221151158,34,"Marinifilaceae","Bacteroidota"
"Bin34","D1","DR",0.00121255791752861,0.121255791752861,16,"Marinifilaceae","Bacteroidota"
"Bin34","D1","HoS",0.0331021718881773,3.31021718881773,6,"Marinifilaceae","Bacteroidota"
"Bin34","D3","DL",0,0,11,"Marinifilaceae","Bacteroidota"
"Bin34","D3","DR",0.00306279986742165,0.306279986742165,7,"Marinifilaceae","Bacteroidota"
"Bin34","D3","HoS",0.0122413284181406,1.22413284181406,4,"Marinifilaceae","Bacteroidota"
"Bin34","D5","DL",0,0,17,"Marinifilaceae","Bacteroidota"
"Bin34","D5","DR",0.00500516047250085,0.500516047250085,7,"Marinifilaceae","Bacteroidota"
"Bin34","D5","HoS",0.00424696784254129,0.424696784254129,12,"Marinifilaceae","Bacteroidota"
"Bin34","D6","DL",0,0,27,"Marinifilaceae","Bacteroidota"
"Bin34","D6","DR",0.0166878877815428,1.66878877815428,4,"Marinifilaceae","Bacteroidota"
"Bin34","D6","HoS",0.0080340213375735,0.80340213375735,10,"Marinifilaceae","Bacteroidota"
"Bin34","D7","DL",0.00148572871923885,0.148572871923885,7,"Marinifilaceae","Bacteroidota"
"Bin34","D7","DR",0.0580246132891409,5.80246132891409,2,"Marinifilaceae","Bacteroidota"
"Bin34","D7","HoS",0.0443113735553673,4.43113735553673,4,"Marinifilaceae","Bacteroidota"
"Bin35","D0","DL",0,0,67,"Marinilabiliaceae","Bacteroidota"
"Bin35","D0","DR",0,0,99,"Marinilabiliaceae","Bacteroidota"
"Bin35","D0","HoS",5.31515981156544e-06,0.000531515981156544,61,"Marinilabiliaceae","Bacteroidota"
"Bin35","D1","DL",0.00140291429788771,0.140291429788771,27,"Marinilabiliaceae","Bacteroidota"
"Bin35","D1","DR",0.00134719146302692,0.134719146302692,13,"Marinilabiliaceae","Bacteroidota"
"Bin35","D1","HoS",0,0,82,"Marinilabiliaceae","Bacteroidota"
"Bin35","D3","DL",3.04847391018427e-05,0.00304847391018427,8,"Marinilabiliaceae","Bacteroidota"
"Bin35","D3","DR",6.4554466019294e-05,0.0064554466019294,42,"Marinilabiliaceae","Bacteroidota"
"Bin35","D3","HoS",0.00389736872151479,0.389736872151479,10,"Marinilabiliaceae","Bacteroidota"
"Bin35","D5","DL",0,0,17,"Marinilabiliaceae","Bacteroidota"
"Bin35","D5","DR",0.000191342531749408,0.0191342531749408,28,"Marinilabiliaceae","Bacteroidota"
"Bin35","D5","HoS",0.000158486220666135,0.0158486220666135,33,"Marinilabiliaceae","Bacteroidota"
"Bin35","D6","DL",6.88183813221685e-05,0.00688183813221685,14,"Marinilabiliaceae","Bacteroidota"
"Bin35","D6","DR",0.000377320825071317,0.0377320825071317,24,"Marinilabiliaceae","Bacteroidota"
"Bin35","D6","HoS",0.000737859620397074,0.0737859620397074,24,"Marinilabiliaceae","Bacteroidota"
"Bin35","D7","DL",0,0,26,"Marinilabiliaceae","Bacteroidota"
"Bin35","D7","DR",3.10657647452218e-05,0.00310657647452218,44,"Marinilabiliaceae","Bacteroidota"
"Bin35","D7","HoS",7.3319116454151e-06,0.00073319116454151,42,"Marinilabiliaceae","Bacteroidota"
"Bin36","D0","DL",0,0,67,"Marinilabiliaceae","Bacteroidota"
"Bin36","D0","DR",2.27909158957442e-05,0.00227909158957442,95,"Marinilabiliaceae","Bacteroidota"
"Bin36","D0","HoS",0.000135098809386208,0.0135098809386208,48,"Marinilabiliaceae","Bacteroidota"
"Bin36","D1","DL",0.00450384583115238,0.450384583115238,15,"Marinilabiliaceae","Bacteroidota"
"Bin36","D1","DR",0.000311779997046729,0.0311779997046729,49,"Marinilabiliaceae","Bacteroidota"
"Bin36","D1","HoS",0.000455846920102932,0.0455846920102932,44,"Marinilabiliaceae","Bacteroidota"
"Bin36","D3","DL",0.000766724500072963,0.0766724500072963,1,"Marinilabiliaceae","Bacteroidota"
"Bin36","D3","DR",0.00107119601863339,0.107119601863339,13,"Marinilabiliaceae","Bacteroidota"
"Bin36","D3","HoS",0.000111744999992179,0.0111744999992179,35,"Marinilabiliaceae","Bacteroidota"
"Bin36","D5","DL",0,0,17,"Marinilabiliaceae","Bacteroidota"
"Bin36","D5","DR",0.000342552496229321,0.0342552496229321,17,"Marinilabiliaceae","Bacteroidota"
"Bin36","D5","HoS",1.59107818184442e-05,0.00159107818184442,48,"Marinilabiliaceae","Bacteroidota"
"Bin36","D6","DL",0,0,27,"Marinilabiliaceae","Bacteroidota"
"Bin36","D6","DR",0.000249457530902332,0.0249457530902332,31,"Marinilabiliaceae","Bacteroidota"
"Bin36","D6","HoS",3.1404975774918e-06,0.00031404975774918,59,"Marinilabiliaceae","Bacteroidota"
"Bin36","D7","DL",0,0,26,"Marinilabiliaceae","Bacteroidota"
"Bin36","D7","DR",2.72317926203533e-05,0.00272317926203533,46,"Marinilabiliaceae","Bacteroidota"
"Bin36","D7","HoS",7.30440870575671e-08,7.30440870575671e-06,64,"Marinilabiliaceae","Bacteroidota"
"Bin37","D0","DL",0,0,67,"Rikenellaceae","Bacteroidota"
"Bin37","D0","DR",0,0,99,"Rikenellaceae","Bacteroidota"
"Bin37","D0","HoS",3.28530597071372e-07,3.28530597071372e-05,65,"Rikenellaceae","Bacteroidota"
"Bin37","D1","DL",0.00032736773882076,0.032736773882076,49,"Rikenellaceae","Bacteroidota"
"Bin37","D1","DR",1.61567916803824e-05,0.00161567916803824,99,"Rikenellaceae","Bacteroidota"
"Bin37","D1","HoS",0.000351367733660882,0.0351367733660882,50,"Rikenellaceae","Bacteroidota"
"Bin37","D3","DL",0,0,11,"Rikenellaceae","Bacteroidota"
"Bin37","D3","DR",1.30819022227602e-05,0.00130819022227602,70,"Rikenellaceae","Bacteroidota"
"Bin37","D3","HoS",2.57902451888339e-06,0.000257902451888339,75,"Rikenellaceae","Bacteroidota"
"Bin37","D5","DL",0,0,17,"Rikenellaceae","Bacteroidota"
"Bin37","D5","DR",3.18167356029271e-06,0.000318167356029271,67,"Rikenellaceae","Bacteroidota"
"Bin37","D5","HoS",0,0,70,"Rikenellaceae","Bacteroidota"
"Bin37","D6","DL",2.29611804571835e-05,0.00229611804571835,19,"Rikenellaceae","Bacteroidota"
"Bin37","D6","DR",1.88276861503526e-05,0.00188276861503526,58,"Rikenellaceae","Bacteroidota"
"Bin37","D6","HoS",1.85728296033494e-05,0.00185728296033494,48,"Rikenellaceae","Bacteroidota"
"Bin37","D7","DL",0,0,26,"Rikenellaceae","Bacteroidota"
"Bin37","D7","DR",0,0,95,"Rikenellaceae","Bacteroidota"
"Bin37","D7","HoS",0,0,73,"Rikenellaceae","Bacteroidota"
"Bin38","D0","DL",0,0,67,"Rikenellaceae","Bacteroidota"
"Bin38","D0","DR",0.000872223406925901,0.0872223406925901,43,"Rikenellaceae","Bacteroidota"
"Bin38","D0","HoS",0,0,66,"Rikenellaceae","Bacteroidota"
"Bin38","D1","DL",0.00606927569782027,0.606927569782027,10,"Rikenellaceae","Bacteroidota"
"Bin38","D1","DR",0.000193042684751144,0.0193042684751144,68,"Rikenellaceae","Bacteroidota"
"Bin38","D1","HoS",0.000245342192305704,0.0245342192305704,51,"Rikenellaceae","Bacteroidota"
"Bin38","D3","DL",0,0,11,"Rikenellaceae","Bacteroidota"
"Bin38","D3","DR",0.000137693564361716,0.0137693564361716,33,"Rikenellaceae","Bacteroidota"
"Bin38","D3","HoS",3.92879835110934e-05,0.00392879835110934,49,"Rikenellaceae","Bacteroidota"
"Bin38","D5","DL",0,0,17,"Rikenellaceae","Bacteroidota"
"Bin38","D5","DR",9.91983249218241e-07,9.91983249218241e-05,80,"Rikenellaceae","Bacteroidota"
"Bin38","D5","HoS",0,0,70,"Rikenellaceae","Bacteroidota"
"Bin38","D6","DL",0,0,27,"Rikenellaceae","Bacteroidota"
"Bin38","D6","DR",0,0,95,"Rikenellaceae","Bacteroidota"
"Bin38","D6","HoS",0,0,83,"Rikenellaceae","Bacteroidota"
"Bin38","D7","DL",0,0,26,"Rikenellaceae","Bacteroidota"
"Bin38","D7","DR",1.53454255286499e-06,0.000153454255286499,80,"Rikenellaceae","Bacteroidota"
"Bin38","D7","HoS",0,0,73,"Rikenellaceae","Bacteroidota"
"Bin39","D0","DL",0,0,67,"Marinifilaceae","Bacteroidota"
"Bin39","D0","DR",0,0,99,"Marinifilaceae","Bacteroidota"
"Bin39","D0","HoS",0.0154724809771861,1.54724809771861,5,"Marinifilaceae","Bacteroidota"
"Bin39","D1","DL",0,0,74,"Marinifilaceae","Bacteroidota"
"Bin39","D1","DR",0,0,102,"Marinifilaceae","Bacteroidota"
"Bin39","D1","HoS",0.00803920817138627,0.803920817138627,16,"Marinifilaceae","Bacteroidota"
"Bin39","D3","DL",0,0,11,"Marinifilaceae","Bacteroidota"
"Bin39","D3","DR",2.90996604327696e-05,0.00290996604327696,54,"Marinifilaceae","Bacteroidota"
"Bin39","D3","HoS",7.31684526797174e-05,0.00731684526797174,38,"Marinifilaceae","Bacteroidota"
"Bin39","D5","DL",0,0,17,"Marinifilaceae","Bacteroidota"
"Bin39","D5","DR",3.72537118480487e-05,0.00372537118480487,44,"Marinifilaceae","Bacteroidota"
"Bin39","D5","HoS",1.85049400851159e-06,0.000185049400851159,56,"Marinifilaceae","Bacteroidota"
"Bin39","D6","DL",0,0,27,"Marinifilaceae","Bacteroidota"
"Bin39","D6","DR",3.08577291717989e-05,0.00308577291717989,51,"Marinifilaceae","Bacteroidota"
"Bin39","D6","HoS",1.56723525253967e-05,0.00156723525253967,50,"Marinifilaceae","Bacteroidota"
"Bin39","D7","DL",0,0,26,"Marinifilaceae","Bacteroidota"
"Bin39","D7","DR",1.66059108933353e-05,0.00166059108933353,54,"Marinifilaceae","Bacteroidota"
"Bin39","D7","HoS",9.8917195707558e-07,9.8917195707558e-05,51,"Marinifilaceae","Bacteroidota"
"Bin40","D0","DL",0,0,67,"Marinifilaceae","Bacteroidota"
"Bin40","D0","DR",0,0,99,"Marinifilaceae","Bacteroidota"
"Bin40","D0","HoS",2.60743182822566e-05,0.00260743182822566,53,"Marinifilaceae","Bacteroidota"
"Bin40","D1","DL",0,0,74,"Marinifilaceae","Bacteroidota"
"Bin40","D1","DR",0.000179185280776324,0.0179185280776324,71,"Marinifilaceae","Bacteroidota"
"Bin40","D1","HoS",9.69131577941109e-05,0.00969131577941109,56,"Marinifilaceae","Bacteroidota"
"Bin40","D3","DL",0,0,11,"Marinifilaceae","Bacteroidota"
"Bin40","D3","DR",1.31692021224596e-05,0.00131692021224596,69,"Marinifilaceae","Bacteroidota"
"Bin40","D3","HoS",1.54390422455507e-07,1.54390422455507e-05,90,"Marinifilaceae","Bacteroidota"
"Bin40","D5","DL",1.41500745181439e-05,0.00141500745181439,14,"Marinifilaceae","Bacteroidota"
"Bin40","D5","DR",6.53080362375873e-06,0.000653080362375873,63,"Marinifilaceae","Bacteroidota"
"Bin40","D5","HoS",0,0,70,"Marinifilaceae","Bacteroidota"
"Bin40","D6","DL",0.000296398152350242,0.0296398152350242,9,"Marinifilaceae","Bacteroidota"
"Bin40","D6","DR",2.08853308655915e-05,0.00208853308655915,57,"Marinifilaceae","Bacteroidota"
"Bin40","D6","HoS",5.33066891518288e-05,0.00533066891518288,42,"Marinifilaceae","Bacteroidota"
"Bin40","D7","DL",2.97719043913207e-06,0.000297719043913207,23,"Marinifilaceae","Bacteroidota"
"Bin40","D7","DR",1.93381328787566e-05,0.00193381328787566,50,"Marinifilaceae","Bacteroidota"
"Bin40","D7","HoS",7.68264831942694e-08,7.68264831942694e-06,62,"Marinifilaceae","Bacteroidota"
"Bin41","D0","DL",0.00011144732711629,0.011144732711629,61,"Marinilabiliaceae","Bacteroidota"
"Bin41","D0","DR",0.0003905412540882,0.03905412540882,68,"Marinilabiliaceae","Bacteroidota"
"Bin41","D0","HoS",0.00410201687010769,0.410201687010769,14,"Marinilabiliaceae","Bacteroidota"
"Bin41","D1","DL",0.00240461396922934,0.240461396922934,22,"Marinilabiliaceae","Bacteroidota"
"Bin41","D1","DR",0.000936986498035016,0.0936986498035016,18,"Marinilabiliaceae","Bacteroidota"
"Bin41","D1","HoS",0.00193388183272863,0.193388183272863,29,"Marinilabiliaceae","Bacteroidota"
"Bin41","D3","DL",0,0,11,"Marinilabiliaceae","Bacteroidota"
"Bin41","D3","DR",6.97865053344379e-05,0.00697865053344379,39,"Marinilabiliaceae","Bacteroidota"
"Bin41","D3","HoS",0.00022802213560249,0.022802213560249,30,"Marinilabiliaceae","Bacteroidota"
"Bin41","D5","DL",0,0,17,"Marinilabiliaceae","Bacteroidota"
"Bin41","D5","DR",2.84407298138563e-05,0.00284407298138563,48,"Marinilabiliaceae","Bacteroidota"
"Bin41","D5","HoS",2.30474758338394e-05,0.00230474758338394,46,"Marinilabiliaceae","Bacteroidota"
"Bin41","D6","DL",0,0,27,"Marinilabiliaceae","Bacteroidota"
"Bin41","D6","DR",0.000200100906898966,0.0200100906898966,33,"Marinilabiliaceae","Bacteroidota"
"Bin41","D6","HoS",3.00815694419323e-05,0.00300815694419323,45,"Marinilabiliaceae","Bacteroidota"
"Bin41","D7","DL",0,0,26,"Marinilabiliaceae","Bacteroidota"
"Bin41","D7","DR",8.71392360290862e-05,0.00871392360290862,33,"Marinilabiliaceae","Bacteroidota"
"Bin41","D7","HoS",1.27014244931313e-05,0.00127014244931313,38,"Marinilabiliaceae","Bacteroidota"
"Bin42","D0","DL",0,0,67,"Bacteroidaceae","Bacteroidota"
"Bin42","D0","DR",0.000465095159163085,0.0465095159163085,63,"Bacteroidaceae","Bacteroidota"
"Bin42","D0","HoS",0,0,66,"Bacteroidaceae","Bacteroidota"
"Bin42","D1","DL",0,0,74,"Bacteroidaceae","Bacteroidota"
"Bin42","D1","DR",0.000218170687069506,0.0218170687069506,63,"Bacteroidaceae","Bacteroidota"
"Bin42","D1","HoS",0,0,82,"Bacteroidaceae","Bacteroidota"
"Bin42","D3","DL",0,0,11,"Bacteroidaceae","Bacteroidota"
"Bin42","D3","DR",5.74757023070181e-05,0.00574757023070181,45,"Bacteroidaceae","Bacteroidota"
"Bin42","D3","HoS",0.000214783460314586,0.0214783460314586,31,"Bacteroidaceae","Bacteroidota"
"Bin42","D5","DL",0,0,17,"Bacteroidaceae","Bacteroidota"
"Bin42","D5","DR",4.97456441171202e-05,0.00497456441171202,39,"Bacteroidaceae","Bacteroidota"
"Bin42","D5","HoS",0.000232820471976376,0.0232820471976376,30,"Bacteroidaceae","Bacteroidota"
"Bin42","D6","DL",4.98811253907731e-05,0.00498811253907731,15,"Bacteroidaceae","Bacteroidota"
"Bin42","D6","DR",7.69418623684226e-05,0.00769418623684226,42,"Bacteroidaceae","Bacteroidota"
"Bin42","D6","HoS",0.000401320129545923,0.0401320129545923,28,"Bacteroidaceae","Bacteroidota"
"Bin42","D7","DL",6.8021870257017e-06,0.00068021870257017,21,"Bacteroidaceae","Bacteroidota"
"Bin42","D7","DR",0.000200437014311757,0.0200437014311757,23,"Bacteroidaceae","Bacteroidota"
"Bin42","D7","HoS",4.27617019485221e-05,0.00427617019485221,30,"Bacteroidaceae","Bacteroidota"
"Bin43","D0","DL",0,0,67,"Prolixibacteraceae","Bacteroidota"
"Bin43","D0","DR",0,0,99,"Prolixibacteraceae","Bacteroidota"
"Bin43","D0","HoS",0,0,66,"Prolixibacteraceae","Bacteroidota"
"Bin43","D1","DL",0.00563366678274821,0.563366678274821,11,"Prolixibacteraceae","Bacteroidota"
"Bin43","D1","DR",9.33977669188969e-05,0.00933977669188969,86,"Prolixibacteraceae","Bacteroidota"
"Bin43","D1","HoS",0,0,82,"Prolixibacteraceae","Bacteroidota"
"Bin43","D3","DL",0,0,11,"Prolixibacteraceae","Bacteroidota"
"Bin43","D3","DR",0.000197244378310315,0.0197244378310315,28,"Prolixibacteraceae","Bacteroidota"
"Bin43","D3","HoS",0.000157427958025785,0.0157427958025785,32,"Prolixibacteraceae","Bacteroidota"
"Bin43","D5","DL",0,0,17,"Prolixibacteraceae","Bacteroidota"
"Bin43","D5","DR",0.000212477595337202,0.0212477595337202,26,"Prolixibacteraceae","Bacteroidota"
"Bin43","D5","HoS",0.000254344345947751,0.0254344345947751,29,"Prolixibacteraceae","Bacteroidota"
"Bin43","D6","DL",3.14685244331921e-05,0.00314685244331921,17,"Prolixibacteraceae","Bacteroidota"
"Bin43","D6","DR",0.000473639060034711,0.0473639060034711,22,"Prolixibacteraceae","Bacteroidota"
"Bin43","D6","HoS",0.000446302978362888,0.0446302978362888,27,"Prolixibacteraceae","Bacteroidota"
"Bin43","D7","DL",0,0,26,"Prolixibacteraceae","Bacteroidota"
"Bin43","D7","DR",3.04597588371978e-05,0.00304597588371978,45,"Prolixibacteraceae","Bacteroidota"
"Bin43","D7","HoS",4.58312076037206e-05,0.00458312076037206,29,"Prolixibacteraceae","Bacteroidota"
"Bin44","D0","DL",0,0,67,"Williamwhitmaniaceae","Bacteroidota"
"Bin44","D0","DR",3.78327394382434e-05,0.00378327394382434,91,"Williamwhitmaniaceae","Bacteroidota"
"Bin44","D0","HoS",0.000783856805950652,0.0783856805950652,36,"Williamwhitmaniaceae","Bacteroidota"
"Bin44","D1","DL",0.00159092336203682,0.159092336203682,25,"Williamwhitmaniaceae","Bacteroidota"
"Bin44","D1","DR",0,0,102,"Williamwhitmaniaceae","Bacteroidota"
"Bin44","D1","HoS",0.00103141807322591,0.103141807322591,36,"Williamwhitmaniaceae","Bacteroidota"
"Bin44","D3","DL",0,0,11,"Williamwhitmaniaceae","Bacteroidota"
"Bin44","D3","DR",5.78695097259012e-06,0.000578695097259012,78,"Williamwhitmaniaceae","Bacteroidota"
"Bin44","D3","HoS",0,0,94,"Williamwhitmaniaceae","Bacteroidota"
"Bin44","D5","DL",0,0,17,"Williamwhitmaniaceae","Bacteroidota"
"Bin44","D5","DR",0,0,85,"Williamwhitmaniaceae","Bacteroidota"
"Bin44","D5","HoS",0,0,70,"Williamwhitmaniaceae","Bacteroidota"
"Bin44","D6","DL",0,0,27,"Williamwhitmaniaceae","Bacteroidota"
"Bin44","D6","DR",0,0,95,"Williamwhitmaniaceae","Bacteroidota"
"Bin44","D6","HoS",0,0,83,"Williamwhitmaniaceae","Bacteroidota"
"Bin44","D7","DL",0,0,26,"Williamwhitmaniaceae","Bacteroidota"
"Bin44","D7","DR",0,0,95,"Williamwhitmaniaceae","Bacteroidota"
"Bin44","D7","HoS",0,0,73,"Williamwhitmaniaceae","Bacteroidota"
"Bin45","D0","DL",0,0,67,"Marinilabiliaceae","Bacteroidota"
"Bin45","D0","DR",6.38208205927355e-05,0.00638208205927355,89,"Marinilabiliaceae","Bacteroidota"
"Bin45","D0","HoS",0.000114672694410206,0.0114672694410206,49,"Marinilabiliaceae","Bacteroidota"
"Bin45","D1","DL",0.00360616067798005,0.360616067798005,19,"Marinilabiliaceae","Bacteroidota"
"Bin45","D1","DR",0,0,102,"Marinilabiliaceae","Bacteroidota"
"Bin45","D1","HoS",0,0,82,"Marinilabiliaceae","Bacteroidota"
"Bin45","D3","DL",0,0,11,"Marinilabiliaceae","Bacteroidota"
"Bin45","D3","DR",9.65393191026417e-05,0.00965393191026417,34,"Marinilabiliaceae","Bacteroidota"
"Bin45","D3","HoS",4.45188270623009e-05,0.00445188270623009,45,"Marinilabiliaceae","Bacteroidota"
"Bin45","D5","DL",0,0,17,"Marinilabiliaceae","Bacteroidota"
"Bin45","D5","DR",1.39054708517221e-05,0.00139054708517221,55,"Marinilabiliaceae","Bacteroidota"
"Bin45","D5","HoS",2.19244081301003e-06,0.000219244081301003,55,"Marinilabiliaceae","Bacteroidota"
"Bin45","D6","DL",0,0,27,"Marinilabiliaceae","Bacteroidota"
"Bin45","D6","DR",7.58173106083581e-07,7.58173106083581e-05,86,"Marinilabiliaceae","Bacteroidota"
"Bin45","D6","HoS",0,0,83,"Marinilabiliaceae","Bacteroidota"
"Bin45","D7","DL",0,0,26,"Marinilabiliaceae","Bacteroidota"
"Bin45","D7","DR",0,0,95,"Marinilabiliaceae","Bacteroidota"
"Bin45","D7","HoS",0,0,73,"Marinilabiliaceae","Bacteroidota"
"Bin46","D0","DL",0,0,67,"Bacteroidaceae","Bacteroidota"
"Bin46","D0","DR",0,0,99,"Bacteroidaceae","Bacteroidota"
"Bin46","D0","HoS",0.00238002011736516,0.238002011736516,21,"Bacteroidaceae","Bacteroidota"
"Bin46","D1","DL",0,0,74,"Bacteroidaceae","Bacteroidota"
"Bin46","D1","DR",0,0,102,"Bacteroidaceae","Bacteroidota"
"Bin46","D1","HoS",0.0832223360395384,8.32223360395384,2,"Bacteroidaceae","Bacteroidota"
"Bin46","D3","DL",0,0,11,"Bacteroidaceae","Bacteroidota"
"Bin46","D3","DR",0,0,102,"Bacteroidaceae","Bacteroidota"
"Bin46","D3","HoS",0.00436225978955463,0.436225978955463,8,"Bacteroidaceae","Bacteroidota"
"Bin46","D5","DL",0,0,17,"Bacteroidaceae","Bacteroidota"
"Bin46","D5","DR",1.17518691408462e-05,0.00117518691408462,57,"Bacteroidaceae","Bacteroidota"
"Bin46","D5","HoS",0.00692656510327508,0.692656510327508,8,"Bacteroidaceae","Bacteroidota"
"Bin46","D6","DL",0,0,27,"Bacteroidaceae","Bacteroidota"
"Bin46","D6","DR",6.74861903027119e-05,0.00674861903027119,43,"Bacteroidaceae","Bacteroidota"
"Bin46","D6","HoS",0.0122938582087932,1.22938582087932,8,"Bacteroidaceae","Bacteroidota"
"Bin46","D7","DL",0,0,26,"Bacteroidaceae","Bacteroidota"
"Bin46","D7","DR",0.000199813217819514,0.0199813217819514,24,"Bacteroidaceae","Bacteroidota"
"Bin46","D7","HoS",0.000726676013669292,0.0726676013669292,20,"Bacteroidaceae","Bacteroidota"
"Bin47","D0","DL",0,0,67,"Prolixibacteraceae","Bacteroidota"
"Bin47","D0","DR",0.000215852594602048,0.0215852594602048,77,"Prolixibacteraceae","Bacteroidota"
"Bin47","D0","HoS",0,0,66,"Prolixibacteraceae","Bacteroidota"
"Bin47","D1","DL",0.000966381095005734,0.0966381095005734,32,"Prolixibacteraceae","Bacteroidota"
"Bin47","D1","DR",6.42397014987397e-05,0.00642397014987397,89,"Prolixibacteraceae","Bacteroidota"
"Bin47","D1","HoS",0.000415879586590635,0.0415879586590635,47,"Prolixibacteraceae","Bacteroidota"
"Bin47","D3","DL",0,0,11,"Prolixibacteraceae","Bacteroidota"
"Bin47","D3","DR",5.68950834000112e-05,0.00568950834000112,46,"Prolixibacteraceae","Bacteroidota"
"Bin47","D3","HoS",6.90117750616553e-05,0.00690117750616553,39,"Prolixibacteraceae","Bacteroidota"
"Bin47","D5","DL",0,0,17,"Prolixibacteraceae","Bacteroidota"
"Bin47","D5","DR",4.1023510483646e-05,0.0041023510483646,41,"Prolixibacteraceae","Bacteroidota"
"Bin47","D5","HoS",0.000230052842514993,0.0230052842514993,31,"Prolixibacteraceae","Bacteroidota"
"Bin47","D6","DL",1.92763692126895e-06,0.000192763692126895,26,"Prolixibacteraceae","Bacteroidota"
"Bin47","D6","DR",2.14634819705922e-05,0.00214634819705922,56,"Prolixibacteraceae","Bacteroidota"
"Bin47","D6","HoS",0.000353290198875209,0.0353290198875209,29,"Prolixibacteraceae","Bacteroidota"
"Bin47","D7","DL",0,0,26,"Prolixibacteraceae","Bacteroidota"
"Bin47","D7","DR",3.54779899461995e-05,0.00354779899461995,41,"Prolixibacteraceae","Bacteroidota"
"Bin47","D7","HoS",2.11498660821616e-05,0.00211498660821616,35,"Prolixibacteraceae","Bacteroidota"
"Bin48","D0","DL",0,0,67,"Lentimicrobiaceae","Bacteroidota"
"Bin48","D0","DR",0.000179750150167209,0.0179750150167209,80,"Lentimicrobiaceae","Bacteroidota"
"Bin48","D0","HoS",0,0,66,"Lentimicrobiaceae","Bacteroidota"
"Bin48","D1","DL",0.0231997977716816,2.31997977716816,3,"Lentimicrobiaceae","Bacteroidota"
"Bin48","D1","DR",0.0023348686086043,0.23348686086043,8,"Lentimicrobiaceae","Bacteroidota"
"Bin48","D1","HoS",0,0,82,"Lentimicrobiaceae","Bacteroidota"
"Bin48","D3","DL",0,0,11,"Lentimicrobiaceae","Bacteroidota"
"Bin48","D3","DR",0.000699304800408604,0.0699304800408604,16,"Lentimicrobiaceae","Bacteroidota"
"Bin48","D3","HoS",5.03497163105701e-05,0.00503497163105701,42,"Lentimicrobiaceae","Bacteroidota"
"Bin48","D5","DL",0,0,17,"Lentimicrobiaceae","Bacteroidota"
"Bin48","D5","DR",1.46241069018734e-05,0.00146241069018734,54,"Lentimicrobiaceae","Bacteroidota"
"Bin48","D5","HoS",4.18450779553571e-05,0.00418450779553571,44,"Lentimicrobiaceae","Bacteroidota"
"Bin48","D6","DL",0,0,27,"Lentimicrobiaceae","Bacteroidota"
"Bin48","D6","DR",9.63953892422265e-06,0.000963953892422265,65,"Lentimicrobiaceae","Bacteroidota"
"Bin48","D6","HoS",3.709794196313e-06,0.0003709794196313,55,"Lentimicrobiaceae","Bacteroidota"
"Bin48","D7","DL",0,0,26,"Lentimicrobiaceae","Bacteroidota"
"Bin48","D7","DR",2.67832437253297e-06,0.000267832437253297,74,"Lentimicrobiaceae","Bacteroidota"
"Bin48","D7","HoS",1.44774290407188e-07,1.44774290407188e-05,61,"Lentimicrobiaceae","Bacteroidota"
"Bin49","D0","DL",0,0,67,"Marinilabiliaceae","Bacteroidota"
"Bin49","D0","DR",0.000153210831257371,0.0153210831257371,82,"Marinilabiliaceae","Bacteroidota"
"Bin49","D0","HoS",0,0,66,"Marinilabiliaceae","Bacteroidota"
"Bin49","D1","DL",0.00201637192727517,0.201637192727517,24,"Marinilabiliaceae","Bacteroidota"
"Bin49","D1","DR",0.00025165736446341,0.025165736446341,59,"Marinilabiliaceae","Bacteroidota"
"Bin49","D1","HoS",0,0,82,"Marinilabiliaceae","Bacteroidota"
"Bin49","D3","DL",0,0,11,"Marinilabiliaceae","Bacteroidota"
"Bin49","D3","DR",5.37139824798585e-06,0.000537139824798585,79,"Marinilabiliaceae","Bacteroidota"
"Bin49","D3","HoS",4.62389404481673e-07,4.62389404481673e-05,86,"Marinilabiliaceae","Bacteroidota"
"Bin49","D5","DL",0,0,17,"Marinilabiliaceae","Bacteroidota"
"Bin49","D5","DR",0,0,85,"Marinilabiliaceae","Bacteroidota"
"Bin49","D5","HoS",0,0,70,"Marinilabiliaceae","Bacteroidota"
"Bin49","D6","DL",0,0,27,"Marinilabiliaceae","Bacteroidota"
"Bin49","D6","DR",2.20374789392841e-06,0.000220374789392841,77,"Marinilabiliaceae","Bacteroidota"
"Bin49","D6","HoS",1.19121507779914e-07,1.19121507779914e-05,75,"Marinilabiliaceae","Bacteroidota"
"Bin49","D7","DL",0,0,26,"Marinilabiliaceae","Bacteroidota"
"Bin49","D7","DR",7.51811866598502e-07,7.51811866598502e-05,89,"Marinilabiliaceae","Bacteroidota"
"Bin49","D7","HoS",0,0,73,"Marinilabiliaceae","Bacteroidota"
"Bin50","D0","DL",0,0,67,"Marinilabiliaceae","Bacteroidota"
"Bin50","D0","DR",0,0,99,"Marinilabiliaceae","Bacteroidota"
"Bin50","D0","HoS",0.0185097465192656,1.85097465192656,2,"Marinilabiliaceae","Bacteroidota"
"Bin50","D1","DL",3.57605678287985e-05,0.00357605678287985,69,"Marinilabiliaceae","Bacteroidota"
"Bin50","D1","DR",0.000197643788031746,0.0197643788031746,67,"Marinilabiliaceae","Bacteroidota"
"Bin50","D1","HoS",0.00322046696412644,0.322046696412644,20,"Marinilabiliaceae","Bacteroidota"
"Bin50","D3","DL",0,0,11,"Marinilabiliaceae","Bacteroidota"
"Bin50","D3","DR",1.89520744770127e-05,0.00189520744770127,62,"Marinilabiliaceae","Bacteroidota"
"Bin50","D3","HoS",4.21980993405207e-05,0.00421980993405207,47,"Marinilabiliaceae","Bacteroidota"
"Bin50","D5","DL",0,0,17,"Marinilabiliaceae","Bacteroidota"
"Bin50","D5","DR",2.57736584044995e-06,0.000257736584044995,72,"Marinilabiliaceae","Bacteroidota"
"Bin50","D5","HoS",2.45125217565158e-07,2.45125217565158e-05,61,"Marinilabiliaceae","Bacteroidota"
"Bin50","D6","DL",0,0,27,"Marinilabiliaceae","Bacteroidota"
"Bin50","D6","DR",2.67275911969335e-05,0.00267275911969335,53,"Marinilabiliaceae","Bacteroidota"
"Bin50","D6","HoS",5.02847359091843e-06,0.000502847359091843,51,"Marinilabiliaceae","Bacteroidota"
"Bin50","D7","DL",0,0,26,"Marinilabiliaceae","Bacteroidota"
"Bin50","D7","DR",1.48043686093782e-06,0.000148043686093782,81,"Marinilabiliaceae","Bacteroidota"
"Bin50","D7","HoS",0,0,73,"Marinilabiliaceae","Bacteroidota"
"Bin51","D0","DL",0.00152442158538489,0.152442158538489,38,"Prolixibacteraceae","Bacteroidota"
"Bin51","D0","DR",0.000890287479002898,0.0890287479002898,42,"Prolixibacteraceae","Bacteroidota"
"Bin51","D0","HoS",0.00200137291706888,0.200137291706888,24,"Prolixibacteraceae","Bacteroidota"
"Bin51","D1","DL",1.53763722670568e-05,0.00153763722670568,72,"Prolixibacteraceae","Bacteroidota"
"Bin51","D1","DR",0.00092191367714908,0.092191367714908,19,"Prolixibacteraceae","Bacteroidota"
"Bin51","D1","HoS",5.04768323744016e-05,0.00504768323744016,63,"Prolixibacteraceae","Bacteroidota"
"Bin51","D3","DL",0,0,11,"Prolixibacteraceae","Bacteroidota"
"Bin51","D3","DR",7.21304387024189e-05,0.00721304387024189,38,"Prolixibacteraceae","Bacteroidota"
"Bin51","D3","HoS",0.000417101402394731,0.0417101402394731,27,"Prolixibacteraceae","Bacteroidota"
"Bin51","D5","DL",0,0,17,"Prolixibacteraceae","Bacteroidota"
"Bin51","D5","DR",7.14831002426495e-06,0.000714831002426495,62,"Prolixibacteraceae","Bacteroidota"
"Bin51","D5","HoS",2.21389404268877e-06,0.000221389404268877,54,"Prolixibacteraceae","Bacteroidota"
"Bin51","D6","DL",0,0,27,"Prolixibacteraceae","Bacteroidota"
"Bin51","D6","DR",2.58638540799338e-05,0.00258638540799338,54,"Prolixibacteraceae","Bacteroidota"
"Bin51","D6","HoS",3.34179851348134e-06,0.000334179851348134,57,"Prolixibacteraceae","Bacteroidota"
"Bin51","D7","DL",0.000112692014112395,0.0112692014112395,13,"Prolixibacteraceae","Bacteroidota"
"Bin51","D7","DR",0.000217664415275443,0.0217664415275443,22,"Prolixibacteraceae","Bacteroidota"
"Bin51","D7","HoS",4.14760278930228e-05,0.00414760278930228,31,"Prolixibacteraceae","Bacteroidota"
"Bin52","D0","DL",5.32897190640934e-05,0.00532897190640934,64,"Prolixibacteraceae","Bacteroidota"
"Bin52","D0","DR",0.000835168081898583,0.0835168081898583,48,"Prolixibacteraceae","Bacteroidota"
"Bin52","D0","HoS",0.000138798812395996,0.0138798812395996,47,"Prolixibacteraceae","Bacteroidota"
"Bin52","D1","DL",0.00404830951920136,0.404830951920136,17,"Prolixibacteraceae","Bacteroidota"
"Bin52","D1","DR",0.000107442343282741,0.0107442343282741,83,"Prolixibacteraceae","Bacteroidota"
"Bin52","D1","HoS",6.70068446322651e-05,0.00670068446322651,58,"Prolixibacteraceae","Bacteroidota"
"Bin52","D3","DL",0,0,11,"Prolixibacteraceae","Bacteroidota"
"Bin52","D3","DR",0.000429841172594417,0.0429841172594417,22,"Prolixibacteraceae","Bacteroidota"
"Bin52","D3","HoS",0.00036253245871006,0.036253245871006,28,"Prolixibacteraceae","Bacteroidota"
"Bin52","D5","DL",0,0,17,"Prolixibacteraceae","Bacteroidota"
"Bin52","D5","DR",0,0,85,"Prolixibacteraceae","Bacteroidota"
"Bin52","D5","HoS",3.4126359963979e-05,0.0034126359963979,45,"Prolixibacteraceae","Bacteroidota"
"Bin52","D6","DL",0,0,27,"Prolixibacteraceae","Bacteroidota"
"Bin52","D6","DR",0.000183993117247877,0.0183993117247877,35,"Prolixibacteraceae","Bacteroidota"
"Bin52","D6","HoS",7.74420645095443e-05,0.00774420645095443,37,"Prolixibacteraceae","Bacteroidota"
"Bin52","D7","DL",0,0,26,"Prolixibacteraceae","Bacteroidota"
"Bin52","D7","DR",0.00023909991675527,0.023909991675527,21,"Prolixibacteraceae","Bacteroidota"
"Bin52","D7","HoS",0.000421195820886588,0.0421195820886588,22,"Prolixibacteraceae","Bacteroidota"
"Bin53","D0","DL",0,0,67,"Prolixibacteraceae","Bacteroidota"
"Bin53","D0","DR",0.000104293624582275,0.0104293624582275,85,"Prolixibacteraceae","Bacteroidota"
"Bin53","D0","HoS",0.00163469837810337,0.163469837810337,26,"Prolixibacteraceae","Bacteroidota"
"Bin53","D1","DL",0.000486389101636836,0.0486389101636836,43,"Prolixibacteraceae","Bacteroidota"
"Bin53","D1","DR",0.000592696246655831,0.0592696246655831,30,"Prolixibacteraceae","Bacteroidota"
"Bin53","D1","HoS",0.00214434868132039,0.214434868132039,26,"Prolixibacteraceae","Bacteroidota"
"Bin53","D3","DL",0,0,11,"Prolixibacteraceae","Bacteroidota"
"Bin53","D3","DR",0,0,102,"Prolixibacteraceae","Bacteroidota"
"Bin53","D3","HoS",0.00307759769757597,0.307759769757597,13,"Prolixibacteraceae","Bacteroidota"
"Bin53","D5","DL",0,0,17,"Prolixibacteraceae","Bacteroidota"
"Bin53","D5","DR",0,0,85,"Prolixibacteraceae","Bacteroidota"
"Bin53","D5","HoS",0.000306953715520599,0.0306953715520599,28,"Prolixibacteraceae","Bacteroidota"
"Bin53","D6","DL",0,0,27,"Prolixibacteraceae","Bacteroidota"
"Bin53","D6","DR",3.50782767672792e-05,0.00350782767672792,49,"Prolixibacteraceae","Bacteroidota"
"Bin53","D6","HoS",0.00104775352346973,0.104775352346973,18,"Prolixibacteraceae","Bacteroidota"
"Bin53","D7","DL",0,0,26,"Prolixibacteraceae","Bacteroidota"
"Bin53","D7","DR",9.97912047032302e-05,0.00997912047032302,32,"Prolixibacteraceae","Bacteroidota"
"Bin53","D7","HoS",0.00644823067638364,0.644823067638364,10,"Prolixibacteraceae","Bacteroidota"
"Bin54","D0","DL",0,0,67,"Prolixibacteraceae","Bacteroidota"
"Bin54","D0","DR",0,0,99,"Prolixibacteraceae","Bacteroidota"
"Bin54","D0","HoS",0.00257918175896688,0.257918175896688,19,"Prolixibacteraceae","Bacteroidota"
"Bin54","D1","DL",0,0,74,"Prolixibacteraceae","Bacteroidota"
"Bin54","D1","DR",0,0,102,"Prolixibacteraceae","Bacteroidota"
"Bin54","D1","HoS",0.00300871053284472,0.300871053284472,22,"Prolixibacteraceae","Bacteroidota"
"Bin54","D3","DL",0,0,11,"Prolixibacteraceae","Bacteroidota"
"Bin54","D3","DR",0,0,102,"Prolixibacteraceae","Bacteroidota"
"Bin54","D3","HoS",0.0273121649786819,2.73121649786819,3,"Prolixibacteraceae","Bacteroidota"
"Bin54","D5","DL",0,0,17,"Prolixibacteraceae","Bacteroidota"
"Bin54","D5","DR",0,0,85,"Prolixibacteraceae","Bacteroidota"
"Bin54","D5","HoS",0.0320310343544554,3.20310343544554,3,"Prolixibacteraceae","Bacteroidota"
"Bin54","D6","DL",0,0,27,"Prolixibacteraceae","Bacteroidota"
"Bin54","D6","DR",0,0,95,"Prolixibacteraceae","Bacteroidota"
"Bin54","D6","HoS",0.0659106264769272,6.59106264769272,4,"Prolixibacteraceae","Bacteroidota"
"Bin54","D7","DL",0,0,26,"Prolixibacteraceae","Bacteroidota"
"Bin54","D7","DR",0.00303144520971657,0.303144520971657,11,"Prolixibacteraceae","Bacteroidota"
"Bin54","D7","HoS",0.0783393517168692,7.83393517168692,2,"Prolixibacteraceae","Bacteroidota"
"Bin55","D0","DL",0,0,67,"Prolixibacteraceae","Bacteroidota"
"Bin55","D0","DR",8.42378737681804e-05,0.00842378737681804,86,"Prolixibacteraceae","Bacteroidota"
"Bin55","D0","HoS",0,0,66,"Prolixibacteraceae","Bacteroidota"
"Bin55","D1","DL",0.000117856509288549,0.0117856509288549,62,"Prolixibacteraceae","Bacteroidota"
"Bin55","D1","DR",0.000464522605298804,0.0464522605298804,36,"Prolixibacteraceae","Bacteroidota"
"Bin55","D1","HoS",0,0,82,"Prolixibacteraceae","Bacteroidota"
"Bin55","D3","DL",0,0,11,"Prolixibacteraceae","Bacteroidota"
"Bin55","D3","DR",0.000591866585713844,0.0591866585713844,17,"Prolixibacteraceae","Bacteroidota"
"Bin55","D3","HoS",6.51430007064462e-06,0.000651430007064462,63,"Prolixibacteraceae","Bacteroidota"
"Bin55","D5","DL",0,0,17,"Prolixibacteraceae","Bacteroidota"
"Bin55","D5","DR",0.000330843120768892,0.0330843120768892,19,"Prolixibacteraceae","Bacteroidota"
"Bin55","D5","HoS",3.75682410904755e-06,0.000375682410904755,50,"Prolixibacteraceae","Bacteroidota"
"Bin55","D6","DL",8.58475960744943e-06,0.000858475960744943,23,"Prolixibacteraceae","Bacteroidota"
"Bin55","D6","DR",0.000708696971262266,0.0708696971262266,21,"Prolixibacteraceae","Bacteroidota"
"Bin55","D6","HoS",5.03151575355035e-05,0.00503151575355035,43,"Prolixibacteraceae","Bacteroidota"
"Bin55","D7","DL",1.62539016550955e-05,0.00162539016550955,18,"Prolixibacteraceae","Bacteroidota"
"Bin55","D7","DR",0.000382156873402803,0.0382156873402803,18,"Prolixibacteraceae","Bacteroidota"
"Bin55","D7","HoS",0.000426042040585738,0.0426042040585738,21,"Prolixibacteraceae","Bacteroidota"
"Bin56","D0","DL",0,0,67,"Prolixibacteraceae","Bacteroidota"
"Bin56","D0","DR",0.00204013744002011,0.204013744002011,25,"Prolixibacteraceae","Bacteroidota"
"Bin56","D0","HoS",0.0172036287175767,1.72036287175767,3,"Prolixibacteraceae","Bacteroidota"
"Bin56","D1","DL",0.0184479871398899,1.84479871398899,4,"Prolixibacteraceae","Bacteroidota"
"Bin56","D1","DR",0.000328887890175183,0.0328887890175183,48,"Prolixibacteraceae","Bacteroidota"
"Bin56","D1","HoS",0.0254559811247651,2.54559811247651,8,"Prolixibacteraceae","Bacteroidota"
"Bin56","D3","DL",0,0,11,"Prolixibacteraceae","Bacteroidota"
"Bin56","D3","DR",0.00502318921069606,0.502318921069606,6,"Prolixibacteraceae","Bacteroidota"
"Bin56","D3","HoS",0,0,94,"Prolixibacteraceae","Bacteroidota"
"Bin56","D5","DL",0,0,17,"Prolixibacteraceae","Bacteroidota"
"Bin56","D5","DR",4.0701419161084e-05,0.0040701419161084,42,"Prolixibacteraceae","Bacteroidota"
"Bin56","D5","HoS",1.69251928347928e-06,0.000169251928347928,57,"Prolixibacteraceae","Bacteroidota"
"Bin56","D6","DL",0,0,27,"Prolixibacteraceae","Bacteroidota"
"Bin56","D6","DR",0.00129045581726795,0.129045581726795,15,"Prolixibacteraceae","Bacteroidota"
"Bin56","D6","HoS",4.00572682199619e-06,0.000400572682199619,54,"Prolixibacteraceae","Bacteroidota"
"Bin56","D7","DL",0,0,26,"Prolixibacteraceae","Bacteroidota"
"Bin56","D7","DR",0.00253770084269053,0.253770084269053,12,"Prolixibacteraceae","Bacteroidota"
"Bin56","D7","HoS",0.000213676077069155,0.0213676077069155,23,"Prolixibacteraceae","Bacteroidota"
"Bin57","D0","DL",0.0242036257270876,2.42036257270876,3,"Bacteroidetes_vadinHA17","Bacteroidota"
"Bin57","D0","DR",0.0178079988831746,1.78079988831746,5,"Bacteroidetes_vadinHA17","Bacteroidota"
"Bin57","D0","HoS",0,0,66,"Bacteroidetes_vadinHA17","Bacteroidota"
"Bin57","D1","DL",0,0,74,"Bacteroidetes_vadinHA17","Bacteroidota"
"Bin57","D1","DR",0.00365756094361924,0.365756094361924,7,"Bacteroidetes_vadinHA17","Bacteroidota"
"Bin57","D1","HoS",0.00206816044424614,0.206816044424614,28,"Bacteroidetes_vadinHA17","Bacteroidota"
"Bin57","D3","DL",0,0,11,"Bacteroidetes_vadinHA17","Bacteroidota"
"Bin57","D3","DR",0,0,102,"Bacteroidetes_vadinHA17","Bacteroidota"
"Bin57","D3","HoS",6.15228824517793e-07,6.15228824517793e-05,85,"Bacteroidetes_vadinHA17","Bacteroidota"
"Bin57","D5","DL",0,0,17,"Bacteroidetes_vadinHA17","Bacteroidota"
"Bin57","D5","DR",0,0,85,"Bacteroidetes_vadinHA17","Bacteroidota"
"Bin57","D5","HoS",0,0,70,"Bacteroidetes_vadinHA17","Bacteroidota"
"Bin57","D6","DL",0,0,27,"Bacteroidetes_vadinHA17","Bacteroidota"
"Bin57","D6","DR",0,0,95,"Bacteroidetes_vadinHA17","Bacteroidota"
"Bin57","D6","HoS",0,0,83,"Bacteroidetes_vadinHA17","Bacteroidota"
"Bin57","D7","DL",0,0,26,"Bacteroidetes_vadinHA17","Bacteroidota"
"Bin57","D7","DR",1.77818035144523e-06,0.000177818035144523,78,"Bacteroidetes_vadinHA17","Bacteroidota"
"Bin57","D7","HoS",0,0,73,"Bacteroidetes_vadinHA17","Bacteroidota"
"Bin58","D0","DL",0.000655554260474846,0.0655554260474846,52,"Marinilabiliaceae","Bacteroidota"
"Bin58","D0","DR",0.00085259850664884,0.085259850664884,45,"Marinilabiliaceae","Bacteroidota"
"Bin58","D0","HoS",0,0,66,"Marinilabiliaceae","Bacteroidota"
"Bin58","D1","DL",0.00127854192659403,0.127854192659403,29,"Marinilabiliaceae","Bacteroidota"
"Bin58","D1","DR",0.000239089708401855,0.0239089708401855,60,"Marinilabiliaceae","Bacteroidota"
"Bin58","D1","HoS",0,0,82,"Marinilabiliaceae","Bacteroidota"
"Bin58","D3","DL",0,0,11,"Marinilabiliaceae","Bacteroidota"
"Bin58","D3","DR",4.21796267079739e-06,0.000421796267079739,83,"Marinilabiliaceae","Bacteroidota"
"Bin58","D3","HoS",1.53396036803572e-07,1.53396036803572e-05,92,"Marinilabiliaceae","Bacteroidota"
"Bin58","D5","DL",0,0,17,"Marinilabiliaceae","Bacteroidota"
"Bin58","D5","DR",0,0,85,"Marinilabiliaceae","Bacteroidota"
"Bin58","D5","HoS",0,0,70,"Marinilabiliaceae","Bacteroidota"
"Bin58","D6","DL",0,0,27,"Marinilabiliaceae","Bacteroidota"
"Bin58","D6","DR",0,0,95,"Marinilabiliaceae","Bacteroidota"
"Bin58","D6","HoS",0,0,83,"Marinilabiliaceae","Bacteroidota"
"Bin58","D7","DL",0,0,26,"Marinilabiliaceae","Bacteroidota"
"Bin58","D7","DR",0,0,95,"Marinilabiliaceae","Bacteroidota"
"Bin58","D7","HoS",0,0,73,"Marinilabiliaceae","Bacteroidota"
"Bin59","D0","DL",0.00601591500278135,0.601591500278135,12,"Marinilabiliaceae","Bacteroidota"
"Bin59","D0","DR",0.00180427957908713,0.180427957908713,29,"Marinilabiliaceae","Bacteroidota"
"Bin59","D0","HoS",0,0,66,"Marinilabiliaceae","Bacteroidota"
"Bin59","D1","DL",0.00250458661494747,0.250458661494747,21,"Marinilabiliaceae","Bacteroidota"
"Bin59","D1","DR",0.00105684381761148,0.105684381761148,17,"Marinilabiliaceae","Bacteroidota"
"Bin59","D1","HoS",0.000547822440986804,0.0547822440986804,42,"Marinilabiliaceae","Bacteroidota"
"Bin59","D3","DL",0.000174032054773577,0.0174032054773577,3,"Marinilabiliaceae","Bacteroidota"
"Bin59","D3","DR",0.000162546999753427,0.0162546999753427,32,"Marinilabiliaceae","Bacteroidota"
"Bin59","D3","HoS",4.69327981809757e-05,0.00469327981809757,43,"Marinilabiliaceae","Bacteroidota"
"Bin59","D5","DL",0,0,17,"Marinilabiliaceae","Bacteroidota"
"Bin59","D5","DR",0.000128402684174201,0.0128402684174201,32,"Marinilabiliaceae","Bacteroidota"
"Bin59","D5","HoS",7.55616501889356e-05,0.00755616501889356,39,"Marinilabiliaceae","Bacteroidota"
"Bin59","D6","DL",0.000378895127181786,0.0378895127181786,7,"Marinilabiliaceae","Bacteroidota"
"Bin59","D6","DR",3.0998644949294e-05,0.0030998644949294,50,"Marinilabiliaceae","Bacteroidota"
"Bin59","D6","HoS",0.000123258172047687,0.0123258172047687,35,"Marinilabiliaceae","Bacteroidota"
"Bin59","D7","DL",0,0,26,"Marinilabiliaceae","Bacteroidota"
"Bin59","D7","DR",4.33391812973713e-05,0.00433391812973713,37,"Marinilabiliaceae","Bacteroidota"
"Bin59","D7","HoS",1.10412278780766e-05,0.00110412278780766,39,"Marinilabiliaceae","Bacteroidota"
"Bin60","D0","DL",0.000650495496219583,0.0650495496219583,53,"Lentimicrobiaceae","Bacteroidota"
"Bin60","D0","DR",0.000349450564462385,0.0349450564462385,72,"Lentimicrobiaceae","Bacteroidota"
"Bin60","D0","HoS",0,0,66,"Lentimicrobiaceae","Bacteroidota"
"Bin60","D1","DL",0.000480773749971392,0.0480773749971392,44,"Lentimicrobiaceae","Bacteroidota"
"Bin60","D1","DR",0.000362886784438717,0.0362886784438717,45,"Lentimicrobiaceae","Bacteroidota"
"Bin60","D1","HoS",0,0,82,"Lentimicrobiaceae","Bacteroidota"
"Bin60","D3","DL",0,0,11,"Lentimicrobiaceae","Bacteroidota"
"Bin60","D3","DR",8.52718379870687e-06,0.000852718379870687,74,"Lentimicrobiaceae","Bacteroidota"
"Bin60","D3","HoS",1.53435407782416e-07,1.53435407782416e-05,91,"Lentimicrobiaceae","Bacteroidota"
"Bin60","D5","DL",0,0,17,"Lentimicrobiaceae","Bacteroidota"
"Bin60","D5","DR",0,0,85,"Lentimicrobiaceae","Bacteroidota"
"Bin60","D5","HoS",0,0,70,"Lentimicrobiaceae","Bacteroidota"
"Bin60","D6","DL",0,0,27,"Lentimicrobiaceae","Bacteroidota"
"Bin60","D6","DR",0,0,95,"Lentimicrobiaceae","Bacteroidota"
"Bin60","D6","HoS",0,0,83,"Lentimicrobiaceae","Bacteroidota"
"Bin60","D7","DL",0,0,26,"Lentimicrobiaceae","Bacteroidota"
"Bin60","D7","DR",0,0,95,"Lentimicrobiaceae","Bacteroidota"
"Bin60","D7","HoS",0,0,73,"Lentimicrobiaceae","Bacteroidota"
"Bin61","D0","DL",0.00365290850970267,0.365290850970267,22,"Lentimicrobiaceae","Bacteroidota"
"Bin61","D0","DR",0.00245176850980499,0.245176850980499,19,"Lentimicrobiaceae","Bacteroidota"
"Bin61","D0","HoS",0,0,66,"Lentimicrobiaceae","Bacteroidota"
"Bin61","D1","DL",0.00414576351132901,0.414576351132901,16,"Lentimicrobiaceae","Bacteroidota"
"Bin61","D1","DR",0.000681192567726128,0.0681192567726128,27,"Lentimicrobiaceae","Bacteroidota"
"Bin61","D1","HoS",5.96048025072425e-05,0.00596048025072425,60,"Lentimicrobiaceae","Bacteroidota"
"Bin61","D3","DL",0,0,11,"Lentimicrobiaceae","Bacteroidota"
"Bin61","D3","DR",1.89684768026163e-06,0.000189684768026163,87,"Lentimicrobiaceae","Bacteroidota"
"Bin61","D3","HoS",4.10771154122986e-06,0.000410771154122986,71,"Lentimicrobiaceae","Bacteroidota"
"Bin61","D5","DL",0,0,17,"Lentimicrobiaceae","Bacteroidota"
"Bin61","D5","DR",0,0,85,"Lentimicrobiaceae","Bacteroidota"
"Bin61","D5","HoS",0,0,70,"Lentimicrobiaceae","Bacteroidota"
"Bin61","D6","DL",0,0,27,"Lentimicrobiaceae","Bacteroidota"
"Bin61","D6","DR",4.59530910846208e-07,4.59530910846208e-05,92,"Lentimicrobiaceae","Bacteroidota"
"Bin61","D6","HoS",0,0,83,"Lentimicrobiaceae","Bacteroidota"
"Bin61","D7","DL",0,0,26,"Lentimicrobiaceae","Bacteroidota"
"Bin61","D7","DR",9.20725531718995e-06,0.000920725531718995,64,"Lentimicrobiaceae","Bacteroidota"
"Bin61","D7","HoS",0,0,73,"Lentimicrobiaceae","Bacteroidota"
"Bin62","D0","DL",0.00282862630036521,0.282862630036521,27,"uncultured_bacterium","Bacteroidota"
"Bin62","D0","DR",0.00323029925381427,0.323029925381427,14,"uncultured_bacterium","Bacteroidota"
"Bin62","D0","HoS",0,0,66,"uncultured_bacterium","Bacteroidota"
"Bin62","D1","DL",0.00529852078731404,0.529852078731404,13,"uncultured_bacterium","Bacteroidota"
"Bin62","D1","DR",0.000259103292874795,0.0259103292874795,57,"uncultured_bacterium","Bacteroidota"
"Bin62","D1","HoS",0.000616045805696575,0.0616045805696575,41,"uncultured_bacterium","Bacteroidota"
"Bin62","D3","DL",0,0,11,"uncultured_bacterium","Bacteroidota"
"Bin62","D3","DR",0.000175815241157993,0.0175815241157993,31,"uncultured_bacterium","Bacteroidota"
"Bin62","D3","HoS",1.82664524782402e-05,0.00182664524782402,55,"uncultured_bacterium","Bacteroidota"
"Bin62","D5","DL",0,0,17,"uncultured_bacterium","Bacteroidota"
"Bin62","D5","DR",3.1833461493784e-05,0.0031833461493784,46,"uncultured_bacterium","Bacteroidota"
"Bin62","D5","HoS",1.50285858155196e-07,1.50285858155196e-05,69,"uncultured_bacterium","Bacteroidota"
"Bin62","D6","DL",0,0,27,"uncultured_bacterium","Bacteroidota"
"Bin62","D6","DR",1.77303293679432e-06,0.000177303293679432,78,"uncultured_bacterium","Bacteroidota"
"Bin62","D6","HoS",1.19331455988574e-07,1.19331455988574e-05,74,"uncultured_bacterium","Bacteroidota"
"Bin62","D7","DL",0,0,26,"uncultured_bacterium","Bacteroidota"
"Bin62","D7","DR",2.43732907612384e-06,0.000243732907612384,75,"uncultured_bacterium","Bacteroidota"
"Bin62","D7","HoS",6.48592353425283e-08,6.48592353425283e-06,67,"uncultured_bacterium","Bacteroidota"
"Bin63","D0","DL",0.00114437696203093,0.114437696203093,45,"uncultured_bacterium","Patescibacteria"
"Bin63","D0","DR",0.000281161869142771,0.0281161869142771,75,"uncultured_bacterium","Patescibacteria"
"Bin63","D0","HoS",0,0,66,"uncultured_bacterium","Patescibacteria"
"Bin63","D1","DL",4.49545503079478e-06,0.000449545503079478,73,"uncultured_bacterium","Patescibacteria"
"Bin63","D1","DR",0.000229542287432022,0.0229542287432022,62,"uncultured_bacterium","Patescibacteria"
"Bin63","D1","HoS",2.53213445361999e-06,0.000253213445361999,81,"uncultured_bacterium","Patescibacteria"
"Bin63","D3","DL",0,0,11,"uncultured_bacterium","Patescibacteria"
"Bin63","D3","DR",0,0,102,"uncultured_bacterium","Patescibacteria"
"Bin63","D3","HoS",0,0,94,"uncultured_bacterium","Patescibacteria"
"Bin63","D5","DL",0,0,17,"uncultured_bacterium","Patescibacteria"
"Bin63","D5","DR",0,0,85,"uncultured_bacterium","Patescibacteria"
"Bin63","D5","HoS",0,0,70,"uncultured_bacterium","Patescibacteria"
"Bin63","D6","DL",0,0,27,"uncultured_bacterium","Patescibacteria"
"Bin63","D6","DR",0,0,95,"uncultured_bacterium","Patescibacteria"
"Bin63","D6","HoS",0,0,83,"uncultured_bacterium","Patescibacteria"
"Bin63","D7","DL",0,0,26,"uncultured_bacterium","Patescibacteria"
"Bin63","D7","DR",0,0,95,"uncultured_bacterium","Patescibacteria"
"Bin63","D7","HoS",0,0,73,"uncultured_bacterium","Patescibacteria"
"Bin64","D0","DL",0.00132291963185453,0.132291963185453,41,"uncultured_bacterium","Patescibacteria"
"Bin64","D0","DR",0.00046956409818583,0.046956409818583,62,"uncultured_bacterium","Patescibacteria"
"Bin64","D0","HoS",0.000588669336606625,0.0588669336606625,38,"uncultured_bacterium","Patescibacteria"
"Bin64","D1","DL",8.88095894358571e-05,0.00888095894358571,63,"uncultured_bacterium","Patescibacteria"
"Bin64","D1","DR",0.000382206609220174,0.0382206609220174,42,"uncultured_bacterium","Patescibacteria"
"Bin64","D1","HoS",1.19474485957267e-05,0.00119474485957267,72,"uncultured_bacterium","Patescibacteria"
"Bin64","D3","DL",0,0,11,"uncultured_bacterium","Patescibacteria"
"Bin64","D3","DR",6.89175654027696e-07,6.89175654027696e-05,97,"uncultured_bacterium","Patescibacteria"
"Bin64","D3","HoS",0,0,94,"uncultured_bacterium","Patescibacteria"
"Bin64","D5","DL",0,0,17,"uncultured_bacterium","Patescibacteria"
"Bin64","D5","DR",0,0,85,"uncultured_bacterium","Patescibacteria"
"Bin64","D5","HoS",0,0,70,"uncultured_bacterium","Patescibacteria"
"Bin64","D6","DL",0,0,27,"uncultured_bacterium","Patescibacteria"
"Bin64","D6","DR",0,0,95,"uncultured_bacterium","Patescibacteria"
"Bin64","D6","HoS",0,0,83,"uncultured_bacterium","Patescibacteria"
"Bin64","D7","DL",0,0,26,"uncultured_bacterium","Patescibacteria"
"Bin64","D7","DR",0,0,95,"uncultured_bacterium","Patescibacteria"
"Bin64","D7","HoS",0,0,73,"uncultured_bacterium","Patescibacteria"
"Bin65","D0","DL",0.00130568873182708,0.130568873182708,42,"uncultured_bacterium","Patescibacteria"
"Bin65","D0","DR",0.000350245503673985,0.0350245503673985,71,"uncultured_bacterium","Patescibacteria"
"Bin65","D0","HoS",0.00380824721530719,0.380824721530719,15,"uncultured_bacterium","Patescibacteria"
"Bin65","D1","DL",0.000120611923835675,0.0120611923835675,60,"uncultured_bacterium","Patescibacteria"
"Bin65","D1","DR",0.000303678152398596,0.0303678152398596,51,"uncultured_bacterium","Patescibacteria"
"Bin65","D1","HoS",0.000433219581856456,0.0433219581856456,45,"uncultured_bacterium","Patescibacteria"
"Bin65","D3","DL",0,0,11,"uncultured_bacterium","Patescibacteria"
"Bin65","D3","DR",0,0,102,"uncultured_bacterium","Patescibacteria"
"Bin65","D3","HoS",0,0,94,"uncultured_bacterium","Patescibacteria"
"Bin65","D5","DL",0,0,17,"uncultured_bacterium","Patescibacteria"
"Bin65","D5","DR",0,0,85,"uncultured_bacterium","Patescibacteria"
"Bin65","D5","HoS",0,0,70,"uncultured_bacterium","Patescibacteria"
"Bin65","D6","DL",0,0,27,"uncultured_bacterium","Patescibacteria"
"Bin65","D6","DR",0,0,95,"uncultured_bacterium","Patescibacteria"
"Bin65","D6","HoS",0,0,83,"uncultured_bacterium","Patescibacteria"
"Bin65","D7","DL",0,0,26,"uncultured_bacterium","Patescibacteria"
"Bin65","D7","DR",0,0,95,"uncultured_bacterium","Patescibacteria"
"Bin65","D7","HoS",0,0,73,"uncultured_bacterium","Patescibacteria"
"Bin66","D0","DL",0.00010041261940752,0.010041261940752,63,"uncultured_bacterium","Patescibacteria"
"Bin66","D0","DR",3.04331722121895e-05,0.00304331722121895,94,"uncultured_bacterium","Patescibacteria"
"Bin66","D0","HoS",0.000878578762391621,0.0878578762391621,33,"uncultured_bacterium","Patescibacteria"
"Bin66","D1","DL",0.000181252945386145,0.0181252945386145,57,"uncultured_bacterium","Patescibacteria"
"Bin66","D1","DR",0.000267793949139116,0.0267793949139116,54,"uncultured_bacterium","Patescibacteria"
"Bin66","D1","HoS",2.93098748548833e-05,0.00293098748548833,65,"uncultured_bacterium","Patescibacteria"
"Bin66","D3","DL",8.38362265678137e-05,0.00838362265678137,4,"uncultured_bacterium","Patescibacteria"
"Bin66","D3","DR",3.8648445422681e-05,0.0038648445422681,51,"uncultured_bacterium","Patescibacteria"
"Bin66","D3","HoS",6.36568354405293e-05,0.00636568354405293,40,"uncultured_bacterium","Patescibacteria"
"Bin66","D5","DL",0,0,17,"uncultured_bacterium","Patescibacteria"
"Bin66","D5","DR",0,0,85,"uncultured_bacterium","Patescibacteria"
"Bin66","D5","HoS",0,0,70,"uncultured_bacterium","Patescibacteria"
"Bin66","D6","DL",0,0,27,"uncultured_bacterium","Patescibacteria"
"Bin66","D6","DR",7.18019415244988e-07,7.18019415244988e-05,88,"uncultured_bacterium","Patescibacteria"
"Bin66","D6","HoS",0,0,83,"uncultured_bacterium","Patescibacteria"
"Bin66","D7","DL",1.06828499548643e-05,0.00106828499548643,19,"uncultured_bacterium","Patescibacteria"
"Bin66","D7","DR",1.69344499787493e-05,0.00169344499787493,53,"uncultured_bacterium","Patescibacteria"
"Bin66","D7","HoS",7.26771050884568e-07,7.26771050884568e-05,56,"uncultured_bacterium","Patescibacteria"
"Bin67","D0","DL",0.000619791813148453,0.0619791813148453,54,"uncultured_bacterium","Patescibacteria"
"Bin67","D0","DR",0.000270237196250446,0.0270237196250446,76,"uncultured_bacterium","Patescibacteria"
"Bin67","D0","HoS",0,0,66,"uncultured_bacterium","Patescibacteria"
"Bin67","D1","DL",0,0,74,"uncultured_bacterium","Patescibacteria"
"Bin67","D1","DR",0.000124377264318626,0.0124377264318626,79,"uncultured_bacterium","Patescibacteria"
"Bin67","D1","HoS",0,0,82,"uncultured_bacterium","Patescibacteria"
"Bin67","D3","DL",0,0,11,"uncultured_bacterium","Patescibacteria"
"Bin67","D3","DR",1.46799765120376e-06,0.000146799765120376,89,"uncultured_bacterium","Patescibacteria"
"Bin67","D3","HoS",0,0,94,"uncultured_bacterium","Patescibacteria"
"Bin67","D5","DL",0,0,17,"uncultured_bacterium","Patescibacteria"
"Bin67","D5","DR",0,0,85,"uncultured_bacterium","Patescibacteria"
"Bin67","D5","HoS",0,0,70,"uncultured_bacterium","Patescibacteria"
"Bin67","D6","DL",0,0,27,"uncultured_bacterium","Patescibacteria"
"Bin67","D6","DR",7.25622006880894e-06,0.000725622006880894,69,"uncultured_bacterium","Patescibacteria"
"Bin67","D6","HoS",8.29282293578164e-07,8.29282293578164e-05,66,"uncultured_bacterium","Patescibacteria"
"Bin67","D7","DL",0,0,26,"uncultured_bacterium","Patescibacteria"
"Bin67","D7","DR",1.77339646248728e-06,0.000177339646248728,79,"uncultured_bacterium","Patescibacteria"
"Bin67","D7","HoS",4.66683279601916e-08,4.66683279601916e-06,69,"uncultured_bacterium","Patescibacteria"
"Bin68","D0","DL",0,0,67,"uncultured_bacterium","Cyanobacteria"
"Bin68","D0","DR",9.77521709511066e-07,9.77521709511066e-05,97,"uncultured_bacterium","Cyanobacteria"
"Bin68","D0","HoS",8.14135413338721e-06,0.000814135413338721,59,"uncultured_bacterium","Cyanobacteria"
"Bin68","D1","DL",0.00049330778744428,0.049330778744428,42,"uncultured_bacterium","Cyanobacteria"
"Bin68","D1","DR",3.53355394487144e-05,0.00353355394487144,95,"uncultured_bacterium","Cyanobacteria"
"Bin68","D1","HoS",9.65089356354103e-06,0.000965089356354103,74,"uncultured_bacterium","Cyanobacteria"
"Bin68","D3","DL",0,0,11,"uncultured_bacterium","Cyanobacteria"
"Bin68","D3","DR",0,0,102,"uncultured_bacterium","Cyanobacteria"
"Bin68","D3","HoS",0,0,94,"uncultured_bacterium","Cyanobacteria"
"Bin68","D5","DL",0,0,17,"uncultured_bacterium","Cyanobacteria"
"Bin68","D5","DR",0,0,85,"uncultured_bacterium","Cyanobacteria"
"Bin68","D5","HoS",0,0,70,"uncultured_bacterium","Cyanobacteria"
"Bin68","D6","DL",0,0,27,"uncultured_bacterium","Cyanobacteria"
"Bin68","D6","DR",0,0,95,"uncultured_bacterium","Cyanobacteria"
"Bin68","D6","HoS",0,0,83,"uncultured_bacterium","Cyanobacteria"
"Bin68","D7","DL",0,0,26,"uncultured_bacterium","Cyanobacteria"
"Bin68","D7","DR",0,0,95,"uncultured_bacterium","Cyanobacteria"
"Bin68","D7","HoS",0,0,73,"uncultured_bacterium","Cyanobacteria"
"Bin69","D0","DL",0,0,67,"uncultured_bacterium","Cyanobacteria"
"Bin69","D0","DR",0.00139389267500232,0.139389267500232,33,"uncultured_bacterium","Cyanobacteria"
"Bin69","D0","HoS",0,0,66,"uncultured_bacterium","Cyanobacteria"
"Bin69","D1","DL",0,0,74,"uncultured_bacterium","Cyanobacteria"
"Bin69","D1","DR",0,0,102,"uncultured_bacterium","Cyanobacteria"
"Bin69","D1","HoS",0.0148722171824192,1.48722171824192,11,"uncultured_bacterium","Cyanobacteria"
"Bin69","D3","DL",0,0,11,"uncultured_bacterium","Cyanobacteria"
"Bin69","D3","DR",0,0,102,"uncultured_bacterium","Cyanobacteria"
"Bin69","D3","HoS",0,0,94,"uncultured_bacterium","Cyanobacteria"
"Bin69","D5","DL",0,0,17,"uncultured_bacterium","Cyanobacteria"
"Bin69","D5","DR",1.14459605679028e-06,0.000114459605679028,79,"uncultured_bacterium","Cyanobacteria"
"Bin69","D5","HoS",0,0,70,"uncultured_bacterium","Cyanobacteria"
"Bin69","D6","DL",0,0,27,"uncultured_bacterium","Cyanobacteria"
"Bin69","D6","DR",1.45177287881493e-06,0.000145177287881493,81,"uncultured_bacterium","Cyanobacteria"
"Bin69","D6","HoS",0,0,83,"uncultured_bacterium","Cyanobacteria"
"Bin69","D7","DL",0,0,26,"uncultured_bacterium","Cyanobacteria"
"Bin69","D7","DR",0,0,95,"uncultured_bacterium","Cyanobacteria"
"Bin69","D7","HoS",0,0,73,"uncultured_bacterium","Cyanobacteria"
"Bin70","D0","DL",0.000133110567272703,0.0133110567272703,60,"uncultured_bacterium","Marinimicrobia__(SAR406__clade)"
"Bin70","D0","DR",0.00085899896528082,0.085899896528082,44,"uncultured_bacterium","Marinimicrobia__(SAR406__clade)"
"Bin70","D0","HoS",0,0,66,"uncultured_bacterium","Marinimicrobia__(SAR406__clade)"
"Bin70","D1","DL",0,0,74,"uncultured_bacterium","Marinimicrobia__(SAR406__clade)"
"Bin70","D1","DR",0,0,102,"uncultured_bacterium","Marinimicrobia__(SAR406__clade)"
"Bin70","D1","HoS",0.00319023056834272,0.319023056834272,21,"uncultured_bacterium","Marinimicrobia__(SAR406__clade)"
"Bin70","D3","DL",3.17690413937195e-05,0.00317690413937195,6,"uncultured_bacterium","Marinimicrobia__(SAR406__clade)"
"Bin70","D3","DR",0.00026568027406693,0.026568027406693,23,"uncultured_bacterium","Marinimicrobia__(SAR406__clade)"
"Bin70","D3","HoS",4.35492329987705e-05,0.00435492329987705,46,"uncultured_bacterium","Marinimicrobia__(SAR406__clade)"
"Bin70","D5","DL",0,0,17,"uncultured_bacterium","Marinimicrobia__(SAR406__clade)"
"Bin70","D5","DR",1.6489805420296e-06,0.00016489805420296,75,"uncultured_bacterium","Marinimicrobia__(SAR406__clade)"
"Bin70","D5","HoS",0,0,70,"uncultured_bacterium","Marinimicrobia__(SAR406__clade)"
"Bin70","D6","DL",0,0,27,"uncultured_bacterium","Marinimicrobia__(SAR406__clade)"
"Bin70","D6","DR",0,0,95,"uncultured_bacterium","Marinimicrobia__(SAR406__clade)"
"Bin70","D6","HoS",0,0,83,"uncultured_bacterium","Marinimicrobia__(SAR406__clade)"
"Bin70","D7","DL",0,0,26,"uncultured_bacterium","Marinimicrobia__(SAR406__clade)"
"Bin70","D7","DR",0,0,95,"uncultured_bacterium","Marinimicrobia__(SAR406__clade)"
"Bin70","D7","HoS",0,0,73,"uncultured_bacterium","Marinimicrobia__(SAR406__clade)"
"Bin71","D0","DL",0,0,67,"Shewanellaceae","Proteobacteria"
"Bin71","D0","DR",0.000438960809897352,0.0438960809897352,64,"Shewanellaceae","Proteobacteria"
"Bin71","D0","HoS",0.00160293125353238,0.160293125353238,27,"Shewanellaceae","Proteobacteria"
"Bin71","D1","DL",0,0,74,"Shewanellaceae","Proteobacteria"
"Bin71","D1","DR",0,0,102,"Shewanellaceae","Proteobacteria"
"Bin71","D1","HoS",0,0,82,"Shewanellaceae","Proteobacteria"
"Bin71","D3","DL",0,0,11,"Shewanellaceae","Proteobacteria"
"Bin71","D3","DR",0.00280220317214474,0.280220317214474,8,"Shewanellaceae","Proteobacteria"
"Bin71","D3","HoS",0.00132013313420212,0.132013313420212,20,"Shewanellaceae","Proteobacteria"
"Bin71","D5","DL",0,0,17,"Shewanellaceae","Proteobacteria"
"Bin71","D5","DR",0,0,85,"Shewanellaceae","Proteobacteria"
"Bin71","D5","HoS",0.0145235197360455,1.45235197360455,5,"Shewanellaceae","Proteobacteria"
"Bin71","D6","DL",0.000997446186547739,0.0997446186547739,5,"Shewanellaceae","Proteobacteria"
"Bin71","D6","DR",0.0101764011783227,1.01764011783227,5,"Shewanellaceae","Proteobacteria"
"Bin71","D6","HoS",0.109182338727923,10.9182338727923,3,"Shewanellaceae","Proteobacteria"
"Bin71","D7","DL",0.0182022567046799,1.82022567046799,2,"Shewanellaceae","Proteobacteria"
"Bin71","D7","DR",0.039362620113517,3.9362620113517,3,"Shewanellaceae","Proteobacteria"
"Bin71","D7","HoS",0.0426491027101956,4.26491027101956,5,"Shewanellaceae","Proteobacteria"
"Bin72","D0","DL",0,0,67,"Vibrionaceae","Proteobacteria"
"Bin72","D0","DR",0,0,99,"Vibrionaceae","Proteobacteria"
"Bin72","D0","HoS",0.000238475536773855,0.0238475536773855,44,"Vibrionaceae","Proteobacteria"
"Bin72","D1","DL",0,0,74,"Vibrionaceae","Proteobacteria"
"Bin72","D1","DR",0,0,102,"Vibrionaceae","Proteobacteria"
"Bin72","D1","HoS",6.42179464094181e-06,0.000642179464094181,76,"Vibrionaceae","Proteobacteria"
"Bin72","D3","DL",0,0,11,"Vibrionaceae","Proteobacteria"
"Bin72","D3","DR",0.00025314028953709,0.025314028953709,24,"Vibrionaceae","Proteobacteria"
"Bin72","D3","HoS",0.000802796201975404,0.0802796201975404,22,"Vibrionaceae","Proteobacteria"
"Bin72","D5","DL",0.000219374981107675,0.0219374981107675,7,"Vibrionaceae","Proteobacteria"
"Bin72","D5","DR",0.000281429025261878,0.0281429025261878,21,"Vibrionaceae","Proteobacteria"
"Bin72","D5","HoS",0.00302457414213841,0.302457414213841,14,"Vibrionaceae","Proteobacteria"
"Bin72","D6","DL",0.000354097655812081,0.0354097655812081,8,"Vibrionaceae","Proteobacteria"
"Bin72","D6","DR",0.000189972596665696,0.0189972596665696,34,"Vibrionaceae","Proteobacteria"
"Bin72","D6","HoS",0.00130149378252464,0.130149378252464,16,"Vibrionaceae","Proteobacteria"
"Bin72","D7","DL",0,0,26,"Vibrionaceae","Proteobacteria"
"Bin72","D7","DR",0.000178277664702693,0.0178277664702693,26,"Vibrionaceae","Proteobacteria"
"Bin72","D7","HoS",0.000127113342886592,0.0127113342886592,24,"Vibrionaceae","Proteobacteria"
"Bin73","D0","DL",0,0,67,"Vibrionaceae","Proteobacteria"
"Bin73","D0","DR",7.02200705677192e-05,0.00702200705677192,88,"Vibrionaceae","Proteobacteria"
"Bin73","D0","HoS",0,0,66,"Vibrionaceae","Proteobacteria"
"Bin73","D1","DL",0,0,74,"Vibrionaceae","Proteobacteria"
"Bin73","D1","DR",0,0,102,"Vibrionaceae","Proteobacteria"
"Bin73","D1","HoS",7.54339449989712e-05,0.00754339449989712,57,"Vibrionaceae","Proteobacteria"
"Bin73","D3","DL",0,0,11,"Vibrionaceae","Proteobacteria"
"Bin73","D3","DR",0.051834286096128,5.1834286096128,2,"Vibrionaceae","Proteobacteria"
"Bin73","D3","HoS",0,0,94,"Vibrionaceae","Proteobacteria"
"Bin73","D5","DL",0.0830497441865856,8.30497441865856,1,"Vibrionaceae","Proteobacteria"
"Bin73","D5","DR",0.069041217949203,6.9041217949203,2,"Vibrionaceae","Proteobacteria"
"Bin73","D5","HoS",0.0204579453679366,2.04579453679366,4,"Vibrionaceae","Proteobacteria"
"Bin73","D6","DL",0.00987948568253052,0.987948568253052,2,"Vibrionaceae","Proteobacteria"
"Bin73","D6","DR",0.0193005967860979,1.93005967860979,3,"Vibrionaceae","Proteobacteria"
"Bin73","D6","HoS",3.36046101494465e-06,0.000336046101494465,56,"Vibrionaceae","Proteobacteria"
"Bin73","D7","DL",0.0159514559868775,1.59514559868775,4,"Vibrionaceae","Proteobacteria"
"Bin73","D7","DR",0.0141222469414269,1.41222469414269,4,"Vibrionaceae","Proteobacteria"
"Bin73","D7","HoS",0.00449468780011409,0.449468780011409,15,"Vibrionaceae","Proteobacteria"
"Bin74","D0","DL",0,0,67,"Vibrionaceae","Proteobacteria"
"Bin74","D0","DR",0,0,99,"Vibrionaceae","Proteobacteria"
"Bin74","D0","HoS",5.09212346787689e-06,0.000509212346787689,63,"Vibrionaceae","Proteobacteria"
"Bin74","D1","DL",0,0,74,"Vibrionaceae","Proteobacteria"
"Bin74","D1","DR",0,0,102,"Vibrionaceae","Proteobacteria"
"Bin74","D1","HoS",2.34072892543895e-05,0.00234072892543895,68,"Vibrionaceae","Proteobacteria"
"Bin74","D3","DL",0,0,11,"Vibrionaceae","Proteobacteria"
"Bin74","D3","DR",0,0,102,"Vibrionaceae","Proteobacteria"
"Bin74","D3","HoS",0.0063871947194923,0.63871947194923,6,"Vibrionaceae","Proteobacteria"
"Bin74","D5","DL",0.00020124441407102,0.020124441407102,8,"Vibrionaceae","Proteobacteria"
"Bin74","D5","DR",0.00389251295867881,0.389251295867881,8,"Vibrionaceae","Proteobacteria"
"Bin74","D5","HoS",0.0042222856735189,0.42222856735189,13,"Vibrionaceae","Proteobacteria"
"Bin74","D6","DL",0.0114224505439825,1.14224505439825,1,"Vibrionaceae","Proteobacteria"
"Bin74","D6","DR",0.00129182826326292,0.129182826326292,14,"Vibrionaceae","Proteobacteria"
"Bin74","D6","HoS",0.00171962765853499,0.171962765853499,15,"Vibrionaceae","Proteobacteria"
"Bin74","D7","DL",0,0,26,"Vibrionaceae","Proteobacteria"
"Bin74","D7","DR",0.00126834353427441,0.126834353427441,16,"Vibrionaceae","Proteobacteria"
"Bin74","D7","HoS",8.2489897461811e-05,0.0082489897461811,26,"Vibrionaceae","Proteobacteria"
"Bin75","D0","DL",0,0,67,"Vibrionaceae","Proteobacteria"
"Bin75","D0","DR",3.08566061908046e-05,0.00308566061908046,93,"Vibrionaceae","Proteobacteria"
"Bin75","D0","HoS",0.00147671019808506,0.147671019808506,29,"Vibrionaceae","Proteobacteria"
"Bin75","D1","DL",0,0,74,"Vibrionaceae","Proteobacteria"
"Bin75","D1","DR",6.69106984351635e-05,0.00669106984351635,88,"Vibrionaceae","Proteobacteria"
"Bin75","D1","HoS",0.00111156531362668,0.111156531362668,35,"Vibrionaceae","Proteobacteria"
"Bin75","D3","DL",0,0,11,"Vibrionaceae","Proteobacteria"
"Bin75","D3","DR",0,0,102,"Vibrionaceae","Proteobacteria"
"Bin75","D3","HoS",0.338319614292688,33.8319614292688,1,"Vibrionaceae","Proteobacteria"
"Bin75","D5","DL",0.0124939635468737,1.24939635468737,2,"Vibrionaceae","Proteobacteria"
"Bin75","D5","DR",0.119058761700767,11.9058761700767,1,"Vibrionaceae","Proteobacteria"
"Bin75","D5","HoS",0.218093959032613,21.8093959032613,2,"Vibrionaceae","Proteobacteria"
"Bin75","D6","DL",0.000897125171675703,0.0897125171675703,6,"Vibrionaceae","Proteobacteria"
"Bin75","D6","DR",0.0269744168942278,2.69744168942278,2,"Vibrionaceae","Proteobacteria"
"Bin75","D6","HoS",0.129798685371658,12.9798685371658,2,"Vibrionaceae","Proteobacteria"
"Bin75","D7","DL",0,0,26,"Vibrionaceae","Proteobacteria"
"Bin75","D7","DR",0.00413726811947224,0.413726811947224,10,"Vibrionaceae","Proteobacteria"
"Bin75","D7","HoS",0.0595547249393364,5.95547249393364,3,"Vibrionaceae","Proteobacteria"
"Bin76","D0","DL",0.00174749453786702,0.174749453786702,35,"Rhodocyclaceae","Proteobacteria"
"Bin76","D0","DR",0.000492030953805766,0.0492030953805766,60,"Rhodocyclaceae","Proteobacteria"
"Bin76","D0","HoS",0,0,66,"Rhodocyclaceae","Proteobacteria"
"Bin76","D1","DL",3.02755005408399e-05,0.00302755005408399,70,"Rhodocyclaceae","Proteobacteria"
"Bin76","D1","DR",0.000258496786278353,0.0258496786278353,58,"Rhodocyclaceae","Proteobacteria"
"Bin76","D1","HoS",5.4633809344837e-05,0.0054633809344837,62,"Rhodocyclaceae","Proteobacteria"
"Bin76","D3","DL",0,0,11,"Rhodocyclaceae","Proteobacteria"
"Bin76","D3","DR",1.79047913332027e-05,0.00179047913332027,65,"Rhodocyclaceae","Proteobacteria"
"Bin76","D3","HoS",7.39397596867744e-06,0.000739397596867744,62,"Rhodocyclaceae","Proteobacteria"
"Bin76","D5","DL",0,0,17,"Rhodocyclaceae","Proteobacteria"
"Bin76","D5","DR",3.81948305530949e-05,0.00381948305530949,43,"Rhodocyclaceae","Proteobacteria"
"Bin76","D5","HoS",5.30938640803142e-07,5.30938640803142e-05,59,"Rhodocyclaceae","Proteobacteria"
"Bin76","D6","DL",0,0,27,"Rhodocyclaceae","Proteobacteria"
"Bin76","D6","DR",2.41699919939333e-05,0.00241699919939333,55,"Rhodocyclaceae","Proteobacteria"
"Bin76","D6","HoS",4.37766344152633e-06,0.000437766344152633,53,"Rhodocyclaceae","Proteobacteria"
"Bin76","D7","DL",0.00011608706448845,0.011608706448845,12,"Rhodocyclaceae","Proteobacteria"
"Bin76","D7","DR",7.68259479284333e-05,0.00768259479284333,34,"Rhodocyclaceae","Proteobacteria"
"Bin76","D7","HoS",1.69561764473365e-05,0.00169561764473365,37,"Rhodocyclaceae","Proteobacteria"
"Bin77","D0","DL",0,0,67,"Rhodospirillaceae","Proteobacteria"
"Bin77","D0","DR",0,0,99,"Rhodospirillaceae","Proteobacteria"
"Bin77","D0","HoS",0,0,66,"Rhodospirillaceae","Proteobacteria"
"Bin77","D1","DL",0,0,74,"Rhodospirillaceae","Proteobacteria"
"Bin77","D1","DR",0.00044835362113643,0.044835362113643,37,"Rhodospirillaceae","Proteobacteria"
"Bin77","D1","HoS",0,0,82,"Rhodospirillaceae","Proteobacteria"
"Bin77","D3","DL",0,0,11,"Rhodospirillaceae","Proteobacteria"
"Bin77","D3","DR",0.00053670106539465,0.053670106539465,19,"Rhodospirillaceae","Proteobacteria"
"Bin77","D3","HoS",0.00175671438753673,0.175671438753673,17,"Rhodospirillaceae","Proteobacteria"
"Bin77","D5","DL",0,0,17,"Rhodospirillaceae","Proteobacteria"
"Bin77","D5","DR",0.000722834562436028,0.0722834562436028,12,"Rhodospirillaceae","Proteobacteria"
"Bin77","D5","HoS",0.00426501268293098,0.426501268293098,11,"Rhodospirillaceae","Proteobacteria"
"Bin77","D6","DL",0,0,27,"Rhodospirillaceae","Proteobacteria"
"Bin77","D6","DR",0.000775103912644849,0.0775103912644849,17,"Rhodospirillaceae","Proteobacteria"
"Bin77","D6","HoS",0.000989360684776171,0.0989360684776171,19,"Rhodospirillaceae","Proteobacteria"
"Bin77","D7","DL",0,0,26,"Rhodospirillaceae","Proteobacteria"
"Bin77","D7","DR",4.2851534259652e-05,0.0042851534259652,38,"Rhodospirillaceae","Proteobacteria"
"Bin77","D7","HoS",6.89023579911003e-08,6.89023579911003e-06,66,"Rhodospirillaceae","Proteobacteria"
"Bin78","D0","DL",0,0,67,"Rhodobacteraceae","Proteobacteria"
"Bin78","D0","DR",0.00655036263483766,0.655036263483766,9,"Rhodobacteraceae","Proteobacteria"
"Bin78","D0","HoS",0,0,66,"Rhodobacteraceae","Proteobacteria"
"Bin78","D1","DL",0,0,74,"Rhodobacteraceae","Proteobacteria"
"Bin78","D1","DR",0,0,102,"Rhodobacteraceae","Proteobacteria"
"Bin78","D1","HoS",0,0,82,"Rhodobacteraceae","Proteobacteria"
"Bin78","D3","DL",0,0,11,"Rhodobacteraceae","Proteobacteria"
"Bin78","D3","DR",5.03987744325381e-05,0.00503987744325381,49,"Rhodobacteraceae","Proteobacteria"
"Bin78","D3","HoS",0.000423770680875012,0.0423770680875012,26,"Rhodobacteraceae","Proteobacteria"
"Bin78","D5","DL",0,0,17,"Rhodobacteraceae","Proteobacteria"
"Bin78","D5","DR",0.000180335561629839,0.0180335561629839,29,"Rhodobacteraceae","Proteobacteria"
"Bin78","D5","HoS",0.000336654539877963,0.0336654539877963,27,"Rhodobacteraceae","Proteobacteria"
"Bin78","D6","DL",0,0,27,"Rhodobacteraceae","Proteobacteria"
"Bin78","D6","DR",0.000747463521728525,0.0747463521728525,19,"Rhodobacteraceae","Proteobacteria"
"Bin78","D6","HoS",0.000111630518279203,0.0111630518279203,36,"Rhodobacteraceae","Proteobacteria"
"Bin78","D7","DL",0.00517759098089619,0.517759098089619,6,"Rhodobacteraceae","Proteobacteria"
"Bin78","D7","DR",0.00208441754715862,0.208441754715862,15,"Rhodobacteraceae","Proteobacteria"
"Bin78","D7","HoS",0.00543941367497188,0.543941367497188,13,"Rhodobacteraceae","Proteobacteria"
"Bin79","D0","DL",0.00205740242681282,0.205740242681282,32,"Stappiaceae","Proteobacteria"
"Bin79","D0","DR",0.000807745946421953,0.0807745946421953,49,"Stappiaceae","Proteobacteria"
"Bin79","D0","HoS",3.29947151554666e-05,0.00329947151554666,52,"Stappiaceae","Proteobacteria"
"Bin79","D1","DL",0,0,74,"Stappiaceae","Proteobacteria"
"Bin79","D1","DR",0.000675235910291993,0.0675235910291993,28,"Stappiaceae","Proteobacteria"
"Bin79","D1","HoS",0,0,82,"Stappiaceae","Proteobacteria"
"Bin79","D3","DL",0,0,11,"Stappiaceae","Proteobacteria"
"Bin79","D3","DR",8.60919991525875e-06,0.000860919991525875,73,"Stappiaceae","Proteobacteria"
"Bin79","D3","HoS",1.21700012204733e-06,0.000121700012204733,81,"Stappiaceae","Proteobacteria"
"Bin79","D5","DL",0,0,17,"Stappiaceae","Proteobacteria"
"Bin79","D5","DR",3.6309215288534e-06,0.00036309215288534,65,"Stappiaceae","Proteobacteria"
"Bin79","D5","HoS",1.58856436442886e-07,1.58856436442886e-05,67,"Stappiaceae","Proteobacteria"
"Bin79","D6","DL",0,0,27,"Stappiaceae","Proteobacteria"
"Bin79","D6","DR",6.12867396558915e-06,0.000612867396558915,70,"Stappiaceae","Proteobacteria"
"Bin79","D6","HoS",3.80103720178019e-07,3.80103720178019e-05,69,"Stappiaceae","Proteobacteria"
"Bin79","D7","DL",0.000815546888372686,0.0815546888372686,10,"Stappiaceae","Proteobacteria"
"Bin79","D7","DR",5.03571642748365e-05,0.00503571642748365,36,"Stappiaceae","Proteobacteria"
"Bin79","D7","HoS",1.68627264452058e-06,0.000168627264452058,46,"Stappiaceae","Proteobacteria"
"Bin80","D0","DL",0.00106886292754492,0.106886292754492,47,"uncultured_bacterium","SAR324__clade(Marine__group__B)"
"Bin80","D0","DR",0.00103630907338875,0.103630907338875,38,"uncultured_bacterium","SAR324__clade(Marine__group__B)"
"Bin80","D0","HoS",0,0,66,"uncultured_bacterium","SAR324__clade(Marine__group__B)"
"Bin80","D1","DL",0.000939138746127989,0.0939138746127989,33,"uncultured_bacterium","SAR324__clade(Marine__group__B)"
"Bin80","D1","DR",0.000131303462440959,0.0131303462440959,77,"uncultured_bacterium","SAR324__clade(Marine__group__B)"
"Bin80","D1","HoS",0.00158045595559239,0.158045595559239,32,"uncultured_bacterium","SAR324__clade(Marine__group__B)"
"Bin80","D3","DL",0,0,11,"uncultured_bacterium","SAR324__clade(Marine__group__B)"
"Bin80","D3","DR",6.19811181891694e-06,0.000619811181891694,77,"uncultured_bacterium","SAR324__clade(Marine__group__B)"
"Bin80","D3","HoS",1.83589877978843e-06,0.000183589877978843,79,"uncultured_bacterium","SAR324__clade(Marine__group__B)"
"Bin80","D5","DL",0,0,17,"uncultured_bacterium","SAR324__clade(Marine__group__B)"
"Bin80","D5","DR",0,0,85,"uncultured_bacterium","SAR324__clade(Marine__group__B)"
"Bin80","D5","HoS",0,0,70,"uncultured_bacterium","SAR324__clade(Marine__group__B)"
"Bin80","D6","DL",0,0,27,"uncultured_bacterium","SAR324__clade(Marine__group__B)"
"Bin80","D6","DR",0,0,95,"uncultured_bacterium","SAR324__clade(Marine__group__B)"
"Bin80","D6","HoS",0,0,83,"uncultured_bacterium","SAR324__clade(Marine__group__B)"
"Bin80","D7","DL",0,0,26,"uncultured_bacterium","SAR324__clade(Marine__group__B)"
"Bin80","D7","DR",0,0,95,"uncultured_bacterium","SAR324__clade(Marine__group__B)"
"Bin80","D7","HoS",0,0,73,"uncultured_bacterium","SAR324__clade(Marine__group__B)"
"Bin81","D0","DL",0.00116277758494803,0.116277758494803,44,"Syntrophotalea","Desulfobacterota"
"Bin81","D0","DR",0.000210713560112017,0.0210713560112017,78,"Syntrophotalea","Desulfobacterota"
"Bin81","D0","HoS",0,0,66,"Syntrophotalea","Desulfobacterota"
"Bin81","D1","DL",0,0,74,"Syntrophotalea","Desulfobacterota"
"Bin81","D1","DR",0.00021433128254129,0.021433128254129,64,"Syntrophotalea","Desulfobacterota"
"Bin81","D1","HoS",8.40760095703043e-06,0.000840760095703043,75,"Syntrophotalea","Desulfobacterota"
"Bin81","D3","DL",0,0,11,"Syntrophotalea","Desulfobacterota"
"Bin81","D3","DR",0,0,102,"Syntrophotalea","Desulfobacterota"
"Bin81","D3","HoS",0,0,94,"Syntrophotalea","Desulfobacterota"
"Bin81","D5","DL",0,0,17,"Syntrophotalea","Desulfobacterota"
"Bin81","D5","DR",1.43348623853211e-06,0.000143348623853211,77,"Syntrophotalea","Desulfobacterota"
"Bin81","D5","HoS",0,0,70,"Syntrophotalea","Desulfobacterota"
"Bin81","D6","DL",0,0,27,"Syntrophotalea","Desulfobacterota"
"Bin81","D6","DR",4.34283528430856e-06,0.000434283528430856,73,"Syntrophotalea","Desulfobacterota"
"Bin81","D6","HoS",0,0,83,"Syntrophotalea","Desulfobacterota"
"Bin81","D7","DL",0,0,26,"Syntrophotalea","Desulfobacterota"
"Bin81","D7","DR",8.33620127814749e-06,0.000833620127814749,66,"Syntrophotalea","Desulfobacterota"
"Bin81","D7","HoS",5.66693886771436e-08,5.66693886771436e-06,68,"Syntrophotalea","Desulfobacterota"
"Bin82","D0","DL",0.00589070967191905,0.589070967191905,13,"Desulfobulbaceae","Desulfobacterota"
"Bin82","D0","DR",0.00211031172525749,0.211031172525749,23,"Desulfobulbaceae","Desulfobacterota"
"Bin82","D0","HoS",0,0,66,"Desulfobulbaceae","Desulfobacterota"
"Bin82","D1","DL",2.52276204270014e-05,0.00252276204270014,71,"Desulfobulbaceae","Desulfobacterota"
"Bin82","D1","DR",0.000801797159146021,0.0801797159146021,23,"Desulfobulbaceae","Desulfobacterota"
"Bin82","D1","HoS",0,0,82,"Desulfobulbaceae","Desulfobacterota"
"Bin82","D3","DL",0,0,11,"Desulfobulbaceae","Desulfobacterota"
"Bin82","D3","DR",2.00363106596502e-05,0.00200363106596502,59,"Desulfobulbaceae","Desulfobacterota"
"Bin82","D3","HoS",1.61146890084544e-05,0.00161146890084544,58,"Desulfobulbaceae","Desulfobacterota"
"Bin82","D5","DL",0,0,17,"Desulfobulbaceae","Desulfobacterota"
"Bin82","D5","DR",0,0,85,"Desulfobulbaceae","Desulfobacterota"
"Bin82","D5","HoS",0,0,70,"Desulfobulbaceae","Desulfobacterota"
"Bin82","D6","DL",0,0,27,"Desulfobulbaceae","Desulfobacterota"
"Bin82","D6","DR",1.50650894928794e-06,0.000150650894928794,80,"Desulfobulbaceae","Desulfobacterota"
"Bin82","D6","HoS",0,0,83,"Desulfobulbaceae","Desulfobacterota"
"Bin82","D7","DL",0,0,26,"Desulfobulbaceae","Desulfobacterota"
"Bin82","D7","DR",6.99594235343501e-07,6.99594235343501e-05,93,"Desulfobulbaceae","Desulfobacterota"
"Bin82","D7","HoS",0,0,73,"Desulfobulbaceae","Desulfobacterota"
"Bin83","D0","DL",0.00628969370474665,0.628969370474665,9,"Desulfobacteraceae","Desulfobacterota"
"Bin83","D0","DR",0.00152725257140945,0.152725257140945,32,"Desulfobacteraceae","Desulfobacterota"
"Bin83","D0","HoS",0,0,66,"Desulfobacteraceae","Desulfobacterota"
"Bin83","D1","DL",0.000298271830810641,0.0298271830810641,50,"Desulfobacteraceae","Desulfobacterota"
"Bin83","D1","DR",0.000264062938294053,0.0264062938294053,55,"Desulfobacteraceae","Desulfobacterota"
"Bin83","D1","HoS",0.00255580506906661,0.255580506906661,24,"Desulfobacteraceae","Desulfobacterota"
"Bin83","D3","DL",0,0,11,"Desulfobacteraceae","Desulfobacterota"
"Bin83","D3","DR",1.21671920033526e-06,0.000121671920033526,94,"Desulfobacteraceae","Desulfobacterota"
"Bin83","D3","HoS",4.38927293695528e-06,0.000438927293695528,69,"Desulfobacteraceae","Desulfobacterota"
"Bin83","D5","DL",0,0,17,"Desulfobacteraceae","Desulfobacterota"
"Bin83","D5","DR",1.67181679117058e-06,0.000167181679117058,74,"Desulfobacteraceae","Desulfobacterota"
"Bin83","D5","HoS",0,0,70,"Desulfobacteraceae","Desulfobacterota"
"Bin83","D6","DL",0,0,27,"Desulfobacteraceae","Desulfobacterota"
"Bin83","D6","DR",2.87576342532182e-07,2.87576342532182e-05,93,"Desulfobacteraceae","Desulfobacterota"
"Bin83","D6","HoS",0,0,83,"Desulfobacteraceae","Desulfobacterota"
"Bin83","D7","DL",0,0,26,"Desulfobacteraceae","Desulfobacterota"
"Bin83","D7","DR",0,0,95,"Desulfobacteraceae","Desulfobacterota"
"Bin83","D7","HoS",0,0,73,"Desulfobacteraceae","Desulfobacterota"
"Bin84","D0","DL",0,0,67,"Desulfovibrionaceae","Desulfobacterota"
"Bin84","D0","DR",0.000154321127120789,0.0154321127120789,81,"Desulfovibrionaceae","Desulfobacterota"
"Bin84","D0","HoS",7.48473941388099e-06,0.000748473941388099,60,"Desulfovibrionaceae","Desulfobacterota"
"Bin84","D1","DL",0.000406667814330073,0.0406667814330073,46,"Desulfovibrionaceae","Desulfobacterota"
"Bin84","D1","DR",0.00131985304777635,0.131985304777635,14,"Desulfovibrionaceae","Desulfobacterota"
"Bin84","D1","HoS",2.3793305479612e-05,0.0023793305479612,67,"Desulfovibrionaceae","Desulfobacterota"
"Bin84","D3","DL",1.50132829412106e-05,0.00150132829412106,9,"Desulfovibrionaceae","Desulfobacterota"
"Bin84","D3","DR",0.00201426542704196,0.201426542704196,10,"Desulfovibrionaceae","Desulfobacterota"
"Bin84","D3","HoS",3.06032777494849e-05,0.00306032777494849,51,"Desulfovibrionaceae","Desulfobacterota"
"Bin84","D5","DL",2.82277833849094e-05,0.00282277833849094,11,"Desulfovibrionaceae","Desulfobacterota"
"Bin84","D5","DR",0.0017245437836404,0.17245437836404,10,"Desulfovibrionaceae","Desulfobacterota"
"Bin84","D5","HoS",0.00198854488327113,0.198854488327113,16,"Desulfovibrionaceae","Desulfobacterota"
"Bin84","D6","DL",1.15764880187487e-05,0.00115764880187487,22,"Desulfovibrionaceae","Desulfobacterota"
"Bin84","D6","DR",0.000723329013292301,0.0723329013292301,20,"Desulfovibrionaceae","Desulfobacterota"
"Bin84","D6","HoS",0.000317527282523173,0.0317527282523173,30,"Desulfovibrionaceae","Desulfobacterota"
"Bin84","D7","DL",0,0,26,"Desulfovibrionaceae","Desulfobacterota"
"Bin84","D7","DR",0.00015985104806279,0.015985104806279,28,"Desulfovibrionaceae","Desulfobacterota"
"Bin84","D7","HoS",5.26849579872928e-06,0.000526849579872928,43,"Desulfovibrionaceae","Desulfobacterota"
"Bin85","D0","DL",0,0,67,"Desulfovibrionaceae","Desulfobacterota"
"Bin85","D0","DR",0.00267757637160932,0.267757637160932,17,"Desulfovibrionaceae","Desulfobacterota"
"Bin85","D0","HoS",0,0,66,"Desulfovibrionaceae","Desulfobacterota"
"Bin85","D1","DL",0,0,74,"Desulfovibrionaceae","Desulfobacterota"
"Bin85","D1","DR",0.000506460764168446,0.0506460764168446,34,"Desulfovibrionaceae","Desulfobacterota"
"Bin85","D1","HoS",0,0,82,"Desulfovibrionaceae","Desulfobacterota"
"Bin85","D3","DL",0,0,11,"Desulfovibrionaceae","Desulfobacterota"
"Bin85","D3","DR",0.0075784361908769,0.75784361908769,4,"Desulfovibrionaceae","Desulfobacterota"
"Bin85","D3","HoS",0,0,94,"Desulfovibrionaceae","Desulfobacterota"
"Bin85","D5","DL",0,0,17,"Desulfovibrionaceae","Desulfobacterota"
"Bin85","D5","DR",0.00807028308603423,0.807028308603423,4,"Desulfovibrionaceae","Desulfobacterota"
"Bin85","D5","HoS",0.000759889894515312,0.0759889894515312,23,"Desulfovibrionaceae","Desulfobacterota"
"Bin85","D6","DL",0.00117433958585815,0.117433958585815,4,"Desulfovibrionaceae","Desulfobacterota"
"Bin85","D6","DR",0.00872131341694391,0.872131341694391,6,"Desulfovibrionaceae","Desulfobacterota"
"Bin85","D6","HoS",0.00425868244414541,0.425868244414541,11,"Desulfovibrionaceae","Desulfobacterota"
"Bin85","D7","DL",9.15980714735093e-05,0.00915980714735093,14,"Desulfovibrionaceae","Desulfobacterota"
"Bin85","D7","DR",0.0134383870570807,1.34383870570807,5,"Desulfovibrionaceae","Desulfobacterota"
"Bin85","D7","HoS",0.00534926470482614,0.534926470482614,14,"Desulfovibrionaceae","Desulfobacterota"
"Bin86","D0","DL",0.00112552393583778,0.112552393583778,46,"uncultured_bacterium","Acidobacteriota"
"Bin86","D0","DR",0.00047675036270292,0.047675036270292,61,"uncultured_bacterium","Acidobacteriota"
"Bin86","D0","HoS",0,0,66,"uncultured_bacterium","Acidobacteriota"
"Bin86","D1","DL",0,0,74,"uncultured_bacterium","Acidobacteriota"
"Bin86","D1","DR",0.000112707040092375,0.0112707040092375,80,"uncultured_bacterium","Acidobacteriota"
"Bin86","D1","HoS",0,0,82,"uncultured_bacterium","Acidobacteriota"
"Bin86","D3","DL",0,0,11,"uncultured_bacterium","Acidobacteriota"
"Bin86","D3","DR",0,0,102,"uncultured_bacterium","Acidobacteriota"
"Bin86","D3","HoS",0,0,94,"uncultured_bacterium","Acidobacteriota"
"Bin86","D5","DL",0,0,17,"uncultured_bacterium","Acidobacteriota"
"Bin86","D5","DR",0,0,85,"uncultured_bacterium","Acidobacteriota"
"Bin86","D5","HoS",0,0,70,"uncultured_bacterium","Acidobacteriota"
"Bin86","D6","DL",0,0,27,"uncultured_bacterium","Acidobacteriota"
"Bin86","D6","DR",0,0,95,"uncultured_bacterium","Acidobacteriota"
"Bin86","D6","HoS",0,0,83,"uncultured_bacterium","Acidobacteriota"
"Bin86","D7","DL",0,0,26,"uncultured_bacterium","Acidobacteriota"
"Bin86","D7","DR",6.31774021452238e-06,0.000631774021452238,70,"uncultured_bacterium","Acidobacteriota"
"Bin86","D7","HoS",0,0,73,"uncultured_bacterium","Acidobacteriota"
"Bin87","D0","DL",0.00334339197751837,0.334339197751837,23,"uncultured_bacterium","Acidobacteriota"
"Bin87","D0","DR",0.000779989692359285,0.0779989692359285,51,"uncultured_bacterium","Acidobacteriota"
"Bin87","D0","HoS",0,0,66,"uncultured_bacterium","Acidobacteriota"
"Bin87","D1","DL",0,0,74,"uncultured_bacterium","Acidobacteriota"
"Bin87","D1","DR",0.000235054487678665,0.0235054487678665,61,"uncultured_bacterium","Acidobacteriota"
"Bin87","D1","HoS",0,0,82,"uncultured_bacterium","Acidobacteriota"
"Bin87","D3","DL",0,0,11,"uncultured_bacterium","Acidobacteriota"
"Bin87","D3","DR",2.90836570671106e-06,0.000290836570671106,86,"uncultured_bacterium","Acidobacteriota"
"Bin87","D3","HoS",0,0,94,"uncultured_bacterium","Acidobacteriota"
"Bin87","D5","DL",0,0,17,"uncultured_bacterium","Acidobacteriota"
"Bin87","D5","DR",8.55707383212048e-06,0.000855707383212048,60,"uncultured_bacterium","Acidobacteriota"
"Bin87","D5","HoS",2.36478617584675e-07,2.36478617584675e-05,62,"uncultured_bacterium","Acidobacteriota"
"Bin87","D6","DL",0,0,27,"uncultured_bacterium","Acidobacteriota"
"Bin87","D6","DR",1.19126116587917e-05,0.00119126116587917,62,"uncultured_bacterium","Acidobacteriota"
"Bin87","D6","HoS",1.27245594383415e-06,0.000127245594383415,63,"uncultured_bacterium","Acidobacteriota"
"Bin87","D7","DL",0,0,26,"uncultured_bacterium","Acidobacteriota"
"Bin87","D7","DR",1.02655705763676e-05,0.00102655705763676,61,"uncultured_bacterium","Acidobacteriota"
"Bin87","D7","HoS",7.9308709761795e-07,7.9308709761795e-05,54,"uncultured_bacterium","Acidobacteriota"
"Bin88","D0","DL",0.00617078709361559,0.617078709361559,10,"Synergistaceae","Synergistota"
"Bin88","D0","DR",0.00243481790498446,0.243481790498446,20,"Synergistaceae","Synergistota"
"Bin88","D0","HoS",0,0,66,"Synergistaceae","Synergistota"
"Bin88","D1","DL",0.00045329775382177,0.045329775382177,45,"Synergistaceae","Synergistota"
"Bin88","D1","DR",0.000264037336508087,0.0264037336508087,56,"Synergistaceae","Synergistota"
"Bin88","D1","HoS",0.00250747611732581,0.250747611732581,25,"Synergistaceae","Synergistota"
"Bin88","D3","DL",0,0,11,"Synergistaceae","Synergistota"
"Bin88","D3","DR",3.38041024002892e-05,0.00338041024002892,52,"Synergistaceae","Synergistota"
"Bin88","D3","HoS",4.18542064988187e-06,0.000418542064988187,70,"Synergistaceae","Synergistota"
"Bin88","D5","DL",0,0,17,"Synergistaceae","Synergistota"
"Bin88","D5","DR",2.72593308010192e-06,0.000272593308010192,71,"Synergistaceae","Synergistota"
"Bin88","D5","HoS",2.34596151892366e-07,2.34596151892366e-05,63,"Synergistaceae","Synergistota"
"Bin88","D6","DL",0,0,27,"Synergistaceae","Synergistota"
"Bin88","D6","DR",0,0,95,"Synergistaceae","Synergistota"
"Bin88","D6","HoS",0,0,83,"Synergistaceae","Synergistota"
"Bin88","D7","DL",0,0,26,"Synergistaceae","Synergistota"
"Bin88","D7","DR",7.48525404952244e-07,7.48525404952244e-05,90,"Synergistaceae","Synergistota"
"Bin88","D7","HoS",0,0,73,"Synergistaceae","Synergistota"
"Bin89","D0","DL",0.0592932433145298,5.92932433145298,1,"Clostridiaceae","Firmicutes"
"Bin89","D0","DR",0.0652750685962259,6.52750685962259,2,"Clostridiaceae","Firmicutes"
"Bin89","D0","HoS",0,0,66,"Clostridiaceae","Firmicutes"
"Bin89","D1","DL",0.000762214870352367,0.0762214870352367,36,"Clostridiaceae","Firmicutes"
"Bin89","D1","DR",0.0219643391825802,2.19643391825802,2,"Clostridiaceae","Firmicutes"
"Bin89","D1","HoS",0,0,82,"Clostridiaceae","Firmicutes"
"Bin89","D3","DL",0,0,11,"Clostridiaceae","Firmicutes"
"Bin89","D3","DR",0.000505488566564638,0.0505488566564638,20,"Clostridiaceae","Firmicutes"
"Bin89","D3","HoS",0.00299122507413997,0.299122507413997,14,"Clostridiaceae","Firmicutes"
"Bin89","D5","DL",0,0,17,"Clostridiaceae","Firmicutes"
"Bin89","D5","DR",0.00066105915708895,0.066105915708895,15,"Clostridiaceae","Firmicutes"
"Bin89","D5","HoS",0.00179645025354269,0.179645025354269,19,"Clostridiaceae","Firmicutes"
"Bin89","D6","DL",0,0,27,"Clostridiaceae","Firmicutes"
"Bin89","D6","DR",0.000379905204153769,0.0379905204153769,23,"Clostridiaceae","Firmicutes"
"Bin89","D6","HoS",0.000155506231640286,0.0155506231640286,33,"Clostridiaceae","Firmicutes"
"Bin89","D7","DL",0,0,26,"Clostridiaceae","Firmicutes"
"Bin89","D7","DR",0.000831002744217529,0.0831002744217529,17,"Clostridiaceae","Firmicutes"
"Bin89","D7","HoS",6.43281517968587e-05,0.00643281517968587,27,"Clostridiaceae","Firmicutes"
"Bin90","D0","DL",0.00212275056630232,0.212275056630232,31,"uncultured_bacterium","Firmicutes"
"Bin90","D0","DR",0.00168577056720986,0.168577056720986,30,"uncultured_bacterium","Firmicutes"
"Bin90","D0","HoS",0,0,66,"uncultured_bacterium","Firmicutes"
"Bin90","D1","DL",0.000193108205407543,0.0193108205407543,56,"uncultured_bacterium","Firmicutes"
"Bin90","D1","DR",0.00020420106470441,0.020420106470441,66,"uncultured_bacterium","Firmicutes"
"Bin90","D1","HoS",0.000887440698395145,0.0887440698395145,38,"uncultured_bacterium","Firmicutes"
"Bin90","D3","DL",0,0,11,"uncultured_bacterium","Firmicutes"
"Bin90","D3","DR",1.38245017957947e-06,0.000138245017957947,92,"uncultured_bacterium","Firmicutes"
"Bin90","D3","HoS",9.14756019163325e-07,9.14756019163325e-05,83,"uncultured_bacterium","Firmicutes"
"Bin90","D5","DL",0,0,17,"uncultured_bacterium","Firmicutes"
"Bin90","D5","DR",0,0,85,"uncultured_bacterium","Firmicutes"
"Bin90","D5","HoS",0,0,70,"uncultured_bacterium","Firmicutes"
"Bin90","D6","DL",0,0,27,"uncultured_bacterium","Firmicutes"
"Bin90","D6","DR",1.39101717780528e-06,0.000139101717780528,82,"uncultured_bacterium","Firmicutes"
"Bin90","D6","HoS",3.86209666212613e-08,3.86209666212613e-06,81,"uncultured_bacterium","Firmicutes"
"Bin90","D7","DL",0,0,26,"uncultured_bacterium","Firmicutes"
"Bin90","D7","DR",1.82512495086202e-05,0.00182512495086202,51,"uncultured_bacterium","Firmicutes"
"Bin90","D7","HoS",0,0,73,"uncultured_bacterium","Firmicutes"
"Bin91","D0","DL",0.00200263265130145,0.200263265130145,34,"Erysipelotrichaceae","Firmicutes"
"Bin91","D0","DR",0.00229977902111613,0.229977902111613,21,"Erysipelotrichaceae","Firmicutes"
"Bin91","D0","HoS",0,0,66,"Erysipelotrichaceae","Firmicutes"
"Bin91","D1","DL",0.000119566217322501,0.0119566217322501,61,"Erysipelotrichaceae","Firmicutes"
"Bin91","D1","DR",0.000710364888172229,0.0710364888172229,26,"Erysipelotrichaceae","Firmicutes"
"Bin91","D1","HoS",0,0,82,"Erysipelotrichaceae","Firmicutes"
"Bin91","D3","DL",0,0,11,"Erysipelotrichaceae","Firmicutes"
"Bin91","D3","DR",2.33250116198802e-05,0.00233250116198802,57,"Erysipelotrichaceae","Firmicutes"
"Bin91","D3","HoS",5.49021975416022e-06,0.000549021975416022,67,"Erysipelotrichaceae","Firmicutes"
"Bin91","D5","DL",1.60758243046369e-05,0.00160758243046369,13,"Erysipelotrichaceae","Firmicutes"
"Bin91","D5","DR",0.000136644506589413,0.0136644506589413,31,"Erysipelotrichaceae","Firmicutes"
"Bin91","D5","HoS",0,0,70,"Erysipelotrichaceae","Firmicutes"
"Bin91","D6","DL",9.71973505592839e-05,0.00971973505592839,11,"Erysipelotrichaceae","Firmicutes"
"Bin91","D6","DR",0.000818018330574542,0.0818018330574542,16,"Erysipelotrichaceae","Firmicutes"
"Bin91","D6","HoS",4.80614931612686e-06,0.000480614931612686,52,"Erysipelotrichaceae","Firmicutes"
"Bin91","D7","DL",0,0,26,"Erysipelotrichaceae","Firmicutes"
"Bin91","D7","DR",7.36632772123312e-06,0.000736632772123312,68,"Erysipelotrichaceae","Firmicutes"
"Bin91","D7","HoS",7.91453161699884e-07,7.91453161699884e-05,55,"Erysipelotrichaceae","Firmicutes"
"Bin92","D0","DL",0,0,67,"Izemoplasmataceae","Firmicutes"
"Bin92","D0","DR",0.000792658134971208,0.0792658134971208,50,"Izemoplasmataceae","Firmicutes"
"Bin92","D0","HoS",0,0,66,"Izemoplasmataceae","Firmicutes"
"Bin92","D1","DL",0,0,74,"Izemoplasmataceae","Firmicutes"
"Bin92","D1","DR",0,0,102,"Izemoplasmataceae","Firmicutes"
"Bin92","D1","HoS",0.0181618059681112,1.81618059681112,10,"Izemoplasmataceae","Firmicutes"
"Bin92","D3","DL",0,0,11,"Izemoplasmataceae","Firmicutes"
"Bin92","D3","DR",0,0,102,"Izemoplasmataceae","Firmicutes"
"Bin92","D3","HoS",4.75813253062117e-06,0.000475813253062117,68,"Izemoplasmataceae","Firmicutes"
"Bin92","D5","DL",0,0,17,"Izemoplasmataceae","Firmicutes"
"Bin92","D5","DR",0,0,85,"Izemoplasmataceae","Firmicutes"
"Bin92","D5","HoS",0,0,70,"Izemoplasmataceae","Firmicutes"
"Bin92","D6","DL",0,0,27,"Izemoplasmataceae","Firmicutes"
"Bin92","D6","DR",0,0,95,"Izemoplasmataceae","Firmicutes"
"Bin92","D6","HoS",0,0,83,"Izemoplasmataceae","Firmicutes"
"Bin92","D7","DL",0,0,26,"Izemoplasmataceae","Firmicutes"
"Bin92","D7","DR",0,0,95,"Izemoplasmataceae","Firmicutes"
"Bin92","D7","HoS",0,0,73,"Izemoplasmataceae","Firmicutes"
"Bin93","D0","DL",0.000700505547041851,0.0700505547041851,51,"Exiguobacteraceae","Firmicutes"
"Bin93","D0","DR",0.00389938821995387,0.389938821995387,12,"Exiguobacteraceae","Firmicutes"
"Bin93","D0","HoS",0.000786686639791158,0.0786686639791158,35,"Exiguobacteraceae","Firmicutes"
"Bin93","D1","DL",0,0,74,"Exiguobacteraceae","Firmicutes"
"Bin93","D1","DR",0.000155351716131888,0.0155351716131888,75,"Exiguobacteraceae","Firmicutes"
"Bin93","D1","HoS",4.20207831723796e-06,0.000420207831723796,79,"Exiguobacteraceae","Firmicutes"
"Bin93","D3","DL",0,0,11,"Exiguobacteraceae","Firmicutes"
"Bin93","D3","DR",8.25377667075888e-05,0.00825377667075888,37,"Exiguobacteraceae","Firmicutes"
"Bin93","D3","HoS",8.99092617126169e-05,0.00899092617126169,37,"Exiguobacteraceae","Firmicutes"
"Bin93","D5","DL",0,0,17,"Exiguobacteraceae","Firmicutes"
"Bin93","D5","DR",0.000341089048007209,0.0341089048007209,18,"Exiguobacteraceae","Firmicutes"
"Bin93","D5","HoS",0.000895898553492811,0.0895898553492811,22,"Exiguobacteraceae","Firmicutes"
"Bin93","D6","DL",0.0056872606193889,0.56872606193889,3,"Exiguobacteraceae","Firmicutes"
"Bin93","D6","DR",0.00216699638799939,0.216699638799939,11,"Exiguobacteraceae","Firmicutes"
"Bin93","D6","HoS",0.0406298795967137,4.06298795967137,5,"Exiguobacteraceae","Firmicutes"
"Bin93","D7","DL",0.01799981559329,1.799981559329,3,"Exiguobacteraceae","Firmicutes"
"Bin93","D7","DR",0.0121257668077391,1.21257668077391,6,"Exiguobacteraceae","Firmicutes"
"Bin93","D7","HoS",0.0384673811559091,3.84673811559091,6,"Exiguobacteraceae","Firmicutes"
"Bin94","D0","DL",0,0,67,"Carnobacteriaceae","Firmicutes"
"Bin94","D0","DR",0.0125899665827577,1.25899665827577,8,"Carnobacteriaceae","Firmicutes"
"Bin94","D0","HoS",0,0,66,"Carnobacteriaceae","Firmicutes"
"Bin94","D1","DL",0,0,74,"Carnobacteriaceae","Firmicutes"
"Bin94","D1","DR",0.000824851738486745,0.0824851738486745,22,"Carnobacteriaceae","Firmicutes"
"Bin94","D1","HoS",0,0,82,"Carnobacteriaceae","Firmicutes"
"Bin94","D3","DL",0,0,11,"Carnobacteriaceae","Firmicutes"
"Bin94","D3","DR",2.9331149394521e-05,0.0029331149394521,53,"Carnobacteriaceae","Firmicutes"
"Bin94","D3","HoS",6.07372171242763e-05,0.00607372171242763,41,"Carnobacteriaceae","Firmicutes"
"Bin94","D5","DL",0,0,17,"Carnobacteriaceae","Firmicutes"
"Bin94","D5","DR",2.63062450795966e-05,0.00263062450795966,49,"Carnobacteriaceae","Firmicutes"
"Bin94","D5","HoS",2.69522441882331e-06,0.000269522441882331,53,"Carnobacteriaceae","Firmicutes"
"Bin94","D6","DL",0,0,27,"Carnobacteriaceae","Firmicutes"
"Bin94","D6","DR",0.00242593066575336,0.242593066575336,10,"Carnobacteriaceae","Firmicutes"
"Bin94","D6","HoS",0.000880887998512636,0.0880887998512636,22,"Carnobacteriaceae","Firmicutes"
"Bin94","D7","DL",0.0261457350548855,2.61457350548855,1,"Carnobacteriaceae","Firmicutes"
"Bin94","D7","DR",0.00246654623605814,0.246654623605814,13,"Carnobacteriaceae","Firmicutes"
"Bin94","D7","HoS",0.0316566250465147,3.16566250465147,8,"Carnobacteriaceae","Firmicutes"
"Bin95","D0","DL",0.00313385600925882,0.313385600925882,24,"Peptococcaceae","Firmicutes"
"Bin95","D0","DR",0.00102898082586019,0.102898082586019,39,"Peptococcaceae","Firmicutes"
"Bin95","D0","HoS",0,0,66,"Peptococcaceae","Firmicutes"
"Bin95","D1","DL",0.000268981203756336,0.0268981203756336,53,"Peptococcaceae","Firmicutes"
"Bin95","D1","DR",0.000827869276277831,0.0827869276277831,21,"Peptococcaceae","Firmicutes"
"Bin95","D1","HoS",0,0,82,"Peptococcaceae","Firmicutes"
"Bin95","D3","DL",0,0,11,"Peptococcaceae","Firmicutes"
"Bin95","D3","DR",5.29905412505698e-06,0.000529905412505698,80,"Peptococcaceae","Firmicutes"
"Bin95","D3","HoS",1.52552215122547e-06,0.000152552215122547,80,"Peptococcaceae","Firmicutes"
"Bin95","D5","DL",0,0,17,"Peptococcaceae","Firmicutes"
"Bin95","D5","DR",0,0,85,"Peptococcaceae","Firmicutes"
"Bin95","D5","HoS",0,0,70,"Peptococcaceae","Firmicutes"
"Bin95","D6","DL",0,0,27,"Peptococcaceae","Firmicutes"
"Bin95","D6","DR",6.5462734247484e-07,6.5462734247484e-05,90,"Peptococcaceae","Firmicutes"
"Bin95","D6","HoS",0,0,83,"Peptococcaceae","Firmicutes"
"Bin95","D7","DL",0,0,26,"Peptococcaceae","Firmicutes"
"Bin95","D7","DR",1.45346076268359e-06,0.000145346076268359,82,"Peptococcaceae","Firmicutes"
"Bin95","D7","HoS",0,0,73,"Peptococcaceae","Firmicutes"
"Bin96","D0","DL",0.0012732122469653,0.12732122469653,43,"Oscillospiraceae","Firmicutes"
"Bin96","D0","DR",0.000716940734419041,0.0716940734419041,52,"Oscillospiraceae","Firmicutes"
"Bin96","D0","HoS",0.00303692662234764,0.303692662234764,17,"Oscillospiraceae","Firmicutes"
"Bin96","D1","DL",0.00378442757973383,0.378442757973383,18,"Oscillospiraceae","Firmicutes"
"Bin96","D1","DR",0.00135922658536746,0.135922658536746,12,"Oscillospiraceae","Firmicutes"
"Bin96","D1","HoS",0,0,82,"Oscillospiraceae","Firmicutes"
"Bin96","D3","DL",0,0,11,"Oscillospiraceae","Firmicutes"
"Bin96","D3","DR",0.000564081414773653,0.0564081414773653,18,"Oscillospiraceae","Firmicutes"
"Bin96","D3","HoS",0.000154653354150346,0.0154653354150346,33,"Oscillospiraceae","Firmicutes"
"Bin96","D5","DL",7.41052642868338e-05,0.00741052642868338,10,"Oscillospiraceae","Firmicutes"
"Bin96","D5","DR",0.000251234930602344,0.0251234930602344,23,"Oscillospiraceae","Firmicutes"
"Bin96","D5","HoS",0.000134961417933483,0.0134961417933483,34,"Oscillospiraceae","Firmicutes"
"Bin96","D6","DL",0,0,27,"Oscillospiraceae","Firmicutes"
"Bin96","D6","DR",1.65291065455473e-05,0.00165291065455473,59,"Oscillospiraceae","Firmicutes"
"Bin96","D6","HoS",2.62852861644979e-06,0.000262852861644979,60,"Oscillospiraceae","Firmicutes"
"Bin96","D7","DL",0,0,26,"Oscillospiraceae","Firmicutes"
"Bin96","D7","DR",1.18360506763567e-05,0.00118360506763567,58,"Oscillospiraceae","Firmicutes"
"Bin96","D7","HoS",5.17044419341095e-06,0.000517044419341095,44,"Oscillospiraceae","Firmicutes"
"Bin97","D0","DL",0.000162643364872159,0.0162643364872159,58,"Ethanoligenenaceae","Firmicutes"
"Bin97","D0","DR",0.000333064841549782,0.0333064841549782,73,"Ethanoligenenaceae","Firmicutes"
"Bin97","D0","HoS",6.92895713497378e-05,0.00692895713497378,51,"Ethanoligenenaceae","Firmicutes"
"Bin97","D1","DL",0.000224250444653898,0.0224250444653898,55,"Ethanoligenenaceae","Firmicutes"
"Bin97","D1","DR",0.000337395517981065,0.0337395517981065,47,"Ethanoligenenaceae","Firmicutes"
"Bin97","D1","HoS",0,0,82,"Ethanoligenenaceae","Firmicutes"
"Bin97","D3","DL",0,0,11,"Ethanoligenenaceae","Firmicutes"
"Bin97","D3","DR",1.43632759759846e-06,0.000143632759759846,91,"Ethanoligenenaceae","Firmicutes"
"Bin97","D3","HoS",0,0,94,"Ethanoligenenaceae","Firmicutes"
"Bin97","D5","DL",0,0,17,"Ethanoligenenaceae","Firmicutes"
"Bin97","D5","DR",3.18167356029271e-06,0.000318167356029271,67,"Ethanoligenenaceae","Firmicutes"
"Bin97","D5","HoS",0,0,70,"Ethanoligenenaceae","Firmicutes"
"Bin97","D6","DL",0,0,27,"Ethanoligenenaceae","Firmicutes"
"Bin97","D6","DR",1.30054604678125e-05,0.00130054604678125,61,"Ethanoligenenaceae","Firmicutes"
"Bin97","D6","HoS",5.05674541688917e-07,5.05674541688917e-05,67,"Ethanoligenenaceae","Firmicutes"
"Bin97","D7","DL",1.06119797520005e-05,0.00106119797520005,20,"Ethanoligenenaceae","Firmicutes"
"Bin97","D7","DR",1.58401496270658e-05,0.00158401496270658,55,"Ethanoligenenaceae","Firmicutes"
"Bin97","D7","HoS",0,0,73,"Ethanoligenenaceae","Firmicutes"
"Bin98","D0","DL",1.46681976166804e-05,0.00146681976166804,66,"Bacteroidetes_vadinHA17","Bacteroidota"
"Bin98","D0","DR",0.000180877004052023,0.0180877004052023,79,"Bacteroidetes_vadinHA17","Bacteroidota"
"Bin98","D0","HoS",0,0,66,"Bacteroidetes_vadinHA17","Bacteroidota"
"Bin98","D1","DL",3.78825343616441e-05,0.00378825343616441,68,"Bacteroidetes_vadinHA17","Bacteroidota"
"Bin98","D1","DR",0.000102958161638612,0.0102958161638612,85,"Bacteroidetes_vadinHA17","Bacteroidota"
"Bin98","D1","HoS",9.76221746294069e-05,0.00976221746294069,55,"Bacteroidetes_vadinHA17","Bacteroidota"
"Bin98","D3","DL",0,0,11,"Bacteroidetes_vadinHA17","Bacteroidota"
"Bin98","D3","DR",1.99718137683694e-05,0.00199718137683694,61,"Bacteroidetes_vadinHA17","Bacteroidota"
"Bin98","D3","HoS",3.82545873254722e-07,3.82545873254722e-05,88,"Bacteroidetes_vadinHA17","Bacteroidota"
"Bin98","D5","DL",0,0,17,"Bacteroidetes_vadinHA17","Bacteroidota"
"Bin98","D5","DR",7.38838603956924e-06,0.000738838603956924,61,"Bacteroidetes_vadinHA17","Bacteroidota"
"Bin98","D5","HoS",1.54522007814247e-07,1.54522007814247e-05,68,"Bacteroidetes_vadinHA17","Bacteroidota"
"Bin98","D6","DL",0,0,27,"Bacteroidetes_vadinHA17","Bacteroidota"
"Bin98","D6","DR",7.37940414838984e-06,0.000737940414838984,68,"Bacteroidetes_vadinHA17","Bacteroidota"
"Bin98","D6","HoS",3.95198882601847e-07,3.95198882601847e-05,68,"Bacteroidetes_vadinHA17","Bacteroidota"
"Bin98","D7","DL",9.64847889800477e-08,9.64847889800477e-06,25,"Bacteroidetes_vadinHA17","Bacteroidota"
"Bin98","D7","DR",7.72969912462448e-06,0.000772969912462448,67,"Bacteroidetes_vadinHA17","Bacteroidota"
"Bin98","D7","HoS",8.04261887831682e-07,8.04261887831682e-05,53,"Bacteroidetes_vadinHA17","Bacteroidota"
"Bin99","D0","DL",0,0,67,"Prolixibacteraceae","Bacteroidota"
"Bin99","D0","DR",7.85342292554562e-05,0.00785342292554562,87,"Prolixibacteraceae","Bacteroidota"
"Bin99","D0","HoS",0.000177662172507379,0.0177662172507379,45,"Prolixibacteraceae","Bacteroidota"
"Bin99","D1","DL",0.000838566018539061,0.0838566018539061,35,"Prolixibacteraceae","Bacteroidota"
"Bin99","D1","DR",0.00030721356056754,0.030721356056754,50,"Prolixibacteraceae","Bacteroidota"
"Bin99","D1","HoS",0,0,82,"Prolixibacteraceae","Bacteroidota"
"Bin99","D3","DL",0,0,11,"Prolixibacteraceae","Bacteroidota"
"Bin99","D3","DR",0.000230720313599048,0.0230720313599048,25,"Prolixibacteraceae","Bacteroidota"
"Bin99","D3","HoS",3.63611720267056e-05,0.00363611720267056,50,"Prolixibacteraceae","Bacteroidota"
"Bin99","D5","DL",1.96096008556076e-06,0.000196096008556076,16,"Prolixibacteraceae","Bacteroidota"
"Bin99","D5","DR",0.000120342490539344,0.0120342490539344,33,"Prolixibacteraceae","Bacteroidota"
"Bin99","D5","HoS",1.9936025095886e-05,0.0019936025095886,47,"Prolixibacteraceae","Bacteroidota"
"Bin99","D6","DL",2.72256505014776e-05,0.00272256505014776,18,"Prolixibacteraceae","Bacteroidota"
"Bin99","D6","DR",0.000122300517476785,0.0122300517476785,38,"Prolixibacteraceae","Bacteroidota"
"Bin99","D6","HoS",3.98966026805507e-05,0.00398966026805507,44,"Prolixibacteraceae","Bacteroidota"
"Bin99","D7","DL",0,0,26,"Prolixibacteraceae","Bacteroidota"
"Bin99","D7","DR",7.26494940446891e-05,0.00726494940446891,35,"Prolixibacteraceae","Bacteroidota"
"Bin99","D7","HoS",3.72964066102271e-05,0.00372964066102271,32,"Prolixibacteraceae","Bacteroidota"
"Bin100","D0","DL",0.0154437397631929,1.54437397631929,4,"Fusobacteriaceae","Fusobacteriota"
"Bin100","D0","DR",0.0294705716738997,2.94705716738997,3,"Fusobacteriaceae","Fusobacteriota"
"Bin100","D0","HoS",0.000621492591486921,0.0621492591486921,37,"Fusobacteriaceae","Fusobacteriota"
"Bin100","D1","DL",0.0568942548048797,5.68942548048797,1,"Fusobacteriaceae","Fusobacteriota"
"Bin100","D1","DR",0.0885349770924103,8.85349770924103,1,"Fusobacteriaceae","Fusobacteriota"
"Bin100","D1","HoS",0.0422603283395954,4.22603283395954,3,"Fusobacteriaceae","Fusobacteriota"
"Bin100","D3","DL",0,0,11,"Fusobacteriaceae","Fusobacteriota"
"Bin100","D3","DR",0.112901437197821,11.2901437197821,1,"Fusobacteriaceae","Fusobacteriota"
"Bin100","D3","HoS",0.323074993330754,32.3074993330754,2,"Fusobacteriaceae","Fusobacteriota"
"Bin100","D5","DL",0,0,17,"Fusobacteriaceae","Fusobacteriota"
"Bin100","D5","DR",0.0659001213675158,6.59001213675158,3,"Fusobacteriaceae","Fusobacteriota"
"Bin100","D5","HoS",0.238288347890337,23.8288347890337,1,"Fusobacteriaceae","Fusobacteriota"
"Bin100","D6","DL",0,0,27,"Fusobacteriaceae","Fusobacteriota"
"Bin100","D6","DR",0.104670080376048,10.4670080376048,1,"Fusobacteriaceae","Fusobacteriota"
"Bin100","D6","HoS",0.256298581775384,25.6298581775384,1,"Fusobacteriaceae","Fusobacteriota"
"Bin100","D7","DL",0,0,26,"Fusobacteriaceae","Fusobacteriota"
"Bin100","D7","DR",0.143106690896227,14.3106690896227,1,"Fusobacteriaceae","Fusobacteriota"
"Bin100","D7","HoS",0.116159597544655,11.6159597544655,1,"Fusobacteriaceae","Fusobacteriota"
"Bin101","D0","DL",0,0,67,"Fusobacteriaceae","Fusobacteriota"
"Bin101","D0","DR",0,0,99,"Fusobacteriaceae","Fusobacteriota"
"Bin101","D0","HoS",0.00518359638653229,0.518359638653229,11,"Fusobacteriaceae","Fusobacteriota"
"Bin101","D1","DL",0.000269604560391596,0.0269604560391596,52,"Fusobacteriaceae","Fusobacteriota"
"Bin101","D1","DR",0.000360794478784252,0.0360794478784252,46,"Fusobacteriaceae","Fusobacteriota"
"Bin101","D1","HoS",0.0258186897505121,2.58186897505121,7,"Fusobacteriaceae","Fusobacteriota"
"Bin101","D3","DL",0,0,11,"Fusobacteriaceae","Fusobacteriota"
"Bin101","D3","DR",6.9409600143879e-05,0.0069409600143879,40,"Fusobacteriaceae","Fusobacteriota"
"Bin101","D3","HoS",0.000458874956328161,0.0458874956328161,25,"Fusobacteriaceae","Fusobacteriota"
"Bin101","D5","DL",0,0,17,"Fusobacteriaceae","Fusobacteriota"
"Bin101","D5","DR",0.00105200464461988,0.105200464461988,11,"Fusobacteriaceae","Fusobacteriota"
"Bin101","D5","HoS",0.000537193632448947,0.0537193632448947,25,"Fusobacteriaceae","Fusobacteriota"
"Bin101","D6","DL",0,0,27,"Fusobacteriaceae","Fusobacteriota"
"Bin101","D6","DR",0.00252789996862338,0.252789996862338,9,"Fusobacteriaceae","Fusobacteriota"
"Bin101","D6","HoS",0.00345816816807685,0.345816816807685,12,"Fusobacteriaceae","Fusobacteriota"
"Bin101","D7","DL",0.00126156246478328,0.126156246478328,9,"Fusobacteriaceae","Fusobacteriota"
"Bin101","D7","DR",0.00542773195057244,0.542773195057244,7,"Fusobacteriaceae","Fusobacteriota"
"Bin101","D7","HoS",0.0372564687946593,3.72564687946593,7,"Fusobacteriaceae","Fusobacteriota"
"Bin102","D0","DL",0,0,67,"Dethiosulfatibacteraceae","Firmicutes"
"Bin102","D0","DR",0,0,99,"Dethiosulfatibacteraceae","Firmicutes"
"Bin102","D0","HoS",0.0483314740686,4.83314740686,1,"Dethiosulfatibacteraceae","Firmicutes"
"Bin102","D1","DL",0.0264192840868757,2.64192840868757,2,"Dethiosulfatibacteraceae","Firmicutes"
"Bin102","D1","DR",0.00450625697728236,0.450625697728236,6,"Dethiosulfatibacteraceae","Firmicutes"
"Bin102","D1","HoS",0.020720423564575,2.0720423564575,9,"Dethiosulfatibacteraceae","Firmicutes"
"Bin102","D3","DL",0.000717969137981541,0.0717969137981541,2,"Dethiosulfatibacteraceae","Firmicutes"
"Bin102","D3","DR",0.0211626800057764,2.11626800057764,3,"Dethiosulfatibacteraceae","Firmicutes"
"Bin102","D3","HoS",0.00402673961773553,0.402673961773553,9,"Dethiosulfatibacteraceae","Firmicutes"
"Bin102","D5","DL",0,0,17,"Dethiosulfatibacteraceae","Firmicutes"
"Bin102","D5","DR",0.00637258040166559,0.637258040166559,5,"Dethiosulfatibacteraceae","Firmicutes"
"Bin102","D5","HoS",0.0118286906449912,1.18286906449912,6,"Dethiosulfatibacteraceae","Firmicutes"
"Bin102","D6","DL",0,0,27,"Dethiosulfatibacteraceae","Firmicutes"
"Bin102","D6","DR",0.00715671282871504,0.715671282871504,7,"Dethiosulfatibacteraceae","Firmicutes"
"Bin102","D6","HoS",0.0207465691762006,2.07465691762006,6,"Dethiosulfatibacteraceae","Firmicutes"
"Bin102","D7","DL",0,0,26,"Dethiosulfatibacteraceae","Firmicutes"
"Bin102","D7","DR",0.00454357490143093,0.454357490143093,9,"Dethiosulfatibacteraceae","Firmicutes"
"Bin102","D7","HoS",0.00604992929332896,0.604992929332896,11,"Dethiosulfatibacteraceae","Firmicutes"
"Bin103","D0","DL",0,0,67,"Dethiosulfatibacteraceae","Firmicutes"
"Bin103","D0","DR",0.000594924600232165,0.0594924600232165,55,"Dethiosulfatibacteraceae","Firmicutes"
"Bin103","D0","HoS",8.74356979000057e-06,0.000874356979000057,58,"Dethiosulfatibacteraceae","Firmicutes"
"Bin103","D1","DL",0.00154493351003378,0.154493351003378,26,"Dethiosulfatibacteraceae","Firmicutes"
"Bin103","D1","DR",4.84349939326869e-05,0.00484349939326869,92,"Dethiosulfatibacteraceae","Firmicutes"
"Bin103","D1","HoS",0.00211833457573778,0.211833457573778,27,"Dethiosulfatibacteraceae","Firmicutes"
"Bin103","D3","DL",0,0,11,"Dethiosulfatibacteraceae","Firmicutes"
"Bin103","D3","DR",1.36931091146391e-05,0.00136931091146391,68,"Dethiosulfatibacteraceae","Firmicutes"
"Bin103","D3","HoS",1.99800406020389e-06,0.000199800406020389,77,"Dethiosulfatibacteraceae","Firmicutes"
"Bin103","D5","DL",0,0,17,"Dethiosulfatibacteraceae","Firmicutes"
"Bin103","D5","DR",1.84297825285662e-06,0.000184297825285662,73,"Dethiosulfatibacteraceae","Firmicutes"
"Bin103","D5","HoS",0,0,70,"Dethiosulfatibacteraceae","Firmicutes"
"Bin103","D6","DL",4.30742306455558e-05,0.00430742306455558,16,"Dethiosulfatibacteraceae","Firmicutes"
"Bin103","D6","DR",1.16238836540821e-05,0.00116238836540821,63,"Dethiosulfatibacteraceae","Firmicutes"
"Bin103","D6","HoS",1.23047445260676e-07,1.23047445260676e-05,73,"Dethiosulfatibacteraceae","Firmicutes"
"Bin103","D7","DL",0,0,26,"Dethiosulfatibacteraceae","Firmicutes"
"Bin103","D7","DR",7.54511981650269e-07,7.54511981650269e-05,88,"Dethiosulfatibacteraceae","Firmicutes"
"Bin103","D7","HoS",0,0,73,"Dethiosulfatibacteraceae","Firmicutes"
"Bin104","D0","DL",0,0,67,"Dethiosulfatibacteraceae","Firmicutes"
"Bin104","D0","DR",0,0,99,"Dethiosulfatibacteraceae","Firmicutes"
"Bin104","D0","HoS",0.00638759609594116,0.638759609594116,10,"Dethiosulfatibacteraceae","Firmicutes"
"Bin104","D1","DL",0,0,74,"Dethiosulfatibacteraceae","Firmicutes"
"Bin104","D1","DR",0,0,102,"Dethiosulfatibacteraceae","Firmicutes"
"Bin104","D1","HoS",0.035892126771738,3.5892126771738,5,"Dethiosulfatibacteraceae","Firmicutes"
"Bin104","D3","DL",0,0,11,"Dethiosulfatibacteraceae","Firmicutes"
"Bin104","D3","DR",1.40898100211363e-05,0.00140898100211363,67,"Dethiosulfatibacteraceae","Firmicutes"
"Bin104","D3","HoS",9.98564604174779e-05,0.00998564604174779,36,"Dethiosulfatibacteraceae","Firmicutes"
"Bin104","D5","DL",0,0,17,"Dethiosulfatibacteraceae","Firmicutes"
"Bin104","D5","DR",1.44982167193435e-06,0.000144982167193435,76,"Dethiosulfatibacteraceae","Firmicutes"
"Bin104","D5","HoS",0,0,70,"Dethiosulfatibacteraceae","Firmicutes"
"Bin104","D6","DL",0,0,27,"Dethiosulfatibacteraceae","Firmicutes"
"Bin104","D6","DR",0,0,95,"Dethiosulfatibacteraceae","Firmicutes"
"Bin104","D6","HoS",0,0,83,"Dethiosulfatibacteraceae","Firmicutes"
"Bin104","D7","DL",0,0,26,"Dethiosulfatibacteraceae","Firmicutes"
"Bin104","D7","DR",0,0,95,"Dethiosulfatibacteraceae","Firmicutes"
"Bin104","D7","HoS",0,0,73,"Dethiosulfatibacteraceae","Firmicutes"
"Bin105","D0","DL",0,0,67,"Fermentibacteraceae","Fermentibacterota"
"Bin105","D0","DR",0,0,99,"Fermentibacteraceae","Fermentibacterota"
"Bin105","D0","HoS",0.011503363187456,1.1503363187456,7,"Fermentibacteraceae","Fermentibacterota"
"Bin105","D1","DL",0,0,74,"Fermentibacteraceae","Fermentibacterota"
"Bin105","D1","DR",0,0,102,"Fermentibacteraceae","Fermentibacterota"
"Bin105","D1","HoS",0.00538465542685221,0.538465542685221,19,"Fermentibacteraceae","Fermentibacterota"
"Bin105","D3","DL",0,0,11,"Fermentibacteraceae","Fermentibacterota"
"Bin105","D3","DR",1.45828890844343e-06,0.000145828890844343,90,"Fermentibacteraceae","Fermentibacterota"
"Bin105","D3","HoS",0,0,94,"Fermentibacteraceae","Fermentibacterota"
"Bin105","D5","DL",0,0,17,"Fermentibacteraceae","Fermentibacterota"
"Bin105","D5","DR",0,0,85,"Fermentibacteraceae","Fermentibacterota"
"Bin105","D5","HoS",0,0,70,"Fermentibacteraceae","Fermentibacterota"
"Bin105","D6","DL",0,0,27,"Fermentibacteraceae","Fermentibacterota"
"Bin105","D6","DR",0,0,95,"Fermentibacteraceae","Fermentibacterota"
"Bin105","D6","HoS",0,0,83,"Fermentibacteraceae","Fermentibacterota"
"Bin105","D7","DL",0,0,26,"Fermentibacteraceae","Fermentibacterota"
"Bin105","D7","DR",0,0,95,"Fermentibacteraceae","Fermentibacterota"
"Bin105","D7","HoS",0,0,73,"Fermentibacteraceae","Fermentibacterota"
"Bin106","D0","DL",0.0120407935408672,1.20407935408672,6,"JTB215","Firmicutes"
"Bin106","D0","DR",0.0129181007471027,1.29181007471027,7,"JTB215","Firmicutes"
"Bin106","D0","HoS",0.00222642119282024,0.222642119282024,23,"JTB215","Firmicutes"
"Bin106","D1","DL",0.00226731571466133,0.226731571466133,23,"JTB215","Firmicutes"
"Bin106","D1","DR",0.00670037360388911,0.670037360388911,4,"JTB215","Firmicutes"
"Bin106","D1","HoS",0,0,82,"JTB215","Firmicutes"
"Bin106","D3","DL",0,0,11,"JTB215","Firmicutes"
"Bin106","D3","DR",0.00127819066009441,0.127819066009441,12,"JTB215","Firmicutes"
"Bin106","D3","HoS",0.0016971208463649,0.16971208463649,18,"JTB215","Firmicutes"
"Bin106","D5","DL",0,0,17,"JTB215","Firmicutes"
"Bin106","D5","DR",0.000198703278713495,0.0198703278713495,27,"JTB215","Firmicutes"
"Bin106","D5","HoS",0.00232244056094359,0.232244056094359,15,"JTB215","Firmicutes"
"Bin106","D6","DL",0,0,27,"JTB215","Firmicutes"
"Bin106","D6","DR",0.000256291759958561,0.0256291759958561,30,"JTB215","Firmicutes"
"Bin106","D6","HoS",0.000451602144105222,0.0451602144105222,26,"JTB215","Firmicutes"
"Bin106","D7","DL",0,0,26,"JTB215","Firmicutes"
"Bin106","D7","DR",7.88892395077311e-07,7.88892395077311e-05,87,"JTB215","Firmicutes"
"Bin106","D7","HoS",0,0,73,"JTB215","Firmicutes"
"Bin107","D0","DL",0,0,67,"uncultured","Firmicutes"
"Bin107","D0","DR",0.133989621038099,13.3989621038099,1,"uncultured","Firmicutes"
"Bin107","D0","HoS",0.0158906680276452,1.58906680276452,4,"uncultured","Firmicutes"
"Bin107","D1","DL",0.0165891309341177,1.65891309341177,5,"uncultured","Firmicutes"
"Bin107","D1","DR",0.0137636204801173,1.37636204801173,3,"uncultured","Firmicutes"
"Bin107","D1","HoS",0.0930138092550458,9.30138092550458,1,"uncultured","Firmicutes"
"Bin107","D3","DL",0,0,11,"uncultured","Firmicutes"
"Bin107","D3","DR",0.000972266258978739,0.0972266258978739,14,"uncultured","Firmicutes"
"Bin107","D3","HoS",0.00191425342832509,0.191425342832509,16,"uncultured","Firmicutes"
"Bin107","D5","DL",0,0,17,"uncultured","Firmicutes"
"Bin107","D5","DR",7.5446644133269e-08,7.5446644133269e-06,84,"uncultured","Firmicutes"
"Bin107","D5","HoS",0,0,70,"uncultured","Firmicutes"
"Bin107","D6","DL",0,0,27,"uncultured","Firmicutes"
"Bin107","D6","DR",5.24758391146512e-07,5.24758391146512e-05,91,"uncultured","Firmicutes"
"Bin107","D6","HoS",3.90472800245837e-08,3.90472800245837e-06,80,"uncultured","Firmicutes"
"Bin107","D7","DL",0,0,26,"uncultured","Firmicutes"
"Bin107","D7","DR",1.3009764478208e-06,0.00013009764478208,83,"uncultured","Firmicutes"
"Bin107","D7","HoS",3.51835517779386e-08,3.51835517779386e-06,72,"uncultured","Firmicutes"
"Bin108","D0","DL",0,0,67,"JTB215","Firmicutes"
"Bin108","D0","DR",0,0,99,"JTB215","Firmicutes"
"Bin108","D0","HoS",0.00272921068489182,0.272921068489182,18,"JTB215","Firmicutes"
"Bin108","D1","DL",0,0,74,"JTB215","Firmicutes"
"Bin108","D1","DR",0,0,102,"JTB215","Firmicutes"
"Bin108","D1","HoS",0.00131614146676322,0.131614146676322,33,"JTB215","Firmicutes"
"Bin108","D3","DL",0,0,11,"JTB215","Firmicutes"
"Bin108","D3","DR",0.000182012922761578,0.0182012922761578,30,"JTB215","Firmicutes"
"Bin108","D3","HoS",0.000130977568309016,0.0130977568309016,34,"JTB215","Firmicutes"
"Bin108","D5","DL",0,0,17,"JTB215","Firmicutes"
"Bin108","D5","DR",0.000174349168081366,0.0174349168081366,30,"JTB215","Firmicutes"
"Bin108","D5","HoS",8.59820303767132e-05,0.00859820303767132,37,"JTB215","Firmicutes"
"Bin108","D6","DL",0,0,27,"JTB215","Firmicutes"
"Bin108","D6","DR",6.12362890814745e-05,0.00612362890814745,44,"JTB215","Firmicutes"
"Bin108","D6","HoS",2.80219330577525e-05,0.00280219330577525,46,"JTB215","Firmicutes"
"Bin108","D7","DL",0,0,26,"JTB215","Firmicutes"
"Bin108","D7","DR",0,0,95,"JTB215","Firmicutes"
"Bin108","D7","HoS",0,0,73,"JTB215","Firmicutes"
"Bin109","D0","DL",0,0,67,"livecontrolB21","Firmicutes"
"Bin109","D0","DR",0,0,99,"livecontrolB21","Firmicutes"
"Bin109","D0","HoS",0.0150821236928578,1.50821236928578,6,"livecontrolB21","Firmicutes"
"Bin109","D1","DL",0,0,74,"livecontrolB21","Firmicutes"
"Bin109","D1","DR",0,0,102,"livecontrolB21","Firmicutes"
"Bin109","D1","HoS",0.040775929334161,4.0775929334161,4,"livecontrolB21","Firmicutes"
"Bin109","D3","DL",0,0,11,"livecontrolB21","Firmicutes"
"Bin109","D3","DR",0.000228890968926489,0.0228890968926489,26,"livecontrolB21","Firmicutes"
"Bin109","D3","HoS",0.000804348725313527,0.0804348725313527,21,"livecontrolB21","Firmicutes"
"Bin109","D5","DL",0,0,17,"livecontrolB21","Firmicutes"
"Bin109","D5","DR",0,0,85,"livecontrolB21","Firmicutes"
"Bin109","D5","HoS",1.59557792877208e-07,1.59557792877208e-05,66,"livecontrolB21","Firmicutes"
"Bin109","D6","DL",0,0,27,"livecontrolB21","Firmicutes"
"Bin109","D6","DR",7.51904822363998e-08,7.51904822363998e-06,94,"livecontrolB21","Firmicutes"
"Bin109","D6","HoS",2.29985506827725e-07,2.29985506827725e-05,70,"livecontrolB21","Firmicutes"
"Bin109","D7","DL",0,0,26,"livecontrolB21","Firmicutes"
"Bin109","D7","DR",2.11563605328273e-06,0.000211563605328273,77,"livecontrolB21","Firmicutes"
"Bin109","D7","HoS",0,0,73,"livecontrolB21","Firmicutes"
"Bin110","D0","DL",0.00020101463660503,0.020101463660503,57,"uncultured","Actinobacteriota"
"Bin110","D0","DR",0.000141167932149939,0.0141167932149939,83,"uncultured","Actinobacteriota"
"Bin110","D0","HoS",0.000803141464328435,0.0803141464328435,34,"uncultured","Actinobacteriota"
"Bin110","D1","DL",0.00550058080282038,0.550058080282038,12,"uncultured","Actinobacteriota"
"Bin110","D1","DR",4.89837805638083e-05,0.00489837805638083,91,"uncultured","Actinobacteriota"
"Bin110","D1","HoS",0,0,82,"uncultured","Actinobacteriota"
"Bin110","D3","DL",0,0,11,"uncultured","Actinobacteriota"
"Bin110","D3","DR",4.43886691084689e-06,0.000443886691084689,82,"uncultured","Actinobacteriota"
"Bin110","D3","HoS",6.20270873604782e-07,6.20270873604782e-05,84,"uncultured","Actinobacteriota"
"Bin110","D5","DL",0,0,17,"uncultured","Actinobacteriota"
"Bin110","D5","DR",0,0,85,"uncultured","Actinobacteriota"
"Bin110","D5","HoS",0,0,70,"uncultured","Actinobacteriota"
"Bin110","D6","DL",0,0,27,"uncultured","Actinobacteriota"
"Bin110","D6","DR",8.39799791729652e-07,8.39799791729652e-05,84,"uncultured","Actinobacteriota"
"Bin110","D6","HoS",0,0,83,"uncultured","Actinobacteriota"
"Bin110","D7","DL",0,0,26,"uncultured","Actinobacteriota"
"Bin110","D7","DR",7.98390444863156e-07,7.98390444863156e-05,84,"uncultured","Actinobacteriota"
"Bin110","D7","HoS",0,0,73,"uncultured","Actinobacteriota"
"Bin111","D0","DL",0.031192081826171,3.1192081826171,2,"Peptostreptococcaceae","Firmicutes"
"Bin111","D0","DR",0.0273688985717498,2.73688985717498,4,"Peptostreptococcaceae","Firmicutes"
"Bin111","D0","HoS",0,0,66,"Peptostreptococcaceae","Firmicutes"
"Bin111","D1","DL",0,0,74,"Peptostreptococcaceae","Firmicutes"
"Bin111","D1","DR",0.00161400485765786,0.161400485765786,9,"Peptostreptococcaceae","Firmicutes"
"Bin111","D1","HoS",0,0,82,"Peptostreptococcaceae","Firmicutes"
"Bin111","D3","DL",0,0,11,"Peptostreptococcaceae","Firmicutes"
"Bin111","D3","DR",1.82135376978175e-05,0.00182135376978175,64,"Peptostreptococcaceae","Firmicutes"
"Bin111","D3","HoS",1.00869217086804e-05,0.00100869217086804,61,"Peptostreptococcaceae","Firmicutes"
"Bin111","D5","DL",0,0,17,"Peptostreptococcaceae","Firmicutes"
"Bin111","D5","DR",3.6593417640453e-05,0.0036593417640453,45,"Peptostreptococcaceae","Firmicutes"
"Bin111","D5","HoS",2.73032477509438e-06,0.000273032477509438,52,"Peptostreptococcaceae","Firmicutes"
"Bin111","D6","DL",0,0,27,"Peptostreptococcaceae","Firmicutes"
"Bin111","D6","DR",4.55634555488626e-05,0.00455634555488626,47,"Peptostreptococcaceae","Firmicutes"
"Bin111","D6","HoS",0.000211978136692859,0.0211978136692859,32,"Peptostreptococcaceae","Firmicutes"
"Bin111","D7","DL",0,0,26,"Peptostreptococcaceae","Firmicutes"
"Bin111","D7","DR",1.54064765921758e-05,0.00154064765921758,56,"Peptostreptococcaceae","Firmicutes"
"Bin111","D7","HoS",2.72958487578496e-07,2.72958487578496e-05,59,"Peptostreptococcaceae","Firmicutes"
"Bin112","D0","DL",0.00152085103065447,0.152085103065447,39,"Peptostreptococcaceae","Firmicutes"
"Bin112","D0","DR",0.00334791043929035,0.334791043929035,13,"Peptostreptococcaceae","Firmicutes"
"Bin112","D0","HoS",0,0,66,"Peptostreptococcaceae","Firmicutes"
"Bin112","D1","DL",0,0,74,"Peptostreptococcaceae","Firmicutes"
"Bin112","D1","DR",0,0,102,"Peptostreptococcaceae","Firmicutes"
"Bin112","D1","HoS",0.0112268468713817,1.12268468713817,13,"Peptostreptococcaceae","Firmicutes"
"Bin112","D3","DL",0,0,11,"Peptostreptococcaceae","Firmicutes"
"Bin112","D3","DR",0.000192461399589966,0.0192461399589966,29,"Peptostreptococcaceae","Firmicutes"
"Bin112","D3","HoS",0.00370807508518734,0.370807508518734,11,"Peptostreptococcaceae","Firmicutes"
"Bin112","D5","DL",0,0,17,"Peptostreptococcaceae","Firmicutes"
"Bin112","D5","DR",0.00066964746441434,0.066964746441434,14,"Peptostreptococcaceae","Firmicutes"
"Bin112","D5","HoS",0.00453002604915524,0.453002604915524,10,"Peptostreptococcaceae","Firmicutes"
"Bin112","D6","DL",6.90404091630649e-05,0.00690404091630649,13,"Peptostreptococcaceae","Firmicutes"
"Bin112","D6","DR",0.00162114173293599,0.162114173293599,13,"Peptostreptococcaceae","Firmicutes"
"Bin112","D6","HoS",0.0132780335358555,1.32780335358555,7,"Peptostreptococcaceae","Firmicutes"
"Bin112","D7","DL",0,0,26,"Peptostreptococcaceae","Firmicutes"
"Bin112","D7","DR",0.000198286153580978,0.0198286153580978,25,"Peptostreptococcaceae","Firmicutes"
"Bin112","D7","HoS",0.011884589569803,1.1884589569803,9,"Peptostreptococcaceae","Firmicutes"
"Bin113","D0","DL",0,0,67,"Fusibacteraceae","Firmicutes"
"Bin113","D0","DR",0.0166483466492427,1.66483466492427,6,"Fusibacteraceae","Firmicutes"
"Bin113","D0","HoS",0.0113918922440008,1.13918922440008,8,"Fusibacteraceae","Firmicutes"
"Bin113","D1","DL",0,0,74,"Fusibacteraceae","Firmicutes"
"Bin113","D1","DR",0,0,102,"Fusibacteraceae","Firmicutes"
"Bin113","D1","HoS",0.0111379369645698,1.11379369645698,14,"Fusibacteraceae","Firmicutes"
"Bin113","D3","DL",0,0,11,"Fusibacteraceae","Firmicutes"
"Bin113","D3","DR",2.00253767778599e-05,0.00200253767778599,60,"Fusibacteraceae","Firmicutes"
"Bin113","D3","HoS",4.00012700934218e-05,0.00400012700934218,48,"Fusibacteraceae","Firmicutes"
"Bin113","D5","DL",0,0,17,"Fusibacteraceae","Firmicutes"
"Bin113","D5","DR",1.35803959439884e-06,0.000135803959439884,78,"Fusibacteraceae","Firmicutes"
"Bin113","D5","HoS",0,0,70,"Fusibacteraceae","Firmicutes"
"Bin113","D6","DL",0,0,27,"Fusibacteraceae","Firmicutes"
"Bin113","D6","DR",4.48657416262703e-06,0.000448657416262703,71,"Fusibacteraceae","Firmicutes"
"Bin113","D6","HoS",1.59850072659859e-07,1.59850072659859e-05,72,"Fusibacteraceae","Firmicutes"
"Bin113","D7","DL",0,0,26,"Fusibacteraceae","Firmicutes"
"Bin113","D7","DR",0,0,95,"Fusibacteraceae","Firmicutes"
"Bin113","D7","HoS",0,0,73,"Fusibacteraceae","Firmicutes"
"Bin114","D0","DL",0,0,67,"Anaerovoracaceae","Firmicutes"
"Bin114","D0","DR",0,0,99,"Anaerovoracaceae","Firmicutes"
"Bin114","D0","HoS",2.37866174897362e-05,0.00237866174897362,54,"Anaerovoracaceae","Firmicutes"
"Bin114","D1","DL",0.000179786142739397,0.0179786142739397,58,"Anaerovoracaceae","Firmicutes"
"Bin114","D1","DR",0.000519737167132934,0.0519737167132934,33,"Anaerovoracaceae","Firmicutes"
"Bin114","D1","HoS",0.00260415794652035,0.260415794652035,23,"Anaerovoracaceae","Firmicutes"
"Bin114","D3","DL",0,0,11,"Anaerovoracaceae","Firmicutes"
"Bin114","D3","DR",4.23449546841195e-05,0.00423449546841195,50,"Anaerovoracaceae","Firmicutes"
"Bin114","D3","HoS",0.00593744434589739,0.593744434589739,7,"Anaerovoracaceae","Firmicutes"
"Bin114","D5","DL",0,0,17,"Anaerovoracaceae","Firmicutes"
"Bin114","D5","DR",0.000235597576417862,0.0235597576417862,25,"Anaerovoracaceae","Firmicutes"
"Bin114","D5","HoS",0.00188454760052338,0.188454760052338,17,"Anaerovoracaceae","Firmicutes"
"Bin114","D6","DL",0,0,27,"Anaerovoracaceae","Firmicutes"
"Bin114","D6","DR",0.000274742033532431,0.0274742033532431,29,"Anaerovoracaceae","Firmicutes"
"Bin114","D6","HoS",0.0010569616000255,0.10569616000255,17,"Anaerovoracaceae","Firmicutes"
"Bin114","D7","DL",0,0,26,"Anaerovoracaceae","Firmicutes"
"Bin114","D7","DR",0,0,95,"Anaerovoracaceae","Firmicutes"
"Bin114","D7","HoS",0,0,73,"Anaerovoracaceae","Firmicutes"
"Bin115","D0","DL",0.00463502991135307,0.463502991135307,19,"Anaerovoracaceae","Firmicutes"
"Bin115","D0","DR",0.00303628740370073,0.303628740370073,16,"Anaerovoracaceae","Firmicutes"
"Bin115","D0","HoS",0,0,66,"Anaerovoracaceae","Firmicutes"
"Bin115","D1","DL",0.00632465198449529,0.632465198449529,9,"Anaerovoracaceae","Firmicutes"
"Bin115","D1","DR",0.00161370937738488,0.161370937738488,10,"Anaerovoracaceae","Firmicutes"
"Bin115","D1","HoS",0,0,82,"Anaerovoracaceae","Firmicutes"
"Bin115","D3","DL",3.15665641713215e-05,0.00315665641713215,7,"Anaerovoracaceae","Firmicutes"
"Bin115","D3","DR",0.00226111717585492,0.226111717585492,9,"Anaerovoracaceae","Firmicutes"
"Bin115","D3","HoS",0,0,94,"Anaerovoracaceae","Firmicutes"
"Bin115","D5","DL",0.000820768488940197,0.0820768488940197,4,"Anaerovoracaceae","Firmicutes"
"Bin115","D5","DR",0.000272245778361584,0.0272245778361584,22,"Anaerovoracaceae","Firmicutes"
"Bin115","D5","HoS",5.39612539159279e-05,0.00539612539159279,43,"Anaerovoracaceae","Firmicutes"
"Bin115","D6","DL",0,0,27,"Anaerovoracaceae","Firmicutes"
"Bin115","D6","DR",0.000122575300951573,0.0122575300951573,37,"Anaerovoracaceae","Firmicutes"
"Bin115","D6","HoS",6.39150248526079e-05,0.00639150248526079,38,"Anaerovoracaceae","Firmicutes"
"Bin115","D7","DL",0,0,26,"Anaerovoracaceae","Firmicutes"
"Bin115","D7","DR",4.08712248376075e-05,0.00408712248376075,39,"Anaerovoracaceae","Firmicutes"
"Bin115","D7","HoS",9.88315773945355e-06,0.000988315773945355,40,"Anaerovoracaceae","Firmicutes"
"Bin116","D0","DL",0,0,67,"Fusibacteraceae","Firmicutes"
"Bin116","D0","DR",0,0,99,"Fusibacteraceae","Firmicutes"
"Bin116","D0","HoS",0.000172765136529662,0.0172765136529662,46,"Fusibacteraceae","Firmicutes"
"Bin116","D1","DL",0,0,74,"Fusibacteraceae","Firmicutes"
"Bin116","D1","DR",4.39280571114062e-05,0.00439280571114062,93,"Fusibacteraceae","Firmicutes"
"Bin116","D1","HoS",0.000396992178834853,0.0396992178834853,48,"Fusibacteraceae","Firmicutes"
"Bin116","D3","DL",0,0,11,"Fusibacteraceae","Firmicutes"
"Bin116","D3","DR",1.44104346978578e-05,0.00144104346978578,66,"Fusibacteraceae","Firmicutes"
"Bin116","D3","HoS",2.95759586092574e-05,0.00295759586092574,52,"Fusibacteraceae","Firmicutes"
"Bin116","D5","DL",0.000248326155259764,0.0248326155259764,6,"Fusibacteraceae","Firmicutes"
"Bin116","D5","DR",2.1781743491075e-05,0.0021781743491075,50,"Fusibacteraceae","Firmicutes"
"Bin116","D5","HoS",0.00102998644001291,0.102998644001291,20,"Fusibacteraceae","Firmicutes"
"Bin116","D6","DL",0.000164267397094892,0.0164267397094892,10,"Fusibacteraceae","Firmicutes"
"Bin116","D6","DR",0.000303594162784351,0.0303594162784351,26,"Fusibacteraceae","Firmicutes"
"Bin116","D6","HoS",0.00189505975682848,0.189505975682848,14,"Fusibacteraceae","Firmicutes"
"Bin116","D7","DL",0.00036550885069384,0.036550885069384,11,"Fusibacteraceae","Firmicutes"
"Bin116","D7","DR",0.000355509445736328,0.0355509445736328,19,"Fusibacteraceae","Firmicutes"
"Bin116","D7","HoS",0.000839354922702095,0.0839354922702095,19,"Fusibacteraceae","Firmicutes"
"Bin117","D0","DL",0.000731420007395538,0.0731420007395538,50,"Fusibacteraceae","Firmicutes"
"Bin117","D0","DR",0.0013574855423198,0.13574855423198,34,"Fusibacteraceae","Firmicutes"
"Bin117","D0","HoS",0.00149386351668516,0.149386351668516,28,"Fusibacteraceae","Firmicutes"
"Bin117","D1","DL",0,0,74,"Fusibacteraceae","Firmicutes"
"Bin117","D1","DR",0.000439296055490897,0.0439296055490897,39,"Fusibacteraceae","Firmicutes"
"Bin117","D1","HoS",6.27883553199361e-06,0.000627883553199361,77,"Fusibacteraceae","Firmicutes"
"Bin117","D3","DL",0,0,11,"Fusibacteraceae","Firmicutes"
"Bin117","D3","DR",2.60707475697214e-05,0.00260707475697214,56,"Fusibacteraceae","Firmicutes"
"Bin117","D3","HoS",1.79054115003825e-05,0.00179054115003825,57,"Fusibacteraceae","Firmicutes"
"Bin117","D5","DL",1.15352234886819e-05,0.00115352234886819,15,"Fusibacteraceae","Firmicutes"
"Bin117","D5","DR",0.000243603389723771,0.0243603389723771,24,"Fusibacteraceae","Firmicutes"
"Bin117","D5","HoS",0.000578505315862208,0.0578505315862208,24,"Fusibacteraceae","Firmicutes"
"Bin117","D6","DL",4.7838322176941e-06,0.00047838322176941,24,"Fusibacteraceae","Firmicutes"
"Bin117","D6","DR",0.00033664318072752,0.033664318072752,25,"Fusibacteraceae","Firmicutes"
"Bin117","D6","HoS",0.000583814785387554,0.0583814785387554,25,"Fusibacteraceae","Firmicutes"
"Bin117","D7","DL",2.92288633276978e-05,0.00292288633276978,15,"Fusibacteraceae","Firmicutes"
"Bin117","D7","DR",0.000340597068230857,0.0340597068230857,20,"Fusibacteraceae","Firmicutes"
"Bin117","D7","HoS",5.37501434689338e-05,0.00537501434689338,28,"Fusibacteraceae","Firmicutes"
"Bin118","D0","DL",0.00261274625001554,0.261274625001554,28,"Guggenheimella","Firmicutes"
"Bin118","D0","DR",0.00220393881394945,0.220393881394945,22,"Guggenheimella","Firmicutes"
"Bin118","D0","HoS",0,0,66,"Guggenheimella","Firmicutes"
"Bin118","D1","DL",7.16783735569903e-05,0.00716783735569903,65,"Guggenheimella","Firmicutes"
"Bin118","D1","DR",0,0,102,"Guggenheimella","Firmicutes"
"Bin118","D1","HoS",0.00709622452360298,0.709622452360298,17,"Guggenheimella","Firmicutes"
"Bin118","D3","DL",3.62324621611569e-05,0.00362324621611569,5,"Guggenheimella","Firmicutes"
"Bin118","D3","DR",0.000218809740237817,0.0218809740237817,27,"Guggenheimella","Firmicutes"
"Bin118","D3","HoS",0.001652313584113,0.1652313584113,19,"Guggenheimella","Firmicutes"
"Bin118","D5","DL",2.1747392164273e-05,0.0021747392164273,12,"Guggenheimella","Firmicutes"
"Bin118","D5","DR",9.74775351094502e-05,0.00974775351094502,35,"Guggenheimella","Firmicutes"
"Bin118","D5","HoS",0.00182791424769422,0.182791424769422,18,"Guggenheimella","Firmicutes"
"Bin118","D6","DL",0,0,27,"Guggenheimella","Firmicutes"
"Bin118","D6","DR",0.000210200202142413,0.0210200202142413,32,"Guggenheimella","Firmicutes"
"Bin118","D6","HoS",0.000792336647223247,0.0792336647223247,23,"Guggenheimella","Firmicutes"
"Bin118","D7","DL",0,0,26,"Guggenheimella","Firmicutes"
"Bin118","D7","DR",1.73463735203585e-05,0.00173463735203585,52,"Guggenheimella","Firmicutes"
"Bin118","D7","HoS",8.5873531013037e-06,0.00085873531013037,41,"Guggenheimella","Firmicutes"
"Bin119","D0","DL",0,0,67,"Fusibacteraceae","Firmicutes"
"Bin119","D0","DR",6.32158740406064e-06,0.000632158740406064,96,"Fusibacteraceae","Firmicutes"
"Bin119","D0","HoS",0,0,66,"Fusibacteraceae","Firmicutes"
"Bin119","D1","DL",0,0,74,"Fusibacteraceae","Firmicutes"
"Bin119","D1","DR",0.000125816269855803,0.0125816269855803,78,"Fusibacteraceae","Firmicutes"
"Bin119","D1","HoS",0.00064094262881889,0.064094262881889,40,"Fusibacteraceae","Firmicutes"
"Bin119","D3","DL",0,0,11,"Fusibacteraceae","Firmicutes"
"Bin119","D3","DR",0.005927238956179,0.5927238956179,5,"Fusibacteraceae","Firmicutes"
"Bin119","D3","HoS",0,0,94,"Fusibacteraceae","Firmicutes"
"Bin119","D5","DL",0,0,17,"Fusibacteraceae","Firmicutes"
"Bin119","D5","DR",0.00512108864813244,0.512108864813244,6,"Fusibacteraceae","Firmicutes"
"Bin119","D5","HoS",0.00524699916702924,0.524699916702924,9,"Fusibacteraceae","Firmicutes"
"Bin119","D6","DL",8.71916912207775e-05,0.00871916912207775,12,"Fusibacteraceae","Firmicutes"
"Bin119","D6","DR",0.000274792141297883,0.0274792141297883,28,"Fusibacteraceae","Firmicutes"
"Bin119","D6","HoS",0.0119723758650163,1.19723758650163,9,"Fusibacteraceae","Firmicutes"
"Bin119","D7","DL",0,0,26,"Fusibacteraceae","Firmicutes"
"Bin119","D7","DR",0.00014427096453535,0.014427096453535,29,"Fusibacteraceae","Firmicutes"
"Bin119","D7","HoS",0.00582269081266261,0.582269081266261,12,"Fusibacteraceae","Firmicutes"
"Bin120","D0","DL",0.000848156994469301,0.0848156994469301,49,"Lachnospiraceae","Firmicutes"
"Bin120","D0","DR",0.000368314459258825,0.0368314459258825,70,"Lachnospiraceae","Firmicutes"
"Bin120","D0","HoS",0,0,66,"Lachnospiraceae","Firmicutes"
"Bin120","D1","DL",0,0,74,"Lachnospiraceae","Firmicutes"
"Bin120","D1","DR",0.000278180968612131,0.0278180968612131,53,"Lachnospiraceae","Firmicutes"
"Bin120","D1","HoS",3.95341339044419e-06,0.000395341339044419,80,"Lachnospiraceae","Firmicutes"
"Bin120","D3","DL",0,0,11,"Lachnospiraceae","Firmicutes"
"Bin120","D3","DR",4.15335563031763e-06,0.000415335563031763,84,"Lachnospiraceae","Firmicutes"
"Bin120","D3","HoS",2.30741979462091e-07,2.30741979462091e-05,89,"Lachnospiraceae","Firmicutes"
"Bin120","D5","DL",0,0,17,"Lachnospiraceae","Firmicutes"
"Bin120","D5","DR",0,0,85,"Lachnospiraceae","Firmicutes"
"Bin120","D5","HoS",0,0,70,"Lachnospiraceae","Firmicutes"
"Bin120","D6","DL",0,0,27,"Lachnospiraceae","Firmicutes"
"Bin120","D6","DR",2.97730666581056e-05,0.00297730666581056,52,"Lachnospiraceae","Firmicutes"
"Bin120","D6","HoS",1.15407320152333e-06,0.000115407320152333,64,"Lachnospiraceae","Firmicutes"
"Bin120","D7","DL",3.04416783106086e-07,3.04416783106086e-05,24,"Lachnospiraceae","Firmicutes"
"Bin120","D7","DR",2.2219689279049e-05,0.0022219689279049,49,"Lachnospiraceae","Firmicutes"
"Bin120","D7","HoS",7.26429936549061e-08,7.26429936549061e-06,65,"Lachnospiraceae","Firmicutes"
"Bin121","D0","DL",0.000304614449684744,0.0304614449684744,55,"Defluviitaleaceae","Firmicutes"
"Bin121","D0","DR",0.000650771676318913,0.0650771676318913,54,"Defluviitaleaceae","Firmicutes"
"Bin121","D0","HoS",0,0,66,"Defluviitaleaceae","Firmicutes"
"Bin121","D1","DL",7.23915026048981e-05,0.00723915026048981,64,"Defluviitaleaceae","Firmicutes"
"Bin121","D1","DR",0.000176569073168455,0.0176569073168455,72,"Defluviitaleaceae","Firmicutes"
"Bin121","D1","HoS",0.000154346144977651,0.0154346144977651,53,"Defluviitaleaceae","Firmicutes"
"Bin121","D3","DL",0,0,11,"Defluviitaleaceae","Firmicutes"
"Bin121","D3","DR",5.46643336007093e-05,0.00546643336007093,48,"Defluviitaleaceae","Firmicutes"
"Bin121","D3","HoS",1.45189643402028e-05,0.00145189643402028,59,"Defluviitaleaceae","Firmicutes"
"Bin121","D5","DL",0,0,17,"Defluviitaleaceae","Firmicutes"
"Bin121","D5","DR",7.22049266535563e-05,0.00722049266535563,37,"Defluviitaleaceae","Firmicutes"
"Bin121","D5","HoS",9.73478684573482e-05,0.00973478684573482,36,"Defluviitaleaceae","Firmicutes"
"Bin121","D6","DL",0,0,27,"Defluviitaleaceae","Firmicutes"
"Bin121","D6","DR",0.000116604383984614,0.0116604383984614,39,"Defluviitaleaceae","Firmicutes"
"Bin121","D6","HoS",0.000273831764238525,0.0273831764238525,31,"Defluviitaleaceae","Firmicutes"
"Bin121","D7","DL",0,0,26,"Defluviitaleaceae","Firmicutes"
"Bin121","D7","DR",2.22558508724194e-05,0.00222558508724194,48,"Defluviitaleaceae","Firmicutes"
"Bin121","D7","HoS",0.000120642849882046,0.0120642849882046,25,"Defluviitaleaceae","Firmicutes"
"Bin122","D0","DL",0,0,67,"uncultured","Firmicutes"
"Bin122","D0","DR",0,0,99,"uncultured","Firmicutes"
"Bin122","D0","HoS",0.0100922837470671,1.00922837470671,9,"uncultured","Firmicutes"
"Bin122","D1","DL",0,0,74,"uncultured","Firmicutes"
"Bin122","D1","DR",0,0,102,"uncultured","Firmicutes"
"Bin122","D1","HoS",0.00819470953313284,0.819470953313284,15,"uncultured","Firmicutes"
"Bin122","D3","DL",0,0,11,"uncultured","Firmicutes"
"Bin122","D3","DR",0,0,102,"uncultured","Firmicutes"
"Bin122","D3","HoS",0.00215982430648401,0.215982430648401,15,"uncultured","Firmicutes"
"Bin122","D5","DL",0,0,17,"uncultured","Firmicutes"
"Bin122","D5","DR",4.86526910063306e-05,0.00486526910063306,40,"uncultured","Firmicutes"
"Bin122","D5","HoS",0.000184775404450541,0.0184775404450541,32,"uncultured","Firmicutes"
"Bin122","D6","DL",0,0,27,"uncultured","Firmicutes"
"Bin122","D6","DR",8.0759840406103e-06,0.00080759840406103,66,"uncultured","Firmicutes"
"Bin122","D6","HoS",6.19552577752278e-05,0.00619552577752278,39,"uncultured","Firmicutes"
"Bin122","D7","DL",0,0,26,"uncultured","Firmicutes"
"Bin122","D7","DR",7.97864847498799e-07,7.97864847498799e-05,86,"uncultured","Firmicutes"
"Bin122","D7","HoS",0,0,73,"uncultured","Firmicutes"
"Bin123","D0","DL",0.000105993664075566,0.0105993664075566,62,"uncultured","Firmicutes"
"Bin123","D0","DR",5.99788679642664e-05,0.00599788679642664,90,"uncultured","Firmicutes"
"Bin123","D0","HoS",0.00093482241277936,0.093482241277936,32,"uncultured","Firmicutes"
"Bin123","D1","DL",0.000648430649279045,0.0648430649279045,38,"uncultured","Firmicutes"
"Bin123","D1","DR",0.000112199126185445,0.0112199126185445,81,"uncultured","Firmicutes"
"Bin123","D1","HoS",0.000151473701383147,0.0151473701383147,54,"uncultured","Firmicutes"
"Bin123","D3","DL",0,0,11,"uncultured","Firmicutes"
"Bin123","D3","DR",6.6583794487367e-05,0.0066583794487367,41,"uncultured","Firmicutes"
"Bin123","D3","HoS",1.84571752014823e-05,0.00184571752014823,54,"uncultured","Firmicutes"
"Bin123","D5","DL",0,0,17,"uncultured","Firmicutes"
"Bin123","D5","DR",1.50571728196234e-05,0.00150571728196234,53,"uncultured","Firmicutes"
"Bin123","D5","HoS",7.01606911401472e-07,7.01606911401472e-05,58,"uncultured","Firmicutes"
"Bin123","D6","DL",0,0,27,"uncultured","Firmicutes"
"Bin123","D6","DR",7.44148631837855e-06,0.000744148631837855,67,"uncultured","Firmicutes"
"Bin123","D6","HoS",9.91885314131284e-08,9.91885314131284e-06,76,"uncultured","Firmicutes"
"Bin123","D7","DL",0,0,26,"uncultured","Firmicutes"
"Bin123","D7","DR",3.56605449896527e-06,0.000356605449896527,72,"uncultured","Firmicutes"
"Bin123","D7","HoS",0,0,73,"uncultured","Firmicutes"
"Bin124","D0","DL",0,0,67,"Bacteroidetes_vadinHA17","Bacteroidota"
"Bin124","D0","DR",0,0,99,"Bacteroidetes_vadinHA17","Bacteroidota"
"Bin124","D0","HoS",0.00101163898962289,0.101163898962289,31,"Bacteroidetes_vadinHA17","Bacteroidota"
"Bin124","D1","DL",0.00096658536689134,0.096658536689134,31,"Bacteroidetes_vadinHA17","Bacteroidota"
"Bin124","D1","DR",0.000188530422280752,0.0188530422280752,69,"Bacteroidetes_vadinHA17","Bacteroidota"
"Bin124","D1","HoS",0,0,82,"Bacteroidetes_vadinHA17","Bacteroidota"
"Bin124","D3","DL",0,0,11,"Bacteroidetes_vadinHA17","Bacteroidota"
"Bin124","D3","DR",6.21357232745848e-05,0.00621357232745848,43,"Bacteroidetes_vadinHA17","Bacteroidota"
"Bin124","D3","HoS",2.91207242381781e-06,0.000291207242381781,74,"Bacteroidetes_vadinHA17","Bacteroidota"
"Bin124","D5","DL",0,0,17,"Bacteroidetes_vadinHA17","Bacteroidota"
"Bin124","D5","DR",2.03718898273399e-05,0.00203718898273399,51,"Bacteroidetes_vadinHA17","Bacteroidota"
"Bin124","D5","HoS",1.20666483985778e-05,0.00120666483985778,49,"Bacteroidetes_vadinHA17","Bacteroidota"
"Bin124","D6","DL",0,0,27,"Bacteroidetes_vadinHA17","Bacteroidota"
"Bin124","D6","DR",5.19693811789108e-05,0.00519693811789108,46,"Bacteroidetes_vadinHA17","Bacteroidota"
"Bin124","D6","HoS",1.78549445664362e-05,0.00178549445664362,49,"Bacteroidetes_vadinHA17","Bacteroidota"
"Bin124","D7","DL",0,0,26,"Bacteroidetes_vadinHA17","Bacteroidota"
"Bin124","D7","DR",6.91464837087248e-06,0.000691464837087248,69,"Bacteroidetes_vadinHA17","Bacteroidota"
"Bin124","D7","HoS",1.66951201462259e-06,0.000166951201462259,47,"Bacteroidetes_vadinHA17","Bacteroidota"
"Bin125","D0","DL",0,0,67,"Peptococcaceae","Firmicutes"
"Bin125","D0","DR",0.000317174040598576,0.0317174040598576,74,"Peptococcaceae","Firmicutes"
"Bin125","D0","HoS",0.000343600786298171,0.0343600786298171,41,"Peptococcaceae","Firmicutes"
"Bin125","D1","DL",0,0,74,"Peptococcaceae","Firmicutes"
"Bin125","D1","DR",5.79221327696063e-05,0.00579221327696063,90,"Peptococcaceae","Firmicutes"
"Bin125","D1","HoS",5.64330183260427e-05,0.00564330183260427,61,"Peptococcaceae","Firmicutes"
"Bin125","D3","DL",0,0,11,"Peptococcaceae","Firmicutes"
"Bin125","D3","DR",0.000462577109759887,0.0462577109759887,21,"Peptococcaceae","Firmicutes"
"Bin125","D3","HoS",1.0498684782611e-05,0.0010498684782611,60,"Peptococcaceae","Firmicutes"
"Bin125","D5","DL",0,0,17,"Peptococcaceae","Firmicutes"
"Bin125","D5","DR",0.000103586545190892,0.0103586545190892,34,"Peptococcaceae","Firmicutes"
"Bin125","D5","HoS",6.34276852694652e-05,0.00634276852694652,40,"Peptococcaceae","Firmicutes"
"Bin125","D6","DL",4.50623409038729e-06,0.000450623409038729,25,"Peptococcaceae","Firmicutes"
"Bin125","D6","DR",0.00014289841921525,0.014289841921525,36,"Peptococcaceae","Firmicutes"
"Bin125","D6","HoS",5.67984233460359e-05,0.00567984233460359,41,"Peptococcaceae","Firmicutes"
"Bin125","D7","DL",0,0,26,"Peptococcaceae","Firmicutes"
"Bin125","D7","DR",0.000118716655669833,0.0118716655669833,30,"Peptococcaceae","Firmicutes"
"Bin125","D7","HoS",1.97737240212313e-05,0.00197737240212313,36,"Peptococcaceae","Firmicutes"
