"Group","HeS","HoS","DL","HD","DR"
"D0",0.000414469828867122,0.23174537055404,0.259818619116373,0.0110491393101835,0.496972401190536
"D0",0.000196481636278043,0.221201975357983,0.510827229969636,0.0128540498680115,0.254920263168091
"D0",0,0.355573507541031,0,0.189208782186534,0.455217710272436
"D0",0,0.353570778924981,0.00257810557962764,0.215230080587501,0.428621034907891
"D0",0.000346835666718509,0.352761128456313,0,0.156558184313763,0.490333851563205
"D0",0,0.378269501360326,0.00782871591233626,0.0815458460025993,0.532355936724738
"D0",0.000489737009074509,0.231507131896347,0.255854784416309,0.0101262402316557,0.502022106446614
"D0",0.000475202737880526,0.230746601369525,0.253339703919925,0.0126950703199649,0.502743421652704
"D0",0.000399844033377554,0.228026439437332,0.303471577228137,0.0160887230662331,0.45201341623492
"D0",0.000592387888661959,0.231475102400816,0.254347938868812,0.0161931026593791,0.497391468182332
"D0",0.000196477892731005,0.223535449681799,0.505818580460834,0.0147360126447064,0.255713479319929
"D0",0.000181189248635174,0.201880650444254,0.521805959533153,0.0119410070465311,0.264191193727426
"D0",0.000181192058874021,0.214913843239476,0.503408790287912,0.0155143216391348,0.265981852774603
"D0",0,0.216883121496423,0.477948656312078,0.00459054412297572,0.300577678068524
"D0",0.000414655599771138,0.239730541856991,0.258645190187815,0.0159244237519452,0.485285188603478
"D0",0.00041436618157058,0.205255547394365,0.292526274922814,0.0105017276941798,0.49130208380707
"D0",0.000399369136062181,0.226815190939932,0.253133794593804,0.0160485740117261,0.503603071318476
"D0",0.000399469240161252,0.235549102527183,0.268647045291181,0.0141621790586829,0.481242203882792
"D0",0.000452281731366708,0.215225429870327,0.0371014489118408,0.0718393151668611,0.675381524319605
"D0",0.000437744055664496,0.30562901523799,0.0270813830276515,0.106049718810265,0.560802138868429
"D0",0.000452377502721226,0.243845494985736,0.0358398902476831,0.0958600318092334,0.624002205454626
"D0",0.000495663023996163,0.246868243302155,0.0417547327550925,0.133399941894954,0.577481419023802
"D0",0,0.239582463926151,0.475732150929745,0.00513109784552139,0.279554287298583
"D0",0,0.213494039292655,0.495186969946263,0.0118905552738317,0.27942843548725
"D0",0,0.202792042632598,0.476807432174521,0.0103765994038793,0.310023925789002
"D0",0,0.185975408934057,0.517591165742299,0.0122698247876913,0.284163600535952
"D0",7.58102712794238e-05,0.205186318043188,0.537811102978128,0.0140523485900861,0.242874420117318
"D0",0.000105552037154317,0.209066649009368,0.525761837450926,0.0140837401060154,0.250982221396537
"D0",0.000105615739762817,0.199557630125158,0.538328956500852,0.0130209594616046,0.248986838172622
"D0",4.51794769805487e-05,0.226524939564819,0.429400009709518,0.00672104558974954,0.337308825658933
"D0",4.51828814887779e-05,0.21976435366978,0.487400100605288,0.00710757897507697,0.285682783868367
"D0",0,0.221876938037226,0.469836127953304,0.00630702006383688,0.301979913945634
"D0",4.51586589903927e-05,0.222786070297291,0.521187855868511,0.0068243856722901,0.249156529502918
"D0",0,0.19941571372961,0.00487947116857647,0.106506970755991,0.689197844345822
"D0",0,0.201340321927334,0.0166763051871682,0.116000097021881,0.665983275863617
"D0",0,0.202001545870202,0.0148723846108882,0.112644554493442,0.670481515025468
"D0",0,0.352575159053458,0.00527914679412542,0.150207647001506,0.49193804715091
"D0",0.000347021437622525,0.323672224076778,0,0.285048849472961,0.390931905012638
"D0",0,0.347041944643245,0,0.211017310719812,0.441940744636943
"D0",0.000520192509632821,0.21344561778103,0.263737400256172,0.0133886826882815,0.508908106764885
"D0",0.000505658238438838,0.234653350073857,0.263844896906785,0.0120006942693137,0.488995400511605
"D0",0.000429717690411437,0.228726202333307,0.314498910943114,0.0106664895764236,0.445678679456744
"D0",0.00056355298427212,0.238496955873992,0.255734424438641,0.00915930310625729,0.496045763596838
"D0",0,0.18242360951528,0.532243334827187,0.0375966691243226,0.247736386533211
"D0",0,0.181552549231813,0.528583113729351,0.0146851584882148,0.275179178550621
"D0",0,0.19096829124757,0.519369449046995,0.0355902858786226,0.254071973826812
"D0",0.000346732019421968,0.351031779276697,0.00483923759024211,0.204920702992331,0.438861548121308
"D0",0,0.347382708180918,0.00523254634930398,0.10708332044621,0.540301425023568
"D0",0.000519734264148606,0.212441517974954,0.261259252411088,0.0155132291080691,0.51026626624174
"D0",0.000505199992954623,0.240525451159944,0.266880159340916,0.0117301165828899,0.480359072923296
"D0",0.000399740386081013,0.202915740953894,0.311716596119154,0.0145002989970574,0.470467623543814
"D0",0.00063743991355873,0.237782622783687,0.248667791085958,0.0113442066652733,0.501567939551522
"D0",7.58065277323864e-05,0.200243172151812,0.52770232534396,0.0181743570608899,0.253804338915605
"D0",6.05178836365554e-05,0.198422954930591,0.533282204065806,0.0123940276977127,0.255840295422254
"D0",6.05206938754021e-05,0.197124403408624,0.527294683462986,0.0144471731903291,0.261073219244186
"D0",0.00033183507801264,0.345425237348707,0.0170441015734052,0.0926423113157016,0.544556514684173
"D0",0.000489706082739216,0.232782160597536,0.307697056867591,0.0108084064113175,0.448222670040817
"D0",0.000475171811545233,0.227727133176111,0.26961328906778,0.0104998818491736,0.49168452409539
"D0",0.000414413926597618,0.238978898775599,0.29525496925351,0.0113005961645172,0.454051121879776
"D0",0.000533066557378515,0.232591329876343,0.252322635001214,0.0146225803773426,0.499930388187723
"D0",0.000105552037154317,0.176077429926395,0.53018380132375,0.011020591655816,0.282612625056885
"D0",0.000105552037154317,0.198483521904393,0.542844484752944,0.0141878916191838,0.244378549686325
"D0",0.000105552037154317,0.212943237207731,0.516594825371957,0.0143731218404487,0.255983263542709
"D0",0.000474772826250885,0.230892576108667,0.323267463700351,0.0115519708129778,0.433813216551753
"D0",0.000460238555056903,0.233510916685005,0.267611886515554,0.012776570826352,0.485640387418032
"D0",0.000414523131069333,0.241297456695737,0.296512071523013,0.00949650716874969,0.452279441481431
"D0",0.000518133300890184,0.243851253448443,0.24809145796545,0.0156633161134248,0.491875839171792
"D0",0.000105615739762817,0.172429948767112,0.542198810130667,0.0151783170586262,0.270087308303832
"D0",0.000105615739762817,0.195841178880069,0.541454473373377,0.0131261273237665,0.249472604683025
"D0",0.000105615739762817,0.198439786415777,0.527080272386544,0.0127068167379089,0.261667508720007
"D0",0.000481370653106551,0.219082805600726,0.0381306036646826,0.0972371136476076,0.645068106433878
"D0",0.00048141833708637,0.245378896787651,0.0525771366623671,0.0969990130340523,0.604563535178844
"D0",0.000539241176441448,0.212779619065279,0.0568853786018745,0.135677365949499,0.594118395206907
"D0",4.51757334335113e-05,0.216880173450687,0.424279334125787,0.0109751297084577,0.347820186981634
"D0",0,0.228693673582774,0.465540002538695,0.00659957255476527,0.299166751323765
"D0",0,0.209465157634565,0.427857752043293,0.0106815668559386,0.351995523466203
"D0",0.000466887470400617,0.243218953191922,0.0347685248212715,0.24777131464574,0.473774319870666
"D0",0.000524710309755695,0.264974671893298,0.070259778390997,0.133157013234723,0.531083826171226
"D0",4.51791379417405e-05,0.239183333127005,0.450559636064898,0.0114255217608935,0.298786329909261
"D0",0,0.203145660410337,0.487985903330754,0.00803763500744351,0.300830801251465
"D0",0,0.234742602366202,0.47845597036439,0.00722514635653258,0.279576280912875
"D0",0.000524757993735513,0.256661603385341,0.0495508061372594,0.123316077270695,0.569946755212969
"D0",0,0.215806335252335,0.481335127798413,0.00497774978642698,0.297880787162826
"D0",2.98934740946481e-05,0.216712181805309,0.50990052195608,0.0102151201593873,0.263142282605129
"D0",2.98962843334948e-05,0.205417782350655,0.45857708747268,0.00697505825568098,0.329000175636651
"D0",4.51549154433553e-05,0.265991679020594,0.419777371786995,0.00632076145043559,0.307865032826532
"D0",0,0.217411058274236,0.526387185475259,0.00726525331800609,0.248936502932498
"D0",0,0.212719142095781,0.462634929117995,0.00667439339684659,0.317971535389378
"D0",0,0.191261796109646,0.0177309673091698,0.141510752641665,0.649496483939519
"D0",0,0.19790422088456,0.0240056178833675,0.153350673508353,0.62473948772372
"D0",0,0.207128215798466,0.00544791216677171,0.282633966052989,0.504789905981773
"D1",0.00130168710600735,0.598834427998942,0.3053879976952,0.0113423870735914,0.0831335001262591
"D1",0,0.549053372599948,0.379989957487527,0.0112976302343196,0.0596590396782054
"D1",0,0.555648321513472,0.356123865507373,0.0110390948004245,0.0771887181787303
"D1",0.0011597890151235,0.729849648409127,0.184645758054772,0.0113564982855106,0.0729883062354669
"D1",0.00107673757517121,0.715954308555275,0.21208471893004,0.00972626697594912,0.0611579679635651
"D1",0.000257940451306656,0.559703003884027,0.326585950054158,0.00866315328906177,0.104789952321447
"D1",0.00158176874215476,0.658681082239768,0.255663197970375,0.00988046392564567,0.0741934871220563
"D1",0,0.703908533009744,0.244520766751181,0.00694055097807328,0.0446301492610016
"D1",0.00126597938224112,0.584803887293615,0.181589425202721,0.00949900780776929,0.222841700313654
"D1",0,0.583048398202806,0.345418462013935,0.0142768539892848,0.0572562857939737
"D1",0,0.740391902254994,0.164173949233349,0.0128987715133155,0.0825353769983421
"D1",0,0.540117353351037,0.378451879952842,0.00833042951918971,0.0731003371769315
"D1",0,0.666016794617379,0.247150201249048,0.00949625893816143,0.0773367451954124
"D1",0,0.563922175515636,0.359143388115166,0.0112773529537281,0.0656570834154702
"D1",0,0.583236908045264,0.309498649527653,0.0127949263007885,0.0944695161262945
"D1",0,0.48225033246341,0.365733013922975,0.0147451165204179,0.137271537093197
"D1",0.000791133816264237,0.562820076782616,0.196262786771259,0.0104747824830445,0.229651220146816
"D1",0,0.501979583401956,0.288464265657258,0.011245086162023,0.198311064778763
"D1",0.000431271123880184,0.557948154345478,0.326905701297383,0.0139416216166566,0.100773251616602
"D1",0,0.57975514148861,0.187260184689931,0.0121649378875614,0.220819735933897
"D1",0.000884096891717716,0.616867993748773,0.136399781969312,0.00713471987710948,0.238713407513088
"D1",0.00129083373935045,0.569112504006011,0.189100234811737,0.0118888873070784,0.228607540135823
"D1",0.000718782770901131,0.538979827209984,0.370046920625888,0.0195263895570469,0.0707280798361797
"D1",0,0.39748250245838,0.33465256625597,0.0103426152879833,0.257522315997667
"D1",0,0.405903216097174,0.360708583047159,0.0142986541922274,0.219089546663439
"D1",0.000594536170600364,0.498452096635218,0.191468047132234,0.0118431411083581,0.297642178953589
"D1",0,0.485416883797609,0.192171103369831,0.0102842271723233,0.312127785660237
"D1",0.00086480653396201,0.51369470790194,0.372130977345951,0.00961878900052965,0.103690719217618
"D1",0,0.472231584185358,0.238226709735331,0.0167629025605216,0.27277880351879
"D1",0,0.515517372247852,0.352387440828478,0.0132786815972519,0.118816505326419
"D1",0.000117582353063526,0.685960506441359,0.221137064708119,0.0110783016151469,0.081706544882311
"D1",0.000775214775717677,0.426884348598063,0.304982935039352,0.00662350354363902,0.260733998043228
"D1",0.000203229109455648,0.569403508327032,0.353034756048324,0.0144072665973961,0.0629512399177919
"D1",0.000422569459453079,0.747495877861279,0.16858093622726,0.0133727983238204,0.0701278181281877
"D1",0,0.374256618437069,0.341202003508815,0.00870255846420313,0.275838819589913
"D1",0,0.406989873895014,0.510110992355373,0.013079951771493,0.0698191819781207
"D1",0,0.521174417024542,0.121966357918906,0.0105262095889936,0.346333015467557
"D1",0,0.57113854966361,0.342473548822523,0.00912913578988493,0.0772587657239815
"D1",0,0.43918592261905,0.323495431413311,0.0160977003779537,0.221220945589684
"D1",0.0011553536636668,0.501623170295983,0.419868314381565,0.0092913915408138,0.0680617701179718
"D1",0,0.724869749833984,0.222014496346943,0.0115957114163709,0.0415200424027024
"D1",0,0.580339110180773,0.109609923292015,0.00953726740788803,0.300513699119324
"D1",0.000770415215468039,0.565439634890472,0.344547109917347,0.0149552125721359,0.0742876274045765
"D1",0.000926609676781796,0.746267309407695,0.151573758092095,0.0145120142698226,0.0867203085536052
"D1",0.000808144576750826,0.490372836249663,0.177291412937281,0.00601876870269337,0.325508837533613
"D1",0,0.369887273636022,0.407617014389479,0.0116928910588598,0.21080282091564
"D1",0,0.506133506686531,0.412855932339117,0.0096405898212497,0.0713699711531017
"D1",0,0.448962572643619,0.358750243372702,0.00998209292244305,0.182305091061237
"D1",0.000310270789116692,0.713867055044491,0.191396372540953,0.00827246083919831,0.0861538407862403
"D1",0,0.683312969422105,0.224721905765014,0.00756518528510999,0.084399939527771
"D1",0,0.52295466625273,0.167746743629373,0.00728604593988807,0.302012544178009
"D1",0.000868710145852699,0.457834548306557,0.381209765563914,0.00906919070685096,0.151017785276825
"D1",0.000576884680017286,0.694988468854339,0.198568120604032,0.0147438164118744,0.0911227094497369
"D1",0,0.352412232173744,0.332537077672746,0.00672610999444351,0.308324580159067
"D1",0,0.382793057581739,0.412130895679526,0.00964004803539163,0.195435998703343
"D1",0.0011618146231476,0.476898296222616,0.120707813659378,0.00993819623850292,0.391293879256356
"D1",0.00113036843963416,0.717171085924389,0.219393612460552,0.0147086137824651,0.0475963193929593
"D1",0.0007917366226613,0.709877596335703,0.211168344181902,0.00844242828098761,0.0697198945787467
"D1",0.000572940396620161,0.575199231638559,0.132907610680799,0.00529329107884878,0.286026926205173
"D1",0.00149821621457061,0.538386202213175,0.218120172963709,0.191081636066685,0.0509137725418599
"D1",0.000975393350591788,0.690184796502409,0.225878763893711,0.00696614761133508,0.0759948986419535
"D1",0.000613724444557288,0.501380187532312,0.229975154535796,0.00621074599124699,0.261820187496087
"D1",0.00115852477890841,0.354378778294733,0.277842033176282,0.00981172962664484,0.356808934123432
"D1",0.000680606945341074,0.522162214610471,0.193882073944228,0.0106979558501228,0.272577148649837
"D1",0,0.544000183052332,0.379780617350597,0.0134240888655866,0.0627951107314841
"D1",0.00106762104266304,0.428419858830536,0.310172369863921,0.00654501141118533,0.253795138851695
"D1",0.000161750447723751,0.488584311575119,0.12213432058496,0.0188083337137511,0.370311283678446
"D1",0.000576944519993082,0.597946603198435,0.125595158568953,0.010318138101425,0.265563155611194
"D1",0.00123652858912264,0.374527429945275,0.336575157131734,0.00843902821869724,0.279221856115171
"D1",0,0.402259800296989,0.205129045987804,0.00967133525823711,0.38293981845697
"D1",0.000416457823693696,0.729305667183289,0.199146406766029,0.00947869044723575,0.0616527777797521
"D1",0.00113704735132216,0.540987838659824,0.144302723948649,0.0052988849018271,0.308273505138378
"D1",0,0.531564298844062,0.208583569539965,0.0146008954486948,0.245251236167278
"D1",0.000779491340012778,0.731454407198219,0.18307619918494,0.00903951683619969,0.075650385440628
"D1",0.000233125396221803,0.497759671831271,0.220663556307061,0.00762053828532984,0.273723108180116
"D1",0,0.516600449976798,0.180186132229349,0.0103589902190716,0.292854427574781
"D1",0.00121605645052638,0.530467667611525,0.148849423417984,0.0053140158426875,0.314152836677277
"D1",4.32976263198694e-05,0.541746858264264,0.210121378391838,0.0109364825517967,0.237151983165782
"D1",0.000791184118092468,0.735581275843406,0.190782218102759,0.00696629926585188,0.0658790226698904
"D1",0,0.662393144736569,0.216822309239404,0.00606360247485405,0.114720943549173
"D1",0.000297918548094259,0.494136145643926,0.219579514791294,0.0118161796152049,0.274170241401481
"D1",0.00159645410865482,0.580890779875023,0.175452482450065,0.00631434352808529,0.235745940038172
"D1",0.000154008868309293,0.565161230238344,0.120570939625766,0.0118044190835994,0.302309402183981
"D1",0.000494490203756723,0.360766448918461,0.273200019323351,0.0065539889083558,0.358985052646076
"D1",0,0.370713446287615,0.364353577986013,0.00739265996422369,0.257540315762148
"D1",0.00139740405225357,0.548776206554984,0.132263889051872,0.0101165900677266,0.307445910273164
"D1",0.000885258812931231,0.380466534609828,0.352409962748225,0.00794017105362366,0.258298072775393
"D1",0.000885019338370348,0.40485257799725,0.218202412025843,0.0109441700373222,0.365115820601215
"D1",0,0.733704151044914,0.117043836584963,0.012894749944295,0.136357262425828
"D1",0.000843834836808406,0.539695193832897,0.179112817319053,0.0120235624341086,0.268324591577133
"D1",0,0.50201757145878,0.206625394184569,0.00821637819223452,0.283140656164417
"D3",0.000116110995114336,0.804398359318272,0.00577988821467029,0.00171228328375686,0.187993358188187
"D3",0.000260612729483987,0.84371363808798,0.00565294272867148,0.00342791274276634,0.146944893711098
"D3",0,0.461482248202466,0.00476591965482306,0.00195709357038453,0.531794738572326
"D3",0,0.404261191302285,0.0102148281030276,0.00244837891944887,0.583075601675239
"D3",0,0.852215500897379,0.00967317979942304,0.037925925570967,0.100185393732231
"D3",0,0.837206236219612,0.00611105709267911,0.00349004700831656,0.153192659679392
"D3",0,0.835570801389839,0.00905239259557186,0.00195200498706016,0.153424801027529
"D3",0,0.856407859442354,0.00713927686479843,0.00177084009863818,0.134682023594209
"D3",0.000176277735473742,0.839798590045245,0.00591085706774487,0.00169073474101033,0.152423540410526
"D3",0.00117275728267794,0.860318184194577,0.00462596927034632,0.00155533678313454,0.132327752469265
"D3",0,0.873001161393307,0.00589981328681252,0.0335400670397849,0.0875589582800953
"D3",0.00117275728267794,0.876182942464925,0.00477167875479097,0.032808750620467,0.0850638708771386
"D3",0.00117275728267794,0.846496478290668,0.00468157277650657,0.0032060495555837,0.144443142094564
"D3",0.00346035790814849,0.869112031065499,0.00587074441553585,0.00112609876369601,0.12043076784712
"D3",0.00346035790814849,0.851628801168434,0.00478275221658767,0.00317671864611373,0.136951370060716
"D3",0,0.856444452488233,0.00560229503350577,0.00876579044390804,0.129187462034353
"D3",0.000260612729483987,0.865335257148833,0.00543403985734486,0.00184951957524789,0.12712057068909
"D3",0,0.858141566072521,0.00591818505590939,0.00121470549639878,0.134725543375171
"D3",0,0.857174942290837,0.00574194111189677,0.00172940117418461,0.135353715423082
"D3",0.000143630630624136,0.828741066932257,0,0.00192725726079115,0.169188045176328
"D3",0.000298629097319854,0.818925578170472,0.00275732466286993,0.00105374524493223,0.176964722824406
"D3",8.80246517212801e-05,0.906511356329223,0,0.00161828120630306,0.0917823378127522
"D3",0.000252639006827917,0.835471151122241,0,0.00113456664190163,0.16314164322903
"D3",0,0.81746941492006,0,0.00139763203372367,0.181132953046216
"D3",0,0.805104483192892,0.0755290096942351,0.00242811834977756,0.116938388763095
"D3",0,0.821315544025719,0,0.000743133719246043,0.177941322255035
"D3",0.000102719331207753,0.536264952310501,0,0.00117822435234434,0.462454104005947
"D3",0,0.84211878741235,0,0.00213047650879924,0.155750736078851
"D3",0.000659328058708864,0.84350396108003,0,0.00157355518202936,0.154263155679231
"D3",0,0.912321784600202,0,0.00572858862153732,0.0819496267782608
"D3",0,0.832604852827684,0,0.00201021543108203,0.165384931741234
"D3",0.000203689693301519,0.916520926149778,0,0.00584717922154643,0.0774282049353744
"D3",0.000203689693301519,0.91686927904494,0,0.013816713186017,0.0691103180757417
"D3",0,0.830355420031814,0.0671597599579679,0.00107304310316359,0.101411776907055
"D3",0.000235751753403666,0.910293691523249,0,0.00150987263975603,0.0879606840835918
"D3",0,0.834732164927368,0,0.00169479130719832,0.163573043765433
"D3",0,0.838462319176942,0,0.0033953846642229,0.158142296158835
"D3",0,0.445246379064541,0,0.0115537039574048,0.543199916978054
"D3",0,0.387278872839465,0,0.0160306257681944,0.596690501392341
"D3",0,0.410905172040907,0,0.0127630858768951,0.576331742082198
"D3",0,0.382763918256536,0,0.00122600664905915,0.616010075094404
"D3",0,0.486192412916573,0.0107674147413803,0.0112277176016493,0.491812454740397
"D3",0,0.872753359998239,0,0.00738093701332175,0.119865702988439
"D3",0.0001181242398496,0.424568266312801,0,0.00206646332862059,0.573247146118729
"D3",0,0.868568625840204,0,0.00277775302554719,0.128653621134249
"D3",0,0.33937425171537,0,0.00154346172321608,0.659082286561414
"D3",0,0.898852457079175,0,0.00202988614259971,0.099117656778225
"D3",0,0.883255117662688,0,0.00168396801861979,0.115060914318692
"D3",0,0.892978229352761,0,0.00278537100308475,0.104236399644154
"D3",0,0.877371281745462,0,0.00158439981237189,0.121044318442166
"D3",0,0.881686470151667,0,0.0115223827458084,0.106791147102524
"D3",0,0.889404846074842,0,0.00252415588984827,0.10807099803531
"D3",0,0.882478807978699,0,0.00892997180022254,0.108591220221079
"D3",0,0.49435382687017,0,0.0120038986219289,0.493642274507902
"D3",0,0.383860972916278,0,0.0137748794307459,0.602364147652976
"D3",0,0.411190552437934,0,0.0149060909978688,0.573903356564197
"D3",0,0.376386238779352,0,0.0018965144464104,0.621717246774237
"D3",0,0.846071915194153,0.00536842792170091,0.0120550843172148,0.136504572566931
"D3",0.000192244120653542,0.875519954194479,0,0.00182226639563182,0.122465535289235
"D3",0,0.418941438018643,0,0.00286079761854782,0.57819776436281
"D3",0.000119423284350951,0.859998842196192,0,0.00156045808668307,0.138321276432774
"D3",0,0.329571614430919,0,0.00268394160548313,0.667744443963598
"D3",0,0.890582605599871,0,0.0123788928945414,0.0970385015055873
"D3",0,0.877367479158415,0,0.0249618859772822,0.097670634864303
"D3",0,0.44547070556352,0,0.00158946411056148,0.552939830325919
"D3",0,0.864493766745933,0,0.00160130700938651,0.133904926244681
"D3",0.000208103242429561,0.868246174250749,0,0.0124520156065248,0.119093706900297
"D3",0,0.881439978887752,0,0.00277164004769904,0.115788381064549
"D3",0,0.870403233276775,0,0.00483626852606189,0.124760498197163
"D3",0,0.500180313742138,0,0.00387182490803222,0.495947861349829
"D3",8.97424391994974e-05,0.362163273502524,0,0.0129043030146027,0.624842681043673
"D3",4.34664636374516e-05,0.32212655411014,0,0.000921720254093207,0.67690825917213
"D3",0,0.421433510959619,0.00414798792982434,0.00781340720862423,0.566605093901933
"D3",0.000131363848668846,0.846658006064044,0,0.00072251292248227,0.152488117164805
"D3",2.975455690572e-05,0.407624136403611,0.000775006231693259,0.0106072438983362,0.580963858909454
"D3",0,0.861105166526321,0,0.000486859571738634,0.13840797390194
"D3",0.000888659557390208,0.279611483225854,0,0.0016045218732048,0.717895335343551
"D3",0,0.905591088838164,0.000742937300956103,0.00329995215914346,0.090366021701737
"D3",0,0.853483911212323,0,0.000823676621778609,0.145692412165898
"D3",0,0.428067375543003,0.000742745949726191,0.000334185471919133,0.570855693035351
"D3",0,0.907897808984051,0,0.00497902679605207,0.0871231642198967
"D3",0,0.851616661591275,0,0.0119325729028212,0.136450765505904
"D3",0.000235751753403666,0.90252909029213,0.00067112092107618,0.00505619776195388,0.0915078392714358
"D3",0,0.854154535092446,0.000685531804175096,0.00381572898088752,0.141344204122492
"D3",0,0.430500795813683,0.000727035260308476,0.0138900522421484,0.55488211668386
"D3",4.35097385912305e-05,0.350764064209641,0,0.00367115581376558,0.645521270238002
"D3",0,0.850982284484165,0.00540500847125415,0.0165291608386339,0.127083546205947
"D3",0,0.883278956582837,0,0.0016407362644083,0.115080307152755
"D3",5.95956637189978e-05,0.39022226047402,0,0.00717930013095357,0.602538843731308
"D3",0,0.891328562140918,0,0.000577164585337258,0.108094273273745
"D3",0,0.304080907506499,0,0.00145827604805169,0.69446081644545
"D3",0,0.908291350816922,0,0.0135584710609688,0.0781501781221095
"D3",0,0.892146689172723,0,0.000840657672155369,0.107012653155122
"D3",0,0.414602729834182,0,0.000545826898757934,0.58485144326706
"D3",8.97424391994974e-05,0.884935892622828,0,0.00205454298844348,0.112919821949529
"D3",0,0.883670649999269,0,0.0129547315491673,0.103374618451563
"D3",0,0.896962054290524,0,0.00553869976476289,0.0974992459447127
"D3",0,0.888449241925386,0,0.00434208801141922,0.107208670063195
"D3",0,0.46617725788398,0,0.0107428165272018,0.523079925588818
"D3",0,0.840824258948096,0.00345332122910456,0.00246774458371614,0.153254675239083
"D3",0,0.864404636901515,0,0.00109810695495052,0.134497256143534
"D3",0.000190107732754947,0.355606452379649,0,0.00346041846356213,0.640743021424034
"D3",4.32016751182567e-05,0.863826082291994,0,0.00230124176923745,0.13382947426365
"D3",0,0.26468844414241,0,0.0240609171263454,0.711250638731244
"D3",0,0.888267355619875,0,0.00113139495745034,0.110601249422675
"D3",0,0.872737886432593,0,0.0199683216585615,0.107293791908846
"D3",0.000271250321217486,0.38067342336622,0,0.00123019826354377,0.617825128049019
"D3",0.000271250321217486,0.876461050956901,0,0.00147166232650374,0.121796036395378
"D3",0,0.868044609821655,0,0.0144716165399283,0.117483773638416
"D3",0,0.883298800769038,0,0.00152375513521589,0.115177444095747
"D3",0,0.871197680902746,0,0.00391856323922609,0.124883755858028
"D3",0,0.431165082766445,0,0.00335014308546143,0.565484774148094
"D3",0,0.858605671695661,0.00224418855315633,0.00720558179194723,0.131944557959235
"D3",0,0.469632559024521,0.00526411382727689,0.0127368793793854,0.512366447768817
"D3",0,0.861539005177578,0.00520981235573349,0.007480873365186,0.125770309101503
"D3",0,0.871176575625563,0.00513637413703587,0.00133460697826259,0.122352443259139
"D3",0,0.878110759176645,0.00533887269419449,0.0108163480496215,0.105734020079539
"D3",0,0.856924033320485,0.00526490649461756,0.00229898341301827,0.135512076771879
"D3",0.00165883734586025,0.497130811544632,0.00519328815188954,0.00171555360166478,0.494301509355953
"D3",0.00165883734586025,0.861191897152549,0.00540965496507593,0.00743487750951634,0.124304733026998
"D3",0,0.854372362533754,0.00491063795502412,0.00888716716534354,0.131829832345878
"D3",0,0.868035885590629,0.00475740255141401,0.00255834951069571,0.124648362347261
"D3",0,0.85845860449713,0.0054138311441879,0.0124742990404298,0.123653265318253
"D3",0,0.869369772015438,0.00509174917602276,0.00895204125670547,0.116586437551834
"D3",0,0.85485426971122,0,0.00641916792600543,0.138726562362774
"D3",0.000131363848668846,0.872421209811971,0,0.00504441660486395,0.122403009734496
"D3",0,0.894655738246854,0,0.00138597404376611,0.103958287709379
"D3",0.000217310797315311,0.901496554823014,0,0.00298193743579713,0.0953041969438732
"D3",0,0.887488523072105,0,0.00163427112020757,0.110877205807687
"D3",0.0012260625875759,0.897546893284287,0,0.0046762947476781,0.0965507493804586
"D3",0.0012260625875759,0.889660777766184,0,0.000393815114985574,0.108719344531254
"D3",0,0.884960014800945,0,0.0013073266645758,0.11373265853448
"D3",0,0.892281805819892,0,0.00817613693719327,0.0995420572429152
"D3",0,0.8895770188402,0,0.0101960060489901,0.10022697511081
"D3",0,0.86228576545627,0,0.00681798700178342,0.130896247541947
"D3",2.94897683865251e-05,0.86992910512368,0,0.0741845605756062,0.0558568445323273
"D3",0,0.316665101418437,0,0.00203710301298168,0.681297795568582
"D3",0,0.420608366297594,0,0.00618982289468947,0.573201810807717
"D3",0,0.487598986563679,0,0.0042178933130558,0.508183120123265
"D3",0,0.446061044955539,0.000858185237607893,0.00619758313262026,0.546883186674233
"D3",0,0.888084734139417,0,0.0165957093965273,0.095319556464056
"D3",0,0.380525613216082,0,0.00319495449819278,0.616279432285725
"D3",0,0.452287417931685,0,0.00693725433775205,0.540775327730563
"D3",0,0.886344965687872,0,0.00809367738033022,0.105561356931798
"D3",0.000117863895425153,0.479319388493628,0,0.00913696165946656,0.51142578595148
"D3",0.000229331498681344,0.892580545163678,0,0.00250396274106263,0.104686160596578
"D3",0,0.897743469840856,0,0.00174445168093808,0.100512078478206
"D3",0,0.888353959238167,0,0.00143286510413093,0.110213175657702
"D3",0.000322278213992734,0.901170763093408,0,0.00561343807685302,0.0928935206157465
"D3",0.000322278213992734,0.886254162224956,0,0.000394071209042438,0.113029488352009
"D3",0,0.886419447488189,0,0.00164514763092848,0.111935404880883
"D3",0,0.920711898565467,0,0.00558115442257187,0.0737069470119615
"D3",0.000129697947890247,0.879122628890411,0,0.00709597592074346,0.113651697240955
"D3",0,0.879215586020822,0,0.0101513988363101,0.110633015142868
"D3",0,0.909694269543026,0,0.00140591783637606,0.0888998126205984
"D3",0,0.891197507945096,0,0.0219383439646756,0.0868641480902282
"D3",0,0.338666011773594,0,0.000859820648365824,0.66047416757804
"D3",0.000659328058708864,0.90065921104091,0,0.00209430496307047,0.0965871559373105
"D3",0,0.891390029747484,0,0.00248857713218747,0.106121393120328
"D3",0,0.906576048623414,0,0.00149397722324754,0.0919299741533385
"D3",0,0.899128636807198,0,0.00116324298058294,0.0997081202122191
"D3",0,0.387861408808805,0,0.00195635151069648,0.610182239680498
"D3",0,0.906720263971949,0,0.00214397399744348,0.0911357620306078
"D3",0,0.930828943470011,0,0.00119050628542948,0.0679805502445599
"D3",0,0.924445026071353,0.00285252375883001,0.00102676477394468,0.0716756853958727
"D3",0,0.905495233901093,0,0.0127053552897521,0.081799410809155
"D3",0,0.928557860621543,0,0.00284055813677366,0.0686015812416831
"D3",0,0.912817745172726,0,0.000115239457668399,0.0870670153696061
"D3",0,0.91179896191514,0,0.00109366213277768,0.0871073759520824
"D3",0,0.903724420757293,0,0.000725622277647178,0.0955499569650602
"D3",0,0.88143809088115,0,0.00131201754293836,0.117249891575912
"D3",0,0.889021546600195,0,0.000943009762000484,0.110035443637805
"D3",0,0.905271770353778,0,0.000600534369609493,0.0941276952766129
"D3",0,0.894036988863157,0,0.000520710804464536,0.105442300332378
"D3",0,0.900182691185626,0,0.0012963213779086,0.0985209874364659
"D3",0,0.91652228897933,0,0.000835960353760034,0.0826417506669098
"D3",0,0.899306236213652,0,0.000561655804942058,0.100132107981406
"D3",0,0.924095799086661,0,0.00523480304576892,0.0706693978675706
"D3",0.000518791791560987,0.901865634973831,0,0.00586615755743835,0.09174941567717
"D3",0,0.501530712706557,0,0.00937947101254493,0.489089816280898
"D3",2.90175367079986e-05,0.891824496609793,0,0.00129169738561126,0.106854788467887
"D3",0.000235751753403666,0.913213235796933,0,0.00149593935876365,0.0850550730909
"D3",0.000518791791560987,0.894044319812935,0,0.00877322184843623,0.0966636665470677
"D3",0,0.884029402627213,0,0.00111568909186582,0.114854908280922
"D3",0.000158941162871344,0.899356742579517,0,0.00162240454293711,0.0988619117146745
"D3",0,0.89036994894133,0,0.00200541156229445,0.107624639496376
"D3",0,0.894814259396819,0,0.00252913132388082,0.1026566092793
"D3",0,0.904588530158076,0,0.00846253311046267,0.0869489367314618
"D3",0,0.90526315064469,0,0.00979076203073241,0.0849460873245777
"D3",0,0.898374788797507,0,0.0135460991745428,0.0880791120279499
"D5",0.00733688128710739,0.734627156474427,0.205501759417362,0.00222656028851407,0.0503076425325893
"D5",0,0.513925595927855,0,0.00128718080097061,0.484787223271174
"D5",0,0.923905250777203,0,0.000285070765927339,0.0758096784568701
"D5",0,0.399500612491974,0.187687585463792,0.000409082970092797,0.412402719074141
"D5",0.000323834196891192,0.85132754075826,0.0537183488611102,0.00020481100513391,0.0944254651786046
"D5",0,0.871663255211379,0,0.00102586834194556,0.127310876446675
"D5",0.000408687529191966,0.084430335653693,0,0.000116190148110118,0.915044786669005
"D5",0.000129008477699963,0.828956010635143,0.00976307987372398,0.000139385516626718,0.161012515496806
"D5",0,0.831120923788478,0,0.00773458613223844,0.161144490079283
"D5",0.000396196513470681,0.832924653863899,0,0.0016263874867185,0.165052762135912
"D5",0,0.852688543742293,0,0.000121453335299357,0.147190002922408
"D5",0,0.884878483445063,0,0.000617564404388574,0.114503952150548
"D5",0,0.300434643030703,0.0316580886755957,0.00106751077852515,0.666839757515176
"D5",0,0.550343451820049,0,0.00145659371268222,0.448199954467269
"D5",0,0.92143113735908,0,0.00159999358648416,0.0769688690544358
"D5",0.000492375637850258,0.882380816596564,0,0.00127998401692912,0.115846823748657
"D5",0,0.968245738780986,0,0.000333079760578168,0.0314211814584359
"D5",0,0.72865120734187,0,0.000373715183109899,0.270975077475021
"D5",0.00186127903277124,0.740920543564099,0.203790060247959,0.00745390024106993,0.0459742169141007
"D5",0,0.505964622208069,0.268697208573321,0.00267841202178534,0.222659757196824
"D5",0,0.742882632075121,0.2369470580575,0.00373368424146617,0.0164366256259131
"D5",0,0.423959131467261,0.392958890309512,0.000461090909124849,0.182620887314102
"D5",0.00766071548399858,0.658304568528673,0.304811404093971,0.00311711142225666,0.0261062004711011
"D5",0.000153813024886947,0.647724685904884,0.290717818301377,0.00294372460824811,0.0584599581606046
"D5",0.000408687529191966,0.510546458380027,0,0.00182625846821165,0.487218595622569
"D5",0.000129008477699963,0.414489279923842,0.33817311524986,0.00696688187299158,0.240241714475606
"D5",0.000107669117420863,0.623243603357121,0,0.00185031650151166,0.374798411023947
"D5",0,0.613162329001234,0.326464186648181,0.000577506236984091,0.059795978113601
"D5",7.69065124434737e-05,0.671440977141241,0.277822870741314,6.1525209954779e-05,0.0505977203950467
"D5",0,0.653403343806966,0.277318871581082,0.00140534656896764,0.0678724380429847
"D5",7.69065124434737e-05,0.29602888511623,0.282826494761823,0.00452865102438989,0.416539062585113
"D5",0,0.520703345418562,0.315322739543247,0.0021850992380152,0.161788815800176
"D5",0,0.731606807635103,0.237217256469198,0.00778284294924236,0.023393092946457
"D5",0,0.674865919550815,0.274557849012565,0.00174673001270656,0.0488295014239131
"D5",0,0.769715377058949,0.205546012515454,0.00165132132836627,0.0230872890972307
"D5",0,0.774032418910017,0.206866289623711,0.00350448235850874,0.0155968091077634
"D5",0.000747693286668788,0.909444415804674,0.00173401209035953,0.00179467598652557,0.0862792028317727
"D5",0,0.479078992315723,0,0.000497955418324528,0.520423052265953
"D5",0,0.525651112321231,0.250883034619751,0.000601348441439333,0.222864504617579
"D5",0,0.580381299722047,0.0559323041310311,0.00647217508745387,0.357214221059469
"D5",0.000207770621234157,0.437909255128634,0.170080349062777,0.000325643526547485,0.391476981660808
"D5",0,0.109025986348637,0,0.000600883065344075,0.890373130586019
"D5",0.000368595650571323,0.548088846157326,0,0.00186984369109065,0.449672714501012
"D5",0,0.593807047588375,0,0.00112969358069043,0.405063258830935
"D5",0,0.470861021304791,0.18438833095842,0.000353422671721337,0.344397225065068
"D5",0,0.483854232360372,0,0.000401482237997217,0.515744285401631
"D5",0,0.546728644505692,0,0.000772901009552819,0.452498454484755
"D5",0.000207770621234157,0.423957961011858,0.0338720439455166,0.000514630895081698,0.54144759352631
"D5",0,0.621882486024307,0.0110101930778211,0.00160360880514178,0.36550371209273
"D5",0,0.484223290045897,0,0.00726086792394607,0.508515842030157
"D5",0,0.517012988959166,0,0.000491498770488915,0.482495512270346
"D5",0,0.500229750969505,0,0.000395562354705145,0.49937468667579
"D5",0,0.0980814132609833,0,0.00524091607814464,0.896677670660872
"D5",0,0.723912326086306,0,0.000545049172490535,0.275542624741204
"D5",0,0.414546295954233,0.205766738647801,0.000959639144126889,0.378727326253839
"D5",0.000323834196891192,0.855009892168994,0.0543107184847668,0.00195668936050866,0.0883988657888397
"D5",0,0.846179988779153,0.00026987253427841,0.000497227601469572,0.153052911085099
"D5",0.000408687529191966,0.111217954096478,0,0.000844097831714145,0.887529260542616
"D5",0,0.802926951110679,0,0.00117940421292435,0.195893644676396
"D5",0.000307078151389529,0.811050387917334,0,0.000527380318921968,0.188115153612355
"D5",0,0.619605341310552,0.15437924833011,0.000781032108646294,0.225234378250691
"D5",0,0.660424241252262,0,0.000978909352664252,0.338596849395074
"D5",0,0.548363615922706,0,0.000313260652301607,0.451323123424992
"D5",0,0.26017182734414,0.035335932315832,0.00062863994076296,0.703863600399265
"D5",0,0.511461203734955,0.426781386251771,0.000527848941878987,0.0612295610713946
"D5",0,0.917214554585577,0,0.00087985528582345,0.0819055901285998
"D5",0,0.599311693546726,0,0.000105310184510204,0.400582996268764
"D5",0,0.943763308146416,0,0.000801728901547474,0.0554349629520366
"D5",0,0.752414848315212,0,0.000280863614088553,0.247304288070699
"D5",0,0.942392160782329,0.000206808781419026,0.00097301175812305,0.0564280186781287
"D5",0,0.553996928032361,0.234283322351874,0.0076162415025006,0.204103508113264
"D5",0,0.362291161243179,0.272903644347807,0.000574716239529445,0.364230478169484
"D5",0,0.53413039249703,0,0.000947001303880639,0.464922606199089
"D5",0.000129008477699963,0.436337681939933,0,0.00757673971180143,0.555956569870566
"D5",0.000199608766817039,0.509186875300227,0,0.000765696331120544,0.489847819601836
"D5",0,0.376088812678339,0.308650012694611,0.000830618580292611,0.314430556046757
"D5",0,0.423175408112852,0.260008696787744,0.000411372227031979,0.316404522872372
"D5",0,0.4266699722672,0.259504697627512,0.00096644636146181,0.312858883743825
"D5",0,0.306923742739759,0.269314414650193,0.00075759229670806,0.423004250313339
"D5",0,0.55931648556309,0.00908574351948213,0.000629436630789012,0.430968334286639
"D5",0,0.388626967543519,0.21578072155216,0.000815048143706108,0.394777262760615
"D5",0,0.445268263728919,0.256743675058995,0.000841791347054131,0.297146269865032
"D5",0,0.418919443306493,0.187731838561884,0.000554918391211381,0.392793799740411
"D5",0,0.350235269183007,0.189052115670141,0.000707271621942173,0.46000534352491
"D5",0.000747693286668788,0.724777061521937,0,0.000565501226250701,0.273909743965144
"D5",0,0.779272729317183,0.0710031519532678,0.00188721204392148,0.147836906685627
"D5",0,0.093220508881288,0.0556300770370905,0.000190490299631953,0.85095892378199
"D5",0,0.713261892027691,0.233586758396576,0.002523434818382,0.050627914757351
"D5",0.000323834196891192,0.730399523704234,0.0539914633799031,0.00164208976442031,0.213643088954551
"D5",0.000396196513470681,0.455338945837343,0.221706978993187,0.00174235301538579,0.320815525640614
"D5",0,0.455992856050446,0.0560804174794926,0.000495766544949226,0.487430959925112
"D5",0.000323834196891192,0.372658495097383,0.0548744001369881,0.00199197193689041,0.570151298631848
"D5",0.000323834196891192,0.370394938708243,0.0832447327490121,0.00183176945294748,0.544204724892906
"D5",0.000323834196891192,0.590567660431249,0.0656496080251647,0.00185891640966901,0.341599980937026
"D5",0.000323834196891192,0.852287913965254,0.0549356014900943,0.00190487395406033,0.0905477763937004
"D5",0.00081620983474145,0.784233193432045,0.0548607266006523,0.00151024555136197,0.158579624581199
"D5",0.000323834196891192,0.878404902013703,0.054160311006075,0.00154810846690257,0.0655628443164279
"D5",0.000352920510707404,0.553857085444486,0.056833170547084,0.000537567067657269,0.388419256430065
"D5",0.00218511322966243,0.870737168136686,0.0595764786726711,0.00184244076774397,0.0656587991932367
"D5",0.000131363848668846,0.442347631657527,0.248647407287253,0.000629466643225751,0.308244130563326
"D5",0.000737191301142647,0.728148090692379,0.247470911220949,0.00100292887052968,0.0226408779149998
"D5",0.000520709354915496,0.748858074869945,0.215746663460957,0.000593040592476773,0.0342815117217053
"D5",0,0.755821179157939,0.0198681335218281,0.00139876881945137,0.222911918500782
"D5",0,0.789945176192132,0,0.000329869046609176,0.209724954761259
"D5",4.34329230699218e-05,0.805478861605716,0.0203671593872812,0.00247847518915856,0.171632070894774
"D5",0,0.242120673589533,0.133457773388261,0.00137711479208403,0.623044438230122
"D5",0.00202751177516454,0.440796877666128,0.213841548209472,0.00187668575794099,0.341457376591294
"D5",0,0.832378962281345,0.133905871877096,0.00181808733835735,0.0318970785032023
"D5",0,0.820326553558349,0,0.00035683316838224,0.179316613273268
"D5",0,0.882026904395732,0.0198584700248162,0.000277585970307015,0.0978370396091452
"D5",2.91297758931651e-05,0.870894418309218,0,0.000784124224883095,0.128292327690005
"D5",0.000190900413617563,0.664706497847701,0.314353144947345,0.000466944508524251,0.0202825122828119
"D5",0,0.529362576359642,0,0.00299310406775687,0.467644319572601
"D5",0.000408687529191966,0.110711275984533,0,0.00156068271149604,0.887319353774779
"D5",0,0.149985076474625,0.263286318692259,0.000760669548050994,0.585967935285065
"D5",0.000131363848668846,0.13835689556251,0.214645002785392,0.0006218117563289,0.646244926047101
"D5",0.000408687529191966,0.101939846337774,0.21414100362516,0.000751940864039354,0.682758521643834
"D5",0.000408687529191966,0.412387425567328,0.0327148398859595,0.00199793604685649,0.552491110970664
"D5",0.000408687529191966,0.627645437838447,0.0157841760737177,0.00240937664134811,0.353752321917295
"D5",0.000408687529191966,0.102542201438796,0.170417027549808,0.000752884034383913,0.725879199447821
"D5",0.000408687529191966,0.114778132135354,0.211379981056643,0.00104540054545238,0.672387798733358
"D5",0.000408687529191966,0.0976227553039467,0.142368144559532,7.26866165288853e-05,0.759527725990801
"D5",0.000408687529191966,0.0961669137234877,0.393214546044398,0.000144812803896565,0.510065039899026
"D5",0.000408687529191966,0.51963625992564,0.000206808781419026,0.00214612315082871,0.47760212061292
"D5",0.000129008477699963,0.689376606793198,0.00936232952451161,0.00124235532532975,0.299889699879261
"D5",0.000129008477699963,0.704282584936179,0.253864237634959,0.000263537127979798,0.0414606318231816
"D5",0.00127165499447107,0.716337542174385,0.205222921728092,0.000783086718600491,0.0763847943844514
"D5",0,0.750578134035243,0.214095586954757,0.00150102336017206,0.0338252556498274
"D5",0.000423884998157022,0.32774321347355,0.216222990125749,0.00332722594692035,0.452282685455623
"D5",0,0.516297400525135,0.0176060007404106,0.0069796447567582,0.459116953977696
"D5",0,0.778487540696335,0.160994946492508,0.008303017869138,0.052214494942019
"D5",0,0.757543477562418,0.201957899999343,0.00109528267412465,0.0394033397641144
"D5",0,0.832394774823456,0.132946063502232,0.00561569480216005,0.0290434668721519
"D5",0.000143375055293849,0.826063734395755,0.143858535376503,0.00786053233608421,0.022073822836364
"D5",0,0.949487671982473,0.00968049688054088,0.00396653719104314,0.0368652939459425
"D5",0,0.401564035957026,0.251493031807761,0.000442119848455069,0.346500812386757
"D5",0.000371935253511069,0.421777294780773,0.202851715900894,0.000446517634708006,0.374552536430114
"D5",0,0.764479248333184,0.202347716740662,0.000985935524307231,0.0321870994018462
"D5",0.000148774101404428,0.401707447255832,0.0319312031943887,0.000588611041743871,0.565623964406631
"D5",0.000764215976792788,0.595368830353468,0.00912020881682093,0.00176122056602391,0.392985524286894
"D5",0,0.80204343319912,0,0.00152536180459889,0.196431204996281
"D5",0,0.765804698856783,0,0.00148972194579942,0.232705579197417
"D5",0,0.837429307906625,0,0.00127878775195345,0.161291904341422
"D5",0,0.52645114052467,0,0.000626957822375109,0.472921901652955
"D5",0,0.949985287315877,0.000206808781419026,0.00780367922944274,0.0420042246732612
"D5",0,0.790494540672554,0,0.000153425311723952,0.209352034015722
"D5",0,0.51163507393245,0.193009993966182,0.000524415155788831,0.294830516945579
"D5",0,0.249609407702539,0.686460351045721,0.000637071952025347,0.0632931692997143
"D5",0,0.488327557120442,0.235639382499452,0.00109727266422265,0.274935787715884
"D5",0,0.590448845612283,0.149286017890829,0.000519796304908114,0.25974534019198
"D5",0,0.784976170040625,0.190248971397664,0.000385067873495757,0.024389790688215
"D5",0,0.843026218979503,0.121237134900553,0.000332457206020395,0.0354041889139236
"D5",0,0.691709013918641,0,0.000476024595398697,0.30781496148596
"D5",0,0.492105113216652,0.324752487478778,0.000476524946892271,0.182665874357678
"D5",0,0.526949718108107,0,0.000339677575560942,0.472710604316332
"D5",0.000796593032874782,0.27055444657031,0.54083012677823,0.00244891118528138,0.185369922433304
"D5",0.00338438504008235,0.463961165831928,0.171254143282408,0.000583712298238254,0.360816593547343
"D5",0,0.621704690383793,0,0.000538642448377472,0.37775666716783
"D5",0,0.840596229513707,0,0.000720497984927166,0.158683272501366
"D5",0.000159480383912779,0.883543334400691,0,1.44982167193435e-05,0.116282686998677
"D5",0.000244231819096055,0.717638613899633,0,0.000500226373423104,0.281616927907847
"D5",0.000349984091632199,0.805471646427383,0.000206808781419026,0.00048487886437785,0.193486681835187
"D5",0,0.335376393721588,0.0350690789371976,0.00130969537554414,0.628244831965671
"D5",0.00210549299728625,0.53291619400984,0.180010988824075,0.00149689740261004,0.283470426766189
"D5",0,0.529895477803942,0,0.00132310676464946,0.468781415431409
"D5",0,0.819347152612356,0,0.000942612486684504,0.17971023490096
"D5",0,0.896812846793353,0,0.000317163870151311,0.102869989336495
"D5",0,0.622572549651683,0,0.000157873777489919,0.377269576570827
"D5",0.000120972920747139,0.674910980641414,0.275607172411679,0.00102320268282217,0.0483376713433376
"D5",0.00101375588758227,0.411403879979587,0.0432685812503998,0.00159837589419691,0.542715406988234
"D5",0,0.25250759228574,0.0622205949164058,0.00483094077095252,0.680440872026902
"D5",0,0.298704020960236,0.037066183222163,0.00113179147374647,0.663098004343854
"D5",0,0.304400443178223,0.0321000508205606,0.00440858037398377,0.659090925627233
"D5",0,0.222618329793215,0.0347729103615695,0.000562122774834507,0.742046637070381
"D5",0.000190900413617563,0.461799160704558,0.0420032482139069,0.00153898483001949,0.494467705837898
"D5",0,0.506394653246085,0.14109600313796,0.00651151310190606,0.345997830514049
"D5",0,0.541524044601716,0.00909058318774147,0.00171907278297259,0.44766629942757
"D5",0,0.542047835399692,0.319593499507031,0.00233593997904882,0.136022725114228
"D5",0,0.428318720002297,0.392176688170358,0.000661641418061934,0.178842950409284
"D5",0,0.779277303776444,0.00920490544413335,0.00190243962082438,0.209615351158599
"D5",0,0.855996101969724,0,0.00199221943006286,0.142011678600213
"D5",0,0.939621041458092,0,0.00568416680518544,0.0546947917367231
"D5",0,0.721696617303852,0,0.00468559273194943,0.273617789964199
"D5",0,0.720378859059966,0.0015272033089405,0.00192994193388404,0.276163995697209
"D5",0,0.90073421580885,0,0.00158776477774425,0.097678019413406
"D5",0,0.652762138460569,0,0.000438751875741673,0.346799109663689
"D5",0,0.966965516368548,0,0.00159509455075336,0.0314393890806988
"D5",0,0.734080023862608,0,0.0041558721854777,0.261764103951915
"D5",0,0.747668424279836,0.203834313346051,0.0014637465102451,0.0470335158638676
"D5",0,0.614459090034414,0.204947781672889,0.000761499005506463,0.17983162928719
"D6",0.000577511394143722,0.898337471532177,0.0277063067094093,3.1716144546067e-05,0.073346994219724
"D6",0.000312168321158769,0.838763080221872,0.0719864414650193,0.000602970004377703,0.0883353399875728
"D6",0.000374601985390523,0.87813080955476,0.0271586439408129,0,0.0943359445190371
"D6",0.000849784653448285,0.91290981142306,0,0.000283736492361978,0.0859566674311301
"D6",0.00340847045358727,0.836903354530922,0,0.00159680554494006,0.15809136947055
"D6",0.261721914842953,0.623340349088881,0.0283355095250879,6.18186510765381e-05,0.0865404078920016
"D6",0.00329337578822501,0.879882010003574,0.0294838942714811,0.000353809942142454,0.0869869099945776
"D6",0.000520421344368621,0.762653993122625,0.0279292223694205,0.000979646718321625,0.207916716445264
"D6",0.00329337578822501,0.810788338150161,0.0285240325046843,0.000572306253796668,0.156821947303133
"D6",0.000686770306549291,0.810235638635772,0.0311914800919369,0.000572179630991224,0.157313931334751
"D6",0.00178231208899269,0.914678148129649,0.000310219067798205,0.000200960155392636,0.0830283605581675
"D6",0,0.899908228676431,0,0.00119843162977499,0.0988933396937939
"D6",0.00487898287164992,0.871176192169976,0.0446788172586565,0.000297738536788461,0.0789682691629296
"D6",0.0039801460947743,0.807600622820213,0.00234180909243301,1.46670577882077e-05,0.186062754934791
"D6",0.234805051092482,0.646093303713753,0.0292803378446155,8.83970959624397e-05,0.0897329102531873
"D6",0.000312168321158769,0.897123797037338,0.0274815749803573,1.46786836156533e-05,0.0750677809775298
"D6",7.6753039420361e-05,0.894565275078331,0.0300630025289889,0.000263796223941756,0.0750311731293176
"D6",0.00105107327905255,0.653759102271379,0.205288868918743,0.000607440734116374,0.139293514796709
"D6",0.00496138132435107,0.902915393578578,0,0.000179033010008833,0.0919441920870619
"D6",0.00682641186604217,0.768564540406334,0.0342920670114019,0.000245074405370748,0.190071906310851
"D6",0.000638947762124423,0.533987241317601,0.173184274964302,0.000405356655829082,0.291784179300143
"D6",0,0.891754442391839,0.0278875069145738,0.000121773858715348,0.0802362768348717
"D6",0.000686770306549291,0.877519165120115,0.0271586439408129,0.00017570650532527,0.0944597141271974
"D6",0.0039801460947743,0.784283637041441,0.0468070094939419,0.000126967171343466,0.1648022401985
"D6",0.00329337578822501,0.374005684893056,0.0310681575737179,0.000618060086114204,0.591014721658887
"D6",0.00338599767839398,0.677364123590633,0.143250733744839,0.000166549545744027,0.175832595440389
"D6",0.00329337578822501,0.642536239282256,0.177282203887371,0.000746132919233828,0.176142048122914
"D6",0.122203071137574,0.714827275242869,0.00210713616782169,0.000406304043101181,0.160456213408634
"D6",0,0.862484295902262,0.0295978914329616,0.000247919060766969,0.107669893604009
"D6",0.150490212708213,0.672100673943627,0.00329841303292288,1.69623774468229e-05,0.17409373793779
"D6",0.00108497389772942,0.88094182574577,0.0356026566417499,0.00120659761296848,0.0811639461017822
"D6",0.297574652265071,0.305687929690787,0.0293129173093134,1.57124002262586e-05,0.367408788334602
"D6",0.0067029629426474,0.518218609446198,0.0614133161360456,0.000828093872924534,0.412837017602185
"D6",0.00428005012548447,0.852493812768451,0.0334835032973004,0,0.109742633808764
"D6",0.00171896422753727,0.881969697788346,0.0287509513952853,0,0.087560386588832
"D6",0.0026171416972494,0.881760472255485,0.0407840357252785,1.56084160579384e-05,0.0748227419059289
"D6",0.00355871886120996,0.800617518947016,0.00210713616782169,0.000251266200603255,0.193465359823349
"D6",0.00408851509930734,0.785500974526751,0.0827957305204307,7.58173106083581e-05,0.127538962542903
"D6",0.00815945751504269,0.349296789079576,0.0292657801086346,0.000265343072984953,0.613012630223761
"D6",7.6602524819218e-05,0.890359976696841,0.0466274423242141,0.00243057113961999,0.0605054073145055
"D6",0.00622054850893612,0.918311520138389,0.00126791859437857,0.00199059276454637,0.0722094199937498
"D6",0.00666447624954091,0.957039047283258,0.000622648786601871,0.000435623309124878,0.0352382043714741
"D6",0.00011509466536226,0.890850348038077,0.00114626552173188,0.0023233690426203,0.105564922732208
"D6",0.00617199583241651,0.693165731925735,0.00121507279041351,7.60813400990198e-05,0.299371118111336
"D6",0,0.975859583722393,0.00108068793402297,0.00095666968216682,0.0221030586614174
"D6",0.00679408147196338,0.926633953504415,0.00133983849742862,0.000794879688853761,0.064437246837339
"D6",0,0.973257122881047,0.000365756719211911,0.00216746292141733,0.0242096574783233
"D6",0.00599207499758384,0.964540432505404,0.000856378800263774,0.000843558105224029,0.0277675555915241
"D6",0.000645319894290455,0.745977047044255,0.00637123079029632,0.00272547597050727,0.244280926300651
"D6",0,0.974274319391283,0.000734981212685098,0.000848855492933652,0.0241418439030986
"D6",0.000675060441458131,0.57850689087856,0.0183247424453416,0.00279286942312612,0.399700436811514
"D6",0.00622674792219516,0.329344188458666,0.000240175256622008,0.00548563601226546,0.658703252350252
"D6",0,0.963619120360896,0.00877561204101563,0.000109654114402444,0.0274956134836858
"D6",0,0.710770372526832,0.000254865566065107,0.000274219619189087,0.288700542287914
"D6",7.6753039420361e-05,0.603773452792346,0.000486468532863028,0.00017188516914102,0.395491440466229
"D6",0,0.565779342814693,0.149436537827015,0.000696162433243242,0.284087956925049
"D6",0.00263262750455373,0.961266784220077,0.00692910414359433,0.00165545694192926,0.0275160271898457
"D6",0.000144433531688717,0.858137267919938,0.0002255081988338,1.44433531688717e-05,0.14147834699637
"D6",0.000638947762124423,0.510837426726654,0.13690106395794,9.45518240127863e-05,0.351528009729269
"D6",0.00269679300291545,0.977047931434237,0,0.000889789043231922,0.0193654865196158
"D6",0.00613159560477752,0.956149415686789,0,0.00137310957836301,0.0363458791300703
"D6",0.00679167519748389,0.937637704777649,0.00275442157146999,1.61077284881286e-05,0.0528000907249091
"D6",0.000118133490844654,0.537648433003447,0.00557104865955441,0.00309821549012412,0.453564169356029
"D6",0.000237860713895015,0.146213540942837,0.123293692783734,0.000213284849963005,0.730041620709571
"D6",0.00374918344018023,0.220823479518294,0.128921077224917,0.000804890347423643,0.645701369469186
"D6",0.00020369790034472,0.716226836331779,0,0,0.283569465767877
"D6",0,0.967184845568502,0.0002255081988338,0.000618714662752822,0.0319709315699109
"D6",0.00481731519489772,0.712303857667803,0.00356177849724794,0.000372187053144347,0.278944861586907
"D6",0,0.97342833284378,0.00278587009024476,0.000716794930850126,0.0230690021351256
"D6",0.00701338101229065,0.689074377213068,0.00280155877214877,0.000128071171381289,0.300982611831112
"D6",0.00255299136685814,0.636583483032293,0.0329207069948412,0.00107590958027987,0.326866909025728
"D6",0.00693677269432089,0.882910086439296,0.00472798641614542,0.000200500254724712,0.105224654195513
"D6",0,0.940114655352237,0.0002255081988338,0.000189402144975706,0.0594704343039533
"D6",0.0065720023871465,0.765751962304408,0.00275442157146999,0.000175043871436335,0.22474656986554
"D6",0.00133256913597937,0.373453167724558,0.0002255081988338,0.000116408631196253,0.624872346309432
"D6",0.00896694637253085,0.789844019838586,0.0445936327660699,0.000143081023660243,0.156452319999153
"D6",0.00614791026191544,0.477327647679904,0,3.22154569762572e-05,0.516492226601204
"D6",0.00600563794582669,0.912407255924163,0.0448277975242064,4.38796938828783e-05,0.0367154289119206
"D6",0.00358380562024754,0.918467443421078,0.0448987154863078,0.000359137460681427,0.0326908980116853
"D6",0.00356967765657556,0.895485411574835,0,0.00073894876617891,0.100205962002411
"D6",0.00311006250766025,0.66121690743363,0.307970249310428,0.000301830670421181,0.0274009500778598
"D6",0.00632736855006741,0.922875015737051,0.0479922206947568,0.000378980436699602,0.0224264145814248
"D6",0.00311006250766025,0.900582958774413,0.0469041707414262,0.000687756139818028,0.0487150518366821
"D6",0.00335519058708175,0.919784906900131,0.0470323589279601,0.00229541611075922,0.0275321274740684
"D6",0.00600563794582669,0.91306322648039,0.0485425416551493,0.000598214063413393,0.0317903798552212
"D6",0,0.847087370413348,0.0498554899089405,0.000705982352209489,0.102351157325502
"D6",0.00289557543816644,0.917915182855068,0.0453531915697405,0.000798160501288288,0.0330378896357362
"D6",0.00335519058708175,0.902029702963439,0.063727573438936,0.000265748635366271,0.0306217843751772
"D6",0.00708126952184673,0.575893095107286,0.0471293607172581,0.000132656967269505,0.36976361768634
"D6",0.00335519058708175,0.507074983855883,0.275708587940862,0.000204571072715547,0.213656666543458
"D6",0,0.673585626435825,0.0465282903678003,0.00214269560871537,0.27774338758766
"D6",0,0.924740048490085,0.0488930595565054,0.000475236683081438,0.0258916552703282
"D6",0,0.526387763772374,0.200943368428138,0.000631578121330053,0.272037289678157
"D6",0.000498064663023679,0.47819230592241,0.0500971983484663,0.0020247833306655,0.469187647735434
"D6",0.00335519058708175,0.865615502530513,0.00134820443681824,0.000104612079361989,0.129576490366225
"D6",0.00054544321156963,0.546882202556932,0.0465967724385212,0.000138675305060458,0.405836906487916
"D6",0.00559236844108189,0.913729082374112,0.0469048649347856,4.44750239142809e-05,0.0337292092261064
"D6",0.00600563794582669,0.451965674695271,0.0461760019610246,0.000585451313664237,0.495267234084214
"D6",0.00936082853290844,0.5453429329785,0.063717231346332,0.000475669139324197,0.381103338002935
"D6",0.00335519058708175,0.534118572708818,0.0522451100531688,0.000749964508552588,0.409531162142379
"D6",0.00344637292178025,0.549127149187098,0.163285597914769,0.000117379174118798,0.284023500802234
"D6",0.00335519058708175,0.197008793135638,0.0461920925834099,0.000789128770835088,0.752654794923036
"D6",0.000291089594313029,0.568883647279975,0.0467400884542869,0.000416442148371317,0.383668732523054
"D6",0,0.913694161867487,0.0486152494531733,0.00157658305665552,0.0361140056226837
"D6",0.00357906164127964,0.519500191521645,0.0474295760196066,0.000176734917017176,0.429314435900452
"D6",0,0.908548087067045,0.0524814299753652,0.000730965102736209,0.0382395178548532
"D6",0.00358143451444801,0.364810723177211,0.342370066730962,0.000720847523825479,0.288516928053553
"D6",0.00335519058708175,0.58964262596228,0.0783235379884357,0.000124039530581498,0.328554605931621
"D6",0.00676515712545218,0.829722138750138,0.0464618867004843,9.15977263547267e-05,0.11695921969757
"D6",0,0.93066209692615,0.047768309415497,9.19230297830616e-05,0.0214776706285702
"D6",0.00343204504994198,0.41228490045386,0.356690263539864,6.22897720194344e-05,0.227530501184315
"D6",0.00335519058708175,0.585151060574085,0.0486691958283409,0.00029252483519931,0.362532028175293
"D6",0.00669349024077794,0.906357092764326,0.0464797423319846,9.14519012565457e-05,0.040378222761655
"D6",0.00338295124703261,0.507472439230881,0.0461760019610246,6.12820198553744e-05,0.442907325541206
"D6",0.000468538560065657,0.982769549138291,0.00421310296106097,0.000255880675800563,0.0122929286647814
"D6",0,0.888342569928124,0,0.000129159782400247,0.111528270289476
"D6",0.00145436008156411,0.703847275926281,0.263168504301632,0.000217049150665582,0.0313128105398583
"D6",0.00275721742207543,0.95395590644321,0,7.32575072311844e-05,0.0432136186274836
"D6",0,0.916946514137937,0.00162568783145716,8.71892739485663e-05,0.0813406087566568
"D6",0,0.967598102157743,0.00118265891592288,0.0019139891612627,0.0293052497650712
"D6",0,0.957667080213705,0,0.000140974210267659,0.0421919455760273
"D6",0,0.889380491321783,0,0.000165756858481496,0.110453751819736
"D6",0,0.952608679115233,0,1.42795944595173e-05,0.0473770412903079
"D6",0,0.934493481971975,0.0187938961958894,0,0.0467126218321356
"D6",0,0.950905558347851,0.000199914322433243,2.93341155764154e-05,0.048865193214139
"D6",0.00104241039554477,0.742737601812581,0.231573805218565,4.36732079427008e-05,0.0246025093653659
"D6",0,0.94396872006268,0.000199914322433243,0.0022563511549265,0.0535750144599601
"D6",0,0.953247865088398,0.00150328505200724,7.35399991466965e-05,0.0451753098604484
"D6",0,0.670505953195696,0.152788802684014,0.000347428557899422,0.17635781556239
"D6",0.00176894856992072,0.941256998854511,0.000199914322433243,0.00213844770729276,0.054635690545842
"D6",0.00176457805398835,0.867552751980785,0.000199914322433243,0,0.130482755642793
"D6",0.00104241039554477,0.814274757004332,0.00715041924700624,0.000346693634763508,0.177185719718354
"D6",0.00378411751065453,0.946717887252818,0.000199914322433243,0.0015475541719105,0.0477505267421834
"D6",0.00104241039554477,0.941396179349204,0.000199914322433243,0.0016861703910766,0.0556753255417413
"D6",0.0185836397808521,0.91737442002974,0.000199914322433243,6.18758639148701e-05,0.0637801500030603
"D6",0.00104241039554477,0.968954626567519,0.00124834905367955,2.90462808150992e-05,0.0287255677024419
"D6",0.00127418627651442,0.809378994952225,0.114184867958638,0.000144897452533506,0.0750170533600888
"D6",0.00173430715811154,0.770214182244701,0.0056963643170939,0.000205347406210512,0.222149798873883
"D6",0.00104241039554477,0.81780393799085,0,0.000164022913043535,0.180989628700562
"D6",0.00340543140356379,0.951876600688137,0.000199914322433243,0.000308562804947571,0.0442094907809189
"D6",0.001212034170013,0.77745948308585,0.150940062805897,7.40807552848923e-05,0.0703143391829548
"D6",0.00104241039554477,0.950844282930975,0,4.57281132342831e-05,0.0480675785602456
"D6",0.002393676815003,0.321429790637237,0.296407217776326,4.57043949120345e-05,0.379723610376522
"D6",0.0012103703538907,0.944967664698026,0.000199914322433243,0.000366176693195034,0.0532558739324547
"D6",0.00104241039554477,0.962285735421726,0.000482676330379933,4.35543904545433e-05,0.0361456234618944
"D6",0.00456712980932827,0.967631058723253,0.000199914322433243,0,0.0276018971449858
"D6",0.00104241039554477,0.632136914893528,0.310527500262795,0.000386783638491546,0.0559063908096409
"D6",0.00225956423359141,0.941925965571384,0.000199914322433243,0.000243391482867443,0.0553711643897237
"D6",0.00126544298905907,0.859691571239634,0.00257704240488707,4.46065187028606e-05,0.136421336847717
"D6",0.00222785911722085,0.887449003396434,0.000199914322433243,0,0.110123223163912
"D6",0.00128587239232568,0.881437156938184,0.00131789791066615,0.000128058813282583,0.115831013945541
"D6",0.262032021240281,0.348571096549131,0.00138670517934777,0.000159258758552909,0.387850918272688
"D6",0.261109003994922,0.700085680927357,0.00125232032295724,0.000129895874873108,0.0374230988798904
"D6",0.000936672215987032,0.924747751040419,0.00154632511935239,0.000143429298112968,0.0726258223261282
"D6",0.312730595469819,0.655534380950049,0.00053738910814618,5.64168889161984e-05,0.0311412175830695
"D6",0,0.961971057788103,0,0.000169546126156081,0.0378593960857405
"D6",0.00178231208899269,0.966333499534713,0,0.000791890075172987,0.0310922983011217
"D6",0.0336570609775514,0.921213464524706,0,0,0.0451294744977428
"D6",0.208080270356364,0.735317635800703,0.0180196300277809,0.000723246089355245,0.0378592177257972
"D6",0,0.520771984684749,0.000411807645556278,0.000204855343666988,0.478611352326028
"D6",0.231511675304257,0.745396180005148,0.00328277028961698,0.000329964061272749,0.0194794103397052
"D6",0.347018759357661,0.301267977019467,0.000426497954999377,4.35409596515949e-05,0.351243224708221
"D6",0.238070602456858,0.276174956742743,0.000658100921797297,5.67343696811528e-05,0.485039605508921
"D6",0.00105107327905255,0.275212160086166,0.00917210150572429,0.000115949765684114,0.714448715363373
"D6",0.00461065573770492,0.916000808038485,0.00039714058776807,1.41835924202882e-05,0.0789772120436216
"D6",0.00416997289382658,0.853495644151492,0.00039714058776807,1.41835924202882e-05,0.141923058774493
"D6",0.000772380690294241,0.824081545106696,0.00734764551234107,0.000355811710814202,0.167442616979855
"D6",0.270095742143448,0.68750551712799,0.00039714058776807,0.000159956187172475,0.0418416439536214
"D6",0.00337546346432767,0.949991557364733,0.00039714058776807,9.88220835401776e-05,0.0461370164996313
"D6",0,0.946099164287519,0.0180092879351769,1.41835924202882e-05,0.0358773641848844
"D6",0,0.484616723643434,0.00415755694096589,0.000101617522683192,0.511124101892917
"D6",0,0.286771463377685,0.128608633638981,7.2106614478414e-05,0.584547796368856
"D6",0.000691896762566776,0.340580399576328,0.0573051641071495,0.000706676473018245,0.600715863080938
"D6",0.122093387652773,0.491751184461091,0.00039714058776807,0.000108198007964005,0.385650089290404
"D6",0.00258995848674364,0.955474192632485,0.00039714058776807,0.000179758448694227,0.0413589498443089
"D6",0.150337551311192,0.786549137151209,0.00114655364774243,0.000215243004043243,0.0617515148858133
"D6",0.284348580349345,0.686044633081,0.00039714058776807,0.000121172074197779,0.0290884739076889
"D6",0.296877053750486,0.366766621161026,0.00402516999219597,0.000129181139588564,0.332201973956703
"D6",0.00589539453794215,0.523275372358537,0.0353209267507926,4.51631806751695e-05,0.435463143172053
"D6",0,0.937143342883256,0.000679614589597073,0.000156831125738391,0.0620202114014086
"D6",0.00333920786568964,0.976077736737643,0.00039714058776807,0.000148214440473886,0.0200377003684259
"D6",0.0021801420206802,0.663635690511278,0.00039714058776807,0.000524202746401495,0.333262824133872
"D6",0,0.523152240677553,0.0175345479306409,0.000526969539049464,0.458786241852757
"D6",0,0.965109095612716,0.00456385884312636,0.000219612974214007,0.0301074325699439
"D6",0.0415017218094171,0.412110676641878,0.00039714058776807,2.83671848405764e-05,0.545962093776096
"D6",0,0.882722664639057,0.00191032191447779,0.000118127514024462,0.115248885932441
"D6",0,0.909400612787539,0.00177593705808726,0.000145298911793362,0.0886781512425801
"D6",8.74916153868588e-05,0.854756714761623,0.00150403475881048,0.000723633918519727,0.14292812494566
"D6",0.00014024852037811,0.900916031310146,0.00106100584327619,0.002089887777891,0.0957928265483087
"D6",0.00231319220524324,0.733053277446453,0.00155162792432806,0.000724908816360281,0.262356993607615
"D6",0.000645319894290455,0.8970565117601,0.00104367539800103,5.85252588987157e-05,0.101195967688709
"D6",0,0.883600954847773,0,0.000800857120839238,0.115598188031388
"D6",0.000531144227425686,0.903363508337785,0.000952155482965904,0.002344172500859,0.0928090194509641
"D6",0.00127603402757407,0.662245713673272,0.000935424380686291,0.000145829904028301,0.33539699801444
"D6",0,0.877039261345185,0.000920757322898084,0.000289787497133063,0.121750193834784
"D6",0,0.86380855562951,0.00095011469012939,0.0017891344597846,0.133452195220576
"D6",0,0.893899973725257,0.00118171765692731,8.82485484492746e-05,0.104830060069366
"D6",0,0.499681123882795,0.236429110482232,0.000758123704785676,0.263131641930188
"D6",0.00779826958105647,0.878990062229474,0.000920757322898084,0.00255975812903244,0.109731152737539
"D6",0.000115546825350973,0.796798074255928,0.000920757322898084,0.00123873717260762,0.200926884423216
"D6",0.00054544321156963,0.462599668504118,0.19657461340278,0.000166635974995056,0.340113638906537
"D6",0,0.894128743449796,0.000920757322898084,0.00103927966174919,0.103911219565556
"D6",0.000517925994130172,0.889940378188506,0.000920757322898084,0.00134892348068936,0.107272015013776
"D6",0,0.661445203910101,0.0280867780991245,0.000105250840847248,0.310362767149927
"D6",0,0.88969073271419,0.00196919205414439,0.00140050849679739,0.106939566734868
"D6",0.000851331854263627,0.513954661830485,0.124530502350022,0.000144833215247809,0.360518670749982
"D6",0.00366866190384244,0.432730443260136,0.198782785020444,0.00117518120326106,0.363642928612317
"D6",9.40144155437167e-05,0.633900117451744,0.242979668154055,0.000103272304365985,0.122922927674292
"D6",0,0.899150056321971,0.000920757322898084,0.00103348364626911,0.0988957027088616
"D6",0.000814194117447501,0.550086668114256,0.00165679975345213,0.000408606170511331,0.447033731844333
"D6",0.000869859115956637,0.902779165525888,0.000920757322898084,0.00155272740604542,0.0938774906292119
"D6",0.00076990761108667,0.680166229508637,0.0012270519250874,7.32597329073888e-05,0.317763551222282
"D6",0.0026680860322204,0.650929621301686,0.0426930847412282,0.00114185514549001,0.302567352779375
"D6",0.00517334452975048,0.80802119986161,0.000920757322898084,5.81557010463563e-05,0.185826542584695
"D6",0.00139133661070402,0.892319409382275,0.000920757322898084,0.00146612252152203,0.103902374162601
"D6",0.00137764815859038,0.693150270108626,0.000920757322898084,0.00032109325392915,0.304230231155957
"D6",0.00133256913597937,0.450539731147668,0.0130387425811333,0.000272594104051069,0.534816363031168
"D6",0.00287565979559705,0.804418566892425,0.000920757322898084,7.426405270558e-05,0.191710751936374
"D6",0.00592729593156026,0.833406070761971,0.000920757322898084,0,0.159745875983571
"D6",0.265066801205211,0.690011215035306,0.00184474432676888,5.94757621912791e-05,0.0430177636705233
"D6",0.260855223701571,0.653789637526096,0.0015728420274921,7.4144080503788e-05,0.0837081526643369
"D6",0,0.968186153992499,0.00112981311195781,0.0001131673671674,0.0305708655283762
"D6",0.262309583783135,0.688784413758829,0.00162043519300968,4.30320962996105e-05,0.047242535168726
"D6",0.00178231208899269,0.953964215550947,0.00111248266668265,0.000364669303972235,0.0427763203894054
"D6",0.00145436008156411,0.552715784834962,0.001499037605431,2.99868058054456e-05,0.444300830672237
"D6",0.00139721812301799,0.628179072651407,0.00102096275164753,0.000233369169115089,0.369169377304813
"D6",0.260855223701571,0.379972440462952,0.0013461428100999,0.000250319017743076,0.357575874007634
"D6",0.00199440982938333,0.958994036626097,0.000989564591579705,5.8230943923601e-05,0.0379637580090161
"D6",0.260855223701571,0.546878786920345,0.00101892195881101,0.00111726667410161,0.190129800745171
"D6",0.260855223701571,0.406240346719505,0.00125052492560893,4.53374136895178e-05,0.331608567239625
"D6",0.00209985326663522,0.426429801975214,0.151517963184282,5.9594503806926e-05,0.419892787070062
"D6",0.264967814776253,0.295396838915467,0.000989564591579705,0.000129599738410181,0.43851618197829
"D6",0.264798259116673,0.592368200790196,0.00135834911707541,2.99868058054456e-05,0.141445204170249
"D6",0.261400666913141,0.546001840601431,0.0079400695161527,0.000199639748586672,0.184457783220689
"D6",0.00625027844891105,0.963070526519352,0.000989564591579705,4.41479218531601e-05,0.0296454825183042
"D6",0.268606813002279,0.285858110173243,0.000989564591579705,2.99868058054456e-05,0.444515525427093
"D6",0.279850813168443,0.703656740359579,0.000989564591579705,2.99868058054456e-05,0.015472895074593
"D6",0,0.644882203395775,0.00528667032105401,5.95201785166092e-05,0.349771606104655
"D6",0.261649460462392,0.17067340198271,0.11522816529806,0.000102472262178398,0.452346499994659
"D6",0.261547120464138,0.238211586785962,0.130789323715136,0.00126347284198235,0.368188496192782
"D6",0,0.773934568131921,0.000989564591579705,2.99868058054456e-05,0.225045880470694
"D6",0.26321824470959,0.685501265835081,0.00130618930999933,1.52452968259292e-05,0.0499590548485038
"D6",0.00374868541574787,0.689875293626444,0.000989564591579705,0.00010889176940726,0.305277564596821
"D6",0.00126489473256209,0.7821205549865,0.000989564591579705,9.36146998396371e-05,0.215531370989519
"D6",0,0.796847669031785,0.00747303390643621,7.56860118371498e-05,0.195603611049941
"D6",0.264612691649172,0.455333800563004,0.00131704420305998,0.000280124150392471,0.278456339434372
"D6",0.260855223701571,0.713698962499686,0.00143939545678596,7.49688131463998e-05,0.02393144952881
"D6",0.265786739021733,0.698848654908323,0.000989564591579705,0.00714791326154679,0.0272271282168171
"D6",0.0021801420206802,0.814567796099702,0.000989564591579705,7.4967014513614e-05,0.182187530273524
"D6",0,0.680826370198517,0.000989564591579705,0.00027955703502495,0.317904508174878
"D6",0.000931291572158302,0.656668071264874,0.264480509754819,0.000105634057194855,0.0778144933509537
"D6",0.275953580424613,0.262568794217878,0.000989564591579705,2.99868058054456e-05,0.460458073960123
"D6",0.00275721742207543,0.925281969966933,0.00143845717110156,0.000423851394807126,0.070098504045083
"D6",0,0.974456143794693,0.000995428255567282,0.00294059636383938,0.0216078315859008
"D6",0.261889730791543,0.704819885791128,0.00148605033661914,0.000481008576713928,0.0313233245039961
"D6",0.258601633253217,0.715609585689478,0.000978097810292116,0.000105072190935271,0.0247056110560776
"D6",0,0.96476270092192,0.00136465274904047,0.000376221992938792,0.0334964243361009
"D6",0.000910546641966781,0.955393765625373,0.0196895208158843,0.00214579355407079,0.0218603733627054
"D6",0.00275721742207543,0.666227479453122,0.000869846792977379,7.35675501551656e-05,0.33007188878167
"D6",0.231511675304257,0.714428995728219,0.00362695489324551,1.47444781929168e-05,0.0504176295960858
"D6",0.00017614420338784,0.977454225883673,0.000884537102420478,0.000146984219888324,0.0213381085906306
"D6",0,0.975912414674277,0.0011161400692184,0.000288024771650439,0.0226834204848543
"D6",0.00105107327905255,0.556434138205767,0.14679504658,0.000443759245175265,0.295275982690004
"D6",0.264702973258942,0.700411903548929,0.00432391810444129,0.000100641051103502,0.0304605640365848
"D6",0.00322086775665839,0.878970853702596,0.000855179735189172,0.000175126988170731,0.116777971817386
"D6",0.00054544321156963,0.500480871091933,0.134485080909759,0.000374489249786427,0.364114115536952
"D6",0,0.970521562058391,0.000855179735189172,0.00020508494495925,0.0284181732614605
"D6",0.259576538586299,0.707796206390132,0.000855179735189172,5.66006603510215e-05,0.031715474628028
"D6",0.259759780298777,0.692127762212688,0.0196791787232803,0.000288366919132513,0.0281449118461225
"D6",0.000147666863555818,0.53611093625207,0.00190361446643548,0.000280145085665418,0.461557637332273
"D6",0.00129570272952666,0.0996920583010718,0.118894700206132,0.000306834680719413,0.77981070408255
"D6",0,0.162750544361826,0.000855179735189172,4.55795787711074e-05,0.836348696324213
"D6",0.122093387652773,0.836181405265859,0.000855179735189172,0.00348276449974342,0.0373872628464351
"D6",0,0.97451408155302,0.000855179735189172,0.000164693353287147,0.0244660453585034
"D6",0.150490212708213,0.539363017353475,0.000855179735189172,0.000398881727793179,0.308892708475329
"D6",0.00108497389772942,0.974269832045138,0.000855179735189172,0.00549323855548005,0.0182967757664634
"D6",0.557137006149151,0.137297025243746,0.000855179735189172,0.000280145085665418,0.304430643786249
"D6",0.000856595787564245,0.591593291404176,0.034285485365384,0.000157702370137549,0.373106925072738
"D6",0.00275721742207543,0.918303499490113,0.000855179735189172,0.00016294143014986,0.0779211619224728
"D6",0.00324645209164271,0.96391116389479,0.000855179735189172,0.00579778019685751,0.0261894240815206
"D6",0.26175668060698,0.474134784302648,0.000855179735189172,5.8977912771667e-05,0.263194377442411
"D6",0.000988680326694369,0.641412852872557,0.000855179735189172,0.000259995495993958,0.356483291569565
"D6",0.260984805725344,0.578352781345083,0.0465952053997568,0.000208936598273364,0.113858270931542
"D6",0.00294697518914327,0.442608664310027,0.000855179735189172,7.37223909645838e-05,0.553515458374676
"D6",0,0.961609026343562,0.000723525956290502,0.000685448742734901,0.0369819989574122
"D6",0,0.920635314729018,0.00121414803734237,0.000686993371509453,0.07746354386213
"D6",0,0.957086525909632,0.000706195511015336,0.000226557273367729,0.041980721305985
"D6",0,0.938172367991564,0.00109275044976369,0.00062196309594098,0.0601129184627316
"D6",0.000623494624812,0.927003760154242,0.0181348489138238,0.00026465007230427,0.0539732462348184
"D6",0.00011699597474407,0.882126129835898,0.00147447796348675,0.00010241403884626,0.116179982187025
"D6",0.229517265474873,0.730789758242609,0.000583277435912392,0.000189371567336251,0.0389203272792687
"D6",0,0.90029411152113,0.000612634803143698,0.000277637268365447,0.0988156164073605
"D6",0,0.963092435287408,0.000844237769941619,0.000655441275256354,0.0354078856673939
"D6",0,0.724116133171089,0.152217549358774,0.00101369862244851,0.122652618847689
"D6",0.00285979294992351,0.934650609378836,0.000583277435912392,0.000890019347493163,0.0610163008878354
"D6",0.000809659273830443,0.853169640419233,0.000873391743850268,1.45819358978098e-05,0.145132726627188
"D6",0.000632934826956488,0.704348135944103,0.00753378236048539,0.000272496404773801,0.287212650463681
"D6",0.0105858120569568,0.919730403812492,0.000583277435912392,1.45819358978098e-05,0.0690859247587412
"D6",0.000233310974364957,0.86362379642806,0.0685927965881188,0.000585261868241371,0.0669648341412151
"D6",0.0175412293853073,0.910773063797167,0.000583277435912392,0.000564448447420257,0.0705379809341929
"D6",0,0.916876020660149,0.00649751339664759,0.000660805876845741,0.0759656600663582
"D6",0.000554111438098242,0.777255495907999,0.115151491499881,0.000160384286727663,0.106878516867294
"D6",0.000691896762566776,0.749958574237717,0.000583277435912392,0.000990573983983461,0.247775677579821
"D6",0.122093387652773,0.798021517362342,0.000583277435912392,0.000385653133499913,0.078916164415472
"D6",0.00245051262340589,0.954577596912668,0.000583277435912392,4.44091686215488e-05,0.0423442038593924
"D6",0.150337551311192,0.759381274385965,0.00132010027737655,0.000121416370280505,0.0888396576551859
"D6",0.000233310974364957,0.899414741680689,0.000583277435912392,0.000985522508513548,0.09878314740052
"D6",0.296811648030966,0.308601343452789,0.0075750673358534,0.000104334479941566,0.38690760670045
"D6",0.00286677068418217,0.922418600162349,0.000583277435912392,0.00135238160808978,0.0727789701094669
"D6",0.000299904030710173,0.855226623785326,0.000583277435912392,7.33229451267478e-05,0.143816871802925
"D6",0.00352471941378351,0.890193168356134,0.000583277435912392,5.92051033679185e-05,0.105639629690802
"D6",3.01543789026684e-05,0.908886866278321,0.000583277435912392,0.000116655487182478,0.0903830464196809
"D6",0.000655680644379571,0.865127832471053,0.000583277435912392,0.000346167928883412,0.133287041519771
"D6",0.000691166249435678,0.822904392686002,0.00133800516495407,8.92361940584442e-05,0.174977199705549
"D6",0.0133996913521226,0.856040295183413,0.000583277435912392,0,0.129976736028553
"D6",0.314576522827105,0.656958852185189,0.00342138123514436,0.000659035917632306,0.0243842078349292
"D6",0.312263330621862,0.662865637119842,0,0.00188164926005627,0.0229893829982395
"D6",0,0.966290022838157,0,0.000553050759009764,0.0331569264028328
"D6",0,0.945108111837292,0.0185580123686416,0.00327213109960153,0.0330617446944646
"D6",0,0.617959534356481,0,0.00014410175488049,0.381896363888638
"D6",0,0.962072611336128,0,0,0.0379273886638718
"D6",0,0.948156810202705,0,0.0020184011378323,0.0498247886594622
"D6",0,0.972747809326896,0.000401208854407338,0.000445376459942231,0.0264056053587549
"D6",0,0.490734659536907,0.151756596004182,0.000691109827962299,0.356817634630949
"D6",0.317827424428784,0.637910914912628,0,0.00169696079412646,0.0425646998644622
"D6",0,0.862313648880507,0,0,0.137686351119493
"D6",0,0.476764726796669,0.00739930018978295,0.000194796994262113,0.515641176019286
"D6",0,0.974547498166752,0,0.000875064900718359,0.0245774369325302
"D6",0.312263330621862,0.638030577123534,0,0.00177678872969543,0.0479293035249086
"D6",0.312263330621862,0.636861982367955,0.0185790684361054,0.000433055563697586,0.03186256301038
"D6",0,0.972056699237736,0.00650960317985893,0.000144699526284735,0.0212889980561207
"D6",8.47040700683342e-05,0.507199849227483,0.115022792687003,0.000114418647668361,0.377578235367778
"D6",0,0.519260434374825,0,0.00087378429866389,0.479865781326511
"D6",0.00014024852037811,0.974156989262378,0,0.00212712790430359,0.0235756343129402
"D6",0,0.969152324472614,0,0.00127017983755131,0.029577495689835
"D6",0,0.638881641845698,0.000692519949910729,0.000214635855990674,0.3602112023484
"D6",0,0.941348486903534,0,0.00309388862260479,0.055557624473861
"D6",0.31273470262865,0.415030177865851,0.00805156698073738,8.75242086037611e-05,0.264096028316158
"D6",0,0.673924393561822,0.0331853750782091,1.6795995834593e-05,0.292873435364134
"D6",0.000299904030710173,0.905270702004009,0,7.10946096867526e-05,0.0943582993555944
"D6",0.00139133661070402,0.956341580916793,0,8.98868867735783e-05,0.0421771955857299
"D6",0.312377077029131,0.617922327493507,0,2.8049704075622e-05,0.0696725457732854
"D6",0,0.608879005814954,0,0.00024176481648249,0.390879229368564
"D6",0.312485089503268,0.572119567390369,0.0442681464976208,0.000175129884956896,0.0709520667237861
"D6",0.00112299477182615,0.971421902433791,0,0,0.0274551027943833
"D6",0,0.972809878160409,0.000753788676532917,0.000707909371450332,0.0257284237916077
"D6",0.0336570609775513,0.93358002711151,0,0.00084474320143712,0.0319181687095012
"D6",0.209070076251838,0.735558034639279,0.0181824420793414,0.00378050706175345,0.0334089399677876
"D6",0.00231319220524324,0.912560600569237,0.000645537659218181,0.000159394502400993,0.0843212750639003
"D6",0.231830457680117,0.731405132187876,0.00354241779761002,0.000229693439999666,0.0329922988943982
"D6",0.347018759357661,0.589827733578448,0.00066022796866128,5.73960606281944e-05,0.0624358830346022
"D6",0.237658111261206,0.721055702946451,0.000891830935459201,0.000431230490438342,0.0399631243664458
"D6",0.000266367587270433,0.635141577241879,0.152233165706499,0.000634894807684345,0.211723994656668
"D6",0.00229109744990893,0.936443624510568,0.000630870601429973,0.000963024898768315,0.059671382539325
"D6",0.00303535986368682,0.846358803735439,0.00175284234377591,7.05207399626471e-05,0.148782473317135
"D6",0.00054544321156963,0.781746689998337,0.00758137552600297,0.000188510487322524,0.209937980776768
"D6",0.272565597667638,0.685625291473662,0.000630870601429973,0.000353831144121745,0.0408244091131476
"D6",0.00437403616991448,0.93540644512286,0.000630870601429973,0,0.0595886481057954
"D6",0.0198544215905506,0.593490798411253,0.000630870601429973,0.00505653991080071,0.380967369485966
"D6",0.00231319220524324,0.967187451997401,0.00605027140643693,0.000792736918471412,0.0236563474724476
"D6",0.00245899030403603,0.82525443291015,0.114615824237635,0.000215894832285011,0.057454857715895
"D6",0.00327145655508044,0.582271999670545,0.126731006959134,0.000931817349017785,0.286793719466223
"D6",0.122093387652773,0.834538363035003,0.00173839899060704,0,0.0416298503216168
"D6",0.00262938859528946,0.951855627051882,0.000630870601429973,0.000398671458193855,0.0444854422932045
"D6",0.153962469632933,0.794461825378866,0.001407501126192,4.20580400953316e-05,0.0501261458219134
"D6",0.283303036560162,0.647897242165507,0.000630870601429973,0.000656064246577127,0.0675127864263237
"D6",0.297530010684432,0.29706178115769,0.000630870601429973,7.1789787020034e-05,0.404705547769428
"D6",0.00735199095562115,0.956239599898422,0.000630870601429973,4.20580400953316e-05,0.0357354805044311
"D6",0.00257955979251367,0.87788126207016,0.000630870601429973,1.40193466984439e-05,0.118894288189198
"D6",0.00379108700105394,0.93700145727431,0.000630870601429973,0.000161412558563108,0.0584151725646426
"D6",4.36111364017463e-05,0.64113814774617,0.000630870601429973,0.000216502585702317,0.357970867930296
"D6",0.00356824011920804,0.897951038029271,0.000630870601429973,0.000269770477843175,0.0975800807722481
"D6",0.00257955979251367,0.809541044666751,0.0468388533026429,7.35290797619026e-05,0.140967013158331
"D6",0.00356193718622411,0.906791953515071,0.000630870601429973,0.000266367587270433,0.0887488711100047
"D6",0.035439373066544,0.946240791088285,0,0.000234365296882915,0.0180854705482881
"D6",0.206756884046595,0.747894715352349,0.0222876648481315,0.000405167195067282,0.0226555685578574
"D6",0.00239832851609741,0.974063673185465,0.000184377112654416,0.000270984056184341,0.0230826371295987
"D6",0,0.969054052219668,0.000184377112654416,0.00011726891125417,0.0306443017564233
"D6",0.348801071446654,0.598930475892305,0.000184377112654416,1.46786836156533e-05,0.0520693968647714
"D6",0.239440423350199,0.735144442852012,0.00500460950329105,0.000199699417530896,0.020210824876967
"D6",0.000199741872042284,0.52132672274891,0.443289326357543,0.000848647407590924,0.0343355616139134
"D6",0.00179303278688525,0.959915245860219,0.000184377112654416,0.00202670254547885,0.0360806416947626
"D6",0.000645319894290455,0.862232381602612,0.000184377112654416,1.5364759387868e-05,0.136922556631055
"D6",0.00119076310586009,0.817655910701681,0.00716561155600315,0.000340437362617003,0.173647277273839
"D6",0.270197311283575,0.706385616399206,0.000184377112654416,4.45192783383053e-05,0.0231881759262262
"D6",0.00262737385532543,0.959686197103282,0.000184377112654416,2.79041214387365e-05,0.0374741478072995
"D6",0.00178231208899269,0.944162479225837,0.000184377112654416,1.5364759387868e-05,0.0538554668131282
"D6",0,0.619702867153041,0.000184377112654416,5.90667454223272e-05,0.380053688988882
"D6",0.00178231208899269,0.833848578013965,0.114906839199477,0.000297875793654294,0.0491643949039114
"D6",0.00198205396103497,0.808435784544195,0.000184377112654416,6.36366265436896e-05,0.189334147755572
"D6",0,0.978220493532443,0,4.60942781636039e-05,0.0217334121893938
"D6",0.00262737385532543,0.965987853342782,0.000184377112654416,9.14717809555752e-05,0.0311089239082828
"D6",0.000420252778850982,0.969104645863516,0.000924331248078806,4.92895142815139e-05,0.0295014805952727
"D6",0.283881730739224,0.694305547839942,0,0.000310530687752993,0.0215021907330804
"D6",0.00242763198328314,0.954327063498194,0.0069012886702101,6.18066783898625e-05,0.0362822091699225
"D6",0.00487083879203198,0.943562843395714,0.0330694215906831,1.5364759387868e-05,0.0184815314621828
"D6",0.000199741872042284,0.889570085590557,0.000184377112654416,7.49760076775432e-05,0.109970819417069
"D6",0.000199741872042284,0.970557827919685,0.000184377112654416,0.00012348529282267,0.0289345678027958
"D6",0,0.876782960980662,0,0.000123748809570906,0.123093290209767
"D6",0.000199741872042284,0.916651659589073,0.000184377112654416,0.000311263298134304,0.082652958128096
"D6",0.000199741872042284,0.826143460640049,0.000184377112654416,0.000106546829384094,0.17336587354587
"D6",0.00242763198328314,0.906576850085338,0.000184377112654416,1.43603883048998e-05,0.0907967804304201
"D6",0.00139721812301799,0.944876898791983,0.0185864385372968,7.89393034674361e-05,0.0350605052442351
"D6",0,0.913953303786875,0.000524140071639505,0.000799925592878624,0.0847226305486068
"D6",0.00199440982938333,0.949398360130955,0,2.91154719618005e-05,0.0485781145676995
"D6",0,0.967235039816812,0.000538830381082604,0,0.0322261298021059
"D6",0,0.970401068345609,0.000770433347880525,0.00397263907259707,0.0248558592339139
"D6",0.00152870422953815,0.657345173269967,0.152296407892354,0.000553047852304678,0.188276666755837
"D6",0.0382677167152563,0.912348759261531,0,0.000774073618531501,0.0486094504046813
"D6",0.00322086775665839,0.856485014523239,0,0.000712824204758541,0.139581293515344
"D6",0.00054544321156963,0.764784293641228,0,0.000188693800728191,0.234481569346474
"D6",0,0.963170309086175,0,0,0.0368296909138254
"D6",0.0344849546250597,0.922435631564785,0,0,0.0430794138101553
"D6",0.0336570609775513,0.908862837593569,0,0,0.0574801014288801
"D6",0,0.430565606640678,0.00104843473124631,0,0.568385958628075
"D6",0.000145798098792792,0.790015941180186,0.114510347681739,0.000643200116411925,0.0946847129228703
"D6",0.000477630950485591,0.757086012418118,0.126324932486249,0.000272692627037552,0.11583873151811
"D6",0,0.985636582569259,0,1.5921031682853e-05,0.0143474963990578
"D6",0.000477630950485591,0.963139479582314,0,1.52452968259292e-05,0.036367644170374
"D6",0.00069814185729429,0.92284841748148,0.000805863351335742,0.000856009983135546,0.0747915673267548
"D6",0.00156260484821501,0.969698193056534,0,0.000585339498651629,0.0281538625965998
"D6",0.0350083273970096,0.576223886408587,0.00649089034509754,9.51089271839293e-05,0.382181786922122
"D6",0.00340958715442239,0.463810752121057,0.0326729300729452,0.00108841154959312,0.499018319101983
"D6",0.000777534981195764,0.928521350321217,0,0.000253810676778304,0.0704473040208092
"D6",0.0018844268568641,0.953972243256726,0,0.000157363372795075,0.043985966513615
"D6",0.035900538536285,0.595015953460843,0,0.000254736506925649,0.368828771495946
"D6",0.00146631127717996,0.852717554031303,0,0.000267470594739617,0.145548664096778
"D6",0.0342559996250103,0.833436832271115,0.000273699887751271,0.000407128697703546,0.13162633951842
"D6",0.00386412876879943,0.890846226200154,0,4.62024516706059e-05,0.105243442579376
"D6",0.00139721812301799,0.509813829265721,0,0.000303661378221177,0.48848529123304
"D6",0,0.682203185544,0.0191517362973172,0.000106469528078341,0.298538608630605
"D6",0.00139721812301799,0.673465330492799,0.0178431043573879,0.000155970403920843,0.307138376622874
"D6",0.00139721812301799,0.964878870965041,0.000292358494097048,0.00014129172030519,0.0332902606975388
"D6",0.00048667148105121,0.0951119000444339,0.17205659273163,0.000309505445512351,0.732035330297372
"D6",0.211834306372465,0.732614195097443,0.0221461836458651,0.00240509673778836,0.0310002181464379
"D6",0.00048667148105121,0.87263870131768,0,0.00018838896040692,0.126686238240862
"D6",0,0.601537606965176,0.1422898615897,0.000266424407477359,0.255906107037647
"D6",0.00139721812301799,0.96012909312319,0,0,0.0384736887537924
"D6",0.21733806398945,0.731674889942361,0.0175201733178436,0.00204949503199618,0.031417377718349
"D6",0.207667430688562,0.727000510127261,0.0350614027031509,0.00010989356023737,0.0301607629207888
"D6",0.00048667148105121,0.491398461994604,0.0192921756805134,0.000339785398676051,0.488482905445155
"D6",0.00142749701293118,0.111339914091287,0.135334583212168,2.91596197585583e-05,0.751868846063856
"D6",0.000910546641966781,0.176489728162765,0.0191532691837216,0.00274608960692145,0.800700366404625
"D6",0.00048667148105121,0.649096549184775,0,0,0.350416779334174
"D6",0.00139721812301799,0.948668880235835,0.0199594208099922,7.80416169615693e-05,0.0298964392141937
"D6",0,0.720516300854313,0.0180799317735887,0.000419545757597877,0.2609842216145
"D6",0.000675060441458131,0.954367205413922,0.0238256013321841,0.00188502267497548,0.0192471101374603
"D6",0.208138802695349,0.47065458813463,0.0194670856853183,0.000251198600734909,0.301488324883967
"D6",0.00018838896040692,0.542753203033427,0.0496677093452546,0.000267981276377153,0.407122717384535
"D6",0.000786575511761383,0.926691357129874,0.0195115058550035,0.00014129172030519,0.0528692697830556
"D6",0.00187800809175523,0.947845887353655,0.0191124807723159,0.000297323383206606,0.0308663003990671
"D6",0.206756884046595,0.495204549077458,0.0175201733178436,0.000156484252222894,0.280361909305881
"D6",0,0.520893475742622,0.0200133671851598,0.000438828765218969,0.458654328306999
"D6",0.206924217747845,0.629595002032996,0.0624652478005657,0.000184104017109013,0.100831428401484
"D6",0.0124650695469245,0.396500841258411,0,0.00014129172030519,0.590892797474359
"D6",0.231511675304257,0.44251255795828,0,1.45577359809003e-05,0.325961209001482
"D6",0,0.562090264612186,0,0.000132003520093869,0.43777773186772
"D6",0,0.393607778126447,0.000275627391817435,4.40011733646231e-05,0.606072593308371
"D6",0.00124174503029925,0.128595184645338,0.00864531102521974,0.000147217742732207,0.86137054155641
"D6",0.00967668488160291,0.439574326717929,0,5.77949534634828e-05,0.550691193447004
"D6",0.00417770833971329,0.876804341720262,0.000290880404951458,0.000132003520093869,0.118595066014979
"D6",0.000780116136180953,0.69747832572381,0.006950504924573,0.000299760393560626,0.294491292821875
"D6",0.00503059129195826,0.927012469992397,0,0,0.0679569387156447
"D6",0.00318275154004107,0.431952050945968,0,5.72382370151519e-05,0.564807959276976
"D6",0.000425344675858023,0.152806927425111,0,0,0.846767727899031
"D6",0,0.508140494299773,0.0512928279386919,0.000249937753803775,0.440316740007731
"D6",0,0.319884518667742,0.11492364533465,0.00127236961539907,0.563919466382209
"D6",0.000882568513813476,0.155576011901906,0.0515679072503485,3.07576801734815e-05,0.791942754653758
"D6",0.122093387652773,0.839319725220877,0,1.46670577882077e-05,0.0385722200685615
"D6",0.00278836568387705,0.916863434598745,0.000238720597875374,0,0.0801094791195021
"D6",0.153886773796909,0.432570888979742,0.0588802539048473,0.00019526239056393,0.354466820927938
"D6",0.00151031857358744,0.974389366906169,0,3.03913171755905e-05,0.0240699232030677
"D6",0.296884789196373,0.37644688621525,0,0.00199978525310902,0.324668539335268
"D6",0.00357754711276832,0.538583600519739,0.0818562863648214,0.000192800689293085,0.375789765313378
"D6",0.0001906717512467,0.973396095824871,0.000371926744662007,0.000176004693458492,0.0258653009857614
"D6",0.00492121622764036,0.927571903252073,0,0.000220798104709397,0.0672860824155777
"D6",0.0021801420206802,0.558320702098005,0,0.00140749486470256,0.438091661016612
"D6",0.0001906717512467,0.540229385722436,0,0.000288942509546828,0.459291000016771
"D6",0.0001906717512467,0.888372122587388,0.000389782376162287,0.00193374841868976,0.109113674866513
"D6",0.00853622763273687,0.46059558988052,0,0,0.530868182486743
"D6",0.231511675304257,0.615939427400459,0,2.91154719618005e-05,0.152519781823322
"D6",0.231511675304257,0.727853513621046,0.000260960334029228,0.000236888135210264,0.040136962605458
"D6",0,0.687430547315271,0.152084407886771,0.000248712076774504,0.160236332721183
"D6",0.235081359281795,0.395440050726153,0,9.96129326047359e-05,0.369378977059448
"D6",0.229517265474873,0.62071336492544,0,0.000319240746271548,0.149450128853415
"D6",0.230062708686443,0.57223401128812,0.0069650626605539,0.000480027777198405,0.190258189587684
"D6",0.00199440982938333,0.948596705554638,0,2.91154719618005e-05,0.049379769144017
"D6",0.231511675304257,0.371664654998816,0,0,0.396823669696927
"D6",0.249052904689564,0.521692823593444,0,0,0.229254271716992
"D6",0,0.48075724148909,0.233312303868258,0.000234595378691856,0.28569585926396
"D6",0.231540812850117,0.281918205875922,0.113984953636205,2.91375458601794e-05,0.372526890091897
"D6",0.231511675304257,0.595359987147141,0,0.000290392961276467,0.172837944587326
"D6",0,0.856354280676033,0,0,0.143645719323967
"D6",0.231511675304257,0.718339976763124,0,0,0.0501483479326189
"D6",0.000220510906808698,0.919867945091347,0.000707610569834718,0.000203678416547239,0.0790002550154623
"D6",0,0.965032258657377,0,0.000744825195039143,0.0342229161475836
"D6",0.00246578183617109,0.887151548818492,0,0.00011761655209256,0.110265052793244
"D6",0.229517265474873,0.557404974201114,0,0.000273230546924668,0.212804529777088
"D6",0.229517265474873,0.745726438290344,0,0.000234236172358229,0.0245220600624245
"D6",0.23250090954005,0.724776384344279,0,2.91154719618005e-05,0.0426935906437091
"D6",0,0.890791832819577,0,0.000160135095789903,0.109048032084633
"D6",0,0.757891765571314,0,0.000231549562130252,0.241876684866555
"D6",0.000121307696973373,0.733633660241907,0.22985086164155,0.000732732608171183,0.0356614378113986
"D6",0.234845396843883,0.36676091222351,0,0,0.398393690932607
"D6",0,0.670411273425141,0.000290317701260534,0.000286286155650021,0.329012122717948
"D6",0.00105107327905255,0.117431339886973,0.00864532265104719,5.88398998477002e-05,0.87281342428308
"D6",0.351629415095366,0.265374313099771,0,0.000131211623196641,0.382865060181667
"D6",0.00322086775665839,0.851261258490546,0,0,0.145517873752795
"D6",0.00054544321156963,0.409936614823542,0.00912295009968969,0.000167803376776539,0.580227188488422
"D6",0.00269679300291545,0.948391335245813,0,0,0.0489118717512714
"D6",0.347018759357661,0.245181974311757,0,0,0.407799266330582
"D6",0.347018759357661,0.32517152407366,0,0,0.327809716568679
"D6",0,0.643218208871477,0.00534554046072061,0.000294365696972423,0.35114188497083
"D6",0.000145798098792792,0.125879140107219,0.114307884675749,4.37394296378375e-05,0.759623437688601
"D6",0,0.222632876905727,0.00377141268915201,3.21812447705477e-05,0.773563529160351
"D6",0.122093387652773,0.81067743316293,0,1.46786836156533e-05,0.0672145005006806
"D6",0.00017614420338784,0.954590453667872,0,0.000223013320286179,0.0450103888084542
"D6",0.153526478271194,0.247016484726897,0.353345726145326,0.00025312848849981,0.245858182368083
"D6",0.00108497389772942,0.989549914704375,0,5.97603102343429e-05,0.0093053510876611
"D6",0.643668875629422,0.127733319927091,0,0.000162499236382792,0.228435305207103
"D6",0.00340958715442239,0.722585253662786,0.0324704670669554,0.000140577401416639,0.24139411471442
"D6",0.000299904030710173,0.881059160648782,0,0.000163048109371463,0.118477887211136
"D6",0.00140679590637851,0.983768778391207,0,0.000896486203618141,0.0139279394987967
"D6",0.349198901378341,0.524121798333057,0,0.000238433975407275,0.126440866313195
"D6",0,0.596932346521407,0.348525722780884,0.000114979586323778,0.0544269511113854
"D6",0.347140067054634,0.525324875005805,0.00216498163385691,0.000118399025937263,0.125251677279767
"D6",0.00399260194345771,0.632759817291038,0,0,0.363247580765504
"D6",0.00105107327905255,0.0922387117469896,0.156635202654839,0.000493994605857747,0.749581017713261
"D6",0.242268766998911,0.231031375817665,0.00537810574393464,0.000282700038273064,0.521039051401217
"D6",0.00322086775665839,0.872386945899105,0.000260960334029228,0.000210372236801008,0.123920853773407
"D6",0.00054544321156963,0.558215625436012,0.000260960334029228,0.0002786457806639,0.440699325237725
"D6",0,0.979175385036209,0.000260960334029228,0.000385195533626514,0.0201784590961347
"D6",0.237842318555815,0.226126407962621,0.000260960334029228,0,0.535770313147535
"D6",0.237658111261206,0.502800619830083,0.000260960334029228,0.000304738845935827,0.258975569728746
"D6",0,0.527101725803652,0.000260960334029228,0.000256288961801304,0.472381024900518
"D6",2.99304177633514e-05,0.109887796089296,0.121122215504293,0.000626226379016,0.768333831609631
"D6",0,0.189579093465203,0.00451294533746641,4.75318526546199e-05,0.805860429344676
"D6",0.122093387652773,0.571904885459161,0.000260960334029228,0.000248157417130867,0.305492609136905
"D6",0,0.975466742915742,0.000260960334029228,0.000351589626519659,0.0239207071237091
"D6",0.150167927536724,0.552790400453381,0.00143796664426277,7.83648089831118e-05,0.29552534055665
"D6",0.00116172693714978,0.96211363478705,0.000260960334029228,7.71266909236717e-05,0.0363865512508474
"D6",0.534308227532968,0.182319735199959,0.000260960334029228,4.67754083365893e-05,0.283064301524708
"D6",0.00348634019384275,0.572673132075184,0.0348645936228918,7.81984273708819e-05,0.38889773568071
"D6",0.000299904030710173,0.897966070972725,0.000260960334029228,0.000168501280376231,0.101304563382159
"D6",0.00140679590637851,0.943889801948596,0.000260960334029228,4.62691992330503e-05,0.0543961726117635
"D6",0.239838253281886,0.468923691640553,0.00129588428076487,0.000415353753353095,0.289526817043442
"D6",0,0.383764701764809,0.00217685256960334,0.000176032034631288,0.613882413630956
"D6",0.237825096490307,0.667721913031767,0.00290651428217131,0.000183645857321665,0.0913628303384338
"D6",0.00644428465257281,0.413092826650443,0,0.000122804863072578,0.580340083833912
"D6",0.00179303278688525,0.678737978192636,0.151544135070291,0.000231700713496985,0.16769315323669
"D6",0,0.575035761571392,0.242653871530661,8.84625981725727e-05,0.182221904299774
"D6",0.00054544321156963,0.632972965303606,0.282600631244537,9.11638222796174e-05,0.0837897964180075
"D6",0.00105107327905255,0.537615673952779,0.00877641656218372,2.96076980014804e-05,0.452527228507983
"D6",0.00119911176905996,0.675238960382902,0.00867250014958964,0.000331118855921933,0.314558308842527
"D6",0.00105107327905255,0.597480739028463,0.171758519950486,0.000555192425992777,0.229154475316006
"D6",0,0.103002400706877,0.152713384629443,0.000650440289903609,0.743633774373777
"D6",0.00130251467294368,0.118394534360587,0.125191243290643,0.000587897216721848,0.754523810459104
"D6",0.00105107327905255,0.153711582299162,0.0127376249059872,9.39701875425758e-05,0.832405749328255
"D6",0,0.237612314519857,0.24434787792554,0.000436233383073833,0.517603574171528
"D6",0.00105107327905255,0.541732422268678,0.151594945350181,0.000732010318414105,0.304889548783675
"D6",0.000220510906808698,0.690026181825085,0.147291428233939,0.000311186679137383,0.16215069235503
"D6",0,0.536003497559469,0.151551604272511,0.000780767789863744,0.311664130378156
"D6",0.00105107327905255,0.478886441843115,0.151520120176252,7.49277962292193e-05,0.368467436905351
"D6",0.00255299136685814,0.164557509303254,0.186467116809301,0.000477981966197704,0.64594440055439
"D6",0.000299904030710173,0.749919944048696,0.151831719697217,0.000178220245613188,0.097770211977763
"D6",0,0.468199203975577,0.00876977762850193,1.48038490007402e-05,0.52301621454692
"D6",4.5180141006339e-05,0.503076775394516,0.142842339008142,0.00044160912508736,0.353594096331248
"D6",0,0.170970053016191,0.154177231917811,0.00014518759832421,0.674707527467673
"D6",0,0.720428193722556,0.154328808149184,0.000508005836597275,0.124734992291664
"D6",0.0162532958207252,0.193059122834744,0.00870244590895603,8.83796333086007e-05,0.781896755802266
"D6",0.00725964300345557,0.851034112352292,0,0.00283192571807143,0.138874318926181
"D6",0.000754212204007286,0.768832819583452,0.00766202587174968,0.000574597740244245,0.222176344600547
"D6",0.27263648257898,0.690082496601295,0,0.00105651940713834,0.0362245014125869
"D6",0.0203040242501809,0.350081956285271,0,0.00153998133587856,0.628074038128669
"D6",0.0102930433690259,0.449582641227201,0,2.84608378870674e-05,0.540095854565886
"D6",0.00747526008465158,0.427084826140424,0.00104843473124631,0.00240271840171197,0.561988760641966
"D6",0.0104027856386589,0.271871962207646,0.114084566568809,0.000143701753178319,0.603496983831708
"D6",0.00788365209471767,0.318405956335151,0,0.00147150060616804,0.672238890963964
"D6",0.124569480548948,0.439846831993899,0,0.0025316981132614,0.433051989343891
"D6",0.00486680327868852,0.950197776312397,0,0.0012878197215048,0.0436476006874102
"D6",0.149947416629915,0.790118566342484,0,1.42304189435337e-05,0.0599197866086572
"D6",0.285171231814421,0.685452821901654,0,0.000754134334553353,0.0286218119493717
"D6",0.300547482880639,0.308673812317125,0,0.000229168684379264,0.390549536117857
"D6",0.00796732374575672,0.490865616981174,0.0322471489600158,0.00129144457862885,0.467628465734425
"D6",0.00715896596149342,0.899515351808733,0,0.000156534608378871,0.093169147621395
"D6",0.00229109744990893,0.961710811931501,0.00264393290648782,3.09185913489781e-05,0.033323239120753
"D6",0.00229109744990893,0.624665947696334,0,0.000170765027322404,0.372872189826435
"D6",0.00556409380692168,0.453388258060677,0,0.000356841569465096,0.540690806562936
"D6",0.00806980931352549,0.822677161128937,0.044477239574305,0.000324265734895396,0.124451524248337
"D6",0.0214737021857924,0.305367026414012,0,0.000128073770491803,0.673031197629704
"D6",0.00054544321156963,0.593606102399366,0.214972173829416,0.000148996486049759,0.190727284073599
"D6",0.00591766075957384,0.852415318578262,0,0.000188834841646108,0.141478185820518
"D6",0.00394303541510197,0.863312064967488,0,0,0.13274489961741
"D6",0.00394303541510197,0.824441511406755,0.0225530729349058,0.000288775153317289,0.148773605089919
"D6",0,0.871697027795086,0.00534554046072061,1.47666863555818e-05,0.122942665057838
"D6",0.00339582547520974,0.599262053734206,0.118996797185803,0.000261890750985395,0.278083432853795
"D6",0.00688952966050083,0.551129722142161,0.21718034544708,0.000245919073649567,0.224554483676609
"D6",0.122302948893668,0.725266571070468,0,0.000197569319902647,0.152232910715961
"D6",0.00322086775665839,0.861410087733904,0.000265593962639093,0.000148443249974004,0.134955007296824
"D6",0.154120161481833,0.569185587818642,0.000765155216886148,1.69623774468229e-05,0.275912133105192
"D6",0,0.877420544378893,0,0.000942881426554958,0.121636574194552
"D6",0.300121779680076,0.306539652025263,0.000378850488025208,1.57124002262586e-05,0.392944005406409
"D6",0.00255299136685814,0.827650480095041,0.0371593795770095,0,0.132637148961091
"D6",0.00166686535518063,0.777354932076597,0.000398800109425727,1.49952015355086e-05,0.220564407257261
"D6",0.00139133661070402,0.886366065775481,0,2.88867063377434e-05,0.112213710907477
"D6",0.00117376850558448,0.863086988434946,0,0.000302416141409277,0.13543682691806
"D6",0.00147700266766808,0.660396900944409,0,0.000258719176437726,0.337867377211486
"D6",0.0029057062039643,0.779782285342889,0.000416655740926006,0.000102543690087702,0.216792809022133
"D6",0.00853602172280317,0.795662003546841,0,7.22167658443584e-05,0.195729757964512
"D6",0.00054544321156963,0.473637615981082,0.00904963028900448,0.000207102129504802,0.516560208388839
"D6",0.00162074554294976,0.7454629137023,0.006950504924573,0.000104192549194634,0.245861643280982
"D6",0.00054544321156963,0.559089122064077,0.0249125047873769,1.66583374979177e-05,0.415436271599478
"D6",0.00054544321156963,0.795899784035601,0.12996661782608,0.000333858559261855,0.0732542963674872
"D6",0.00866728344539859,0.658210042176058,0.114405724113701,0.000181987691710322,0.218534962573132
"D6",0.00366866190384244,0.637477244537909,0.257606464091488,0.00118147014758846,0.100066159319172
"D6",0.123714643060712,0.640363699199035,0.00696617399383028,4.67522752773968e-05,0.228908731471145
"D6",0.00152724099239496,0.542260504018066,0,0.000292032204225076,0.455920222785314
"D6",0.150541099840554,0.597597389201448,0.173048724525437,0.000131564162511512,0.0786812222700498
"D6",0.000638947762124423,0.565280333217699,0.00768954511577999,0.000234181879271736,0.426156992025125
"D6",0.297195559483331,0.250506995726313,0.130828450317915,0.000530244045211876,0.320938750427228
"D6",9.35045505547937e-05,0.735141199064237,0.0325683065049076,0.000224236805005156,0.231972753075295
"D6",0.00149014090830667,0.761538008373413,0.006950504924573,0.000184653540215093,0.229836692253492
"D6",0.00054544321156963,0.51363991861206,0,0.000217054119866063,0.485597584056504
"D6",0.000997044058710529,0.82049365184051,0.006950504924573,0.000451938661014836,0.171106860515191
"D6",0.00133256913597937,0.786158485698069,0,7.41542846788893e-05,0.212434790881273
"D6",0.00272898175709034,0.716383090327116,0.130828450317915,0.000742568219151361,0.149316909378727
"D6",0.00707150654828336,0.796726334912586,0.006950504924573,0.000554908786057599,0.1886967448285
"D6",0.272565597667639,0.696496639180429,0,0,0.0309377631519324
"D6",0.272565597667638,0.669535322231984,0,0.0027986104129665,0.0551004696874109
"D6",0.000280567040756054,0.546461092579805,0.00104843473124631,0.000190072653818932,0.452019832994374
"D6",0.000466553916136934,0.547945239764336,0.114713816609966,8.7473758467554e-05,0.336786915951094
"D6",0.00366866190384244,0.524948273574732,0,1.60906223852739e-05,0.47136697389904
"D6",9.40144155437167e-05,0.965834549247017,0,0.000241970629860038,0.0338294657075795
"D6",0,0.968074809249335,0,0.000507651494470224,0.0314175392561949
"D6",0.000814194117447501,0.673108286432937,0,0.000196659727092655,0.325880859722523
"D6",0.00331781873073778,0.975299025902761,0,1.57242593873829e-05,0.0213674311071144
"D6",0.271220071084181,0.433168472844483,0,0.000161484994978445,0.295449971076357
"D6",0.00340958715442239,0.909870472512006,0.032876399001172,0.000145772594752187,0.0536977687376472
"D6",0.00544071203337381,0.887427629572531,0,0.000174927113702624,0.106956731280393
"D6",0.00410358890929396,0.958418225148461,0,0,0.037478185942245
"D6",0.272500547532544,0.475967741525413,0,0,0.251531710942043
"D6",0.00232124946267374,0.637177465340628,0,0.000115126721271687,0.360386158475426
"D6",0.276219992038961,0.568989695211759,0,5.94814431937806e-05,0.154730831306086
"D6",0.00574392086664064,0.899148581369477,0,0.000116618075801749,0.0949908796880806
"D6",0.0175412293853074,0.442520824583662,0,0,0.539937946031031
"D6",0.00264323685764914,0.41029373686308,0.00429710572947431,0,0.582765920549797
"D6",0.000349287687942789,0.243139233417852,0.113984953636205,1.45798098792792e-05,0.642511945448121
"D6",0.00436055866640922,0.287441175253707,0,4.82718671558216e-05,0.708149994212728
"D6",0.123205891570041,0.449353077791802,0,0,0.427441030638157
"D6",0.00236302100801903,0.953310541028227,0,0,0.0443264379637545
"D6",0.158615191505241,0.354645094643596,0,0.000300113431479548,0.486439600419683
"D6",0.284231712686332,0.685987342108529,0,0.000591754203467007,0.0291891910016718
"D6",0.335648293633335,0.248905426155904,0,2.79041214387365e-05,0.415418376089322
"D6",0.00609694648795727,0.494475397328692,0,1.6795995834593e-05,0.499410860187516
"D6",0.0566368761996161,0.877443822017471,0,0,0.0659193017829127
"D6",0.0274247905265436,0.927458697360017,0,0,0.0451165121134398
"D6",0.0026317428678211,0.62116013025687,0,4.18561821581047e-05,0.376166270693151
"D6",0.0136801424727905,0.430918262742897,0,0.000127828384479354,0.555273766399834
"D6",0.0335252033496136,0.798894472964642,0,4.30675835604081e-05,0.167537256102183
"D6",0.00019655383282775,0.337589978910469,0,0,0.662213467256703
"D6",0,0.344218575394327,0.0193132317479772,8.86001181334908e-05,0.636379592739562
"D6",0.000145798098792792,0.791299929436926,0.131526183021512,0.000106215724392231,0.0769218737183769
"D6",0.000691896762566776,0.402345049397165,0.0175573200076926,1.60906223852739e-05,0.57938964321019
"D6",0.122276629365251,0.552838168819069,0,0.000260597790522894,0.324624604025158
"D6",0.00236302100801903,0.932962388824187,0.019980476877456,0.000291371830930588,0.0444027414594072
"D6",0.153696102045663,0.497464408549533,0.0181009878410525,0.000300154114911424,0.33043834744884
"D6",0.284121642870621,0.485294399155539,0.0238466573996479,1.57242593873829e-05,0.206721576314805
"D6",0.31507124006974,0.388167290561243,0,0.000314616537917118,0.2964468528311
"D6",0.00589539453794216,0.225705223239098,0.0496887654127184,0,0.718710616810242
"D6",0.0178411334160175,0.86140851519218,0,1.66583374979177e-05,0.120733693054305
"D6",0.00473054447639366,0.917195945514242,0.0191335368397797,0,0.058939973169585
"D6",0.0199046131184646,0.540995381010545,0,0,0.43910000587099
"D6",0.00160503881411732,0.201722704583611,0.0200344232526236,0.000488803694823554,0.776149029654824
"D6",0.0176625370822807,0.666303312426599,0.0462769459369707,0.000350039795815483,0.269407164758334
"D6",0.0211560886223555,0.50447206318146,0,3.33166749958354e-05,0.474338531521189
"D6",0,0.149618200163549,0.120068641538228,0.000190658787288445,0.730122499510935
"D6",0,0.221589764136377,0.127223151860386,0.000851885830447761,0.65033519817279
"D6",0,0.517533272014487,0,1.47666863555818e-05,0.482451961299157
"D6",0.000147666863555818,0.982436851198033,0.00104843473124631,0.000164347991792789,0.0162026992153724
"D6",0.000220510906808698,0.58070618234674,0.00194843012445295,0.000163036701194506,0.416961839920804
"D6",0,0.914370980213365,0.00104843473124631,0.000682694773605401,0.0838978902817836
"D6",0.000471372006787757,0.343124384520318,0.300252823006948,0.000149558291297172,0.356001862174649
"D6",0.00255299136685814,0.49419749535491,0.0339363343859155,0.000187346783662038,0.469125832108654
"D6",0.000299904030710173,0.91094297196427,0.00534554046072061,0.000103366804489073,0.0833082167398104
"D6",0.00139133661070402,0.949349766774655,0.00534554046072061,0.000239730028283845,0.0436736261256362
"D6",0,0.341855542402631,0.31429397946726,0.000191966922622563,0.343658511207486
"D6",0.000118133490844654,0.400425385937578,0.00535986916110749,2.90953867424567e-05,0.594067516023727
"D6",0.000121307696973373,0.897861444899346,0.0504319293824403,0.000223484174164176,0.0513618338470758
"D6",0.00391317188422918,0.475961509002157,0.00429710572947431,0,0.51582821338414
"D6",0.000706476572446055,0.193340722088577,0.11400104425859,0.000201624028478587,0.691750133051909
"D6",0.122093387652773,0.337047868033375,0.114549040129467,0.000387789131885314,0.425921915052499
"D6",0.00017495771855135,0.571336445147332,0.116424201128353,0.000324083252077392,0.311740312753686
"D6",0.154171048614174,0.647097787175113,0.1179178426363,0.000704311604866471,0.0801090099695471
"D6",0.00137000143199245,0.162120476104347,0.120290381650545,0.000472574197403521,0.715746566615712
"D6",0.297422145198911,0.165384949480441,0.113984953636205,0.000292728787932563,0.422915222896511
"D6",0.0036111391044375,0.367892967134038,0.153486919653212,5.83192395171167e-05,0.474950654868796
"D6",0.0010346689059501,0.729094204580142,0.114268616290411,4.37394296378375e-05,0.155558770793859
"D6",0.00279813251708252,0.535114194788759,0.115577261090677,2.91596197585583e-05,0.346481251983723
"D6",0.0021801420206802,0.513516170336905,0.113984953636205,7.28990493963959e-05,0.370245834956814
"D6",0.000516084323419901,0.345424417367274,0.116478147503521,0.000230765863144424,0.537350584942641
"D6",0.00172863468187056,0.673873170648607,0.165987799814596,0.000132385593398297,0.158278009261528
"D6",0.00384841154340656,0.22746417990535,0.113984953636205,4.37394296378375e-05,0.654658715485401
"D6",0.122093387652773,0.431700860777198,0,0.000224425607137859,0.44598132596289
"D6",0.00366866190384244,0.552861103312169,0,0.000327759163378615,0.44314247562061
"D6",0.149947416629915,0.158871484218114,0.000775038832184561,9.91589994962904e-05,0.69030690132029
"D6",0.00475363580157186,0.254821318835301,0,0.00106817989887029,0.739356865464257
"D6",0.301010674938171,0.286732648877434,0,0.000144059157149434,0.412112617027245
"D6",0.000856595787564245,0.434713673933816,0.158468091606652,0.00207256232130093,0.403889076350666
"D6",0.000991800793276949,0.778984365667207,0.126086117011006,0.000221982450844538,0.0937157340776651
"D6",0.00279813251708252,0.51073153918461,0,0.000283949262537866,0.486186379035769
"D6",0.00287203878324698,0.505061602247207,0,6.33261307802649e-05,0.492003032838765
"D6",0,0.253896194693921,0,0.000463337529575827,0.745640467776503
"D6",0.000691896762566776,0.60867378863164,0.176793125705103,0.000155343262271125,0.213685845638419
"D6",0.0164285254553646,0.254290963882462,0,3.21812447705477e-05,0.729248329417403
"D6",0.122187402068317,0.850886650888445,0,0.000201579038187935,0.0267243680050496
"D6",0.00454591715574855,0.737572149772807,0.000694164167130204,0.00140847481201768,0.255779294092297
"D6",0.00106853216665078,0.954335621312449,0,0.000863675273574026,0.0437321712473259
"D6",0.00146099323522821,0.799837661509539,0,0.000188072162056406,0.198513273093176
"D6",0.124957614454448,0.580299000096628,0.0327116225206734,0.00070419699565059,0.2613275659326
"D6",0.127356703391737,0.77303156659565,0,0.000124004818614734,0.0994877251939987
"D6",0.122093387652773,0.838828101866013,0,0,0.0390785104812135
"D6",0.000809767036252647,0.839730506258707,0,1.56690692572861e-05,0.159444057635783
"D6",0.000472847112766872,0.913343904211179,0,0.000179986617864966,0.0860032620581896
"D6",0.00184994237884394,0.726838849909514,0,0.000139504801908732,0.271171702909733
"D6",0.12378564713256,0.430533326730525,0,9.40144155437167e-05,0.445587011721371
"D6",0.154764731824813,0.534729435246629,0.00083094806613221,0.00040860571058253,0.309266279151844
"D6",0.0011950437134411,0.974097721457057,0,0.000390232709315849,0.0243170021201865
"D6",0.299610208488379,0.414923333135575,0.000326690680949124,0.000213901258963338,0.284925866436134
"D6",0.0036111391044375,0.904369609956786,0.0345867835195597,0.000266923541084116,0.0571655438781331
"D6",0.00404248357999599,0.880208647743196,0,0.000197938763446659,0.115550929913362
"D6",0.00185511548093869,0.983518473305893,0,0.000199044854131319,0.0144273663590365
"D6",0.00499476387584013,0.956522976018383,0,6.09811873037168e-05,0.0384212789184735
"D6",0.00180541624874624,0.644068852330341,0,8.59722023212495e-05,0.354039759218591
"D6",0.00615388653843693,0.829960026067932,0.000364495933849922,0.000197616015807277,0.163323975443974
"D6",0.00236302100801903,0.902426038316849,0,7.6226484129646e-05,0.0951347141910024
"D6",0.00113647928893714,0.671249339729936,0.000725667876035066,0.000410068862131394,0.32647844424296
"D6",0.000983817891915731,0.921120444954279,0.000741344698777952,4.83871778993401e-05,0.0771060052771277
"D6",0.150269701801404,0.470398225716516,0.0337567989239003,8.44791240096549e-05,0.34549079443417
"D6",0.153696102045663,0.774260440852027,0.00123602693635306,0.00275306446836425,0.0680543656975929
"D6",0.153526478271194,0.465059622297829,0.000693954393547407,0.000180573824825717,0.380539371212603
"D6",0.000712419852766564,0.796998015999864,0.000725212426887494,0.00049664507757026,0.201067706642911
"D6",0,0.60455132061721,0.00409436063389136,0.000468205852418333,0.39088611289648
"D6",0.00374868541574787,0.669956694691315,0.207445868353856,0.000408641337764673,0.118440110201316
"D6",0.159649896529498,0.712532195267615,0,3.13227657517227e-05,0.127786585437135
"D6",0.28467157687854,0.532558339591577,0.00667800727938238,0.000110046097389431,0.175982030153111
"D6",0.00255299136685814,0.906801489548226,0.0384529640417516,0.00195049536419211,0.0502420596789717
"D6",0.000944697696737044,0.979288044581505,0,1.57242593873829e-05,0.0197515334623709
"D6",0,0.98035223136405,0,1.57242593873829e-05,0.0196320443765621
"D6",0.283488269820032,0.557447494470612,0,3.14485187747657e-05,0.159032787190581
"D6",0.00133256913597937,0.650300624227187,0,0.000313462739128945,0.348053343897704
"D6",0.285220207518412,0.659139338980938,0.000289227374843183,0.000123550886036218,0.0552276752397703
"D6",0.00116359519466633,0.969485195497335,0,3.00846476922826e-05,0.0293211246603062
"D6",0.303095444817623,0.450409671872281,0.000337545574009771,0.00026656874213682,0.245890768993949
"D6",0.296823537931001,0.373777813323355,0.0124902366733815,1.57124002262586e-05,0.316892699672036
"D6",0.301581631591924,0.504030168232057,0.00670362659647348,3.11716959007476e-05,0.187653401883645
"D6",0.00310311487460886,0.86743087270112,0,6.25696864622343e-05,0.129403442737808
"D6",0.00180394114276712,0.732043660993665,0,0.00011878070261315,0.266033617160954
"D6",0.0025336028553351,0.661018471283086,0.296732314034818,0.000183059421669233,0.0395325524050909
"D6",0.33363305036861,0.308724903152354,0,2.87207766097995e-05,0.357613325702426
"D6",0.00272095132520407,0.928400773790077,0,0.000108567999346729,0.0687697068853718
"D6",0.00394432797756216,0.897701799262914,0.0337398434818834,3.35919916691861e-05,0.0645804372859716
"D6",0.00503879875037791,0.779271263066378,0,0.000489197241080978,0.215200740942163
"D6",0,0.57972586364498,0.0419949087748313,0.000426351637609113,0.37785287594258
"D6",0.00503879875037791,0.836844621480305,0.048034935418688,0.000359716706083518,0.109721927644545
"D6",0.00557627061708489,0.500615195677519,0,0,0.493808533705396
"D6",0.0052159600551977,0.951857198201909,0.000239923224568138,6.13730885589759e-05,0.0426255454297663
"D6",0,0.942889615798838,0,0.000415260787907033,0.0566951234132547
"D6",0.000299904030710173,0.946873775717748,0,0.000144620006166017,0.0526817002453756
"D6",0,0.873397467077533,0,9.08125121438667e-05,0.126511720410323
"D6",0.0627099328214971,0.305904989086932,0.000239923224568138,0,0.631145154867003
"D6",0.00352471941378351,0.9826127638524,0,0.000357374157799161,0.0135051425760169
"D6",0.00139133661070402,0.609686615245226,0,1.43287003868749e-05,0.388907719443683
"D6",0.00491605602448752,0.918100997597436,0.0476866377831476,0.00021376763746749,0.0290825409574615
"D6",0.0279471098573675,0.931044231226755,0,0,0.0410086589158772
"D6",0,0.728888838203018,0,0.000114629603094999,0.270996532193887
"D6",0.000121307696973373,0.589428398418998,0.310574758384484,0.000322522513386974,0.0995530129861575
"D6",0.0194811261990781,0.579023426042226,0,0.000148452101848833,0.401346995656848
"D6",0.000591375022745193,0.909323358650499,0,0.000267098986046512,0.0898181673407089
"D6",0.0204614792162114,0.516399030511029,0,0.000100332590626149,0.463039157682134
"D6",0.039940559228483,0.743786128370433,0.000257778856068418,2.95238504265714e-05,0.215986009694589
"D7",0.00577476798746177,0.490921814304541,0.320167456169962,0,0.183135961538036
"D7",0.000316895032293113,0.631080667156239,0.00108514525576421,0,0.367517292555703
"D7",0.0384874392457692,0.304819997519333,0.532038554715361,0,0.124654008519537
"D7",0.319008388465312,0.21797055347558,0,0,0.463021058059108
"D7",0.692163751881344,0.260786090821373,0,0,0.047050157297283
"D7",0.361724631036527,0.385878742240287,0,0,0.252396626723186
"D7",0.0247820394085524,0.80000922228157,0,1.59678088972631e-05,0.17519277050098
"D7",0.318410727879604,0.269382866790917,0,0,0.412206405329479
"D7",0,0.829236295027046,0.0003148073951119,0,0.170448897577842
"D7",0.00379912145316396,0.102084330987055,0.62536766829623,1.4639573695614e-05,0.268734239689856
"D7",5.0590203567172e-05,0.38459769066272,0.35454890428026,0,0.260802814853453
"D7",0.0273745661091827,0.489043320812995,0,0,0.483582113077823
"D7",0.00703547464681068,0.747748983901844,0,0,0.245215541451345
"D7",0.00640260282968181,0.571705233240247,0,0,0.421892163930071
"D7",0.000453826784564033,0.487631069878485,0.000751925850903846,0,0.511163177486047
"D7",0.318410727879604,0.270971145052248,0,0,0.410618127068148
"D7",0.0120349227669577,0.515610842652289,0,0,0.472354234580753
"D7",0.00246360897598333,0.443204250206112,0,0,0.554332140817905
"D7",0.0411391453402701,0.78961898852583,0,0,0.1692418661339
"D7",0.321412768101114,0.251208127085734,0,0,0.427379104813152
"D7",0.322466742327305,0.329764307813139,0,0,0.347768949859556
"D7",0,0.453462392754821,0.377714138578301,0,0.168823468666878
"D7",0.329569489835421,0.0908149946626831,0.437387164524377,0,0.142228350977519
"D7",0.325093425564427,0.201318209042005,0,0,0.473588365393569
"D7",0.318855802846919,0.344508361040118,0,0,0.336635836112963
"D7",0.323056033602285,0.175143254998416,0,0,0.501800711399299
"D7",0.350000856510068,0.359843260634374,0,0,0.290155882855558
"D7",0.00230889750144306,0.461883735373184,0,0,0.535807367125373
"D7",0.356898167125373,0.518226291228256,0,0,0.12487554164637
"D7",0.318410727879604,0.524821153973694,0,0,0.156768118146702
"D7",0.358867431342745,0.24140867324296,0,0,0.399723895414295
"D7",0,0.107775115259368,0,0,0.892224884740632
"D7",0.000927167432174136,0.418661204624862,0.384853347939991,0,0.195558280002972
"D7",0.318410727879604,0.617799073452535,0,0,0.0637901986678606
"D7",0.318410727879604,0.0425990990882676,0.338118802690638,0,0.300871370341491
"D7",0.00886895721695275,0.630678449503281,0,2.86557583746454e-05,0.360423937521392
"D7",0.0414046413267294,0.415252378804038,0,0,0.543342979869233
"D7",0.00814974278684858,0.973179112404251,0,0,0.0186711448089002
"D7",0.330034986656625,0.26861409049557,0,1.56872588083958e-05,0.401335235588997
"D7",0.39832612201173,0.116116585582977,0.00258556303156062,0.000217947059022547,0.48275378231471
"D7",0.00539113831639243,0.848735752402999,0.10166817203209,0.000203069515585885,0.044001867732932
"D7",0.00442241815016567,0.93543240892093,0.00155856651082866,0,0.0585866064180753
"D7",0.00167755626556336,0.607008748471877,0.375606227798,0.00020700411132944,0.015500463353231
"D7",0.000113093233833154,0.741560902772589,0.00155876484570301,0,0.256767239147875
"D7",0.393211212740855,0.201969241532628,0.00154433649688325,0,0.403275209229634
"D7",0.39735778064806,0.396067056449832,0.0107756467568252,0,0.195799516145283
"D7",0.397975515246813,0.223291224183241,0.334278203650892,0,0.0444550569190549
"D7",0,0.0669323968411122,0.308902166248753,1.40394226989386e-05,0.624151397487436
"D7",0.0253405200880024,0.725954396747704,0.0180458617662859,0,0.230659221398007
"D7",0.398285460866002,0.508874448893958,0.00156011434478479,0,0.0912799758952549
"D7",0.00452150934237427,0.65796143493128,0.00154433649688325,0,0.335972719229463
"D7",0.00207502349003021,0.945179013778085,0.00193060291317242,0,0.0508153598187119
"D7",0.0176142592317221,0.838972994379555,0.00258782543283144,0,0.140824920955891
"D7",0.397937952372501,0.212647501826588,0.00154433649688325,0,0.387870209304028
"D7",0.00513430532276473,0.935077747852572,0.00154433649688325,1.40394226989386e-05,0.0582295709050813
"D7",0.000492721795196666,0.932814437345562,0.00154433649688325,0,0.0651485043623578
"D7",0.393216150951873,0.107125319067867,0.360793193294047,7.51811866598502e-05,0.138790155499553
"D7",0.397879207507774,0.238721482356149,0.00154433649688325,0,0.361854973639194
"D7",0.00452145765879616,0.933723326607761,0.00155913946932011,0,0.0601960762641226
"D7",0.00511034986241366,0.797572856201877,0.00154433649688325,0,0.195772457438826
"D7",0.397639517395861,0.492238043548254,0.00154433649688325,0.000253454696584075,0.108324647862418
"D7",0.000447377250866793,0.967742698311533,0.00154433649688325,1.40394226989386e-05,0.0302515485180183
"D7",0.0324389029545036,0.832198229078335,0.00155824508961184,0,0.133804622877549
"D7",0.00116161165862262,0.586262407013232,0.00155832838159012,0,0.411017652946555
"D7",0.00203685049300527,0.973144992512586,0.00154433649688325,4.31413376049394e-05,0.0232306791599208
"D7",0.39735778064806,0.100717083050529,0.00154433649688325,0,0.500380799804528
"D7",0.00442241815016567,0.495885437488803,0.469399825131186,0,0.0302923192298453
"D7",0.000687931712247992,0.524567309373433,0.358350842884743,0,0.116393916029576
"D7",0.000189322226429383,0.357170132111536,0.189395674859392,0.000140394226989386,0.453104476575654
"D7",0.398045712360308,0.0745678199211487,0.00155768264251639,2.66922912662823e-05,0.525802092784761
"D7",0.066749539058914,0.868855033840396,0.00154433649688325,0,0.0628510906038071
"D7",0.398326500814286,0.540059346893214,0.00154433649688325,1.62163915285571e-05,0.0600535994040877
"D7",0.0863366646259229,0.735674635397381,0.00154433649688325,2.83977963310047e-05,0.176415965683482
"D7",0.000141548052942922,0.822548595902519,0.00157299225525789,0,0.17573686378928
"D7",0.0136104378211275,0.942967764663541,0.00154433649688325,0,0.0418774610184479
"D7",0.392935362497894,0.160747548765782,0.367235064098459,0,0.0790820246378649
"D7",0,0.834693085023017,0.00157571101450004,0,0.163731203962483
"D7",0.000316895032293113,0.216981332614069,0.0812049408557578,9.05414377980322e-05,0.701406290060082
"D7",0.00261832256595611,0.707986384586601,0.00147798325834693,0,0.287917309589096
"D7",0.000316895032293113,0.711416082164658,0.0176134061267231,0,0.270653616676326
"D7",0.300903214636117,0.298709895726453,0.0189972879163273,1.44283488197611e-05,0.381375173372283
"D7",0.0245425222750934,0.422444652419739,0.00252094758797615,0,0.550491877717191
"D7",0,0.12380606256637,0.213416219910282,0,0.662777717523348
"D7",0,0.561034615816042,0.00313459456930269,0,0.435830789614655
"D7",0.00326486999881277,0.0873830934609289,0.309655294997935,0.000104132148691536,0.599592609393631
"D7",0.0198591335456338,0.483497660738863,0.018488271911037,1.50902396330054e-05,0.478139843564833
"D7",0.00219445893257711,0.421486160321715,0.00105700438257892,0,0.575262376363129
"D7",0,0.519530411805407,0.00250497977907889,7.07794230061437e-05,0.477893828992508
"D7",0.0234165124470181,0.430076361747422,0.00286316734997018,1.49244821204704e-05,0.543629033973469
"D7",0.0134656623090753,0.388829851716839,0.00223076933493837,0,0.595473716639147
"D7",0.000316895032293113,0.469635616965744,0.00250497977907889,0,0.527542508222884
"D7",0.0120349227669577,0.776279067561425,0.018464478021821,1.34318334452653e-05,0.193208099816351
"D7",0.00106991018385562,0.63428595423982,0.0226708835654513,0,0.341973252010873
"D7",0.0414560403725632,0.490862622791272,0.00105626277200934,0.000165776626758918,0.466459297437397
"D7",0.000364325269600699,0.292791602321668,0.00250497977907889,0,0.704339092629653
"D7",0.00515143440802913,0.985715893325594,0.00105602950711424,0,0.00807664275926305
"D7",0,0.170942050585231,0.00250497977907889,0,0.82655296963569
"D7",0,0.154322216830974,0.470483808043868,0.000260810415122542,0.374933164710035
"D7",0.00131417067442121,0.920348369245178,0.00250497977907889,0.000132483055066794,0.0756999972462549
"D7",0.0275111964171465,0.295939229233729,0,0,0.676549574349125
"D7",0,0.379976626956498,0.00251897166378576,0,0.617504401379716
"D7",0.0300331761829928,0.936560529820606,0.0191139407932178,0.000102395984351008,0.0141899572188325
"D7",0,0.743476869472801,0.00146375324440152,0,0.255059377282797
"D7",0.000181082875596064,0.639081933671907,0.00146375324440152,9.05414377980322e-05,0.359182688770297
"D7",0,0.501903691462694,0,0,0.498096308537306
"D7",0.0297235895494131,0.716829873207124,0,0.000236173919666788,0.253210363323796
"D7",0,0.69106289644747,0,0,0.308937103552531
"D7",0.0664279804866916,0.157991004648445,0.00104122653467737,0,0.774539788330186
"D7",0.000316895032293113,0.514545165964749,0.00250497977907889,0,0.482632959223879
"D7",0.0806923382745499,0.171043343539227,0.2586039537734,0,0.489660364412823
"D7",0.00993883951000476,0.390177169263871,0.0189158283479356,0,0.580968162878189
"D7",0.376314980143112,0.0889075962474194,0.00146375324440152,0.000160105687338908,0.533153564677728
"D7",0.00814974278684858,0.713414820211085,0,0.000301337336120369,0.278134099665946
"D7",0.00067455212876102,0.172385431598873,0.0207781066529107,0,0.806161909619455
"D7",0.012693172439309,0.788186091596896,0.0995224568541431,2.99410161980898e-05,0.0995683380934539
"D7",0,0.839892067605208,0.0969283181137481,1.49705080990449e-05,0.0631646437729448
"D7",0.0425636290182951,0.670445484443318,0.0785053444713914,2.99410161980898e-05,0.208455601050797
"D7",0.104621083894868,0.441344585911706,0.373128148514118,0,0.0809061816793076
"D7",0.164537115728394,0.439115184419519,0.0120008542582653,0,0.384346845593821
"D7",0,0.367630814516512,0.374183833321998,0,0.258185352161491
"D7",0.01231746408643,0.264747550525038,0.310114356090934,0,0.412820629297598
"D7",0.0462023697894468,0.525661854509076,0.21054221738286,0,0.217593558318618
"D7",0.0627011675607447,0.838847766051084,0.0027695439983233,0,0.0956815223898475
"D7",0.067707596047677,0.309040494746738,0.305555095475531,0,0.317696813730053
"D7",0.19479434063638,0.746929601607048,0.0027695439983233,2.98949902195153e-05,0.0554766187680295
"D7",0.00806681990148499,0.112211309065033,0.0785053444713914,3.03159336276948e-05,0.801186210628463
"D7",0.000104784144661996,0.463843774468088,0.0996287192979606,0,0.436422722089289
"D7",0.0120349227669577,0.84873472663822,0.0027695439983233,0,0.136460806596499
"D7",0.00353351915983895,0.748452623675561,0.175257952830474,0,0.0727559043341261
"D7",0.0411391453402701,0.404913158595985,0.400219471439418,0,0.153728224624327
"D7",0.113611192072282,0.551418450624581,0.0027695439983233,0,0.332200813304814
"D7",0.00682417029339491,0.764783735752797,0.175866325114106,2.99410161980898e-05,0.0524958278235042
"D7",0.033565128390379,0.371254668671182,0.0027695439983233,0,0.592410658940116
"D7",0.436926896707389,0.182868591664253,0.0785758802612511,0,0.301628631367107
"D7",0.019139358013645,0.843781750064218,0.0785053444713914,4.19416172687619e-05,0.0585316058334771
"D7",0.00349105677487552,0.751283070490165,0.127005193243399,0,0.118220679491561
"D7",0.0293689659997202,0.505097306145148,0.0785053444713914,0,0.387028383383741
"D7",0.034864094057389,0.73417349879407,0.175244348256773,2.99410161980898e-05,0.0556881178755693
"D7",0.0161210521975757,0.216391700022433,0.104730246517025,0,0.662757001262967
"D7",0,0.771818666357373,0.0997805073007596,0,0.128400826341868
"D7",0,0.818266023822327,0.0785053444713914,0,0.103228631706282
"D7",0.0378061922931291,0.487096243951101,0.0027695439983233,0.000145632481868756,0.472182387275578
"D7",0.00281603672859278,0.286042346992824,0.00278289014395644,0,0.708358726134627
"D7",0.0633469317890052,0.801543082057995,0.0027695439983233,0,0.132340442154676
"D7",0.0600817306133039,0.277683519364753,0.117526624206008,0,0.544708125815935
"D7",0,0.233132456356939,0.445068443484618,1.49705080990449e-05,0.321784129650345
"D7",0.00909222958061497,0.506189568735452,0.0785053444713914,0,0.406212857212541
"D7",0.0414046413267294,0.866736803359644,0,0,0.0918585553136264
"D7",0.00814974278684858,0.219030868839471,0.406617290793545,0,0.366202097580136
"D7",0.1464876227528,0.497576656927528,0.0027695439983233,0,0.353166176321349
"D7",0.376556336748986,0.565577468389706,0,0,0.0578661948613078
"D7",0.0168177030124853,0.433040203313433,0,0,0.550142093674082
"D7",0.281222557671686,0.2748941328635,0,0,0.443883309464814
"D7",0.000412670404416996,0.541372814112453,0.00923131025994198,0,0.448983205223188
"D7",0.332663257090926,0.582279784645408,0.0003148073951119,0,0.0847421508685545
"D7",0.000534251454351181,0.600937112728177,0.309377912682222,1.42300139454137e-05,0.0891364931213045
"D7",0.00280331274724649,0.441823229955907,0.0324425764715018,2.13110561759441e-05,0.522909569769169
"D7",0.040910061974158,0.926597518887279,0,0,0.0324924191385632
"D7",0.264446080235554,0.602973623142853,0,1.41558846012287e-05,0.132566140736992
"D7",0.005551907348815,0.891707110355268,0,1.42300139454137e-05,0.102726752281972
"D7",0.00280331274724649,0.925526671953683,0,0,0.0716700152990709
"D7",0.000597660585707374,0.806748052479746,0,0,0.192654286934547
"D7",0.000412670404416996,0.958013917049206,0,0,0.0415734125463768
"D7",0.000412670404416996,0.927106372743371,0,0,0.0724809568522122
"D7",0.0417368059259774,0.520346244512742,0,0,0.437916949561281
"D7",0.000364325269600699,0.958746029936018,0,0,0.0408896447943818
"D7",0,0.961856742735071,0,0,0.0381432572649289
"D7",0.00261832256595611,0.258695505993675,0,0,0.738686171440369
"D7",0.000126964421747595,0.97123211431121,0,0,0.028640921267042
"D7",0,0.962076334836821,0,2.79610781791746e-05,0.0378957040849995
"D7",0.000412670404416996,0.918937172090043,0,0,0.0806501575055401
"D7",0,0.346372593834956,0,0,0.653627406165044
"D7",0.0314353116942139,0.906339662867721,0,1.45509574530004e-05,0.0622104744806122
"D7",0,0.885844601768896,0,0,0.114155398231104
"D7",0.0104732902638245,0.954779407886324,0,0,0.034747301849852
"D7",0.00261832256595611,0.594030531143674,0,0,0.40335114629037
"D7",0.0253740777967218,0.85138722028497,0,0,0.123238701918308
"D7",0.00261832256595611,0.902437918700232,0,0,0.0949437587338116
"D7",0.000412670404416996,0.839163392063176,0.0663566258145902,0,0.0940673117178173
"D7",0.00280331274724649,0.700426114266974,0,0,0.296770572985779
"D7",0.00261832256595611,0.495688210002594,0.339897144874064,0,0.161796322557386
"D7",0.00928162762136974,0.758735587076937,0,1.43278791873227e-05,0.231968457422506
"D7",0.0419880718984913,0.857422035540165,0,0,0.100589892561344
"D7",0.374056709769212,0.56809237638413,0,0,0.0578509138466578
"D7",0.000412670404416996,0.5341554493331,0,0,0.465431880262483
"D7",0.412247858652862,0.477756024172721,0,0,0.109996117174417
"D7",0.633549274760211,0.188902547386321,0,0,0.177548177853469
"D7",0.00334085514169329,0.232489836765158,0.373767676875168,0,0.390401631217981
"D7",0.332250586686509,0.196451572792228,0.374268163375559,0,0.0970296771457041
"D7",0.00326486999881277,0.251004311846399,0.680873408662787,0,0.0648574094920019
"D7",0.000831131190861819,0.723896449976005,0.0128718779302702,0,0.262400540902863
"D7",0.0758914484064374,0.19711888837627,0.373784579697543,0,0.35320508351975
"D7",0.265125562696413,0.236451049383933,0.373767179886341,0,0.124656208033313
"D7",0.392781738705339,0.364619583741788,0,0,0.242598677552873
"D7",0,0.251464150434334,0.373768369427268,0,0.374767480138398
"D7",0.000104784144661996,0.4546347957929,0.373767993165263,0,0.171492426897175
"D7",0.385787946768697,0.478282858625234,0,0,0.135929194606069
"D7",0.00682771630486809,0.836237601742393,0,0,0.156934681952739
"D7",0.000255616034643491,0.471353865858389,0.373768060239072,0.00016887310176475,0.154453584766131
"D7",0.0014573010784028,0.904794441719242,0,0,0.0937482572023548
"D7",0.0189478047191876,0.244167940901657,0.37379743291905,0,0.363086821460105
"D7",0.37443034722038,0.134441427662895,0,0,0.491128225116725
"D7",0.0125553705950399,0.13231245457618,0.800301008228599,0,0.054831166600181
"D7",0.0163991723520859,0.563742137019367,0.373767004540829,0,0.0460916860877176
"D7",0,0.972050566657255,0,0,0.0279494333427455
"D7",0.00464530572268085,0.889547808064902,0,0,0.105806886212417
"D7",0.375615546555724,0.556588537078704,0,0,0.0677959163655723
"D7",0.0175228828234518,0.915896451950106,0,0,0.0665806652264423
"D7",0.00135377851647321,0.936314191284193,0,0,0.062332030199334
"D7",0,0.857699711052551,0,0,0.142300288947449
"D7",0.0129321643899455,0.740067742614121,0,0,0.247000092995933
"D7",0.00116111467008328,0.538850207667463,0.373806408584272,0,0.0861822690781819
"D7",0.00891507146321285,0.481924352159183,0.440342077431227,0,0.0688184989463775
"D7",0.00244867512081212,0.336815368019252,0.373769240393268,0,0.286966716466668
"D7",0,0.213942403516768,0.634767076772714,0,0.151290519710518
"D7",0.37375302400174,0.425390816262755,0,0,0.200856159735505
"D7",0.37397562960027,0.546246294185794,0,0,0.079778076213936
"D7",0.739247320579686,0.228215992970704,0,0,0.0325366864496093
"D7",0.0120321275060396,0.177810037128031,0.373815773036973,0,0.436342062328957
"D7",0.557776570278723,0.207175508757366,0,0,0.235047920963911
"D7",0.30071564610146,0.237596913890902,0.00924573860876174,0,0.452441701398876
"D7",0.634192642437649,0.124159027779124,0.0003148073951119,2.88566976395221e-05,0.241304665690475
"D7",0.00833339665613535,0.0858404874795541,0.385907006056056,1.48403181764217e-05,0.519904269490078
"D7",0.0618173005552406,0.607279382035407,0.0162603358622453,5.70504611716492e-05,0.314585931085936
"D7",0.34951191659593,0.212455073381699,0.312280664739572,0,0.125752345282799
"D7",0.272814522551015,0.467621733381346,0,1.41558846012287e-05,0.259549588183038
"D7",0.0069787341797604,0.469904050093587,0.000387044268530812,0,0.522730171458122
"D7",0.0586792546236444,0.714118048852357,0.000751925850903846,0,0.226450770673095
"D7",0.309228912719823,0.211915674809909,0,0,0.478855412470269
"D7",0.00895944298705309,0.428828436292958,0,0,0.562212120719989
"D7",0.00803659029260691,0.412606680754247,0,0,0.579356728953146
"D7",0.300831072892018,0.46463002731024,0,0,0.234538899797742
"D7",0.301079971371061,0.207540905230988,0,0,0.491379123397951
"D7",0.0164050326080683,0.841049098864973,0,0,0.142545868526958
"D7",0.0337911929358804,0.711394851611762,0,0,0.254813955452358
"D7",0.300842610523208,0.0793104010026456,0.426342377986733,2.82143159439099e-05,0.19347639617147
"D7",0,0.485947134394371,0,5.68177758186967e-05,0.51399604782981
"D7",0.0439162290252148,0.589634895515612,0,0,0.366448875459173
"D7",0.00803659029260691,0.435504916988281,0,0,0.556458492719112
"D7",0.00129503521331704,0.665694631300841,0,1.45509574530004e-05,0.332995782528389
"D7",0.292679055808853,0.104794106403446,0,0,0.602526837787701
"D7",0.0166935995844636,0.795117753868981,0,0,0.188188646546556
"D7",0.025422750620419,0.773005536933129,0,0,0.201571712446452
"D7",0.00413596248507267,0.0944897498342255,0.266860841600153,0,0.634513446080549
"D7",0.300903214636117,0.0876815179019792,0,0,0.611415267461904
"D7",0.0743789860932517,0.704651001971668,0,0,0.22097001193508
"D7",0.309387083742137,0.56039223702816,0,0,0.130220679229703
"D7",0.119071746135114,0.429459107712492,0.258638234492072,0,0.192830911660321
"D7",0,0.642049947798873,0,1.43278791873227e-05,0.357935724321939
"D7",0,0.747025718221428,0,0,0.252974281778572
"D7",0.675040092157101,0.239782734689921,0,0,0.0851771731529781
"D7",0.00803659029260691,0.499087577711617,0,1.56872588083958e-05,0.492860144736967
"D7",0.280872443567389,0.31570210657875,0,0,0.40342544985386
"D7",0.0247820394085524,0.829668559725006,0.0003148073951119,0,0.14523459347133
"D7",0.0141802692790212,0.480756522975053,0,0,0.505063207745926
"D7",0.0440847607884341,0.450683995270632,0.0157861493790959,2.13110561759441e-05,0.489423783505662
"D7",0.0510493067496911,0.504137097037428,0.313062907211249,0,0.131750689001632
"D7",0.0245425222750934,0.787180201250052,0,1.41558846012287e-05,0.188263120590254
"D7",0.0057832079860176,0.609019777229934,0.00035818757089129,0,0.384838827213157
"D7",0.039887385698449,0.237980093041491,0.000751925850903846,0,0.721380595409156
"D7",0.280809887267269,0.326908390323572,0,0,0.392281722409158
"D7",0.0365774450420511,0.531112723358172,0,0,0.432309831599777
"D7",0,0.455462508027548,0,0,0.544537491972452
"D7",0,0.85403829728544,0,0,0.14596170271456
"D7",0.28125126198513,0.310576477646189,0,0,0.408172260368681
"D7",0.28327067520117,0.201605560939095,0,0,0.515123763859735
"D7",0.0245425222750934,0.25894135842924,0.273193438541943,0,0.443322680753724
"D7",0.291968649223086,0.151312455542663,0.42712462045841,0,0.129594274775841
"D7",0.26301194664278,0.256375708477536,0,2.79610781791746e-05,0.480584383801505
"D7",0.308321083684416,0.419930742164063,0,0,0.271748174151522
"D7",0.260912670714857,0.285750612870512,0,0,0.453336716414632
"D7",0.258697374886827,0.514698886688229,0,0,0.226603738424944
"D7",0.0253533850881002,0.447282636413945,0,0,0.527363978497955
"D7",0.360888448887044,0.54860797506473,0,0,0.0905035760482264
"D7",0.256267364992176,0.62124900810928,0,0,0.122483626898544
"D7",0.282934657410793,0.294620076973666,0,0,0.422445265615541
"D7",0.0245425222750934,0.174825006981953,0,0,0.800632470742954
"D7",0.0664279804866916,0.552805475693254,0,0,0.380766543820055
"D7",0.280809887267269,0.453742273188254,0,0,0.265447839544477
"D7",0.365031111308114,0.437044607172865,0,0,0.197924281519021
"D7",0,0.711946239377661,0,0,0.288053760622339
"D7",0.334729255940787,0.18172801841738,0,0,0.483542725641833
"D7",0,0.886924278257359,0,0,0.113075721742641
"D7",0.267891623769197,0.327791051131297,0,1.56872588083958e-05,0.404301637840698
"D7",0.332250586686509,0.44365262432376,0,0,0.224096788989731
"D7",0.000534251454351181,0.254065511753266,0.31595063144073,1.48403181764217e-05,0.429434765033477
"D7",0.0195422385133407,0.420054721980831,0.0221031881902122,2.13110561759441e-05,0.53827854025944
"D7",0.0403124013884506,0.769696133066475,0,0,0.189991465545074
"D7",0.264446080235554,0.297966252936964,0.00923131025994198,0,0.42835635656754
"D7",0.00889276249050828,0.660704445475708,0.00923131025994198,0,0.321171481773842
"D7",0.0151568327987537,0.318314563494004,0.000751925850903846,0,0.665776677856339
"D7",0,0.379851845525855,0,0,0.620148154474145
"D7",0.000591000671591672,0.579351904097111,0,0,0.420057095231298
"D7",0,0.52616025469723,0,0,0.47383974530277
"D7",0.0411391453402701,0.592291561954525,0.00923131025994198,0,0.357337982445263
"D7",0.000364325269600699,0.593983532305631,0,0,0.405652142424768
"D7",0,0.750503788884631,0,0,0.249496211115369
"D7",0,0.362401111156341,0.00923131025994198,0,0.628367578583717
"D7",0.000126964421747595,0.844366145539853,0,0,0.155506890038399
"D7",0,0.292228819160018,0.186631631855524,0,0.521139548984458
"D7",0.0275111964171465,0.350640952487495,0,0,0.621847851095359
"D7",0,0.544826516928829,0.00923131025994198,0,0.445942172811229
"D7",0.0310226412897969,0.493903182941327,0.00937681983447198,0,0.465697355934404
"D7",0,0.109817453148743,0.00923131025994198,0,0.880951236591315
"D7",0,0.384380111872785,0.469105610705238,0,0.146514277421976
"D7",0.164537115728394,0.248762269671469,0.356512291961911,0,0.230188322638226
"D7",0.0247720851658754,0.247105349885254,0.195966632980066,0,0.532155931968805
"D7",0,0.25854202132143,0,0,0.74145797867857
"D7",0.0664279804866916,0.292020529365825,0,0,0.641551490147483
"D7",0,0.390971913731679,0,0,0.609028086268321
"D7",0.248570309144638,0.264022353385759,0.257690229437533,0,0.22971710803207
"D7",0.00886895721695275,0.312863504011774,0.186747296909316,0,0.491520241861957
"D7",0.376133897267516,0.058920884704373,0,0,0.564945218028111
"D7",0.373644039364795,0.224760369395432,0,0,0.401595591239772
"D7",0,0.760947210561407,0.00924699751875037,0,0.229805791919843
"D7",0,0.112025349611258,0.638969751865667,2.96806363528434e-05,0.248975217886722
"D7",0.0195422385133407,0.399961886741638,0.349048903822749,0,0.231446970922273
"D7",0.000867781634585043,0.927297309652515,0.0003148073951119,0,0.0715201013177876
"D7",0.0064550833781603,0.915898624783238,0.0003148073951119,0,0.0773314844434898
"D7",0.005551907348815,0.9433861566774,0.0003148073951119,0,0.0507471285786736
"D7",0.0118159776570604,0.0214048453632133,0.00106673324601575,0,0.965712443733711
"D7",0.332250586686509,0.264815279562508,0.0003148073951119,0,0.402619326355871
"D7",0,0.890835909638842,0.0003148073951119,0,0.108849282966047
"D7",0,0.860475145304804,0.0003148073951119,0,0.139210047300084
"D7",0.0411391453402701,0.751830699978477,0.00257119658376688,0,0.204458958097486
"D7",0.334159651099217,0.327165297413121,0.0003148073951119,0,0.338360244092551
"D7",0.332250586686509,0.594154488351649,0.0003148073951119,0,0.0732801175667305
"D7",0,0.191085219538436,0.391868804780318,0,0.417045975681247
"D7",0.332377551108257,0.504687816830187,0.0003148073951119,0,0.162619824666445
"D7",0.332250586686509,0.587108818018536,0.0003148073951119,0,0.0803257878998435
"D7",0.36020685807097,0.434131984534677,0.0003148073951119,0,0.205346349999241
"D7",0.332250586686509,0.275651354828246,0,0,0.392098058485245
"D7",0.362283762869502,0.585366541258418,0.0003148073951119,0,0.0520348884769679
"D7",0,0.498850703366728,0,0,0.501149296633272
"D7",0.332250586686509,0.0967887524391142,0.469606097205629,0,0.101354563668747
"D7",0.332250586686509,0.192365674700997,0.357012778462302,0,0.118370960150192
"D7",0.357211994078814,0.538518711985085,0,0,0.104269293936101
"D7",0,0.114015193238133,0,0,0.885984806761867
"D7",0.0664279804866916,0.264537722686065,0.332650978767668,0,0.336383318059576
"D7",0.332250586686509,0.376253969764942,0.0003148073951119,0,0.291180636153437
"D7",0.412942924961059,0.0544433234323183,0.257411824842392,0,0.27520192676423
"D7",0.00886895721695275,0.738028828132496,0.0003148073951119,0,0.25278740725544
"D7",0.376133897267516,0.203051775624145,0.332431453735315,0,0.0883828733730236
"D7",0.00814974278684858,0.858196937652031,0,0,0.133653319561121
"D7",0.332250586686509,0.495615443936503,0.0003148073951119,0,0.171819161981876
"D7",0.0233413599665047,0.250924800658005,0.326054447175415,3.61513743523658e-05,0.399643240825723
"D7",0.00118114321831458,0.298400478756438,0.61898532628301,1.48403181764217e-05,0.081418211424061
"D7",0.00326486999881277,0.0984214892909565,0.642696522929207,0,0.255617117781024
"D7",0.0014758404510456,0.187168958844809,0.309322054079633,8.92102369466277e-05,0.501943936387566
"D7",0.0159312917580993,0.331360097074473,0.615525577053131,0,0.0371830341142965
"D7",0.00379912145316396,0.487645654155218,0.306690015433931,0,0.201865208957687
"D7",0.000844489651324881,0.563626595428887,0.306703447267376,0,0.128825467652412
"D7",0,0.54304994293165,0.306984534139661,5.70736149075645e-05,0.149908449313781
"D7",0.00326486999881277,0.106956800824095,0.668371276378827,8.92378282140786e-05,0.221317814970051
"D7",0.000534251454351181,0.236896845091093,0.306690015433931,0,0.455878888020625
"D7",0.000534251454351181,0.352530938432074,0.307164830924097,0,0.339769979189478
"D7",0.00418792805041344,0.194548713996881,0,0,0.801263357952706
"D7",0.000661215876098776,0.0854451113495581,0.732763198425369,0,0.181130474348975
"D7",0.00298106986872919,0.559579366127835,0.306703995973021,0,0.130735568030415
"D7",0.0280454478714977,0.179852829948816,0,0,0.792101722179686
"D7",0,0.143620354237045,0.307413797290697,0.000101336926826297,0.548864511545431
"D7",0.00129503521331704,0.086612121151061,0.306985953715289,0.000176058293053111,0.60493083162728
"D7",0.00445325719191572,0.129904093094609,0.306717502308948,0,0.558925147404527
"D7",0.01231746408643,0.0429131357678955,0.776224746240545,0,0.16854465390513
"D7",0.00379912145316396,0.0814245766031153,0.663870309158529,0,0.250905992785191
"D7",0.00335224948793403,0.441743937870289,0,0.000117614265453189,0.554786198376324
"D7",0.00379912145316396,0.0909893197497299,0.306703361579564,0,0.598508197217542
"D7",0.0701415172538087,0.125873679543603,0.306704279548272,0,0.497280523654316
"D7",0.00379912145316396,0.423612338752938,0.306706231825459,0,0.265882307968439
"D7",0.0844914597277139,0.0920183726830771,0.564353484265311,0,0.259136683323898
"D7",0.0110427157540205,0.0563604172277059,0.423877739307043,0.000263026215262799,0.508456101495968
"D7",0.00326486999881277,0.111191369279927,0.306745666833564,0,0.578798093887697
"D7",0.00326486999881277,0.221495597440872,0.672213131305675,0,0.103026401254641
"D7",0,0.223373199227751,0.530992850502465,7.50485315140826e-05,0.24555890173827
"D7",0.0466959147519018,0.365411354224077,0.330416626911583,2.13110561759441e-05,0.257454793056262
"D7",0.0202007188351202,0.448686473766395,0.28049330553604,4.96228253784015e-05,0.250569879037067
"D7",0.0437898821512206,0.456802092196878,0.0167229948079799,8.10089846578258e-05,0.482604021859263
"D7",0.000831131190861819,0.747323982651724,0.0165647295334544,2.13110561759441e-05,0.235258845567784
"D7",0.000270701837634471,0.495891524154131,0.0171473446143277,8.11877102685134e-05,0.486609241683639
"D7",0.0315771612802984,0.430181074992075,0.0157701815701986,1.34318334452653e-05,0.522458150323982
"D7",0.00361153009394383,0.392813476359975,0.0353405756146934,0,0.568234417931387
"D7",0.0606813838536108,0.33781507970053,0.378234068613072,9.02174239918203e-05,0.223179250408795
"D7",0.0209995395917435,0.484112563520426,0.0158576196349028,0,0.479030277252928
"D7",0.00682417029339491,0.38457620419922,0.31918412330315,3.61140286128094e-05,0.289379388175622
"D7",0,0.681662557435186,0.0582962546360545,2.13110561759441e-05,0.260019876872584
"D7",0.0307010004691571,0.2405723766916,0.447418965272588,2.82143159439099e-05,0.281279443250711
"D7",0.026260227793429,0.420970397238755,0.0202114786129906,0,0.532557896354826
"D7",0,0.627474760551856,0.0128718779302702,0,0.359653361517874
"D7",0.0241875442360216,0.415303550247224,0.0163302952857797,6.32867102965541e-05,0.544115323520678
"D7",0.0315901286304639,0.638042518326851,0.0162603358622453,2.13110561759441e-05,0.314085706124264
"D7",0.00230889750144306,0.294796331546504,0.0406861041493979,2.13110561759441e-05,0.662187355746479
"D7",0.0450089506435939,0.73907798687515,0.0133620322223169,0,0.202551030258939
"D7",0,0.753715751428941,0.0128718779302702,0,0.233412370640789
"D7",0.0610038061013756,0.19665992355957,0.204147548529117,0.000196070034418451,0.53799265177552
"D7",0.0207356576591936,0.25851195916585,0.0133753783679501,0,0.707377004807006
"D7",0.000927167432174136,0.684171026592334,0.102373196005689,3.55751705170846e-05,0.212493034799286
"D7",0,0.688290572068648,0.0538676345383986,2.13110561759441e-05,0.257820482336778
"D7",0.000831131190861819,0.518103065017175,0.272904962682304,0,0.20816084110966
"D7",0.0284111957302935,0.456937689178295,0.0162603358622453,7.12778707265335e-05,0.49831950135844
"D7",0.0414046413267294,0.630317286414414,0.0485157146463976,0,0.279762357612459
"D7",0.0276919813001893,0.387207960597988,0.379147351506172,3.52900317966106e-05,0.205917416563855
"D7",0.0315743660193803,0.488271853083663,0.019021293412523,3.69983149843399e-05,0.461095489169449
"D7",0.00181106340497098,0.608651728689915,0,1.41558846012287e-05,0.389523052020513
"D7",0.0143278419213924,0.948647686505588,0,0,0.0370244715730201
"D7",0.0480419164390106,0.288386087555391,0.000751925850903846,0,0.662820070154695
"D7",0.0408961817608078,0.494887424615925,0.407591124983701,0,0.0566252686395656
"D7",0.000646891763963395,0.983647501473412,0,0,0.0157056067626251
"D7",0.00311050073994673,0.937606349211765,0,3.15556958030925e-05,0.0592515943524856
"D7",0.043016709240554,0.482579687763825,0.312299509283451,0,0.16210409371217
"D7",0.0414053771972527,0.934586229042847,0,0,0.0240083937599002
"D7",0.041338245509853,0.935548834753825,0,0,0.0231129197363216
"D7",0.0271536762385611,0.208310059832141,0,0,0.764536263929298
"D7",0.0403124013884506,0.944701266885108,0,0,0.0149863317264409
"D7",0.0403124013884506,0.901209535890572,0,2.79610781791746e-05,0.0584501016427985
"D7",0.0678235978055971,0.467797568679678,0.312598358526232,0,0.151780474988492
"D7",0.0403124013884506,0.92768234121275,0,0,0.0320052573987996
"D7",0.0719025300189145,0.837945812363011,0,0,0.0901516576180741
"D7",0.00337559858872027,0.614254179902369,0,0,0.382370221508911
"D7",0.0770905648469549,0.447600027888593,0.469122513527613,0,0.0061868937368394
"D7",0.0668191858630483,0.397706825828227,0.356529194784286,0,0.178944793524438
"D7",0.0658575891531126,0.328584440695489,0.312051834648963,9.10232882652655e-05,0.29341511221417
"D7",0.001877563900284,0.607693349221016,0,0,0.3904290868787
"D7",0.0685858200551863,0.527824024346057,0.314129908335083,0,0.0894602472636734
"D7",0.0415430735247712,0.400965098917379,0.323622702567421,0,0.23386912499043
"D7",0.156583786680987,0.729978821462956,0,0,0.113437391856057
"D7",0.00886895721695275,0.461233831322911,0.311890697442909,9.03171812666068e-05,0.217916196835961
"D7",0.3780114611678,0.22479647419144,0,0,0.39719206464076
"D7",0.0353034190254096,0.571960474003111,0,0,0.39273610697148
"D7",0.0403124013884506,0.755350869527083,0.00272958303266087,1.56872588083958e-05,0.201591458792997
"D7",0.0129567774000507,0.790135654140994,0,1.41558846012287e-05,0.196893412574354
"D7",0.0125911012938736,0.19450080868494,0.000751925850903846,1.41558846012287e-05,0.792142008285682
"D7",0.265230346841075,0.247940681142516,0,0,0.486828972016409
"D7",0.0120349227669577,0.830698122404917,0,1.41558846012287e-05,0.157252798943524
"D7",0,0.820521321935197,0,0,0.179478678064803
"D7",0.0417487287308536,0.72881978330155,0.00257119658376688,0,0.22686029138383
"D7",0.264909496697363,0.276420677523329,0,0,0.458669825779307
"D7",0.266829358797889,0.409345218801298,0,1.41558846012287e-05,0.323811266516212
"D7",0.00036643750974594,0.234798600472518,0.32374949093425,0,0.441085471083486
"D7",0.264545171427763,0.123430135942271,0.425951722711725,0,0.186072969918241
"D7",0.265760250909975,0.636685604762997,0,0,0.0975541443270284
"D7",0.292056367844909,0.558573361184415,0,0,0.149370270970676
"D7",0.264446080235554,0.27197672800301,0,1.41558846012287e-05,0.463563035876835
"D7",0.293344281737213,0.671918141033645,0,1.41558846012287e-05,0.0347234213445406
"D7",0,0.432241781130015,0,1.41558846012287e-05,0.567744062985384
"D7",0.275204552532488,0.170773953278286,0.469105113716411,0,0.0849163804728156
"D7",0.264545171427763,0.186710178953373,0.356511794973084,1.41558846012287e-05,0.192218698761179
"D7",0.289218165401429,0.366949247996637,0,1.41558846012287e-05,0.343818430717333
"D7",0.0563687324820928,0.132000627154355,0,0,0.811630640363552
"D7",0.0663423958006447,0.379945009244528,0,0,0.553712594954827
"D7",0.265026471504204,0.490195431304653,0,1.41558846012287e-05,0.244763941306541
"D7",0.345138418510104,0.219649964715129,0.263866908220553,0,0.171344708554215
"D7",0.00886895721695275,0.768785391278317,0,2.84837637885514e-05,0.222317167740942
"D7",0.0414046413267294,0.648508477024096,0,0,0.310086881649174
"D7",0.00814974278684858,0.906044348059331,0,0,0.0858059091538206
"D7",0.264811854827505,0.320146633912515,0.0027437389172621,0,0.412297772342718
"D7",0.0352324901040785,0.236873164719949,0.000751925850903846,0,0.727142419325069
"D7",0.00640260282968181,0.319217211064698,0,0,0.67438018610562
"D7",0.005551907348815,0.932540343310799,0,0,0.061907749340386
"D7",0.00445830675042583,0.911413236354059,0,1.49244821204704e-05,0.0841135324133943
"D7",0.0011063115155103,0.186545742333526,0.359095196451686,0,0.453252749699278
"D7",0.00709664649192196,0.50927680753226,0,1.49244821204704e-05,0.483611621493697
"D7",0.0176755417746077,0.896898610607376,0,0,0.0854258476180162
"D7",0.024093835665658,0.275443213449401,0,0,0.700462950884941
"D7",0.00720244483153373,0.800067841862517,0,0,0.192729713305949
"D7",0.00980507761695511,0.886639963489252,0,7.17905815097027e-05,0.103483168312283
"D7",0.0335081787332763,0.726871167750317,0,0,0.239620653516407
"D7",0.00116410960539669,0.528509055637826,0.00038617134030503,1.49244821204704e-05,0.469925738934352
"D7",0.00243000989465107,0.938721824161327,0.000460044273062293,0.000117154708958943,0.0582709669620003
"D7",0.0216165881516906,0.187619788752232,0,0,0.790763623096078
"D7",0.00775638134615502,0.932433399477533,0,0,0.0598102191763122
"D7",0.190406542892962,0.523662093865807,0,0,0.285931363241232
"D7",0.00229186803574774,0.501752280607187,0.188311468670708,0,0.307644382686357
"D7",0.0245776271171014,0.194065377842824,0,0,0.781356995040075
"D7",0.076345104917947,0.716532004463429,0,2.98489642409408e-05,0.207093041654383
"D7",0.0258651875678302,0.537887075977011,0.0180326273797555,0,0.418215109075403
"D7",0.274322569305533,0.327796090239683,0.257411824842392,0,0.140469515612392
"D7",0,0.613580212200313,0,2.92523613077931e-05,0.386390535438379
"D7",0.00223741068479431,0.761744270911665,0,0,0.236018318403541
"D7",0.00201480508626351,0.743933204694156,0,0,0.254051990219581
"D7",0.00116410960539669,0.70564664271506,0,1.49244821204704e-05,0.293174323197422
"D7",0.00019459912580085,0.352715015116002,0,0,0.647090385758197
"D7",0.0233807862534338,0.230422521090788,0.000751925850903846,0,0.745444766804874
"D7",0.00732043810006476,0.875915580037759,0.000766003616480893,0,0.115997978245695
"D7",0.053210739031974,0.135548989148924,0.359832618763877,0,0.451407653055225
"D7",0.0132732787354632,0.598696804384682,0.000751925850903846,0,0.387277991028951
"D7",0.0189478047191876,0.651504410373974,0.000751925850903846,0,0.328795859055934
"D7",0.000677323218639935,0.0789450578581857,0,0,0.920377618923174
"D7",0.0243713482521004,0.140704025972986,0.426033208003078,0,0.408891417771835
"D7",0.0286625272600131,0.931954883244104,0.00494007924555552,0,0.0344425102503272
"D7",0,0.255056881175533,0.0393271740742069,0,0.70561594475026
"D7",0.017454707193929,0.512551393487668,0.000751925850903846,0,0.469241973467499
"D7",0.0319102496944299,0.725860520258639,0.000751925850903846,0,0.241477304196028
"D7",0.0175228828234518,0.180672606235918,0.0170522273478331,0,0.784752283592797
"D7",0.00893441872762626,0.11417565891613,0.469106303257338,0,0.407783619098906
"D7",0,0.164689487548936,0.356512984514012,0,0.478797527937052
"D7",0.0531756025077871,0.408531864759349,0.000751925850903846,0,0.53754060688196
"D7",0.0129770923271437,0.161252519633346,0.000751925850903846,0,0.825018462188606
"D7",0.00891507146321285,0.265624053811669,0.000751925850903846,0,0.724708948874214
"D7",0.00244867512081212,0.441010884786598,0.0306005308877197,0,0.52593990920487
"D7",0,0.171892627286252,0.356933000240596,0,0.471174372473152
"D7",0.0206849348740132,0.401227237049709,0.309482543992954,0,0.268605284083324
"D7",0.0416272469252602,0.48813314648004,0.000751925850903846,0,0.469487680743796
"D7",0.019965720443909,0.115227319294606,0.365509642003475,0,0.499297318258009
"D7",0.0238481051631,0.569001263174111,0.00348150888356472,0,0.403669122779224
"D7",0.0120349227669577,0.765712316040642,0,0,0.2222527611924
"D7",0.00246360897598333,0.699655107134426,0,0,0.297881283889591
"D7",0.0411391453402701,0.687799251036024,0,0,0.271061603623706
"D7",0.0014573010784028,0.388724533203367,0,0,0.60981816571823
"D7",0.0040560144477011,0.543293517193111,0.39346031773534,0,0.0591901506238476
"D7",0,0.295293870189588,0,0,0.704706129810412
"D7",0.000231748566409591,0.395407782711175,0.521652838230862,0,0.0827076304915533
"D7",0.00131417067442121,0.361363060220317,0,0,0.637322769105262
"D7",0.000104784144661996,0.357123152975987,0,0,0.642772062879351
"D7",0,0.306464863994834,0,0,0.693535136005166
"D7",0.0315901286304639,0.808701176153342,0,0,0.159708695216194
"D7",0.00149803468843627,0.24856106801781,0,0,0.749940897293753
"D7",0.000104784144661996,0.208036724352124,0.469105926995333,0,0.322752564507881
"D7",0,0.289480103078458,0.356512608252006,0,0.354007288669536
"D7",0.0284274604607812,0.197619516966052,0,0,0.773953022573167
"D7",0,0.215117145355775,0,0,0.784882854644225
"D7",0.00111753626288298,0.541046150575551,0.066477118272353,0,0.391359194889213
"D7",0,0.815436954810981,0,0,0.184563045189019
"D7",0.000104784144661996,0.015603854526195,0.338313731406266,0,0.645977629922877
"D7",0.00886895721695275,0.456307125126063,0,0,0.534823917656984
"D7",0.376162779280948,0.227098600168199,0,0,0.396738620550853
"D7",0.373644039364795,0.212891765039617,0,0,0.413464195595588
"D7",0.000297339822074267,0.3651270316759,0,0,0.634575628502026
"D7",0.000591000671591672,0.906666239322809,0,1.34318334452653e-05,0.0927293281721541
"D7",0.0531740681072277,0.112920377599605,0.359092211154335,0,0.474813343138832
"D7",0.000591000671591672,0.432742264804427,0,0,0.566666734523981
"D7",0.000591000671591672,0.96965015297167,0,0,0.029758846356738
"D7",0.0120349227669577,0.268801705902286,7.52581354044372e-05,0,0.719088113195352
"D7",0.000591000671591672,0.96881503946963,0,0,0.0305939598587784
"D7",0.000591000671591672,0.973451917348781,0,0,0.0259570819796278
"D7",0.0281021970887382,0.85329816598438,0,0,0.118599636926882
"D7",0.000591000671591672,0.370485067351332,0,1.34318334452653e-05,0.628910500143631
"D7",0.0316136419613885,0.902772107301907,0,0,0.0656142507367045
"D7",0.0120349227669577,0.836988878374713,0,0,0.150976198858329
"D7",0.0120349227669577,0.973212255033008,0,0,0.0147528222000341
"D7",0.0120349227669577,0.581188133258584,0,0,0.406776943974459
"D7",0.0399576306305268,0.810244307535349,0,0,0.149798061834124
"D7",0.0120349227669577,0.866014993287669,0,0,0.121950083945374
"D7",0.0783773185676025,0.797451828342372,0,0,0.124170853090026
"D7",0.0120349227669577,0.665693132681644,0,0,0.322271944551398
"D7",0.0927272610415076,0.41093638386314,0.259963873196993,0,0.23637248189836
"D7",0.00945995788854442,0.725067887685516,0,0,0.26547215442594
"D7",0.0534395640936871,0.862325340474254,0,0,0.0842350954320591
"D7",0.0201846655538063,0.828920020581859,0,0,0.150895313864335
"D7",0.000591000671591672,0.557071481454784,0,1.56872588083958e-05,0.442321830614816
"D7",0.00249272297889235,0.171604470989969,0.35937505833014,0,0.466527747700999
"D7",0,0.949711018061909,0,0,0.0502889819380914
"D7",0,0.897194598030129,0,0,0.102805401969871
"D7",0.00106991018385562,0.473148343534939,0,0,0.525781746281205
"D7",0.000126964421747595,0.946496525468199,0,0,0.0533765101100532
"D7",0,0.956156594060823,0,0,0.0438434059391771
"D7",0,0.887176854571625,0,0,0.112823145428375
"D7",0,0.335752073100189,0,0,0.664247926899811
"D7",0.00243000989465107,0.96340858475468,0,1.45509574530004e-05,0.0341468543932159
"D7",0,0.841133861896258,0,0,0.158866138103742
"D7",0.000112622124616381,0.942026996007537,0,0,0.0578603818678467
"D7",0.00106991018385562,0.618962184677446,0,0,0.379967905138699
"D7",0.00375731803221391,0.886181213645036,0,0,0.110061468322751
"D7",0.00106991018385562,0.842775752223895,0,0,0.15615433759225
"D7",0,0.502088680483607,0.0663705513317988,0,0.431540768184595
"D7",0.00353351915983895,0.859510809439688,0,0,0.136955671400473
"D7",0.00436410732888476,0.504412806227441,0.339103684472913,0,0.152119401970761
"D7",0,0.726503662430942,0,0,0.273496337569058
"D7",0.000112622124616381,0.844367094112255,0,0,0.155520283763129
"D7",0,0.803708915965009,0,0,0.196291084034991
"D7",0,0.52445032093803,0,0,0.47554967906197
"D7",0.0425964464186728,0.581317018900423,0,0,0.376086534680904
"D7",0.0451951597879711,0.436142592234193,0.00257119658376688,0,0.516091051394069
"D7",0.0411391453402701,0.17452915721778,0.418368758186141,0,0.365962939255809
"D7",0.0412661097620176,0.411263391055207,0.426361222530612,0,0.121109276652164
"D7",0.00131417067442121,0.597991283980412,0,0,0.400694545345167
"D7",0.0686503417574166,0.564286030895001,0,0,0.367063627347582
"D7",0,0.541222279512009,0,0,0.458777720487991
"D7",0.00299749723531808,0.776630644844472,0,0,0.22037185792021
"D7",0.0426371800287063,0.107798037270812,0.359079090924953,0,0.490485691775528
"D7",0.0411391453402701,0.38933450369754,0.469105994069142,0,0.100420356893048
"D7",0,0.533952525942391,0.356512675325815,0,0.109534798731794
"D7",0.00413596248507267,0.473574031646542,0.187851811351653,0,0.334438194516732
"D7",0.0411391453402701,0.0715933957050457,0,0,0.887267458954684
"D7",0.0673551479188657,0.427696418353683,0.359150932173492,0,0.14579750155396
"D7",0.0411391453402701,0.575278999985398,0,0,0.383581854674332
"D7",0.122087099649463,0.438141509724755,0.26144153644736,0,0.178329854178422
"D7",0,0.366025312251056,0.361343480278229,0.000176184699115756,0.272455022771599
"D7",0.334729255940787,0.135094423629175,0.359246214536251,0,0.170930105893787
"D7",0,0.893168090342637,0,0,0.106831909657363
"D7",0.000266683399742729,0.589609435506741,0,0,0.410123881093516
"D7",0,0.979693350579853,0,0,0.0203066494201467
"D7",0.000364325269600699,0.32350657348117,0,0,0.676129101249229
"D7",0.000126964421747595,0.97912320547062,0,0,0.0207498301076322
"D7",0,0.32332760154321,0,0,0.67667239845679
"D7",0.0278755216867472,0.467656339858843,0,0,0.50446813845441
"D7",0,0.389223155553749,0,0,0.610776844446252
"D7",0.0310226412897969,0.440227324209463,0,0,0.52875003450074
"D7",0.000364325269600699,0.261547112820227,0,0,0.738088561910172
"D7",0.0835324978140484,0.625842511098018,0,0,0.290624991087934
"D7",0.0293500437190324,0.632550152001328,0,0,0.33809980427964
"D7",0.025180119705231,0.623302740862733,0,0,0.351517139432036
"D7",0.000364325269600699,0.241101241316798,0,0,0.758534433413602
"D7",0.0667923057562923,0.541719538609656,0,0,0.391488155634051
"D7",0.0014573010784028,0.914192519223088,0,0,0.084350179698509
"D7",0.110042381993582,0.446060208426748,0,0,0.44389740957967
"D7",0.00923328248655345,0.394740604291731,0,0,0.596026113221716
"D7",0.376498222537117,0.163242486546059,0,0,0.460259290916824
"D7",0.373644039364795,0.563211354256105,0,0,0.0631446063791
"D7",0.000364325269600699,0.606585675847391,0,0,0.393049998883009
"D7",0.00515143440802913,0.457069470907114,0,0,0.537779094684857
"D7",0,0.97997694182795,0,0,0.0200230581720497
"D7",0,0.974985491067145,0,0,0.0250145089328546
"D7",0,0.550745272651667,0.298467551277871,0,0.150787176070463
"D7",0,0.562243893094511,0,0,0.437756106905489
"D7",0.0310226412897969,0.913796634733034,0,1.45509574530004e-05,0.0551661730197163
"D7",0.00238327856233532,0.929543593196261,0,0,0.0680731282414033
"D7",0.00250170234183024,0.508772087972004,0.46913536674912,0,0.0195908429370449
"D7",0.00515143440802913,0.470348915546361,0.356542048005793,0,0.167957602039817
"D7",0.0308107390231165,0.691384214565669,0,0,0.277805046411214
"D7",0.00515143440802913,0.653727575511897,0,0,0.341120990080074
"D7",0.00238327856233532,0.622776889299597,0.366978024702152,0,0.00786180743591587
"D7",0.00682417029339491,0.661369524785677,0,0,0.331806304920928
"D7",0.0172750688338218,0.53110945925173,0.339140371187523,0,0.112475100726926
"D7",0.00886895721695275,0.483261164250843,0,1.43278791873227e-05,0.507855550653017
"D7",0.0439063436685596,0.618714719400435,0,0,0.337378936931005
"D7",0.376027317927131,0.250287646900629,0,0,0.37368503517224
"D7",0,0.742251358232053,0,0,0.257748641767947
"D7",0.0111587619558164,0.429545053978053,0.426105821952453,0,0.133190362113678
"D7",0.00668269768482273,0.533310847892647,0,0,0.46000645442253
"D7",0,0.650793869890188,0.0492156426677862,0,0.299990487442025
"D7",0.00464530572268085,0.502228256604216,0,0,0.493126437673103
"D7",0.0310226412897969,0.661574951165788,0,0,0.307402407544415
"D7",0.000810862813006789,0.215485084401052,0,0,0.783704052785941
"D7",0.033565128390379,0.574239830673791,0,0,0.39219504093583
"D7",0,0.547870073903008,0,0,0.452129926096992
"D7",0.0414615675880348,0.406499040054458,0,0,0.552039392357507
"D7",0,0.201964875172064,0,0,0.798035124827936
"D7",0,0.303362365853571,0,0,0.696637634146429
"D7",0,0.310830065654042,0.0397370736303952,0,0.649432860715562
"D7",0.000677323218639935,0.186877088259382,0.359853764248824,0,0.452591824273154
"D7",0.00886895721695275,0.407666141097164,0,0,0.583464901685883
"D7",0.0414046413267294,0.548374519264107,0,0,0.410220839409164
"D7",0.00814974278684858,0.0590726871148356,0.424797707276643,0,0.507979862821672
"D7",0.0120321275060396,0.570621786582337,0,1.56872588083958e-05,0.417330398652815
"D7",0.000126964421747595,0.903515392373551,0,0,0.0963576432047016
"D7",0.0276381608388941,0.176459732981375,0.426660071773393,0,0.369242034406338
"D7",0.000126964421747595,0.640566923629066,0,0,0.359306111949187
"D7",0.0310226412897969,0.94565988846998,0,0,0.0233174702402232
"D7",0.000126964421747595,0.114475404157086,0.439707253869453,0,0.445690377551713
"D7",0.000126964421747595,0.475883906289537,0.469105064989782,0,0.0548840642989337
"D7",0.437053861129137,0.0671976627627077,0.356511746246455,0,0.139236729861701
"D7",0.0251903145513605,0.311365918377969,0.426113547896124,0,0.237330219174547
"D7",0.000126964421747595,0.535171956917179,0.42593513761022,0,0.0387659410508531
"D7",0.0665549449084392,0.121875930467037,0.428191621582244,0,0.383377503042279
"D7",0.000126964421747595,0.334749320231771,0.437684415814582,0,0.2274392995319
"D7",0.519269772464658,0.00189219397211291,0.258342897268541,0,0.220495136294688
"D7",0.00899592163870034,0.320811624071141,0.42595241069007,0,0.244240043600088
"D7",0.376133897267516,0.0745425477482077,0.425964663422861,0,0.123358891561415
"D7",0.384675836898864,0.118920150554644,0.425937036100183,0,0.0704669764463092
"D7",0.000126964421747595,0.858483715727311,0,0,0.141389319850942
"D7",0.0275111964171465,0.760256956342752,0,0,0.212231847240101
"D7",0,0.320955287047482,0,2.79610781791746e-05,0.679016751874339
"D7",0.00129503521331704,0.967518264340313,0,4.2512035632175e-05,0.031144188410738
"D7",0.00131417067442121,0.860953249621427,0,0,0.137732579704152
"D7",0.00131417067442121,0.510662856684242,0.469104938370899,0,0.018918034270437
"D7",0.0133514148305559,0.251564165526998,0.356511619627572,0,0.378572800014874
"D7",0.00801789067919963,0.941003470037154,0,0.000215535177316692,0.0507631041063301
"D7",0.00710211385751035,0.86363196182782,0,0,0.129265924314669
"D7",0.0676565664750659,0.842757697705642,0,2.79610781791746e-05,0.0895577747411127
"D7",0.00131417067442121,0.885468886849608,0,0,0.11321694247597
"D7",0.103760227772369,0.579266974394475,0.259369100314934,0,0.0576036975182219
"D7",0,0.828594361385176,0,0,0.171405638614824
"D7",0.00131417067442121,0.975308571481353,0,0,0.0233772578442254
"D7",0.372176994262769,0.59656362570544,0,2.79610781791746e-05,0.031231418953611
"D7",0,0.404882229180917,0.00274356357175046,0,0.592374207247333
"D7",0.0275111964171465,0.402318433772347,0,0,0.570170369810507
"D7",0.0310226412897969,0.839566700974529,0,0,0.129410657735674
"D7",0,0.329921587765217,0.0327474461079192,0,0.637330966126864
"D7",0,0.92762301228572,0,0,0.0723769877142798
"D7",0,0.723782699401525,0,0,0.276217300598475
"D7",0.0562299218416652,0.610334896477991,0,0,0.333435181680343
"D7",0.031002253192022,0.18913423959799,0,0,0.779863507209988
"D7",0,0.495358653841285,0.0938535922177913,0,0.410787753940924
"D7",0,0.605667868866545,0.045543823796902,0,0.348788307336553
"D7",0,0.650336363757139,0,0,0.349663636242861
"D7",0.0363801536340993,0.697085747794605,0,0,0.266534098571296
"D7",0.0414046413267294,0.792420167522308,0.0407144909800048,0,0.125460700170958
"D7",0.401155235781942,0.595503182818593,0,0,0.00334158139946499
"D7",0.0275111964171465,0.320991473122815,0,0,0.651497330460039
"D7",0.00243000989465107,0.493752151137242,0,0,0.503817838968107
"D7",0,0.178989959221854,0,0,0.821010040778146
"D7",0.0247236602770393,0.626457054983171,0,0,0.34881928473979
"D7",0.00464530572268085,0.614581413853666,0,0,0.380773280423653
"D7",0.00384469752133516,0.330500919375596,0,0,0.665654383103069
"D7",0,0.146449543569662,0,0,0.853550456430338
"D7",0.0663423958006447,0.501556579111482,0,0,0.432101025087873
"D7",0,0.893669980236423,0,0,0.106330019763577
"D7",0.0853376439972307,0.279149423657446,0.259174802315458,0,0.376338130029866
"D7",0,0.38652582825857,0,0,0.61347417174143
"D7",0,0.521219995869478,0,0,0.478780004130522
"D7",0.370139602300628,0.554278921602791,0,0,0.0755814760965815
"D7",0,0.536434410789522,0.00302341261150514,1.56872588083958e-05,0.460526489340164
"D7",0.0310226412897969,0.911090565067997,0,0,0.0578867936422066
"D7",0.0310226412897969,0.93788284342187,0,0,0.0310945152883336
"D7",0.00669344042838019,0.78712330421003,0,0,0.20618325536159
"D7",0.0051397327346522,0.470436739683442,0.187865877029227,0,0.336557650552679
"D7",0.0310226412897969,0.917724134894777,0,0,0.0512532238154262
"D7",0.0034194750014551,0.884102562872552,0.0663569467580977,0,0.0461210153678949
"D7",0.0315901286304639,0.923640855674034,0,0,0.0447690156955019
"D7",0.034296606716722,0.655811491252829,0.257542783459469,0,0.0523491185709797
"D7",0.00129503521331704,0.840089859044341,0,1.43278791873227e-05,0.158600777863155
"D7",0.00129503521331704,0.945392609093125,0,0,0.0533123556935578
"D7",0.367924306472598,0.621326244494801,0,0,0.0107494490326012
"D7",0.00129503521331704,0.632915470904656,0.118859424508003,0,0.246930069374024
"D7",0,0.568245715019415,0,0,0.431754284980585
"D7",0.0146230175091394,0.480665575560987,0,0,0.504711406929874
"D7",0.0253041735193412,0.905256587480425,0,0,0.0694392390002341
"D7",0,0.135291687556956,0,0,0.864708312443044
"D7",8.55846860468434e-05,0.166899689545106,0.0715786454914174,0,0.76143608027743
"D7",0.00149803468843627,0.724978669278356,0,0,0.273523296033208
"D7",0.0298370028311481,0.00555042504689102,0.343354156245223,0,0.621258415876737
"D7",0.00886895721695275,0.377547195424003,0,1.43278791873227e-05,0.613569519479857
"D7",0.376133897267516,0.107663466418253,0,0,0.51620263631423
"D7",0.00896060559985537,0.882058744468528,0,0,0.108980649931617
"D7",0.000266683399742729,0.250403376337223,0,0,0.749329940263034
"D7",0,0.874319320901586,0,0,0.125680679098414
"D7",0.0285148399499024,0.922950868975703,0,0,0.0485342910743949
"D7",0.00281603672859278,0.0552413622262836,0.469144342414342,0,0.472798258630781
"D7",0.0256183493566884,0.389605009103295,0.469133750174833,0,0.115642891365184
"D7",0.0513573119709402,0.233648205753764,0.469107174223338,0,0.245887308051958
"D7",0.00398057467709114,0.0782540852719007,0.810292181815124,0,0.107473158235884
"D7",0.00886895721695275,0.833257456350202,0,0,0.157873586432845
"D7",0.0414046413267294,0.937683024206291,0,0,0.0209123344669795
"D7",0.373644039364795,0.542803823462348,0,0,0.0835521371728566
"D7",0.118485865779814,0.275510403656059,0.469153706867043,0,0.136850023697084
"D7",0.0168788046485888,0.441953095772371,0,0,0.54116809957904
"D7",0,0.0873754317728815,0.356551023671015,0,0.556073544556103
"D7",0,0.545046365090137,0.356540431431506,0,0.0984132034783562
"D7",0,0.219843967257087,0.356513855480011,0,0.423642177262902
"D7",0,0.0965996653405861,0.695114578691062,0,0.208285755968352
"D7",0,0.683495826773336,0,0,0.316504173226664
"D7",0,0.798144307449636,0,0,0.201855692550364
"D7",0.365494296577947,0.498347824637707,0,0,0.136157878784347
"D7",0.0120321275060396,0.440825272433148,0.356560388123716,0,0.190582211937096
"D7",0.0260682142545073,0.923248117044779,0,0,0.0506836687007136
"D7",0.0704783582857174,0.560716155974466,0,0,0.368805485739816
"D7",0.0297235895494131,0.649136399004657,0,0,0.32114001144593
"D7",0.118498530567679,0.527404372631356,0.257673963309756,0,0.0964231334912093
"D7",0.0150566308538072,0.344164137205968,0.305024498987434,1.43278791873227e-05,0.335740405073604
"D7",0.00422334197419392,0.421524415901944,0,0.000215196731409632,0.574037045392452
"D7",0.381368237101641,0.520723604366728,0,0,0.0979081585316306
"D7",0.000456005626172112,0.131653578018371,0.11836481486194,1.56872588083958e-05,0.749509914234709
"D7",0.10355747011668,0.130825440843221,0,0,0.765617089040098
"D7",0.0097460513086628,0.729496757064514,0,0,0.260757191626824
"D7",0.0818534529446332,0.00785396452338438,0.263337513503507,0,0.646955069028476
"D7",0.00886895721695275,0.340467443448216,0,0,0.650663599334832
"D7",0.376133897267516,0.0813643375266538,0,0,0.54250176520583
"D7",0.00814974278684858,0.523422590062812,0.365520988869213,0,0.102906678281127
"D7",0.0169108649954507,0.224467138438783,0,0,0.758621996565767
"D7",0.00101275211822098,0.435743461095759,0.0843750231804002,0,0.47886876360562
"D7",0.00798790403103871,0.178505588299558,0.404460823031928,0,0.409045684637476
"D7",0.0663423958006447,0.444490968711382,0.272295942745597,1.43278791873227e-05,0.216856364863189
"D7",0.000328074629846233,0.965106312058016,0,0,0.0345656133121374
"D7",0.0664279804866916,0.168715641741292,0.365579881263994,0,0.399276496508023
"D7",0.0666090792003875,0.300993428054004,0,0,0.632397492745608
"D7",0.00244867512081212,0.323077698936722,0.356428685544212,0,0.318044940398254
"D7",0.00886895721695275,0.598794196859201,0,1.43278791873227e-05,0.392322518044659
"D7",0.377155529933815,0.316458217192495,0.0312359219426137,0,0.275150330931076
"D7",0.373644039364795,0.332780455999127,0,0,0.293575504636078
"D7",0.00067455212876102,0.371351642232439,0,0,0.6279738056388
"D7",0.0895612954915026,0.652724244211453,0,0,0.257714460297045
"D7",0.0442540430858781,0.485855322202655,0.351697017477229,0,0.118193617234237
"D7",0.454336377639345,0.0435409347215645,0.259620502990458,0,0.242502184648633
"D7",0.0927244657805895,0.42715251442756,0.258556994735405,0,0.221566025056445
"D7",0,0.827857051630438,0,0,0.172142948369562
"D7",0,0.775490140691826,0,0,0.224509859308174
"D7",0,0.348900246737381,0,3.00151379957185e-05,0.651069738124624
"D7",0.334729255940787,0.21353747539859,0.365675163626753,0,0.0860581050338701
"D7",0.000266683399742729,0.475654797348561,0,0,0.524078519251696
"D7",0.377118555354968,0.210903869572727,0,0,0.411977575072305
